node_a,node_b,relation
1,3099,stronger
2,1001,equivalent
2,1492,weaker
2,1871,weaker
3,252,stronger
3,4234,incomparable
4,4136,weaker
5,414,incomparable
5,3905,weaker
5,4159,incomparable
6,684,weaker
7,133,equivalent
7,950,equivalent
8,732,stronger
8,3593,incomparable
9,1072,incomparable
9,2721,stronger
10,743,stronger
10,3511,incomparable
11,2118,stronger
12,857,equivalent
12,1413,stronger
13,422,weaker
13,4000,incomparable
14,4576,incomparable
15,2988,equivalent
15,4271,weaker
16,1913,stronger
16,3308,incomparable
18,2299,equivalent
18,3185,weaker
19,1584,stronger
19,1693,stronger
20,597,equivalent
20,2687,weaker
21,1266,weaker
22,2609,weaker
22,4633,weaker
24,933,stronger
24,3015,incomparable
25,3889,incomparable
26,1195,stronger
26,1624,stronger
27,2010,stronger
27,2234,stronger
28,1292,stronger
30,1779,equivalent
30,2247,weaker
30,2311,equivalent
31,2768,stronger
31,3273,incomparable
31,4435,incomparable
32,33,equivalent
32,3805,weaker
33,3138,equivalent
34,1175,weaker
34,1769,stronger
34,3257,incomparable
35,2536,weaker
36,4484,weaker
37,1392,equivalent
37,4133,weaker
38,183,stronger
38,645,incomparable
38,1255,incomparable
38,2523,stronger
38,3847,incomparable
39,1513,stronger
40,459,incomparable
40,2988,stronger
41,1660,incomparable
42,503,incomparable
42,2342,stronger
42,3742,stronger
43,692,incomparable
43,788,stronger
44,3035,stronger
44,3890,weaker
46,1827,stronger
46,2777,stronger
46,2976,stronger
47,2139,stronger
47,4490,incomparable
47,4631,incomparable
48,425,stronger
48,764,stronger
48,1256,incomparable
48,1475,incomparable
48,1636,incomparable
49,355,incomparable
49,1764,incomparable
49,3869,incomparable
51,4009,incomparable
52,31,incomparable
52,1891,stronger
52,1999,stronger
52,2802,stronger
52,3004,stronger
53,1886,stronger
53,2456,incomparable
54,528,incomparable
55,4460,incomparable
56,1203,stronger
56,4330,incomparable
57,1079,stronger
57,1354,stronger
57,2291,incomparable
57,4538,incomparable
58,2977,stronger
58,3624,incomparable
58,4165,incomparable
59,185,stronger
59,2137,incomparable
59,3032,stronger
60,2130,incomparable
60,2703,stronger
61,842,weaker
61,1271,weaker
61,2356,stronger
61,2726,stronger
61,2773,stronger
62,16,incomparable
63,4376,incomparable
64,2845,equivalent
64,3915,weaker
66,1330,stronger
66,1627,stronger
67,1151,equivalent
67,1815,equivalent
67,2405,equivalent
67,2771,equivalent
67,4377,weaker
68,828,weaker
68,2598,stronger
69,2213,equivalent
69,2375,equivalent
69,2757,weaker
70,576,equivalent
70,664,weaker
70,960,weaker
70,2371,equivalent
70,3012,equivalent
71,3344,weaker
72,550,stronger
73,2647,incomparable
74,2023,equivalent
74,3628,weaker
76,1875,weaker
76,2145,equivalent
76,2889,weaker
76,3348,weaker
76,3847,weaker
77,2638,weaker
78,393,incomparable
80,3313,weaker
81,3554,weaker
82,650,incomparable
82,2160,stronger
82,3461,incomparable
82,3506,incomparable
83,332,weaker
83,4416,weaker
84,1135,equivalent
85,2317,equivalent
85,3357,weaker
85,3762,weaker
85,4691,weaker
86,2218,stronger
86,2369,stronger
87,1218,equivalent
88,678,equivalent
88,1247,weaker
88,3181,equivalent
88,3942,weaker
88,3959,weaker
89,1011,equivalent
89,1668,weaker
89,1789,weaker
89,3775,weaker
91,846,weaker
91,2076,weaker
91,2506,weaker
92,645,weaker
92,1354,equivalent
92,1868,weaker
93,926,weaker
93,3194,equivalent
94,2555,stronger
96,499,equivalent
98,3521,weaker
99,801,incomparable
99,2819,stronger
100,893,incomparable
100,2327,incomparable
100,4530,incomparable
101,2950,stronger
101,3188,stronger
101,4218,incomparable
102,647,incomparable
102,2480,incomparable
103,3229,stronger
104,3187,stronger
106,1214,stronger
106,2322,incomparable
107,1066,stronger
108,1537,incomparable
108,3331,incomparable
110,285,stronger
110,2868,incomparable
110,3334,incomparable
110,3969,incomparable
112,3433,incomparable
112,3952,incomparable
112,4365,incomparable
113,1339,stronger
113,2143,stronger
113,3798,incomparable
114,2242,incomparable
114,2599,stronger
114,4106,incomparable
116,4440,weaker
117,495,incomparable
117,1383,stronger
117,1808,stronger
117,2516,stronger
118,1709,incomparable
118,2281,incomparable
119,1858,weaker
119,4352,weaker
120,1418,stronger
120,2651,incomparable
121,3487,weaker
123,2543,weaker
124,1226,incomparable
125,1100,incomparable
126,1966,weaker
127,1476,incomparable
128,96,equivalent
129,304,equivalent
129,334,weaker
130,2836,incomparable
131,1496,weaker
132,1556,weaker
132,2103,weaker
133,4616,weaker
134,483,weaker
134,577,stronger
134,827,incomparable
134,1961,stronger
134,3785,incomparable
134,3833,incomparable
134,4560,incomparable
135,646,weaker
135,2043,weaker
136,1743,equivalent
136,2958,weaker
136,3975,weaker
136,4504,weaker
137,1265,weaker
137,1779,equivalent
137,3336,weaker
139,2624,equivalent
139,3030,equivalent
140,1066,weaker
140,2852,weaker
140,2918,equivalent
141,1439,weaker
141,4265,weaker
142,570,stronger
142,1909,stronger
142,3710,incomparable
143,1479,weaker
143,2125,weaker
144,1604,equivalent
144,2464,weaker
145,2968,weaker
146,1677,incomparable
146,3210,incomparable
146,3957,incomparable
147,2946,weaker
149,1027,weaker
149,1390,equivalent
149,3453,weaker
150,424,weaker
151,334,incomparable
151,1693,stronger
151,3034,stronger
153,2995,stronger
153,3150,incomparable
154,2645,incomparable
154,2852,incomparable
154,2971,stronger
156,608,incomparable
156,2926,stronger
156,3923,incomparable
156,4482,incomparable
157,3011,incomparable
157,3024,incomparable
157,3907,incomparable
158,2469,weaker
159,938,incomparable
159,4480,incomparable
161,2125,incomparable
161,3273,incomparable
162,874,stronger
162,2097,incomparable
163,932,stronger
163,2443,weaker
163,2873,incomparable
165,933,stronger
166,635,incomparable
166,1185,stronger
166,3158,stronger
167,596,stronger
167,1382,stronger
168,2006,stronger
170,761,incomparable
170,1970,incomparable
170,3731,incomparable
171,4316,weaker
172,2190,equivalent
172,3422,weaker
172,4543,incomparable
174,185,equivalent
175,2425,weaker
175,2825,equivalent
176,2736,incomparable
177,2843,stronger
177,3262,incomparable
178,855,weaker
178,1165,weaker
178,1450,weaker
179,380,incomparable
179,820,incomparable
179,1141,stronger
179,3690,incomparable
179,4156,incomparable
181,3073,weaker
182,1481,incomparable
182,1727,stronger
182,4524,incomparable
184,2623,weaker
184,4545,weaker
185,1343,equivalent
185,4186,weaker
186,1118,stronger
186,2756,stronger
186,3089,incomparable
187,1445,weaker
187,2167,weaker
188,1289,weaker
188,3155,weaker
188,3426,weaker
188,4168,weaker
189,2188,equivalent
190,3234,stronger
191,2271,weaker
191,3044,weaker
192,990,equivalent
192,3219,equivalent
192,3524,weaker
192,4048,weaker
193,1361,weaker
193,1907,equivalent
193,3596,weaker
194,3452,incomparable
195,1078,weaker
196,642,weaker
196,2408,equivalent
196,2414,equivalent
197,1062,weaker
198,1403,stronger
199,186,weaker
200,1149,equivalent
200,1769,equivalent
200,4673,weaker
202,963,equivalent
202,2324,equivalent
202,2962,equivalent
203,3869,incomparable
204,1493,stronger
205,1118,stronger
206,743,stronger
206,2740,stronger
206,3196,stronger
206,4643,incomparable
207,1734,incomparable
207,1904,incomparable
207,2976,stronger
207,4345,incomparable
207,4376,incomparable
207,4544,incomparable
208,1176,stronger
208,2254,incomparable
208,3610,incomparable
209,666,incomparable
209,1487,incomparable
209,3179,stronger
210,728,stronger
210,2215,stronger
210,3987,incomparable
211,2972,stronger
211,3522,incomparable
211,3557,incomparable
212,3639,incomparable
213,955,incomparable
213,2228,stronger
213,3551,incomparable
214,7,stronger
215,2708,stronger
216,916,incomparable
217,1592,stronger
217,2323,stronger
219,2239,incomparable
220,696,equivalent
221,1440,incomparable
221,2834,stronger
222,1053,incomparable
222,2586,incomparable
222,3820,incomparable
223,874,equivalent
223,2838,equivalent
223,3175,equivalent
223,3930,weaker
223,4319,weaker
223,4637,weaker
224,2612,stronger
225,2588,weaker
226,3181,equivalent
226,4121,weaker
227,423,weaker
227,2312,equivalent
227,4002,weaker
227,4078,weaker
228,912,incomparable
228,2069,incomparable
229,2504,incomparable
230,1990,equivalent
230,2180,weaker
231,1135,stronger
231,1414,stronger
231,1825,stronger
231,1853,incomparable
231,4403,incomparable
232,2271,weaker
232,2358,equivalent
232,3927,weaker
233,3614,weaker
234,421,incomparable
234,1510,weaker
234,3364,incomparable
234,4004,incomparable
234,4075,incomparable
235,1945,weaker
235,4196,weaker
236,911,equivalent
237,1897,weaker
237,2550,weaker
239,1657,weaker
239,2356,equivalent
239,3976,weaker
240,929,equivalent
240,2553,equivalent
241,73,weaker
241,1183,equivalent
241,1559,equivalent
242,3683,incomparable
243,933,equivalent
244,1611,equivalent
248,3225,equivalent
248,3676,weaker
248,4555,weaker
249,1183,equivalent
249,3548,weaker
249,3899,weaker
250,932,stronger
252,1412,equivalent
253,2222,weaker
253,2464,weaker
253,3717,weaker
255,861,incomparable
256,866,stronger
257,657,incomparable
257,929,stronger
257,1674,incomparable
257,2910,incomparable
258,969,stronger
258,2546,incomparable
258,3653,incomparable
260,3617,incomparable
262,1366,incomparable
262,3109,stronger
262,3656,incomparable
263,154,incomparable
263,1524,stronger
263,2327,incomparable
263,3807,incomparable
264,149,stronger
264,2888,incomparable
265,1298,stronger
265,1755,incomparable
265,2424,stronger
265,2876,weaker
265,2957,stronger
265,3731,incomparable
266,750,stronger
267,28,incomparable
267,2918,stronger
268,411,incomparable
268,685,stronger
268,887,incomparable
268,1472,incomparable
268,3842,incomparable
268,3859,incomparable
269,3898,incomparable
269,4367,incomparable
270,3166,stronger
270,3535,incomparable
270,3910,incomparable
270,4173,incomparable
271,2174,stronger
271,3160,stronger
271,3874,incomparable
272,1778,equivalent
274,2237,stronger
274,3049,stronger
274,3780,incomparable
276,1398,stronger
277,3839,weaker
278,1088,weaker
279,805,equivalent
280,224,incomparable
280,3766,incomparable
281,708,stronger
281,2746,incomparable
282,722,equivalent
282,3223,equivalent
282,3789,weaker
282,4525,weaker
283,1308,stronger
283,3288,incomparable
285,413,weaker
285,774,weaker
285,3272,weaker
285,4410,weaker
286,269,incomparable
286,860,weaker
286,1190,stronger
286,2394,stronger
287,1663,weaker
287,2409,equivalent
288,2773,equivalent
288,3553,weaker
288,3661,weaker
288,4467,weaker
289,1372,equivalent
289,4393,weaker
290,312,incomparable
291,1338,equivalent
291,2199,weaker
291,2834,equivalent
291,4369,weaker
292,2789,weaker
293,868,weaker
294,981,weaker
294,1152,incomparable
294,2710,incomparable
294,4584,weaker
295,492,weaker
295,778,weaker
295,1812,equivalent
295,2216,equivalent
298,2100,weaker
299,2863,weaker
299,3498,weaker
299,4645,weaker
300,38,weaker
300,2625,equivalent
301,61,weaker
301,864,weaker
301,3318,weaker
302,2631,stronger
302,2840,stronger
302,4190,incomparable
302,4208,incomparable
303,528,weaker
303,1841,weaker
303,3616,weaker
304,960,weaker
304,4350,weaker
305,825,weaker
306,296,equivalent
306,981,weaker
307,49,incomparable
307,254,stronger
309,968,incomparable
309,1932,incomparable
310,1841,incomparable
310,3048,stronger
310,4644,incomparable
311,2407,stronger
311,2815,stronger
311,3293,incomparable
311,3875,incomparable
312,939,stronger
313,33,stronger
313,1547,incomparable
313,4394,incomparable
314,673,stronger
314,2040,incomparable
314,2196,incomparable
314,3827,stronger
314,3980,incomparable
314,4022,stronger
315,3485,incomparable
315,3751,incomparable
316,161,incomparable
316,697,stronger
316,3227,incomparable
317,614,incomparable
317,1035,incomparable
317,3047,stronger
317,4355,weaker
318,1367,stronger
319,4404,incomparable
320,1910,incomparable
320,1929,incomparable
321,3761,incomparable
322,2627,stronger
323,1666,stronger
323,2457,incomparable
324,1921,incomparable
324,2469,incomparable
324,3512,weaker
324,3967,stronger
325,731,incomparable
325,3098,stronger
325,4589,incomparable
326,665,stronger
326,915,stronger
326,1576,stronger
326,1704,stronger
326,1743,stronger
326,4081,incomparable
327,3712,incomparable
327,3810,incomparable
328,1121,stronger
328,1912,incomparable
328,2517,incomparable
328,2674,stronger
329,151,incomparable
329,1476,stronger
329,1957,stronger
329,2944,incomparable
329,3253,weaker
329,3569,stronger
330,3868,incomparable
331,1034,incomparable
331,1656,incomparable
332,4469,incomparable
333,1886,stronger
333,3953,stronger
334,3097,incomparable
336,680,incomparable
336,3383,stronger
336,3894,incomparable
337,1530,stronger
337,3780,equivalent
339,1189,stronger
340,3622,equivalent
342,205,incomparable
342,842,incomparable
342,996,stronger
342,1552,incomparable
342,3384,weaker
343,3936,incomparable
345,825,incomparable
345,3764,equivalent
347,222,incomparable
347,3749,weaker
348,975,stronger
348,1490,stronger
348,3641,equivalent
348,3879,weaker
348,4489,weaker
348,4688,weaker
349,1089,stronger
350,3237,incomparable
350,4305,weaker
351,2320,stronger
351,2752,stronger
351,4141,incomparable
353,1643,incomparable
353,1793,incomparable
353,2318,incomparable
355,3700,incomparable
355,3814,stronger
355,4337,incomparable
356,3383,equivalent
356,4070,weaker
358,555,stronger
358,4655,weaker
359,2046,incomparable
359,4598,incomparable
360,2127,incomparable
360,4344,incomparable
361,2043,incomparable
361,3183,stronger
362,630,incomparable
362,1321,stronger
362,1954,stronger
362,2600,stronger
362,2929,stronger
362,3498,incomparable
362,4586,incomparable
363,2861,incomparable
363,4178,stronger
364,607,stronger
364,2504,incomparable
365,49,incomparable
366,3258,incomparable
367,3691,incomparable
368,496,stronger
368,1219,stronger
368,3546,incomparable
369,1891,stronger
369,2762,stronger
369,4412,incomparable
369,4684,incomparable
371,913,stronger
371,3447,stronger
371,3961,incomparable
373,435,incomparable
373,1535,incomparable
373,1599,stronger
373,1979,incomparable
373,2442,incomparable
374,2,stronger
374,785,stronger
375,1540,stronger
375,2664,incomparable
375,4595,incomparable
376,1060,incomparable
376,2137,incomparable
377,316,incomparable
377,2441,incomparable
378,1173,stronger
378,3795,stronger
378,4532,incomparable
379,306,stronger
380,1540,stronger
380,1675,incomparable
380,2220,stronger
380,3631,stronger
381,2121,stronger
381,3285,incomparable
381,3355,incomparable
383,3925,weaker
384,1021,incomparable
384,1094,stronger
384,3298,incomparable
384,3952,incomparable
385,2729,stronger
385,2807,stronger
385,3587,incomparable
387,982,stronger
387,2135,incomparable
387,4349,incomparable
388,334,stronger
388,1106,stronger
388,2210,stronger
388,4357,incomparable
388,4596,incomparable
389,1599,stronger
389,2055,incomparable
389,3697,weaker
390,498,stronger
390,1409,stronger
390,2914,stronger
390,3624,equivalent
390,4027,weaker
390,4317,weaker
391,276,stronger
391,311,incomparable
391,377,incomparable
391,1657,incomparable
391,3840,stronger
392,2824,stronger
392,3055,incomparable
392,3821,equivalent
394,1713,incomparable
394,1881,incomparable
394,2898,incomparable
395,2590,stronger
396,2346,stronger
397,523,stronger
397,1404,stronger
397,4623,weaker
398,3310,weaker
399,2016,stronger
399,3789,stronger
400,3078,incomparable
400,3190,stronger
400,3549,weaker
400,3640,equivalent
400,4061,equivalent
401,2196,incomparable
401,2735,stronger
401,3046,stronger
401,3276,weaker
402,611,stronger
402,755,stronger
402,2391,stronger
402,2530,incomparable
402,3661,weaker
404,2266,incomparable
404,2441,incomparable
405,2966,stronger
406,3972,weaker
407,2798,stronger
407,2877,incomparable
407,3150,incomparable
409,2997,stronger
410,3416,equivalent
411,78,incomparable
411,3600,incomparable
412,4305,incomparable
412,4425,incomparable
413,3397,incomparable
414,1154,incomparable
414,4380,incomparable
415,331,incomparable
415,3298,incomparable
416,4341,incomparable
417,3521,incomparable
419,282,stronger
419,903,stronger
419,1192,stronger
419,3904,incomparable
420,692,incomparable
420,1061,incomparable
420,3935,incomparable
420,4615,incomparable
421,3996,incomparable
422,643,incomparable
423,4299,incomparable
424,3050,weaker
424,3743,incomparable
425,1463,incomparable
426,3417,incomparable
427,1477,incomparable
427,1936,stronger
428,1383,incomparable
429,264,incomparable
429,714,incomparable
429,1316,incomparable
429,2414,stronger
429,3596,incomparable
430,761,incomparable
430,1297,stronger
430,1508,stronger
430,3233,stronger
431,719,incomparable
431,2574,stronger
431,3424,incomparable
433,562,incomparable
433,1191,stronger
433,1940,stronger
433,3916,incomparable
434,1322,incomparable
434,1970,incomparable
434,3814,incomparable
434,4259,incomparable
434,4410,incomparable
435,3766,incomparable
436,3507,incomparable
436,3509,incomparable
436,4229,incomparable
436,4385,incomparable
440,173,stronger
440,381,incomparable
440,1869,incomparable
440,2336,stronger
441,2915,incomparable
441,3915,weaker
442,2203,incomparable
443,1389,stronger
444,1008,stronger
444,1259,incomparable
444,2035,incomparable
445,411,weaker
445,2738,stronger
446,461,stronger
446,984,stronger
446,1037,incomparable
446,4544,incomparable
447,627,weaker
448,1074,stronger
449,4547,incomparable
450,1093,stronger
450,1665,incomparable
450,4630,incomparable
451,1382,stronger
452,309,incomparable
452,630,incomparable
452,4218,incomparable
452,4381,incomparable
453,214,weaker
453,1206,stronger
453,3338,weaker
453,3518,weaker
453,3709,incomparable
453,4629,weaker
454,4680,incomparable
455,561,stronger
455,1578,stronger
455,2372,incomparable
456,493,stronger
456,3658,incomparable
457,54,equivalent
457,1553,stronger
457,2725,incomparable
458,904,stronger
458,3195,incomparable
459,332,incomparable
460,617,weaker
461,2590,stronger
461,4083,incomparable
463,2694,incomparable
464,3457,incomparable
465,535,equivalent
465,978,weaker
465,3969,weaker
465,4678,weaker
467,3265,incomparable
468,464,weaker
468,1041,weaker
468,1195,equivalent
468,1608,weaker
468,4316,weaker
469,78,incomparable
469,1032,incomparable
470,255,weaker
470,611,equivalent
470,2445,weaker
470,4655,weaker
471,1375,equivalent
472,761,weaker
473,1036,incomparable
473,2887,incomparable
473,2910,incomparable
473,3599,incomparable
474,660,incomparable
474,1479,incomparable
474,2631,stronger
475,1959,equivalent
477,308,incomparable
477,3061,incomparable
477,4570,incomparable
479,4614,incomparable
480,123,equivalent
480,4195,weaker
481,877,stronger
481,2858,incomparable
481,4080,incomparable
482,95,equivalent
482,2506,weaker
482,3766,weaker
483,3510,incomparable
483,3909,weaker
483,4237,incomparable
483,4415,incomparable
483,4582,incomparable
484,3315,weaker
484,3740,weaker
485,2920,equivalent
485,3566,weaker
485,4305,weaker
486,3500,weaker
486,3799,weaker
486,4036,weaker
488,1645,weaker
488,3397,weaker
489,635,incomparable
489,2339,stronger
489,4578,incomparable
490,147,equivalent
490,454,weaker
490,1904,weaker
490,3829,weaker
491,2115,incomparable
491,2351,incomparable
491,2391,stronger
492,3500,incomparable
493,537,weaker
493,1667,weaker
493,3340,weaker
493,4357,weaker
494,1757,equivalent
495,1744,stronger
495,3551,incomparable
497,403,weaker
497,1150,weaker
498,966,equivalent
498,1840,weaker
498,1982,equivalent
498,2727,equivalent
498,2778,weaker
500,92,stronger
500,132,stronger
500,4331,incomparable
501,932,stronger
502,462,weaker
504,752,incomparable
504,1564,incomparable
504,2563,stronger
506,1782,stronger
506,2637,stronger
507,1440,weaker
507,2415,weaker
507,2487,weaker
507,2972,equivalent
507,4651,weaker
508,2275,incomparable
508,2910,incomparable
509,3845,weaker
510,358,incomparable
510,1269,incomparable
510,4665,incomparable
511,125,incomparable
511,1333,stronger
511,1931,incomparable
511,2177,stronger
513,646,incomparable
513,4069,incomparable
515,4327,weaker
516,1043,incomparable
516,2553,stronger
518,2073,weaker
519,2265,weaker
519,2652,weaker
519,4206,weaker
521,1357,weaker
521,2830,equivalent
521,4594,weaker
522,908,stronger
522,1199,stronger
522,2995,stronger
522,3626,incomparable
523,197,equivalent
523,1072,weaker
523,4057,weaker
524,2835,stronger
524,3260,incomparable
526,1590,weaker
526,2126,weaker
526,2898,weaker
526,2967,equivalent
527,4233,weaker
528,270,incomparable
528,926,incomparable
528,4657,incomparable
529,3427,weaker
529,4498,weaker
530,1649,weaker
530,2660,weaker
531,746,weaker
531,1606,equivalent
531,1933,equivalent
532,1601,stronger
532,2193,stronger
533,597,equivalent
533,1557,equivalent
534,4193,weaker
535,4224,weaker
535,4299,weaker
536,771,equivalent
537,169,stronger
537,680,incomparable
537,1980,stronger
537,2217,stronger
537,2776,incomparable
538,4087,weaker
539,1256,weaker
539,1988,equivalent
539,3065,weaker
539,4126,weaker
539,4631,weaker
540,3840,weaker
542,1093,equivalent
543,2246,incomparable
544,1177,equivalent
544,1908,weaker
544,2262,weaker
546,4637,incomparable
547,646,weaker
547,2728,weaker
547,4570,weaker
548,388,weaker
549,25,incomparable
549,2354,stronger
550,870,weaker
550,1165,weaker
550,2064,weaker
550,2841,weaker
550,4047,weaker
550,4588,weaker
551,224,weaker
551,4342,weaker
552,258,weaker
552,2837,equivalent
552,4061,weaker
554,4128,weaker
555,769,weaker
556,3194,stronger
557,894,equivalent
557,1929,weaker
557,2772,equivalent
557,3593,weaker
557,3839,weaker
558,520,equivalent
558,632,incomparable
559,433,weaker
559,743,equivalent
559,1441,weaker
559,3330,weaker
560,700,equivalent
560,1172,equivalent
561,972,weaker
561,2280,weaker
561,2957,equivalent
561,4625,weaker
562,272,stronger
562,2220,stronger
562,4211,incomparable
563,931,equivalent
563,4621,weaker
564,1374,weaker
564,2394,equivalent
564,3378,weaker
565,935,equivalent
565,1876,weaker
565,2323,equivalent
565,4030,weaker
565,4108,weaker
565,4372,weaker
566,1054,incomparable
566,2446,incomparable
567,141,equivalent
567,1034,weaker
567,1572,equivalent
568,2889,weaker
569,561,equivalent
571,1795,stronger
572,2632,stronger
573,720,equivalent
573,1505,equivalent
573,1559,equivalent
573,1699,weaker
573,2560,equivalent
573,3127,equivalent
574,411,weaker
574,2179,equivalent
574,3081,weaker
575,579,stronger
576,131,equivalent
576,632,weaker
576,4688,weaker
577,1311,equivalent
578,164,weaker
578,2441,weaker
578,3145,weaker
579,3403,incomparable
580,2205,equivalent
581,382,weaker
581,1680,weaker
581,2867,weaker
582,4376,weaker
583,2845,stronger
584,820,weaker
584,1623,weaker
585,2436,equivalent
585,3756,weaker
586,1122,weaker
586,2328,weaker
586,3330,weaker
586,3701,weaker
586,4591,weaker
587,223,equivalent
587,2055,weaker
588,3872,incomparable
588,4406,incomparable
589,2983,equivalent
590,741,equivalent
590,809,equivalent
590,1053,weaker
590,3816,weaker
591,295,equivalent
591,2523,equivalent
591,4506,weaker
592,332,weaker
594,4547,weaker
596,517,equivalent
596,1838,weaker
598,2482,incomparable
598,2735,stronger
600,746,weaker
600,2677,weaker
600,3792,weaker
600,4503,weaker
601,410,weaker
601,1170,equivalent
601,3117,equivalent
601,3496,weaker
603,1130,stronger
603,2211,stronger
603,3229,stronger
603,3829,incomparable
604,1477,weaker
604,1562,equivalent
606,444,weaker
606,964,weaker
606,2175,equivalent
606,2829,equivalent
606,3935,weaker
606,4168,weaker
607,121,equivalent
607,703,weaker
607,2949,weaker
607,4289,weaker
608,914,incomparable
608,1428,incomparable
608,2263,incomparable
608,3068,incomparable
609,826,weaker
609,2432,equivalent
609,3277,weaker
609,4245,weaker
610,1328,weaker
610,3767,weaker
611,1013,equivalent
612,2035,weaker
612,4661,weaker
612,4694,weaker
613,1325,weaker
613,2690,weaker
613,3133,equivalent
613,4185,weaker
613,4515,weaker
614,2033,stronger
614,3388,incomparable
614,4094,incomparable
616,1488,incomparable
616,2011,stronger
616,2884,incomparable
617,617,equivalent
617,1318,incomparable
617,1408,stronger
618,2420,incomparable
618,2448,incomparable
619,706,incomparable
619,1742,incomparable
620,2339,stronger
620,3182,incomparable
621,157,incomparable
621,2171,stronger
621,3682,incomparable
622,2210,stronger
622,3692,incomparable
623,489,incomparable
623,2115,incomparable
625,154,incomparable
625,540,stronger
625,2828,stronger
626,2965,stronger
627,879,incomparable
627,1876,incomparable
627,2104,stronger
627,3265,incomparable
627,4370,incomparable
628,309,incomparable
628,2631,stronger
628,2774,incomparable
630,931,stronger
630,958,stronger
630,976,stronger
630,1652,incomparable
630,2271,incomparable
630,4623,incomparable
631,291,stronger
633,1160,stronger
633,1224,incomparable
633,3963,incomparable
635,1155,incomparable
637,175,stronger
637,1056,weaker
637,3017,stronger
638,1006,stronger
638,2586,incomparable
639,1198,stronger
639,1217,incomparable
639,1633,incomparable
639,2142,stronger
639,2682,incomparable
640,2338,incomparable
640,2982,incomparable
641,775,incomparable
641,2138,stronger
641,2950,stronger
641,3276,incomparable
641,3928,weaker
642,1486,incomparable
644,534,stronger
644,3305,weaker
644,4431,incomparable
644,4441,weaker
645,1439,incomparable
645,2529,stronger
645,2992,incomparable
645,3573,incomparable
645,4424,incomparable
646,617,incomparable
646,669,incomparable
646,906,incomparable
646,2218,stronger
646,2432,stronger
646,2547,stronger
647,304,stronger
647,726,stronger
647,1698,stronger
647,2366,stronger
648,766,stronger
648,1471,weaker
649,567,stronger
649,2666,incomparable
649,4337,incomparable
650,3543,weaker
650,4008,incomparable
651,396,incomparable
651,3196,stronger
652,632,weaker
652,2253,weaker
652,4077,weaker
652,4343,incomparable
653,110,incomparable
653,508,incomparable
653,1100,incomparable
653,3934,incomparable
654,1746,incomparable
655,1041,incomparable
656,1480,incomparable
656,2827,stronger
656,4307,incomparable
657,4561,incomparable
658,1080,stronger
658,1223,incomparable
658,1635,incomparable
658,2333,incomparable
660,2004,incomparable
660,3677,incomparable
661,4537,incomparable
662,418,weaker
662,2763,stronger
662,4545,incomparable
663,4607,incomparable
664,2386,stronger
665,934,incomparable
665,1984,stronger
665,2113,incomparable
665,4063,incomparable
665,4641,incomparable
666,843,incomparable
666,1209,stronger
666,2233,stronger
666,2565,stronger
666,3290,incomparable
666,3806,incomparable
667,733,stronger
667,1378,incomparable
667,2080,incomparable
667,3176,incomparable
668,1073,weaker
668,2657,weaker
668,4040,weaker
669,170,incomparable
669,1765,stronger
669,4361,incomparable
670,3605,incomparable
672,3111,stronger
674,4690,weaker
675,603,weaker
675,1293,weaker
676,1920,stronger
676,2644,incomparable
676,2735,stronger
678,615,weaker
678,895,weaker
680,394,incomparable
680,3326,incomparable
681,1915,equivalent
681,3307,weaker
681,3876,weaker
682,433,incomparable
682,3199,stronger
682,3273,incomparable
682,3980,weaker
684,249,stronger
684,1031,incomparable
684,4176,incomparable
684,4616,incomparable
686,140,stronger
686,246,incomparable
686,3015,stronger
686,4374,weaker
688,189,equivalent
689,354,weaker
689,1773,equivalent
689,1884,weaker
689,2286,weaker
689,2949,weaker
690,3958,incomparable
691,1305,equivalent
692,539,stronger
692,1248,incomparable
692,1710,incomparable
692,2036,incomparable
693,213,weaker
693,4211,weaker
694,1399,stronger
695,1146,incomparable
695,2645,incomparable
695,3587,incomparable
696,1275,weaker
696,2256,weaker
696,4196,weaker
696,4675,weaker
697,2420,weaker
698,3298,incomparable
698,3968,weaker
699,310,weaker
699,1380,equivalent
699,1815,equivalent
699,2424,equivalent
699,2718,equivalent
700,4166,weaker
701,2127,weaker
701,2508,equivalent
701,4687,weaker
702,4632,weaker
703,441,incomparable
703,1588,stronger
703,2434,stronger
704,2180,incomparable
704,2474,incomparable
704,3322,incomparable
705,4112,weaker
705,4168,weaker
706,2074,incomparable
706,4037,incomparable
706,4351,incomparable
708,2386,equivalent
708,3957,weaker
709,1326,stronger
709,2083,incomparable
709,4525,incomparable
710,1681,weaker
710,3716,weaker
711,344,incomparable
711,1048,incomparable
712,3740,weaker
713,8,incomparable
713,18,stronger
713,3642,incomparable
714,2210,stronger
714,4251,incomparable
715,2849,weaker
715,3299,weaker
716,746,incomparable
716,1136,stronger
716,3741,incomparable
717,1182,equivalent
717,1385,equivalent
717,3889,weaker
718,2080,weaker
718,3119,equivalent
719,758,stronger
719,2172,stronger
719,2805,incomparable
719,3436,incomparable
721,857,weaker
722,1158,weaker
722,1394,equivalent
722,3948,weaker
722,4303,weaker
722,4672,weaker
723,1010,stronger
723,4653,incomparable
724,1619,equivalent
724,2790,equivalent
724,3887,weaker
724,4562,weaker
725,289,stronger
726,228,weaker
726,2941,equivalent
728,692,weaker
728,1695,weaker
728,4229,weaker
729,893,weaker
729,2009,weaker
729,2212,weaker
731,2988,stronger
731,3698,incomparable
732,415,weaker
732,1711,equivalent
732,3831,weaker
733,518,equivalent
733,566,weaker
733,878,equivalent
733,2651,weaker
733,3160,equivalent
734,1569,weaker
734,1639,weaker
734,1913,weaker
734,3437,weaker
734,4115,weaker
735,298,stronger
735,921,stronger
735,3786,incomparable
735,4152,incomparable
736,2826,weaker
736,3742,weaker
737,1636,weaker
738,79,equivalent
738,3391,weaker
738,4179,weaker
739,1569,weaker
739,1764,weaker
740,4081,incomparable
741,1135,equivalent
741,2227,weaker
741,2699,weaker
742,129,equivalent
742,1781,equivalent
743,3602,weaker
743,4258,weaker
743,4311,weaker
744,309,incomparable
745,761,weaker
745,1024,weaker
745,2091,weaker
747,2067,weaker
748,1677,incomparable
748,3372,incomparable
749,2878,incomparable
750,2306,weaker
750,4532,weaker
752,3789,incomparable
753,942,equivalent
754,2428,equivalent
755,1193,equivalent
755,2021,equivalent
756,547,equivalent
756,1316,weaker
757,3514,incomparable
757,4478,incomparable
758,960,weaker
758,1552,weaker
759,1064,incomparable
759,3266,incomparable
760,196,equivalent
760,2403,equivalent
760,2873,weaker
761,143,stronger
761,425,incomparable
761,444,incomparable
761,3115,incomparable
762,238,weaker
762,423,weaker
762,3122,weaker
762,4206,weaker
762,4343,weaker
763,1862,weaker
763,3071,weaker
764,1019,equivalent
764,1133,weaker
764,2562,weaker
765,2817,stronger
765,3182,incomparable
765,3481,incomparable
765,4660,incomparable
766,622,weaker
766,1266,weaker
768,116,equivalent
768,915,equivalent
768,3169,equivalent
769,2012,stronger
770,1851,weaker
771,1639,weaker
771,3372,weaker
771,4152,weaker
772,1162,equivalent
772,3524,weaker
773,332,weaker
773,1272,weaker
773,1342,equivalent
773,3320,weaker
773,3425,weaker
773,3619,weaker
773,3918,weaker
774,2745,stronger
775,2336,stronger
775,4230,incomparable
776,473,weaker
777,465,equivalent
778,1627,stronger
778,4580,incomparable
779,1732,equivalent
779,4590,weaker
780,2620,equivalent
781,3716,weaker
782,447,incomparable
782,1561,incomparable
782,2033,stronger
782,3589,incomparable
782,3664,incomparable
782,3815,incomparable
782,4237,incomparable
784,2318,weaker
784,3813,weaker
785,769,weaker
786,2692,incomparable
786,3727,incomparable
788,1268,weaker
789,2725,weaker
789,3396,weaker
789,4073,weaker
790,1881,weaker
790,2250,weaker
790,2996,equivalent
793,1130,equivalent
793,1696,equivalent
793,2126,weaker
793,3196,equivalent
793,4230,weaker
793,4574,weaker
794,406,weaker
794,1078,weaker
794,1161,equivalent
795,1173,equivalent
795,3776,weaker
796,2140,incomparable
796,3921,weaker
798,1859,weaker
798,1952,equivalent
799,2963,equivalent
800,3152,weaker
800,3359,weaker
800,4655,weaker
801,627,incomparable
801,3722,incomparable
803,515,equivalent
803,1269,weaker
803,4099,weaker
804,1288,weaker
805,592,equivalent
805,1530,equivalent
805,1900,weaker
806,1129,incomparable
806,2214,stronger
806,4380,incomparable
807,3074,weaker
807,3102,weaker
807,4498,weaker
808,1193,equivalent
808,1495,equivalent
808,2296,weaker
809,797,equivalent
809,4415,weaker
809,4657,weaker
810,1285,weaker
811,876,stronger
811,2062,incomparable
811,4564,incomparable
812,290,weaker
812,3530,weaker
812,3560,weaker
813,1910,weaker
814,2860,weaker
814,3347,weaker
814,3506,weaker
815,526,equivalent
815,2125,weaker
815,2779,weaker
815,3174,equivalent
815,3259,weaker
816,17,equivalent
816,380,weaker
816,490,equivalent
816,2520,equivalent
817,436,incomparable
817,931,stronger
817,1836,incomparable
817,2689,incomparable
818,1041,incomparable
818,3275,incomparable
818,4102,incomparable
819,962,incomparable
819,1328,incomparable
819,3394,incomparable
819,4027,incomparable
820,1709,incomparable
820,2450,incomparable
821,350,incomparable
821,2174,stronger
822,1138,stronger
823,3023,stronger
823,3153,stronger
824,1293,incomparable
824,1416,stronger
824,1950,stronger
825,2098,incomparable
825,2371,stronger
825,4502,incomparable
826,594,stronger
826,3287,incomparable
827,3185,incomparable
828,1069,stronger
828,3324,incomparable
829,179,incomparable
829,2363,stronger
829,3052,incomparable
830,538,stronger
830,800,stronger
830,1795,stronger
830,3173,stronger
830,3315,incomparable
831,337,incomparable
831,4348,incomparable
832,603,incomparable
833,2302,stronger
834,1193,stronger
835,199,stronger
835,277,stronger
836,1079,stronger
836,1166,stronger
836,2222,incomparable
836,3605,incomparable
836,4391,incomparable
836,4665,incomparable
837,1987,incomparable
839,2907,stronger
839,4059,incomparable
840,556,incomparable
840,1553,stronger
840,3244,stronger
840,4643,incomparable
841,237,stronger
841,1497,stronger
842,54,stronger
842,2863,incomparable
842,3120,incomparable
842,3750,incomparable
842,4437,incomparable
843,1324,stronger
843,2433,stronger
843,4583,incomparable
844,4285,incomparable
844,4333,incomparable
844,4373,incomparable
845,3966,incomparable
845,4638,incomparable
846,538,stronger
846,3253,incomparable
846,4074,incomparable
847,1295,incomparable
847,3451,incomparable
848,159,incomparable
848,797,stronger
848,3332,incomparable
848,3634,incomparable
849,157,incomparable
849,2629,stronger
849,4616,incomparable
850,1431,incomparable
851,468,stronger
852,1262,incomparable
852,2884,incomparable
853,1000,stronger
854,868,stronger
854,896,stronger
854,2449,incomparable
854,3861,incomparable
855,2916,stronger
855,3887,incomparable
856,1405,incomparable
857,2292,stronger
857,4391,incomparable
857,4664,incomparable
858,874,stronger
858,3006,stronger
858,3249,stronger
860,3844,incomparable
860,3888,incomparable
861,2046,incomparable
862,3135,stronger
863,228,incomparable
863,504,incomparable
863,1867,weaker
863,2312,stronger
863,3391,incomparable
864,331,incomparable
864,625,weaker
864,635,weaker
864,2536,incomparable
864,4683,incomparable
865,3339,weaker
865,4612,incomparable
866,1624,stronger
867,1916,incomparable
867,3052,weaker
868,2421,stronger
868,2551,stronger
868,4686,incomparable
869,904,stronger
869,2137,incomparable
871,389,weaker
871,2819,equivalent
872,79,stronger
872,943,stronger
872,3877,incomparable
873,169,incomparable
873,1253,incomparable
873,2277,incomparable
874,528,weaker
874,1138,equivalent
874,2157,equivalent
874,3540,weaker
875,374,incomparable
875,2088,incomparable
876,3904,weaker
876,4097,weaker
877,3086,weaker
878,808,equivalent
878,2577,equivalent
880,397,incomparable
880,615,incomparable
881,1751,equivalent
881,1911,equivalent
881,3830,weaker
881,4366,weaker
883,1033,incomparable
884,655,weaker
884,2148,weaker
884,2361,equivalent
884,3043,equivalent
884,4346,weaker
885,3926,incomparable
885,4327,weaker
886,286,weaker
886,2294,weaker
888,2578,equivalent
888,3109,equivalent
889,436,incomparable
889,4345,incomparable
890,3723,weaker
891,4072,weaker
892,1138,equivalent
892,3555,weaker
892,4027,weaker
893,1423,stronger
893,1431,weaker
894,3878,weaker
894,3902,weaker
895,871,stronger
895,3583,incomparable
896,4139,weaker
897,29,incomparable
898,2213,stronger
898,2958,incomparable
899,4611,weaker
900,2163,weaker
901,705,stronger
901,2642,stronger
901,3448,incomparable
903,112,weaker
903,300,equivalent
903,1286,weaker
903,1589,equivalent
903,2134,weaker
903,3249,equivalent
904,2992,weaker
904,4563,weaker
905,371,weaker
905,4044,weaker
907,547,stronger
907,2654,incomparable
908,203,weaker
908,346,weaker
908,1627,equivalent
909,3421,incomparable
910,1673,incomparable
910,4224,incomparable
911,1520,equivalent
911,1563,equivalent
911,3094,weaker
911,4332,weaker
912,129,stronger
912,3158,stronger
912,3825,incomparable
913,1551,equivalent
913,3328,weaker
914,2291,incomparable
914,2426,stronger
915,340,weaker
915,797,equivalent
915,2777,equivalent
917,1910,incomparable
917,2483,incomparable
917,3517,incomparable
917,3531,incomparable
918,1797,weaker
918,2168,equivalent
918,3380,weaker
918,3705,weaker
920,3441,weaker
921,462,weaker
921,3048,equivalent
922,3026,stronger
922,3726,incomparable
923,1760,equivalent
923,3894,weaker
924,2191,equivalent
925,2010,equivalent
925,4191,weaker
926,194,incomparable
928,1113,weaker
928,3062,incomparable
928,3164,stronger
929,2933,equivalent
930,1087,stronger
930,3475,incomparable
930,3583,incomparable
930,3834,incomparable
930,4470,incomparable
931,531,equivalent
931,3345,weaker
931,3980,weaker
932,2997,equivalent
932,4551,weaker
933,3695,weaker
934,618,incomparable
934,2514,stronger
934,4564,incomparable
935,1647,weaker
935,1880,weaker
935,3588,weaker
935,4546,weaker
936,690,weaker
936,2657,weaker
937,2491,weaker
937,3693,weaker
938,2023,stronger
938,2674,incomparable
938,4258,weaker
939,449,weaker
939,1957,equivalent
939,2278,weaker
940,1783,equivalent
941,1588,equivalent
941,2432,equivalent
942,4486,weaker
943,568,stronger
943,835,weaker
943,4521,incomparable
944,44,weaker
944,876,equivalent
944,1208,equivalent
944,2169,weaker
944,3662,weaker
945,3411,weaker
945,3927,weaker
945,4393,weaker
946,509,equivalent
946,1350,equivalent
946,3819,weaker
946,3895,weaker
947,3981,incomparable
948,980,equivalent
948,1133,weaker
948,2045,weaker
949,1813,stronger
949,2455,incomparable
949,2755,incomparable
949,3164,stronger
949,3337,incomparable
950,1745,equivalent
951,3098,incomparable
952,3653,incomparable
953,928,weaker
954,736,equivalent
954,1803,equivalent
954,1835,weaker
954,3102,weaker
955,1770,stronger
955,1906,stronger
955,3749,incomparable
956,4322,weaker
957,1765,equivalent
958,152,weaker
958,214,weaker
958,1953,weaker
958,2384,equivalent
959,2349,weaker
959,2555,equivalent
960,1457,incomparable
960,4058,incomparable
960,4517,incomparable
961,316,weaker
961,1138,equivalent
961,2990,weaker
962,1187,stronger
962,1743,stronger
962,3674,incomparable
963,1080,equivalent
963,2007,equivalent
964,267,incomparable
964,540,stronger
964,4580,incomparable
965,496,equivalent
966,3015,weaker
966,3962,weaker
966,3994,weaker
967,3917,weaker
968,1041,incomparable
969,447,weaker
969,2483,weaker
969,2747,equivalent
970,1123,equivalent
970,3167,weaker
970,3645,weaker
971,140,equivalent
971,1110,weaker
971,1965,equivalent
971,2699,weaker
972,2589,stronger
973,3930,weaker
973,4588,weaker
974,318,weaker
975,1529,equivalent
975,4247,weaker
976,330,weaker
976,1203,equivalent
976,1909,equivalent
976,3581,weaker
976,3810,weaker
977,1,weaker
977,2998,incomparable
978,3512,incomparable
979,3778,weaker
979,4529,weaker
980,2752,equivalent
981,1176,stronger
981,2325,stronger
981,3944,incomparable
981,4229,incomparable
982,22,equivalent
982,63,weaker
982,315,weaker
982,891,equivalent
982,1303,weaker
982,3197,weaker
982,4400,weaker
983,3121,equivalent
983,3943,weaker
983,4654,weaker
984,1726,weaker
984,2875,weaker
985,634,incomparable
985,1386,stronger
985,3981,incomparable
986,2396,equivalent
986,2469,weaker
987,2038,weaker
987,4527,weaker
988,302,weaker
988,1213,equivalent
988,3574,weaker
989,3972,weaker
990,698,weaker
990,1381,equivalent
990,1519,weaker
990,1763,weaker
990,1843,weaker
991,977,weaker
991,2797,equivalent
991,4387,weaker
993,662,weaker
993,2252,weaker
993,3487,weaker
994,131,stronger
994,1254,incomparable
994,1861,incomparable
994,3394,incomparable
995,541,weaker
995,2752,equivalent
995,4241,weaker
996,1421,equivalent
997,3046,equivalent
998,2198,equivalent
998,3197,weaker
999,605,stronger
999,1274,incomparable
1000,833,weaker
1000,966,equivalent
1000,1371,equivalent
1000,2617,equivalent
1001,1256,weaker
1001,1707,weaker
1001,1963,equivalent
1001,2229,equivalent
1001,2664,weaker
1001,3677,weaker
1001,4062,weaker
1002,3476,weaker
1003,350,weaker
1003,4183,weaker
1004,1977,incomparable
1004,4611,weaker
1005,3641,weaker
1006,682,weaker
1006,1739,equivalent
1007,858,weaker
1008,212,weaker
1010,2875,weaker
1011,1893,equivalent
1011,2266,weaker
1011,2780,equivalent
1011,4609,weaker
1012,4225,weaker
1013,660,weaker
1013,2747,equivalent
1013,3503,weaker
1014,2854,incomparable
1015,808,equivalent
1016,3255,weaker
1016,3752,weaker
1017,317,weaker
1017,1385,equivalent
1017,3554,weaker
1017,3666,weaker
1018,2989,equivalent
1018,3247,weaker
1018,3464,weaker
1018,4420,weaker
1019,1509,equivalent
1019,1691,weaker
1021,745,stronger
1021,3004,stronger
1022,780,stronger
1022,1328,stronger
1022,1402,stronger
1023,3964,incomparable
1024,272,stronger
1024,3844,incomparable
1025,67,stronger
1025,367,incomparable
1025,1528,incomparable
1025,3962,incomparable
1027,1596,stronger
1027,3691,incomparable
1027,4678,incomparable
1028,1622,stronger
1028,1762,stronger
1029,1463,incomparable
1029,2132,incomparable
1030,1575,stronger
1030,2862,incomparable
1030,4247,incomparable
1031,2234,stronger
1031,3446,incomparable
1032,1296,stronger
1032,1650,incomparable
1032,3941,incomparable
1032,4127,incomparable
1033,2134,incomparable
1034,3082,incomparable
1034,3317,incomparable
1034,4478,incomparable
1035,1327,stronger
1036,2014,incomparable
1036,4135,incomparable
1037,439,incomparable
1038,72,incomparable
1038,2743,incomparable
1038,2829,stronger
1038,2889,incomparable
1039,3984,incomparable
1039,4042,incomparable
1040,890,stronger
1040,1208,stronger
1041,1176,stronger
1041,2322,incomparable
1041,2752,stronger
1041,3239,stronger
1041,4594,incomparable
1043,1709,incomparable
1043,2556,stronger
1044,512,stronger
1044,919,incomparable
1044,1188,incomparable
1045,66,incomparable
1045,1359,stronger
1045,3013,stronger
1046,397,incomparable
1046,1886,stronger
1047,3398,incomparable
1047,3929,weaker
1048,306,stronger
1048,2894,incomparable
1049,3974,incomparable
1050,3859,incomparable
1050,3970,incomparable
1052,1909,stronger
1054,1419,stronger
1054,1597,stronger
1054,2273,weaker
1054,3446,incomparable
1055,47,incomparable
1055,3621,incomparable
1055,4197,incomparable
1056,3051,incomparable
1056,3479,incomparable
1056,4223,incomparable
1057,592,stronger
1057,1666,weaker
1058,413,weaker
1058,2627,stronger
1058,2684,weaker
1058,2956,incomparable
1059,221,incomparable
1059,1607,stronger
1059,2951,stronger
1060,669,incomparable
1060,1813,stronger
1060,3706,incomparable
1061,1281,incomparable
1061,1618,incomparable
1061,1769,stronger
1063,51,incomparable
1063,1007,stronger
1063,1380,stronger
1063,1859,incomparable
1063,2215,stronger
1063,2268,incomparable
1063,2988,stronger
1065,305,stronger
1065,1755,incomparable
1065,3204,stronger
1065,3639,incomparable
1065,4178,incomparable
1065,4611,incomparable
1066,145,stronger
1066,2322,incomparable
1067,655,incomparable
1067,2437,stronger
1067,3069,incomparable
1067,3102,incomparable
1067,3109,stronger
1067,4236,incomparable
1068,546,incomparable
1068,1344,incomparable
1068,1875,incomparable
1069,3854,incomparable
1070,115,incomparable
1070,555,stronger
1070,1187,stronger
1070,3278,incomparable
1072,938,incomparable
1072,3519,incomparable
1072,4625,weaker
1073,4038,incomparable
1073,4208,incomparable
1074,4570,weaker
1075,4336,incomparable
1076,2975,stronger
1076,3828,incomparable
1077,1426,weaker
1078,668,stronger
1078,2723,stronger
1078,3848,incomparable
1079,906,weaker
1079,1926,equivalent
1080,286,weaker
1080,464,weaker
1080,2889,weaker
1081,1584,equivalent
1081,1750,weaker
1081,3185,weaker
1082,1389,stronger
1083,365,incomparable
1083,2282,incomparable
1084,3501,weaker
1084,3627,weaker
1085,2186,incomparable
1085,2818,stronger
1087,1149,equivalent
1088,1430,incomparable
1088,2906,stronger
1090,1338,stronger
1090,1761,equivalent
1090,2313,stronger
1090,2676,incomparable
1092,559,stronger
1092,1952,stronger
1092,3838,incomparable
1092,4258,weaker
1093,1446,weaker
1093,2587,equivalent
1093,2656,weaker
1093,3611,weaker
1094,2990,weaker
1094,3806,weaker
1095,2857,weaker
1096,125,incomparable
1096,525,stronger
1096,4116,incomparable
1097,3907,weaker
1098,778,incomparable
1098,4306,incomparable
1099,3011,weaker
1099,3418,weaker
1100,442,weaker
1100,1143,stronger
1101,1246,incomparable
1101,3014,stronger
1102,93,equivalent
1102,1899,equivalent
1102,3702,weaker
1102,3808,weaker
1102,4095,weaker
1102,4332,weaker
1103,1114,equivalent
1103,2009,weaker
1103,2224,equivalent
1103,3076,weaker
1103,3564,weaker
1103,3886,weaker
1103,4518,weaker
1104,2022,stronger
1105,2753,weaker
1105,3774,weaker
1105,3827,weaker
1106,4497,weaker
1107,320,weaker
1107,1944,equivalent
1107,2556,equivalent
1107,2854,weaker
1108,2840,equivalent
1108,4409,weaker
1109,840,incomparable
1109,2324,stronger
1109,4058,incomparable
1110,4498,incomparable
1111,3252,equivalent
1111,3559,weaker
1111,4373,weaker
1112,933,stronger
1112,1993,incomparable
1113,668,stronger
1114,592,equivalent
1116,387,weaker
1116,533,equivalent
1116,2469,weaker
1116,4276,weaker
1118,1728,weaker
1118,1833,weaker
1118,2148,weaker
1119,4472,incomparable
1121,3657,weaker
1122,693,stronger
1122,3635,incomparable
1123,1555,equivalent
1123,2470,weaker
1123,3294,weaker
1124,167,weaker
1124,3708,weaker
1125,2392,stronger
1125,3981,incomparable
1126,1029,weaker
1126,1050,weaker
1126,1816,weaker
1126,2220,equivalent
1126,3940,weaker
1126,4204,weaker
1126,4250,weaker
1127,3251,equivalent
1128,1345,equivalent
1128,2968,weaker
1128,3197,weaker
1129,811,incomparable
1130,98,equivalent
1130,1257,weaker
1130,1522,equivalent
1130,3605,weaker
1130,3683,weaker
1131,80,stronger
1131,2674,incomparable
1131,3302,incomparable
1133,682,incomparable
1133,2593,stronger
1134,3615,weaker
1134,3815,weaker
1135,3643,weaker
1137,1847,incomparable
1137,2015,stronger
1137,3452,incomparable
1138,3376,weaker
1139,22,equivalent
1139,846,weaker
1140,179,weaker
1140,718,equivalent
1140,1121,equivalent
1140,1957,equivalent
1142,266,weaker
1142,1424,equivalent
1142,2778,weaker
1142,3354,weaker
1143,95,equivalent
1144,101,weaker
1144,2864,weaker
1144,3022,equivalent
1144,4385,weaker
1145,3327,weaker
1146,1704,stronger
1146,4560,incomparable
1147,906,weaker
1147,909,weaker
1147,1922,weaker
1148,3393,weaker
1148,4298,weaker
1150,67,stronger
1150,1808,stronger
1150,2981,stronger
1151,959,equivalent
1151,1777,equivalent
1151,1996,weaker
1151,2633,weaker
1152,3803,incomparable
1153,3039,weaker
1153,3323,weaker
1154,1270,weaker
1154,1330,stronger
1154,4051,incomparable
1155,3811,incomparable
1156,222,weaker
1157,2680,weaker
1157,2939,weaker
1158,3721,incomparable
1158,3752,incomparable
1159,149,equivalent
1159,1031,weaker
1159,2118,equivalent
1159,4330,weaker
1160,3768,weaker
1161,173,equivalent
1162,1192,weaker
1162,2669,weaker
1162,2921,equivalent
1162,2930,equivalent
1163,1443,incomparable
1163,3338,weaker
1163,3419,incomparable
1165,281,incomparable
1165,431,incomparable
1165,2450,incomparable
1165,3567,weaker
1166,1841,weaker
1168,518,equivalent
1168,1838,weaker
1168,2947,weaker
1169,286,weaker
1169,4015,weaker
1170,708,equivalent
1171,3089,incomparable
1171,3779,incomparable
1171,3912,incomparable
1172,637,weaker
1173,1359,equivalent
1174,776,equivalent
1174,1705,weaker
1174,2079,weaker
1175,3066,incomparable
1175,4053,incomparable
1176,60,weaker
1176,3636,weaker
1177,807,equivalent
1177,1051,weaker
1177,4162,weaker
1178,137,equivalent
1178,3799,weaker
1179,3041,equivalent
1180,1713,equivalent
1180,2162,incomparable
1180,2461,incomparable
1180,3757,incomparable
1181,1822,stronger
1183,1726,weaker
1184,1099,stronger
1184,1571,stronger
1184,3808,incomparable
1184,4108,incomparable
1186,2397,equivalent
1187,361,weaker
1187,1928,equivalent
1187,2335,weaker
1188,1798,stronger
1189,4003,weaker
1190,226,equivalent
1190,228,weaker
1190,325,weaker
1190,1053,weaker
1190,1110,weaker
1191,504,weaker
1192,528,weaker
1192,1117,incomparable
1193,918,equivalent
1193,1944,equivalent
1193,3830,weaker
1193,4363,weaker
1194,644,weaker
1194,2406,weaker
1194,4326,weaker
1195,508,weaker
1195,3515,weaker
1195,4484,weaker
1196,1220,equivalent
1196,2766,equivalent
1196,3765,weaker
1197,241,stronger
1197,1658,incomparable
1197,2374,stronger
1197,2814,stronger
1197,4114,incomparable
1198,1924,weaker
1198,4184,weaker
1199,325,weaker
1199,4395,weaker
1200,1964,weaker
1201,567,equivalent
1201,3983,weaker
1202,1357,stronger
1202,4104,incomparable
1203,191,equivalent
1203,1276,weaker
1203,1969,equivalent
1203,2797,equivalent
1204,162,weaker
1204,2925,weaker
1206,1201,equivalent
1206,2212,weaker
1206,2334,equivalent
1207,448,incomparable
1207,1547,incomparable
1208,4530,weaker
1209,3006,equivalent
1210,2064,weaker
1210,4219,weaker
1210,4569,weaker
1212,2469,incomparable
1212,3101,incomparable
1213,1131,weaker
1214,77,equivalent
1214,3025,equivalent
1215,1258,weaker
1215,3573,weaker
1216,495,weaker
1216,596,equivalent
1216,4574,weaker
1217,473,weaker
1218,2382,equivalent
1219,2971,equivalent
1219,4144,weaker
1219,4151,weaker
1220,1286,weaker
1220,2669,weaker
1221,706,weaker
1221,4469,weaker
1222,804,equivalent
1222,2575,weaker
1224,1699,incomparable
1224,3778,incomparable
1224,3801,incomparable
1225,1137,incomparable
1225,1579,stronger
1225,4425,incomparable
1226,529,stronger
1228,2945,stronger
1228,3004,stronger
1228,4223,incomparable
1229,2875,incomparable
1231,4445,incomparable
1231,4694,incomparable
1232,1404,stronger
1234,1361,stronger
1234,2415,incomparable
1235,991,stronger
1236,120,incomparable
1236,1358,incomparable
1236,3766,incomparable
1236,4555,incomparable
1238,1307,stronger
1238,4560,incomparable
1239,478,stronger
1239,1624,stronger
1239,3513,incomparable
1240,2812,incomparable
1240,4072,incomparable
1241,431,stronger
1241,1102,stronger
1241,2343,stronger
1242,1483,incomparable
1242,3555,incomparable
1242,4405,incomparable
1243,1649,incomparable
1243,2267,incomparable
1243,3484,incomparable
1243,4086,incomparable
1245,53,incomparable
1245,2189,stronger
1245,4055,incomparable
1246,1242,weaker
1246,2703,stronger
1246,3989,incomparable
1248,262,incomparable
1248,1734,stronger
1248,3134,stronger
1248,3473,incomparable
1249,957,stronger
1249,3908,incomparable
1249,4344,incomparable
1250,2521,incomparable
1251,936,stronger
1252,260,incomparable
1252,999,incomparable
1252,2006,stronger
1252,2159,stronger
1252,2823,stronger
1252,4301,incomparable
1253,314,incomparable
1253,1538,stronger
1253,4111,incomparable
1253,4236,incomparable
1254,2243,incomparable
1254,2502,stronger
1254,3845,incomparable
1255,2357,stronger
1255,3495,incomparable
1255,4432,incomparable
1256,2165,incomparable
1256,2533,incomparable
1256,2729,stronger
1256,4370,incomparable
1257,2204,stronger
1257,2827,stronger
1258,1420,stronger
1258,1451,incomparable
1259,33,stronger
1259,3126,incomparable
1259,3896,incomparable
1260,430,incomparable
1260,1673,incomparable
1261,2006,stronger
1263,2129,stronger
1263,2499,incomparable
1265,22,stronger
1265,1529,stronger
1266,2454,incomparable
1266,2982,incomparable
1266,3849,incomparable
1267,1434,incomparable
1267,2793,stronger
1267,3324,incomparable
1269,1211,stronger
1269,1309,stronger
1269,1434,weaker
1269,2574,stronger
1270,2034,stronger
1270,3832,incomparable
1271,1521,incomparable
1272,331,weaker
1272,4249,incomparable
1273,1658,weaker
1273,2284,weaker
1273,3960,incomparable
1275,868,incomparable
1276,2676,incomparable
1276,3732,incomparable
1276,4138,incomparable
1277,1313,weaker
1277,2198,equivalent
1277,4580,weaker
1278,325,incomparable
1278,2597,stronger
1279,998,stronger
1279,2841,incomparable
1279,3238,stronger
1279,3886,incomparable
1280,1307,weaker
1280,2047,weaker
1280,2568,equivalent
1281,1135,stronger
1281,2795,incomparable
1282,2184,equivalent
1282,3205,weaker
1283,90,weaker
1283,431,weaker
1283,638,weaker
1283,1026,weaker
1283,1028,weaker
1283,2389,weaker
1283,3352,weaker
1284,2370,weaker
1284,2825,equivalent
1285,4092,incomparable
1286,337,incomparable
1286,1209,stronger
1286,1830,stronger
1286,4291,incomparable
1287,201,equivalent
1287,518,equivalent
1287,872,weaker
1287,2688,weaker
1287,3330,weaker
1287,4574,weaker
1288,529,stronger
1289,2748,stronger
1290,1203,equivalent
1290,1643,weaker
1290,2538,weaker
1290,3193,weaker
1290,4549,weaker
1291,1584,stronger
1291,3626,incomparable
1292,5,weaker
1292,1821,weaker
1292,3199,equivalent
1293,2302,stronger
1293,3536,incomparable
1293,3622,incomparable
1295,3875,incomparable
1296,3366,weaker
1297,1941,weaker
1297,3537,weaker
1298,597,equivalent
1298,1648,weaker
1299,799,stronger
1300,309,weaker
1300,4028,weaker
1301,820,incomparable
1301,991,stronger
1301,3470,incomparable
1302,2756,equivalent
1303,2303,incomparable
1303,4647,incomparable
1304,37,stronger
1304,4288,incomparable
1306,3683,weaker
1307,2865,incomparable
1308,1022,weaker
1308,1104,weaker
1309,2203,weaker
1309,3003,equivalent
1309,3298,weaker
1310,758,equivalent
1310,4320,weaker
1311,3169,equivalent
1312,3003,stronger
1314,2057,weaker
1315,1708,stronger
1315,2039,incomparable
1315,2281,incomparable
1315,3203,stronger
1316,617,incomparable
1316,1162,stronger
1316,3009,stronger
1317,1249,weaker
1318,222,incomparable
1318,843,incomparable
1318,4221,weaker
1319,2483,weaker
1319,3987,weaker
1321,2984,equivalent
1321,3726,weaker
1321,4149,weaker
1321,4170,weaker
1322,1427,incomparable
1322,2811,stronger
1323,282,stronger
1324,341,weaker
1324,1629,weaker
1324,2436,equivalent
1327,1254,weaker
1328,3390,incomparable
1328,3922,incomparable
1329,481,weaker
1329,1620,equivalent
1330,229,weaker
1330,705,equivalent
1330,3014,equivalent
1330,4411,weaker
1332,91,stronger
1332,3867,weaker
1333,657,weaker
1333,1700,equivalent
1333,2722,weaker
1334,2107,incomparable
1334,3583,incomparable
1335,358,weaker
1336,2056,incomparable
1337,330,weaker
1337,2148,weaker
1337,2709,weaker
1338,2109,equivalent
1338,3872,weaker
1338,3916,weaker
1339,541,weaker
1339,4640,weaker
1340,2127,incomparable
1340,2559,stronger
1341,2953,equivalent
1341,4266,weaker
1343,1821,weaker
1343,3737,weaker
1344,1964,incomparable
1344,2034,stronger
1344,4213,weaker
1346,283,weaker
1346,2223,equivalent
1346,2415,weaker
1346,2644,weaker
1346,2839,equivalent
1347,1974,equivalent
1347,2192,equivalent
1347,4095,weaker
1347,4405,weaker
1348,1537,weaker
1348,4575,weaker
1349,2415,incomparable
1349,2612,stronger
1350,2367,equivalent
1351,2202,equivalent
1352,899,equivalent
1352,2230,equivalent
1352,3622,weaker
1354,2737,weaker
1354,2992,weaker
1354,4089,weaker
1355,1561,incomparable
1355,1698,stronger
1356,2931,weaker
1357,2757,stronger
1357,3855,incomparable
1358,18,stronger
1358,563,stronger
1358,1204,stronger
1358,2158,stronger
1358,2738,stronger
1359,362,weaker
1359,1686,equivalent
1359,3534,weaker
1360,625,weaker
1360,1817,equivalent
1360,3206,equivalent
1360,3299,weaker
1362,563,equivalent
1362,2969,equivalent
1362,3242,weaker
1363,374,weaker
1363,1466,weaker
1363,1535,weaker
1363,2595,equivalent
1363,3671,weaker
1364,3738,weaker
1364,4334,weaker
1365,3411,weaker
1366,1693,stronger
1366,3480,incomparable
1367,364,weaker
1369,4674,weaker
1370,963,stronger
1370,1183,stronger
1370,2611,stronger
1370,3502,incomparable
1371,977,weaker
1372,1612,equivalent
1372,1996,weaker
1372,3718,weaker
1372,4159,weaker
1373,4,weaker
1373,2459,weaker
1374,4042,incomparable
1374,4344,incomparable
1375,1759,weaker
1375,2579,weaker
1376,2520,equivalent
1376,4352,weaker
1377,700,equivalent
1377,1816,weaker
1377,2139,equivalent
1377,3113,weaker
1378,3177,stronger
1378,4430,incomparable
1379,1345,equivalent
1380,1816,weaker
1380,2673,weaker
1381,955,weaker
1381,1397,equivalent
1381,2294,weaker
1381,2641,equivalent
1381,3698,weaker
1382,2310,weaker
1384,904,stronger
1384,933,stronger
1384,2841,incomparable
1385,130,weaker
1385,3635,weaker
1386,661,weaker
1386,2157,equivalent
1387,445,incomparable
1387,4199,incomparable
1387,4219,incomparable
1388,2928,weaker
1388,4181,weaker
1390,540,equivalent
1390,3132,equivalent
1390,4198,weaker
1391,1,weaker
1391,2523,stronger
1391,3147,incomparable
1392,612,equivalent
1392,2195,weaker
1393,561,equivalent
1394,1879,weaker
1395,3990,incomparable
1396,9,weaker
1397,3952,weaker
1397,4465,weaker
1398,3992,weaker
1399,3271,weaker
1400,223,stronger
1401,2434,equivalent
1401,4652,weaker
1402,2496,weaker
1402,3287,weaker
1402,3707,weaker
1403,2116,weaker
1404,1118,equivalent
1404,2765,weaker
1405,786,incomparable
1405,2033,stronger
1406,3286,weaker
1408,1632,weaker
1409,2250,weaker
1409,3564,weaker
1411,804,equivalent
1411,1607,equivalent
1411,2570,equivalent
1412,1002,equivalent
1414,2779,weaker
1415,396,incomparable
1415,590,stronger
1417,716,weaker
1417,1538,equivalent
1417,2011,equivalent
1418,1312,weaker
1418,3446,weaker
1420,4690,incomparable
1421,569,equivalent
1421,2579,weaker
1421,3511,weaker
1422,1711,equivalent
1422,2971,equivalent
1422,4176,weaker
1423,1059,weaker
1423,4407,weaker
1424,669,weaker
1424,1454,weaker
1424,1893,equivalent
1424,2130,weaker
1424,3806,weaker
1425,358,weaker
1425,1719,weaker
1426,485,stronger
1426,2282,stronger
1426,3682,incomparable
1426,3744,incomparable
1426,4147,incomparable
1426,4630,incomparable
1427,2909,incomparable
1428,1360,stronger
1428,1637,incomparable
1428,1986,stronger
1428,2406,incomparable
1428,4140,incomparable
1429,1146,incomparable
1429,3535,incomparable
1429,4581,incomparable
1430,1679,stronger
1430,3981,incomparable
1431,994,stronger
1431,1050,incomparable
1431,4451,incomparable
1432,2614,stronger
1432,3725,incomparable
1432,4061,incomparable
1432,4188,incomparable
1433,1558,incomparable
1434,3025,stronger
1435,1435,equivalent
1435,2143,stronger
1435,2211,stronger
1435,3047,stronger
1435,4077,incomparable
1436,1666,equivalent
1436,3568,incomparable
1437,136,stronger
1437,3199,stronger
1438,4232,incomparable
1439,749,incomparable
1439,3235,stronger
1440,1131,incomparable
1441,663,stronger
1442,218,incomparable
1442,2976,stronger
1442,4118,incomparable
1443,1149,stronger
1444,874,stronger
1444,1845,incomparable
1444,2264,incomparable
1444,2272,stronger
1444,4235,incomparable
1445,2142,stronger
1445,2512,stronger
1445,3162,stronger
1446,426,incomparable
1446,2242,stronger
1447,881,stronger
1447,1149,stronger
1447,2167,incomparable
1448,4550,incomparable
1449,2597,stronger
1450,302,incomparable
1450,2111,incomparable
1450,4360,weaker
1451,274,incomparable
1452,573,stronger
1452,3483,incomparable
1452,4599,incomparable
1453,140,stronger
1453,740,incomparable
1453,2489,incomparable
1454,2467,incomparable
1455,1805,stronger
1456,505,stronger
1456,512,stronger
1456,1823,stronger
1457,362,incomparable
1457,1705,incomparable
1457,3975,incomparable
1458,2312,stronger
1459,1283,stronger
1459,2025,stronger
1461,460,stronger
1461,562,incomparable
1462,1368,incomparable
1462,4389,incomparable
1463,1338,stronger
1464,1693,stronger
1467,1737,stronger
1467,2468,stronger
1467,3533,incomparable
1467,3777,incomparable
1467,4153,incomparable
1468,3176,incomparable
1469,827,incomparable
1469,1329,stronger
1469,1339,stronger
1469,1916,incomparable
1469,2823,stronger
1469,4474,incomparable
1470,1644,incomparable
1470,2620,stronger
1471,681,stronger
1472,108,incomparable
1472,796,incomparable
1472,4263,incomparable
1474,690,incomparable
1474,3328,weaker
1477,3243,stronger
1477,4202,incomparable
1477,4662,incomparable
1478,3703,incomparable
1478,4585,incomparable
1479,455,incomparable
1479,608,incomparable
1479,2479,incomparable
1479,3045,stronger
1479,3584,incomparable
1480,1420,incomparable
1480,1764,incomparable
1481,3561,incomparable
1481,3928,incomparable
1481,3953,incomparable
1482,651,incomparable
1482,953,stronger
1482,3275,incomparable
1483,361,incomparable
1483,726,stronger
1485,1220,stronger
1485,1266,incomparable
1485,3158,stronger
1486,1478,weaker
1486,1616,stronger
1488,2992,incomparable
1489,2124,incomparable
1489,2641,stronger
1489,3457,incomparable
1491,266,incomparable
1493,641,weaker
1494,1013,stronger
1495,361,weaker
1495,1751,equivalent
1495,2937,weaker
1496,3047,stronger
1496,3318,incomparable
1497,3483,weaker
1498,486,stronger
1498,2972,stronger
1499,886,equivalent
1499,1054,weaker
1499,3021,equivalent
1499,4226,weaker
1500,485,equivalent
1500,1373,equivalent
1500,3212,equivalent
1501,96,equivalent
1501,243,equivalent
1501,253,equivalent
1501,1238,weaker
1501,1343,equivalent
1502,2512,stronger
1502,3305,incomparable
1503,2173,weaker
1503,4008,weaker
1504,4318,incomparable
1505,4522,weaker
1506,1137,incomparable
1506,2896,incomparable
1506,3089,incomparable
1507,888,stronger
1507,2513,incomparable
1507,3489,incomparable
1507,4392,incomparable
1508,1100,weaker
1508,1321,equivalent
1509,858,weaker
1509,2279,weaker
1509,3728,weaker
1510,3123,stronger
1510,3990,incomparable
1510,4591,incomparable
1511,4355,weaker
1512,455,weaker
1512,1346,equivalent
1513,9,weaker
1514,119,equivalent
1514,719,weaker
1514,2691,weaker
1515,53,incomparable
1515,374,incomparable
1515,1840,incomparable
1515,2640,stronger
1515,3138,stronger
1517,987,equivalent
1517,1458,weaker
1518,46,incomparable
1518,4081,incomparable
1519,1341,stronger
1520,4377,weaker
1521,220,stronger
1521,3450,incomparable
1521,3965,weaker
1521,4184,incomparable
1523,1243,incomparable
1523,4687,incomparable
1524,2780,equivalent
1524,3310,weaker
1524,4009,weaker
1525,1218,stronger
1526,616,incomparable
1526,2877,incomparable
1528,2892,incomparable
1528,4003,incomparable
1528,4432,incomparable
1530,1112,weaker
1530,1942,equivalent
1530,3080,weaker
1530,4039,weaker
1531,1517,stronger
1531,2474,incomparable
1532,600,equivalent
1532,2081,weaker
1532,3329,weaker
1533,131,equivalent
1534,120,weaker
1534,3887,weaker
1535,4081,incomparable
1536,1679,weaker
1536,2072,weaker
1536,2968,weaker
1538,223,equivalent
1538,299,equivalent
1538,3984,weaker
1538,4371,weaker
1540,665,weaker
1541,1124,equivalent
1541,4455,weaker
1541,4535,weaker
1542,260,weaker
1542,530,equivalent
1542,2719,equivalent
1542,4075,weaker
1543,984,stronger
1544,1562,equivalent
1544,3283,weaker
1546,221,weaker
1546,1070,weaker
1547,3740,incomparable
1548,991,equivalent
1549,1358,weaker
1550,4425,weaker
1551,1379,equivalent
1552,854,incomparable
1552,1473,weaker
1553,2535,equivalent
1553,4434,weaker
1554,563,equivalent
1554,579,weaker
1554,3025,equivalent
1555,1509,equivalent
1556,2670,incomparable
1557,966,equivalent
1557,3897,weaker
1558,602,stronger
1558,2155,stronger
1558,2997,stronger
1559,425,weaker
1559,1832,weaker
1559,1896,equivalent
1560,3935,incomparable
1562,501,weaker
1562,1344,weaker
1562,2474,weaker
1563,1023,weaker
1563,1835,weaker
1563,2761,weaker
1563,4246,weaker
1564,2293,incomparable
1565,594,equivalent
1565,936,equivalent
1565,1675,weaker
1566,467,weaker
1566,2463,weaker
1566,2989,equivalent
1567,1932,weaker
1568,2189,equivalent
1568,3686,weaker
1569,437,incomparable
1569,1848,incomparable
1569,2040,incomparable
1569,2199,incomparable
1569,2377,stronger
1570,1194,equivalent
1570,4177,weaker
1571,2408,stronger
1572,2788,equivalent
1572,3196,equivalent
1573,1733,stronger
1575,914,weaker
1576,1166,equivalent
1576,1754,equivalent
1576,3710,weaker
1577,1627,stronger
1577,1999,stronger
1577,2307,stronger
1577,3442,incomparable
1577,4110,incomparable
1578,1776,weaker
1578,3790,weaker
1579,1283,equivalent
1579,1592,equivalent
1579,3339,weaker
1580,189,equivalent
1581,75,weaker
1581,444,incomparable
1581,2818,stronger
1581,3965,weaker
1582,962,weaker
1582,3513,weaker
1583,1402,equivalent
1583,1943,weaker
1584,2402,weaker
1584,2568,equivalent
1584,3375,weaker
1584,4123,weaker
1585,246,weaker
1586,609,stronger
1586,1385,stronger
1587,599,stronger
1587,4437,incomparable
1588,982,equivalent
1588,2580,equivalent
1588,2820,equivalent
1588,4533,weaker
1589,3519,weaker
1589,4681,weaker
1590,2326,stronger
1590,2505,stronger
1590,3962,incomparable
1591,178,equivalent
1591,4221,weaker
1592,4090,weaker
1592,4637,weaker
1594,1716,stronger
1594,2349,incomparable
1594,2532,stronger
1595,1245,weaker
1596,1918,equivalent
1596,2780,equivalent
1596,3668,weaker
1597,1304,weaker
1597,2018,equivalent
1600,2771,equivalent
1600,3590,weaker
1602,593,weaker
1602,4308,weaker
1603,3860,incomparable
1603,4130,incomparable
1603,4513,incomparable
1603,4622,weaker
1604,2025,equivalent
1604,2494,weaker
1605,3256,weaker
1605,3363,weaker
1605,4308,weaker
1605,4473,weaker
1606,401,weaker
1606,718,equivalent
1606,3820,weaker
1607,1028,weaker
1607,1139,equivalent
1608,96,stronger
1608,1236,incomparable
1608,2028,stronger
1610,861,weaker
1611,3969,weaker
1612,2385,weaker
1612,3494,weaker
1612,4177,weaker
1613,1424,stronger
1613,2572,stronger
1613,2573,incomparable
1613,3645,incomparable
1613,4092,incomparable
1614,862,weaker
1614,1382,equivalent
1614,3187,equivalent
1615,2047,weaker
1615,2396,equivalent
1615,2939,weaker
1615,3360,weaker
1617,3136,equivalent
1617,4202,weaker
1618,1234,incomparable
1618,2020,stronger
1618,2267,incomparable
1618,3020,stronger
1620,1938,equivalent
1620,2991,equivalent
1621,2183,equivalent
1621,3103,weaker
1622,566,weaker
1623,716,weaker
1624,2804,weaker
1626,3467,weaker
1627,625,weaker
1627,729,equivalent
1627,1618,weaker
1627,2640,equivalent
1627,3009,equivalent
1627,3824,weaker
1627,4394,weaker
1628,1382,equivalent
1628,4602,weaker
1629,1266,incomparable
1630,472,stronger
1630,2456,incomparable
1630,2716,incomparable
1631,3835,incomparable
1632,604,stronger
1632,1810,stronger
1633,3373,incomparable
1633,3838,incomparable
1634,1671,stronger
1634,4126,incomparable
1635,4146,incomparable
1637,2045,incomparable
1637,2628,stronger
1637,2799,stronger
1638,1500,stronger
1639,2157,stronger
1640,2443,incomparable
1641,2121,stronger
1642,3394,incomparable
1642,4677,incomparable
1643,2137,incomparable
1643,2298,stronger
1643,3724,incomparable
1644,599,stronger
1644,2934,stronger
1645,274,incomparable
1645,1209,stronger
1645,2706,incomparable
1645,4299,incomparable
1645,4434,incomparable
1645,4556,incomparable
1646,1848,weaker
1647,390,incomparable
1647,2817,stronger
1648,4556,incomparable
1650,4689,incomparable
1651,3000,stronger
1651,3034,incomparable
1652,1884,incomparable
1653,1965,stronger
1653,2244,weaker
1653,3814,incomparable
1654,666,incomparable
1655,1741,stronger
1655,3055,incomparable
1655,3178,stronger
1657,324,incomparable
1657,1104,stronger
1657,2973,incomparable
1658,1824,stronger
1658,3509,incomparable
1660,743,stronger
1660,2115,incomparable
1660,3408,incomparable
1660,3606,incomparable
1660,4671,incomparable
1661,3597,incomparable
1663,410,incomparable
1663,4117,incomparable
1664,683,stronger
1664,1144,stronger
1664,2721,stronger
1664,4079,incomparable
1665,350,incomparable
1665,1009,incomparable
1665,1404,stronger
1665,1883,equivalent
1665,2993,stronger
1666,2192,stronger
1666,2477,weaker
1666,2597,stronger
1666,2629,stronger
1667,1737,stronger
1669,2812,incomparable
1670,325,incomparable
1670,2770,incomparable
1670,4407,incomparable
1671,1393,stronger
1671,3469,weaker
1671,4049,incomparable
1672,1031,incomparable
1672,2088,incomparable
1672,2624,stronger
1673,3468,incomparable
1673,3996,incomparable
1674,3502,incomparable
1674,4095,incomparable
1675,2637,stronger
1676,672,incomparable
1676,2192,stronger
1677,1155,incomparable
1677,1548,stronger
1677,2473,weaker
1678,773,stronger
1678,945,stronger
1678,4022,incomparable
1679,1051,incomparable
1679,2050,incomparable
1679,3440,incomparable
1679,4108,incomparable
1679,4351,incomparable
1680,4066,weaker
1682,1520,stronger
1682,2770,incomparable
1683,45,weaker
1684,740,incomparable
1684,1585,stronger
1684,2780,stronger
1685,2038,incomparable
1685,2139,stronger
1686,2010,equivalent
1686,2919,weaker
1687,2685,incomparable
1687,3616,incomparable
1687,4607,incomparable
1688,1449,weaker
1688,3334,weaker
1688,3848,weaker
1688,4425,weaker
1689,553,equivalent
1689,1947,equivalent
1689,2245,weaker
1689,4396,weaker
1690,833,weaker
1690,3414,weaker
1690,3495,weaker
1691,2466,incomparable
1691,4479,incomparable
1693,1301,weaker
1693,1339,equivalent
1693,1552,weaker
1693,1763,weaker
1693,2494,weaker
1694,2239,incomparable
1694,3649,incomparable
1696,42,weaker
1696,740,weaker
1696,2973,weaker
1697,4374,incomparable
1698,4473,weaker
1699,386,incomparable
1699,1427,incomparable
1699,1970,incomparable
1699,3471,incomparable
1699,3539,incomparable
1701,2074,incomparable
1701,2979,incomparable
1701,3860,incomparable
1701,4392,incomparable
1702,1325,weaker
1702,1617,equivalent
1702,4040,weaker
1703,2391,equivalent
1704,4126,weaker
1705,2127,weaker
1705,3600,incomparable
1705,3658,incomparable
1706,971,equivalent
1706,1903,equivalent
1706,1989,equivalent
1706,3915,weaker
1706,4073,weaker
1707,1008,stronger
1707,4384,incomparable
1708,327,weaker
1708,2852,weaker
1709,2797,stronger
1709,4251,incomparable
1710,3118,incomparable
1711,1020,weaker
1711,1284,equivalent
1711,1381,equivalent
1711,2234,equivalent
1711,2751,equivalent
1711,3875,weaker
1711,4214,weaker
1712,3253,weaker
1713,2233,stronger
1713,4285,incomparable
1714,1365,equivalent
1715,3024,weaker
1717,849,weaker
1717,3191,equivalent
1718,3602,incomparable
1718,4336,incomparable
1719,445,incomparable
1719,879,incomparable
1719,1320,incomparable
1719,4616,incomparable
1720,1241,weaker
1720,3011,weaker
1721,1741,stronger
1721,3629,incomparable
1721,3833,incomparable
1722,2533,incomparable
1722,3936,incomparable
1722,4615,incomparable
1723,2483,weaker
1723,2505,equivalent
1724,1600,stronger
1724,3082,incomparable
1724,3984,incomparable
1726,870,incomparable
1726,1416,stronger
1729,145,stronger
1729,1566,stronger
1729,2128,incomparable
1729,2986,stronger
1730,2170,weaker
1730,2171,equivalent
1731,263,incomparable
1731,1449,incomparable
1732,1455,weaker
1733,738,equivalent
1733,4402,weaker
1734,840,incomparable
1735,373,weaker
1735,681,equivalent
1735,1905,equivalent
1735,3680,weaker
1736,998,equivalent
1736,4584,weaker
1737,196,equivalent
1738,157,incomparable
1738,1870,incomparable
1738,3247,stronger
1739,672,weaker
1739,2531,weaker
1740,30,stronger
1740,1101,incomparable
1740,1481,incomparable
1742,562,incomparable
1742,3103,incomparable
1742,3965,incomparable
1742,4662,incomparable
1743,1305,equivalent
1743,4534,weaker
1744,1058,weaker
1744,2719,equivalent
1745,424,weaker
1746,2877,incomparable
1746,3932,incomparable
1747,1101,weaker
1748,2962,equivalent
1749,613,equivalent
1749,674,equivalent
1750,1406,stronger
1750,2110,stronger
1750,2651,incomparable
1750,4686,incomparable
1751,467,weaker
1751,1053,weaker
1751,2240,weaker
1751,2708,equivalent
1753,1206,equivalent
1753,2367,equivalent
1754,16,weaker
1754,1874,weaker
1754,2860,weaker
1755,2703,stronger
1755,4175,weaker
1756,2550,weaker
1757,2387,equivalent
1757,2668,weaker
1757,4505,weaker
1758,4626,weaker
1759,1140,stronger
1760,2927,weaker
1760,3521,weaker
1761,177,incomparable
1761,1200,stronger
1761,3557,incomparable
1761,4584,incomparable
1762,3349,weaker
1763,982,stronger
1763,3362,incomparable
1763,4618,incomparable
1764,819,incomparable
1765,476,weaker
1767,3494,incomparable
1767,3783,incomparable
1767,4101,incomparable
1768,1691,weaker
1768,3153,equivalent
1769,2111,weaker
1769,2258,weaker
1769,4570,weaker
1770,1440,weaker
1770,2098,weaker
1770,2873,weaker
1771,165,weaker
1771,816,equivalent
1771,4520,weaker
1772,1258,weaker
1772,2770,incomparable
1772,3629,incomparable
1773,565,equivalent
1773,1010,equivalent
1774,618,incomparable
1774,4642,incomparable
1774,4649,incomparable
1775,751,equivalent
1775,1685,weaker
1775,2094,equivalent
1775,2356,equivalent
1775,2988,equivalent
1775,3175,equivalent
1775,3413,weaker
1776,319,incomparable
1777,4316,weaker
1778,2190,weaker
1778,2285,weaker
1778,4497,weaker
1779,1171,weaker
1779,3187,equivalent
1780,3165,stronger
1781,4692,weaker
1782,1693,equivalent
1784,2103,equivalent
1784,3427,incomparable
1784,3800,incomparable
1785,1210,equivalent
1785,1482,weaker
1785,3683,weaker
1785,4293,weaker
1786,3324,weaker
1787,180,equivalent
1787,323,weaker
1787,1639,weaker
1787,4593,weaker
1788,538,equivalent
1788,1224,weaker
1788,3097,weaker
1788,3192,equivalent
1788,3726,weaker
1789,484,stronger
1790,3387,incomparable
1790,4105,incomparable
1791,88,equivalent
1792,479,weaker
1792,1665,weaker
1792,1965,equivalent
1792,2686,weaker
1792,3606,weaker
1793,33,stronger
1793,108,incomparable
1793,322,incomparable
1794,2095,equivalent
1795,256,weaker
1796,501,weaker
1797,624,incomparable
1797,3185,incomparable
1797,4549,incomparable
1798,590,equivalent
1798,940,equivalent
1799,2028,equivalent
1799,4061,weaker
1800,1136,equivalent
1801,77,stronger
1801,3031,stronger
1801,3430,incomparable
1802,1682,weaker
1802,1780,weaker
1802,3534,weaker
1804,1546,equivalent
1805,842,weaker
1805,1125,weaker
1805,1774,weaker
1805,3793,weaker
1807,1227,weaker
1807,3126,weaker
1807,3243,equivalent
1808,4565,weaker
1809,1946,equivalent
1809,2938,equivalent
1810,1550,equivalent
1811,3626,incomparable
1811,3660,incomparable
1811,4397,incomparable
1812,1200,equivalent
1814,281,weaker
1814,869,weaker
1814,1091,equivalent
1815,449,weaker
1816,2456,incomparable
1817,1513,equivalent
1818,3536,weaker
1818,3548,weaker
1818,4093,weaker
1819,3144,equivalent
1819,4476,weaker
1820,1822,equivalent
1820,2199,weaker
1821,3990,incomparable
1822,3916,weaker
1823,215,weaker
1823,3767,weaker
1823,4455,weaker
1824,3114,equivalent
1825,24,weaker
1826,793,stronger
1826,1371,stronger
1827,449,weaker
1827,2568,equivalent
1827,3044,weaker
1827,3743,weaker
1829,2229,equivalent
1830,989,weaker
1830,2057,weaker
1830,2547,equivalent
1830,3543,weaker
1832,2791,incomparable
1832,3398,incomparable
1832,3403,incomparable
1833,127,incomparable
1834,730,stronger
1834,820,incomparable
1835,955,incomparable
1835,3216,stronger
1837,3820,incomparable
1837,4302,incomparable
1839,1883,stronger
1840,111,incomparable
1840,2188,stronger
1840,2518,stronger
1842,4631,weaker
1843,408,incomparable
1843,1127,stronger
1843,4152,incomparable
1843,4648,incomparable
1844,34,incomparable
1844,2189,stronger
1844,3034,incomparable
1844,3797,incomparable
1845,3078,incomparable
1846,4620,incomparable
1847,632,incomparable
1847,3745,incomparable
1848,542,stronger
1849,4274,incomparable
1849,4404,incomparable
1849,4611,incomparable
1849,4675,incomparable
1850,997,stronger
1850,2614,stronger
1851,680,incomparable
1852,1879,incomparable
1853,3738,incomparable
1854,903,stronger
1854,3276,incomparable
1855,2226,stronger
1856,1253,incomparable
1856,4182,incomparable
1857,682,incomparable
1857,2048,incomparable
1857,3917,incomparable
1857,4342,incomparable
1858,920,stronger
1859,2951,stronger
1860,3252,stronger
1860,3301,incomparable
1860,3603,incomparable
1861,828,incomparable
1861,3036,stronger
1861,3099,incomparable
1862,2242,stronger
1862,2282,incomparable
1862,3488,incomparable
1863,2690,incomparable
1863,4605,incomparable
1864,2044,incomparable
1865,229,incomparable
1865,512,stronger
1865,886,stronger
1865,1649,stronger
1866,2393,incomparable
1866,3093,weaker
1867,2311,stronger
1867,2988,stronger
1867,3248,stronger
1867,3633,incomparable
1868,1230,incomparable
1868,2485,incomparable
1868,4173,incomparable
1869,1413,stronger
1870,3182,incomparable
1870,3466,weaker
1871,492,incomparable
1871,2250,stronger
1872,1294,stronger
1872,1512,stronger
1872,1694,incomparable
1872,2059,incomparable
1873,2593,stronger
1873,4055,incomparable
1875,122,stronger
1875,923,stronger
1876,1870,stronger
1877,493,stronger
1877,4040,incomparable
1878,1600,stronger
1878,3341,weaker
1879,814,stronger
1879,3284,incomparable
1879,4419,incomparable
1880,3101,weaker
1880,4128,weaker
1880,4586,weaker
1881,3183,stronger
1882,2663,incomparable
1882,3276,incomparable
1883,639,incomparable
1883,1314,stronger
1883,2428,stronger
1883,2442,equivalent
1883,3762,incomparable
1883,3827,incomparable
1883,4157,incomparable
1885,4597,incomparable
1886,2058,weaker
1888,252,stronger
1889,294,weaker
1889,683,equivalent
1889,4138,weaker
1890,3387,incomparable
1890,3557,incomparable
1890,4675,weaker
1891,2098,weaker
1891,2344,equivalent
1891,2578,equivalent
1891,4182,weaker
1891,4188,weaker
1892,627,weaker
1892,3697,weaker
1892,4025,weaker
1892,4325,weaker
1894,2162,incomparable
1895,1092,incomparable
1895,1637,incomparable
1895,1755,incomparable
1895,2253,incomparable
1895,3389,incomparable
1895,3985,incomparable
1896,1999,equivalent
1896,3520,weaker
1896,3608,weaker
1896,3923,weaker
1897,985,incomparable
1897,4433,incomparable
1898,1009,incomparable
1898,3056,incomparable
1899,511,weaker
1899,3333,weaker
1899,3680,weaker
1899,3935,weaker
1901,693,equivalent
1902,2710,weaker
1903,4298,weaker
1904,1424,stronger
1905,2749,weaker
1906,307,weaker
1906,1093,equivalent
1906,4176,weaker
1907,2898,weaker
1908,1057,incomparable
1908,1710,incomparable
1908,2966,stronger
1909,693,equivalent
1909,2138,equivalent
1909,2153,equivalent
1909,2691,weaker
1910,75,incomparable
1910,1134,stronger
1910,3981,incomparable
1911,4390,weaker
1912,311,incomparable
1912,807,stronger
1912,3823,incomparable
1912,4627,incomparable
1912,4651,incomparable
1913,589,stronger
1914,4272,weaker
1915,3201,weaker
1915,4545,weaker
1916,1429,incomparable
1916,2640,stronger
1918,4572,weaker
1919,752,weaker
1919,2768,equivalent
1919,3146,equivalent
1920,291,equivalent
1920,888,equivalent
1920,2816,weaker
1920,3660,weaker
1920,4410,weaker
1921,4172,incomparable
1922,1066,incomparable
1922,2997,stronger
1923,1556,weaker
1924,2124,incomparable
1924,2385,incomparable
1925,247,stronger
1925,1434,incomparable
1925,3290,incomparable
1925,4535,incomparable
1926,878,equivalent
1926,3891,weaker
1926,4285,weaker
1927,2646,incomparable
1928,4109,weaker
1929,1828,stronger
1929,2598,stronger
1930,230,equivalent
1930,3220,equivalent
1930,3263,weaker
1930,4204,weaker
1931,3042,stronger
1933,1832,weaker
1934,814,stronger
1937,2863,incomparable
1937,3981,incomparable
1938,2722,weaker
1938,4163,weaker
1939,733,equivalent
1939,4604,weaker
1940,241,equivalent
1940,1030,weaker
1940,2000,weaker
1941,2292,stronger
1941,3582,incomparable
1942,3051,weaker
1943,1499,stronger
1944,763,equivalent
1944,1838,weaker
1945,189,stronger
1945,1019,stronger
1946,427,weaker
1946,1477,weaker
1947,543,weaker
1947,3966,weaker
1948,1494,weaker
1949,589,stronger
1949,2711,stronger
1950,152,weaker
1950,693,equivalent
1950,2090,weaker
1951,58,weaker
1951,66,weaker
1951,1594,weaker
1952,196,equivalent
1952,1453,weaker
1952,2807,equivalent
1952,3020,equivalent
1953,3271,weaker
1954,247,equivalent
1954,2051,weaker
1954,3143,weaker
1954,3952,weaker
1954,4013,weaker
1955,530,equivalent
1955,2542,equivalent
1955,3637,weaker
1956,210,weaker
1956,1303,weaker
1956,3585,weaker
1957,267,weaker
1958,917,incomparable
1958,4179,incomparable
1959,2308,weaker
1959,3716,weaker
1959,4257,weaker
1959,4288,weaker
1961,4121,weaker
1961,4680,weaker
1962,3025,stronger
1962,4115,incomparable
1962,4569,incomparable
1963,406,weaker
1963,2652,weaker
1963,2922,equivalent
1963,4334,weaker
1964,2197,stronger
1964,4189,incomparable
1964,4448,incomparable
1965,3518,weaker
1966,2502,stronger
1966,3148,stronger
1966,4296,weaker
1967,49,incomparable
1967,4230,incomparable
1968,1656,weaker
1969,564,equivalent
1969,2380,equivalent
1969,3574,weaker
1970,3792,incomparable
1971,2091,weaker
1973,371,weaker
1973,478,equivalent
1973,2337,weaker
1973,2534,weaker
1973,3017,equivalent
1973,3176,weaker
1974,3119,equivalent
1975,1806,stronger
1975,3369,incomparable
1975,4080,incomparable
1976,3244,equivalent
1976,4633,weaker
1976,4688,weaker
1977,1895,incomparable
1977,2444,incomparable
1977,2720,incomparable
1978,2781,equivalent
1978,3797,weaker
1978,3810,weaker
1980,1291,weaker
1980,4067,weaker
1982,641,weaker
1982,3047,equivalent
1983,292,stronger
1983,716,incomparable
1983,1517,stronger
1983,1926,stronger
1983,2732,stronger
1983,3656,incomparable
1983,3675,incomparable
1984,2071,weaker
1986,1609,equivalent
1986,2892,weaker
1987,775,incomparable
1987,1532,stronger
1987,3405,weaker
1987,3601,incomparable
1988,269,weaker
1989,250,weaker
1989,1714,equivalent
1989,1733,equivalent
1989,2860,weaker
1989,4033,weaker
1990,377,weaker
1990,3337,weaker
1991,3087,weaker
1991,4465,weaker
1992,671,stronger
1992,1445,incomparable
1992,2614,stronger
1993,829,incomparable
1994,2875,weaker
1994,4137,weaker
1995,2066,weaker
1996,923,stronger
1996,1351,stronger
1996,2891,incomparable
1998,1874,weaker
1998,3147,weaker
1999,4199,weaker
2000,476,incomparable
2000,2563,stronger
2000,3216,stronger
2000,4419,incomparable
2000,4578,incomparable
2001,1379,equivalent
2001,2361,equivalent
2003,313,weaker
2003,4358,weaker
2004,2106,stronger
2004,3231,stronger
2005,97,equivalent
2005,982,equivalent
2005,3901,weaker
2006,4044,weaker
2006,4439,weaker
2007,4457,weaker
2008,1546,equivalent
2009,985,incomparable
2009,2302,stronger
2009,3266,incomparable
2010,1403,equivalent
2010,3062,weaker
2011,4301,weaker
2012,1119,weaker
2012,3180,weaker
2013,1830,equivalent
2013,2019,weaker
2014,803,stronger
2015,456,weaker
2015,975,equivalent
2015,1834,weaker
2015,3442,weaker
2015,3829,weaker
2017,3090,weaker
2018,1573,weaker
2018,3188,weaker
2019,155,incomparable
2020,506,weaker
2021,3183,equivalent
2021,4186,weaker
2021,4575,weaker
2022,3593,weaker
2022,3928,weaker
2023,1066,weaker
2023,2137,weaker
2023,3094,weaker
2023,3538,weaker
2023,4593,weaker
2024,1929,incomparable
2024,4274,incomparable
2025,3519,weaker
2025,4197,weaker
2025,4231,weaker
2026,521,equivalent
2027,1115,weaker
2027,2044,weaker
2028,1067,weaker
2028,1683,equivalent
2029,1019,stronger
2029,2860,incomparable
2030,2913,weaker
2031,1094,equivalent
2031,2260,weaker
2031,4024,weaker
2031,4547,weaker
2032,877,equivalent
2032,1827,equivalent
2033,688,equivalent
2033,2637,equivalent
2033,4020,weaker
2033,4070,weaker
2034,1239,weaker
2034,2736,weaker
2034,3126,weaker
2034,4525,weaker
2035,709,incomparable
2035,2289,incomparable
2035,3686,incomparable
2035,4575,incomparable
2037,3372,incomparable
2037,3611,incomparable
2037,3878,incomparable
2038,913,stronger
2038,3450,incomparable
2038,3501,incomparable
2038,3664,incomparable
2039,1243,incomparable
2040,222,incomparable
2040,310,incomparable
2040,3750,incomparable
2041,1190,stronger
2042,1916,incomparable
2043,2298,stronger
2043,2977,stronger
2044,3860,incomparable
2044,4309,incomparable
2045,2251,incomparable
2046,454,incomparable
2046,1059,incomparable
2046,3853,incomparable
2048,3695,incomparable
2048,4318,weaker
2049,824,incomparable
2049,2294,incomparable
2049,3910,incomparable
2050,1666,incomparable
2050,4006,incomparable
2050,4139,incomparable
2051,1237,incomparable
2051,3376,incomparable
2051,4527,incomparable
2052,4225,incomparable
2053,619,incomparable
2053,1078,stronger
2053,4319,incomparable
2054,1563,stronger
2054,3057,incomparable
2055,577,stronger
2055,1364,stronger
2057,378,incomparable
2057,409,incomparable
2057,454,incomparable
2057,688,stronger
2057,2246,incomparable
2057,2379,stronger
2058,1052,incomparable
2059,2149,stronger
2059,3787,incomparable
2059,4403,incomparable
2060,2139,stronger
2060,2250,incomparable
2060,3640,incomparable
2061,1345,stronger
2061,3139,incomparable
2062,1848,incomparable
2063,449,stronger
2064,145,stronger
2064,443,incomparable
2064,1229,incomparable
2064,2447,incomparable
2065,1451,incomparable
2065,1843,incomparable
2065,3271,incomparable
2066,4260,incomparable
2068,1728,incomparable
2068,3104,stronger
2068,3573,incomparable
2069,1221,stronger
2069,3057,incomparable
2070,349,incomparable
2070,887,incomparable
2070,1014,incomparable
2070,2633,stronger
2071,468,stronger
2071,626,incomparable
2071,3188,incomparable
2072,2231,stronger
2072,3713,incomparable
2072,4029,incomparable
2072,4687,incomparable
2073,3431,incomparable
2075,1904,incomparable
2075,2543,incomparable
2076,2892,stronger
2077,1230,incomparable
2077,2418,stronger
2078,379,incomparable
2078,682,incomparable
2078,792,stronger
2078,1122,incomparable
2078,3248,stronger
2079,243,stronger
2079,2643,stronger
2079,4430,incomparable
2081,792,stronger
2081,2966,stronger
2082,2145,stronger
2083,133,stronger
2083,559,stronger
2083,2546,incomparable
2083,3389,incomparable
2084,1776,incomparable
2084,3625,incomparable
2084,4079,incomparable
2085,2012,stronger
2085,4328,incomparable
2086,34,incomparable
2086,2624,stronger
2086,4578,incomparable
2087,1089,stronger
2087,1565,stronger
2088,965,stronger
2088,4534,incomparable
2089,949,incomparable
2089,1408,stronger
2090,999,incomparable
2091,4063,incomparable
2092,4038,weaker
2094,1294,equivalent
2094,4310,weaker
2096,3205,weaker
2096,3501,weaker
2098,472,stronger
2098,1353,incomparable
2098,2981,incomparable
2099,219,weaker
2099,2326,equivalent
2099,2709,weaker
2100,4460,incomparable
2101,358,incomparable
2102,2282,weaker
2102,4625,weaker
2103,4039,incomparable
2103,4179,weaker
2103,4347,incomparable
2103,4412,incomparable
2104,1426,weaker
2104,1971,equivalent
2105,2911,stronger
2106,1490,equivalent
2106,1509,equivalent
2106,2570,equivalent
2106,3213,equivalent
2107,174,stronger
2107,3417,incomparable
2108,2643,equivalent
2109,175,equivalent
2109,540,equivalent
2109,813,equivalent
2109,2883,weaker
2109,4420,weaker
2110,174,equivalent
2110,523,equivalent
2110,2441,weaker
2110,2618,weaker
2110,3629,weaker
2110,3658,weaker
2110,4331,weaker
2111,670,incomparable
2111,1961,stronger
2112,1308,equivalent
2112,2257,weaker
2112,4027,weaker
2113,991,stronger
2113,3018,stronger
2113,3515,incomparable
2114,424,weaker
2114,1609,equivalent
2114,2121,equivalent
2114,2707,weaker
2114,4444,weaker
2115,1964,incomparable
2115,2020,stronger
2116,20,stronger
2117,353,weaker
2118,3184,weaker
2120,88,equivalent
2121,629,weaker
2121,4583,weaker
2126,1663,incomparable
2126,2766,stronger
2126,4360,incomparable
2127,413,incomparable
2127,781,stronger
2127,1149,stronger
2128,2150,stronger
2128,3256,incomparable
2129,623,weaker
2130,4390,incomparable
2131,302,weaker
2131,1818,equivalent
2131,2897,weaker
2132,3094,incomparable
2133,3550,weaker
2133,3793,weaker
2134,80,stronger
2134,1735,stronger
2134,1844,incomparable
2134,2889,incomparable
2134,3668,incomparable
2135,568,stronger
2135,876,stronger
2135,2782,incomparable
2136,4077,weaker
2137,120,stronger
2137,1047,incomparable
2137,1429,incomparable
2137,2041,incomparable
2137,3477,incomparable
2139,2179,equivalent
2139,3769,weaker
2140,173,stronger
2140,877,stronger
2140,1601,stronger
2140,2191,stronger
2140,3844,incomparable
2141,324,weaker
2141,3255,weaker
2141,3526,weaker
2142,400,weaker
2142,3407,weaker
2142,4114,weaker
2142,4303,weaker
2143,2901,equivalent
2143,3469,weaker
2144,61,incomparable
2144,3347,incomparable
2144,4035,weaker
2145,940,equivalent
2145,1543,weaker
2145,2296,weaker
2145,3541,weaker
2146,3384,incomparable
2146,4237,incomparable
2147,1867,weaker
2147,2256,weaker
2147,2535,equivalent
2147,3154,equivalent
2147,3820,weaker
2147,4212,weaker
2148,1508,stronger
2148,2024,weaker
2148,2918,stronger
2148,4433,incomparable
2149,427,weaker
2150,344,weaker
2150,3634,weaker
2151,4032,weaker
2152,335,incomparable
2152,1409,stronger
2153,823,weaker
2153,2304,weaker
2153,2801,equivalent
2153,3470,weaker
2153,3591,weaker
2154,406,weaker
2155,776,equivalent
2155,1327,equivalent
2155,3080,weaker
2156,121,stronger
2156,2146,incomparable
2156,3097,incomparable
2156,3866,incomparable
2157,771,equivalent
2157,1290,equivalent
2157,1409,equivalent
2158,577,equivalent
2158,601,equivalent
2158,3168,equivalent
2158,3348,weaker
2158,3968,weaker
2159,1970,weaker
2159,3549,weaker
2160,2251,weaker
2160,3057,weaker
2160,3176,weaker
2160,3961,weaker
2161,780,stronger
2161,3378,incomparable
2162,385,incomparable
2162,651,incomparable
2163,2035,weaker
2163,2363,stronger
2164,1413,stronger
2164,2351,incomparable
2164,4328,incomparable
2165,876,stronger
2165,2466,incomparable
2165,3152,incomparable
2165,3292,incomparable
2165,3409,incomparable
2165,3562,incomparable
2167,1285,incomparable
2167,1633,incomparable
2168,1086,weaker
2168,1404,equivalent
2168,2851,weaker
2168,3822,weaker
2169,2082,incomparable
2171,237,equivalent
2171,2887,weaker
2172,4355,weaker
2173,984,stronger
2173,1977,incomparable
2173,2137,weaker
2173,2307,stronger
2173,3237,stronger
2174,2863,weaker
2174,3249,equivalent
2174,3546,weaker
2174,4665,weaker
2175,3005,equivalent
2176,1937,weaker
2176,3331,weaker
2178,169,equivalent
2178,304,stronger
2178,1774,incomparable
2178,2273,incomparable
2178,3789,incomparable
2178,4670,incomparable
2179,207,weaker
2179,3302,weaker
2179,4492,weaker
2180,394,incomparable
2180,2939,incomparable
2180,3346,incomparable
2180,3444,incomparable
2181,3611,weaker
2182,449,incomparable
2182,1990,stronger
2182,2893,incomparable
2183,4545,weaker
2183,4553,weaker
2184,2525,weaker
2184,2931,weaker
2184,4188,weaker
2185,779,equivalent
2185,1597,equivalent
2186,378,incomparable
2188,1846,weaker
2189,1047,weaker
2189,4098,weaker
2191,4406,weaker
2191,4435,weaker
2192,4007,weaker
2193,323,weaker
2194,364,weaker
2194,771,equivalent
2194,1338,equivalent
2196,742,stronger
2197,4506,weaker
2198,2865,weaker
2199,933,stronger
2199,1050,incomparable
2199,4328,incomparable
2200,1849,weaker
2200,3629,weaker
2201,334,weaker
2201,3543,weaker
2202,4470,weaker
2203,665,incomparable
2203,1336,stronger
2203,1441,incomparable
2203,4267,incomparable
2203,4329,incomparable
2204,2552,weaker
2204,2858,weaker
2204,3326,weaker
2204,4209,weaker
2205,1048,weaker
2205,3262,weaker
2205,3359,weaker
2206,2631,equivalent
2207,2431,stronger
2208,3564,weaker
2208,4168,weaker
2209,1716,equivalent
2209,3454,weaker
2209,3914,weaker
2210,1055,weaker
2211,3589,weaker
2211,4132,weaker
2211,4313,weaker
2211,4335,weaker
2212,2323,stronger
2213,892,equivalent
2213,2583,equivalent
2214,23,weaker
2214,2688,weaker
2214,4049,weaker
2216,1540,equivalent
2217,2517,incomparable
2217,3370,incomparable
2218,964,weaker
2218,3052,weaker
2218,4489,weaker
2219,2619,equivalent
2219,3725,weaker
2219,4268,weaker
2219,4657,weaker
2220,4027,weaker
2221,4608,weaker
2222,1671,incomparable
2222,3541,incomparable
2223,3660,weaker
2223,4621,weaker
2224,40,weaker
2224,1973,equivalent
2225,103,weaker
2225,2289,weaker
2226,3948,weaker
2228,1133,weaker
2228,1241,weaker
2228,3277,weaker
2228,4267,weaker
2229,1232,weaker
2230,2378,equivalent
2230,4623,weaker
2231,1595,equivalent
2231,4459,weaker
2232,9,incomparable
2232,339,incomparable
2232,1464,incomparable
2233,445,weaker
2234,125,weaker
2234,2067,weaker
2234,2344,equivalent
2234,2705,equivalent
2234,3414,weaker
2234,4049,weaker
2235,155,weaker
2235,987,equivalent
2235,2133,equivalent
2235,4531,weaker
2236,1620,equivalent
2236,1882,weaker
2237,3314,weaker
2237,4137,weaker
2238,2406,stronger
2238,4094,incomparable
2238,4571,incomparable
2239,3598,incomparable
2239,4573,incomparable
2240,1718,incomparable
2240,1726,incomparable
2240,2048,incomparable
2240,4465,incomparable
2240,4515,incomparable
2241,1537,incomparable
2241,1746,incomparable
2241,1872,incomparable
2241,4153,incomparable
2242,3578,incomparable
2243,1317,stronger
2243,1826,incomparable
2243,1918,stronger
2243,2809,stronger
2243,3843,incomparable
2244,3181,stronger
2244,4255,incomparable
2244,4457,incomparable
2244,4620,incomparable
2245,956,stronger
2245,3873,incomparable
2246,4212,incomparable
2246,4232,incomparable
2247,1352,stronger
2247,2773,stronger
2248,1607,stronger
2249,244,stronger
2249,737,stronger
2249,880,incomparable
2249,1333,stronger
2249,2744,incomparable
2249,3442,incomparable
2250,2032,stronger
2251,1589,stronger
2252,254,stronger
2252,3752,incomparable
2253,3959,incomparable
2255,3360,incomparable
2255,4572,incomparable
2255,4670,incomparable
2256,1549,stronger
2256,2894,incomparable
2256,3063,incomparable
2256,4669,incomparable
2257,1835,incomparable
2257,3089,incomparable
2257,4385,incomparable
2257,4501,incomparable
2258,3815,incomparable
2259,851,incomparable
2260,1520,stronger
2260,4116,incomparable
2261,707,incomparable
2261,1822,stronger
2261,2880,incomparable
2262,1246,incomparable
2262,2477,weaker
2262,2934,stronger
2262,3631,incomparable
2263,1233,incomparable
2263,1766,stronger
2263,1813,stronger
2263,2631,stronger
2264,735,incomparable
2264,1679,stronger
2264,2864,incomparable
2264,3437,incomparable
2265,800,stronger
2266,760,stronger
2266,2958,incomparable
2267,837,incomparable
2267,1080,stronger
2267,1519,incomparable
2268,1643,equivalent
2269,273,incomparable
2269,761,incomparable
2269,1413,stronger
2269,3596,incomparable
2270,2720,incomparable
2271,1427,incomparable
2272,2109,stronger
2272,3053,weaker
2273,811,incomparable
2273,3918,incomparable
2274,994,incomparable
2274,2785,stronger
2275,426,incomparable
2275,2070,incomparable
2275,3432,incomparable
2276,1658,weaker
2276,2749,incomparable
2277,3037,stronger
2277,4551,incomparable
2278,3989,incomparable
2279,358,incomparable
2279,445,stronger
2279,1433,stronger
2279,2022,stronger
2280,2130,incomparable
2280,3007,incomparable
2280,3201,incomparable
2282,739,stronger
2282,1470,incomparable
2282,1876,incomparable
2283,2773,stronger
2283,2778,incomparable
2284,855,stronger
2285,172,incomparable
2285,2422,stronger
2285,2491,stronger
2286,929,stronger
2286,1883,stronger
2286,3223,stronger
2288,64,stronger
2288,3632,incomparable
2290,165,incomparable
2290,680,incomparable
2290,3347,incomparable
2291,2626,stronger
2291,3722,incomparable
2291,4358,incomparable
2293,38,incomparable
2293,371,incomparable
2293,1088,incomparable
2293,1090,incomparable
2293,2061,incomparable
2293,3546,incomparable
2294,3213,stronger
2294,3617,incomparable
2295,824,weaker
2296,198,incomparable
2296,3870,incomparable
2297,644,weaker
2299,1836,weaker
2299,3954,weaker
2299,4442,weaker
2300,103,incomparable
2300,883,incomparable
2301,857,incomparable
2301,1684,incomparable
2301,2393,incomparable
2301,3085,incomparable
2302,4441,weaker
2303,2185,stronger
2303,2692,incomparable
2304,1397,stronger
2304,2608,stronger
2304,4466,incomparable
2305,342,weaker
2305,2349,weaker
2305,3690,weaker
2307,298,weaker
2307,404,weaker
2307,526,equivalent
2307,1304,weaker
2307,2335,weaker
2308,3046,stronger
2308,4499,incomparable
2309,4305,weaker
2310,1756,stronger
2311,675,equivalent
2311,1929,weaker
2311,3196,equivalent
2311,4129,weaker
2312,3808,weaker
2312,4060,weaker
2313,684,weaker
2313,1020,weaker
2313,3618,weaker
2314,617,incomparable
2314,1049,incomparable
2314,2792,stronger
2314,3706,incomparable
2315,2052,weaker
2316,2471,incomparable
2317,2719,equivalent
2317,2842,equivalent
2318,875,incomparable
2318,2946,incomparable
2318,3522,incomparable
2319,431,incomparable
2319,3516,incomparable
2319,3792,incomparable
2320,690,weaker
2320,3480,weaker
2321,3505,weaker
2322,84,stronger
2322,2400,stronger
2322,2638,stronger
2323,2221,equivalent
2323,2886,weaker
2324,1504,weaker
2324,2691,weaker
2324,4058,weaker
2325,934,weaker
2325,2557,equivalent
2325,3090,weaker
2325,3592,weaker
2326,1395,weaker
2326,4328,weaker
2327,1583,stronger
2329,542,equivalent
2330,2048,incomparable
2330,2602,incomparable
2331,796,incomparable
2331,1219,stronger
2331,4393,incomparable
2332,952,weaker
2332,1286,weaker
2332,1468,weaker
2332,3169,equivalent
2333,779,stronger
2333,2619,stronger
2333,4634,incomparable
2334,282,equivalent
2336,2385,weaker
2336,3431,weaker
2336,4037,weaker
2337,1466,incomparable
2337,1942,stronger
2338,942,stronger
2340,2740,stronger
2340,2964,incomparable
2340,3131,incomparable
2340,4374,incomparable
2341,173,equivalent
2341,2038,weaker
2341,2963,equivalent
2342,3122,weaker
2343,1789,weaker
2344,889,weaker
2344,2677,weaker
2345,431,weaker
2345,657,weaker
2345,1972,equivalent
2345,3329,weaker
2346,2297,equivalent
2346,2371,equivalent
2346,2530,weaker
2347,229,incomparable
2347,2520,stronger
2348,649,weaker
2348,4379,weaker
2349,333,incomparable
2349,3118,incomparable
2349,3320,incomparable
2350,420,weaker
2350,1720,equivalent
2350,1822,equivalent
2354,1424,equivalent
2354,1964,weaker
2354,2523,equivalent
2354,3981,weaker
2354,4020,weaker
2355,4058,incomparable
2356,3216,equivalent
2357,1326,equivalent
2357,2020,equivalent
2357,3523,weaker
2358,2617,equivalent
2358,3530,weaker
2358,4685,weaker
2361,1835,weaker
2361,2665,weaker
2361,3466,weaker
2361,3948,weaker
2362,281,weaker
2362,1433,weaker
2363,113,weaker
2363,3010,equivalent
2363,4619,weaker
2364,1295,incomparable
2364,3996,incomparable
2365,2899,weaker
2366,206,weaker
2366,1228,weaker
2366,1679,weaker
2367,166,weaker
2367,2746,weaker
2367,3687,weaker
2367,4241,weaker
2368,699,stronger
2368,848,incomparable
2368,1471,incomparable
2368,3859,incomparable
2369,206,weaker
2369,542,equivalent
2369,1767,weaker
2370,3010,stronger
2370,3678,incomparable
2370,3716,incomparable
2371,189,equivalent
2371,627,weaker
2371,1759,weaker
2372,1048,incomparable
2372,1179,stronger
2372,1533,stronger
2372,1672,incomparable
2373,1767,incomparable
2373,1995,stronger
2373,3377,incomparable
2374,291,equivalent
2374,1032,weaker
2375,2739,weaker
2375,3804,weaker
2376,2965,stronger
2377,1890,weaker
2377,4530,weaker
2378,3555,weaker
2378,4403,weaker
2379,1973,equivalent
2380,1988,equivalent
2380,3451,weaker
2381,709,incomparable
2381,3272,incomparable
2381,4209,incomparable
2383,2011,stronger
2383,2241,incomparable
2383,2866,incomparable
2383,4666,incomparable
2384,2579,weaker
2385,215,incomparable
2385,1805,stronger
2385,2244,incomparable
2385,2876,incomparable
2386,3865,weaker
2387,326,weaker
2387,2266,weaker
2390,3101,weaker
2390,3366,weaker
2391,1595,equivalent
2392,367,weaker
2392,4212,weaker
2393,921,stronger
2393,1163,weaker
2393,2816,equivalent
2393,3836,incomparable
2395,940,equivalent
2395,2206,equivalent
2395,3669,weaker
2395,3882,weaker
2396,18,equivalent
2396,2285,weaker
2397,228,weaker
2397,392,weaker
2397,3654,weaker
2398,3201,incomparable
2399,1426,weaker
2400,1051,weaker
2400,1991,equivalent
2400,3139,weaker
2401,283,weaker
2401,3574,weaker
2401,4575,weaker
2402,350,incomparable
2402,2904,stronger
2403,3648,weaker
2404,251,equivalent
2404,4125,weaker
2405,2445,weaker
2405,2462,weaker
2405,3222,weaker
2406,4046,incomparable
2407,475,equivalent
2408,1480,weaker
2408,3952,weaker
2410,3762,weaker
2412,2123,equivalent
2412,3640,weaker
2412,4253,weaker
2413,2712,weaker
2413,3125,equivalent
2414,156,weaker
2414,1162,equivalent
2414,2012,equivalent
2415,640,incomparable
2415,1182,stronger
2415,1867,incomparable
2415,4152,incomparable
2415,4551,incomparable
2416,895,weaker
2416,3159,weaker
2416,3270,weaker
2416,3730,weaker
2417,3566,weaker
2419,1394,equivalent
2419,1495,equivalent
2419,3626,weaker
2419,4167,weaker
2420,776,stronger
2420,1304,incomparable
2421,281,weaker
2421,750,equivalent
2421,3113,weaker
2422,190,weaker
2422,1224,weaker
2422,2018,equivalent
2423,3790,weaker
2424,730,equivalent
2424,1320,weaker
2424,2620,equivalent
2424,4253,weaker
2425,1811,incomparable
2425,1831,stronger
2425,2627,stronger
2426,1570,equivalent
2426,2157,equivalent
2427,4532,weaker
2428,715,equivalent
2428,3300,weaker
2429,92,equivalent
2430,657,incomparable
2430,817,incomparable
2430,898,incomparable
2430,2595,stronger
2431,630,weaker
2431,943,weaker
2431,4194,weaker
2432,1282,equivalent
2432,3281,weaker
2432,3855,weaker
2433,1105,equivalent
2433,3205,weaker
2433,3578,weaker
2433,4069,weaker
2435,3201,weaker
2436,749,weaker
2436,2305,equivalent
2436,2403,equivalent
2436,2581,equivalent
2436,4087,weaker
2437,833,weaker
2437,2586,weaker
2437,3988,weaker
2440,1153,equivalent
2440,2003,equivalent
2440,4136,weaker
2440,4616,weaker
2441,685,stronger
2441,835,incomparable
2442,2527,stronger
2443,447,stronger
2443,3887,incomparable
2443,4307,incomparable
2444,999,incomparable
2444,1739,stronger
2445,556,incomparable
2445,3241,stronger
2446,301,stronger
2447,831,incomparable
2448,371,incomparable
2450,1326,stronger
2450,2488,incomparable
2450,2534,incomparable
2450,4261,incomparable
2450,4600,incomparable
2451,1907,stronger
2451,3770,incomparable
2451,4133,weaker
2452,160,incomparable
2452,832,incomparable
2453,1720,stronger
2453,2098,incomparable
2453,2719,stronger
2454,394,incomparable
2454,3894,incomparable
2456,90,incomparable
2456,3727,incomparable
2456,4666,incomparable
2457,34,incomparable
2457,1364,stronger
2457,1695,incomparable
2458,830,incomparable
2458,1427,weaker
2458,2567,incomparable
2458,3397,incomparable
2458,4434,incomparable
2458,4446,incomparable
2458,4589,incomparable
2459,483,incomparable
2459,1012,stronger
2459,3387,incomparable
2460,1324,stronger
2461,192,stronger
2461,765,incomparable
2461,3840,incomparable
2461,4364,incomparable
2462,2528,stronger
2462,2747,stronger
2463,16,incomparable
2463,3370,incomparable
2463,3710,incomparable
2463,3843,incomparable
2465,3636,incomparable
2466,2892,incomparable
2466,4475,incomparable
2467,1960,stronger
2467,3416,incomparable
2468,340,incomparable
2468,700,stronger
2468,981,incomparable
2468,1982,stronger
2468,3784,incomparable
2468,4591,incomparable
2469,1338,stronger
2469,3921,incomparable
2471,1079,stronger
2472,461,stronger
2472,2554,incomparable
2473,1552,incomparable
2474,1817,stronger
2474,2346,stronger
2475,2238,weaker
2476,4381,incomparable
2477,1707,incomparable
2478,4014,incomparable
2479,1598,incomparable
2479,1762,stronger
2479,3741,incomparable
2479,4271,weaker
2480,591,stronger
2482,3222,incomparable
2482,4412,incomparable
2483,2576,incomparable
2483,3500,incomparable
2483,3542,weaker
2484,2457,incomparable
2484,4128,incomparable
2486,1101,incomparable
2486,4632,weaker
2487,2174,stronger
2487,2745,stronger
2488,436,incomparable
2488,623,incomparable
2488,1658,incomparable
2489,1467,incomparable
2490,620,incomparable
2490,3653,incomparable
2490,3907,incomparable
2490,4605,incomparable
2492,3549,incomparable
2493,146,incomparable
2493,1270,incomparable
2493,3292,incomparable
2494,1751,stronger
2494,4221,incomparable
2495,3958,weaker
2495,4327,weaker
2498,2171,equivalent
2498,3100,weaker
2499,4517,incomparable
2500,468,equivalent
2500,2003,equivalent
2500,2284,weaker
2500,4230,weaker
2501,995,equivalent
2501,3038,equivalent
2502,3027,equivalent
2503,3489,incomparable
2505,951,weaker
2505,1588,equivalent
2506,1727,stronger
2506,2957,stronger
2507,2055,incomparable
2508,3557,weaker
2510,1146,weaker
2510,3396,weaker
2510,3707,weaker
2511,569,stronger
2511,1965,stronger
2511,3423,incomparable
2512,7,equivalent
2512,2885,weaker
2513,301,stronger
2513,1070,incomparable
2513,3606,incomparable
2513,4185,incomparable
2513,4251,incomparable
2513,4632,incomparable
2514,876,equivalent
2514,2702,weaker
2514,3267,weaker
2514,4473,weaker
2515,2351,weaker
2515,4087,weaker
2516,930,weaker
2516,2834,equivalent
2516,3812,weaker
2517,551,stronger
2518,2274,weaker
2518,3183,equivalent
2518,4342,weaker
2519,1703,stronger
2519,2438,stronger
2519,2543,incomparable
2521,1048,weaker
2522,1466,incomparable
2522,3214,incomparable
2523,274,weaker
2523,2927,weaker
2523,3025,equivalent
2523,3579,weaker
2524,1576,equivalent
2525,289,stronger
2525,1116,stronger
2525,1343,stronger
2528,1027,weaker
2528,2960,weaker
2528,3045,equivalent
2529,1054,weaker
2530,1375,stronger
2530,2222,incomparable
2530,4267,incomparable
2531,545,incomparable
2532,3365,weaker
2533,2691,incomparable
2533,3046,stronger
2533,3184,stronger
2534,3168,stronger
2534,4250,incomparable
2536,1207,incomparable
2537,1284,equivalent
2537,1879,weaker
2537,1967,weaker
2538,3442,incomparable
2539,2111,weaker
2539,3115,weaker
2540,1844,incomparable
2540,2841,stronger
2540,3267,incomparable
2540,4067,incomparable
2541,1752,stronger
2541,2191,stronger
2541,4420,incomparable
2542,1740,weaker
2543,624,incomparable
2543,1679,incomparable
2543,4599,incomparable
2544,2201,equivalent
2545,3316,weaker
2546,67,stronger
2546,2413,stronger
2549,2518,equivalent
2551,3379,weaker
2551,3906,weaker
2552,3672,incomparable
2553,1317,equivalent
2553,2995,equivalent
2553,4487,weaker
2555,2740,equivalent
2555,3391,weaker
2555,3662,weaker
2556,288,equivalent
2556,3459,weaker
2557,4561,weaker
2558,1327,stronger
2558,3528,incomparable
2558,3924,incomparable
2559,1432,weaker
2559,2612,equivalent
2559,4006,weaker
2559,4086,weaker
2560,3413,weaker
2561,1467,weaker
2561,3321,weaker
2561,3977,weaker
2562,798,stronger
2563,72,weaker
2563,2006,equivalent
2563,3140,weaker
2564,1568,equivalent
2564,1861,weaker
2564,4376,weaker
2564,4664,weaker
2565,1955,equivalent
2565,3349,weaker
2565,3470,weaker
2565,3765,weaker
2566,3191,equivalent
2566,4561,weaker
2567,546,incomparable
2567,2552,incomparable
2567,2723,stronger
2567,4356,incomparable
2568,305,equivalent
2569,58,weaker
2569,268,weaker
2569,559,equivalent
2569,611,equivalent
2569,619,weaker
2570,3463,weaker
2571,228,incomparable
2571,987,stronger
2571,4091,incomparable
2572,2598,equivalent
2573,3583,incomparable
2573,3860,incomparable
2574,2221,equivalent
2575,1397,stronger
2575,3570,weaker
2575,4443,incomparable
2575,4593,weaker
2576,495,incomparable
2576,1121,stronger
2576,2206,stronger
2576,2833,stronger
2577,438,weaker
2577,2168,equivalent
2577,2461,weaker
2578,3029,weaker
2578,3417,weaker
2579,53,incomparable
2579,1960,stronger
2579,2918,stronger
2580,541,weaker
2580,1584,equivalent
2580,3334,weaker
2580,3852,weaker
2581,149,equivalent
2581,1356,equivalent
2582,113,weaker
2582,1232,weaker
2582,2128,weaker
2582,3421,weaker
2583,1646,weaker
2583,1677,weaker
2583,2219,equivalent
2584,4381,incomparable
2585,369,weaker
2585,4065,weaker
2586,468,stronger
2586,583,incomparable
2586,4645,incomparable
2587,450,weaker
2587,617,weaker
2587,802,equivalent
2587,2253,weaker
2587,3078,weaker
2588,15,stronger
2588,3208,stronger
2588,4635,incomparable
2589,3686,weaker
2590,248,equivalent
2590,1420,weaker
2590,2992,weaker
2592,2089,incomparable
2592,2126,incomparable
2592,3629,incomparable
2592,4605,incomparable
2593,2877,weaker
2594,2582,equivalent
2594,3855,weaker
2595,2124,weaker
2595,3378,weaker
2595,3957,weaker
2595,3996,weaker
2597,166,weaker
2597,4519,weaker
2598,381,weaker
2598,1159,equivalent
2598,1433,weaker
2598,4512,weaker
2599,325,weaker
2600,4377,weaker
2601,586,stronger
2602,209,incomparable
2602,1296,stronger
2602,3931,incomparable
2602,4402,incomparable
2603,2549,equivalent
2604,1810,equivalent
2604,2763,equivalent
2604,4548,weaker
2605,684,incomparable
2606,2501,equivalent
2607,3111,equivalent
2608,4479,weaker
2609,760,stronger
2609,1720,stronger
2610,1244,weaker
2610,3339,weaker
2612,315,weaker
2612,1292,equivalent
2612,3258,weaker
2613,480,stronger
2614,1111,equivalent
2614,1772,weaker
2614,2293,weaker
2614,3558,weaker
2615,3259,weaker
2615,3345,weaker
2615,3536,weaker
2615,3862,weaker
2616,27,weaker
2616,1332,weaker
2616,3568,weaker
2616,4011,weaker
2619,3052,weaker
2619,3910,weaker
2620,1097,equivalent
2620,1866,weaker
2620,2873,weaker
2621,2488,weaker
2623,2171,stronger
2624,436,weaker
2624,1109,weaker
2625,202,equivalent
2625,1203,equivalent
2626,3966,weaker
2626,4368,weaker
2627,2844,equivalent
2627,3362,weaker
2628,517,stronger
2628,1589,stronger
2628,2165,weaker
2628,2186,weaker
2628,3457,incomparable
2629,1723,equivalent
2629,3451,weaker
2629,3513,weaker
2630,2169,weaker
2631,132,equivalent
2631,3455,weaker
2632,3011,weaker
2633,1343,stronger
2633,2605,weaker
2634,538,equivalent
2634,736,equivalent
2635,3142,weaker
2635,3450,weaker
2635,3687,weaker
2636,4091,weaker
2637,2497,weaker
2637,4685,weaker
2638,527,stronger
2638,802,stronger
2638,4194,incomparable
2639,1117,weaker
2639,1202,weaker
2640,1367,equivalent
2640,1599,equivalent
2640,3992,weaker
2641,568,equivalent
2641,2904,equivalent
2641,4028,weaker
2642,2418,equivalent
2642,4394,weaker
2643,1176,equivalent
2643,1437,weaker
2643,1535,weaker
2643,2591,equivalent
2644,1074,stronger
2645,1766,stronger
2646,1292,stronger
2647,889,incomparable
2647,1962,incomparable
2648,2787,incomparable
2648,4231,incomparable
2649,1556,incomparable
2649,3211,incomparable
2649,3554,incomparable
2649,4584,incomparable
2650,4388,incomparable
2651,4063,incomparable
2652,1586,incomparable
2652,3710,incomparable
2653,593,incomparable
2653,895,incomparable
2653,2807,stronger
2654,2107,incomparable
2654,2630,stronger
2655,4143,incomparable
2655,4196,incomparable
2656,1807,stronger
2656,2018,stronger
2657,1012,stronger
2657,4329,incomparable
2658,880,incomparable
2659,355,incomparable
2659,1216,stronger
2659,2319,incomparable
2660,1352,stronger
2661,4254,incomparable
2662,1905,stronger
2662,3268,incomparable
2663,1463,incomparable
2663,1609,stronger
2663,2483,incomparable
2663,3329,incomparable
2664,3003,stronger
2664,3832,incomparable
2665,4551,incomparable
2666,45,incomparable
2666,628,incomparable
2666,1327,stronger
2666,3439,incomparable
2667,891,stronger
2667,2076,weaker
2667,3330,weaker
2668,308,weaker
2668,1285,incomparable
2668,3561,incomparable
2668,3640,incomparable
2668,3691,incomparable
2669,2358,stronger
2669,2453,incomparable
2669,2482,incomparable
2670,1627,stronger
2670,3794,incomparable
2671,1557,stronger
2671,2647,weaker
2671,3790,incomparable
2671,4429,incomparable
2673,977,incomparable
2673,2921,stronger
2673,3311,incomparable
2673,3977,incomparable
2673,4099,incomparable
2674,934,incomparable
2674,1004,incomparable
2675,1204,stronger
2675,1614,stronger
2676,145,stronger
2676,618,incomparable
2676,1475,incomparable
2676,1837,incomparable
2676,3009,stronger
2677,3641,incomparable
2677,3680,incomparable
2679,2320,stronger
2679,2481,incomparable
2680,2354,stronger
2681,62,incomparable
2681,1585,stronger
2681,3995,incomparable
2682,415,incomparable
2682,4081,incomparable
2683,61,stronger
2683,1684,incomparable
2683,3904,incomparable
2684,573,stronger
2684,3238,stronger
2684,4275,incomparable
2685,1435,incomparable
2685,2080,stronger
2686,1183,stronger
2687,746,incomparable
2688,730,stronger
2688,2294,incomparable
2689,851,incomparable
2689,3392,incomparable
2690,824,incomparable
2690,3523,weaker
2691,639,incomparable
2691,900,stronger
2691,2238,incomparable
2692,354,incomparable
2692,866,stronger
2693,575,incomparable
2693,2350,stronger
2693,3013,stronger
2693,4374,incomparable
2694,3200,stronger
2695,4077,incomparable
2696,2385,incomparable
2696,2475,incomparable
2697,634,incomparable
2697,687,stronger
2697,1649,incomparable
2697,2046,incomparable
2698,559,equivalent
2698,1042,weaker
2698,3562,weaker
2699,2264,incomparable
2700,3253,incomparable
2701,971,equivalent
2701,2023,equivalent
2701,2988,equivalent
2704,2255,weaker
2704,2786,equivalent
2705,3014,equivalent
2705,3888,weaker
2706,3704,incomparable
2706,4237,incomparable
2707,3006,stronger
2707,4383,incomparable
2708,828,weaker
2709,2792,stronger
2709,3186,stronger
2709,3743,incomparable
2710,182,incomparable
2710,725,incomparable
2710,2546,incomparable
2710,4569,incomparable
2711,625,weaker
2711,1265,weaker
2712,555,stronger
2712,973,stronger
2713,1364,equivalent
2713,2284,weaker
2714,2946,incomparable
2715,907,weaker
2715,2806,equivalent
2715,4484,weaker
2716,1098,incomparable
2716,2782,incomparable
2716,4035,incomparable
2717,1780,weaker
2717,2096,equivalent
2717,4221,weaker
2718,1322,weaker
2718,2238,weaker
2718,3473,weaker
2718,4047,weaker
2719,908,equivalent
2720,254,stronger
2720,383,incomparable
2720,484,stronger
2721,2244,weaker
2721,3373,weaker
2722,515,stronger
2722,1839,incomparable
2722,2873,incomparable
2723,2820,equivalent
2723,3258,weaker
2723,3963,weaker
2724,386,incomparable
2724,3333,incomparable
2725,165,incomparable
2725,2972,stronger
2726,845,weaker
2726,1025,weaker
2727,619,weaker
2727,898,weaker
2727,1513,equivalent
2727,2272,weaker
2727,3333,weaker
2727,3679,weaker
2728,2026,stronger
2728,2661,incomparable
2728,3076,incomparable
2728,3251,stronger
2728,4481,incomparable
2729,1462,weaker
2730,134,weaker
2730,3587,weaker
2731,3311,weaker
2731,3542,weaker
2732,946,equivalent
2733,735,incomparable
2734,1538,stronger
2735,491,weaker
2735,737,equivalent
2735,1110,weaker
2735,2575,weaker
2735,2661,weaker
2736,943,incomparable
2736,2294,incomparable
2736,3898,incomparable
2736,4179,incomparable
2737,1505,stronger
2737,1820,stronger
2737,3678,incomparable
2738,2360,equivalent
2738,2892,weaker
2738,3181,equivalent
2738,4383,weaker
2739,360,incomparable
2739,635,incomparable
2739,1522,stronger
2740,85,equivalent
2741,405,incomparable
2742,1719,weaker
2742,3565,weaker
2742,4367,weaker
2743,63,incomparable
2743,521,stronger
2743,1535,incomparable
2743,4222,incomparable
2744,3102,incomparable
2744,4100,incomparable
2745,1883,weaker
2745,2693,weaker
2745,3844,weaker
2746,943,incomparable
2746,2804,incomparable
2747,206,weaker
2747,670,weaker
2748,1423,equivalent
2749,13,weaker
2749,1980,stronger
2750,1063,weaker
2750,3331,weaker
2750,4256,weaker
2750,4358,weaker
2751,384,weaker
2751,2149,equivalent
2751,2612,equivalent
2751,3175,equivalent
2752,1123,equivalent
2752,1212,weaker
2753,2202,stronger
2754,2432,equivalent
2754,3858,weaker
2755,2290,incomparable
2756,1985,equivalent
2758,1107,equivalent
2759,1796,equivalent
2759,2120,equivalent
2759,3849,weaker
2760,3908,weaker
2761,350,incomparable
2761,2145,stronger
2762,3582,weaker
2764,46,weaker
2764,1421,equivalent
2764,1470,weaker
2764,4124,weaker
2765,2996,stronger
2766,1228,weaker
2766,2673,weaker
2767,1538,equivalent
2768,828,weaker
2768,2992,weaker
2769,463,weaker
2769,3657,weaker
2770,1229,incomparable
2770,1489,incomparable
2770,1857,incomparable
2770,3324,incomparable
2770,4350,incomparable
2771,873,weaker
2771,1797,weaker
2771,2923,weaker
2773,626,weaker
2774,3752,incomparable
2775,968,weaker
2775,1088,weaker
2775,1291,weaker
2775,1851,weaker
2776,2495,stronger
2777,1370,weaker
2777,2637,equivalent
2777,2754,equivalent
2777,4121,weaker
2777,4381,weaker
2778,757,incomparable
2778,3694,incomparable
2778,3975,incomparable
2779,638,incomparable
2779,836,incomparable
2779,859,incomparable
2780,248,equivalent
2780,2538,weaker
2780,3257,weaker
2780,4246,weaker
2782,1361,incomparable
2782,2139,stronger
2782,2786,stronger
2782,3915,incomparable
2785,578,equivalent
2785,1418,equivalent
2785,3580,weaker
2786,755,equivalent
2786,4153,weaker
2787,3585,incomparable
2788,2028,equivalent
2788,2396,equivalent
2788,3469,weaker
2788,3603,weaker
2788,3834,weaker
2789,1722,weaker
2789,2871,incomparable
2791,62,incomparable
2791,2425,stronger
2791,4121,incomparable
2792,500,weaker
2792,1509,equivalent
2793,3482,weaker
2794,432,weaker
2795,4498,incomparable
2796,4555,weaker
2797,519,equivalent
2798,1751,equivalent
2798,3578,weaker
2800,1458,weaker
2801,1192,weaker
2801,1783,equivalent
2802,709,weaker
2802,2651,weaker
2802,4034,weaker
2803,3331,weaker
2806,820,weaker
2806,3390,weaker
2807,228,weaker
2807,3262,weaker
2808,793,stronger
2808,3824,incomparable
2809,993,equivalent
2809,2204,equivalent
2809,2667,weaker
2809,2859,weaker
2809,3964,weaker
2809,4552,weaker
2809,4616,weaker
2810,15,equivalent
2810,626,weaker
2810,3414,weaker
2810,3685,weaker
2812,185,stronger
2812,993,stronger
2813,780,equivalent
2813,3946,weaker
2815,2032,equivalent
2816,3606,incomparable
2817,2822,equivalent
2818,190,weaker
2818,2506,weaker
2818,3146,equivalent
2819,1758,equivalent
2819,3497,weaker
2819,3573,weaker
2819,4542,weaker
2820,2275,weaker
2821,1233,incomparable
2821,2646,incomparable
2822,2054,weaker
2822,3908,weaker
2823,234,weaker
2823,969,equivalent
2823,1207,weaker
2824,619,weaker
2824,2746,weaker
2824,2795,weaker
2825,1945,weaker
2825,2947,weaker
2826,2289,incomparable
2826,3682,incomparable
2826,4148,incomparable
2827,2083,weaker
2827,4035,weaker
2828,3605,weaker
2828,4047,weaker
2828,4571,weaker
2829,572,weaker
2829,2588,weaker
2830,401,weaker
2830,1044,weaker
2830,1275,weaker
2830,1711,equivalent
2830,1797,weaker
2831,179,weaker
2831,1815,stronger
2832,497,equivalent
2832,1733,equivalent
2833,2350,equivalent
2834,915,equivalent
2834,1861,weaker
2834,4686,weaker
2836,1274,incomparable
2836,2025,stronger
2836,3656,incomparable
2837,1717,equivalent
2838,710,equivalent
2838,757,weaker
2838,2295,equivalent
2838,4050,weaker
2838,4652,weaker
2839,1068,weaker
2839,1926,equivalent
2839,2577,equivalent
2839,4656,weaker
2841,2062,incomparable
2841,3957,incomparable
2842,695,weaker
2842,1138,equivalent
2842,1674,weaker
2842,2411,equivalent
2842,4069,weaker
2842,4179,weaker
2844,89,equivalent
2845,566,weaker
2845,885,weaker
2845,4090,weaker
2846,1377,equivalent
2846,1573,weaker
2846,4588,weaker
2847,226,stronger
2847,908,stronger
2847,3058,incomparable
2847,3579,incomparable
2848,779,stronger
2848,4332,incomparable
2849,1788,stronger
2849,3837,incomparable
2851,810,stronger
2851,1265,incomparable
2851,1756,stronger
2852,877,stronger
2852,2849,incomparable
2852,3297,incomparable
2853,672,incomparable
2854,2656,weaker
2856,288,stronger
2856,1401,stronger
2857,2883,weaker
2857,4061,incomparable
2858,224,incomparable
2858,290,incomparable
2858,4246,incomparable
2860,2358,stronger
2862,142,incomparable
2862,635,incomparable
2862,2727,stronger
2863,2639,stronger
2863,2720,incomparable
2864,1672,incomparable
2864,2367,stronger
2864,2374,stronger
2864,2736,incomparable
2864,3481,incomparable
2864,3799,incomparable
2864,4489,incomparable
2865,365,incomparable
2865,1895,incomparable
2865,4246,incomparable
2865,4476,incomparable
2866,478,stronger
2866,860,incomparable
2866,1422,stronger
2866,4496,incomparable
2867,514,stronger
2867,3495,incomparable
2867,3676,incomparable
2868,3159,incomparable
2870,1230,incomparable
2871,2243,incomparable
2871,4259,incomparable
2871,4684,incomparable
2872,693,stronger
2872,1774,incomparable
2872,3010,stronger
2873,932,stronger
2874,3115,incomparable
2874,3309,weaker
2874,3938,incomparable
2876,2536,incomparable
2876,2941,stronger
2876,3731,incomparable
2877,2234,stronger
2877,2373,incomparable
2878,1307,incomparable
2879,397,incomparable
2880,146,incomparable
2880,3403,incomparable
2881,2843,stronger
2883,2854,stronger
2883,3623,incomparable
2884,2007,stronger
2884,2558,incomparable
2884,2776,incomparable
2884,2838,stronger
2884,3629,incomparable
2884,4387,incomparable
2887,1576,stronger
2887,2770,incomparable
2888,1485,incomparable
2888,2335,incomparable
2888,2952,incomparable
2889,3022,stronger
2890,899,stronger
2890,1649,incomparable
2891,29,incomparable
2891,957,stronger
2891,3492,incomparable
2891,3791,incomparable
2891,4521,incomparable
2892,522,incomparable
2892,670,incomparable
2892,2606,stronger
2892,4506,incomparable
2893,1039,incomparable
2894,2177,stronger
2895,639,incomparable
2896,1500,stronger
2896,2007,stronger
2896,3489,incomparable
2897,233,stronger
2898,366,incomparable
2898,3120,incomparable
2899,313,incomparable
2899,1465,incomparable
2899,1645,incomparable
2899,2788,stronger
2899,3374,incomparable
2900,4657,incomparable
2901,2396,equivalent
2901,3578,weaker
2902,511,incomparable
2902,1308,stronger
2903,2032,stronger
2903,2208,stronger
2903,3634,incomparable
2903,4217,incomparable
2904,3472,weaker
2905,1415,weaker
2905,4387,incomparable
2906,923,equivalent
2906,1395,weaker
2906,4228,weaker
2907,3075,weaker
2908,2671,weaker
2909,2338,incomparable
2909,3397,incomparable
2910,2038,incomparable
2910,3820,incomparable
2910,4374,incomparable
2911,1632,weaker
2911,2831,weaker
2912,1696,stronger
2912,1890,incomparable
2913,4295,incomparable
2914,2426,equivalent
2914,3144,equivalent
2914,4265,weaker
2917,2192,stronger
2917,3987,incomparable
2918,1699,weaker
2919,1813,stronger
2919,3044,stronger
2920,103,weaker
2920,1024,weaker
2920,1607,equivalent
2921,1096,weaker
2921,1315,weaker
2921,3498,weaker
2921,4528,weaker
2922,735,weaker
2923,157,incomparable
2923,2697,incomparable
2923,3430,incomparable
2924,1617,equivalent
2925,3015,incomparable
2925,3258,incomparable
2926,250,weaker
2926,885,weaker
2926,3204,equivalent
2926,4192,weaker
2927,3666,incomparable
2927,4576,incomparable
2928,1444,incomparable
2929,814,equivalent
2930,412,weaker
2930,2033,equivalent
2931,3180,weaker
2932,415,weaker
2932,4283,weaker
2933,3243,equivalent
2934,426,weaker
2934,2479,weaker
2937,1465,incomparable
2937,1742,incomparable
2937,2413,stronger
2937,2867,incomparable
2937,3846,incomparable
2937,4544,incomparable
2938,904,equivalent
2938,1212,weaker
2939,3332,incomparable
2939,3524,incomparable
2940,3553,incomparable
2940,3654,incomparable
2941,50,weaker
2941,1871,weaker
2943,1130,equivalent
2943,2770,weaker
2943,4335,weaker
2943,4483,weaker
2944,250,incomparable
2944,360,incomparable
2944,1122,weaker
2944,1962,incomparable
2945,2928,weaker
2946,335,incomparable
2946,412,incomparable
2946,1648,incomparable
2946,2333,incomparable
2946,2373,incomparable
2947,2741,incomparable
2948,1087,equivalent
2948,2568,equivalent
2948,2727,equivalent
2948,4369,weaker
2949,808,stronger
2949,1224,incomparable
2950,1801,weaker
2950,3782,weaker
2950,4553,weaker
2951,2140,weaker
2952,41,incomparable
2952,2762,stronger
2952,4238,weaker
2952,4648,incomparable
2952,4689,weaker
2953,1944,equivalent
2953,2770,weaker
2953,3199,equivalent
2954,198,weaker
2954,2069,weaker
2954,4255,weaker
2955,212,weaker
2955,2017,equivalent
2956,949,incomparable
2956,2039,incomparable
2957,1284,equivalent
2957,1314,equivalent
2957,2047,weaker
2958,3254,incomparable
2959,310,weaker
2959,428,weaker
2959,2307,equivalent
2959,4340,weaker
2960,414,incomparable
2960,1541,stronger
2960,1622,stronger
2960,2632,stronger
2960,3337,incomparable
2960,3370,incomparable
2961,3461,weaker
2961,3798,weaker
2962,154,weaker
2962,3146,equivalent
2963,2705,equivalent
2963,2752,equivalent
2963,3690,weaker
2963,4565,weaker
2964,461,incomparable
2964,3805,incomparable
2964,4423,incomparable
2966,2947,weaker
2966,3505,weaker
2966,3921,weaker
2967,553,equivalent
2967,754,equivalent
2967,2975,equivalent
2968,3170,stronger
2968,4186,incomparable
2970,2850,weaker
2970,3099,weaker
2971,363,weaker
2971,791,weaker
2971,4370,weaker
2972,78,weaker
2972,370,weaker
2972,2231,equivalent
2972,4376,weaker
2973,501,incomparable
2973,2896,incomparable
2973,3226,stronger
2974,1075,weaker
2974,1812,equivalent
2974,2558,weaker
2974,2857,weaker
2974,3035,equivalent
2974,4312,weaker
2975,4527,weaker
2976,1451,weaker
2976,2435,weaker
2976,2604,equivalent
2977,193,stronger
2977,3359,weaker
2978,1647,weaker
2978,2112,equivalent
2978,2613,weaker
2978,2735,equivalent
2978,3606,weaker
2978,3652,weaker
2978,4295,weaker
2980,1147,equivalent
2980,1242,weaker
2980,4111,weaker
2981,1473,weaker
2981,2633,equivalent
2982,3997,incomparable
2982,4645,incomparable
2983,2593,equivalent
2984,1182,equivalent
2984,1615,equivalent
2985,1339,stronger
2985,4602,weaker
2986,6,equivalent
2986,3690,weaker
2986,3894,weaker
2987,1814,equivalent
2988,916,weaker
2989,4602,weaker
2990,2898,incomparable
2990,3410,incomparable
2991,783,equivalent
2991,1799,equivalent
2993,286,weaker
2993,2514,equivalent
2993,3479,weaker
2993,3610,weaker
2993,4635,weaker
2994,2794,stronger
2994,2981,stronger
2994,4319,incomparable
2996,1492,weaker
2996,3001,equivalent
2996,3896,weaker
2997,337,weaker
2997,1027,weaker
2997,3630,weaker
2997,3963,weaker
2997,4157,weaker
2998,1634,incomparable
2998,3781,incomparable
2999,3943,weaker
2999,4138,weaker
3000,1520,equivalent
3000,1927,weaker
3000,3920,weaker
3001,3984,weaker
3001,4683,weaker
3002,314,incomparable
3002,547,stronger
3003,3445,weaker
3003,3557,weaker
3004,1141,weaker
3004,1596,equivalent
3005,241,equivalent
3005,4231,weaker
3006,2368,weaker
3006,3249,equivalent
3008,956,stronger
3009,2285,weaker
3009,2520,equivalent
3009,2551,equivalent
3010,847,weaker
3010,2405,equivalent
3010,2711,equivalent
3011,910,incomparable
3011,3269,incomparable
3014,865,weaker
3014,2347,weaker
3015,2934,stronger
3015,3525,weaker
3015,4100,weaker
3016,1403,equivalent
3016,3508,weaker
3016,3589,weaker
3017,244,equivalent
3017,3019,weaker
3017,3509,weaker
3018,224,weaker
3018,3540,weaker
3019,1511,stronger
3019,4013,incomparable
3020,1066,weaker
3020,1749,equivalent
3020,4293,weaker
3020,4657,weaker
3021,2088,weaker
3022,13,weaker
3022,4424,weaker
3023,3862,weaker
3024,1185,stronger
3024,1444,incomparable
3024,3814,incomparable
3025,171,equivalent
3025,1238,weaker
3025,3163,weaker
3025,3498,weaker
3026,76,equivalent
3026,2724,weaker
3026,3938,weaker
3027,2061,weaker
3027,3117,equivalent
3027,3648,weaker
3028,2927,weaker
3028,3630,weaker
3028,4089,weaker
3028,4107,weaker
3028,4203,weaker
3029,3494,incomparable
3030,647,weaker
3030,1616,equivalent
3030,2471,weaker
3030,2922,equivalent
3030,3323,weaker
3031,2343,weaker
3032,61,weaker
3032,2648,weaker
3032,3749,weaker
3032,3862,weaker
3033,1900,weaker
3034,544,stronger
3035,2250,weaker
3036,4419,weaker
3037,1995,equivalent
3037,3109,equivalent
3038,1155,weaker
3038,2054,weaker
3039,1029,incomparable
3040,231,weaker
3040,474,weaker
3040,759,weaker
3042,2602,weaker
3042,3085,weaker
3044,16,weaker
3044,201,stronger
3044,420,incomparable
3044,929,stronger
3045,2373,weaker
3046,798,equivalent
3046,1532,equivalent
3046,3361,weaker
3046,4393,weaker
3047,159,weaker
3047,3360,weaker
3048,752,weaker
3048,3965,weaker
3049,2479,weaker
3049,2504,weaker
3050,4463,incomparable
3051,2344,stronger
3051,3124,stronger
3053,1098,incomparable
3053,3454,incomparable
3053,4171,incomparable
3054,514,stronger
3054,802,stronger
3054,3691,incomparable
3055,3133,stronger
3057,1525,incomparable
3057,3212,stronger
3057,4370,incomparable
3058,1234,incomparable
3058,1782,stronger
3058,2740,stronger
3059,311,incomparable
3060,1065,stronger
3061,1205,stronger
3061,1361,incomparable
3061,2630,stronger
3061,3263,incomparable
3062,3278,incomparable
3063,953,stronger
3063,2826,incomparable
3064,615,incomparable
3064,4137,incomparable
3066,795,stronger
3066,1798,stronger
3066,2032,stronger
3066,4499,incomparable
3067,1580,stronger
3067,3902,incomparable
3068,2126,incomparable
3069,1409,stronger
3069,1676,incomparable
3069,3199,stronger
3069,4551,incomparable
3070,2010,stronger
3070,2714,incomparable
3071,2397,stronger
3071,2822,stronger
3072,1157,stronger
3073,1282,stronger
3073,4685,incomparable
3074,846,incomparable
3075,1208,stronger
3075,1256,incomparable
3075,1397,stronger
3075,1937,incomparable
3076,1045,incomparable
3077,3299,incomparable
3077,4269,weaker
3078,254,stronger
3078,4202,incomparable
3079,7,stronger
3079,647,incomparable
3079,951,incomparable
3079,1094,stronger
3079,2253,incomparable
3079,3129,stronger
3079,3319,incomparable
3081,2017,stronger
3081,3753,incomparable
3082,1464,stronger
3083,35,stronger
3083,3357,incomparable
3083,3561,incomparable
3084,338,incomparable
3084,713,incomparable
3084,1208,stronger
3085,2335,incomparable
3087,285,stronger
3087,2646,incomparable
3087,2716,incomparable
3087,4429,incomparable
3088,35,stronger
3088,994,incomparable
3088,2979,incomparable
3088,3424,incomparable
3088,3877,incomparable
3089,1405,incomparable
3090,261,incomparable
3090,3089,weaker
3091,3082,stronger
3092,3328,weaker
3093,61,stronger
3093,2413,stronger
3094,4165,incomparable
3095,730,stronger
3095,2830,stronger
3095,3473,incomparable
3096,1980,stronger
3097,1693,stronger
3099,4620,incomparable
3100,4685,incomparable
3101,1541,stronger
3101,1764,incomparable
3101,1979,incomparable
3101,4477,incomparable
3102,3498,incomparable
3103,879,incomparable
3103,4261,incomparable
3104,696,equivalent
3104,2566,equivalent
3104,3866,weaker
3105,794,stronger
3105,2662,incomparable
3106,3981,incomparable
3106,4233,incomparable
3107,1977,weaker
3108,903,stronger
3108,1058,incomparable
3108,2761,incomparable
3108,3006,stronger
3108,4044,incomparable
3110,536,equivalent
3110,1773,equivalent
3110,1958,weaker
3111,3165,equivalent
3111,4215,weaker
3112,1122,incomparable
3113,319,incomparable
3113,1115,incomparable
3113,1496,incomparable
3113,1646,incomparable
3114,102,weaker
3114,3033,equivalent
3115,1763,incomparable
3116,385,incomparable
3116,825,incomparable
3116,2419,stronger
3116,2827,stronger
3116,3395,incomparable
3116,4064,incomparable
3117,2931,weaker
3118,465,stronger
3118,470,stronger
3118,834,incomparable
3118,2698,stronger
3118,2995,stronger
3119,1209,equivalent
3119,1559,equivalent
3120,2363,stronger
3120,3571,incomparable
3122,3642,incomparable
3122,4425,incomparable
3123,4203,weaker
3124,2294,weaker
3124,4510,weaker
3125,2193,equivalent
3125,2800,equivalent
3127,1773,equivalent
3128,1006,stronger
3128,1458,incomparable
3128,1927,incomparable
3129,3051,weaker
3129,3143,weaker
3129,4430,weaker
3130,1205,stronger
3130,1225,weaker
3130,3501,incomparable
3131,4076,incomparable
3132,1886,equivalent
3132,3286,weaker
3132,3642,weaker
3132,3823,weaker
3133,697,equivalent
3133,802,equivalent
3133,1033,weaker
3133,1427,weaker
3133,2620,equivalent
3134,4520,weaker
3135,1111,equivalent
3135,3612,weaker
3136,3338,weaker
3136,3996,weaker
3137,580,equivalent
3138,146,weaker
3138,4070,weaker
3138,4380,weaker
3139,2970,stronger
3139,4263,incomparable
3140,1079,stronger
3141,806,weaker
3142,695,incomparable
3142,2494,incomparable
3143,433,incomparable
3143,2165,incomparable
3143,4190,incomparable
3144,1871,weaker
3144,1999,equivalent
3144,2750,equivalent
3145,1740,incomparable
3145,2616,stronger
3146,972,weaker
3146,4003,weaker
3146,4657,weaker
3147,2834,stronger
3147,4107,incomparable
3148,2207,weaker
3149,933,stronger
3149,2789,incomparable
3149,2969,stronger
3150,1833,incomparable
3150,2590,stronger
3151,932,equivalent
3152,778,incomparable
3152,2974,stronger
3153,3311,weaker
3154,1203,equivalent
3155,2224,stronger
3156,235,equivalent
3157,619,weaker
3157,679,weaker
3157,2760,equivalent
3158,1649,weaker
3158,2592,weaker
3158,3034,weaker
3159,227,stronger
3159,1888,incomparable
3159,2057,incomparable
3159,2720,stronger
3159,3225,stronger
3159,4670,incomparable
3160,630,weaker
3160,4088,weaker
3160,4196,weaker
3161,1561,incomparable
3161,2845,stronger
3161,3381,incomparable
3162,307,weaker
3162,375,weaker
3162,1023,weaker
3163,1252,incomparable
3163,1512,stronger
3163,2147,stronger
3164,861,weaker
3164,2599,equivalent
3164,3178,equivalent
3164,3355,weaker
3165,3436,weaker
3166,341,weaker
3167,2099,stronger
3167,3560,incomparable
3167,3818,incomparable
3168,858,weaker
3168,1944,equivalent
3168,2427,equivalent
3168,2507,weaker
3168,3103,weaker
3168,4099,weaker
3170,2182,weaker
3170,2916,equivalent
3170,3801,weaker
3171,3503,weaker
3172,1671,weaker
3172,2708,equivalent
3173,1220,equivalent
3173,3826,weaker
3173,4104,weaker
3174,1032,weaker
3174,2069,weaker
3174,2626,equivalent
3176,1056,incomparable
3176,1386,stronger
3176,2112,stronger
3176,2418,stronger
3177,570,equivalent
3178,2286,weaker
3179,19,weaker
3179,1585,equivalent
3179,3985,weaker
3180,634,incomparable
3180,3487,incomparable
3180,4294,incomparable
3181,1393,equivalent
3182,2353,stronger
3182,3840,incomparable
3183,1346,equivalent
3183,2670,weaker
3183,4015,weaker
3183,4338,weaker
3184,2732,stronger
3185,872,incomparable
3185,1397,stronger
3185,2223,stronger
3186,19,weaker
3186,661,weaker
3186,2010,equivalent
3186,3722,weaker
3187,2653,weaker
3187,2763,equivalent
3188,5,equivalent
3188,1542,stronger
3188,2600,stronger
3188,2673,incomparable
3188,3560,incomparable
3188,4583,incomparable
3189,210,weaker
3189,1189,equivalent
3189,4276,weaker
3190,1617,equivalent
3190,2455,weaker
3190,3508,weaker
3191,82,weaker
3191,581,equivalent
3192,1523,weaker
3192,2030,equivalent
3193,397,incomparable
3193,1990,stronger
3193,3166,stronger
3193,3946,incomparable
3194,2015,equivalent
3194,2433,equivalent
3195,3851,incomparable
3196,3787,weaker
3197,1158,incomparable
3197,2169,incomparable
3199,4190,weaker
3204,812,equivalent
3204,3361,weaker
3205,2045,incomparable
3205,3728,weaker
3206,2514,equivalent
3207,1445,weaker
3207,3604,weaker
3207,4009,weaker
3208,3454,weaker
3209,1378,weaker
3209,1570,equivalent
3209,2343,weaker
3209,2941,equivalent
3209,4409,weaker
3210,477,incomparable
3210,4228,incomparable
3211,439,incomparable
3211,708,stronger
3211,3877,incomparable
3212,330,weaker
3212,521,equivalent
3212,3817,weaker
3212,4218,weaker
3213,1704,equivalent
3213,2181,equivalent
3214,1442,incomparable
3214,3135,stronger
3214,3413,incomparable
3214,4117,incomparable
3215,3998,weaker
3215,4043,weaker
3216,1132,equivalent
3216,3413,weaker
3217,993,equivalent
3217,1222,equivalent
3217,1843,weaker
3217,2649,weaker
3217,2735,equivalent
3218,433,incomparable
3218,963,stronger
3218,1238,weaker
3218,2773,stronger
3219,3889,weaker
3220,1400,weaker
3220,3573,weaker
3221,1716,equivalent
3221,1746,weaker
3221,2077,weaker
3221,2368,weaker
3221,3276,weaker
3222,1796,stronger
3222,4582,incomparable
3223,2338,weaker
3224,457,weaker
3224,3505,weaker
3224,4320,weaker
3225,3810,weaker
3225,3888,weaker
3225,4667,weaker
3226,4544,weaker
3228,1824,equivalent
3228,1950,equivalent
3228,4131,weaker
3229,1272,weaker
3229,4241,weaker
3230,1021,weaker
3231,1841,weaker
3231,2094,equivalent
3231,2201,equivalent
3231,4258,weaker
3232,12,incomparable
3232,472,stronger
3232,1722,incomparable
3232,2076,incomparable
3232,2976,stronger
3233,2346,equivalent
3234,3465,weaker
3234,4440,weaker
3234,4681,weaker
3235,1018,equivalent
3235,1213,equivalent
3235,4074,weaker
3236,1462,weaker
3237,915,stronger
3237,2249,weaker
3237,2564,stronger
3238,503,weaker
3239,128,equivalent
3239,4409,weaker
3240,1230,weaker
3240,1246,weaker
3240,3963,weaker
3241,381,weaker
3241,1096,weaker
3241,4075,weaker
3242,672,weaker
3242,703,weaker
3242,1410,weaker
3242,1794,stronger
3242,2680,incomparable
3242,3645,incomparable
3243,468,equivalent
3243,3811,weaker
3243,3879,weaker
3244,358,weaker
3244,1268,weaker
3244,1522,equivalent
3244,1800,equivalent
3244,2296,weaker
3244,2523,equivalent
3245,3898,weaker
3246,2734,weaker
3246,2849,weaker
3246,3545,weaker
3246,4258,weaker
3246,4333,weaker
3248,2431,equivalent
3248,2683,weaker
3248,4008,weaker
3249,833,weaker
3249,3035,equivalent
3250,4205,weaker
3250,4497,weaker
3251,1137,weaker
3251,1555,equivalent
3251,1678,weaker
3251,2284,weaker
3251,3681,weaker
3251,4587,weaker
3252,1232,weaker
3252,1731,weaker
3253,1663,incomparable
3253,2073,stronger
3253,2317,stronger
3253,2660,incomparable
3254,4321,incomparable
3255,4152,stronger
3255,4327,incomparable
3255,4501,incomparable
3255,4554,incomparable
3256,2261,stronger
3256,2805,incomparable
3257,3205,incomparable
3260,603,incomparable
3260,610,stronger
3260,3400,stronger
3260,4037,stronger
3261,4575,incomparable
3262,522,incomparable
3262,664,stronger
3263,4048,stronger
3263,4490,incomparable
3264,1685,incomparable
3264,2375,stronger
3264,2534,incomparable
3265,4643,incomparable
3266,119,stronger
3266,1301,incomparable
3266,1704,stronger
3266,2957,stronger
3267,431,stronger
3267,1359,stronger
3267,1952,stronger
3267,3388,incomparable
3268,622,incomparable
3268,2890,incomparable
3268,3629,stronger
3269,962,incomparable
3269,1919,stronger
3269,2123,stronger
3270,474,incomparable
3270,2705,stronger
3271,3281,incomparable
3271,3465,incomparable
3271,4170,stronger
3272,3105,incomparable
3272,4220,stronger
3273,445,incomparable
3273,1099,stronger
3273,4484,incomparable
3273,4520,incomparable
3274,245,stronger
3274,4007,incomparable
3275,12,incomparable
3275,1141,incomparable
3275,1201,stronger
3276,354,stronger
3276,587,stronger
3276,4661,incomparable
3277,2814,stronger
3278,767,stronger
3278,1061,incomparable
3279,424,incomparable
3279,2562,incomparable
3280,483,incomparable
3280,1573,incomparable
3281,79,stronger
3281,194,incomparable
3281,2295,stronger
3282,395,incomparable
3282,404,stronger
3282,3645,stronger
3283,3334,incomparable
3284,573,stronger
3284,3445,stronger
3285,645,incomparable
3286,838,incomparable
3286,1216,stronger
3286,3148,stronger
3286,3715,incomparable
3286,3959,incomparable
3287,1809,stronger
3287,2309,stronger
3287,3822,stronger
3289,3536,incomparable
3289,4419,incomparable
3290,1943,incomparable
3290,4297,incomparable
3291,1954,stronger
3291,4188,stronger
3292,3572,stronger
3293,3126,incomparable
3293,3372,stronger
3294,1871,incomparable
3295,820,incomparable
3295,1009,incomparable
3295,3517,incomparable
3295,4416,incomparable
3296,1020,incomparable
3296,1693,stronger
3296,3339,incomparable
3297,813,stronger
3297,2200,stronger
3298,585,stronger
3298,1374,incomparable
3298,4125,incomparable
3299,1242,incomparable
3299,2810,stronger
3300,3966,stronger
3301,1210,stronger
3301,1830,stronger
3301,3307,incomparable
3303,1766,stronger
3303,4011,stronger
3303,4377,incomparable
3304,1891,stronger
3305,1903,stronger
3306,1172,stronger
3306,2735,stronger
3306,4251,stronger
3307,115,incomparable
3308,165,stronger
3308,2328,incomparable
3308,2969,stronger
3308,4689,incomparable
3309,2863,incomparable
3309,3889,incomparable
3310,184,stronger
3310,3387,stronger
3310,4101,incomparable
3311,683,stronger
3313,804,stronger
3313,3454,stronger
3313,4336,incomparable
3314,2092,stronger
3314,3907,incomparable
3315,2753,incomparable
3316,328,stronger
3316,615,incomparable
3317,1493,stronger
3317,2378,stronger
3317,4454,incomparable
3318,4618,incomparable
3319,1581,incomparable
3319,1813,stronger
3319,1895,unknown
3319,3533,incomparable
3319,3542,stronger
3319,3872,incomparable
3319,4490,incomparable
3321,13,incomparable
3321,3628,stronger
3322,1384,incomparable
3322,2066,incomparable
3322,2362,stronger
3322,2511,incomparable
3322,4009,stronger
3322,4255,stronger
3323,3422,incomparable
3324,414,incomparable
3324,812,stronger
3324,2513,incomparable
3324,3335,stronger
3324,4253,incomparable
3325,1096,incomparable
3325,1900,incomparable
3325,3115,incomparable
3326,3754,stronger
3326,3759,incomparable
3327,2408,stronger
3327,3821,stronger
3327,3874,incomparable
3328,3801,stronger
3329,4512,incomparable
3330,4443,incomparable
3331,2047,stronger
3331,2806,stronger
3332,788,stronger
3332,1384,incomparable
3332,2501,stronger
3333,4362,incomparable
3334,2382,stronger
3335,2427,stronger
3335,4580,incomparable
3336,1563,stronger
3337,603,incomparable
3337,4533,incomparable
3338,1878,stronger
3338,4552,incomparable
3339,2176,stronger
3340,1112,incomparable
3340,3146,stronger
3341,1869,incomparable
3342,357,stronger
3342,768,stronger
3342,884,stronger
3343,1060,incomparable
3346,2742,stronger
3346,3719,incomparable
3346,4029,stronger
3347,198,incomparable
3348,11,incomparable
3348,1915,stronger
3348,3776,weaker
3349,1207,stronger
3349,3642,stronger
3351,1995,stronger
3351,3349,weaker
3351,4193,equivalent
3352,3033,stronger
3352,3463,incomparable
3353,93,stronger
3353,3265,incomparable
3354,810,stronger
3354,1742,incomparable
3354,4689,weaker
3355,1151,stronger
3355,1421,stronger
3355,3048,stronger
3356,1978,stronger
3357,421,incomparable
3357,427,incomparable
3357,1540,stronger
3358,1894,incomparable
3358,2756,stronger
3359,2037,incomparable
3360,501,incomparable
3360,3786,weaker
3361,3276,weaker
3361,3669,weaker
3361,4241,equivalent
3362,2355,incomparable
3362,4345,weaker
3364,1466,incomparable
3364,2666,incomparable
3364,2978,stronger
3364,4353,incomparable
3365,1866,incomparable
3365,2358,stronger
3365,3121,stronger
3365,4649,weaker
3366,1475,incomparable
3366,2682,incomparable
3366,3059,incomparable
3367,1866,incomparable
3367,2270,incomparable
3367,3807,stronger
3367,4625,weaker
3368,2503,incomparable
3369,1132,stronger
3369,2116,incomparable
3370,1640,incomparable
3370,3925,incomparable
3371,1359,stronger
3371,1773,stronger
3372,980,stronger
3372,3100,incomparable
3372,3628,equivalent
3373,1625,stronger
3375,270,incomparable
3375,2526,stronger
3375,3624,stronger
3376,2814,stronger
3376,2817,stronger
3377,1648,incomparable
3377,4301,weaker
3378,1207,incomparable
3378,1319,stronger
3378,4213,weaker
3379,3876,weaker
3380,4367,incomparable
3381,4619,weaker
3382,36,stronger
3382,397,equivalent
3382,2397,stronger
3383,624,incomparable
3383,1525,incomparable
3383,2373,incomparable
3383,2386,stronger
3384,185,stronger
3384,2785,stronger
3384,3376,stronger
3385,165,incomparable
3385,3159,incomparable
3385,4160,stronger
3386,883,incomparable
3386,1205,stronger
3386,1402,stronger
3386,4315,weaker
3387,2332,stronger
3387,2802,stronger
3388,1087,stronger
3388,3033,stronger
3388,3226,stronger
3389,1116,stronger
3389,1163,incomparable
3390,97,stronger
3391,1130,stronger
3392,746,incomparable
3392,1300,stronger
3392,2153,stronger
3392,4240,stronger
3393,2292,stronger
3393,2536,incomparable
3393,2558,incomparable
3393,3326,weaker
3394,690,incomparable
3394,2068,incomparable
3395,1027,incomparable
3395,2025,stronger
3395,2128,incomparable
3395,2605,incomparable
3395,3316,weaker
3397,2107,stronger
3398,159,incomparable
3398,279,stronger
3398,473,incomparable
3398,1843,incomparable
3398,1920,stronger
3398,2313,stronger
3398,4057,stronger
3400,237,stronger
3400,4556,weaker
3401,1465,incomparable
3401,2232,stronger
3401,2646,incomparable
3401,3085,incomparable
3401,3425,stronger
3402,1787,stronger
3402,2103,incomparable
3402,2739,incomparable
3402,3227,incomparable
3402,4632,weaker
3403,3093,incomparable
3403,3341,weaker
3403,4288,weaker
3404,1352,stronger
3404,3420,stronger
3404,3682,incomparable
3405,1317,stronger
3405,1787,stronger
3405,2026,stronger
3405,2335,incomparable
3405,2468,incomparable
3406,3594,equivalent
3407,1895,incomparable
3407,2246,incomparable
3407,2784,stronger
3407,4353,weaker
3409,1216,stronger
3409,1827,stronger
3410,2939,incomparable
3411,1175,incomparable
3411,2947,incomparable
3411,3664,weaker
3413,2968,incomparable
3413,4586,weaker
3414,80,stronger
3415,663,incomparable
3415,3645,equivalent
3415,4616,weaker
3417,3946,incomparable
3418,4299,incomparable
3419,1031,incomparable
3419,3148,stronger
3420,973,stronger
3420,2496,incomparable
3420,2681,incomparable
3421,2097,incomparable
3421,3362,equivalent
3422,2725,incomparable
3422,3162,stronger
3423,116,stronger
3423,3486,weaker
3424,2356,stronger
3424,4382,weaker
3424,4404,weaker
3425,644,incomparable
3425,1028,incomparable
3425,1355,incomparable
3425,2977,incomparable
3425,3950,weaker
3426,3499,incomparable
3426,4661,incomparable
3427,4157,weaker
3428,2652,incomparable
3428,3624,equivalent
3429,4507,weaker
3430,3119,stronger
3430,3806,equivalent
3431,846,incomparable
3431,4163,stronger
3431,4581,incomparable
3434,2645,incomparable
3434,4038,equivalent
3435,1991,stronger
3435,3236,stronger
3436,2057,incomparable
3436,4516,incomparable
3437,2582,stronger
3438,3804,weaker
3440,949,incomparable
3440,2936,incomparable
3441,26,incomparable
3441,4349,incomparable
3442,1027,incomparable
3442,4255,equivalent
3443,270,incomparable
3443,816,stronger
3444,107,incomparable
3444,668,stronger
3444,3018,stronger
3445,1995,stronger
3446,47,incomparable
3446,1406,stronger
3446,4633,incomparable
3447,1407,stronger
3447,1855,incomparable
3447,3963,equivalent
3447,4068,weaker
3448,1103,stronger
3448,2819,stronger
3449,896,stronger
3449,4020,equivalent
3450,394,equivalent
3450,1521,incomparable
3451,1190,stronger
3451,1581,incomparable
3451,3659,incomparable
3452,116,stronger
3452,4098,weaker
3453,620,incomparable
3453,820,incomparable
3453,1252,incomparable
3453,3987,equivalent
3454,1082,incomparable
3455,565,stronger
3455,697,stronger
3455,2712,incomparable
3455,3683,weaker
3457,163,stronger
3457,1021,incomparable
3457,1219,stronger
3458,769,incomparable
3458,1879,incomparable
3459,446,incomparable
3462,167,incomparable
3462,455,incomparable
3462,1075,incomparable
3462,2173,incomparable
3462,2569,stronger
3462,2838,stronger
3462,2964,incomparable
3463,1173,stronger
3463,3398,incomparable
3464,470,stronger
3464,2903,incomparable
3465,362,incomparable
3465,762,stronger
3465,2548,stronger
3465,3129,stronger
3465,4214,stronger
3466,1143,stronger
3466,1285,incomparable
3467,1108,stronger
3467,1762,stronger
3468,1374,incomparable
3468,1862,incomparable
3469,1803,stronger
3470,552,stronger
3470,1752,stronger
3470,2839,stronger
3470,3244,stronger
3470,4322,incomparable
3472,648,incomparable
3472,2539,stronger
3472,2568,stronger
3472,3229,stronger
3473,4584,incomparable
3474,536,stronger
3474,2694,incomparable
3475,178,stronger
3475,3886,incomparable
3476,784,stronger
3476,3418,incomparable
3477,201,stronger
3477,3368,stronger
3478,3313,incomparable
3479,2533,incomparable
3479,2872,incomparable
3479,2954,stronger
3479,4211,stronger
3479,4251,stronger
3480,561,stronger
3480,1271,incomparable
3480,4030,stronger
3481,1244,incomparable
3482,104,incomparable
3482,235,stronger
3483,2890,incomparable
3483,3212,stronger
3485,2378,stronger
3485,3680,incomparable
3485,3773,incomparable
3485,4116,incomparable
3486,872,incomparable
3486,1909,stronger
3486,3966,stronger
3488,1313,incomparable
3488,1699,incomparable
3488,1925,incomparable
3488,3280,incomparable
3489,129,stronger
3489,3384,incomparable
3490,1317,stronger
3491,203,incomparable
3491,1778,stronger
3491,3117,stronger
3491,4537,incomparable
3493,961,stronger
3493,2505,stronger
3493,3440,stronger
3493,3956,stronger
3494,1893,stronger
3495,126,stronger
3495,358,stronger
3495,1509,stronger
3495,3749,incomparable
3496,1806,incomparable
3496,2274,incomparable
3496,2691,incomparable
3497,1142,stronger
3498,360,incomparable
3498,1003,stronger
3498,4655,incomparable
3499,150,stronger
3499,3898,incomparable
3500,51,incomparable
3500,1967,incomparable
3500,3176,incomparable
3501,23,incomparable
3501,604,stronger
3501,661,incomparable
3502,2833,stronger
3503,252,stronger
3503,1031,incomparable
3503,1368,incomparable
3504,1677,incomparable
3504,4586,incomparable
3505,664,incomparable
3505,2297,stronger
3505,2917,incomparable
3506,1234,incomparable
3506,3846,stronger
3507,123,stronger
3507,2995,stronger
3507,3088,incomparable
3507,4158,incomparable
3507,4493,incomparable
3508,63,incomparable
3508,2613,incomparable
3509,2143,stronger
3509,2680,stronger
3509,3477,incomparable
3509,4604,incomparable
3510,2245,stronger
3510,4226,incomparable
3512,1310,stronger
3512,3813,stronger
3513,3505,incomparable
3514,156,incomparable
3514,1077,stronger
3514,1298,stronger
3515,1288,incomparable
3515,2253,incomparable
3515,2266,incomparable
3515,3726,incomparable
3516,36,stronger
3516,170,incomparable
3516,173,stronger
3516,867,stronger
3517,869,incomparable
3517,2384,stronger
3517,4543,incomparable
3518,952,incomparable
3518,1906,stronger
3519,1521,incomparable
3519,1581,incomparable
3519,2897,stronger
3520,2016,stronger
3521,66,incomparable
3521,2828,stronger
3522,2166,stronger
3522,3516,stronger
3523,4627,incomparable
3523,4693,incomparable
3524,4684,incomparable
3525,295,stronger
3525,2365,stronger
3525,3431,incomparable
3526,144,stronger
3527,3394,stronger
3528,2261,stronger
3528,3906,incomparable
3529,1350,stronger
3530,1127,stronger
3530,1539,incomparable
3530,3893,incomparable
3530,4344,incomparable
3531,3131,incomparable
3532,1756,stronger
3532,2112,stronger
3533,54,stronger
3533,173,stronger
3533,609,stronger
3533,1683,stronger
3533,2324,stronger
3534,1891,stronger
3534,2272,stronger
3534,4349,incomparable
3534,4644,incomparable
3537,1096,incomparable
3537,1896,stronger
3537,4374,incomparable
3537,4482,incomparable
3538,2999,stronger
3538,3216,stronger
3538,3773,incomparable
3539,1061,incomparable
3541,2249,incomparable
3541,3198,stronger
3541,3497,incomparable
3541,3712,incomparable
3542,872,incomparable
3542,3728,incomparable
3543,2581,stronger
3543,4127,incomparable
3544,2198,stronger
3545,834,incomparable
3545,1289,incomparable
3545,1924,incomparable
3546,443,incomparable
3546,1033,incomparable
3547,2316,incomparable
3547,3026,stronger
3547,4284,weaker
3548,200,stronger
3548,4411,incomparable
3549,589,stronger
3549,2005,stronger
3549,2542,stronger
3549,3823,incomparable
3551,3702,weaker
3551,3840,equivalent
3553,1845,incomparable
3554,598,incomparable
3554,3586,equivalent
3555,3264,incomparable
3555,3382,stronger
3556,1808,stronger
3556,1893,stronger
3556,1911,stronger
3556,2313,stronger
3557,1964,incomparable
3557,2251,incomparable
3557,2911,stronger
3557,3116,incomparable
3558,1054,incomparable
3558,2384,stronger
3558,3530,incomparable
3559,100,incomparable
3559,169,incomparable
3560,774,incomparable
3561,745,stronger
3561,3185,incomparable
3561,3994,weaker
3562,40,incomparable
3562,3684,weaker
3563,2679,incomparable
3563,3199,stronger
3563,3359,weaker
3564,691,stronger
3564,1931,incomparable
3565,414,incomparable
3565,2242,incomparable
3566,1489,incomparable
3566,1835,incomparable
3566,3757,stronger
3566,3802,stronger
3567,1221,stronger
3568,142,incomparable
3568,1639,incomparable
3568,3859,equivalent
3569,2303,incomparable
3569,2537,stronger
3569,3230,stronger
3570,892,stronger
3570,950,stronger
3571,71,stronger
3572,935,stronger
3572,1448,incomparable
3572,1856,incomparable
3572,4344,weaker
3573,3545,weaker
3573,4518,incomparable
3574,803,stronger
3574,1784,incomparable
3574,2844,stronger
3575,2683,incomparable
3575,3475,weaker
3576,4506,weaker
3577,275,stronger
3577,2399,incomparable
3578,1287,stronger
3578,2408,stronger
3578,2622,stronger
3578,2797,stronger
3579,1751,stronger
3579,3372,equivalent
3579,3922,weaker
3579,4156,equivalent
3580,3994,weaker
3582,3200,stronger
3583,996,stronger
3584,607,stronger
3584,4494,weaker
3585,2578,stronger
3587,2542,stronger
3587,3753,stronger
3588,61,incomparable
3588,891,stronger
3588,1012,stronger
3588,1477,incomparable
3589,2492,incomparable
3589,3627,equivalent
3590,964,incomparable
3590,3172,stronger
3591,114,incomparable
3591,2635,stronger
3591,3757,stronger
3592,1367,stronger
3592,1647,incomparable
3592,4117,weaker
3593,941,stronger
3593,2709,incomparable
3594,218,incomparable
3594,4571,weaker
3595,2173,incomparable
3595,2623,incomparable
3595,3073,incomparable
3595,4513,incomparable
3597,3932,weaker
3598,4608,weaker
3599,158,incomparable
3599,1716,stronger
3599,3785,equivalent
3600,243,stronger
3600,3165,stronger
3601,4536,incomparable
3602,2928,incomparable
3603,71,stronger
3603,151,incomparable
3604,2647,incomparable
3605,810,stronger
3605,888,stronger
3605,1394,stronger
3605,1517,stronger
3605,2832,stronger
3606,1628,stronger
3606,3699,weaker
3607,3057,incomparable
3607,3292,incomparable
3608,1435,incomparable
3608,1635,incomparable
3608,3422,weaker
3608,4649,weaker
3609,1113,incomparable
3609,1593,stronger
3609,2150,stronger
3609,3005,stronger
3610,1297,stronger
3611,411,incomparable
3611,3889,weaker
3611,4358,weaker
3612,4168,weaker
3613,2182,incomparable
3613,3986,equivalent
3613,4614,weaker
3614,264,incomparable
3614,480,stronger
3614,1910,incomparable
3614,4058,equivalent
3614,4611,weaker
3615,875,incomparable
3616,771,stronger
3616,2549,stronger
3617,1170,stronger
3617,1570,stronger
3617,3621,stronger
3617,3723,incomparable
3618,167,incomparable
3619,3640,equivalent
3620,2182,incomparable
3622,2058,incomparable
3622,2126,incomparable
3622,4556,weaker
3623,15,stronger
3623,3560,equivalent
3624,3364,weaker
3625,3317,incomparable
3625,4661,incomparable
3626,458,incomparable
3626,2331,incomparable
3627,1912,incomparable
3627,2218,stronger
3627,2223,stronger
3627,2649,incomparable
3627,2958,incomparable
3628,684,incomparable
3628,802,stronger
3628,3716,weaker
3629,410,stronger
3629,3156,stronger
3629,3604,equivalent
3629,4508,weaker
3630,445,incomparable
3630,714,incomparable
3630,2324,stronger
3631,677,incomparable
3632,49,incomparable
3634,433,incomparable
3634,1392,stronger
3634,3520,incomparable
3634,3683,incomparable
3634,3877,weaker
3635,4047,equivalent
3636,1092,incomparable
3636,3558,weaker
3636,3808,equivalent
3637,2950,stronger
3637,3023,stronger
3637,3627,equivalent
3638,1253,incomparable
3638,2834,stronger
3638,3706,weaker
3640,1851,incomparable
3640,3059,incomparable
3642,1965,stronger
3642,2275,incomparable
3643,1193,stronger
3643,1318,incomparable
3644,2926,stronger
3646,1522,stronger
3649,69,stronger
3649,1644,incomparable
3649,2873,incomparable
3649,3272,incomparable
3649,3965,weaker
3650,571,incomparable
3650,2738,stronger
3651,1524,stronger
3651,2352,stronger
3652,1202,incomparable
3652,1975,incomparable
3652,2011,stronger
3652,2645,incomparable
3653,1220,stronger
3654,3617,weaker
3655,278,stronger
3655,3549,weaker
3655,4663,weaker
3656,3654,weaker
3656,3941,weaker
3657,2289,incomparable
3657,3702,weaker
3657,4673,weaker
3658,2720,incomparable
3658,2893,incomparable
3658,4025,equivalent
3659,2088,incomparable
3662,3930,incomparable
3663,328,incomparable
3663,2062,incomparable
3664,540,stronger
3664,3393,stronger
3664,4293,incomparable
3665,2623,incomparable
3665,2762,stronger
3665,2972,stronger
3665,3304,stronger
3666,2901,stronger
3666,3758,incomparable
3668,3412,stronger
3669,51,incomparable
3669,2056,incomparable
3669,3817,stronger
3669,4148,incomparable
3670,575,incomparable
3670,758,stronger
3670,2596,stronger
3670,2974,stronger
3670,3074,incomparable
3671,353,stronger
3671,1868,incomparable
3671,2523,stronger
3674,778,incomparable
3674,1437,incomparable
3674,2383,incomparable
3675,3258,incomparable
3676,1115,incomparable
3676,1767,incomparable
3677,257,incomparable
3677,2205,stronger
3678,1065,incomparable
3679,609,stronger
3679,2453,incomparable
3680,2074,incomparable
3680,2465,incomparable
3680,3248,stronger
3681,3382,stronger
3682,1252,incomparable
3684,1581,incomparable
3684,1948,stronger
3685,226,stronger
3685,444,incomparable
3685,688,stronger
3685,708,stronger
3685,837,incomparable
3685,3004,stronger
3686,113,incomparable
3686,3728,incomparable
3687,4424,incomparable
3688,1056,incomparable
3688,1449,incomparable
3688,4269,incomparable
3689,2411,stronger
3690,2172,stronger
3690,2841,stronger
3690,3132,stronger
3691,747,stronger
3692,811,incomparable
3692,1008,stronger
3692,3694,incomparable
3693,664,incomparable
3693,758,stronger
3693,4310,incomparable
3694,192,stronger
3694,643,incomparable
3694,1389,stronger
3695,1879,incomparable
3695,3571,stronger
3696,1619,stronger
3696,2293,incomparable
3696,2395,stronger
3696,3546,incomparable
3698,1067,incomparable
3698,1401,stronger
3698,2544,stronger
3698,3775,stronger
3699,930,incomparable
3699,1310,stronger
3700,3858,stronger
3701,289,stronger
3701,2679,incomparable
3702,69,stronger
3702,155,incomparable
3702,284,stronger
3703,157,incomparable
3703,2591,stronger
3704,2741,incomparable
3704,4458,incomparable
3705,350,stronger
3705,1504,incomparable
3705,4528,incomparable
3706,4670,incomparable
3708,3463,incomparable
3708,4115,incomparable
3709,2613,incomparable
3709,3383,stronger
3710,1093,stronger
3710,1275,incomparable
3710,2859,incomparable
3710,3491,incomparable
3711,3355,incomparable
3712,4573,incomparable
3713,1787,stronger
3714,835,incomparable
3714,2212,incomparable
3715,2055,incomparable
3715,3604,stronger
3715,3885,incomparable
3715,4326,incomparable
3716,223,stronger
3716,954,stronger
3716,2016,stronger
3716,2104,stronger
3716,2658,incomparable
3717,2728,incomparable
3717,3687,incomparable
3717,3801,stronger
3720,997,stronger
3720,1695,incomparable
3720,2779,incomparable
3721,2386,stronger
3722,1316,incomparable
3722,2275,incomparable
3722,3335,incomparable
3722,3711,stronger
3723,310,incomparable
3723,1324,stronger
3724,3623,stronger
3724,3940,incomparable
3725,1590,incomparable
3725,3861,stronger
3726,217,incomparable
3726,563,stronger
3726,1378,incomparable
3727,440,incomparable
3727,2076,incomparable
3727,3285,incomparable
3727,4528,incomparable
3728,2462,incomparable
3730,2990,incomparable
3730,3227,incomparable
3730,3730,equivalent
3732,676,incomparable
3732,1600,stronger
3732,3584,stronger
3734,1758,stronger
3734,4284,weaker
3736,1465,incomparable
3736,2182,incomparable
3736,2535,stronger
3736,2862,incomparable
3737,856,incomparable
3737,2499,incomparable
3737,3124,stronger
3737,3730,incomparable
3738,25,incomparable
3738,200,stronger
3739,2976,stronger
3740,785,stronger
3740,1017,stronger
3740,1191,stronger
3740,1564,incomparable
3740,2117,stronger
3740,2166,stronger
3740,3005,stronger
3741,137,stronger
3741,2330,incomparable
3741,4020,stronger
3742,686,incomparable
3742,4143,weaker
3743,279,stronger
3744,397,stronger
3745,1660,incomparable
3745,2057,incomparable
3745,3295,incomparable
3746,1628,stronger
3746,2236,stronger
3746,2915,incomparable
3747,1099,stronger
3747,1140,stronger
3747,2746,incomparable
3748,1901,stronger
3748,2419,stronger
3748,3709,incomparable
3749,99,incomparable
3749,2274,incomparable
3749,2343,stronger
3750,255,incomparable
3751,1393,stronger
3751,1706,stronger
3751,2766,stronger
3752,2773,stronger
3754,2865,incomparable
3755,2537,stronger
3755,3530,incomparable
3755,3669,incomparable
3756,209,incomparable
3756,3235,stronger
3756,3364,incomparable
3757,1374,incomparable
3757,1424,stronger
3757,2414,stronger
3758,2624,stronger
3758,4062,stronger
3759,703,incomparable
3759,3341,incomparable
3759,3586,stronger
3759,4134,incomparable
3760,3244,stronger
3761,709,incomparable
3761,2186,incomparable
3761,3062,incomparable
3762,1941,incomparable
3762,4074,incomparable
3763,698,incomparable
3763,4002,equivalent
3763,4496,weaker
3764,667,incomparable
3764,1159,stronger
3764,1410,incomparable
3764,3948,weaker
3765,4320,weaker
3766,1630,incomparable
3766,3535,weaker
3767,3124,stronger
3767,3371,weaker
3768,2658,incomparable
3770,852,incomparable
3770,4548,incomparable
3771,2234,stronger
3773,27,incomparable
3773,1410,incomparable
3773,3306,weaker
3773,3984,weaker
3774,2982,incomparable
3776,2232,incomparable
3776,2700,incomparable
3777,1810,stronger
3777,2559,stronger
3781,1564,incomparable
3781,1692,incomparable
3782,291,stronger
3782,490,stronger
3782,2980,stronger
3783,1424,stronger
3783,2322,incomparable
3785,2136,stronger
3785,2213,stronger
3785,2704,stronger
3785,3630,equivalent
3786,4051,stronger
3787,631,incomparable
3788,1447,incomparable
3788,1515,incomparable
3788,2253,incomparable
3789,2703,stronger
3790,3861,stronger
3791,267,incomparable
3791,2093,incomparable
3792,763,stronger
3792,1121,stronger
3792,3116,incomparable
3792,3731,weaker
3793,398,equivalent
3793,942,stronger
3793,1256,incomparable
3793,2886,incomparable
3793,4496,weaker
3795,3414,weaker
3796,1001,stronger
3796,1054,incomparable
3797,114,incomparable
3797,372,weaker
3797,1116,stronger
3797,3064,incomparable
3797,3212,stronger
3797,3405,weaker
3797,3591,weaker
3797,4561,weaker
3798,2870,incomparable
3798,4129,incomparable
3799,4019,equivalent
3800,3710,weaker
3801,2385,incomparable
3802,4348,weaker
3803,1165,incomparable
3803,2143,stronger
3803,2500,stronger
3804,2886,incomparable
3805,2112,stronger
3805,4237,equivalent
3805,4404,weaker
3806,1691,incomparable
3806,4055,weaker
3807,3071,incomparable
3807,4207,stronger
3808,441,incomparable
3808,4595,weaker
3809,343,weaker
3809,1213,stronger
3809,1223,incomparable
3810,217,incomparable
3810,3104,stronger
3810,3776,incomparable
3811,4636,incomparable
3812,2585,stronger
3813,670,incomparable
3814,1986,stronger
3814,2060,incomparable
3814,2331,incomparable
3814,2562,incomparable
3814,4540,weaker
3815,2478,incomparable
3815,3171,stronger
3815,3411,stronger
3816,41,equivalent
3816,3163,incomparable
3816,3214,incomparable
3817,2424,stronger
3817,2502,stronger
3817,3751,weaker
3818,485,stronger
3818,1443,incomparable
3818,4065,weaker
3819,524,incomparable
3819,908,stronger
3819,1069,incomparable
3820,847,incomparable
3820,4009,stronger
3820,4298,incomparable
3821,1091,stronger
3821,1230,incomparable
3822,3308,weaker
3822,3604,weaker
3823,2209,stronger
3824,902,stronger
3824,3463,incomparable
3825,784,stronger
3825,2882,incomparable
3826,390,equivalent
3826,2181,stronger
3827,2581,stronger
3827,3004,stronger
3828,3399,stronger
3829,250,incomparable
3829,4246,equivalent
3829,4315,weaker
3830,170,incomparable
3830,3062,incomparable
3831,1587,incomparable
3831,2591,stronger
3831,3313,weaker
3831,4624,weaker
3832,4267,stronger
3833,1288,incomparable
3833,3116,incomparable
3834,313,weaker
3834,728,stronger
3834,2662,incomparable
3835,236,stronger
3835,1472,incomparable
3836,2523,stronger
3836,2638,incomparable
3836,2890,incomparable
3837,1143,stronger
3837,2170,incomparable
3838,4128,weaker
3839,4,incomparable
3839,2069,incomparable
3839,2163,incomparable
3839,4365,weaker
3840,2709,incomparable
3840,3566,weaker
3841,2444,incomparable
3842,1178,stronger
3842,1803,stronger
3842,3622,stronger
3843,1753,stronger
3843,2355,incomparable
3843,2724,incomparable
3843,4650,weaker
3844,110,incomparable
3844,976,stronger
3844,1679,incomparable
3845,302,incomparable
3845,4158,weaker
3846,613,stronger
3846,1448,incomparable
3846,3010,stronger
3846,4038,equivalent
3847,3572,stronger
3848,269,incomparable
3848,1868,incomparable
3849,3607,weaker
3849,3759,weaker
3849,4478,weaker
3850,245,stronger
3850,4471,weaker
3850,4560,weaker
3850,4626,weaker
3851,1123,stronger
3851,2173,incomparable
3852,1479,incomparable
3853,3092,incomparable
3853,3789,equivalent
3855,1781,stronger
3855,3013,stronger
3856,65,incomparable
3856,119,stronger
3856,404,equivalent
3856,545,incomparable
3856,3187,stronger
3856,3636,equivalent
3856,4151,weaker
3856,4530,weaker
3858,2349,incomparable
3858,3500,weaker
3858,3802,equivalent
3859,641,incomparable
3859,1882,incomparable
3859,2250,incomparable
3860,771,stronger
3860,2890,incomparable
3860,2988,stronger
3860,3489,weaker
3860,4629,weaker
3862,69,stronger
3862,179,incomparable
3862,968,stronger
3862,2319,stronger
3862,3089,incomparable
3862,3823,incomparable
3864,1227,incomparable
3864,4222,stronger
3865,301,stronger
3865,650,stronger
3865,1142,stronger
3865,1379,stronger
3865,1506,incomparable
3865,2989,stronger
3866,2852,incomparable
3866,3599,stronger
3868,1064,incomparable
3868,1788,stronger
3869,1378,incomparable
3869,2042,incomparable
3869,2331,incomparable
3870,3735,stronger
3871,1763,incomparable
3871,2234,stronger
3871,3071,incomparable
3872,768,stronger
3872,2807,stronger
3873,3928,incomparable
3874,1082,incomparable
3875,3402,stronger
3876,1434,incomparable
3876,1845,incomparable
3876,3003,stronger
3876,3803,incomparable
3877,402,stronger
3878,2464,incomparable
3878,2565,stronger
3878,4356,incomparable
3879,911,stronger
3879,3088,incomparable
3879,3677,weaker
3880,3108,stronger
3882,3673,incomparable
3883,639,incomparable
3883,1512,stronger
3883,2165,incomparable
3883,4354,incomparable
3883,4390,incomparable
3884,569,stronger
3884,3338,incomparable
3885,2992,incomparable
3885,4309,incomparable
3886,683,stronger
3886,4689,incomparable
3887,823,incomparable
3887,1208,stronger
3887,3075,incomparable
3887,3702,incomparable
3890,1396,stronger
3890,2874,incomparable
3892,1004,incomparable
3892,3528,incomparable
3892,4201,stronger
3893,195,stronger
3893,1938,stronger
3893,2243,incomparable
3893,3434,stronger
3896,2072,incomparable
3897,3328,incomparable
3899,2253,incomparable
3900,1178,stronger
3900,4637,incomparable
3901,373,stronger
3901,1579,stronger
3901,1675,incomparable
3902,181,stronger
3902,871,stronger
3903,867,incomparable
3904,500,incomparable
3904,843,incomparable
3904,913,stronger
3904,4478,incomparable
3905,229,incomparable
3905,923,stronger
3905,4512,incomparable
3906,2504,incomparable
3906,2603,stronger
3906,4311,incomparable
3907,191,stronger
3907,4288,incomparable
3908,27,incomparable
3908,1333,stronger
3908,1903,stronger
3908,2067,incomparable
3908,3136,stronger
3911,2287,incomparable
3912,1283,stronger
3913,822,incomparable
3913,1767,incomparable
3913,2809,stronger
3914,4284,weaker
3914,4682,incomparable
3915,833,incomparable
3915,2513,stronger
3915,3744,stronger
3916,437,incomparable
3916,1683,stronger
3916,4309,incomparable
3917,1829,stronger
3917,4018,incomparable
3917,4415,incomparable
3919,1393,stronger
3919,1851,incomparable
3919,3857,incomparable
3920,4003,stronger
3921,1903,stronger
3921,3077,incomparable
3922,952,incomparable
3922,1560,incomparable
3924,113,stronger
3924,253,stronger
3924,1826,incomparable
3924,2967,stronger
3926,749,incomparable
3927,110,incomparable
3927,608,incomparable
3928,315,incomparable
3929,2811,stronger
3929,3238,stronger
3930,892,stronger
3930,958,stronger
3930,3024,incomparable
3931,928,incomparable
3931,2723,stronger
3932,1665,incomparable
3932,2609,incomparable
3932,2728,incomparable
3933,859,stronger
3933,1372,stronger
3933,1457,incomparable
3933,2187,stronger
3933,3505,incomparable
3934,1446,incomparable
3934,4352,incomparable
3935,348,stronger
3935,572,incomparable
3935,1777,stronger
3935,4549,incomparable
3936,677,incomparable
3936,2569,stronger
3936,3383,stronger
3937,914,incomparable
3937,2462,incomparable
3937,3047,stronger
3938,2813,stronger
3938,2893,incomparable
3939,2178,stronger
3939,3330,incomparable
3940,2612,stronger
3941,3027,stronger
3941,4314,weaker
3942,636,stronger
3942,687,stronger
3943,442,incomparable
3943,4676,incomparable
3944,1645,incomparable
3944,1758,stronger
3944,2593,stronger
3944,2882,incomparable
3945,1703,stronger
3945,1725,stronger
3946,1207,incomparable
3946,1446,incomparable
3946,3957,stronger
3947,886,stronger
3947,1202,incomparable
3947,1341,stronger
3947,2184,stronger
3947,3044,stronger
3947,3704,incomparable
3948,3265,weaker
3950,3060,incomparable
3951,1391,incomparable
3951,4283,incomparable
3952,477,incomparable
3952,1408,stronger
3953,376,weaker
3954,1485,incomparable
3954,3286,incomparable
3954,4282,incomparable
3955,3006,stronger
3955,3030,stronger
3955,3105,incomparable
3955,3120,stronger
3955,4105,incomparable
3956,1286,incomparable
3956,2876,incomparable
3956,4140,weaker
3956,4513,weaker
3957,2007,stronger
3957,3726,weaker
3958,957,stronger
3958,1640,incomparable
3958,1926,stronger
3958,3695,incomparable
3959,3053,incomparable
3960,1145,stronger
3960,2788,stronger
3960,2977,incomparable
3961,1635,incomparable
3961,3441,incomparable
3961,4688,incomparable
3962,1321,stronger
3962,3194,stronger
3962,3597,stronger
3963,1746,incomparable
3963,2143,stronger
3964,674,stronger
3964,2788,stronger
3964,3777,incomparable
3964,4293,incomparable
3965,284,stronger
3965,645,incomparable
3965,2349,incomparable
3966,652,incomparable
3966,1184,incomparable
3966,2276,incomparable
3967,3332,weaker
3967,3373,equivalent
3967,4271,weaker
3968,3953,stronger
3968,4555,incomparable
3969,2027,stronger
3969,2831,incomparable
3969,2864,incomparable
3970,3634,weaker
3971,1676,incomparable
3973,782,incomparable
3973,3923,incomparable
3973,4672,incomparable
3973,4685,incomparable
3974,756,stronger
3974,1992,incomparable
3975,757,incomparable
3976,2643,stronger
3977,1829,stronger
3977,3762,weaker
3978,447,incomparable
3978,667,incomparable
3978,4302,weaker
3979,3619,stronger
3980,1204,stronger
3980,2935,stronger
3980,3661,incomparable
3981,2012,stronger
3982,1319,stronger
3982,2503,incomparable
3982,3004,stronger
3982,3755,weaker
3983,2707,incomparable
3983,2744,incomparable
3984,3239,stronger
3984,4107,incomparable
3985,342,equivalent
3985,2539,stronger
3986,721,stronger
3986,2639,stronger
3986,3109,stronger
3987,3055,incomparable
3987,3372,equivalent
3988,2753,incomparable
3989,2467,incomparable
3989,3481,incomparable
3989,4369,incomparable
3990,1458,incomparable
3990,1833,incomparable
3990,1915,stronger
3990,3759,weaker
3991,2637,stronger
3992,1170,stronger
3992,1378,incomparable
3992,3829,equivalent
3992,4612,weaker
3993,1265,incomparable
3993,2709,incomparable
3994,1395,incomparable
3994,2217,incomparable
3994,4510,incomparable
3995,2061,incomparable
3995,2287,incomparable
3995,4075,weaker
3996,1783,stronger
3996,1891,stronger
3996,3339,weaker
3997,536,stronger
3997,600,stronger
3997,766,stronger
3997,2852,incomparable
3997,3525,incomparable
3998,3669,weaker
3998,4441,weaker
3999,254,stronger
3999,2155,stronger
4000,719,incomparable
4000,3625,weaker
4000,4426,weaker
4001,1925,incomparable
4002,3917,weaker
4003,26,incomparable
4003,1186,stronger
4004,1416,stronger
4004,4292,weaker
4005,768,stronger
4006,2758,stronger
4007,260,incomparable
4007,2679,incomparable
4008,226,stronger
4008,4694,weaker
4009,2372,incomparable
4010,909,incomparable
4010,1992,stronger
4010,2666,incomparable
4010,4640,incomparable
4011,2205,stronger
4011,2585,stronger
4012,2027,stronger
4012,4626,weaker
4013,787,stronger
4013,2939,incomparable
4013,4061,stronger
4014,684,incomparable
4014,2353,stronger
4015,1852,incomparable
4015,1998,stronger
4015,4172,equivalent
4016,199,stronger
4016,557,stronger
4017,342,equivalent
4017,2628,incomparable
4018,1032,incomparable
4018,1171,incomparable
4018,2398,incomparable
4019,1745,stronger
4019,3045,stronger
4020,975,stronger
4020,1808,stronger
4020,3565,equivalent
4021,662,incomparable
4021,3578,weaker
4021,4060,weaker
4022,624,incomparable
4022,4302,weaker
4023,1266,incomparable
4024,1801,incomparable
4024,4642,weaker
4025,2276,incomparable
4025,4405,weaker
4026,533,stronger
4026,1449,incomparable
4026,2651,incomparable
4026,3453,stronger
4027,493,stronger
4027,1403,stronger
4027,2873,incomparable
4029,822,incomparable
4029,4004,equivalent
4029,4064,equivalent
4029,4452,weaker
4030,2718,stronger
4030,3698,weaker
4031,1395,stronger
4031,2864,incomparable
4032,206,incomparable
4032,1784,incomparable
4032,2165,incomparable
4032,2666,incomparable
4033,4154,weaker
4034,2072,incomparable
4035,2257,incomparable
4036,912,incomparable
4036,3804,weaker
4037,2206,stronger
4038,3352,weaker
4039,960,incomparable
4039,1958,incomparable
4039,3956,equivalent
4039,4293,weaker
4040,3894,incomparable
4041,2109,stronger
4041,2263,incomparable
4042,3149,incomparable
4043,1601,stronger
4043,3570,weaker
4043,3629,weaker
4043,4387,weaker
4044,452,incomparable
4044,2238,incomparable
4044,2260,incomparable
4044,4137,weaker
4045,1353,incomparable
4045,2983,stronger
4045,4462,incomparable
4046,2165,incomparable
4046,2197,stronger
4046,2316,incomparable
4047,2194,stronger
4047,3137,stronger
4047,3792,equivalent
4047,4653,weaker
4049,1271,incomparable
4049,2484,incomparable
4050,174,stronger
4051,1038,incomparable
4051,4460,weaker
4051,4655,weaker
4052,2727,stronger
4053,641,incomparable
4053,1455,incomparable
4054,2027,stronger
4055,1929,incomparable
4055,2974,stronger
4055,4038,stronger
4055,4071,incomparable
4055,4096,weaker
4055,4332,incomparable
4056,1013,stronger
4056,3170,stronger
4057,2698,stronger
4058,1181,incomparable
4058,1722,incomparable
4058,3662,weaker
4059,3325,weaker
4059,3596,equivalent
4059,4651,weaker
4060,419,incomparable
4060,3164,stronger
4060,4692,incomparable
4061,2936,incomparable
4062,1603,incomparable
4063,132,stronger
4063,4654,weaker
4064,3242,incomparable
4065,477,incomparable
4065,3623,stronger
4066,150,stronger
4066,367,incomparable
4067,1810,stronger
4067,4036,stronger
4068,76,stronger
4068,4153,stronger
4069,711,incomparable
4069,812,stronger
4069,2597,stronger
4069,4228,stronger
4071,1434,incomparable
4071,2336,stronger
4073,1167,incomparable
4074,302,incomparable
4074,2320,stronger
4074,4120,incomparable
4075,3599,stronger
4076,471,stronger
4076,3351,stronger
4077,1180,incomparable
4077,1483,incomparable
4077,2557,stronger
4077,2733,incomparable
4078,452,incomparable
4078,1366,incomparable
4078,1694,incomparable
4078,2661,incomparable
4079,241,stronger
4080,615,incomparable
4080,1471,incomparable
4080,1622,stronger
4081,941,stronger
4082,2474,incomparable
4082,2751,stronger
4082,3776,incomparable
4083,119,stronger
4084,1359,stronger
4085,381,incomparable
4085,847,incomparable
4085,1602,stronger
4085,1713,incomparable
4085,3033,stronger
4085,4069,weaker
4086,879,incomparable
4086,2575,stronger
4087,427,incomparable
4087,1291,incomparable
4087,1932,incomparable
4088,864,incomparable
4088,1034,incomparable
4088,1968,stronger
4088,2705,stronger
4089,1470,incomparable
4089,1864,incomparable
4089,2736,incomparable
4089,3889,incomparable
4090,149,stronger
4090,793,stronger
4090,3973,incomparable
4091,1730,stronger
4091,3335,incomparable
4091,3712,incomparable
4091,3984,incomparable
4091,4158,incomparable
4092,4587,incomparable
4093,3362,stronger
4093,4423,incomparable
4094,3310,incomparable
4094,4138,incomparable
4094,4553,incomparable
4094,4561,incomparable
4095,12,incomparable
4095,582,stronger
4095,1593,stronger
4095,3911,stronger
4096,62,stronger
4096,645,incomparable
4096,1356,stronger
4097,1238,incomparable
4097,2049,incomparable
4098,2490,incomparable
4099,4089,stronger
4100,1983,incomparable
4100,2309,stronger
4100,3456,incomparable
4102,110,incomparable
4102,508,incomparable
4102,1010,stronger
4103,1571,incomparable
4103,2514,stronger
4103,2832,stronger
4103,4292,incomparable
4104,2917,incomparable
4104,3546,incomparable
4104,4118,incomparable
4105,543,incomparable
4105,1194,stronger
4105,2386,stronger
4107,4108,incomparable
4107,4302,incomparable
4108,685,stronger
4108,3470,incomparable
4109,51,incomparable
4109,4339,incomparable
4109,4536,incomparable
4110,2592,incomparable
4110,2815,stronger
4110,3023,stronger
4111,194,incomparable
4111,3051,incomparable
4112,1553,stronger
4112,3446,stronger
4112,4461,incomparable
4112,4664,incomparable
4113,622,incomparable
4113,919,incomparable
4116,501,incomparable
4116,1153,stronger
4116,1212,incomparable
4116,3462,incomparable
4117,29,incomparable
4117,452,incomparable
4117,2799,incomparable
4117,3250,stronger
4117,3308,weaker
4118,1048,incomparable
4118,2767,stronger
4119,1164,stronger
4119,1515,incomparable
4119,4563,incomparable
4120,567,stronger
4120,1055,incomparable
4120,2126,incomparable
4120,2287,stronger
4120,4590,incomparable
4121,1608,stronger
4122,2293,incomparable
4122,3111,stronger
4123,462,stronger
4123,552,stronger
4123,1005,stronger
4123,4564,incomparable
4124,2288,stronger
4124,2639,stronger
4124,2700,incomparable
4125,3562,incomparable
4128,444,incomparable
4128,586,stronger
4128,2112,stronger
4128,3048,stronger
4129,8,incomparable
4129,1136,stronger
4129,2861,incomparable
4130,669,incomparable
4130,1231,incomparable
4130,2435,incomparable
4131,102,incomparable
4132,814,stronger
4132,1247,incomparable
4132,1322,incomparable
4132,1485,incomparable
4132,3117,stronger
4133,716,incomparable
4133,1965,stronger
4133,2929,stronger
4133,3340,incomparable
4133,3588,incomparable
4134,645,incomparable
4134,4605,incomparable
4135,3249,stronger
4136,688,stronger
4136,3374,stronger
4137,1266,incomparable
4137,2267,incomparable
4137,3054,incomparable
4137,3721,incomparable
4139,916,incomparable
4139,1529,stronger
4139,2046,incomparable
4139,3114,stronger
4140,4346,incomparable
4141,906,incomparable
4142,1763,incomparable
4143,1140,stronger
4143,1175,incomparable
4143,4016,stronger
4144,28,incomparable
4144,1862,incomparable
4145,1292,stronger
4145,1642,stronger
4146,2370,incomparable
4146,3390,stronger
4146,4430,incomparable
4147,1812,stronger
4147,4253,incomparable
4148,4572,incomparable
4149,1365,stronger
4149,1912,incomparable
4150,249,stronger
4150,2503,incomparable
4150,3556,incomparable
4151,1259,incomparable
4151,1458,incomparable
4151,3164,stronger
4152,2543,incomparable
4152,2635,stronger
4154,1219,stronger
4154,1974,stronger
4154,3150,incomparable
4154,3528,incomparable
4155,2514,stronger
4158,810,stronger
4158,2093,incomparable
4158,4129,incomparable
4160,2659,incomparable
4160,3090,incomparable
4160,3603,equivalent
4161,148,stronger
4161,1164,stronger
4162,2171,stronger
4163,440,incomparable
4163,3117,stronger
4163,4635,weaker
4164,3018,stronger
4164,4656,incomparable
4165,4545,incomparable
4166,889,incomparable
4166,2563,stronger
4166,2984,stronger
4167,530,stronger
4167,3778,stronger
4168,69,stronger
4168,2502,stronger
4168,3132,stronger
4169,2598,stronger
4169,2915,incomparable
4170,4495,weaker
4171,2731,stronger
4172,1119,incomparable
4172,1442,incomparable
4172,1928,stronger
4172,2841,incomparable
4173,1016,stronger
4173,1211,stronger
4173,1425,stronger
4173,2426,stronger
4175,1765,stronger
4175,1925,incomparable
4175,2450,incomparable
4175,2565,stronger
4175,2661,incomparable
4175,4103,incomparable
4176,1003,stronger
4176,1098,incomparable
4176,4041,stronger
4176,4272,incomparable
4176,4298,incomparable
4177,3838,equivalent
4177,4591,weaker
4179,603,stronger
4179,1782,stronger
4179,3050,incomparable
4179,3919,incomparable
4180,2946,incomparable
4180,3321,weaker
4183,2131,stronger
4183,3086,incomparable
4183,4376,incomparable
4184,1329,stronger
4184,1934,incomparable
4185,708,stronger
4185,1884,incomparable
4185,2069,incomparable
4185,4670,weaker
4186,4008,equivalent
4186,4103,weaker
4187,661,incomparable
4187,2989,stronger
4187,3291,incomparable
4189,235,stronger
4190,291,stronger
4190,707,incomparable
4190,2422,stronger
4190,3716,weaker
4191,832,incomparable
4192,3198,stronger
4193,318,weaker
4193,411,incomparable
4193,1255,incomparable
4194,1396,stronger
4195,3995,equivalent
4195,4129,weaker
4196,1104,stronger
4196,2430,incomparable
4196,3032,stronger
4196,3615,stronger
4197,550,stronger
4197,586,stronger
4197,1640,incomparable
4197,4553,incomparable
4198,1776,incomparable
4198,2726,stronger
4199,1975,incomparable
4199,2460,incomparable
4199,3237,incomparable
4201,835,incomparable
4201,982,stronger
4201,1237,incomparable
4201,1887,incomparable
4201,3755,weaker
4201,4430,weaker
4202,3332,weaker
4202,4250,equivalent
4203,3265,weaker
4203,3608,weaker
4204,763,stronger
4205,1953,incomparable
4205,4465,weaker
4206,2095,stronger
4206,4666,weaker
4207,1810,stronger
4207,4663,weaker
4208,2144,incomparable
4209,159,incomparable
4209,1958,incomparable
4210,177,incomparable
4210,1580,stronger
4210,1895,incomparable
4210,2196,incomparable
4210,2926,stronger
4211,148,stronger
4211,3434,equivalent
4213,1348,stronger
4213,3042,stronger
4214,509,stronger
4214,3877,weaker
4215,2302,stronger
4215,2738,stronger
4215,3203,stronger
4215,3991,equivalent
4216,1599,stronger
4216,2726,stronger
4217,151,incomparable
4218,3736,weaker
4219,3322,weaker
4219,3473,weaker
4219,3878,weaker
4220,3226,stronger
4220,3715,weaker
4220,4487,weaker
4221,3985,stronger
4222,267,incomparable
4222,1725,stronger
4222,2439,stronger
4222,3740,weaker
4223,1827,stronger
4223,4223,equivalent
4224,892,stronger
4224,2235,stronger
4225,2214,stronger
4225,4532,weaker
4225,4640,weaker
4226,34,stronger
4228,3217,stronger
4229,3312,incomparable
4229,3929,incomparable
4230,2129,stronger
4230,2928,incomparable
4231,891,stronger
4231,941,stronger
4231,2177,stronger
4231,4063,equivalent
4232,312,weaker
4232,413,incomparable
4233,2500,stronger
4233,4690,weaker
4234,1339,stronger
4234,2140,stronger
4235,1494,incomparable
4236,1060,incomparable
4236,2032,stronger
4236,2566,stronger
4236,2944,incomparable
4236,2974,stronger
4237,4152,weaker
4238,1121,stronger
4239,798,stronger
4239,2776,incomparable
4240,598,incomparable
4240,2773,stronger
4240,4417,weaker
4241,1130,stronger
4242,2512,stronger
4244,2946,incomparable
4244,3485,weaker
4244,3937,weaker
4245,758,stronger
4245,955,incomparable
4245,2365,stronger
4245,3481,weaker
4245,3501,weaker
4245,3662,weaker
4245,3955,weaker
4246,1181,incomparable
4246,2755,incomparable
4246,2947,incomparable
4246,3429,equivalent
4247,1150,incomparable
4247,1634,incomparable
4247,2072,incomparable
4247,3287,weaker
4248,565,stronger
4248,2769,stronger
4249,871,stronger
4249,4405,weaker
4250,3947,weaker
4253,4685,incomparable
4254,265,incomparable
4254,547,stronger
4254,2484,incomparable
4254,2689,incomparable
4254,2783,stronger
4254,2905,incomparable
4255,1047,incomparable
4255,2487,incomparable
4255,3050,incomparable
4255,4369,weaker
4257,2401,stronger
4258,786,stronger
4258,948,stronger
4258,2953,stronger
4259,3432,equivalent
4260,470,stronger
4260,1312,incomparable
4260,2952,incomparable
4261,1386,stronger
4261,4535,weaker
4262,1380,stronger
4262,1564,incomparable
4262,2509,incomparable
4262,4431,weaker
4263,123,stronger
4263,1740,incomparable
4264,23,incomparable
4264,332,weaker
4264,1523,incomparable
4264,1645,incomparable
4264,2208,stronger
4265,1123,stronger
4265,2394,stronger
4266,506,incomparable
4266,3330,weaker
4267,371,weaker
4267,2617,stronger
4267,3377,equivalent
4267,4360,weaker
4268,167,incomparable
4268,1720,stronger
4268,2824,stronger
4268,2853,incomparable
4269,1575,stronger
4269,1909,stronger
4269,2902,incomparable
4269,4579,stronger
4270,1580,stronger
4271,1765,stronger
4271,4473,incomparable
4272,1329,stronger
4272,3525,incomparable
4273,586,stronger
4273,993,stronger
4274,871,stronger
4274,3651,stronger
4274,4259,stronger
4275,632,incomparable
4275,1175,stronger
4275,1238,incomparable
4275,4625,incomparable
4276,170,incomparable
4277,1794,stronger
4277,2704,stronger
4277,3816,stronger
4280,2740,stronger
4281,816,stronger
4282,445,stronger
4282,2232,incomparable
4285,913,stronger
4285,2006,stronger
4285,2679,incomparable
4285,2927,incomparable
4286,2551,stronger
4286,2593,stronger
4286,3742,stronger
4286,4638,incomparable
4288,1506,incomparable
4288,3234,stronger
4288,3486,incomparable
4289,1960,stronger
4289,3149,incomparable
4289,3603,stronger
4290,358,stronger
4290,1211,stronger
4290,2872,incomparable
4290,3520,incomparable
4291,2632,stronger
4291,3635,stronger
4292,2139,stronger
4292,3775,stronger
4292,3884,incomparable
4292,4466,incomparable
4292,4517,incomparable
4293,4333,stronger
4296,72,incomparable
4297,759,incomparable
4298,859,incomparable
4298,3363,incomparable
4298,3890,incomparable
4299,1833,incomparable
4301,2138,stronger
4301,2154,stronger
4301,4254,stronger
4302,3894,incomparable
4303,2404,stronger
4304,2115,incomparable
4304,2167,incomparable
4305,152,incomparable
4305,683,stronger
4306,1881,incomparable
4306,2220,stronger
4307,446,incomparable
4307,792,stronger
4307,2615,stronger
4307,2939,incomparable
4308,308,incomparable
4308,3569,stronger
4309,1532,stronger
4309,4289,weaker
4310,4261,stronger
4311,1262,incomparable
4312,3040,stronger
4312,3256,incomparable
4312,4578,stronger
4313,1270,incomparable
4313,2374,stronger
4313,2945,stronger
4313,3851,stronger
4314,1086,incomparable
4314,4028,stronger
4315,641,stronger
4316,53,incomparable
4316,2659,incomparable
4316,3075,incomparable
4317,1585,stronger
4318,4022,stronger
4318,4654,incomparable
4320,312,incomparable
4320,571,stronger
4320,3205,stronger
4321,2271,incomparable
4321,3209,stronger
4321,3569,stronger
4322,3339,incomparable
4322,3697,incomparable
4323,1671,incomparable
4323,2421,stronger
4323,3292,incomparable
4324,821,incomparable
4324,2560,stronger
4325,2551,stronger
4325,2876,incomparable
4325,3772,stronger
4326,1493,stronger
4326,2064,incomparable
4326,3543,incomparable
4326,4544,incomparable
4328,1872,incomparable
4328,2411,stronger
4328,3815,incomparable
4329,1947,stronger
4329,4128,incomparable
4330,390,stronger
4330,1391,stronger
4330,3228,stronger
4330,3920,incomparable
4331,207,incomparable
4331,544,stronger
4331,2750,stronger
4332,672,incomparable
4332,2716,incomparable
4333,483,incomparable
4334,279,stronger
4334,1892,stronger
4334,3626,stronger
4335,849,incomparable
4335,2384,stronger
4335,2755,incomparable
4335,3830,stronger
4336,3142,incomparable
4336,4483,incomparable
4337,731,incomparable
4337,1863,incomparable
4337,2957,stronger
4337,3001,stronger
4339,97,stronger
4339,2515,stronger
4340,2456,incomparable
4340,2825,stronger
4341,3885,stronger
4342,1544,stronger
4344,722,stronger
4344,1400,incomparable
4346,3315,incomparable
4347,432,incomparable
4348,1351,stronger
4349,1563,stronger
4349,3122,incomparable
4350,760,stronger
4351,4182,incomparable
4352,3900,incomparable
4353,738,stronger
4353,1147,stronger
4353,2055,incomparable
4353,2338,incomparable
4354,398,stronger
4354,668,stronger
4354,1456,incomparable
4354,1497,stronger
4354,1728,incomparable
4354,2636,stronger
4354,3349,stronger
4355,1369,stronger
4357,1201,stronger
4357,2133,stronger
4357,4087,incomparable
4358,4061,stronger
4359,204,stronger
4360,529,stronger
4362,39,stronger
4362,240,stronger
4362,428,incomparable
4363,1761,incomparable
4363,3106,incomparable
4363,3688,incomparable
4363,4106,incomparable
4364,1739,stronger
4364,3224,stronger
4364,4575,stronger
4365,1640,incomparable
4365,2799,incomparable
4365,3567,incomparable
4366,3679,incomparable
4367,2781,stronger
4368,1534,stronger
4368,4508,incomparable
4369,1378,incomparable
4370,1252,incomparable
4370,2865,incomparable
4370,4021,stronger
4370,4516,incomparable
4371,1005,stronger
4371,1768,stronger
4372,325,incomparable
4372,751,stronger
4372,904,stronger
4372,1225,incomparable
4372,2004,incomparable
4373,2332,stronger
4374,4330,equivalent
4374,4447,incomparable
4375,2024,incomparable
4375,3139,incomparable
4375,3863,incomparable
4376,734,stronger
4376,866,incomparable
4376,1497,stronger
4377,4328,weaker
4378,81,stronger
4378,1822,stronger
4378,4489,incomparable
4379,26,incomparable
4379,1800,stronger
4380,2175,stronger
4380,3034,stronger
4381,1701,incomparable
4382,1568,stronger
4382,2157,stronger
4382,2991,stronger
4383,1072,incomparable
4383,1076,incomparable
4383,2045,incomparable
4383,2579,incomparable
4383,4265,stronger
4384,2320,stronger
4384,3886,incomparable
4386,51,incomparable
4386,532,incomparable
4387,219,incomparable
4387,2617,stronger
4387,3256,incomparable
4387,4508,incomparable
4388,79,stronger
4388,4038,stronger
4389,628,incomparable
4389,713,incomparable
4389,3995,stronger
4389,4019,stronger
4390,1307,incomparable
4390,1663,incomparable
4390,4032,stronger
4390,4044,stronger
4391,284,stronger
4392,798,stronger
4393,544,stronger
4393,744,incomparable
4393,1693,stronger
4393,2326,stronger
4393,2471,incomparable
4393,2631,stronger
4394,2666,incomparable
4395,2090,incomparable
4395,4151,incomparable
4396,71,stronger
4396,863,stronger
4396,2036,incomparable
4396,3269,incomparable
4397,1434,incomparable
4398,43,stronger
4398,2833,stronger
4399,2099,stronger
4399,3450,stronger
4399,4429,incomparable
4400,4348,incomparable
4401,1575,stronger
4401,2800,stronger
4401,3466,incomparable
4401,4261,stronger
4402,400,stronger
4402,4451,incomparable
4403,3602,stronger
4404,1625,stronger
4404,1742,incomparable
4404,2788,stronger
4404,3428,stronger
4404,4399,weaker
4405,615,incomparable
4405,806,incomparable
4405,2228,stronger
4405,4570,incomparable
4406,3042,stronger
4406,3951,incomparable
4407,4560,incomparable
4408,499,stronger
4409,820,incomparable
4409,3371,incomparable
4410,1177,stronger
4410,3378,stronger
4411,308,incomparable
4411,521,stronger
4411,602,stronger
4411,750,stronger
4411,1779,stronger
4411,4537,incomparable
4413,3290,incomparable
4414,633,incomparable
4414,3880,incomparable
4415,1284,stronger
4415,2658,incomparable
4416,1900,incomparable
4416,2495,stronger
4416,3550,stronger
4417,2407,stronger
4417,2506,incomparable
4418,2060,incomparable
4418,3377,stronger
4418,4297,incomparable
4419,1976,stronger
4419,2186,incomparable
4419,2751,stronger
4420,144,stronger
4420,1874,incomparable
4420,2057,incomparable
4420,3269,incomparable
4421,882,incomparable
4421,1645,incomparable
4421,3197,incomparable
4422,1222,stronger
4422,1905,stronger
4422,4494,incomparable
4423,437,incomparable
4423,918,stronger
4423,1409,stronger
4423,3396,stronger
4425,1285,incomparable
4426,1464,incomparable
4426,3722,incomparable
4427,474,incomparable
4427,2286,incomparable
4427,3301,incomparable
4428,2657,incomparable
4428,3185,incomparable
4428,3613,stronger
4429,2469,incomparable
4429,3512,incomparable
4429,4172,stronger
4430,2543,incomparable
4430,4304,incomparable
4431,423,incomparable
4431,463,incomparable
4431,1207,incomparable
4431,1478,incomparable
4431,1975,incomparable
4434,1695,incomparable
4434,1867,incomparable
4434,2316,incomparable
4434,4411,incomparable
4436,1133,incomparable
4437,12,stronger
4437,3132,stronger
4437,3361,stronger
4437,3561,stronger
4438,962,incomparable
4439,327,incomparable
4439,1131,incomparable
4439,1679,incomparable
4439,3696,incomparable
4440,719,incomparable
4440,1554,stronger
4441,165,incomparable
4441,362,incomparable
4441,1286,incomparable
4442,2512,stronger
4445,1454,incomparable
4445,4246,stronger
4446,738,stronger
4447,218,incomparable
4449,567,stronger
4449,4188,stronger
4451,1359,stronger
4451,3826,stronger
4452,1240,incomparable
4452,1939,stronger
4452,3156,stronger
4452,4632,incomparable
4453,367,incomparable
4454,183,stronger
4454,3439,stronger
4454,3973,incomparable
4455,1858,incomparable
4455,2550,incomparable
4455,3448,stronger
4455,4173,stronger
4455,4440,weaker
4456,447,incomparable
4456,748,incomparable
4456,834,incomparable
4456,979,stronger
4456,1346,stronger
4458,3033,stronger
4458,3591,incomparable
4460,1058,incomparable
4461,42,incomparable
4461,1736,stronger
4461,3000,stronger
4462,3655,stronger
4463,3975,stronger
4463,3991,stronger
4464,713,incomparable
4465,29,incomparable
4465,1458,incomparable
4465,3153,stronger
4466,4102,incomparable
4467,413,incomparable
4468,2210,stronger
4468,4173,stronger
4468,4553,stronger
4469,675,stronger
4469,1780,incomparable
4469,3169,stronger
4469,3862,incomparable
4470,1225,incomparable
4470,1785,stronger
4470,1972,stronger
4470,3923,stronger
4470,4107,incomparable
4471,179,incomparable
4471,247,stronger
4471,1043,incomparable
4471,1644,incomparable
4471,3056,incomparable
4472,106,incomparable
4472,1928,stronger
4472,2249,incomparable
4473,229,incomparable
4474,1846,incomparable
4475,3889,incomparable
4475,3941,stronger
4476,1410,incomparable
4477,755,stronger
4477,946,stronger
4478,6,stronger
4479,538,stronger
4479,920,stronger
4479,1472,incomparable
4479,2484,incomparable
4480,1415,incomparable
4480,1700,stronger
4480,3698,incomparable
4481,1068,incomparable
4481,1405,incomparable
4481,2771,stronger
4481,3166,stronger
4482,2570,stronger
4482,4464,incomparable
4484,931,stronger
4484,1858,incomparable
4484,2155,stronger
4484,2722,incomparable
4484,3018,stronger
4484,3561,stronger
4485,1,weaker
4485,968,incomparable
4486,1006,stronger
4486,1411,stronger
4486,3918,incomparable
4488,1628,stronger
4488,3925,incomparable
4489,275,stronger
4489,3793,stronger
4490,685,stronger
4490,1823,stronger
4490,3503,incomparable
4491,4449,incomparable
4492,52,incomparable
4492,1371,stronger
4492,3400,stronger
4492,3879,incomparable
4494,1191,stronger
4494,3363,incomparable
4494,3510,incomparable
4497,796,incomparable
4497,2361,stronger
4498,2332,stronger
4499,867,incomparable
4499,2194,stronger
4500,2210,stronger
4500,2388,stronger
4500,2838,stronger
4500,3226,stronger
4501,1,weaker
4501,872,incomparable
4501,1515,incomparable
4502,3556,incomparable
4502,3726,incomparable
4503,2281,incomparable
4503,4426,incomparable
4504,2958,incomparable
4505,1181,incomparable
4505,2763,stronger
4506,113,stronger
4506,2807,stronger
4506,3270,incomparable
4507,1882,incomparable
4508,4140,incomparable
4509,502,stronger
4509,618,incomparable
4509,982,stronger
4509,1768,stronger
4509,2284,incomparable
4509,4054,stronger
4510,3795,stronger
4511,4007,incomparable
4511,4502,incomparable
4512,1668,incomparable
4512,3616,stronger
4513,2693,incomparable
4514,52,incomparable
4514,660,stronger
4514,1748,stronger
4515,4517,stronger
4516,459,stronger
4516,3334,incomparable
4516,4128,incomparable
4517,3520,incomparable
4518,2092,stronger
4518,4312,incomparable
4520,712,stronger
4520,746,incomparable
4520,1159,stronger
4520,3360,stronger
4521,3010,stronger
4522,4399,weaker
4523,2328,incomparable
4524,1298,stronger
4524,1990,stronger
4525,1027,incomparable
4525,1245,incomparable
4525,2315,stronger
4526,2180,incomparable
4527,684,incomparable
4527,2451,incomparable
4527,2981,incomparable
4527,2993,stronger
4528,1494,incomparable
4528,3717,incomparable
4529,1883,incomparable
4529,3687,incomparable
4529,4549,stronger
4530,1894,incomparable
4530,3015,incomparable
4530,3036,stronger
4530,3904,incomparable
4531,1229,incomparable
4531,2593,stronger
4532,1208,stronger
4532,1671,incomparable
4532,2563,stronger
4533,1835,incomparable
4533,2732,stronger
4533,4428,incomparable
4534,3593,stronger
4535,459,incomparable
4535,788,stronger
4535,4227,stronger
4536,2963,stronger
4538,3163,incomparable
4539,342,stronger
4540,270,incomparable
4540,2914,stronger
4541,2005,stronger
4542,1621,stronger
4543,470,stronger
4543,668,stronger
4543,1822,stronger
4543,3749,incomparable
4544,1856,incomparable
4545,37,stronger
4545,495,incomparable
4545,531,stronger
4545,4339,weaker
4546,1394,stronger
4546,2249,incomparable
4546,4438,incomparable
4548,1458,incomparable
4548,1798,stronger
4548,3268,incomparable
4549,600,stronger
4550,3057,incomparable
4550,3087,incomparable
4551,1738,incomparable
4551,3652,stronger
4552,109,incomparable
4552,3327,incomparable
4553,1965,stronger
4553,2973,incomparable
4553,3486,incomparable
4555,1502,incomparable
4556,241,stronger
4557,515,stronger
4557,2542,stronger
4558,512,stronger
4558,814,stronger
4558,1672,incomparable
4558,2898,incomparable
4558,4510,weaker
4559,1116,stronger
4559,2411,stronger
4559,3369,stronger
4560,3408,stronger
4560,4582,stronger
4561,617,incomparable
4561,1228,incomparable
4561,3062,incomparable
4561,3963,stronger
4562,1157,stronger
4562,1175,incomparable
4562,1937,incomparable
4562,4446,incomparable
4563,98,stronger
4563,4222,stronger
4564,3639,stronger
4565,1761,incomparable
4565,2742,stronger
4566,566,incomparable
4566,3486,incomparable
4566,3972,incomparable
4567,662,incomparable
4567,1114,stronger
4567,1969,stronger
4567,3474,incomparable
4568,990,stronger
4568,1728,incomparable
4568,1990,stronger
4568,2075,incomparable
4568,2090,incomparable
4568,2165,incomparable
4568,3489,incomparable
4569,2536,incomparable
4569,2734,incomparable
4570,3322,incomparable
4571,4024,stronger
4572,756,stronger
4572,1548,stronger
4572,2734,incomparable
4573,2017,stronger
4574,2011,stronger
4574,2260,incomparable
4574,3327,incomparable
4575,4473,incomparable
4576,4541,incomparable
4578,174,stronger
4578,1173,stronger
4578,1649,incomparable
4579,1773,stronger
4579,3733,incomparable
4579,4321,incomparable
4579,4335,incomparable
4580,494,stronger
4580,967,stronger
4580,1758,stronger
4581,4454,incomparable
4582,1954,stronger
4582,3896,incomparable
4582,4046,stronger
4583,62,incomparable
4583,3799,stronger
4584,1797,incomparable
4585,1578,stronger
4585,1586,incomparable
4585,3604,incomparable
4585,4310,incomparable
4585,4667,stronger
4586,586,stronger
4586,1626,stronger
4586,2030,stronger
4586,2566,stronger
4586,4017,stronger
4587,1040,incomparable
4587,1589,stronger
4588,315,incomparable
4588,651,incomparable
4588,2235,stronger
4588,4174,stronger
4589,1390,stronger
4589,2763,stronger
4591,4636,incomparable
4592,336,incomparable
4592,553,stronger
4592,662,incomparable
4592,3153,stronger
4594,4299,incomparable
4595,1170,stronger
4595,2551,stronger
4595,2864,incomparable
4595,4406,incomparable
4596,1600,stronger
4597,1602,stronger
4598,2369,stronger
4599,2860,incomparable
4599,3094,incomparable
4599,3136,stronger
4599,3835,stronger
4599,3920,stronger
4600,1173,stronger
4600,1472,stronger
4600,3800,stronger
4600,4345,incomparable
4602,16,incomparable
4602,364,incomparable
4603,1602,stronger
4603,3218,incomparable
4603,4387,stronger
4606,3044,stronger
4606,4486,incomparable
4607,2537,stronger
4607,2902,incomparable
4608,3087,incomparable
4608,4620,incomparable
4609,722,stronger
4609,778,incomparable
4609,1466,incomparable
4609,1652,incomparable
4609,1736,stronger
4609,2069,incomparable
4609,2088,incomparable
4610,777,stronger
4610,2152,incomparable
4610,3294,incomparable
4611,157,incomparable
4611,2904,stronger
4611,4316,incomparable
4612,976,stronger
4612,3933,incomparable
4612,4040,incomparable
4613,2608,stronger
4614,1094,stronger
4614,2528,stronger
4614,4051,stronger
4615,706,incomparable
4615,1297,stronger
4615,3002,stronger
4615,3110,stronger
4616,1684,incomparable
4617,4660,weaker
4618,540,stronger
4618,707,incomparable
4618,1165,incomparable
4618,1667,incomparable
4618,3526,incomparable
4618,3657,stronger
4619,104,incomparable
4619,703,incomparable
4619,990,stronger
4619,2678,incomparable
4619,3536,incomparable
4620,274,incomparable
4620,609,stronger
4620,611,stronger
4621,1313,incomparable
4622,64,stronger
4622,4019,stronger
4623,4180,stronger
4624,753,stronger
4625,1323,incomparable
4625,2046,incomparable
4625,4657,incomparable
4626,2465,incomparable
4626,3088,incomparable
4626,3548,incomparable
4626,3976,incomparable
4627,911,stronger
4627,1939,stronger
4627,2837,stronger
4627,3178,stronger
4627,3460,incomparable
4627,3972,incomparable
4627,4616,incomparable
4628,826,incomparable
4628,2060,incomparable
4628,3047,stronger
4628,3327,incomparable
4629,4115,incomparable
4630,1681,incomparable
4630,2411,stronger
4630,2490,stronger
4630,2673,incomparable
4630,3082,stronger
4631,311,incomparable
4631,3092,stronger
4632,2199,incomparable
4632,3366,stronger
4632,4349,incomparable
4633,1852,incomparable
4633,3444,stronger
4634,1764,incomparable
4635,851,incomparable
4635,1352,stronger
4635,4337,incomparable
4636,1918,stronger
4636,4190,stronger
4637,1230,incomparable
4637,2800,stronger
4638,1399,stronger
4638,2595,stronger
4638,3582,stronger
4639,904,stronger
4639,3076,incomparable
4640,2649,incomparable
4640,4625,incomparable
4641,1061,incomparable
4641,2716,incomparable
4641,2726,stronger
4641,4443,incomparable
4642,7,stronger
4642,2043,incomparable
4643,1075,incomparable
4643,2426,stronger
4644,1400,incomparable
4644,1662,incomparable
4645,2629,stronger
4645,2715,stronger
4646,1270,incomparable
4646,1367,stronger
4646,2238,incomparable
4646,2660,incomparable
4646,2874,incomparable
4646,3210,incomparable
4647,738,stronger
4647,1963,stronger
4647,2736,incomparable
4647,3066,incomparable
4648,262,incomparable
4648,2198,stronger
4650,3324,incomparable
4651,1357,incomparable
4651,1413,stronger
4653,4651,weaker
4654,117,incomparable
4654,1493,stronger
4654,1732,stronger
4654,3990,stronger
4655,2421,stronger
4656,2307,stronger
4657,4324,incomparable
4658,1073,incomparable
4658,1701,incomparable
4658,1990,stronger
4658,2463,incomparable
4658,3303,incomparable
4658,3685,incomparable
4659,2939,incomparable
4659,4606,incomparable
4659,4644,stronger
4660,2690,incomparable
4661,4088,incomparable
4662,1,weaker
4662,968,incomparable
4662,3618,stronger
4663,2398,incomparable
4663,4086,incomparable
4665,534,stronger
4665,1458,incomparable
4667,1431,incomparable
4667,4322,incomparable
4668,549,incomparable
4668,4586,weaker
4669,1427,incomparable
4669,1793,incomparable
4670,4049,stronger
4671,1357,incomparable
4671,2581,stronger
4672,654,stronger
4672,3292,incomparable
4672,4417,incomparable
4673,1990,stronger
4673,3215,stronger
4673,3336,stronger
4673,3607,incomparable
4674,669,incomparable
4674,3261,incomparable
4674,3884,incomparable
4674,4502,incomparable
4675,1761,incomparable
4675,4048,stronger
4676,2307,stronger
4676,3204,stronger
4677,4180,stronger
4678,2280,incomparable
4679,651,incomparable
4679,4392,incomparable
4680,1102,stronger
4680,1371,stronger
4680,1773,stronger
4681,356,stronger
4681,602,stronger
4681,2109,stronger
4681,2896,incomparable
4681,3109,stronger
4681,4619,weaker
4682,1150,incomparable
4682,2919,incomparable
4682,4653,stronger
4683,1487,incomparable
4685,1809,stronger
4686,204,incomparable
4686,516,incomparable
4686,1483,incomparable
4686,2634,stronger
4686,3045,stronger
4686,3843,stronger
4687,1899,stronger
4688,974,stronger
4688,1916,incomparable
4688,2520,stronger
4688,2894,incomparable
4688,4252,stronger
4689,2756,stronger
4690,604,stronger
4690,3378,stronger
4690,3488,incomparable
4691,861,incomparable
4691,2645,incomparable
4691,2728,incomparable
4691,4624,equivalent
4692,2887,incomparable
4693,701,stronger
4694,1693,stronger
4694,3084,incomparable
