node_a,node_b,relation
1,319,stronger
1,1199,stronger
1,1729,stronger
1,2011,stronger
1,2043,stronger
1,2867,stronger
1,2872,stronger
1,3099,stronger
1,3118,stronger
1,3128,stronger
1,4463,stronger
2,1001,equivalent
2,1492,weaker
2,1871,weaker
2,2457,weaker
2,2776,weaker
2,3585,weaker
2,3590,weaker
2,3987,weaker
2,4391,weaker
3,252,stronger
3,1427,incomparable
3,1474,incomparable
3,2132,incomparable
3,2478,incomparable
3,4234,incomparable
4,160,weaker
4,1188,incomparable
4,1503,stronger
4,1705,incomparable
4,2281,weaker
4,2532,stronger
4,2823,stronger
4,3318,weaker
4,3633,incomparable
4,3901,incomparable
4,4136,weaker
4,4198,incomparable
4,4246,incomparable
5,94,weaker
5,249,stronger
5,369,incomparable
5,414,incomparable
5,464,incomparable
5,1227,incomparable
5,1283,stronger
5,2427,stronger
5,2757,equivalent
5,3036,stronger
5,3190,stronger
5,3461,weaker
5,3899,incomparable
5,3905,weaker
5,4159,incomparable
5,4299,incomparable
5,4436,incomparable
6,591,equivalent
6,684,weaker
6,744,weaker
6,2339,equivalent
6,2564,equivalent
6,3160,equivalent
6,4061,weaker
7,27,weaker
7,130,weaker
7,133,equivalent
7,307,weaker
7,950,equivalent
7,2519,weaker
7,2755,weaker
7,4049,weaker
7,4092,weaker
7,4373,weaker
7,4598,weaker
7,4659,weaker
7,4680,weaker
8,732,stronger
8,914,stronger
8,1015,stronger
8,1559,stronger
8,3593,incomparable
8,3709,incomparable
8,3942,incomparable
8,3964,incomparable
9,318,incomparable
9,1072,incomparable
9,1501,stronger
9,1864,incomparable
9,2399,incomparable
9,2721,stronger
9,2960,incomparable
9,3063,incomparable
9,3357,incomparable
9,3466,incomparable
9,3924,incomparable
10,110,equivalent
10,351,incomparable
10,743,stronger
10,1000,stronger
10,1642,incomparable
10,1704,stronger
10,3508,incomparable
10,3511,incomparable
10,4625,incomparable
11,35,stronger
11,546,incomparable
11,848,incomparable
11,1211,stronger
11,1803,stronger
11,1903,stronger
11,2067,incomparable
11,2118,stronger
11,2476,incomparable
11,3060,incomparable
11,3247,incomparable
11,3651,incomparable
11,3674,incomparable
11,4526,incomparable
11,4627,incomparable
12,840,weaker
12,857,equivalent
12,876,stronger
12,1118,stronger
12,1335,stronger
12,1413,stronger
12,1572,stronger
12,1770,stronger
12,2403,stronger
12,2706,incomparable
12,3655,incomparable
12,4687,incomparable
13,422,weaker
13,1685,incomparable
13,3319,weaker
13,4000,incomparable
14,478,stronger
14,1630,incomparable
14,2093,incomparable
14,3101,incomparable
14,4218,incomparable
14,4362,incomparable
14,4576,incomparable
15,667,weaker
15,1117,weaker
15,1950,equivalent
15,2148,weaker
15,2369,equivalent
15,2988,equivalent
15,3463,weaker
15,4271,weaker
15,4321,weaker
16,58,incomparable
16,478,stronger
16,1027,incomparable
16,1093,stronger
16,1913,stronger
16,2698,stronger
16,2814,stronger
16,2934,stronger
16,3308,incomparable
16,3431,incomparable
16,4076,incomparable
16,4265,incomparable
16,4298,incomparable
16,4561,incomparable
17,408,weaker
17,443,weaker
17,949,weaker
17,2058,weaker
17,2277,weaker
17,2379,equivalent
17,2636,equivalent
17,4035,weaker
17,4244,weaker
18,1105,equivalent
18,1416,equivalent
18,1762,equivalent
18,2040,weaker
18,2225,equivalent
18,2299,equivalent
18,2658,weaker
18,3185,weaker
18,3422,weaker
18,3681,weaker
18,4436,weaker
19,114,equivalent
19,145,stronger
19,324,incomparable
19,595,stronger
19,1584,stronger
19,1693,stronger
19,2201,stronger
19,3211,incomparable
19,3221,stronger
19,3716,incomparable
19,4432,incomparable
20,88,equivalent
20,162,weaker
20,384,weaker
20,431,weaker
20,502,equivalent
20,597,equivalent
20,1012,equivalent
20,1171,weaker
20,2486,weaker
20,2663,weaker
20,2687,weaker
20,2766,equivalent
20,2853,weaker
20,3528,weaker
20,3963,weaker
20,4034,weaker
20,4065,weaker
20,4405,weaker
20,4619,weaker
21,666,weaker
21,763,equivalent
21,1266,weaker
21,1803,equivalent
21,2291,weaker
21,2953,equivalent
21,2963,equivalent
21,3366,weaker
21,4167,weaker
21,4683,weaker
22,1183,equivalent
22,1751,equivalent
22,2231,equivalent
22,2270,weaker
22,2609,weaker
22,2936,weaker
22,2992,weaker
22,3876,weaker
22,4016,weaker
22,4514,weaker
22,4576,weaker
22,4633,weaker
23,237,stronger
23,982,stronger
23,1204,stronger
23,1728,incomparable
23,2102,stronger
23,3045,stronger
23,4030,incomparable
23,4540,incomparable
23,4679,incomparable
24,231,incomparable
24,344,incomparable
24,933,stronger
24,973,stronger
24,1462,equivalent
24,1663,weaker
24,2651,incomparable
24,2965,stronger
24,3015,incomparable
24,3584,incomparable
24,3715,incomparable
24,4022,incomparable
25,43,incomparable
25,451,stronger
25,1495,stronger
25,1607,stronger
25,2133,stronger
25,2449,weaker
25,3016,stronger
25,3074,incomparable
25,3547,incomparable
25,3889,incomparable
25,4388,incomparable
25,4530,incomparable
26,370,incomparable
26,1195,stronger
26,1624,stronger
26,1819,stronger
26,2958,stronger
26,3209,stronger
26,3238,stronger
26,3453,incomparable
26,3465,incomparable
26,3565,incomparable
26,3745,incomparable
26,4334,incomparable
27,427,incomparable
27,1332,incomparable
27,1891,stronger
27,2010,stronger
27,2234,stronger
27,2353,stronger
27,2442,equivalent
27,2837,stronger
27,3176,incomparable
27,3647,incomparable
27,3814,incomparable
28,104,weaker
28,523,stronger
28,546,incomparable
28,1292,stronger
28,2150,stronger
28,2354,stronger
28,2408,stronger
28,2624,stronger
28,3528,incomparable
28,4288,incomparable
28,4443,incomparable
29,256,incomparable
29,394,incomparable
29,1646,incomparable
29,2039,incomparable
29,3103,incomparable
29,4145,incomparable
30,338,weaker
30,536,equivalent
30,903,equivalent
30,1348,equivalent
30,1779,equivalent
30,2247,weaker
30,2311,equivalent
30,3379,weaker
30,4051,weaker
30,4151,weaker
30,4511,weaker
30,4683,weaker
31,1942,stronger
31,2180,incomparable
31,2505,stronger
31,2657,incomparable
31,2768,stronger
31,2934,stronger
31,2962,stronger
31,3273,incomparable
31,3480,incomparable
31,3512,incomparable
31,3699,incomparable
31,3737,incomparable
31,3929,incomparable
31,4283,incomparable
31,4435,incomparable
32,33,equivalent
32,257,weaker
32,878,equivalent
32,1053,weaker
32,1132,equivalent
32,1151,equivalent
32,1427,weaker
32,2523,equivalent
32,2624,equivalent
32,2736,weaker
32,2764,equivalent
32,3166,equivalent
32,3532,weaker
32,3805,weaker
33,421,weaker
33,783,equivalent
33,1105,equivalent
33,1802,equivalent
33,3138,equivalent
33,3318,weaker
33,3369,weaker
33,4222,weaker
33,4260,weaker
34,1026,incomparable
34,1175,weaker
34,1497,stronger
34,1655,incomparable
34,1769,stronger
34,2334,stronger
34,3257,incomparable
34,3874,incomparable
34,4106,incomparable
34,4386,incomparable
35,253,equivalent
35,373,weaker
35,726,equivalent
35,1036,weaker
35,1415,weaker
35,1892,equivalent
35,2447,weaker
35,2536,weaker
35,3468,weaker
35,3666,weaker
35,3838,weaker
35,3844,weaker
35,3942,weaker
35,4352,weaker
36,214,weaker
36,532,weaker
36,546,weaker
36,612,equivalent
36,794,equivalent
36,1412,equivalent
36,1515,weaker
36,1630,weaker
36,1701,weaker
36,1948,equivalent
36,2107,weaker
36,2534,weaker
36,2695,weaker
36,3753,weaker
36,3971,weaker
36,4484,weaker
37,502,equivalent
37,697,equivalent
37,1392,equivalent
37,1435,weaker
37,1755,weaker
37,1817,equivalent
37,1931,weaker
37,2447,weaker
37,3428,weaker
37,3758,weaker
37,3970,weaker
37,4133,weaker
38,183,stronger
38,645,incomparable
38,945,stronger
38,1255,incomparable
38,2023,stronger
38,2523,stronger
38,3708,incomparable
38,3847,incomparable
39,272,stronger
39,453,incomparable
39,1513,stronger
39,2240,incomparable
40,366,stronger
40,459,incomparable
40,2988,stronger
40,3502,stronger
40,3823,stronger
40,3892,stronger
40,4181,stronger
41,227,stronger
41,633,incomparable
41,769,incomparable
41,1407,stronger
41,1660,incomparable
41,2579,incomparable
41,2817,stronger
41,3249,stronger
41,3607,weaker
41,4201,equivalent
41,4225,equivalent
42,217,stronger
42,503,incomparable
42,1711,stronger
42,1794,stronger
42,2342,stronger
42,2505,stronger
42,2617,stronger
42,3651,stronger
42,3742,stronger
42,4296,incomparable
42,4500,incomparable
43,99,incomparable
43,346,stronger
43,525,stronger
43,692,incomparable
43,788,stronger
43,878,stronger
43,953,stronger
43,993,stronger
43,2087,incomparable
43,2597,stronger
43,3480,incomparable
44,372,weaker
44,917,incomparable
44,1874,incomparable
44,2029,incomparable
44,3035,stronger
44,3063,incomparable
44,3485,weaker
44,3488,weaker
44,3755,weaker
44,3846,equivalent
44,3890,weaker
45,1881,incomparable
45,2813,stronger
45,3079,incomparable
45,3259,incomparable
45,3433,stronger
45,3983,stronger
45,4477,incomparable
45,4595,incomparable
46,597,stronger
46,613,stronger
46,1827,stronger
46,1974,stronger
46,2063,incomparable
46,2357,stronger
46,2770,incomparable
46,2777,stronger
46,2976,stronger
46,3556,weaker
46,4182,weaker
46,4200,weaker
47,529,stronger
47,841,incomparable
47,885,stronger
47,2020,stronger
47,2139,stronger
47,2623,incomparable
47,2628,stronger
47,2760,stronger
47,2976,stronger
47,3850,incomparable
47,4212,incomparable
47,4490,incomparable
47,4631,incomparable
48,288,stronger
48,425,stronger
48,764,stronger
48,1256,incomparable
48,1411,stronger
48,1475,incomparable
48,1636,incomparable
48,1789,incomparable
48,1806,incomparable
48,1823,stronger
48,3026,stronger
48,3527,incomparable
48,4415,incomparable
48,4650,incomparable
49,206,incomparable
49,355,incomparable
49,393,incomparable
49,428,stronger
49,1764,incomparable
49,2031,stronger
49,3869,incomparable
49,4085,incomparable
49,4196,incomparable
49,4321,incomparable
49,4489,incomparable
50,960,incomparable
50,1106,stronger
50,1690,stronger
50,1709,incomparable
50,1762,stronger
50,1871,incomparable
50,2043,incomparable
50,2773,stronger
50,3040,stronger
50,3424,incomparable
50,3779,incomparable
50,4007,incomparable
50,4307,incomparable
50,4643,incomparable
51,531,stronger
51,1271,incomparable
51,1619,stronger
51,2172,stronger
51,2407,stronger
51,3010,stronger
51,3134,incomparable
51,3974,incomparable
51,4009,incomparable
51,4020,incomparable
51,4052,incomparable
52,3,incomparable
52,31,incomparable
52,385,incomparable
52,600,stronger
52,1891,stronger
52,1999,stronger
52,2802,stronger
52,2959,stronger
52,3004,stronger
52,3093,incomparable
52,3503,incomparable
52,3623,incomparable
52,3982,incomparable
52,4064,incomparable
52,4277,incomparable
52,4614,incomparable
53,533,stronger
53,571,incomparable
53,905,stronger
53,1625,stronger
53,1627,stronger
53,1886,stronger
53,2456,incomparable
53,2536,incomparable
53,4518,incomparable
54,315,incomparable
54,528,incomparable
54,790,stronger
54,820,weaker
54,855,equivalent
54,974,stronger
54,1384,incomparable
55,70,stronger
55,782,stronger
55,1200,stronger
55,1616,stronger
55,1710,incomparable
55,2303,incomparable
55,3352,incomparable
55,3410,incomparable
55,4167,incomparable
55,4460,incomparable
56,321,incomparable
56,457,stronger
56,747,stronger
56,1203,stronger
56,1958,incomparable
56,2293,incomparable
56,2834,stronger
56,3010,stronger
56,3113,incomparable
56,3609,incomparable
56,3641,incomparable
56,4330,incomparable
56,4445,incomparable
57,996,stronger
57,1079,stronger
57,1354,stronger
57,1478,incomparable
57,2160,stronger
57,2288,weaker
57,2291,incomparable
57,2700,incomparable
57,2865,weaker
57,2975,stronger
57,3434,incomparable
57,3658,incomparable
57,4130,weaker
57,4538,incomparable
57,4585,weaker
57,4658,incomparable
58,76,stronger
58,709,stronger
58,1357,incomparable
58,1847,incomparable
58,2554,incomparable
58,2977,stronger
58,3038,stronger
58,3391,incomparable
58,3469,incomparable
58,3624,incomparable
58,4165,incomparable
58,4457,incomparable
59,38,weaker
59,185,stronger
59,1589,stronger
59,2137,incomparable
59,2578,stronger
59,3032,stronger
60,36,stronger
60,105,weaker
60,636,equivalent
60,1086,incomparable
60,2030,stronger
60,2130,incomparable
60,2703,stronger
60,2727,stronger
60,2965,stronger
60,3693,incomparable
60,3804,incomparable
60,4306,incomparable
61,177,incomparable
61,211,weaker
61,842,weaker
61,911,stronger
61,931,stronger
61,1182,stronger
61,1271,weaker
61,1331,stronger
61,1429,weaker
61,2356,stronger
61,2613,incomparable
61,2726,stronger
61,2773,stronger
61,2859,weaker
61,3233,stronger
61,3869,weaker
61,4361,weaker
62,16,incomparable
62,92,stronger
62,151,incomparable
62,655,incomparable
62,2910,incomparable
62,3001,stronger
62,3976,weaker
62,4338,incomparable
62,4539,incomparable
62,4689,weaker
63,123,stronger
63,1055,incomparable
63,1202,incomparable
63,1804,stronger
63,2311,stronger
63,2456,incomparable
63,4376,incomparable
64,717,equivalent
64,731,weaker
64,1487,weaker
64,1615,equivalent
64,1696,equivalent
64,1796,equivalent
64,1930,equivalent
64,2705,equivalent
64,2845,equivalent
64,2998,weaker
64,3127,equivalent
64,3361,weaker
64,3915,weaker
65,38,incomparable
65,62,stronger
65,956,stronger
65,1196,stronger
65,2526,stronger
65,2664,incomparable
65,2836,incomparable
65,3976,incomparable
65,4094,incomparable
65,4688,incomparable
66,909,incomparable
66,958,stronger
66,1327,stronger
66,1330,stronger
66,1627,stronger
66,1875,incomparable
66,1923,stronger
66,2118,stronger
66,3206,stronger
66,4435,incomparable
67,422,weaker
67,566,weaker
67,848,weaker
67,861,weaker
67,1151,equivalent
67,1266,weaker
67,1379,equivalent
67,1815,equivalent
67,2405,equivalent
67,2771,equivalent
67,2900,weaker
67,3443,weaker
67,4377,weaker
68,577,stronger
68,786,equivalent
68,828,weaker
68,1356,stronger
68,1773,stronger
68,2598,stronger
68,3113,incomparable
68,3725,incomparable
68,4185,incomparable
68,4490,incomparable
69,1228,weaker
69,2213,equivalent
69,2375,equivalent
69,2757,weaker
69,3014,equivalent
69,3163,weaker
69,3812,weaker
69,4038,weaker
69,4363,weaker
69,4449,weaker
69,4481,weaker
70,576,equivalent
70,595,equivalent
70,640,weaker
70,664,weaker
70,960,weaker
70,1843,weaker
70,2356,equivalent
70,2371,equivalent
70,2544,equivalent
70,2705,equivalent
70,2729,equivalent
70,3012,equivalent
71,446,weaker
71,516,weaker
71,805,equivalent
71,965,equivalent
71,1715,equivalent
71,2136,equivalent
71,2379,equivalent
71,2815,equivalent
71,3132,equivalent
71,3304,weaker
71,3344,weaker
71,4038,weaker
71,4667,weaker
72,26,incomparable
72,550,stronger
72,956,stronger
72,1479,incomparable
72,1649,incomparable
72,2667,incomparable
72,3199,stronger
72,3937,incomparable
73,1238,incomparable
73,2284,incomparable
73,2647,incomparable
73,2919,incomparable
73,2967,stronger
73,3312,incomparable
73,4552,incomparable
74,228,weaker
74,513,weaker
74,586,equivalent
74,832,weaker
74,1123,equivalent
74,1699,weaker
74,2023,equivalent
74,2466,weaker
74,2746,weaker
74,3628,weaker
74,3733,weaker
74,3768,weaker
75,9,incomparable
75,823,incomparable
75,1477,incomparable
75,1885,incomparable
75,2165,incomparable
75,2346,stronger
75,2607,stronger
75,2793,stronger
75,2909,incomparable
75,3776,incomparable
75,3815,incomparable
75,4463,incomparable
76,943,weaker
76,1528,weaker
76,1875,weaker
76,2145,equivalent
76,2524,equivalent
76,2535,equivalent
76,2569,equivalent
76,2771,equivalent
76,2811,equivalent
76,2889,weaker
76,3348,weaker
76,3553,weaker
76,3847,weaker
76,4636,weaker
77,322,weaker
77,1347,equivalent
77,1364,equivalent
77,1547,weaker
77,2110,equivalent
77,2496,weaker
77,2638,weaker
77,3094,weaker
77,3475,weaker
77,3543,weaker
77,3800,weaker
77,4605,weaker
78,100,incomparable
78,288,stronger
78,290,incomparable
78,393,incomparable
78,776,stronger
78,2276,incomparable
78,3218,stronger
78,3708,incomparable
78,4340,weaker
79,82,weaker
79,1256,weaker
79,1357,weaker
79,2196,weaker
79,3098,weaker
79,3626,weaker
79,4547,weaker
80,92,equivalent
80,158,weaker
80,945,equivalent
80,1393,equivalent
80,1408,equivalent
80,1937,weaker
80,2381,weaker
80,2784,equivalent
80,2809,equivalent
80,2989,equivalent
80,3313,weaker
81,57,weaker
81,76,equivalent
81,427,weaker
81,463,weaker
81,646,weaker
81,690,weaker
81,3554,weaker
81,3911,weaker
82,8,incomparable
82,468,stronger
82,568,stronger
82,650,incomparable
82,848,weaker
82,2160,stronger
82,2527,stronger
82,2568,stronger
82,2908,stronger
82,3114,stronger
82,3461,incomparable
82,3506,incomparable
82,3806,incomparable
82,4593,weaker
83,332,weaker
83,457,weaker
83,1823,equivalent
83,1920,equivalent
83,1962,weaker
83,2110,equivalent
83,2248,weaker
83,2810,equivalent
83,3039,weaker
83,3663,weaker
83,3943,weaker
83,4405,weaker
83,4416,weaker
84,120,weaker
84,142,weaker
84,1135,equivalent
84,2426,equivalent
84,2912,weaker
84,3246,equivalent
84,3405,weaker
84,4447,weaker
84,4687,weaker
85,1219,equivalent
85,1262,weaker
85,2160,equivalent
85,2317,equivalent
85,2340,weaker
85,3306,weaker
85,3357,weaker
85,3762,weaker
85,3842,weaker
85,4391,weaker
85,4624,weaker
85,4691,weaker
86,944,stronger
86,963,stronger
86,1168,stronger
86,1464,incomparable
86,1565,stronger
86,1594,weaker
86,2160,stronger
86,2218,stronger
86,2369,stronger
86,2737,incomparable
86,2915,stronger
86,3021,stronger
86,3039,stronger
86,3225,stronger
86,3628,incomparable
86,3637,incomparable
86,4410,incomparable
86,4490,incomparable
86,4555,incomparable
87,27,weaker
87,255,weaker
87,1208,equivalent
87,1218,equivalent
87,1347,equivalent
87,1373,equivalent
87,1920,equivalent
87,2819,equivalent
87,2862,weaker
87,2897,weaker
87,4520,weaker
88,678,equivalent
88,1013,equivalent
88,1148,equivalent
88,1247,weaker
88,1503,equivalent
88,1808,equivalent
88,2241,weaker
88,3181,equivalent
88,3942,weaker
88,3959,weaker
88,4184,weaker
89,55,weaker
89,462,weaker
89,757,weaker
89,903,equivalent
89,961,equivalent
89,1011,equivalent
89,1325,weaker
89,1571,weaker
89,1668,weaker
89,1673,weaker
89,1789,weaker
89,1992,weaker
89,3619,weaker
89,3775,weaker
89,4037,weaker
89,4600,weaker
90,201,stronger
90,917,incomparable
90,2394,stronger
90,3921,weaker
90,4244,incomparable
90,4298,incomparable
91,375,weaker
91,563,equivalent
91,838,weaker
91,846,weaker
91,849,weaker
91,959,equivalent
91,1345,equivalent
91,1713,weaker
91,2076,weaker
91,2506,weaker
91,4097,weaker
91,4533,weaker
92,86,weaker
92,156,weaker
92,606,equivalent
92,645,weaker
92,975,equivalent
92,1212,weaker
92,1354,equivalent
92,1868,weaker
92,2133,equivalent
92,3493,weaker
92,3972,weaker
92,4473,weaker
92,4521,weaker
92,4581,weaker
93,926,weaker
93,1881,weaker
93,2322,weaker
93,3004,equivalent
93,3194,equivalent
93,3273,weaker
93,3288,weaker
93,3892,weaker
93,4176,weaker
93,4229,weaker
94,1072,incomparable
94,1202,incomparable
94,1284,stronger
94,2555,stronger
94,3699,incomparable
94,3959,incomparable
94,3965,weaker
94,3995,incomparable
94,4395,incomparable
95,709,weaker
95,1096,weaker
95,1334,weaker
95,1440,weaker
95,1896,equivalent
95,1999,equivalent
95,3166,equivalent
95,3236,equivalent
95,4000,weaker
95,4022,weaker
95,4110,weaker
95,4542,weaker
96,65,weaker
96,499,equivalent
96,1053,weaker
96,1321,equivalent
96,3593,weaker
96,4004,weaker
97,507,equivalent
97,590,equivalent
97,1649,weaker
97,2257,weaker
97,3913,weaker
97,4108,weaker
97,4410,weaker
98,1339,equivalent
98,1391,weaker
98,1693,equivalent
98,1846,weaker
98,2368,weaker
98,2395,equivalent
98,2665,weaker
98,2836,weaker
98,3089,weaker
98,3179,equivalent
98,3521,weaker
98,4069,weaker
99,801,incomparable
99,1053,incomparable
99,1068,stronger
99,1695,incomparable
99,1718,incomparable
99,1953,stronger
99,2278,incomparable
99,2360,stronger
99,2371,stronger
99,2818,stronger
99,2819,stronger
99,4398,incomparable
100,757,incomparable
100,893,incomparable
100,1710,incomparable
100,2091,incomparable
100,2177,stronger
100,2327,incomparable
100,2525,incomparable
100,3194,stronger
100,3384,incomparable
100,3849,incomparable
100,4530,incomparable
100,4581,incomparable
100,4680,incomparable
101,98,stronger
101,816,stronger
101,1040,stronger
101,2950,stronger
101,3188,stronger
101,3517,incomparable
101,4218,incomparable
101,4242,incomparable
102,7,stronger
102,13,incomparable
102,647,incomparable
102,735,incomparable
102,1019,stronger
102,1062,stronger
102,1413,stronger
102,1936,stronger
102,2480,incomparable
102,2548,stronger
102,2572,stronger
102,2582,stronger
102,2753,incomparable
102,2760,stronger
102,3473,incomparable
102,4552,incomparable
103,5,incomparable
103,420,weaker
103,991,stronger
103,1770,stronger
103,1852,incomparable
103,2257,incomparable
103,2519,incomparable
103,2889,incomparable
103,3229,stronger
103,3424,incomparable
103,4017,incomparable
103,4413,incomparable
104,162,incomparable
104,240,stronger
104,2352,stronger
104,2476,incomparable
104,2840,stronger
104,3187,stronger
104,4562,incomparable
105,376,incomparable
105,675,stronger
105,1382,stronger
105,3749,incomparable
106,130,incomparable
106,577,stronger
106,1214,stronger
106,1232,incomparable
106,1403,stronger
106,1783,stronger
106,2322,incomparable
106,2819,stronger
106,3137,stronger
106,4178,incomparable
106,4199,incomparable
107,50,incomparable
107,121,stronger
107,1066,stronger
107,1977,incomparable
107,2161,incomparable
107,2349,incomparable
107,2493,incomparable
107,2697,incomparable
107,3215,stronger
107,3508,incomparable
107,3688,incomparable
107,3799,incomparable
107,3951,incomparable
107,4093,incomparable
108,877,stronger
108,1529,stronger
108,1537,incomparable
108,2549,stronger
108,2560,stronger
108,3331,incomparable
108,3688,incomparable
109,2326,stronger
109,2519,incomparable
109,3923,incomparable
109,4195,incomparable
110,258,incomparable
110,285,stronger
110,563,stronger
110,2129,stronger
110,2868,incomparable
110,3334,incomparable
110,3969,incomparable
111,290,incomparable
111,1197,incomparable
111,1292,stronger
111,2473,incomparable
111,2607,stronger
111,2757,incomparable
111,3505,incomparable
111,4165,incomparable
111,4254,incomparable
112,69,stronger
112,939,stronger
112,1395,incomparable
112,1594,incomparable
112,2161,incomparable
112,2171,stronger
112,2272,weaker
112,3225,stronger
112,3433,incomparable
112,3503,incomparable
112,3707,incomparable
112,3808,incomparable
112,3952,incomparable
112,4365,incomparable
113,126,stronger
113,315,incomparable
113,1066,equivalent
113,1083,incomparable
113,1339,stronger
113,1888,incomparable
113,2143,stronger
113,2435,incomparable
113,3510,weaker
113,3536,weaker
113,3798,incomparable
113,4421,incomparable
114,121,stronger
114,226,stronger
114,501,incomparable
114,1417,stronger
114,2056,weaker
114,2242,incomparable
114,2599,stronger
114,2862,incomparable
114,2969,stronger
114,3068,incomparable
114,3370,incomparable
114,4011,incomparable
114,4106,incomparable
114,4288,incomparable
114,4629,incomparable
115,263,incomparable
115,1871,incomparable
115,2828,stronger
115,2944,incomparable
115,3045,stronger
115,3149,incomparable
115,3660,incomparable
115,4263,incomparable
115,4312,incomparable
115,4365,incomparable
115,4403,incomparable
116,1027,weaker
116,1792,equivalent
116,1916,weaker
116,1940,equivalent
116,1942,equivalent
116,2057,weaker
116,2641,equivalent
116,3479,weaker
116,3815,weaker
116,4440,weaker
116,4443,weaker
116,4572,weaker
117,478,stronger
117,495,incomparable
117,507,stronger
117,1008,stronger
117,1371,stronger
117,1383,stronger
117,1504,incomparable
117,1677,incomparable
117,1808,stronger
117,1885,incomparable
117,2098,incomparable
117,2516,stronger
117,3890,incomparable
118,358,incomparable
118,609,stronger
118,738,stronger
118,1094,stronger
118,1133,incomparable
118,1637,incomparable
118,1709,incomparable
118,1984,stronger
118,2148,incomparable
118,2281,incomparable
118,2568,stronger
118,2647,incomparable
118,2967,stronger
119,88,equivalent
119,1854,weaker
119,1858,weaker
119,2196,weaker
119,2707,weaker
119,4129,weaker
119,4330,weaker
119,4352,weaker
119,4415,weaker
119,4653,weaker
120,373,incomparable
120,442,weaker
120,916,incomparable
120,979,stronger
120,1192,equivalent
120,1338,stronger
120,1418,stronger
120,1610,stronger
120,1707,incomparable
120,2419,stronger
120,2651,incomparable
120,3219,stronger
120,4142,weaker
120,4319,incomparable
121,1036,weaker
121,1961,equivalent
121,2453,weaker
121,3365,weaker
121,3487,weaker
121,3595,weaker
121,3847,weaker
121,4025,weaker
121,4079,weaker
121,4508,weaker
122,983,equivalent
122,1173,equivalent
122,1757,equivalent
122,2068,weaker
122,2249,weaker
122,2263,weaker
122,3044,weaker
122,3353,weaker
123,42,weaker
123,307,weaker
123,729,equivalent
123,815,equivalent
123,1373,equivalent
123,1613,weaker
123,1829,equivalent
123,2543,weaker
123,2649,weaker
123,2947,weaker
123,3670,weaker
123,3858,weaker
123,4197,weaker
123,4255,weaker
124,195,stronger
124,370,incomparable
124,1226,incomparable
124,2012,stronger
124,2102,stronger
124,2210,stronger
124,2707,incomparable
124,4372,incomparable
125,83,stronger
125,582,stronger
125,852,incomparable
125,1100,incomparable
125,1484,incomparable
125,1686,stronger
125,2785,stronger
125,3153,stronger
125,3450,incomparable
125,3539,incomparable
125,3866,incomparable
125,3986,incomparable
125,4074,incomparable
126,429,weaker
126,1090,weaker
126,1690,equivalent
126,1966,weaker
126,2541,weaker
126,3388,weaker
127,752,incomparable
127,891,stronger
127,1173,stronger
127,1179,stronger
127,1476,incomparable
127,2798,stronger
127,3481,incomparable
127,3900,incomparable
127,4078,incomparable
127,4488,incomparable
128,96,equivalent
128,1743,equivalent
128,2349,weaker
128,2597,equivalent
128,2793,equivalent
128,4162,weaker
128,4451,weaker
129,9,weaker
129,293,equivalent
129,304,equivalent
129,334,weaker
129,2102,equivalent
129,2795,weaker
129,3108,weaker
129,3341,weaker
129,3747,weaker
130,272,stronger
130,528,weaker
130,673,stronger
130,869,incomparable
130,901,incomparable
130,1078,equivalent
130,1456,incomparable
130,1637,weaker
130,2391,stronger
130,2836,incomparable
130,3770,incomparable
130,3828,incomparable
130,4086,weaker
130,4196,weaker
130,4283,incomparable
130,4434,incomparable
131,959,equivalent
131,1395,weaker
131,1496,weaker
131,1910,weaker
131,3375,weaker
131,3501,weaker
131,4510,weaker
131,4546,weaker
132,1556,weaker
132,1649,weaker
132,2035,weaker
132,2103,weaker
132,3445,weaker
133,15,equivalent
133,213,weaker
133,1238,weaker
133,1877,weaker
133,2402,weaker
133,2533,weaker
133,2766,equivalent
133,3410,weaker
133,4616,weaker
134,483,weaker
134,577,stronger
134,827,incomparable
134,1373,stronger
134,1961,stronger
134,2161,weaker
134,2529,stronger
134,3584,incomparable
134,3722,incomparable
134,3785,incomparable
134,3802,incomparable
134,3833,incomparable
134,4560,incomparable
134,4577,incomparable
135,580,equivalent
135,588,weaker
135,646,weaker
135,2043,weaker
135,3120,weaker
135,3454,weaker
135,3837,weaker
135,3867,weaker
135,4072,weaker
135,4232,weaker
136,1743,equivalent
136,2010,equivalent
136,2018,equivalent
136,2958,weaker
136,3076,weaker
136,3194,equivalent
136,3975,weaker
136,4057,weaker
136,4504,weaker
137,1265,weaker
137,1779,equivalent
137,2282,weaker
137,2392,equivalent
137,2472,weaker
137,3336,weaker
137,4442,weaker
138,1576,stronger
138,1892,stronger
138,1997,stronger
138,2528,stronger
138,3038,stronger
138,3198,stronger
138,3774,incomparable
138,4355,incomparable
139,728,equivalent
139,2624,equivalent
139,2719,equivalent
139,3030,equivalent
139,3093,weaker
139,3094,weaker
140,252,equivalent
140,587,equivalent
140,1066,weaker
140,1162,equivalent
140,1315,weaker
140,2036,weaker
140,2809,equivalent
140,2852,weaker
140,2918,equivalent
140,2977,weaker
140,3361,weaker
140,3870,weaker
140,4196,weaker
141,849,weaker
141,1439,weaker
141,2113,weaker
141,3201,weaker
141,3655,weaker
141,4247,weaker
141,4265,weaker
141,4552,weaker
141,4566,weaker
142,570,stronger
142,725,incomparable
142,1612,stronger
142,1909,stronger
142,2016,stronger
142,2301,incomparable
142,2896,incomparable
142,2959,stronger
142,3135,stronger
142,3710,incomparable
142,4426,incomparable
143,248,equivalent
143,484,equivalent
143,510,weaker
143,982,equivalent
143,1266,weaker
143,1479,weaker
143,1854,weaker
143,1961,equivalent
143,2125,weaker
143,3002,weaker
143,3446,weaker
143,3709,weaker
143,4635,weaker
144,538,equivalent
144,778,weaker
144,799,equivalent
144,1604,equivalent
144,2464,weaker
144,3450,weaker
144,4426,weaker
145,327,weaker
145,652,weaker
145,1113,weaker
145,1144,equivalent
145,2968,weaker
145,3736,weaker
146,13,equivalent
146,511,incomparable
146,1374,weaker
146,1677,incomparable
146,2330,incomparable
146,3210,incomparable
146,3906,incomparable
146,3957,incomparable
146,4628,incomparable
147,300,equivalent
147,323,weaker
147,1340,weaker
147,2345,equivalent
147,2398,weaker
147,2918,equivalent
147,2946,weaker
147,3804,weaker
148,1199,equivalent
148,1915,equivalent
148,3386,weaker
148,3470,weaker
148,4254,weaker
148,4482,weaker
149,180,equivalent
149,396,weaker
149,399,weaker
149,468,equivalent
149,781,equivalent
149,1027,weaker
149,1390,equivalent
149,2347,weaker
149,2923,weaker
149,3453,weaker
149,3541,weaker
149,3579,weaker
149,3945,weaker
149,4011,weaker
149,4122,weaker
150,401,weaker
150,424,weaker
150,2486,weaker
150,2875,weaker
150,3116,weaker
150,3128,weaker
151,250,stronger
151,334,incomparable
151,1693,stronger
151,1945,stronger
151,2131,stronger
151,3034,stronger
151,4493,incomparable
152,826,incomparable
152,957,stronger
152,1721,incomparable
152,1750,incomparable
152,2635,stronger
152,2826,incomparable
152,3009,stronger
152,3801,incomparable
152,4108,incomparable
152,4278,incomparable
152,4379,incomparable
153,138,incomparable
153,172,stronger
153,315,incomparable
153,328,incomparable
153,556,incomparable
153,875,incomparable
153,1837,incomparable
153,1944,stronger
153,2255,stronger
153,2622,stronger
153,2805,incomparable
153,2995,stronger
153,3150,incomparable
153,3282,incomparable
154,1310,stronger
154,1335,stronger
154,1636,weaker
154,1704,stronger
154,2031,stronger
154,2100,incomparable
154,2436,stronger
154,2645,incomparable
154,2686,incomparable
154,2852,incomparable
154,2862,incomparable
154,2971,stronger
155,753,stronger
155,1009,incomparable
155,1026,incomparable
155,1688,stronger
155,2160,stronger
155,3202,stronger
155,3543,weaker
155,3842,incomparable
155,4052,incomparable
155,4547,incomparable
155,4592,incomparable
155,4607,incomparable
156,263,incomparable
156,575,incomparable
156,608,incomparable
156,631,stronger
156,632,incomparable
156,859,stronger
156,1499,stronger
156,1758,stronger
156,2238,incomparable
156,2761,incomparable
156,2926,stronger
156,3278,incomparable
156,3411,incomparable
156,3869,incomparable
156,3923,incomparable
156,4482,incomparable
157,816,stronger
157,962,incomparable
157,1736,stronger
157,1884,incomparable
157,2823,stronger
157,3011,incomparable
157,3024,incomparable
157,3614,incomparable
157,3907,incomparable
157,4490,incomparable
158,118,incomparable
158,960,incomparable
158,2469,weaker
158,2595,stronger
158,2985,incomparable
158,3080,weaker
159,411,incomparable
159,774,incomparable
159,938,incomparable
159,1085,incomparable
159,1220,stronger
159,2272,stronger
159,4102,incomparable
159,4480,incomparable
160,208,incomparable
160,347,incomparable
160,1145,stronger
160,2967,stronger
160,3485,incomparable
160,4463,incomparable
160,4616,incomparable
161,25,incomparable
161,396,incomparable
161,1021,incomparable
161,1318,incomparable
161,2125,incomparable
161,3090,incomparable
161,3273,incomparable
161,3510,incomparable
161,3666,incomparable
161,4130,incomparable
162,160,incomparable
162,667,incomparable
162,874,stronger
162,1098,incomparable
162,1176,stronger
162,1219,stronger
162,1685,incomparable
162,2097,incomparable
162,2729,stronger
162,3731,incomparable
162,4113,incomparable
163,47,incomparable
163,932,stronger
163,1244,incomparable
163,1575,stronger
163,1591,stronger
163,1913,incomparable
163,2340,incomparable
163,2435,incomparable
163,2443,weaker
163,2873,incomparable
164,1048,incomparable
164,1195,stronger
164,1281,incomparable
164,1736,stronger
164,1841,weaker
164,3455,incomparable
164,3538,weaker
164,3871,incomparable
164,3902,incomparable
164,4156,incomparable
164,4177,incomparable
164,4649,incomparable
165,15,stronger
165,116,stronger
165,395,incomparable
165,518,stronger
165,617,incomparable
165,827,incomparable
165,933,stronger
165,1456,weaker
165,2187,stronger
165,2829,stronger
165,2834,stronger
165,2946,incomparable
165,3217,stronger
165,3735,incomparable
165,3871,incomparable
165,4219,incomparable
166,635,incomparable
166,724,stronger
166,1185,stronger
166,1317,stronger
166,1764,incomparable
166,1883,incomparable
166,1968,stronger
166,2029,stronger
166,2475,incomparable
166,2599,stronger
166,3158,stronger
166,3687,incomparable
166,3923,incomparable
166,4252,incomparable
167,596,stronger
167,646,incomparable
167,1382,stronger
167,1410,incomparable
167,2406,incomparable
167,2799,incomparable
167,3936,incomparable
168,61,incomparable
168,391,incomparable
168,1106,stronger
168,1396,stronger
168,1556,incomparable
168,2006,stronger
168,2348,stronger
168,2764,stronger
168,4190,incomparable
169,126,stronger
169,378,weaker
169,424,incomparable
169,538,stronger
169,574,stronger
169,956,stronger
169,999,incomparable
169,2793,stronger
169,4167,incomparable
169,4488,incomparable
170,761,incomparable
170,896,stronger
170,1223,incomparable
170,1250,incomparable
170,1462,incomparable
170,1731,incomparable
170,1836,incomparable
170,1885,incomparable
170,1970,incomparable
170,2630,stronger
170,2949,incomparable
170,3152,incomparable
170,3731,incomparable
170,3867,incomparable
170,4474,incomparable
170,4612,incomparable
171,381,weaker
171,965,equivalent
171,1036,weaker
171,1762,equivalent
171,1804,equivalent
171,2414,equivalent
171,3161,weaker
171,4159,weaker
171,4316,weaker
172,158,incomparable
172,333,incomparable
172,1122,weaker
172,1492,incomparable
172,1902,incomparable
172,1918,stronger
172,2190,equivalent
172,2662,incomparable
172,3261,weaker
172,3422,weaker
172,3533,incomparable
172,3621,incomparable
172,3638,incomparable
172,3822,incomparable
172,3989,weaker
172,4218,incomparable
172,4261,incomparable
172,4543,incomparable
173,301,equivalent
173,883,weaker
173,1510,weaker
173,1606,equivalent
173,2073,weaker
173,2423,equivalent
173,2631,equivalent
173,2785,equivalent
174,185,equivalent
174,198,weaker
174,801,weaker
174,808,equivalent
174,874,equivalent
174,1400,weaker
174,1444,weaker
174,2505,equivalent
174,2736,weaker
174,3586,weaker
175,540,equivalent
175,2405,equivalent
175,2425,weaker
175,2825,equivalent
175,3432,weaker
175,3442,weaker
175,4651,weaker
176,554,weaker
176,682,incomparable
176,878,stronger
176,1366,equivalent
176,2306,incomparable
176,2736,incomparable
176,3144,stronger
176,3502,incomparable
176,3540,incomparable
177,528,incomparable
177,1187,stronger
177,1447,incomparable
177,2098,incomparable
177,2470,incomparable
177,2843,stronger
177,3262,incomparable
177,3429,incomparable
177,3628,incomparable
177,3743,incomparable
177,3984,incomparable
178,413,weaker
178,855,weaker
178,982,equivalent
178,1165,weaker
178,1450,weaker
178,4084,weaker
178,4350,weaker
178,4395,weaker
178,4466,weaker
179,380,incomparable
179,487,incomparable
179,820,incomparable
179,1094,stronger
179,1141,stronger
179,1232,incomparable
179,1233,incomparable
179,1709,stronger
179,1841,incomparable
179,3570,incomparable
179,3690,incomparable
179,4074,incomparable
179,4156,incomparable
180,1451,weaker
180,3687,weaker
180,3776,weaker
180,4077,weaker
181,313,weaker
181,1989,equivalent
181,2071,weaker
181,2646,weaker
181,3073,weaker
181,3111,equivalent
181,3461,weaker
181,3668,weaker
181,3858,weaker
181,4332,weaker
181,4513,weaker
181,4586,weaker
182,1097,stronger
182,1481,incomparable
182,1727,stronger
182,2526,stronger
182,2612,stronger
182,2647,incomparable
182,2831,stronger
182,3138,stronger
182,3227,incomparable
182,3275,incomparable
182,3471,incomparable
182,3891,incomparable
182,4524,incomparable
183,165,weaker
183,838,weaker
183,2452,weaker
183,2486,weaker
183,2515,equivalent
183,2693,weaker
183,3401,weaker
183,3841,weaker
183,3860,weaker
183,3921,weaker
184,698,weaker
184,1342,equivalent
184,1353,weaker
184,1520,equivalent
184,1981,equivalent
184,2431,equivalent
184,2623,weaker
184,2691,weaker
184,3111,equivalent
184,3719,weaker
184,4040,weaker
184,4545,weaker
185,533,equivalent
185,1247,weaker
185,1343,equivalent
185,1705,weaker
185,1744,equivalent
185,1966,weaker
185,3017,equivalent
185,3031,equivalent
185,3083,weaker
185,3116,weaker
185,3393,weaker
185,4186,weaker
186,346,incomparable
186,995,stronger
186,1001,stronger
186,1076,incomparable
186,1118,stronger
186,1338,stronger
186,1669,incomparable
186,2029,equivalent
186,2756,stronger
186,3089,incomparable
186,3761,incomparable
186,3920,incomparable
186,3969,incomparable
187,1445,weaker
187,1659,weaker
187,2167,weaker
187,2603,equivalent
187,3835,weaker
187,4290,weaker
188,212,weaker
188,1289,weaker
188,1949,weaker
188,2170,weaker
188,2920,equivalent
188,3072,weaker
188,3155,weaker
188,3426,weaker
188,4168,weaker
189,26,weaker
189,243,equivalent
189,576,equivalent
189,876,equivalent
189,1539,weaker
189,1583,equivalent
189,1585,equivalent
189,1816,weaker
189,1996,weaker
189,2188,equivalent
189,2565,equivalent
189,3015,weaker
189,3859,weaker
189,4058,weaker
189,4108,weaker
189,4305,weaker
190,108,incomparable
190,339,incomparable
190,1012,stronger
190,1522,stronger
190,2118,stronger
190,2487,incomparable
190,3234,stronger
190,3802,incomparable
190,4351,weaker
190,4454,incomparable
191,2212,weaker
191,2271,weaker
191,2443,weaker
191,3044,weaker
191,4644,weaker
192,550,equivalent
192,990,equivalent
192,1063,weaker
192,1404,equivalent
192,1436,weaker
192,1438,weaker
192,2170,weaker
192,2336,equivalent
192,2717,equivalent
192,3014,equivalent
192,3219,equivalent
192,3524,weaker
192,3568,weaker
192,3997,weaker
192,4048,weaker
192,4242,weaker
193,156,weaker
193,1242,weaker
193,1346,equivalent
193,1361,weaker
193,1426,weaker
193,1535,weaker
193,1691,weaker
193,1907,equivalent
193,3596,weaker
193,3879,weaker
193,4238,weaker
194,666,incomparable
194,1443,incomparable
194,1698,stronger
194,2264,incomparable
194,2305,stronger
194,3452,incomparable
195,749,weaker
195,1078,weaker
195,1144,equivalent
195,2128,weaker
195,2486,weaker
195,2561,equivalent
195,2894,weaker
195,4378,weaker
196,587,equivalent
196,642,weaker
196,793,equivalent
196,992,equivalent
196,1259,weaker
196,1424,equivalent
196,1438,weaker
196,1650,weaker
196,2221,equivalent
196,2388,equivalent
196,2408,equivalent
196,2414,equivalent
196,3586,weaker
196,4499,weaker
197,355,weaker
197,494,equivalent
197,1062,weaker
197,1672,weaker
197,1694,weaker
197,2400,equivalent
197,2601,weaker
197,2624,equivalent
197,3367,weaker
197,3728,weaker
197,3774,weaker
197,4062,weaker
197,4614,weaker
198,325,incomparable
198,612,stronger
198,866,incomparable
198,1403,stronger
198,1825,stronger
198,2098,incomparable
198,3182,incomparable
198,3375,weaker
198,3574,incomparable
198,3832,incomparable
198,4351,weaker
199,186,weaker
199,341,weaker
199,1112,weaker
199,1687,weaker
199,2327,weaker
199,2629,equivalent
199,3501,weaker
199,3736,weaker
199,3937,weaker
199,4017,weaker
200,631,weaker
200,683,equivalent
200,1149,equivalent
200,1769,equivalent
200,2106,equivalent
200,3065,weaker
200,3545,weaker
200,3888,weaker
200,4181,weaker
200,4434,weaker
200,4673,weaker
201,370,weaker
201,392,weaker
201,882,weaker
201,1341,equivalent
201,1409,equivalent
201,2364,weaker
201,2413,equivalent
201,3310,weaker
201,3354,weaker
201,3539,weaker
201,3865,weaker
202,418,weaker
202,963,equivalent
202,1442,weaker
202,1782,equivalent
202,1837,weaker
202,2324,equivalent
202,2962,equivalent
202,3509,weaker
202,3941,weaker
202,4586,weaker
202,4623,weaker
203,636,stronger
203,1632,incomparable
203,2019,incomparable
203,2558,incomparable
203,2655,incomparable
203,3869,incomparable
203,3905,incomparable
204,1493,stronger
204,2345,stronger
204,2688,incomparable
204,3098,weaker
204,3147,incomparable
204,3315,weaker
205,577,stronger
205,1118,stronger
205,1321,stronger
205,1620,stronger
205,4169,incomparable
205,4490,incomparable
206,69,stronger
206,743,stronger
206,1238,incomparable
206,1492,incomparable
206,2332,stronger
206,2740,stronger
206,3196,stronger
206,3370,incomparable
206,3482,incomparable
206,3523,incomparable
206,3906,incomparable
206,4517,incomparable
206,4643,incomparable
206,4685,incomparable
207,117,incomparable
207,645,incomparable
207,792,stronger
207,1734,incomparable
207,1904,incomparable
207,2469,weaker
207,2865,incomparable
207,2976,stronger
207,3364,incomparable
207,3670,incomparable
207,3963,incomparable
207,4345,incomparable
207,4376,incomparable
207,4544,incomparable
208,164,stronger
208,999,incomparable
208,1176,stronger
208,1191,stronger
208,1197,incomparable
208,1670,incomparable
208,2254,incomparable
208,2797,stronger
208,2877,incomparable
208,3292,incomparable
208,3443,incomparable
208,3610,incomparable
208,3695,incomparable
208,4417,incomparable
209,666,incomparable
209,1487,incomparable
209,1701,incomparable
209,1994,stronger
209,2486,stronger
209,2618,incomparable
209,2908,stronger
209,3179,stronger
209,3186,stronger
209,3795,incomparable
209,4169,incomparable
209,4342,incomparable
209,4504,incomparable
210,728,stronger
210,977,incomparable
210,1367,stronger
210,1703,stronger
210,2050,incomparable
210,2215,stronger
210,2354,stronger
210,2572,stronger
210,2980,stronger
210,3138,stronger
210,3831,incomparable
210,3987,incomparable
210,4283,weaker
210,4672,weaker
211,125,incomparable
211,701,stronger
211,746,incomparable
211,2576,incomparable
211,2588,incomparable
211,2756,stronger
211,2972,stronger
211,3117,stronger
211,3522,incomparable
211,3557,incomparable
211,3699,incomparable
211,4036,incomparable
211,4509,incomparable
212,155,stronger
212,1276,incomparable
212,1305,stronger
212,1526,incomparable
212,1589,stronger
212,1776,incomparable
212,2374,stronger
212,3229,stronger
212,3607,incomparable
212,3639,incomparable
212,4047,incomparable
213,222,incomparable
213,320,incomparable
213,904,stronger
213,933,stronger
213,955,incomparable
213,1481,incomparable
213,2228,stronger
213,2766,stronger
213,3551,incomparable
213,4429,incomparable
214,7,stronger
214,117,incomparable
214,1346,stronger
214,1647,weaker
214,1894,incomparable
214,2234,stronger
214,2523,stronger
214,3381,incomparable
214,3393,incomparable
214,3747,incomparable
215,101,incomparable
215,103,incomparable
215,779,stronger
215,858,incomparable
215,1087,stronger
215,1155,incomparable
215,1380,stronger
215,1451,weaker
215,1650,incomparable
215,1704,stronger
215,1931,incomparable
215,2549,stronger
215,2708,stronger
215,2789,incomparable
215,2959,stronger
216,227,stronger
216,916,incomparable
216,1364,stronger
216,1982,stronger
216,2734,incomparable
216,3205,incomparable
216,3207,stronger
216,3211,incomparable
216,3656,incomparable
216,3823,incomparable
216,3973,incomparable
216,4370,incomparable
216,4455,incomparable
217,1319,stronger
217,1448,weaker
217,1592,stronger
217,2298,stronger
217,2323,stronger
217,3507,incomparable
217,3932,incomparable
217,4194,incomparable
217,4387,incomparable
218,370,incomparable
218,1350,stronger
218,1432,incomparable
218,2346,stronger
218,2509,stronger
218,2749,stronger
218,3100,incomparable
218,4041,incomparable
218,4210,incomparable
218,4254,incomparable
219,305,stronger
219,801,incomparable
219,1011,stronger
219,1082,incomparable
219,1319,stronger
219,2239,incomparable
219,2507,incomparable
219,3324,incomparable
219,4172,incomparable
219,4181,incomparable
219,4330,incomparable
219,4401,incomparable
219,4454,incomparable
219,4620,incomparable
219,4644,incomparable
220,483,weaker
220,549,weaker
220,696,equivalent
220,1832,weaker
220,2307,equivalent
220,3142,weaker
221,604,stronger
221,1379,stronger
221,1440,incomparable
221,1675,incomparable
221,2191,stronger
221,2834,stronger
221,3018,stronger
221,3388,incomparable
221,3809,incomparable
221,4309,incomparable
221,4623,incomparable
222,1053,incomparable
222,1769,stronger
222,2040,incomparable
222,2151,stronger
222,2564,stronger
222,2586,incomparable
222,2621,stronger
222,3820,incomparable
222,3958,incomparable
222,4167,incomparable
222,4414,incomparable
223,784,equivalent
223,873,weaker
223,874,equivalent
223,1067,weaker
223,1366,weaker
223,1390,equivalent
223,2414,equivalent
223,2838,equivalent
223,3175,equivalent
223,3402,weaker
223,3710,weaker
223,3930,weaker
223,3942,weaker
223,4068,weaker
223,4319,weaker
223,4637,weaker
224,135,stronger
224,1144,stronger
224,1472,incomparable
224,1836,incomparable
224,2612,stronger
224,2942,stronger
224,3697,incomparable
224,3874,incomparable
224,4132,incomparable
224,4272,incomparable
225,433,weaker
225,500,weaker
225,1275,weaker
225,1466,weaker
225,1711,equivalent
225,2121,equivalent
225,2135,weaker
225,2588,weaker
225,2660,weaker
225,3252,equivalent
225,3346,weaker
225,3679,weaker
225,3766,weaker
225,3847,weaker
226,71,equivalent
226,510,weaker
226,1055,weaker
226,1420,weaker
226,1697,weaker
226,3023,equivalent
226,3035,equivalent
226,3181,equivalent
226,4121,weaker
226,4390,weaker
227,423,weaker
227,1023,weaker
227,1409,equivalent
227,1952,equivalent
227,2312,equivalent
227,2731,equivalent
227,2977,weaker
227,3072,weaker
227,4002,weaker
227,4078,weaker
227,4367,weaker
227,4462,weaker
228,613,stronger
228,912,incomparable
228,1411,stronger
228,2069,incomparable
228,4214,incomparable
228,4569,incomparable
229,482,stronger
229,737,stronger
229,1775,stronger
229,1825,stronger
229,2504,incomparable
229,3196,stronger
229,4256,incomparable
229,4642,incomparable
230,480,equivalent
230,801,weaker
230,1072,weaker
230,1220,equivalent
230,1278,weaker
230,1635,weaker
230,1656,weaker
230,1990,equivalent
230,2180,weaker
230,2522,weaker
230,2813,equivalent
230,3403,weaker
230,4001,weaker
231,618,incomparable
231,1135,stronger
231,1414,stronger
231,1825,stronger
231,1853,incomparable
231,1891,stronger
231,3065,incomparable
231,3341,incomparable
231,4403,incomparable
232,106,weaker
232,252,equivalent
232,1124,equivalent
232,1544,equivalent
232,1736,equivalent
232,1925,weaker
232,2244,weaker
232,2271,weaker
232,2279,weaker
232,2358,equivalent
232,3422,weaker
232,3531,weaker
232,3927,weaker
232,3951,weaker
232,3982,weaker
232,4593,weaker
233,221,weaker
233,844,weaker
233,908,equivalent
233,1045,weaker
233,1558,weaker
233,1824,equivalent
233,1891,equivalent
233,2485,weaker
233,2608,equivalent
233,2791,weaker
233,2906,equivalent
233,3614,weaker
233,4009,weaker
234,157,incomparable
234,421,incomparable
234,814,stronger
234,1365,stronger
234,1510,weaker
234,2130,weaker
234,2365,stronger
234,2506,weaker
234,2677,incomparable
234,3013,stronger
234,3320,incomparable
234,3364,incomparable
234,3418,weaker
234,4004,incomparable
234,4069,incomparable
234,4075,incomparable
234,4688,incomparable
235,1254,weaker
235,1423,equivalent
235,1945,weaker
235,2677,weaker
235,3028,equivalent
235,3131,weaker
235,3550,weaker
235,4196,weaker
235,4253,weaker
236,789,equivalent
236,911,equivalent
236,2104,equivalent
236,3139,weaker
236,3479,weaker
236,3548,weaker
236,4369,weaker
236,4417,weaker
236,4460,weaker
237,82,weaker
237,394,weaker
237,1143,equivalent
237,1290,equivalent
237,1897,weaker
237,2550,weaker
237,2654,weaker
237,3074,weaker
237,4422,weaker
238,116,stronger
238,342,incomparable
238,383,incomparable
238,591,stronger
238,816,stronger
238,1206,stronger
238,1534,stronger
238,2765,stronger
238,2845,stronger
238,2884,incomparable
238,3465,incomparable
238,3751,incomparable
238,4059,incomparable
238,4634,incomparable
239,1243,weaker
239,1504,weaker
239,1657,weaker
239,2356,equivalent
239,2521,weaker
239,2813,equivalent
239,2870,weaker
239,2877,weaker
239,3052,weaker
239,3219,equivalent
239,3947,weaker
239,3976,weaker
240,314,weaker
240,929,equivalent
240,1720,equivalent
240,2089,weaker
240,2112,equivalent
240,2553,equivalent
240,2620,equivalent
240,3154,equivalent
240,3445,weaker
240,4156,weaker
241,73,weaker
241,105,weaker
241,402,weaker
241,750,equivalent
241,1183,equivalent
241,1559,equivalent
241,2395,equivalent
241,3363,weaker
241,3577,weaker
242,629,incomparable
242,1400,incomparable
242,1416,stronger
242,1544,stronger
242,1877,incomparable
242,1880,incomparable
242,2038,incomparable
242,2149,stronger
242,2527,stronger
242,3683,incomparable
242,3842,incomparable
242,4099,incomparable
242,4446,incomparable
242,4557,incomparable
243,933,equivalent
243,1123,equivalent
243,1918,equivalent
243,2111,weaker
243,2349,weaker
243,2425,weaker
243,3401,weaker
243,3637,weaker
243,3805,weaker
243,4663,weaker
244,689,equivalent
244,1194,equivalent
244,1611,equivalent
244,2748,equivalent
244,3012,equivalent
244,4036,weaker
244,4102,weaker
245,1644,weaker
245,2734,weaker
245,2990,weaker
245,3075,weaker
246,43,incomparable
246,853,incomparable
246,2151,stronger
246,2302,stronger
246,2359,stronger
246,3230,stronger
246,3629,incomparable
246,3660,incomparable
247,499,equivalent
247,1054,weaker
247,1784,weaker
247,3158,equivalent
247,3618,weaker
247,4045,weaker
247,4690,weaker
248,525,equivalent
248,540,equivalent
248,1391,weaker
248,1810,equivalent
248,2889,weaker
248,3095,weaker
248,3225,equivalent
248,3676,weaker
248,4456,weaker
248,4555,weaker
249,263,weaker
249,1183,equivalent
249,1285,weaker
249,1384,weaker
249,2156,weaker
249,2188,equivalent
249,3548,weaker
249,3899,weaker
249,4477,weaker
250,412,incomparable
250,573,stronger
250,906,weaker
250,932,stronger
250,1112,weaker
250,1211,stronger
250,2898,incomparable
250,2987,stronger
250,3365,incomparable
250,4322,incomparable
250,4402,weaker
251,495,weaker
251,631,weaker
251,662,weaker
251,1083,weaker
251,3668,weaker
252,63,weaker
252,336,weaker
252,346,weaker
252,557,equivalent
252,1175,weaker
252,1412,equivalent
252,2405,equivalent
252,2660,weaker
252,2762,equivalent
252,3525,weaker
252,3943,weaker
252,4018,weaker
252,4054,weaker
253,439,weaker
253,818,weaker
253,1639,weaker
253,2208,equivalent
253,2222,weaker
253,2464,weaker
253,2749,weaker
253,2934,equivalent
253,3096,weaker
253,3667,weaker
253,3717,weaker
253,3787,weaker
254,1223,weaker
254,1790,weaker
254,4328,weaker
255,861,incomparable
255,2038,incomparable
255,2265,incomparable
255,2768,stronger
255,3476,incomparable
255,3984,incomparable
256,520,incomparable
256,762,stronger
256,866,stronger
256,1673,incomparable
256,2422,stronger
256,3068,incomparable
256,3095,incomparable
256,4130,incomparable
256,4262,incomparable
257,9,incomparable
257,657,incomparable
257,929,stronger
257,1674,incomparable
257,1856,incomparable
257,2910,incomparable
257,3329,incomparable
258,969,stronger
258,1037,incomparable
258,1714,stronger
258,1790,incomparable
258,1978,stronger
258,2546,incomparable
258,3173,stronger
258,3403,incomparable
258,3653,incomparable
258,4118,incomparable
258,4250,incomparable
258,4679,incomparable
259,147,stronger
259,275,stronger
259,790,stronger
259,864,incomparable
259,1234,incomparable
259,1497,stronger
259,2140,incomparable
259,2872,weaker
259,3016,stronger
259,3810,incomparable
259,3929,incomparable
260,1399,stronger
260,2056,incomparable
260,3478,incomparable
260,3484,incomparable
260,3617,incomparable
260,4006,incomparable
260,4513,incomparable
261,253,stronger
261,442,incomparable
261,1366,incomparable
261,1501,stronger
261,1645,incomparable
261,1921,incomparable
261,3276,incomparable
261,3560,incomparable
261,3722,incomparable
261,3827,incomparable
261,4278,incomparable
261,4464,incomparable
261,4623,incomparable
262,62,incomparable
262,1304,incomparable
262,1366,incomparable
262,1922,incomparable
262,2437,stronger
262,3109,stronger
262,3373,incomparable
262,3491,incomparable
262,3656,incomparable
262,3998,incomparable
262,4537,incomparable
262,4567,incomparable
263,154,incomparable
263,553,stronger
263,898,incomparable
263,1083,incomparable
263,1160,stronger
263,1524,stronger
263,1634,incomparable
263,2327,incomparable
263,2663,stronger
263,2759,stronger
263,3226,stronger
263,3807,incomparable
263,4000,incomparable
264,149,stronger
264,203,incomparable
264,622,incomparable
264,925,stronger
264,1049,incomparable
264,1072,incomparable
264,2888,incomparable
264,3364,incomparable
264,4269,incomparable
264,4684,incomparable
265,53,incomparable
265,317,incomparable
265,1298,stronger
265,1368,incomparable
265,1429,incomparable
265,1755,incomparable
265,2424,stronger
265,2425,incomparable
265,2465,incomparable
265,2573,incomparable
265,2876,weaker
265,2957,stronger
265,3071,incomparable
265,3621,incomparable
265,3731,incomparable
265,4157,incomparable
266,195,stronger
266,276,stronger
266,750,stronger
266,1792,stronger
266,1840,incomparable
266,2227,incomparable
266,2365,stronger
266,3012,stronger
266,3317,incomparable
266,3398,incomparable
266,4375,incomparable
267,28,incomparable
267,2033,stronger
267,2179,stronger
267,2389,incomparable
267,2720,incomparable
267,2918,stronger
267,3527,weaker
267,3737,incomparable
267,4410,incomparable
267,4679,incomparable
268,128,stronger
268,238,incomparable
268,411,incomparable
268,685,stronger
268,887,incomparable
268,1472,incomparable
268,1916,incomparable
268,2251,incomparable
268,2410,incomparable
268,2797,stronger
268,2798,stronger
268,3378,incomparable
268,3685,incomparable
268,3842,incomparable
268,3859,incomparable
268,4102,incomparable
268,4138,incomparable
269,609,stronger
269,943,incomparable
269,1638,incomparable
269,1675,incomparable
269,2706,incomparable
269,3109,stronger
269,3439,incomparable
269,3898,incomparable
269,4367,incomparable
270,137,stronger
270,155,incomparable
270,275,stronger
270,877,stronger
270,1999,stronger
270,2224,stronger
270,2862,incomparable
270,3166,stronger
270,3535,incomparable
270,3856,incomparable
270,3910,incomparable
270,4173,incomparable
270,4469,incomparable
271,128,stronger
271,580,stronger
271,1067,incomparable
271,2174,stronger
271,3027,stronger
271,3160,stronger
271,3443,incomparable
271,3874,incomparable
271,4260,incomparable
271,4559,incomparable
272,834,weaker
272,1049,weaker
272,1778,equivalent
272,3537,weaker
272,4044,weaker
272,4219,weaker
272,4587,weaker
273,27,incomparable
273,561,stronger
273,2822,stronger
273,3034,stronger
273,3680,incomparable
273,4338,incomparable
274,13,incomparable
274,103,incomparable
274,1991,stronger
274,2237,stronger
274,2496,incomparable
274,3049,stronger
274,3081,incomparable
274,3215,stronger
274,3250,stronger
274,3780,incomparable
274,4203,incomparable
275,887,weaker
275,1208,equivalent
275,1713,weaker
275,3342,weaker
275,3689,weaker
275,3982,weaker
275,4064,weaker
276,268,incomparable
276,1056,incomparable
276,1398,stronger
276,2254,incomparable
276,2754,stronger
276,3492,incomparable
276,4054,incomparable
276,4560,incomparable
277,307,weaker
277,1420,weaker
277,2059,weaker
277,2102,equivalent
277,2259,weaker
277,2760,equivalent
277,2985,weaker
277,3364,weaker
277,3839,weaker
277,4033,weaker
278,811,weaker
278,1088,weaker
278,1178,equivalent
278,2102,equivalent
278,2577,equivalent
278,2844,equivalent
279,805,equivalent
279,933,equivalent
279,1390,equivalent
279,1637,weaker
279,1753,equivalent
279,1786,equivalent
279,2113,weaker
279,2882,weaker
279,3089,weaker
279,3383,weaker
279,3404,weaker
279,4045,weaker
279,4152,weaker
280,224,incomparable
280,1076,incomparable
280,1437,incomparable
280,1833,incomparable
280,1842,incomparable
280,2040,incomparable
280,2327,incomparable
280,3032,stronger
280,3229,stronger
280,3766,incomparable
280,3801,incomparable
281,708,stronger
281,1388,stronger
281,1766,stronger
281,2746,incomparable
281,3616,incomparable
281,4061,incomparable
282,134,weaker
282,192,equivalent
282,722,equivalent
282,939,equivalent
282,955,weaker
282,1332,weaker
282,1506,weaker
282,1693,equivalent
282,2226,equivalent
282,2286,weaker
282,2305,equivalent
282,2409,equivalent
282,2954,equivalent
282,3105,weaker
282,3223,equivalent
282,3353,weaker
282,3789,weaker
282,3878,weaker
282,4155,weaker
282,4199,weaker
282,4525,weaker
283,102,incomparable
283,508,incomparable
283,1308,stronger
283,1434,incomparable
283,2153,stronger
283,2338,incomparable
283,2980,stronger
283,3043,stronger
283,3288,incomparable
283,3555,incomparable
283,3802,incomparable
284,107,weaker
284,540,equivalent
284,605,equivalent
284,952,weaker
284,4287,weaker
285,76,equivalent
285,413,weaker
285,527,equivalent
285,774,weaker
285,887,weaker
285,943,weaker
285,2087,weaker
285,2924,equivalent
285,3272,weaker
285,3506,weaker
285,3862,weaker
285,4088,weaker
285,4410,weaker
285,4549,weaker
286,269,incomparable
286,468,stronger
286,860,weaker
286,1190,stronger
286,1220,stronger
286,1249,incomparable
286,1641,incomparable
286,2287,incomparable
286,2394,stronger
286,2661,incomparable
287,23,weaker
287,127,weaker
287,1116,equivalent
287,1375,equivalent
287,1663,weaker
287,2409,equivalent
287,3158,equivalent
287,3786,weaker
287,4021,weaker
287,4057,weaker
287,4676,weaker
288,1919,equivalent
288,2773,equivalent
288,2811,equivalent
288,3553,weaker
288,3600,weaker
288,3661,weaker
288,4467,weaker
289,868,weaker
289,989,weaker
289,1372,equivalent
289,1631,weaker
289,1776,weaker
289,2057,weaker
289,2324,equivalent
289,2392,equivalent
289,2425,weaker
289,2950,equivalent
289,3163,weaker
289,4393,weaker
290,35,stronger
290,206,incomparable
290,302,stronger
290,312,incomparable
290,627,incomparable
290,904,stronger
290,2068,incomparable
290,3208,stronger
290,3236,stronger
290,3870,incomparable
290,4311,incomparable
290,4472,incomparable
291,272,equivalent
291,358,weaker
291,792,equivalent
291,1338,equivalent
291,1775,equivalent
291,1943,weaker
291,2073,weaker
291,2199,weaker
291,2426,equivalent
291,2834,equivalent
291,4135,weaker
291,4369,weaker
292,388,weaker
292,954,equivalent
292,968,weaker
292,2156,weaker
292,2358,equivalent
292,2789,weaker
292,2929,equivalent
292,4047,weaker
293,689,equivalent
293,868,weaker
293,945,equivalent
293,1065,weaker
293,1236,weaker
293,1364,equivalent
293,1826,weaker
293,2899,weaker
293,3510,weaker
293,3544,weaker
293,3558,weaker
293,3649,weaker
293,4132,weaker
293,4339,weaker
294,716,weaker
294,981,weaker
294,1017,stronger
294,1152,incomparable
294,1272,incomparable
294,1552,weaker
294,1697,weaker
294,2132,incomparable
294,2146,incomparable
294,2549,stronger
294,2633,equivalent
294,2710,incomparable
294,2775,stronger
294,3341,incomparable
294,3745,incomparable
294,4584,weaker
295,399,weaker
295,492,weaker
295,696,equivalent
295,778,weaker
295,1614,equivalent
295,1812,equivalent
295,2216,equivalent
295,3441,weaker
295,3888,weaker
295,4301,weaker
296,1990,equivalent
296,2698,equivalent
297,697,equivalent
297,779,equivalent
297,1319,equivalent
297,1656,weaker
297,1825,equivalent
297,1934,weaker
297,3207,equivalent
297,4091,weaker
297,4278,weaker
298,149,stronger
298,1349,weaker
298,1424,stronger
298,1920,stronger
298,2100,weaker
298,2839,stronger
298,3291,incomparable
298,3695,incomparable
298,3761,incomparable
298,3763,incomparable
298,4072,incomparable
298,4580,incomparable
299,494,equivalent
299,1071,weaker
299,1563,equivalent
299,1754,equivalent
299,1783,equivalent
299,2382,equivalent
299,2646,weaker
299,2863,weaker
299,2926,equivalent
299,3498,weaker
299,3651,weaker
299,3742,weaker
299,3781,weaker
299,4645,weaker
300,38,weaker
300,107,weaker
300,671,equivalent
300,734,equivalent
300,785,equivalent
300,1061,weaker
300,1524,equivalent
300,1582,equivalent
300,1766,equivalent
300,2145,equivalent
300,2310,weaker
300,2480,weaker
300,2625,equivalent
300,3580,weaker
300,4290,weaker
300,4360,weaker
300,4560,weaker
300,4594,weaker
301,61,weaker
301,153,weaker
301,363,weaker
301,864,weaker
301,1941,weaker
301,2048,weaker
301,2189,equivalent
301,2480,weaker
301,2537,equivalent
301,3193,weaker
301,3318,weaker
301,4149,weaker
301,4180,weaker
301,4483,weaker
302,544,stronger
302,1712,stronger
302,2294,incomparable
302,2631,stronger
302,2840,stronger
302,4190,incomparable
302,4208,incomparable
302,4357,incomparable
303,508,weaker
303,528,weaker
303,877,equivalent
303,1267,weaker
303,1662,weaker
303,1841,weaker
303,2133,equivalent
303,2409,equivalent
303,3616,weaker
303,3643,weaker
304,253,equivalent
304,599,equivalent
304,960,weaker
304,2125,weaker
304,2434,equivalent
304,3820,weaker
304,3955,weaker
304,4350,weaker
304,4616,weaker
305,138,weaker
305,825,weaker
305,930,weaker
305,1105,equivalent
305,1266,weaker
305,1487,weaker
305,1562,equivalent
305,1780,weaker
305,2018,equivalent
305,3230,equivalent
305,3510,weaker
305,3606,weaker
306,285,equivalent
306,296,equivalent
306,981,weaker
306,1087,equivalent
306,1308,equivalent
306,1376,equivalent
306,1658,weaker
306,2506,weaker
306,2601,weaker
306,2628,weaker
306,2975,equivalent
307,49,incomparable
307,254,stronger
307,888,stronger
307,1559,stronger
307,1568,stronger
307,2281,incomparable
307,2884,stronger
307,3101,stronger
307,3420,stronger
307,3482,incomparable
307,4164,incomparable
308,390,stronger
308,482,stronger
308,1713,incomparable
308,1825,stronger
308,2139,stronger
308,4339,incomparable
309,248,stronger
309,850,incomparable
309,968,incomparable
309,1609,stronger
309,1932,incomparable
309,2082,incomparable
309,2470,incomparable
309,3437,stronger
309,4299,incomparable
309,4396,incomparable
309,4405,incomparable
310,156,incomparable
310,305,stronger
310,1316,incomparable
310,1841,incomparable
310,2943,stronger
310,3048,stronger
310,4033,stronger
310,4197,incomparable
310,4644,incomparable
311,702,stronger
311,710,stronger
311,991,stronger
311,1162,stronger
311,2407,stronger
311,2617,stronger
311,2759,stronger
311,2815,stronger
311,3293,incomparable
311,3804,incomparable
311,3875,incomparable
311,4075,incomparable
312,103,incomparable
312,570,stronger
312,939,stronger
312,1805,stronger
312,2700,incomparable
312,3071,incomparable
312,3455,stronger
312,3546,incomparable
312,3797,stronger
313,33,stronger
313,609,stronger
313,1164,stronger
313,1547,incomparable
313,2153,stronger
313,2453,incomparable
313,2712,incomparable
313,3145,incomparable
313,3224,stronger
313,3744,incomparable
313,3797,stronger
313,4394,incomparable
314,156,incomparable
314,521,stronger
314,673,stronger
314,835,incomparable
314,1331,stronger
314,1964,incomparable
314,1967,incomparable
314,2040,incomparable
314,2145,stronger
314,2196,incomparable
314,2349,incomparable
314,2968,incomparable
314,3038,stronger
314,3827,stronger
314,3980,incomparable
314,4022,stronger
314,4401,incomparable
314,4416,incomparable
315,431,incomparable
315,1695,incomparable
315,2227,incomparable
315,2899,incomparable
315,2930,stronger
315,3043,stronger
315,3102,incomparable
315,3191,stronger
315,3485,incomparable
315,3611,stronger
315,3751,incomparable
316,161,incomparable
316,697,stronger
316,766,stronger
316,1139,stronger
316,1916,incomparable
316,1933,stronger
316,2192,stronger
316,2698,stronger
316,3227,incomparable
316,3508,incomparable
317,614,incomparable
317,1035,incomparable
317,1102,stronger
317,1410,incomparable
317,1842,incomparable
317,2478,incomparable
317,2648,incomparable
317,2993,stronger
317,3047,stronger
317,3537,incomparable
317,4355,weaker
318,185,stronger
318,1367,stronger
318,2305,stronger
318,2341,stronger
318,3699,incomparable
318,3734,incomparable
318,3867,incomparable
318,4021,stronger
319,93,stronger
319,764,stronger
319,939,stronger
319,1348,stronger
319,1568,stronger
319,1710,incomparable
319,3663,incomparable
319,4078,incomparable
319,4191,stronger
319,4404,incomparable
320,322,incomparable
320,938,incomparable
320,1910,incomparable
320,1929,incomparable
320,2360,stronger
320,2916,stronger
320,3038,stronger
320,3192,stronger
320,3485,incomparable
320,3607,incomparable
320,3691,incomparable
320,4082,incomparable
320,4403,incomparable
321,558,incomparable
321,1212,incomparable
321,1266,incomparable
321,1334,incomparable
321,1910,incomparable
321,3001,stronger
321,3511,incomparable
321,3634,incomparable
321,3660,weaker
321,3761,incomparable
321,3970,stronger
321,4388,incomparable
321,4635,incomparable
322,513,incomparable
322,798,stronger
322,2545,stronger
322,2627,stronger
322,2655,incomparable
322,2790,stronger
322,3273,incomparable
322,3406,stronger
322,4281,incomparable
322,4391,incomparable
322,4478,incomparable
323,225,stronger
323,311,incomparable
323,960,incomparable
323,1126,stronger
323,1276,incomparable
323,1666,stronger
323,2457,incomparable
323,2925,incomparable
323,2937,incomparable
323,3036,stronger
323,3763,stronger
323,3773,stronger
323,4105,incomparable
323,4405,incomparable
324,350,stronger
324,639,incomparable
324,1242,incomparable
324,1636,incomparable
324,1764,incomparable
324,1921,incomparable
324,2469,incomparable
324,2730,stronger
324,3512,weaker
324,3967,stronger
324,4177,stronger
325,412,incomparable
325,731,incomparable
325,1492,incomparable
325,1557,stronger
325,2648,stronger
325,2817,stronger
325,3098,stronger
325,3650,stronger
325,3922,stronger
325,4033,stronger
325,4589,incomparable
326,242,incomparable
326,281,incomparable
326,353,stronger
326,665,stronger
326,741,stronger
326,915,stronger
326,1229,incomparable
326,1576,stronger
326,1613,incomparable
326,1704,stronger
326,1743,stronger
326,2559,stronger
326,3229,stronger
326,3247,stronger
326,3564,stronger
326,3924,incomparable
326,4081,incomparable
326,4102,incomparable
326,4213,incomparable
327,78,incomparable
327,257,incomparable
327,323,incomparable
327,796,incomparable
327,855,stronger
327,2469,incomparable
327,2544,stronger
327,2546,incomparable
327,2967,stronger
327,3349,incomparable
327,3466,incomparable
327,3712,incomparable
327,3810,incomparable
327,4609,incomparable
328,41,stronger
328,321,incomparable
328,1121,stronger
328,1175,incomparable
328,1593,stronger
328,1912,incomparable
328,1971,stronger
328,2517,incomparable
328,2674,stronger
328,2778,incomparable
328,3807,incomparable
329,151,incomparable
329,167,incomparable
329,861,incomparable
329,1331,stronger
329,1453,incomparable
329,1476,stronger
329,1957,stronger
329,2944,incomparable
329,2960,stronger
329,2961,stronger
329,3253,weaker
329,3367,incomparable
329,3569,stronger
329,3871,incomparable
329,3990,stronger
330,1274,stronger
330,1769,stronger
330,2203,incomparable
330,3224,stronger
330,3868,incomparable
330,3925,incomparable
331,63,incomparable
331,289,stronger
331,448,stronger
331,621,incomparable
331,1034,incomparable
331,1126,stronger
331,1235,incomparable
331,1527,stronger
331,1656,incomparable
331,1872,incomparable
331,2063,incomparable
331,2486,stronger
332,936,stronger
332,1772,incomparable
332,1816,incomparable
332,2183,stronger
332,2586,incomparable
332,3039,incomparable
332,3657,stronger
332,3905,incomparable
332,4092,incomparable
332,4100,incomparable
332,4469,incomparable
333,446,incomparable
333,700,stronger
333,1855,incomparable
333,1886,stronger
333,2253,incomparable
333,3158,stronger
333,3953,stronger
333,4028,stronger
334,100,incomparable
334,1423,stronger
334,1922,incomparable
334,1983,incomparable
334,2774,incomparable
334,3097,incomparable
334,3583,weaker
334,4657,weaker
335,341,stronger
335,585,stronger
335,1777,stronger
335,2278,incomparable
335,2815,stronger
335,3301,incomparable
335,4254,stronger
336,171,stronger
336,383,incomparable
336,501,incomparable
336,680,incomparable
336,872,incomparable
336,912,incomparable
336,2276,incomparable
336,3137,stronger
336,3170,stronger
336,3383,stronger
336,3894,incomparable
336,4119,incomparable
336,4370,incomparable
336,4408,incomparable
337,83,stronger
337,1044,incomparable
337,1408,stronger
337,1530,stronger
337,1552,incomparable
337,2317,stronger
337,2402,incomparable
337,2537,stronger
337,2724,incomparable
337,3780,equivalent
337,4181,equivalent
338,89,stronger
338,183,stronger
338,671,stronger
338,1608,incomparable
338,1841,incomparable
338,2145,stronger
338,2928,incomparable
338,3345,weaker
338,4338,weaker
339,370,weaker
339,1189,stronger
339,1396,stronger
339,2605,incomparable
339,2723,stronger
339,3979,incomparable
339,4556,incomparable
340,317,weaker
340,431,incomparable
340,752,incomparable
340,981,incomparable
340,2103,incomparable
340,2277,incomparable
340,3378,equivalent
340,3622,equivalent
340,4462,weaker
340,4538,weaker
340,4605,weaker
341,1414,stronger
341,1918,stronger
341,3124,stronger
341,4423,weaker
342,205,incomparable
342,842,incomparable
342,996,stronger
342,1191,stronger
342,1377,stronger
342,1552,incomparable
342,1773,stronger
342,1839,incomparable
342,2032,stronger
342,2120,stronger
342,2565,stronger
342,2766,stronger
342,3194,stronger
342,3219,stronger
342,3384,weaker
342,3824,weaker
342,4397,weaker
343,1411,stronger
343,1959,stronger
343,2260,incomparable
343,2452,incomparable
343,2718,stronger
343,3790,incomparable
343,3936,incomparable
343,4033,stronger
343,4545,incomparable
344,377,weaker
344,685,stronger
344,1190,stronger
344,1614,stronger
344,2212,incomparable
344,2247,incomparable
344,2515,stronger
344,2760,stronger
344,2795,incomparable
344,3182,incomparable
344,3530,weaker
344,3715,weaker
345,726,stronger
345,825,incomparable
345,2496,incomparable
345,2513,incomparable
345,3401,weaker
345,3416,equivalent
345,3764,equivalent
346,233,stronger
346,505,stronger
346,556,incomparable
346,845,incomparable
346,2267,incomparable
346,2742,stronger
346,4681,weaker
347,222,incomparable
347,463,incomparable
347,538,stronger
347,2199,incomparable
347,2291,incomparable
347,2850,incomparable
347,3647,stronger
347,3749,weaker
347,4295,incomparable
348,35,stronger
348,457,incomparable
348,591,stronger
348,975,stronger
348,1490,stronger
348,2244,incomparable
348,2318,incomparable
348,3224,stronger
348,3641,equivalent
348,3879,weaker
348,4099,weaker
348,4489,weaker
348,4688,weaker
349,712,stronger
349,854,incomparable
349,1089,stronger
349,1149,stronger
349,2232,incomparable
349,2633,incomparable
349,3027,stronger
349,3321,weaker
349,3528,weaker
349,4241,equivalent
349,4432,weaker
349,4612,weaker
350,298,incomparable
350,557,stronger
350,1034,incomparable
350,1121,stronger
350,3015,incomparable
350,3237,incomparable
350,3728,weaker
350,4305,weaker
350,4391,weaker
350,4449,weaker
350,4574,weaker
351,407,weaker
351,904,stronger
351,1198,stronger
351,1615,stronger
351,2068,incomparable
351,2320,stronger
351,2752,stronger
351,3909,weaker
351,4141,incomparable
351,4673,incomparable
352,69,stronger
352,523,stronger
352,1083,incomparable
352,1665,incomparable
352,1819,stronger
352,2480,incomparable
352,2755,incomparable
352,3764,equivalent
352,3795,equivalent
352,3941,weaker
353,213,incomparable
353,948,stronger
353,1284,stronger
353,1643,incomparable
353,1793,incomparable
353,1964,incomparable
353,2246,incomparable
353,2318,incomparable
353,2439,stronger
353,2492,incomparable
353,2810,stronger
353,4259,equivalent
353,4274,weaker
353,4500,weaker
354,1457,incomparable
354,3154,stronger
354,3418,weaker
354,3918,weaker
354,4333,weaker
354,4549,weaker
355,577,stronger
355,791,incomparable
355,1942,stronger
355,2200,stronger
355,3214,incomparable
355,3496,incomparable
355,3540,incomparable
355,3614,stronger
355,3700,incomparable
355,3814,stronger
355,4337,incomparable
355,4629,incomparable
356,13,incomparable
356,291,stronger
356,1276,incomparable
356,1852,incomparable
356,3047,stronger
356,3383,equivalent
356,4005,equivalent
356,4070,weaker
356,4288,weaker
357,301,stronger
357,631,incomparable
357,1266,incomparable
357,2345,stronger
357,2617,stronger
357,3371,weaker
357,3378,equivalent
357,3423,equivalent
357,3670,weaker
357,3923,weaker
357,4552,weaker
357,4601,weaker
358,7,stronger
358,555,stronger
358,1851,incomparable
358,1918,stronger
358,2043,incomparable
358,2049,incomparable
358,2816,incomparable
358,2905,incomparable
358,3522,weaker
358,3815,weaker
358,4148,weaker
358,4274,weaker
358,4431,weaker
358,4590,weaker
358,4655,weaker
359,1329,stronger
359,1399,stronger
359,2046,incomparable
359,2767,stronger
359,3116,incomparable
359,4598,incomparable
360,1318,incomparable
360,1929,incomparable
360,2127,incomparable
360,2556,stronger
360,2615,stronger
360,4116,stronger
360,4344,incomparable
360,4384,incomparable
360,4458,incomparable
361,1783,stronger
361,1904,stronger
361,2043,incomparable
361,3183,stronger
361,3774,stronger
361,4583,incomparable
362,630,incomparable
362,700,stronger
362,1269,stronger
362,1280,stronger
362,1321,stronger
362,1954,stronger
362,2135,incomparable
362,2393,incomparable
362,2568,stronger
362,2597,stronger
362,2600,stronger
362,2929,stronger
362,3498,incomparable
362,4541,incomparable
362,4586,incomparable
363,714,incomparable
363,1824,stronger
363,2240,incomparable
363,2290,incomparable
363,2779,incomparable
363,2817,stronger
363,2861,incomparable
363,3301,incomparable
363,3934,stronger
363,4178,stronger
363,4462,incomparable
364,607,stronger
364,670,incomparable
364,1151,stronger
364,2504,incomparable
364,3386,stronger
364,3520,incomparable
364,4219,stronger
364,4541,incomparable
364,4548,incomparable
365,49,incomparable
365,263,incomparable
365,301,stronger
365,991,stronger
365,1090,incomparable
365,1163,incomparable
365,1241,incomparable
365,2016,stronger
365,2427,stronger
365,2536,incomparable
365,2805,incomparable
365,4509,incomparable
365,4686,incomparable
366,745,stronger
366,1743,stronger
366,1941,incomparable
366,2551,stronger
366,2985,incomparable
366,3258,incomparable
366,3535,incomparable
366,3954,incomparable
366,4533,incomparable
367,822,incomparable
367,968,incomparable
367,1124,stronger
367,1381,stronger
367,2888,incomparable
367,3691,incomparable
367,4001,incomparable
368,59,incomparable
368,197,stronger
368,496,stronger
368,584,stronger
368,1219,stronger
368,1278,incomparable
368,1972,stronger
368,2210,stronger
368,3057,incomparable
368,3546,incomparable
368,3938,incomparable
368,4160,stronger
368,4394,incomparable
368,4651,incomparable
369,335,incomparable
369,1332,incomparable
369,1891,stronger
369,2326,stronger
369,2762,stronger
369,3163,incomparable
369,3379,stronger
369,3960,stronger
369,4202,stronger
369,4412,incomparable
369,4611,incomparable
369,4684,incomparable
370,16,incomparable
370,703,incomparable
370,1185,stronger
370,1305,stronger
370,1715,stronger
370,4007,incomparable
370,4023,incomparable
370,4318,incomparable
370,4660,incomparable
371,250,incomparable
371,356,stronger
371,881,stronger
371,913,stronger
371,1509,stronger
371,1642,incomparable
371,2315,stronger
371,2340,incomparable
371,2474,incomparable
371,3447,stronger
371,3757,stronger
371,3961,incomparable
371,4217,incomparable
372,1329,stronger
372,2880,incomparable
372,3309,incomparable
372,3728,incomparable
372,4099,weaker
372,4694,incomparable
373,310,incomparable
373,410,stronger
373,435,incomparable
373,457,incomparable
373,1039,incomparable
373,1535,incomparable
373,1599,stronger
373,1979,incomparable
373,2249,incomparable
373,2423,stronger
373,2442,incomparable
373,2630,stronger
373,2662,incomparable
373,3041,stronger
373,3046,stronger
373,3375,incomparable
373,3580,stronger
373,4103,weaker
374,2,stronger
374,317,incomparable
374,785,stronger
374,1533,stronger
374,1666,incomparable
374,2681,incomparable
374,4140,weaker
374,4549,incomparable
375,256,incomparable
375,446,incomparable
375,1353,incomparable
375,1540,stronger
375,2190,stronger
375,2664,incomparable
375,3208,stronger
375,3209,stronger
375,3485,incomparable
375,3880,incomparable
375,4459,incomparable
375,4595,incomparable
376,245,stronger
376,423,incomparable
376,791,incomparable
376,851,incomparable
376,1056,incomparable
376,1060,incomparable
376,1274,stronger
376,2137,incomparable
376,2919,incomparable
376,3583,incomparable
377,316,incomparable
377,537,incomparable
377,1333,stronger
377,1975,incomparable
377,2441,incomparable
377,3483,incomparable
377,4089,incomparable
377,4561,incomparable
378,450,stronger
378,630,incomparable
378,1173,stronger
378,1830,stronger
378,3100,incomparable
378,3417,incomparable
378,3795,stronger
378,3967,stronger
378,3974,stronger
378,4205,stronger
378,4375,incomparable
378,4432,incomparable
378,4532,incomparable
378,4689,incomparable
379,306,stronger
379,702,stronger
379,1879,incomparable
379,3078,incomparable
379,4587,incomparable
380,39,incomparable
380,58,incomparable
380,592,stronger
380,1082,incomparable
380,1540,stronger
380,1675,incomparable
380,1808,stronger
380,2054,incomparable
380,2220,stronger
380,2596,incomparable
380,3364,incomparable
380,3631,stronger
380,3982,stronger
380,4630,weaker
381,1151,stronger
381,1425,stronger
381,1599,stronger
381,1733,stronger
381,2121,stronger
381,2342,stronger
381,2509,stronger
381,2722,incomparable
381,3285,incomparable
381,3355,incomparable
381,3500,incomparable
382,1222,stronger
382,1415,incomparable
382,2464,incomparable
382,3211,incomparable
382,3405,incomparable
382,4079,weaker
382,4123,weaker
382,4343,incomparable
382,4628,incomparable
383,1089,stronger
383,1625,stronger
383,2171,stronger
383,2215,stronger
383,2492,incomparable
383,3263,weaker
383,3324,weaker
383,3798,incomparable
383,3925,weaker
383,3975,stronger
383,4578,incomparable
383,4584,weaker
384,581,stronger
384,600,stronger
384,1021,incomparable
384,1094,stronger
384,1726,incomparable
384,1978,stronger
384,2251,incomparable
384,2312,stronger
384,2536,incomparable
384,3015,incomparable
384,3298,incomparable
384,3404,incomparable
384,3593,stronger
384,3647,stronger
384,3952,incomparable
384,4040,incomparable
384,4359,incomparable
385,796,stronger
385,1665,incomparable
385,2133,stronger
385,2471,incomparable
385,2517,incomparable
385,2729,stronger
385,2736,incomparable
385,2807,stronger
385,3250,stronger
385,3300,incomparable
385,3587,incomparable
385,3891,incomparable
385,4014,stronger
386,827,incomparable
386,1961,stronger
386,2246,incomparable
386,3693,weaker
386,3696,weaker
386,3872,weaker
386,3889,weaker
386,4193,equivalent
386,4667,weaker
387,982,stronger
387,2135,incomparable
387,2538,incomparable
387,2657,incomparable
387,2852,incomparable
387,2900,incomparable
387,2910,incomparable
387,3680,incomparable
387,3805,stronger
387,4193,stronger
387,4349,incomparable
388,24,incomparable
388,25,incomparable
388,95,stronger
388,334,stronger
388,1106,stronger
388,1299,incomparable
388,1366,stronger
388,1743,stronger
388,1818,stronger
388,2210,stronger
388,2463,incomparable
388,2795,incomparable
388,3074,incomparable
388,3301,incomparable
388,4357,incomparable
388,4596,incomparable
389,419,incomparable
389,851,incomparable
389,1488,incomparable
389,1524,stronger
389,1599,stronger
389,2055,incomparable
389,2286,incomparable
389,3001,stronger
389,3697,weaker
389,4063,equivalent
389,4567,weaker
390,498,stronger
390,577,stronger
390,1409,stronger
390,2823,stronger
390,2914,stronger
390,3045,stronger
390,3130,incomparable
390,3241,stronger
390,3624,equivalent
390,3817,equivalent
390,4027,weaker
390,4184,equivalent
390,4317,weaker
391,22,stronger
391,276,stronger
391,311,incomparable
391,377,incomparable
391,422,incomparable
391,1459,incomparable
391,1657,incomparable
391,1670,incomparable
391,2532,stronger
391,3060,incomparable
391,3179,stronger
391,3817,stronger
391,3840,stronger
391,4525,incomparable
392,1247,incomparable
392,1387,incomparable
392,2102,stronger
392,2507,incomparable
392,2824,stronger
392,3055,incomparable
392,3267,weaker
392,3396,equivalent
392,3821,equivalent
392,3902,weaker
392,3904,weaker
393,488,stronger
393,1093,stronger
393,1853,incomparable
393,2527,stronger
393,2719,stronger
393,2845,stronger
393,3569,equivalent
393,4263,weaker
394,1713,incomparable
394,1881,incomparable
394,2898,incomparable
394,3316,weaker
394,4629,weaker
395,870,incomparable
395,1122,incomparable
395,1756,stronger
395,1901,stronger
395,2590,stronger
395,4406,incomparable
396,1102,stronger
396,1680,incomparable
396,2257,incomparable
396,2346,stronger
396,3269,weaker
396,3328,weaker
396,3530,weaker
396,4162,weaker
396,4208,equivalent
396,4355,weaker
396,4365,weaker
397,133,stronger
397,165,incomparable
397,523,stronger
397,826,incomparable
397,859,incomparable
397,1351,stronger
397,1404,stronger
397,2324,stronger
397,2541,incomparable
397,2808,incomparable
397,3017,stronger
397,3238,stronger
397,4623,weaker
398,553,stronger
398,1961,stronger
398,2180,incomparable
398,2435,incomparable
398,2485,incomparable
398,2631,stronger
398,3076,incomparable
398,3310,weaker
398,3893,weaker
398,3897,weaker
398,4619,weaker
399,327,incomparable
399,671,stronger
399,2016,stronger
399,3666,incomparable
399,3789,stronger
399,4211,stronger
399,4507,incomparable
399,4694,incomparable
400,658,incomparable
400,1418,stronger
400,1635,incomparable
400,1965,stronger
400,2018,stronger
400,2189,stronger
400,3078,incomparable
400,3190,stronger
400,3315,weaker
400,3549,weaker
400,3640,equivalent
400,3951,weaker
400,4061,equivalent
401,223,stronger
401,603,incomparable
401,700,stronger
401,721,stronger
401,987,stronger
401,1342,stronger
401,1800,stronger
401,2196,incomparable
401,2735,stronger
401,3046,stronger
401,3059,incomparable
401,3128,incomparable
401,3276,weaker
401,3631,equivalent
401,4216,weaker
401,4487,weaker
402,120,incomparable
402,599,stronger
402,611,stronger
402,755,stronger
402,2000,incomparable
402,2339,stronger
402,2391,stronger
402,2530,incomparable
402,3661,weaker
403,50,incomparable
403,1534,stronger
403,1974,stronger
403,3184,stronger
403,4026,incomparable
403,4623,incomparable
404,57,incomparable
404,1733,stronger
404,2192,stronger
404,2266,incomparable
404,2441,incomparable
404,3463,weaker
404,3486,weaker
404,3688,weaker
404,4349,weaker
404,4620,weaker
405,151,incomparable
405,1642,incomparable
405,2708,stronger
405,2966,stronger
405,3276,weaker
405,3289,weaker
405,4423,weaker
405,4568,weaker
405,4637,weaker
406,310,weaker
406,913,stronger
406,1034,incomparable
406,1086,incomparable
406,1640,incomparable
406,1907,stronger
406,3270,weaker
406,3873,weaker
406,3972,weaker
406,4459,weaker
407,752,stronger
407,1808,stronger
407,2290,incomparable
407,2460,incomparable
407,2798,stronger
407,2820,stronger
407,2877,incomparable
407,2935,stronger
407,3150,incomparable
407,3586,stronger
408,147,stronger
408,782,incomparable
408,1606,stronger
408,2583,stronger
408,2818,stronger
408,3097,incomparable
408,3684,weaker
408,3723,weaker
408,4114,weaker
409,1430,incomparable
409,1976,stronger
409,2813,stronger
409,2817,stronger
409,2997,stronger
409,3636,equivalent
409,4339,weaker
409,4369,weaker
410,345,equivalent
410,374,weaker
410,862,incomparable
410,1064,incomparable
410,1171,incomparable
410,1596,stronger
410,1681,incomparable
410,2681,incomparable
410,3416,equivalent
410,3832,weaker
410,3895,weaker
410,4178,equivalent
411,78,incomparable
411,1872,incomparable
411,2077,incomparable
411,2509,stronger
411,2865,incomparable
411,2930,stronger
411,3269,incomparable
411,3600,incomparable
411,4499,incomparable
412,37,stronger
412,932,stronger
412,1227,incomparable
412,1300,stronger
412,1682,incomparable
412,2731,stronger
412,2795,incomparable
412,2860,incomparable
412,3609,incomparable
412,4305,incomparable
412,4425,incomparable
413,522,incomparable
413,2318,incomparable
413,2456,incomparable
413,3397,incomparable
413,4033,incomparable
413,4104,incomparable
413,4613,incomparable
414,587,stronger
414,942,stronger
414,1112,incomparable
414,1154,incomparable
414,3705,incomparable
414,4380,incomparable
415,241,stronger
415,331,incomparable
415,784,stronger
415,998,stronger
415,1463,incomparable
415,3298,incomparable
415,3894,incomparable
415,4552,incomparable
416,769,incomparable
416,2450,incomparable
416,2621,stronger
416,2672,incomparable
416,3938,incomparable
416,4254,incomparable
416,4341,incomparable
416,4484,incomparable
417,426,incomparable
417,581,stronger
417,673,stronger
417,2836,incomparable
417,3521,incomparable
417,3925,incomparable
417,4228,incomparable
418,423,stronger
418,648,stronger
418,1146,incomparable
418,2543,incomparable
418,2628,incomparable
418,2770,incomparable
418,3703,incomparable
418,3999,incomparable
418,4031,incomparable
419,282,stronger
419,428,stronger
419,497,stronger
419,903,stronger
419,1192,stronger
419,2862,incomparable
419,3313,incomparable
419,3607,incomparable
419,3689,incomparable
419,3736,incomparable
419,3798,incomparable
419,3904,incomparable
419,4139,incomparable
420,316,incomparable
420,692,incomparable
420,1061,incomparable
420,1095,stronger
420,1108,stronger
420,2279,incomparable
420,2935,stronger
420,3444,incomparable
420,3935,incomparable
420,4473,incomparable
420,4615,incomparable
421,202,stronger
421,1099,stronger
421,1179,stronger
421,1258,incomparable
421,1480,incomparable
421,1943,incomparable
421,3198,stronger
421,3841,incomparable
421,3951,incomparable
421,3985,incomparable
421,3996,incomparable
421,4409,incomparable
422,643,incomparable
422,768,stronger
422,1214,stronger
422,1288,incomparable
422,2936,incomparable
422,3018,stronger
422,3353,incomparable
422,3600,incomparable
422,4251,incomparable
423,1220,stronger
423,1378,incomparable
423,2221,stronger
423,2529,stronger
423,3750,incomparable
423,4109,incomparable
423,4199,incomparable
423,4299,incomparable
424,453,stronger
424,1222,stronger
424,1607,stronger
424,2018,stronger
424,3048,stronger
424,3049,stronger
424,3050,weaker
424,3116,incomparable
424,3743,incomparable
424,3790,incomparable
424,4019,incomparable
425,70,stronger
425,87,stronger
425,150,stronger
425,357,incomparable
425,1330,stronger
425,1333,stronger
425,1463,incomparable
425,1927,incomparable
425,2192,stronger
425,2608,stronger
425,2709,incomparable
425,2827,stronger
425,4186,incomparable
426,1446,incomparable
426,1529,stronger
426,2245,incomparable
426,3032,stronger
426,3068,incomparable
426,3243,stronger
426,3417,incomparable
426,3808,incomparable
426,4002,incomparable
426,4136,incomparable
426,4637,incomparable
427,356,incomparable
427,1419,stronger
427,1477,incomparable
427,1586,incomparable
427,1936,stronger
427,2382,stronger
427,2651,incomparable
427,2971,stronger
427,4229,incomparable
428,64,stronger
428,889,incomparable
428,1363,stronger
428,1383,incomparable
428,1757,stronger
428,2569,stronger
428,3500,incomparable
428,3623,incomparable
429,10,stronger
429,204,incomparable
429,264,incomparable
429,442,stronger
429,714,incomparable
429,1316,incomparable
429,1339,stronger
429,1651,incomparable
429,1789,stronger
429,1886,stronger
429,1969,stronger
429,2414,stronger
429,3181,stronger
429,3596,incomparable
429,4033,incomparable
429,4136,incomparable
429,4261,incomparable
430,23,incomparable
430,424,incomparable
430,761,incomparable
430,958,stronger
430,1297,stronger
430,1508,stronger
430,2155,stronger
430,2544,stronger
430,3112,incomparable
430,3233,stronger
430,3613,incomparable
430,4043,incomparable
430,4316,incomparable
431,719,incomparable
431,1494,incomparable
431,2247,weaker
431,2574,stronger
431,3424,incomparable
431,3803,incomparable
431,4395,weaker
431,4455,incomparable
432,520,stronger
432,1745,stronger
432,1918,stronger
432,2019,stronger
432,3669,incomparable
432,3708,incomparable
432,4479,incomparable
433,334,incomparable
433,375,incomparable
433,443,incomparable
433,562,incomparable
433,980,stronger
433,1191,stronger
433,1413,stronger
433,1940,stronger
433,3324,incomparable
433,3914,incomparable
433,3916,incomparable
433,4348,incomparable
434,181,stronger
434,1322,incomparable
434,1970,incomparable
434,2273,incomparable
434,2529,stronger
434,3814,incomparable
434,4259,incomparable
434,4410,incomparable
434,4647,incomparable
435,1677,weaker
435,1932,incomparable
435,2183,stronger
435,2508,stronger
435,2692,weaker
435,2996,stronger
435,3023,stronger
435,3346,incomparable
435,3766,incomparable
435,3996,incomparable
436,393,incomparable
436,405,incomparable
436,420,incomparable
436,938,incomparable
436,1082,incomparable
436,1429,incomparable
436,1605,stronger
436,2276,incomparable
436,3507,incomparable
436,3509,incomparable
436,3572,incomparable
436,4229,incomparable
436,4385,incomparable
437,121,stronger
437,577,stronger
437,1094,stronger
437,2132,incomparable
437,2354,stronger
437,3070,incomparable
437,3221,stronger
437,3854,incomparable
437,4620,incomparable
438,446,weaker
438,519,stronger
438,754,stronger
438,1085,incomparable
438,1632,weaker
438,1890,incomparable
438,1994,stronger
438,2256,weaker
438,2302,stronger
438,2386,stronger
438,2474,weaker
438,3261,weaker
438,3969,incomparable
438,4480,incomparable
438,4519,weaker
439,82,incomparable
439,523,stronger
439,805,stronger
439,1952,stronger
439,2584,incomparable
439,2973,incomparable
439,3714,incomparable
439,4425,incomparable
440,173,stronger
440,381,incomparable
440,679,incomparable
440,721,stronger
440,779,stronger
440,1313,incomparable
440,1869,incomparable
440,2211,stronger
440,2336,stronger
440,2375,stronger
440,2518,stronger
440,3500,incomparable
440,3555,incomparable
440,3941,incomparable
441,990,stronger
441,1179,stronger
441,2250,weaker
441,2812,incomparable
441,2915,incomparable
441,3413,incomparable
441,3751,incomparable
441,3915,weaker
442,355,incomparable
442,371,incomparable
442,647,incomparable
442,652,stronger
442,741,stronger
442,806,incomparable
442,2203,incomparable
442,2231,stronger
442,3415,incomparable
443,204,incomparable
443,553,stronger
443,1169,stronger
443,1389,stronger
443,1766,stronger
443,3166,stronger
443,3795,incomparable
444,1008,stronger
444,1035,incomparable
444,1259,incomparable
444,1707,incomparable
444,2035,incomparable
444,2910,incomparable
444,3244,stronger
444,3495,incomparable
444,4371,incomparable
444,4620,incomparable
445,407,incomparable
445,411,weaker
445,920,stronger
445,1288,incomparable
445,2738,stronger
446,461,stronger
446,984,stronger
446,1037,incomparable
446,1100,stronger
446,2466,incomparable
446,2568,stronger
446,4544,incomparable
446,4563,incomparable
447,282,stronger
447,627,weaker
447,1642,weaker
447,1851,weaker
447,1876,weaker
447,3024,incomparable
447,4261,incomparable
448,800,stronger
448,1074,stronger
448,2118,stronger
448,2456,weaker
448,3197,incomparable
448,4542,incomparable
449,319,incomparable
449,2753,incomparable
449,3158,stronger
449,3361,incomparable
449,3736,weaker
449,3767,incomparable
449,4126,weaker
449,4255,incomparable
449,4547,incomparable
450,838,incomparable
450,1093,stronger
450,1665,incomparable
450,2358,stronger
450,2560,stronger
450,3152,incomparable
450,3257,incomparable
450,3491,incomparable
450,3946,incomparable
450,4122,incomparable
450,4630,incomparable
451,506,incomparable
451,548,stronger
451,1382,stronger
451,1973,stronger
451,2662,weaker
451,3421,incomparable
452,309,incomparable
452,630,incomparable
452,660,stronger
452,887,stronger
452,1107,stronger
452,1130,stronger
452,1239,incomparable
452,1315,incomparable
452,2690,incomparable
452,2885,incomparable
452,2962,stronger
452,4013,incomparable
452,4218,incomparable
452,4293,incomparable
452,4381,incomparable
453,214,weaker
453,884,stronger
453,1206,stronger
453,1234,weaker
453,1766,stronger
453,2331,incomparable
453,2785,stronger
453,3044,incomparable
453,3338,weaker
453,3518,weaker
453,3709,incomparable
453,4165,incomparable
453,4629,weaker
453,4634,weaker
454,652,stronger
454,1304,incomparable
454,2076,incomparable
454,2165,incomparable
454,3143,incomparable
454,3398,incomparable
454,3690,incomparable
454,4248,incomparable
454,4268,incomparable
454,4640,incomparable
454,4680,incomparable
455,297,stronger
455,402,incomparable
455,417,incomparable
455,559,stronger
455,561,stronger
455,1170,stronger
455,1578,stronger
455,1901,stronger
455,2372,incomparable
455,2387,stronger
455,3445,incomparable
455,3951,incomparable
455,4095,incomparable
455,4396,incomparable
455,4643,incomparable
456,15,stronger
456,493,stronger
456,605,stronger
456,1958,incomparable
456,2401,stronger
456,3658,incomparable
456,4226,incomparable
457,54,equivalent
457,531,stronger
457,573,stronger
457,1149,stronger
457,1553,stronger
457,2373,incomparable
457,2725,incomparable
457,2805,incomparable
457,2874,weaker
457,2923,incomparable
457,3376,incomparable
457,4449,incomparable
458,33,stronger
458,512,stronger
458,904,stronger
458,1113,incomparable
458,1321,stronger
458,1699,incomparable
458,2002,stronger
458,2409,stronger
458,3195,incomparable
458,3376,incomparable
458,3785,incomparable
458,4118,incomparable
459,134,incomparable
459,147,stronger
459,332,incomparable
459,595,stronger
459,619,weaker
459,1122,incomparable
459,2476,weaker
459,3200,stronger
460,118,incomparable
460,185,stronger
460,617,weaker
460,685,stronger
460,698,incomparable
460,734,stronger
460,915,stronger
460,1744,stronger
460,1872,weaker
460,2253,weaker
460,2855,weaker
460,3737,weaker
460,4298,incomparable
461,656,equivalent
461,660,equivalent
461,724,stronger
461,1351,stronger
461,1984,stronger
461,2045,weaker
461,2133,stronger
461,2478,weaker
461,2590,stronger
461,3980,incomparable
461,4066,weaker
461,4083,incomparable
462,815,stronger
462,1003,stronger
462,4236,incomparable
462,4249,incomparable
462,4403,weaker
462,4676,weaker
463,437,incomparable
463,779,stronger
463,927,stronger
463,930,incomparable
463,1231,incomparable
463,1238,incomparable
463,1475,incomparable
463,2071,incomparable
463,2175,stronger
463,2694,incomparable
463,3357,incomparable
463,3400,incomparable
463,3998,incomparable
463,4109,incomparable
463,4355,incomparable
464,96,stronger
464,779,stronger
464,1072,incomparable
464,1436,incomparable
464,1873,incomparable
464,2345,stronger
464,2847,incomparable
464,3408,incomparable
464,3457,incomparable
464,3770,incomparable
464,3830,incomparable
464,3875,incomparable
465,436,weaker
465,535,equivalent
465,978,weaker
465,1094,equivalent
465,1467,weaker
465,1509,equivalent
465,1653,weaker
465,3176,weaker
465,3216,equivalent
465,3969,weaker
465,4051,weaker
465,4678,weaker
466,273,incomparable
466,335,incomparable
466,1758,stronger
466,2310,incomparable
466,2544,stronger
466,2736,incomparable
466,3622,incomparable
466,4212,incomparable
467,2314,incomparable
467,3265,incomparable
467,3534,incomparable
467,3849,incomparable
467,3889,incomparable
467,4099,incomparable
467,4344,incomparable
468,134,weaker
468,464,weaker
468,988,equivalent
468,1041,weaker
468,1195,equivalent
468,1276,weaker
468,1608,weaker
468,2790,equivalent
468,3201,weaker
468,4316,weaker
468,4496,weaker
469,78,incomparable
469,800,stronger
469,1032,incomparable
469,1210,stronger
469,2049,incomparable
469,2559,stronger
469,3019,stronger
469,3256,incomparable
469,3825,incomparable
469,4043,incomparable
470,255,weaker
470,611,equivalent
470,886,equivalent
470,2131,equivalent
470,2384,equivalent
470,2445,weaker
470,2669,weaker
470,3087,weaker
470,3463,weaker
470,4655,weaker
471,456,weaker
471,874,equivalent
471,992,equivalent
471,1375,equivalent
471,2223,equivalent
471,2829,equivalent
471,3292,weaker
471,4347,weaker
472,736,equivalent
472,761,weaker
472,970,equivalent
472,2267,weaker
472,2289,weaker
472,2324,equivalent
472,2355,weaker
472,2595,equivalent
472,3124,equivalent
472,3307,weaker
472,4265,weaker
472,4298,weaker
472,4309,weaker
472,4494,weaker
473,333,incomparable
473,882,incomparable
473,1036,incomparable
473,2014,stronger
473,2538,incomparable
473,2887,incomparable
473,2910,incomparable
473,2971,stronger
473,3599,incomparable
473,3634,incomparable
473,3661,incomparable
473,3832,incomparable
474,660,incomparable
474,1479,incomparable
474,1496,incomparable
474,1794,stronger
474,1795,stronger
474,1990,stronger
474,2221,stronger
474,2631,stronger
474,3886,incomparable
474,4170,incomparable
475,2,equivalent
475,394,weaker
475,567,equivalent
475,843,weaker
475,901,weaker
475,1158,weaker
475,1959,equivalent
475,2846,equivalent
475,3342,weaker
475,4042,weaker
476,427,incomparable
476,1196,stronger
476,1671,incomparable
476,1731,incomparable
476,2923,stronger
476,3148,stronger
476,3277,incomparable
476,3737,incomparable
476,4000,incomparable
477,308,incomparable
477,2700,incomparable
477,2927,incomparable
477,2985,incomparable
477,3061,incomparable
477,3445,incomparable
477,3450,incomparable
477,3525,incomparable
477,4570,incomparable
478,515,equivalent
478,568,equivalent
478,832,weaker
478,1354,equivalent
478,1459,weaker
478,1691,weaker
478,1722,weaker
478,2201,equivalent
478,2871,weaker
478,2895,weaker
478,3032,equivalent
478,3178,equivalent
478,3637,weaker
479,417,incomparable
479,942,stronger
479,1079,stronger
479,1264,incomparable
479,1631,incomparable
479,1914,stronger
479,1959,stronger
479,2354,stronger
479,3102,incomparable
479,3538,incomparable
479,3902,incomparable
479,4268,incomparable
479,4614,incomparable
480,123,equivalent
480,455,weaker
480,983,equivalent
480,1332,weaker
480,1597,equivalent
480,1700,equivalent
480,2023,equivalent
480,2205,equivalent
480,2585,equivalent
480,3113,weaker
480,3206,equivalent
480,3324,weaker
480,3395,weaker
480,4195,weaker
480,4253,weaker
480,4488,weaker
480,4539,weaker
481,218,incomparable
481,303,stronger
481,332,incomparable
481,689,stronger
481,877,stronger
481,1662,incomparable
481,2398,incomparable
481,2836,incomparable
481,2858,incomparable
481,2935,stronger
481,3186,stronger
481,3794,incomparable
481,4080,incomparable
481,4139,incomparable
482,37,equivalent
482,95,equivalent
482,158,weaker
482,857,weaker
482,1101,weaker
482,1449,weaker
482,1483,weaker
482,1643,weaker
482,1701,weaker
482,2506,weaker
482,2534,weaker
482,2871,weaker
482,2917,weaker
482,2949,weaker
482,3155,weaker
482,3505,weaker
482,3702,weaker
482,3766,weaker
482,3768,weaker
482,3949,weaker
482,3989,weaker
482,4456,weaker
483,673,stronger
483,700,stronger
483,1037,incomparable
483,2869,incomparable
483,3261,incomparable
483,3510,incomparable
483,3909,weaker
483,4218,incomparable
483,4237,incomparable
483,4415,incomparable
483,4582,incomparable
484,71,equivalent
484,1004,weaker
484,1288,weaker
484,1361,weaker
484,3315,weaker
484,3475,weaker
484,3740,weaker
484,3882,weaker
484,4023,weaker
485,25,weaker
485,105,weaker
485,150,equivalent
485,404,weaker
485,438,weaker
485,487,weaker
485,736,equivalent
485,1607,equivalent
485,1886,equivalent
485,2489,weaker
485,2920,equivalent
485,3075,weaker
485,3472,weaker
485,3566,weaker
485,3769,weaker
485,4305,weaker
486,131,equivalent
486,151,weaker
486,1577,weaker
486,3256,weaker
486,3500,weaker
486,3529,weaker
486,3799,weaker
486,3821,weaker
486,4036,weaker
486,4610,weaker
487,64,stronger
487,217,incomparable
487,526,stronger
487,549,equivalent
487,2127,incomparable
487,3819,incomparable
487,4344,incomparable
488,345,weaker
488,752,weaker
488,783,equivalent
488,1154,weaker
488,1645,weaker
488,2774,weaker
488,3397,weaker
488,3682,weaker
488,4055,weaker
489,163,incomparable
489,532,incomparable
489,635,incomparable
489,819,incomparable
489,871,stronger
489,1416,stronger
489,1679,incomparable
489,2339,stronger
489,2923,incomparable
489,3717,incomparable
489,3836,incomparable
489,4541,incomparable
489,4578,incomparable
490,147,equivalent
490,214,weaker
490,454,weaker
490,1166,equivalent
490,1904,weaker
490,2684,weaker
490,3829,weaker
490,3841,weaker
491,672,incomparable
491,1101,incomparable
491,1431,incomparable
491,2115,incomparable
491,2351,incomparable
491,2391,stronger
491,3094,incomparable
491,3244,stronger
491,3374,incomparable
491,3699,incomparable
492,33,stronger
492,760,stronger
492,808,stronger
492,1132,stronger
492,2032,stronger
492,2550,incomparable
492,3266,incomparable
492,3500,incomparable
492,4040,incomparable
492,4438,incomparable
492,4596,incomparable
493,537,weaker
493,693,equivalent
493,1667,weaker
493,2117,equivalent
493,3340,weaker
493,4058,weaker
493,4357,weaker
494,194,weaker
494,246,weaker
494,1757,equivalent
494,4457,weaker
495,182,stronger
495,567,stronger
495,665,incomparable
495,700,stronger
495,1471,incomparable
495,1498,incomparable
495,1744,stronger
495,1894,incomparable
495,2775,stronger
495,2817,stronger
495,3289,incomparable
495,3432,incomparable
495,3551,incomparable
495,4560,incomparable
495,4567,incomparable
496,30,equivalent
496,218,weaker
496,419,weaker
496,681,equivalent
496,827,weaker
496,3013,equivalent
496,3630,weaker
496,4574,weaker
497,93,equivalent
497,403,weaker
497,1150,weaker
497,1798,equivalent
497,1907,equivalent
497,2123,equivalent
497,2270,weaker
497,2287,weaker
497,2516,equivalent
497,3509,weaker
497,3727,weaker
498,966,equivalent
498,1683,equivalent
498,1840,weaker
498,1982,equivalent
498,2243,weaker
498,2436,equivalent
498,2727,equivalent
498,2778,weaker
498,3557,weaker
498,3585,weaker
499,421,weaker
499,1700,equivalent
499,2077,weaker
499,2469,weaker
499,2609,weaker
499,3115,weaker
499,3163,weaker
500,92,stronger
500,132,stronger
500,324,incomparable
500,902,stronger
500,1186,stronger
500,1212,stronger
500,2168,stronger
500,2561,stronger
500,3333,incomparable
500,4331,incomparable
501,838,incomparable
501,932,stronger
501,1121,stronger
501,1305,stronger
501,2743,incomparable
501,4443,incomparable
502,26,weaker
502,132,equivalent
502,462,weaker
502,594,equivalent
502,1475,weaker
502,1800,equivalent
502,1960,equivalent
502,2181,equivalent
502,4072,weaker
503,331,incomparable
503,354,incomparable
503,1817,stronger
503,3264,incomparable
503,3504,incomparable
503,3817,incomparable
503,4099,incomparable
503,4691,incomparable
504,573,stronger
504,602,stronger
504,752,incomparable
504,1242,incomparable
504,1564,incomparable
504,1593,stronger
504,2563,stronger
504,4392,incomparable
505,629,weaker
505,874,equivalent
505,1594,weaker
505,1760,equivalent
505,3138,equivalent
505,3212,equivalent
505,3238,equivalent
505,3371,weaker
505,3482,weaker
505,3491,weaker
506,543,incomparable
506,1585,stronger
506,1782,stronger
506,2398,incomparable
506,2609,incomparable
506,2637,stronger
506,3946,incomparable
506,4396,incomparable
507,771,equivalent
507,1172,equivalent
507,1440,weaker
507,2415,weaker
507,2487,weaker
507,2759,equivalent
507,2972,equivalent
507,3099,weaker
507,3180,weaker
507,4271,weaker
507,4468,weaker
507,4651,weaker
508,1627,stronger
508,1925,weaker
508,2275,incomparable
508,2440,stronger
508,2628,incomparable
508,2717,stronger
508,2892,incomparable
508,2910,incomparable
508,2957,stronger
508,3534,incomparable
508,3637,incomparable
508,3771,incomparable
509,202,equivalent
509,1861,weaker
509,2307,equivalent
509,3141,equivalent
509,3845,weaker
509,4551,weaker
510,46,incomparable
510,358,incomparable
510,725,incomparable
510,983,stronger
510,1269,incomparable
510,2120,stronger
510,2887,incomparable
510,2932,stronger
510,4389,incomparable
510,4399,incomparable
510,4665,incomparable
510,4690,incomparable
511,125,incomparable
511,889,incomparable
511,1333,stronger
511,1618,incomparable
511,1931,incomparable
511,2177,stronger
511,3029,incomparable
511,3276,incomparable
511,3621,incomparable
511,3763,incomparable
511,4395,incomparable
512,3137,equivalent
512,4277,weaker
512,4480,weaker
513,646,incomparable
513,1076,incomparable
513,1551,stronger
513,1965,stronger
513,3277,incomparable
513,3770,incomparable
513,4069,incomparable
513,4122,incomparable
513,4247,incomparable
513,4423,incomparable
514,1364,equivalent
514,1723,equivalent
514,1889,equivalent
514,1915,equivalent
514,1966,weaker
514,3287,weaker
514,4630,weaker
515,1167,weaker
515,1179,equivalent
515,1240,weaker
515,1952,equivalent
515,2033,equivalent
515,2411,equivalent
515,2850,weaker
515,3494,weaker
515,3904,weaker
515,4327,weaker
515,4659,weaker
516,143,stronger
516,196,stronger
516,1043,incomparable
516,1898,incomparable
516,1932,incomparable
516,2553,stronger
516,4107,incomparable
517,501,weaker
517,750,equivalent
517,1363,equivalent
517,2170,weaker
517,2379,equivalent
517,3939,weaker
518,990,equivalent
518,1382,equivalent
518,1554,equivalent
518,1555,equivalent
518,2073,weaker
518,2346,equivalent
518,3880,weaker
518,4565,weaker
519,500,weaker
519,509,equivalent
519,802,equivalent
519,2265,weaker
519,2634,equivalent
519,2652,weaker
519,2893,weaker
519,3490,weaker
519,4206,weaker
519,4228,weaker
519,4271,weaker
519,4693,weaker
520,635,incomparable
520,1220,stronger
520,1472,incomparable
520,2264,incomparable
520,2531,incomparable
520,2942,stronger
520,3209,stronger
520,3486,incomparable
520,3942,incomparable
520,4245,incomparable
521,144,equivalent
521,315,weaker
521,1077,equivalent
521,1357,weaker
521,1478,weaker
521,2023,equivalent
521,2830,equivalent
521,3214,weaker
521,3828,weaker
521,3969,weaker
521,4518,weaker
521,4594,weaker
521,4624,weaker
522,409,incomparable
522,908,stronger
522,944,stronger
522,1199,stronger
522,1342,stronger
522,2196,equivalent
522,2535,stronger
522,2675,incomparable
522,2995,stronger
522,3019,incomparable
522,3185,incomparable
522,3374,incomparable
522,3626,incomparable
522,3696,incomparable
522,3766,incomparable
522,4394,incomparable
523,71,equivalent
523,197,equivalent
523,531,equivalent
523,607,equivalent
523,635,weaker
523,1036,weaker
523,1072,weaker
523,2010,equivalent
523,4057,weaker
523,4225,weaker
523,4493,weaker
523,4669,weaker
524,377,incomparable
524,665,incomparable
524,1072,stronger
524,1094,stronger
524,1660,incomparable
524,2010,stronger
524,2371,stronger
524,2835,stronger
524,2951,stronger
524,3260,incomparable
524,3726,incomparable
524,3861,incomparable
524,4141,incomparable
524,4297,incomparable
525,2386,equivalent
525,3813,weaker
525,3839,weaker
525,4204,weaker
525,4315,weaker
525,4654,weaker
526,1581,weaker
526,1590,weaker
526,1953,weaker
526,2126,weaker
526,2444,weaker
526,2898,weaker
526,2967,equivalent
526,4450,weaker
526,4464,weaker
527,656,weaker
527,1031,weaker
527,1773,equivalent
527,1828,equivalent
527,2002,equivalent
527,2245,weaker
527,2314,weaker
527,2993,equivalent
527,3025,equivalent
527,3507,weaker
527,3588,weaker
527,4233,weaker
527,4383,weaker
528,270,incomparable
528,926,incomparable
528,987,stronger
528,1024,incomparable
528,1583,stronger
528,2566,stronger
528,3444,incomparable
528,3822,incomparable
528,4360,incomparable
528,4657,incomparable
529,717,equivalent
529,761,weaker
529,914,weaker
529,1692,weaker
529,2047,weaker
529,2379,equivalent
529,3427,weaker
529,3881,weaker
529,4219,weaker
529,4498,weaker
530,826,weaker
530,1649,weaker
530,2214,equivalent
530,2236,equivalent
530,2660,weaker
530,2872,weaker
530,3354,weaker
531,715,equivalent
531,746,weaker
531,1011,equivalent
531,1218,equivalent
531,1606,equivalent
531,1696,equivalent
531,1933,equivalent
531,2784,equivalent
531,3929,weaker
531,4085,weaker
531,4292,weaker
532,779,stronger
532,805,stronger
532,1601,stronger
532,1790,incomparable
532,2193,stronger
532,2270,incomparable
532,2427,stronger
532,2583,stronger
532,2696,incomparable
532,3450,incomparable
532,3453,incomparable
532,3844,incomparable
532,4294,incomparable
532,4427,incomparable
533,145,equivalent
533,366,weaker
533,597,equivalent
533,857,weaker
533,1557,equivalent
533,2142,equivalent
533,2625,equivalent
533,2921,equivalent
533,3035,equivalent
533,3665,weaker
533,3701,weaker
533,4565,weaker
534,175,equivalent
534,781,equivalent
534,1066,weaker
534,1070,weaker
534,2208,equivalent
534,2260,weaker
534,2591,equivalent
534,2862,weaker
534,4183,weaker
534,4193,weaker
535,36,equivalent
535,2508,equivalent
535,3938,weaker
535,4088,weaker
535,4224,weaker
535,4299,weaker
535,4503,weaker
536,316,weaker
536,771,equivalent
536,947,weaker
536,970,equivalent
536,1253,weaker
536,1676,weaker
536,3582,weaker
537,113,incomparable
537,169,stronger
537,461,incomparable
537,541,equivalent
537,680,incomparable
537,977,incomparable
537,1009,incomparable
537,1900,stronger
537,1980,stronger
537,2014,stronger
537,2217,stronger
537,2337,incomparable
537,2388,stronger
537,2458,incomparable
537,2503,incomparable
537,2624,stronger
537,2776,incomparable
537,3381,incomparable
537,3496,incomparable
537,4002,incomparable
537,4079,incomparable
537,4117,incomparable
537,4346,incomparable
537,4648,incomparable
538,11,weaker
538,750,equivalent
538,1299,weaker
538,1897,weaker
538,3673,weaker
538,4011,weaker
538,4087,weaker
538,4426,weaker
539,1,weaker
539,202,equivalent
539,719,weaker
539,1089,equivalent
539,1256,weaker
539,1988,equivalent
539,2777,equivalent
539,3065,weaker
539,3387,weaker
539,3549,weaker
539,3838,weaker
539,3852,weaker
539,4126,weaker
539,4171,weaker
539,4209,weaker
539,4226,weaker
539,4631,weaker
540,326,weaker
540,1020,weaker
540,2246,weaker
540,2533,weaker
540,3831,weaker
540,3840,weaker
540,3864,weaker
540,4155,weaker
541,364,weaker
541,488,stronger
541,574,stronger
541,966,stronger
541,3375,incomparable
542,496,equivalent
542,1093,equivalent
542,2040,weaker
542,3293,weaker
542,4064,weaker
543,882,incomparable
543,2246,incomparable
543,2454,incomparable
543,3820,incomparable
543,3936,incomparable
543,4397,incomparable
544,498,equivalent
544,1177,equivalent
544,1221,equivalent
544,1749,equivalent
544,1810,equivalent
544,1908,weaker
544,2184,equivalent
544,2262,weaker
544,2347,weaker
544,2477,weaker
544,2924,equivalent
544,3530,weaker
544,3974,weaker
544,4426,weaker
544,4634,weaker
545,148,stronger
545,897,incomparable
545,1136,stronger
545,1289,incomparable
545,1735,stronger
545,3860,incomparable
545,3973,incomparable
545,4177,incomparable
545,4305,incomparable
546,361,incomparable
546,785,stronger
546,909,incomparable
546,948,stronger
546,1593,stronger
546,1636,incomparable
546,2033,stronger
546,2280,incomparable
546,2399,incomparable
546,3648,incomparable
546,3815,incomparable
546,3988,incomparable
546,4305,incomparable
546,4462,incomparable
546,4587,incomparable
546,4637,incomparable
547,646,weaker
547,1002,equivalent
547,2104,equivalent
547,2533,weaker
547,2728,weaker
547,3703,weaker
547,3921,weaker
547,4017,weaker
547,4097,weaker
547,4570,weaker
548,205,weaker
548,388,weaker
548,425,weaker
548,509,equivalent
548,753,equivalent
548,1766,equivalent
548,2263,weaker
548,2782,weaker
548,3044,weaker
548,3094,weaker
549,25,incomparable
549,1086,incomparable
549,1441,incomparable
549,1911,stronger
549,2354,stronger
549,2811,stronger
549,3164,stronger
549,3960,incomparable
549,4580,incomparable
550,73,weaker
550,104,weaker
550,291,equivalent
550,334,weaker
550,668,equivalent
550,788,equivalent
550,870,weaker
550,959,equivalent
550,1165,weaker
550,1338,equivalent
550,1979,weaker
550,2064,weaker
550,2718,equivalent
550,2841,weaker
550,4047,weaker
550,4088,weaker
550,4588,weaker
551,151,weaker
551,224,weaker
551,809,equivalent
551,968,weaker
551,1134,equivalent
551,1222,equivalent
551,1715,equivalent
551,2159,equivalent
551,3165,equivalent
551,3349,weaker
551,3378,weaker
551,3585,weaker
551,4183,weaker
551,4342,weaker
551,4620,weaker
552,258,weaker
552,1671,weaker
552,2799,weaker
552,2837,equivalent
552,4052,weaker
552,4061,weaker
552,4319,weaker
553,2,equivalent
553,1391,weaker
553,1651,weaker
553,3054,weaker
553,3520,weaker
553,4229,weaker
553,4581,weaker
554,708,stronger
554,881,stronger
554,889,incomparable
554,1128,stronger
554,2011,stronger
554,2411,stronger
554,2700,incomparable
554,2851,incomparable
554,3017,stronger
554,3886,incomparable
554,3963,incomparable
554,3987,incomparable
554,4128,weaker
554,4458,incomparable
554,4558,incomparable
555,142,weaker
555,769,weaker
555,818,weaker
555,885,weaker
555,1146,weaker
555,1615,equivalent
555,2137,weaker
555,2485,weaker
555,2855,weaker
555,3472,weaker
555,3893,weaker
555,4687,weaker
556,419,incomparable
556,1142,stronger
556,1306,stronger
556,3194,stronger
556,3274,incomparable
556,3671,incomparable
556,3833,incomparable
556,4339,incomparable
557,249,equivalent
557,558,weaker
557,772,equivalent
557,774,weaker
557,894,equivalent
557,959,equivalent
557,964,weaker
557,1781,equivalent
557,1929,weaker
557,2772,equivalent
557,3593,weaker
557,3839,weaker
558,520,equivalent
558,632,incomparable
558,1330,stronger
558,2415,incomparable
558,3250,stronger
558,3833,incomparable
559,433,weaker
559,743,equivalent
559,1441,weaker
559,2137,weaker
559,2310,weaker
559,2820,equivalent
559,3330,weaker
559,3514,weaker
559,3834,weaker
559,4694,weaker
560,700,equivalent
560,1172,equivalent
560,1383,weaker
560,1417,equivalent
560,1600,equivalent
560,2658,weaker
560,3594,weaker
561,791,weaker
561,972,weaker
561,1561,weaker
561,1775,equivalent
561,2280,weaker
561,2343,weaker
561,2957,equivalent
561,2991,equivalent
561,3537,weaker
561,3574,weaker
561,3941,weaker
561,4625,weaker
562,272,stronger
562,420,incomparable
562,1449,incomparable
562,1857,incomparable
562,2220,stronger
562,3404,incomparable
562,3412,incomparable
562,3863,incomparable
562,4114,incomparable
562,4211,incomparable
562,4257,incomparable
562,4331,incomparable
563,931,equivalent
563,936,equivalent
563,1341,equivalent
563,1512,equivalent
563,1678,weaker
563,2081,weaker
563,2222,weaker
563,2580,equivalent
563,3031,equivalent
563,4480,weaker
563,4621,weaker
563,4650,weaker
564,189,equivalent
564,445,weaker
564,1374,weaker
564,1787,equivalent
564,2394,equivalent
564,2672,weaker
564,2736,weaker
564,3378,weaker
564,3407,weaker
564,3579,weaker
564,3972,weaker
564,4096,weaker
565,123,equivalent
565,935,equivalent
565,1150,weaker
565,1368,weaker
565,1876,weaker
565,2323,equivalent
565,2712,weaker
565,3160,equivalent
565,4030,weaker
565,4108,weaker
565,4372,weaker
565,4406,weaker
565,4557,weaker
566,493,stronger
566,874,stronger
566,941,stronger
566,1054,incomparable
566,1148,stronger
566,1314,stronger
566,1330,stronger
566,2446,incomparable
566,3125,stronger
566,3733,incomparable
566,3752,incomparable
566,4032,incomparable
567,119,equivalent
567,141,equivalent
567,1034,weaker
567,1572,equivalent
567,1853,weaker
567,2132,weaker
567,2565,equivalent
567,2915,weaker
567,3176,weaker
567,3502,weaker
567,3661,weaker
568,569,equivalent
568,874,equivalent
568,1027,weaker
568,1345,equivalent
568,2031,equivalent
568,2377,equivalent
568,2752,equivalent
568,2889,weaker
568,3126,weaker
568,3758,weaker
568,4311,weaker
568,4507,weaker
568,4573,weaker
568,4661,weaker
569,258,weaker
569,308,weaker
569,418,weaker
569,482,equivalent
569,543,weaker
569,561,equivalent
569,2959,equivalent
569,3046,equivalent
569,3342,weaker
570,280,weaker
570,700,equivalent
570,1440,weaker
570,2166,equivalent
570,2627,equivalent
570,3070,weaker
570,3104,equivalent
570,3657,weaker
570,4357,weaker
571,964,incomparable
571,1607,stronger
571,1795,stronger
571,2025,stronger
571,2393,stronger
571,2458,incomparable
571,2743,incomparable
571,3322,incomparable
571,3569,incomparable
572,824,incomparable
572,889,incomparable
572,1526,incomparable
572,1674,incomparable
572,2348,stronger
572,2457,weaker
572,2468,incomparable
572,2632,stronger
572,3059,incomparable
572,3865,incomparable
572,4387,incomparable
572,4617,incomparable
572,4635,weaker
573,357,weaker
573,720,equivalent
573,1455,weaker
573,1505,equivalent
573,1559,equivalent
573,1699,weaker
573,2478,weaker
573,2560,equivalent
573,2891,weaker
573,3127,equivalent
573,4524,weaker
573,4651,weaker
574,411,weaker
574,676,weaker
574,797,equivalent
574,1550,equivalent
574,2179,equivalent
574,2887,weaker
574,2982,weaker
574,3080,weaker
574,3081,weaker
574,3207,equivalent
574,3793,weaker
574,4048,weaker
574,4070,weaker
575,155,incomparable
575,329,incomparable
575,579,stronger
575,1687,incomparable
575,1736,stronger
575,2591,stronger
575,2920,stronger
576,131,equivalent
576,632,weaker
576,2193,equivalent
576,2277,weaker
576,2656,weaker
576,2740,equivalent
576,3874,weaker
576,4688,weaker
577,37,equivalent
577,525,equivalent
577,880,weaker
577,1311,equivalent
577,1664,weaker
577,2205,equivalent
577,2949,weaker
577,3219,equivalent
577,4005,weaker
578,7,equivalent
578,164,weaker
578,617,weaker
578,1555,equivalent
578,1717,equivalent
578,2441,weaker
578,2509,weaker
578,2545,equivalent
578,3108,weaker
578,3145,weaker
578,3488,weaker
579,200,stronger
579,443,incomparable
579,582,stronger
579,2327,incomparable
579,3128,incomparable
579,3403,incomparable
579,3944,incomparable
580,1871,weaker
580,2204,equivalent
580,2205,equivalent
580,2224,equivalent
580,4419,weaker
581,382,weaker
581,429,weaker
581,534,equivalent
581,611,equivalent
581,715,equivalent
581,754,equivalent
581,790,equivalent
581,1680,weaker
581,2564,equivalent
581,2574,equivalent
581,2577,equivalent
581,2867,weaker
581,2872,weaker
581,4615,weaker
582,167,weaker
582,890,equivalent
582,1019,equivalent
582,1124,equivalent
582,3085,weaker
582,3562,weaker
582,4005,weaker
582,4376,weaker
583,574,stronger
583,594,stronger
583,964,incomparable
583,2239,incomparable
583,2358,stronger
583,2845,stronger
583,2979,incomparable
583,3502,incomparable
583,3590,incomparable
583,4558,incomparable
584,380,weaker
584,820,weaker
584,1623,weaker
584,1817,equivalent
584,2096,equivalent
584,3894,weaker
584,4458,weaker
585,407,weaker
585,970,equivalent
585,1558,weaker
585,2436,equivalent
585,3330,weaker
585,3756,weaker
585,4085,weaker
585,4654,weaker
586,1071,weaker
586,1122,weaker
586,1702,equivalent
586,2140,weaker
586,2141,equivalent
586,2328,weaker
586,2400,equivalent
586,2656,weaker
586,2742,equivalent
586,3330,weaker
586,3701,weaker
586,3772,weaker
586,3998,weaker
586,4591,weaker
587,223,equivalent
587,684,weaker
587,698,weaker
587,1078,weaker
587,1111,equivalent
587,1924,weaker
587,1970,weaker
587,2055,weaker
587,3170,equivalent
587,3690,weaker
587,3963,weaker
588,1057,incomparable
588,1379,stronger
588,1597,stronger
588,1732,stronger
588,2330,incomparable
588,2427,stronger
588,2781,stronger
588,2813,stronger
588,3025,stronger
588,3186,stronger
588,3872,incomparable
588,4307,weaker
588,4406,incomparable
589,174,equivalent
589,420,weaker
589,860,weaker
589,1156,equivalent
589,1802,equivalent
589,2501,equivalent
589,2983,equivalent
589,2995,equivalent
589,3050,weaker
589,3283,weaker
589,4441,weaker
590,159,weaker
590,741,equivalent
590,790,equivalent
590,809,equivalent
590,1053,weaker
590,1736,equivalent
590,2000,weaker
590,2869,weaker
590,3006,equivalent
590,3123,equivalent
590,3816,weaker
591,295,equivalent
591,413,weaker
591,464,weaker
591,1026,weaker
591,2351,weaker
591,2417,equivalent
591,2523,equivalent
591,2636,equivalent
591,2674,weaker
591,3231,equivalent
591,3378,weaker
591,3495,weaker
591,3561,weaker
591,3741,weaker
591,4506,weaker
592,224,weaker
592,281,weaker
592,332,weaker
592,563,equivalent
592,934,weaker
592,1036,weaker
592,2713,equivalent
592,3738,weaker
592,3961,weaker
592,4578,weaker
593,200,stronger
593,286,stronger
593,929,stronger
593,2089,incomparable
593,2735,stronger
593,3072,incomparable
593,4298,incomparable
594,247,equivalent
594,291,equivalent
594,377,weaker
594,734,equivalent
594,767,equivalent
594,1287,equivalent
594,1482,weaker
594,1581,weaker
594,2751,equivalent
594,3916,weaker
594,3965,weaker
594,4547,weaker
594,4563,weaker
594,4609,weaker
595,1024,weaker
595,1677,weaker
595,2078,weaker
595,2267,weaker
595,2292,equivalent
595,3689,weaker
595,4317,weaker
595,4469,weaker
595,4596,weaker
596,57,weaker
596,348,weaker
596,517,equivalent
596,614,weaker
596,1084,equivalent
596,1548,equivalent
596,1838,weaker
596,2215,equivalent
596,2236,equivalent
596,2360,equivalent
596,2643,equivalent
596,3318,weaker
596,4169,weaker
597,165,weaker
597,186,weaker
597,304,equivalent
597,353,weaker
597,685,equivalent
597,1876,weaker
597,2199,weaker
597,2251,weaker
597,3854,weaker
597,4198,weaker
598,303,stronger
598,1755,stronger
598,2263,incomparable
598,2482,incomparable
598,2541,incomparable
598,2564,stronger
598,2684,incomparable
598,2735,stronger
598,3102,incomparable
598,3216,stronger
598,3428,incomparable
598,3967,incomparable
598,3992,incomparable
599,466,weaker
599,623,weaker
599,1103,equivalent
599,1228,weaker
599,1762,equivalent
599,1996,weaker
599,2121,equivalent
599,2480,weaker
599,2764,equivalent
599,4449,weaker
599,4497,weaker
600,424,weaker
600,746,weaker
600,1373,equivalent
600,1748,equivalent
600,2347,weaker
600,2677,weaker
600,3135,equivalent
600,3792,weaker
600,4503,weaker
601,410,weaker
601,905,equivalent
601,1123,equivalent
601,1170,equivalent
601,2209,equivalent
601,2647,weaker
601,2997,equivalent
601,3117,equivalent
601,3264,weaker
601,3293,weaker
601,3496,weaker
601,3745,weaker
601,3942,weaker
601,4158,weaker
601,4413,weaker
602,406,weaker
602,524,weaker
602,959,equivalent
602,1259,weaker
602,4550,weaker
603,1130,stronger
603,2039,incomparable
603,2211,stronger
603,3111,stronger
603,3229,stronger
603,3829,incomparable
603,4613,incomparable
604,1477,weaker
604,1562,equivalent
604,1586,weaker
604,2687,weaker
604,3240,equivalent
604,3518,weaker
604,3560,weaker
604,3899,weaker
604,4643,weaker
604,4678,weaker
605,810,equivalent
605,1133,weaker
605,1393,equivalent
605,1634,weaker
605,2067,weaker
605,2863,weaker
605,3030,equivalent
605,3760,weaker
605,3876,weaker
605,4430,weaker
605,4615,weaker
606,23,weaker
606,104,weaker
606,247,equivalent
606,369,weaker
606,444,weaker
606,818,weaker
606,964,weaker
606,2175,equivalent
606,2829,equivalent
606,3561,weaker
606,3660,weaker
606,3935,weaker
606,3957,weaker
606,4168,weaker
607,91,equivalent
607,121,equivalent
607,695,weaker
607,703,weaker
607,931,equivalent
607,997,equivalent
607,1334,weaker
607,1769,equivalent
607,2284,weaker
607,2949,weaker
607,3093,weaker
607,4149,weaker
607,4289,weaker
608,72,incomparable
608,615,incomparable
608,914,incomparable
608,1428,incomparable
608,1701,incomparable
608,1978,stronger
608,2263,incomparable
608,2345,stronger
608,2618,incomparable
608,2951,stronger
608,2988,stronger
608,3068,incomparable
608,3222,stronger
608,3838,incomparable
608,4000,incomparable
608,4190,incomparable
608,4201,incomparable
608,4226,weaker
608,4627,incomparable
609,433,weaker
609,730,equivalent
609,826,weaker
609,889,weaker
609,1075,weaker
609,2432,equivalent
609,2471,weaker
609,2982,weaker
609,3277,weaker
609,3643,weaker
609,3977,weaker
609,4049,weaker
609,4245,weaker
609,4465,weaker
610,73,weaker
610,105,weaker
610,1040,weaker
610,1328,weaker
610,1972,equivalent
610,2533,weaker
610,2579,weaker
610,2696,weaker
610,3767,weaker
610,4137,weaker
610,4489,weaker
611,142,weaker
611,164,weaker
611,1013,equivalent
611,1323,weaker
611,1362,equivalent
611,1924,weaker
611,2175,equivalent
611,2465,weaker
611,3890,weaker
612,579,weaker
612,2035,weaker
612,2107,weaker
612,2152,weaker
612,3397,weaker
612,4156,weaker
612,4223,weaker
612,4661,weaker
612,4694,weaker
613,380,weaker
613,705,equivalent
613,1020,weaker
613,1114,equivalent
613,1325,weaker
613,2690,weaker
613,3124,equivalent
613,3133,equivalent
613,3394,weaker
613,4185,weaker
613,4515,weaker
613,4567,weaker
614,6,stronger
614,680,stronger
614,1346,stronger
614,1771,stronger
614,2033,stronger
614,2305,stronger
614,3388,incomparable
614,3612,incomparable
614,4094,incomparable
615,10,incomparable
615,29,incomparable
615,1011,stronger
615,1828,stronger
615,1978,stronger
615,2012,stronger
615,3248,stronger
615,3682,incomparable
615,3907,incomparable
615,4118,incomparable
615,4180,incomparable
616,180,stronger
616,318,incomparable
616,1488,incomparable
616,2011,stronger
616,2067,incomparable
616,2068,incomparable
616,2884,incomparable
616,3267,incomparable
616,4274,incomparable
617,4,stronger
617,524,incomparable
617,617,equivalent
617,1318,incomparable
617,1408,stronger
617,1997,stronger
617,4617,incomparable
617,4660,incomparable
617,4690,incomparable
618,1023,incomparable
618,1238,incomparable
618,1587,incomparable
618,2151,stronger
618,2420,incomparable
618,2448,incomparable
618,3254,weaker
618,3261,incomparable
618,3498,incomparable
618,3644,incomparable
618,3717,incomparable
618,4434,incomparable
618,4513,incomparable
618,4642,incomparable
619,706,incomparable
619,827,incomparable
619,1670,incomparable
619,1742,incomparable
619,2927,stronger
619,2955,stronger
619,2968,stronger
619,2998,incomparable
619,3116,incomparable
619,4471,incomparable
620,1024,stronger
620,2339,stronger
620,2440,stronger
620,2832,stronger
620,3182,incomparable
621,129,stronger
621,157,incomparable
621,1025,incomparable
621,1593,stronger
621,2171,stronger
621,3206,stronger
621,3494,incomparable
621,3682,incomparable
621,3705,incomparable
621,3742,incomparable
621,4387,incomparable
621,4559,incomparable
622,257,incomparable
622,2052,incomparable
622,2210,stronger
622,2236,stronger
622,2325,stronger
622,2558,incomparable
622,2931,stronger
622,2933,stronger
622,3439,incomparable
622,3692,incomparable
622,3779,incomparable
622,3880,incomparable
622,4207,incomparable
622,4485,incomparable
622,4694,incomparable
623,489,incomparable
623,517,stronger
623,605,stronger
623,2003,stronger
623,2115,incomparable
623,2584,incomparable
623,2651,incomparable
623,2858,incomparable
623,3179,stronger
623,3860,incomparable
623,4166,incomparable
624,110,incomparable
624,304,stronger
624,501,incomparable
624,1056,incomparable
624,1233,stronger
624,1247,incomparable
624,1419,stronger
624,2631,stronger
624,3026,stronger
624,3058,incomparable
624,3270,incomparable
625,154,incomparable
625,540,stronger
625,2297,stronger
625,2828,stronger
625,3085,incomparable
625,3168,stronger
625,3350,incomparable
626,2435,incomparable
626,2941,stronger
626,2965,stronger
626,3408,incomparable
626,3550,incomparable
626,4393,incomparable
627,559,stronger
627,612,stronger
627,879,incomparable
627,971,stronger
627,1602,stronger
627,1674,incomparable
627,1876,incomparable
627,2104,stronger
627,2825,stronger
627,3265,incomparable
627,3593,incomparable
627,3621,incomparable
627,4370,incomparable
628,258,incomparable
628,261,incomparable
628,309,incomparable
628,487,incomparable
628,594,stronger
628,601,stronger
628,1705,incomparable
628,2275,incomparable
628,2324,stronger
628,2631,stronger
628,2774,incomparable
628,3036,stronger
628,3644,incomparable
628,4549,incomparable
629,789,stronger
629,2426,stronger
629,2627,stronger
629,2993,stronger
629,3311,incomparable
630,100,incomparable
630,438,stronger
630,826,incomparable
630,931,stronger
630,958,stronger
630,976,stronger
630,1269,stronger
630,1652,incomparable
630,2271,incomparable
630,3310,incomparable
630,4042,incomparable
630,4327,incomparable
630,4623,incomparable
631,291,stronger
631,1005,stronger
631,1191,stronger
631,1752,stronger
631,2525,incomparable
631,2810,stronger
631,3345,incomparable
631,3604,incomparable
631,3741,weaker
631,4222,incomparable
631,4406,incomparable
631,4459,incomparable
631,4526,incomparable
632,128,stronger
632,169,incomparable
632,428,incomparable
632,1349,incomparable
632,2169,incomparable
632,2562,stronger
632,3369,incomparable
632,3619,incomparable
632,3778,incomparable
632,3837,incomparable
632,4419,incomparable
633,141,stronger
633,515,stronger
633,577,stronger
633,651,stronger
633,845,incomparable
633,1160,stronger
633,1224,incomparable
633,1606,stronger
633,1639,incomparable
633,3646,incomparable
633,3963,incomparable
633,4323,incomparable
633,4540,incomparable
634,640,weaker
634,714,incomparable
634,1453,weaker
634,1710,incomparable
634,1987,incomparable
634,4078,weaker
634,4304,incomparable
634,4323,incomparable
634,4593,incomparable
635,356,incomparable
635,624,incomparable
635,675,stronger
635,802,stronger
635,1155,incomparable
635,1230,incomparable
635,2875,incomparable
635,3233,stronger
635,3451,incomparable
635,4219,incomparable
636,372,incomparable
636,1275,incomparable
636,1408,stronger
636,4293,incomparable
636,4366,incomparable
636,4381,weaker
637,94,incomparable
637,175,stronger
637,702,stronger
637,1056,weaker
637,1727,stronger
637,1863,weaker
637,1864,weaker
637,1965,stronger
637,2528,stronger
637,2764,stronger
637,3017,stronger
637,4509,weaker
638,945,stronger
638,1006,stronger
638,1385,stronger
638,2030,stronger
638,2295,stronger
638,2369,stronger
638,2536,incomparable
638,2558,incomparable
638,2586,incomparable
638,3959,incomparable
638,4206,incomparable
639,84,stronger
639,258,incomparable
639,766,stronger
639,1198,stronger
639,1217,incomparable
639,1600,stronger
639,1633,incomparable
639,2142,stronger
639,2510,stronger
639,2682,incomparable
639,2730,stronger
639,2823,stronger
639,3009,stronger
639,4427,incomparable
640,463,incomparable
640,608,incomparable
640,1316,incomparable
640,1368,incomparable
640,1733,stronger
640,2338,incomparable
640,2344,stronger
640,2497,incomparable
640,2774,incomparable
640,2825,stronger
640,2982,incomparable
640,3819,incomparable
641,362,weaker
641,689,stronger
641,775,incomparable
641,1059,weaker
641,1139,stronger
641,1355,incomparable
641,1386,stronger
641,2138,stronger
641,2692,weaker
641,2950,stronger
641,3276,incomparable
641,3591,incomparable
641,3679,incomparable
641,3928,weaker
641,4152,weaker
641,4292,incomparable
641,4686,incomparable
642,182,incomparable
642,1486,incomparable
642,2022,stronger
642,3476,incomparable
642,4515,incomparable
643,52,incomparable
643,594,stronger
643,1351,stronger
643,1727,stronger
643,4572,incomparable
644,534,stronger
644,735,incomparable
644,1009,incomparable
644,1030,weaker
644,1352,stronger
644,2438,stronger
644,2489,weaker
644,3255,weaker
644,3305,weaker
644,3591,incomparable
644,4431,incomparable
644,4441,weaker
644,4659,incomparable
645,334,incomparable
645,400,incomparable
645,1383,incomparable
645,1439,incomparable
645,1681,incomparable
645,2529,stronger
645,2538,incomparable
645,2563,stronger
645,2754,stronger
645,2992,incomparable
645,3573,incomparable
645,4088,incomparable
645,4424,incomparable
646,123,stronger
646,617,incomparable
646,669,incomparable
646,749,incomparable
646,798,stronger
646,906,incomparable
646,1544,stronger
646,1956,stronger
646,2197,stronger
646,2211,stronger
646,2218,stronger
646,2432,stronger
646,2500,stronger
646,2547,stronger
646,2663,incomparable
646,3278,incomparable
646,3811,incomparable
646,3932,incomparable
647,304,stronger
647,506,incomparable
647,726,stronger
647,952,incomparable
647,1130,stronger
647,1196,stronger
647,1698,stronger
647,2087,incomparable
647,2239,incomparable
647,2366,stronger
647,2398,incomparable
647,2575,incomparable
647,2726,stronger
647,2871,incomparable
647,3207,stronger
647,3354,incomparable
647,3489,incomparable
647,3574,incomparable
647,4266,incomparable
648,637,equivalent
648,766,stronger
648,1075,incomparable
648,1102,stronger
648,1471,weaker
648,1695,incomparable
648,1730,stronger
648,1771,stronger
648,2037,weaker
648,3564,incomparable
648,3803,incomparable
648,4192,incomparable
648,4345,incomparable
648,4553,incomparable
649,567,stronger
649,934,incomparable
649,2186,incomparable
649,2666,incomparable
649,2833,stronger
649,3605,incomparable
649,3741,incomparable
649,4337,incomparable
650,34,incomparable
650,517,stronger
650,1481,incomparable
650,2395,stronger
650,2584,incomparable
650,3543,weaker
650,4008,incomparable
650,4323,incomparable
651,187,stronger
651,396,incomparable
651,793,stronger
651,1228,weaker
651,1941,incomparable
651,3184,incomparable
651,3196,stronger
651,3689,incomparable
651,4332,incomparable
652,632,weaker
652,894,stronger
652,1105,stronger
652,1285,incomparable
652,1599,stronger
652,2126,incomparable
652,2253,weaker
652,2388,stronger
652,3392,incomparable
652,3624,incomparable
652,4077,weaker
652,4343,incomparable
653,28,incomparable
653,110,incomparable
653,508,incomparable
653,1100,incomparable
653,2686,incomparable
653,3353,incomparable
653,3837,incomparable
653,3934,incomparable
653,4316,incomparable
653,4497,incomparable
654,324,weaker
654,543,incomparable
654,695,incomparable
654,835,weaker
654,1238,weaker
654,1746,incomparable
654,1847,weaker
654,2015,stronger
654,2321,stronger
654,3936,weaker
655,479,incomparable
655,1041,incomparable
655,2433,stronger
655,2783,stronger
655,3238,stronger
655,3401,incomparable
655,3783,incomparable
655,4356,incomparable
656,293,stronger
656,629,weaker
656,956,stronger
656,1221,stronger
656,1480,incomparable
656,2221,stronger
656,2367,stronger
656,2502,stronger
656,2827,stronger
656,4307,incomparable
656,4365,incomparable
657,700,stronger
657,1012,stronger
657,2760,stronger
657,3027,stronger
657,3255,incomparable
657,3567,incomparable
657,4458,incomparable
657,4561,incomparable
658,666,incomparable
658,920,stronger
658,1080,stronger
658,1223,incomparable
658,1635,incomparable
658,2038,incomparable
658,2333,incomparable
658,2742,stronger
658,3575,incomparable
658,3778,incomparable
658,3974,incomparable
658,4060,incomparable
658,4689,incomparable
659,689,stronger
659,1685,incomparable
659,2220,stronger
659,2514,stronger
659,3172,stronger
659,3399,incomparable
660,1203,stronger
660,1544,stronger
660,1773,stronger
660,2004,incomparable
660,2619,stronger
660,2673,weaker
660,2703,stronger
660,2755,incomparable
660,2813,stronger
660,3677,incomparable
660,3734,weaker
660,3923,weaker
660,4233,incomparable
660,4409,incomparable
661,554,incomparable
661,1611,stronger
661,1655,incomparable
661,1669,incomparable
661,2663,incomparable
661,2795,incomparable
661,3774,incomparable
661,4537,incomparable
661,4635,incomparable
662,215,weaker
662,418,weaker
662,675,stronger
662,1339,stronger
662,1551,stronger
662,2104,stronger
662,2211,stronger
662,2763,stronger
662,3731,weaker
662,3776,incomparable
662,4544,incomparable
662,4545,incomparable
663,44,incomparable
663,1142,stronger
663,1606,stronger
663,2382,stronger
663,2449,weaker
663,2675,weaker
663,3238,stronger
663,3600,incomparable
663,4059,incomparable
663,4063,incomparable
663,4607,incomparable
663,4617,incomparable
664,963,stronger
664,1562,stronger
664,2151,stronger
664,2386,stronger
664,2468,weaker
664,2587,stronger
664,2892,weaker
664,3172,stronger
664,3419,incomparable
664,3468,weaker
664,3916,weaker
665,549,incomparable
665,618,weaker
665,917,incomparable
665,934,incomparable
665,1209,stronger
665,1372,stronger
665,1749,stronger
665,1832,weaker
665,1984,stronger
665,1990,stronger
665,2113,incomparable
665,2655,weaker
665,2933,stronger
665,3483,incomparable
665,4062,incomparable
665,4063,incomparable
665,4641,incomparable
666,60,incomparable
666,843,incomparable
666,1146,incomparable
666,1209,stronger
666,1611,stronger
666,2233,stronger
666,2565,stronger
666,3290,incomparable
666,3544,incomparable
666,3806,incomparable
666,4203,incomparable
666,4207,incomparable
667,721,stronger
667,733,stronger
667,1378,incomparable
667,1436,incomparable
667,1618,incomparable
667,1830,stronger
667,2080,incomparable
667,2191,stronger
667,2226,stronger
667,2290,incomparable
667,2462,incomparable
667,2539,stronger
667,2564,stronger
667,2896,incomparable
667,3176,incomparable
667,3264,incomparable
667,3436,incomparable
667,3870,incomparable
667,4118,incomparable
667,4506,incomparable
668,1030,weaker
668,1073,weaker
668,1868,weaker
668,2657,weaker
668,3383,weaker
668,3690,weaker
668,3902,weaker
668,4040,weaker
669,170,incomparable
669,822,incomparable
669,1176,stronger
669,1403,stronger
669,1660,incomparable
669,1765,stronger
669,1853,incomparable
669,2089,incomparable
669,2560,stronger
669,2974,stronger
669,2991,stronger
669,4071,incomparable
669,4361,incomparable
669,4490,incomparable
670,298,incomparable
670,652,incomparable
670,884,stronger
670,956,stronger
670,967,stronger
670,1091,stronger
670,1537,incomparable
670,1958,incomparable
670,3465,incomparable
670,3605,incomparable
670,3666,incomparable
671,1318,weaker
671,1364,equivalent
671,1729,weaker
671,2002,equivalent
671,2267,weaker
671,2733,weaker
671,2964,weaker
671,4032,weaker
671,4120,weaker
671,4548,weaker
672,660,incomparable
672,732,stronger
672,1427,incomparable
672,1740,incomparable
672,1783,stronger
672,2284,incomparable
672,3111,stronger
672,3667,incomparable
672,4632,incomparable
673,593,weaker
673,685,equivalent
673,1203,equivalent
673,1350,equivalent
673,1682,weaker
673,2673,weaker
673,2846,equivalent
673,3111,equivalent
673,3389,weaker
673,3574,weaker
673,3721,weaker
673,4599,weaker
674,472,equivalent
674,1357,weaker
674,1644,weaker
674,1793,weaker
674,2211,equivalent
674,3194,equivalent
674,3351,weaker
674,3363,weaker
674,3925,weaker
674,4649,weaker
674,4690,weaker
675,196,equivalent
675,603,weaker
675,930,weaker
675,1293,weaker
675,2481,weaker
675,2890,weaker
675,3573,weaker
675,3634,weaker
676,1214,stronger
676,1920,stronger
676,2141,stronger
676,2469,incomparable
676,2644,incomparable
676,2735,stronger
676,2989,stronger
676,3102,incomparable
676,4231,incomparable
676,4370,incomparable
677,31,incomparable
677,186,incomparable
677,263,incomparable
677,553,stronger
677,1210,stronger
677,1814,stronger
677,3270,incomparable
677,3686,incomparable
677,4503,incomparable
678,200,equivalent
678,256,weaker
678,615,weaker
678,895,weaker
678,1263,weaker
678,1267,weaker
678,1603,weaker
678,1733,equivalent
678,2396,equivalent
678,2466,weaker
678,2760,equivalent
678,2893,weaker
678,3351,weaker
678,4673,weaker
679,22,stronger
679,82,stronger
679,201,stronger
679,1411,stronger
679,2239,incomparable
679,2483,incomparable
679,3588,incomparable
679,4197,incomparable
679,4592,incomparable
680,104,incomparable
680,394,incomparable
680,1026,incomparable
680,3064,incomparable
680,3326,incomparable
680,3909,incomparable
680,4466,incomparable
681,1028,weaker
681,1915,equivalent
681,2451,weaker
681,3122,weaker
681,3307,weaker
681,3492,weaker
681,3876,weaker
681,4104,weaker
682,285,stronger
682,433,incomparable
682,513,incomparable
682,1385,stronger
682,3199,stronger
682,3273,incomparable
682,3980,weaker
682,4111,incomparable
683,417,weaker
683,1000,equivalent
683,1412,equivalent
683,2079,weaker
683,2406,weaker
683,2551,equivalent
683,2816,weaker
683,2823,equivalent
683,3545,weaker
683,3972,weaker
683,4287,weaker
683,4502,weaker
684,249,stronger
684,348,incomparable
684,1012,stronger
684,1031,incomparable
684,1220,stronger
684,1996,incomparable
684,2035,weaker
684,3334,weaker
684,3607,incomparable
684,3660,incomparable
684,4176,incomparable
684,4571,incomparable
684,4609,incomparable
684,4616,incomparable
685,1066,weaker
685,1343,equivalent
685,3138,equivalent
685,3435,weaker
685,3826,weaker
685,4653,weaker
686,140,stronger
686,246,incomparable
686,329,incomparable
686,386,incomparable
686,388,weaker
686,826,incomparable
686,1014,equivalent
686,1108,stronger
686,1249,incomparable
686,1639,incomparable
686,2166,stronger
686,2216,stronger
686,2234,stronger
686,3015,stronger
686,3216,stronger
686,3492,incomparable
686,4286,incomparable
686,4374,weaker
687,286,weaker
687,337,weaker
687,382,weaker
687,563,equivalent
687,650,weaker
687,1679,weaker
687,2109,equivalent
687,2424,equivalent
687,2561,equivalent
687,2718,equivalent
687,2744,weaker
687,4160,weaker
687,4296,weaker
687,4467,weaker
688,189,equivalent
688,481,weaker
688,518,equivalent
688,680,weaker
688,758,equivalent
688,2097,weaker
688,2538,weaker
688,2579,weaker
688,2911,equivalent
688,3364,weaker
689,93,equivalent
689,354,weaker
689,420,weaker
689,727,weaker
689,1172,equivalent
689,1773,equivalent
689,1884,weaker
689,2286,weaker
689,2949,weaker
689,3873,weaker
689,4137,weaker
690,109,incomparable
690,424,incomparable
690,1599,stronger
690,3952,incomparable
690,3958,incomparable
691,258,weaker
691,320,weaker
691,500,weaker
691,857,weaker
691,1305,equivalent
691,1526,weaker
691,1559,equivalent
691,2070,weaker
691,2606,equivalent
691,3217,equivalent
692,115,incomparable
692,539,stronger
692,646,incomparable
692,1248,incomparable
692,1710,incomparable
692,2036,incomparable
692,2082,incomparable
692,3251,stronger
692,3880,incomparable
693,213,weaker
693,1226,weaker
693,1707,weaker
693,1957,equivalent
693,2193,equivalent
693,2748,equivalent
693,3088,weaker
693,3114,equivalent
693,3130,weaker
693,4211,weaker
693,4289,weaker
694,690,weaker
694,698,equivalent
694,1161,stronger
694,1399,stronger
694,4006,weaker
694,4151,incomparable
694,4315,incomparable
695,211,incomparable
695,367,incomparable
695,529,stronger
695,1146,incomparable
695,1362,stronger
695,2100,incomparable
695,2645,incomparable
695,2784,stronger
695,2889,incomparable
695,3587,incomparable
695,4303,incomparable
696,258,weaker
696,799,equivalent
696,1275,weaker
696,1802,equivalent
696,2256,weaker
696,3114,equivalent
696,3173,equivalent
696,3326,weaker
696,4090,weaker
696,4196,weaker
696,4579,weaker
696,4675,weaker
697,436,weaker
697,502,equivalent
697,1068,weaker
697,1147,equivalent
697,1381,equivalent
697,1758,equivalent
697,2129,equivalent
697,2420,weaker
697,2719,equivalent
697,2724,weaker
697,3710,weaker
698,215,incomparable
698,1710,incomparable
698,2956,incomparable
698,3298,incomparable
698,3340,incomparable
698,3968,weaker
699,310,weaker
699,452,weaker
699,779,equivalent
699,1025,weaker
699,1293,weaker
699,1380,equivalent
699,1417,equivalent
699,1815,equivalent
699,1945,weaker
699,2424,equivalent
699,2563,equivalent
699,2718,equivalent
699,3337,weaker
699,3905,weaker
700,146,weaker
700,398,weaker
700,944,equivalent
700,1013,equivalent
700,2588,weaker
700,2759,equivalent
700,4166,weaker
700,4589,weaker
701,752,weaker
701,865,weaker
701,1493,equivalent
701,2127,weaker
701,2508,equivalent
701,2764,equivalent
701,4687,weaker
702,458,weaker
702,730,equivalent
702,2495,equivalent
702,2661,weaker
702,3040,equivalent
702,3317,weaker
702,4632,weaker
703,441,incomparable
703,594,stronger
703,1588,stronger
703,1629,incomparable
703,1891,stronger
703,2036,incomparable
703,2214,stronger
703,2434,stronger
703,2560,stronger
703,2926,stronger
703,2999,stronger
703,3988,incomparable
703,4541,incomparable
704,594,stronger
704,1000,stronger
704,2180,incomparable
704,2474,incomparable
704,3322,incomparable
704,3404,incomparable
704,3968,incomparable
704,4109,incomparable
704,4578,incomparable
705,1280,equivalent
705,1417,equivalent
705,1880,weaker
705,2198,equivalent
705,2429,equivalent
705,3111,equivalent
705,3799,weaker
705,4112,weaker
705,4160,weaker
705,4168,weaker
706,330,incomparable
706,453,incomparable
706,779,stronger
706,900,stronger
706,1109,incomparable
706,1556,stronger
706,2074,incomparable
706,3073,incomparable
706,3498,incomparable
706,3579,incomparable
706,3805,incomparable
706,4037,incomparable
706,4351,incomparable
707,556,stronger
707,902,stronger
707,1355,stronger
707,2375,stronger
707,2557,stronger
707,3950,incomparable
707,3962,incomparable
707,3967,incomparable
707,4618,incomparable
708,7,equivalent
708,1770,equivalent
708,2381,weaker
708,2386,equivalent
708,2717,equivalent
708,3538,weaker
708,3957,weaker
709,115,incomparable
709,426,incomparable
709,757,equivalent
709,1326,stronger
709,2083,incomparable
709,3295,incomparable
709,3549,incomparable
709,4525,incomparable
710,848,weaker
710,1117,weaker
710,1395,weaker
710,1681,weaker
710,3716,weaker
710,3880,weaker
710,3889,weaker
710,4351,weaker
711,344,incomparable
711,547,stronger
711,1048,incomparable
711,2778,incomparable
711,3298,incomparable
711,3955,weaker
711,4249,incomparable
711,4582,incomparable
712,110,weaker
712,1307,weaker
712,2742,equivalent
712,3740,weaker
712,3808,weaker
712,3847,weaker
712,4259,weaker
712,4676,weaker
713,8,incomparable
713,18,stronger
713,2537,stronger
713,2552,incomparable
713,2892,incomparable
713,3319,incomparable
713,3410,incomparable
713,3417,incomparable
713,3642,incomparable
713,3820,incomparable
713,3973,incomparable
713,4022,incomparable
713,4026,incomparable
713,4245,incomparable
713,4252,incomparable
713,4254,incomparable
714,300,stronger
714,534,stronger
714,847,incomparable
714,1109,incomparable
714,1128,stronger
714,1858,incomparable
714,2163,incomparable
714,2188,stronger
714,2210,stronger
714,3288,incomparable
714,3668,incomparable
714,4251,incomparable
714,4413,incomparable
714,4458,incomparable
714,4464,incomparable
714,4529,incomparable
715,339,weaker
715,749,weaker
715,1024,weaker
715,1066,weaker
715,1236,weaker
715,1263,weaker
715,2107,weaker
715,2526,equivalent
715,2796,equivalent
715,2849,weaker
715,2965,equivalent
715,3299,weaker
715,3675,weaker
715,4207,weaker
715,4588,weaker
716,746,incomparable
716,1076,incomparable
716,1136,stronger
716,1449,incomparable
716,2145,stronger
716,2170,incomparable
716,2373,incomparable
716,3101,incomparable
716,3162,stronger
716,3348,incomparable
716,3552,incomparable
716,3599,incomparable
716,3741,incomparable
716,3867,incomparable
716,4268,incomparable
717,149,equivalent
717,491,weaker
717,1179,equivalent
717,1182,equivalent
717,1385,equivalent
717,1509,equivalent
717,2385,weaker
717,3123,equivalent
717,3263,weaker
717,3317,weaker
717,3322,weaker
717,3508,weaker
717,3889,weaker
717,4291,weaker
718,256,weaker
718,411,weaker
718,2080,weaker
718,2147,equivalent
718,2177,equivalent
718,2240,weaker
718,2502,equivalent
718,2961,equivalent
718,3119,equivalent
718,3844,weaker
718,3937,weaker
718,4172,weaker
718,4466,weaker
718,4569,weaker
719,290,incomparable
719,443,incomparable
719,542,stronger
719,758,stronger
719,1262,incomparable
719,1375,stronger
719,2064,incomparable
719,2172,stronger
719,2436,stronger
719,2805,incomparable
719,3436,incomparable
719,3608,incomparable
719,3832,incomparable
719,4290,incomparable
719,4331,incomparable
720,1948,equivalent
720,2598,equivalent
720,2997,equivalent
720,3135,equivalent
720,3670,weaker
721,777,equivalent
721,857,weaker
721,1148,equivalent
721,1322,weaker
721,1700,equivalent
721,2914,equivalent
721,2944,weaker
721,3333,weaker
721,4094,weaker
721,4595,weaker
722,183,equivalent
722,1151,equivalent
722,1158,weaker
722,1394,equivalent
722,1705,weaker
722,2410,weaker
722,3827,weaker
722,3948,weaker
722,4303,weaker
722,4469,weaker
722,4672,weaker
723,27,incomparable
723,858,incomparable
723,895,incomparable
723,1004,stronger
723,1010,stronger
723,2089,incomparable
723,2458,incomparable
723,3313,incomparable
723,3880,incomparable
723,4048,incomparable
723,4325,incomparable
723,4653,incomparable
724,199,equivalent
724,1619,equivalent
724,2790,equivalent
724,3004,equivalent
724,3887,weaker
724,4027,weaker
724,4232,weaker
724,4234,weaker
724,4562,weaker
724,4689,weaker
725,100,incomparable
725,289,stronger
725,547,stronger
725,700,stronger
725,752,incomparable
725,1876,weaker
725,4070,incomparable
725,4135,weaker
725,4362,incomparable
725,4406,incomparable
726,228,weaker
726,252,equivalent
726,609,equivalent
726,1648,weaker
726,2519,weaker
726,2608,equivalent
726,2748,equivalent
726,2830,equivalent
726,2941,equivalent
726,2971,equivalent
726,3093,weaker
726,3537,weaker
726,3891,weaker
726,4531,weaker
726,4683,weaker
727,961,stronger
727,1450,incomparable
727,1805,stronger
727,2103,incomparable
727,2206,stronger
727,3185,incomparable
727,3516,incomparable
727,3815,incomparable
727,4607,incomparable
728,508,weaker
728,692,weaker
728,1165,weaker
728,1479,weaker
728,1695,weaker
728,2028,equivalent
728,2627,equivalent
728,2672,weaker
728,3381,weaker
728,3609,weaker
728,3760,weaker
728,4059,weaker
728,4229,weaker
729,240,equivalent
729,893,weaker
729,2009,weaker
729,2212,weaker
729,3163,weaker
729,3570,weaker
729,4469,weaker
729,4564,weaker
729,4565,weaker
730,810,equivalent
730,865,weaker
730,1421,equivalent
730,2486,weaker
730,2786,equivalent
730,3463,weaker
731,58,incomparable
731,567,stronger
731,1827,stronger
731,2874,incomparable
731,2968,stronger
731,2988,stronger
731,3339,incomparable
731,3698,incomparable
731,4319,incomparable
731,4429,incomparable
732,167,weaker
732,415,weaker
732,935,equivalent
732,1469,weaker
732,1711,equivalent
732,2047,weaker
732,2200,equivalent
732,2579,weaker
732,2681,weaker
732,3387,weaker
732,3830,weaker
732,3831,weaker
733,58,weaker
733,289,equivalent
733,518,equivalent
733,566,weaker
733,878,equivalent
733,1303,weaker
733,1597,equivalent
733,1780,weaker
733,2005,equivalent
733,2474,weaker
733,2651,weaker
733,3160,equivalent
733,4017,weaker
733,4248,weaker
734,269,weaker
734,845,weaker
734,1510,weaker
734,1569,weaker
734,1639,weaker
734,1913,weaker
734,2232,weaker
734,2393,weaker
734,2492,weaker
734,2957,equivalent
734,3437,weaker
734,3461,weaker
734,3570,weaker
734,4115,weaker
735,298,stronger
735,896,stronger
735,921,stronger
735,926,equivalent
735,1415,incomparable
735,2108,stronger
735,3051,incomparable
735,3775,incomparable
735,3786,incomparable
735,3877,weaker
735,4152,incomparable
735,4514,incomparable
736,336,weaker
736,2179,equivalent
736,2480,weaker
736,2826,weaker
736,3236,equivalent
736,3339,weaker
736,3742,weaker
736,4137,weaker
736,4546,weaker
737,77,equivalent
737,475,equivalent
737,527,equivalent
737,586,equivalent
737,611,equivalent
737,1636,weaker
737,2185,equivalent
737,2257,weaker
737,3006,equivalent
737,3500,weaker
737,3709,weaker
737,4571,weaker
738,72,weaker
738,79,equivalent
738,296,equivalent
738,374,weaker
738,917,weaker
738,1348,equivalent
738,1622,equivalent
738,2111,weaker
738,3085,weaker
738,3391,weaker
738,3452,weaker
738,3965,weaker
738,3976,weaker
738,4179,weaker
738,4528,weaker
738,4689,weaker
739,584,equivalent
739,774,weaker
739,1381,equivalent
739,1422,equivalent
739,1569,weaker
739,1580,equivalent
739,1764,weaker
739,2474,weaker
739,3872,weaker
739,4007,weaker
739,4282,weaker
739,4581,weaker
740,598,incomparable
740,668,stronger
740,1001,stronger
740,1308,stronger
740,1500,stronger
740,1958,incomparable
740,2000,incomparable
740,2695,incomparable
740,3898,incomparable
740,4081,incomparable
741,288,equivalent
741,563,equivalent
741,1135,equivalent
741,1281,weaker
741,1492,weaker
741,1517,equivalent
741,1629,weaker
741,1640,weaker
741,1652,weaker
741,2227,weaker
741,2264,weaker
741,2699,weaker
741,2915,weaker
741,3060,weaker
741,3452,weaker
741,3553,weaker
741,3672,weaker
741,4176,weaker
741,4569,weaker
742,129,equivalent
742,293,equivalent
742,512,equivalent
742,879,weaker
742,1128,equivalent
742,1781,equivalent
742,2331,weaker
742,3544,weaker
742,4129,weaker
742,4448,weaker
743,407,weaker
743,516,weaker
743,1243,weaker
743,1540,equivalent
743,2096,equivalent
743,2356,equivalent
743,2479,weaker
743,2845,equivalent
743,2931,weaker
743,3488,weaker
743,3602,weaker
743,4115,weaker
743,4258,weaker
743,4311,weaker
744,309,incomparable
744,860,weaker
744,1388,stronger
744,1984,stronger
744,4074,incomparable
744,4467,incomparable
744,4517,incomparable
745,7,equivalent
745,411,weaker
745,442,weaker
745,761,weaker
745,1024,weaker
745,2091,weaker
745,2454,weaker
745,3480,weaker
745,4022,weaker
746,207,incomparable
746,297,stronger
746,1014,incomparable
746,1395,incomparable
746,1554,stronger
746,3140,incomparable
746,3319,incomparable
746,3599,incomparable
746,3684,incomparable
746,4106,incomparable
747,34,weaker
747,509,equivalent
747,627,weaker
747,822,weaker
747,1361,weaker
747,1402,equivalent
747,1698,equivalent
747,2067,weaker
747,3392,weaker
747,3826,weaker
747,4285,weaker
747,4372,weaker
748,206,incomparable
748,1186,stronger
748,1409,stronger
748,1677,incomparable
748,2251,incomparable
748,2915,stronger
748,3284,incomparable
748,3372,incomparable
748,3811,incomparable
748,4534,incomparable
749,76,stronger
749,498,stronger
749,1052,incomparable
749,2878,incomparable
749,3878,incomparable
749,4233,incomparable
749,4476,incomparable
750,323,weaker
750,955,weaker
750,1073,weaker
750,1597,equivalent
750,2145,equivalent
750,2306,weaker
750,2718,equivalent
750,3022,equivalent
750,3358,weaker
750,4085,weaker
750,4504,weaker
750,4532,weaker
751,1092,weaker
751,1450,weaker
751,1977,weaker
751,2807,equivalent
751,3876,weaker
751,4188,weaker
752,286,stronger
752,2469,incomparable
752,2575,stronger
752,2714,incomparable
752,3230,stronger
752,3789,incomparable
752,4103,incomparable
752,4269,weaker
752,4270,incomparable
752,4400,incomparable
752,4694,incomparable
753,863,weaker
753,924,equivalent
753,942,equivalent
753,985,weaker
753,1240,weaker
753,1814,equivalent
753,2794,equivalent
753,3327,weaker
753,4073,weaker
754,551,equivalent
754,920,equivalent
754,2062,weaker
754,2183,equivalent
754,2428,equivalent
754,3123,equivalent
754,3380,weaker
754,3745,weaker
754,3917,weaker
754,4394,weaker
755,1193,equivalent
755,1482,weaker
755,2021,equivalent
756,177,weaker
756,547,equivalent
756,680,weaker
756,1028,weaker
756,1057,weaker
756,1316,weaker
756,1336,weaker
756,1408,equivalent
756,1436,weaker
756,2438,equivalent
756,4505,weaker
757,317,incomparable
757,345,incomparable
757,846,incomparable
757,1652,incomparable
757,2314,incomparable
757,2494,incomparable
757,2759,stronger
757,2784,stronger
757,2935,stronger
757,3178,stronger
757,3449,incomparable
757,3514,incomparable
757,3773,incomparable
757,4258,weaker
757,4409,incomparable
757,4478,incomparable
757,4574,incomparable
758,960,weaker
758,997,equivalent
758,1552,weaker
758,1812,equivalent
758,2301,weaker
758,2953,equivalent
758,3742,weaker
758,3798,weaker
758,4123,weaker
759,140,stronger
759,163,incomparable
759,246,incomparable
759,1064,incomparable
759,1260,incomparable
759,2726,stronger
759,2866,incomparable
759,3100,incomparable
759,3257,incomparable
759,3266,incomparable
759,3924,weaker
759,4506,incomparable
760,196,equivalent
760,1092,weaker
760,1299,weaker
760,1421,equivalent
760,1812,equivalent
760,2175,equivalent
760,2403,equivalent
760,2824,equivalent
760,2873,weaker
760,3740,weaker
760,3879,weaker
760,4112,weaker
761,143,stronger
761,340,incomparable
761,425,incomparable
761,444,incomparable
761,703,weaker
761,1296,stronger
761,1595,stronger
761,3115,incomparable
761,3289,incomparable
761,3317,incomparable
761,3543,incomparable
761,3592,incomparable
761,3646,incomparable
761,3777,incomparable
761,4186,incomparable
761,4616,incomparable
762,224,weaker
762,238,weaker
762,286,weaker
762,420,weaker
762,423,weaker
762,667,weaker
762,1136,equivalent
762,1257,weaker
762,1306,equivalent
762,1646,weaker
762,1795,equivalent
762,2208,equivalent
762,2844,equivalent
762,3122,weaker
762,3150,weaker
762,3905,weaker
762,4206,weaker
762,4297,weaker
762,4343,weaker
763,342,weaker
763,648,weaker
763,719,weaker
763,1210,equivalent
763,1286,weaker
763,1777,equivalent
763,1862,weaker
763,3071,weaker
763,3231,equivalent
763,3534,weaker
763,3748,weaker
763,4424,weaker
764,55,weaker
764,273,weaker
764,657,weaker
764,1019,equivalent
764,1133,weaker
764,2233,equivalent
764,2562,weaker
764,2690,weaker
764,2707,weaker
764,3055,weaker
764,3252,equivalent
764,4019,weaker
765,449,incomparable
765,912,stronger
765,2022,stronger
765,2209,stronger
765,2554,incomparable
765,2817,stronger
765,3074,incomparable
765,3182,incomparable
765,3262,incomparable
765,3481,incomparable
765,4407,incomparable
765,4660,incomparable
766,622,weaker
766,746,weaker
766,1056,weaker
766,1079,equivalent
766,1266,weaker
766,1662,weaker
766,1795,equivalent
766,1987,weaker
766,2285,weaker
766,3413,weaker
766,4009,weaker
766,4117,weaker
766,4553,weaker
767,226,equivalent
767,539,equivalent
767,857,weaker
767,1534,equivalent
767,1804,equivalent
767,2155,equivalent
767,2177,equivalent
767,3265,weaker
767,3498,weaker
768,116,equivalent
768,197,equivalent
768,513,weaker
768,654,weaker
768,915,equivalent
768,1296,equivalent
768,2188,equivalent
768,2472,weaker
768,2775,equivalent
768,3009,equivalent
768,3169,equivalent
768,3521,weaker
768,4662,weaker
769,175,stronger
769,822,weaker
769,1476,incomparable
769,2012,stronger
769,2089,incomparable
769,2196,incomparable
769,2869,incomparable
769,3401,incomparable
769,4093,weaker
770,1145,equivalent
770,1851,weaker
770,2568,equivalent
770,2645,weaker
770,2818,equivalent
770,3271,weaker
770,3460,weaker
770,3584,weaker
770,3872,weaker
771,479,weaker
771,689,equivalent
771,938,weaker
771,1639,weaker
771,1842,weaker
771,1901,equivalent
771,1947,equivalent
771,2165,weaker
771,2686,weaker
771,2710,weaker
771,2817,equivalent
771,3028,equivalent
771,3269,weaker
771,3372,weaker
771,4152,weaker
771,4644,weaker
772,734,equivalent
772,765,weaker
772,856,weaker
772,1162,equivalent
772,2093,weaker
772,2512,equivalent
772,2793,equivalent
772,3479,weaker
772,3524,weaker
773,128,equivalent
773,279,equivalent
773,332,weaker
773,526,equivalent
773,1013,equivalent
773,1272,weaker
773,1342,equivalent
773,2548,equivalent
773,2768,equivalent
773,3272,weaker
773,3297,weaker
773,3320,weaker
773,3425,weaker
773,3619,weaker
773,3918,weaker
774,131,stronger
774,1511,stronger
774,2310,incomparable
774,2745,stronger
774,2976,stronger
774,4322,incomparable
774,4577,incomparable
775,159,incomparable
775,206,incomparable
775,934,incomparable
775,2012,stronger
775,2336,stronger
775,2395,stronger
775,2411,stronger
775,2631,stronger
775,2661,incomparable
775,4101,incomparable
775,4175,incomparable
775,4230,incomparable
775,4392,incomparable
776,33,equivalent
776,473,weaker
776,784,equivalent
776,817,weaker
776,1673,weaker
776,2540,weaker
776,2612,equivalent
776,3505,weaker
776,3626,weaker
777,465,equivalent
777,859,weaker
777,2755,weaker
777,3152,weaker
777,3487,weaker
777,3742,weaker
777,4655,weaker
778,522,incomparable
778,575,incomparable
778,992,stronger
778,1243,incomparable
778,1302,stronger
778,1627,stronger
778,2602,incomparable
778,2619,stronger
778,4393,incomparable
778,4580,incomparable
779,572,weaker
779,674,equivalent
779,1217,weaker
779,1635,weaker
779,1732,equivalent
779,2078,weaker
779,3772,weaker
779,4333,weaker
779,4590,weaker
780,903,equivalent
780,1805,equivalent
780,2461,weaker
780,2620,equivalent
780,4321,weaker
781,108,weaker
781,314,weaker
781,1384,weaker
781,1599,equivalent
781,2306,weaker
781,2430,weaker
781,2644,weaker
781,2672,weaker
781,3069,weaker
781,3167,weaker
781,3177,equivalent
781,3520,weaker
781,3716,weaker
782,447,incomparable
782,616,weaker
782,826,incomparable
782,1561,incomparable
782,1630,incomparable
782,2033,stronger
782,2959,stronger
782,3514,incomparable
782,3589,incomparable
782,3664,incomparable
782,3815,incomparable
782,4017,incomparable
782,4237,incomparable
782,4372,incomparable
782,4559,incomparable
782,4572,incomparable
783,1066,weaker
783,2205,equivalent
783,2860,weaker
783,3151,equivalent
783,3683,weaker
783,3995,weaker
783,4036,weaker
783,4693,weaker
784,2318,weaker
784,2663,weaker
784,3582,weaker
784,3813,weaker
784,4199,weaker
784,4666,weaker
785,769,weaker
785,1035,weaker
785,1646,weaker
785,1926,equivalent
785,1962,weaker
785,2009,weaker
785,3758,weaker
785,3840,weaker
785,4571,weaker
786,306,stronger
786,739,stronger
786,895,incomparable
786,1404,stronger
786,2043,incomparable
786,2063,incomparable
786,2692,incomparable
786,3177,stronger
786,3727,incomparable
786,4141,incomparable
787,352,weaker
787,1164,equivalent
787,1173,equivalent
787,1212,weaker
787,1388,equivalent
787,2696,weaker
787,2969,equivalent
787,3348,weaker
787,4027,weaker
788,222,weaker
788,902,equivalent
788,1145,equivalent
788,1268,weaker
788,1313,weaker
788,1362,equivalent
788,2055,weaker
788,2129,equivalent
788,2428,equivalent
788,2682,weaker
788,2806,equivalent
788,3205,weaker
788,3491,weaker
788,3493,weaker
788,3975,weaker
788,4564,weaker
789,110,weaker
789,405,weaker
789,749,weaker
789,2706,weaker
789,2725,weaker
789,2774,weaker
789,2831,weaker
789,3396,weaker
789,3815,weaker
789,4073,weaker
789,4491,weaker
790,53,weaker
790,134,weaker
790,1397,equivalent
790,1881,weaker
790,2190,weaker
790,2250,weaker
790,2521,weaker
790,2953,equivalent
790,2957,equivalent
790,2996,equivalent
790,4172,weaker
791,348,incomparable
791,1526,incomparable
791,2735,stronger
791,2931,stronger
791,3228,stronger
791,3887,weaker
791,3960,incomparable
791,4404,incomparable
791,4474,incomparable
792,161,weaker
792,269,weaker
792,369,weaker
792,482,equivalent
792,1502,weaker
792,2997,equivalent
792,3677,weaker
792,4016,weaker
792,4309,weaker
793,304,equivalent
793,744,weaker
793,1081,equivalent
793,1130,equivalent
793,1547,weaker
793,1696,equivalent
793,2126,weaker
793,2342,equivalent
793,2682,weaker
793,2865,weaker
793,3196,equivalent
793,3326,weaker
793,3448,weaker
793,3798,weaker
793,3812,weaker
793,4230,weaker
793,4574,weaker
793,4597,weaker
794,105,weaker
794,406,weaker
794,836,weaker
794,1078,weaker
794,1161,equivalent
794,1255,weaker
794,1992,weaker
794,2519,weaker
794,3234,equivalent
794,3518,weaker
794,4489,weaker
795,285,equivalent
795,390,weaker
795,1173,equivalent
795,1346,equivalent
795,2102,equivalent
795,2777,equivalent
795,2784,equivalent
795,2938,equivalent
795,3113,weaker
795,3776,weaker
795,4175,weaker
796,526,stronger
796,584,stronger
796,982,stronger
796,1760,stronger
796,2140,incomparable
796,2614,stronger
796,3521,incomparable
796,3573,incomparable
796,3689,incomparable
796,3921,weaker
797,393,weaker
797,954,equivalent
797,1497,equivalent
797,1663,weaker
797,1763,weaker
797,2615,equivalent
797,2828,equivalent
797,3532,weaker
797,3891,weaker
797,4061,weaker
797,4086,weaker
797,4245,weaker
798,1004,weaker
798,1162,equivalent
798,1635,weaker
798,1859,weaker
798,1952,equivalent
798,3301,weaker
798,3771,weaker
799,175,equivalent
799,408,weaker
799,763,equivalent
799,1150,weaker
799,1284,equivalent
799,1391,weaker
799,1658,weaker
799,2309,equivalent
799,2325,equivalent
799,2963,equivalent
800,334,weaker
800,647,weaker
800,2800,equivalent
800,3152,weaker
800,3359,weaker
800,3385,weaker
800,3563,weaker
800,3760,weaker
800,4655,weaker
801,100,incomparable
801,284,stronger
801,627,incomparable
801,660,incomparable
801,747,stronger
801,1110,incomparable
801,1256,incomparable
801,1444,weaker
801,2640,stronger
801,2847,incomparable
801,3384,incomparable
801,3388,incomparable
801,3722,incomparable
801,4134,weaker
801,4182,incomparable
802,369,weaker
802,504,weaker
802,1491,weaker
802,2025,equivalent
802,2686,weaker
802,2732,equivalent
802,3757,weaker
803,515,equivalent
803,796,weaker
803,1269,weaker
803,1763,weaker
803,2228,equivalent
803,3774,weaker
803,4099,weaker
803,4692,weaker
804,53,weaker
804,1143,equivalent
804,1288,weaker
804,2133,equivalent
804,2528,equivalent
804,2592,weaker
804,3197,weaker
804,4422,weaker
805,56,weaker
805,592,equivalent
805,663,weaker
805,961,equivalent
805,1107,equivalent
805,1337,equivalent
805,1530,equivalent
805,1900,weaker
805,2393,weaker
805,2687,weaker
805,3237,weaker
805,3810,weaker
806,14,incomparable
806,232,stronger
806,1129,incomparable
806,1329,stronger
806,2214,stronger
806,2697,incomparable
806,2735,stronger
806,3237,stronger
806,3488,incomparable
806,3909,weaker
806,4077,incomparable
806,4252,incomparable
806,4380,incomparable
806,4679,incomparable
807,270,weaker
807,499,equivalent
807,2250,weaker
807,2340,weaker
807,2373,weaker
807,2837,equivalent
807,2975,equivalent
807,3074,weaker
807,3102,weaker
807,4498,weaker
808,340,weaker
808,1193,equivalent
808,1495,equivalent
808,1572,equivalent
808,1788,equivalent
808,2074,weaker
808,2296,weaker
808,2440,equivalent
808,3153,equivalent
808,3546,weaker
808,3783,weaker
808,3788,weaker
809,797,equivalent
809,1055,weaker
809,1637,weaker
809,2264,weaker
809,3344,weaker
809,4403,weaker
809,4415,weaker
809,4432,weaker
809,4657,weaker
810,102,weaker
810,331,weaker
810,812,equivalent
810,1285,weaker
810,1973,equivalent
810,2041,weaker
810,2794,equivalent
810,4606,weaker
811,442,incomparable
811,876,stronger
811,1430,incomparable
811,1606,stronger
811,1952,stronger
811,2062,incomparable
811,2067,incomparable
811,2262,incomparable
811,2548,stronger
811,4564,incomparable
812,290,weaker
812,562,weaker
812,1661,weaker
812,2336,equivalent
812,2443,weaker
812,2812,weaker
812,3025,equivalent
812,3143,weaker
812,3530,weaker
812,3560,weaker
812,3828,weaker
812,4567,weaker
813,487,weaker
813,753,equivalent
813,1072,weaker
813,1896,equivalent
813,1910,weaker
813,2423,equivalent
813,2665,weaker
813,2900,weaker
813,2909,weaker
813,3969,weaker
813,4438,weaker
814,9,weaker
814,138,weaker
814,2860,weaker
814,3234,equivalent
814,3308,weaker
814,3347,weaker
814,3506,weaker
814,4061,weaker
814,4682,weaker
815,169,weaker
815,319,weaker
815,526,equivalent
815,860,weaker
815,1214,equivalent
815,1583,equivalent
815,2125,weaker
815,2224,equivalent
815,2779,weaker
815,2882,weaker
815,3174,equivalent
815,3259,weaker
816,17,equivalent
816,188,equivalent
816,268,weaker
816,380,weaker
816,490,equivalent
816,673,equivalent
816,1096,weaker
816,2177,equivalent
816,2520,equivalent
816,4290,weaker
816,4341,weaker
816,4654,weaker
817,436,incomparable
817,931,stronger
817,1809,stronger
817,1836,incomparable
817,2039,incomparable
817,2682,incomparable
817,2689,incomparable
817,2855,incomparable
817,2909,incomparable
817,4612,incomparable
818,1041,incomparable
818,1161,stronger
818,1214,stronger
818,2971,stronger
818,3275,incomparable
818,4102,incomparable
818,4376,incomparable
819,199,stronger
819,390,incomparable
819,498,stronger
819,838,stronger
819,962,incomparable
819,1328,incomparable
819,1411,stronger
819,2045,incomparable
819,2328,incomparable
819,2411,stronger
819,2466,incomparable
819,2838,stronger
819,3394,incomparable
819,3447,incomparable
819,3687,incomparable
819,4027,incomparable
820,287,stronger
820,300,stronger
820,1312,incomparable
820,1433,incomparable
820,1709,incomparable
820,2450,incomparable
820,2629,stronger
820,3174,stronger
820,3728,incomparable
820,4049,incomparable
820,4605,incomparable
821,350,incomparable
821,554,incomparable
821,691,stronger
821,719,incomparable
821,968,incomparable
821,1354,stronger
821,1535,incomparable
821,1576,stronger
821,1830,stronger
821,2174,stronger
821,2582,stronger
821,2927,incomparable
821,3756,incomparable
822,4,stronger
822,130,incomparable
822,1083,incomparable
822,1138,stronger
822,1784,incomparable
822,1879,incomparable
822,2277,incomparable
822,3880,incomparable
822,4328,incomparable
822,4365,incomparable
822,4472,incomparable
822,4498,incomparable
822,4577,incomparable
823,963,stronger
823,1034,stronger
823,3023,stronger
823,3153,stronger
823,4610,incomparable
824,259,incomparable
824,414,weaker
824,682,incomparable
824,885,incomparable
824,1165,incomparable
824,1293,incomparable
824,1307,incomparable
824,1416,stronger
824,1903,stronger
824,1950,stronger
824,2721,stronger
824,3958,incomparable
824,4622,incomparable
825,246,incomparable
825,572,incomparable
825,910,incomparable
825,1082,incomparable
825,1102,stronger
825,2098,incomparable
825,2371,stronger
825,2517,incomparable
825,2565,stronger
825,4502,incomparable
825,4618,incomparable
826,200,stronger
826,594,stronger
826,977,incomparable
826,1686,stronger
826,3287,incomparable
826,4055,incomparable
826,4202,incomparable
826,4553,incomparable
827,293,stronger
827,544,stronger
827,627,incomparable
827,822,incomparable
827,1085,incomparable
827,1770,stronger
827,2706,incomparable
827,3185,incomparable
827,3533,incomparable
827,4288,incomparable
827,4668,incomparable
827,4674,incomparable
828,520,incomparable
828,1069,stronger
828,1436,incomparable
828,1805,stronger
828,3324,incomparable
828,3409,incomparable
828,4051,incomparable
828,4309,incomparable
828,4405,incomparable
828,4624,incomparable
829,179,incomparable
829,454,incomparable
829,644,stronger
829,1376,stronger
829,2363,stronger
829,3052,incomparable
829,3465,incomparable
829,3528,incomparable
829,3531,incomparable
829,4127,incomparable
829,4287,incomparable
830,134,incomparable
830,138,incomparable
830,538,stronger
830,772,stronger
830,800,stronger
830,1194,stronger
830,1309,stronger
830,1795,stronger
830,2976,stronger
830,3173,stronger
830,3315,incomparable
830,3993,incomparable
830,4553,incomparable
831,337,incomparable
831,562,incomparable
831,1100,incomparable
831,1220,stronger
831,1954,stronger
831,2497,incomparable
831,2850,incomparable
831,3589,incomparable
831,4007,incomparable
831,4348,incomparable
832,381,incomparable
832,603,incomparable
832,1187,stronger
832,1808,stronger
832,2016,stronger
832,2641,stronger
832,2708,stronger
832,3141,stronger
832,3964,incomparable
832,4406,incomparable
833,543,incomparable
833,1182,stronger
833,1936,stronger
833,2302,stronger
833,2430,incomparable
833,2626,stronger
833,2976,stronger
833,2997,stronger
833,3479,incomparable
833,3592,incomparable
833,4108,incomparable
834,1003,stronger
834,1193,stronger
834,1241,incomparable
834,1434,incomparable
834,1508,stronger
834,3273,incomparable
834,3965,incomparable
835,199,stronger
835,277,stronger
835,702,stronger
835,2035,incomparable
835,2474,incomparable
835,2856,incomparable
835,3572,incomparable
835,3654,incomparable
835,3823,incomparable
836,646,incomparable
836,741,stronger
836,1079,stronger
836,1166,stronger
836,2222,incomparable
836,3328,incomparable
836,3605,incomparable
836,3740,incomparable
836,3783,incomparable
836,4391,incomparable
836,4458,incomparable
836,4665,incomparable
837,568,stronger
837,611,stronger
837,725,incomparable
837,778,incomparable
837,784,stronger
837,1987,incomparable
837,2263,incomparable
837,2434,stronger
837,2545,stronger
837,3955,incomparable
838,3478,incomparable
838,3843,incomparable
838,3941,incomparable
838,4063,incomparable
838,4365,incomparable
839,3,incomparable
839,209,incomparable
839,1302,stronger
839,2095,stronger
839,2246,incomparable
839,2907,stronger
839,3238,stronger
839,3311,incomparable
839,3687,incomparable
839,3935,weaker
839,4059,incomparable
839,4612,incomparable
840,556,incomparable
840,1456,incomparable
840,1553,stronger
840,1996,incomparable
840,3244,stronger
840,3384,incomparable
840,3412,incomparable
840,3440,incomparable
840,3486,incomparable
840,3542,incomparable
840,3859,incomparable
840,4643,incomparable
841,237,stronger
841,522,incomparable
841,1033,incomparable
841,1130,stronger
841,1497,stronger
841,1625,stronger
841,2481,incomparable
842,54,stronger
842,340,incomparable
842,367,incomparable
842,642,incomparable
842,648,stronger
842,761,stronger
842,1169,stronger
842,2192,stronger
842,2262,incomparable
842,2312,stronger
842,2807,stronger
842,2863,incomparable
842,3120,incomparable
842,3379,incomparable
842,3750,incomparable
842,4339,incomparable
842,4437,incomparable
842,4537,incomparable
843,527,stronger
843,542,stronger
843,694,incomparable
843,911,stronger
843,1006,stronger
843,1191,stronger
843,1324,stronger
843,2433,stronger
843,2559,stronger
843,2569,stronger
843,2812,incomparable
843,2922,stronger
843,3038,stronger
843,3868,incomparable
843,4189,incomparable
843,4339,incomparable
843,4583,incomparable
843,4643,incomparable
844,645,incomparable
844,1174,stronger
844,2132,incomparable
844,2896,incomparable
844,4285,incomparable
844,4333,incomparable
844,4373,incomparable
845,345,incomparable
845,1722,incomparable
845,3441,incomparable
845,3966,incomparable
845,4638,incomparable
845,4693,incomparable
846,538,stronger
846,590,stronger
846,1555,stronger
846,1810,stronger
846,1906,stronger
846,1972,stronger
846,2044,incomparable
846,3253,incomparable
846,3505,incomparable
846,3568,incomparable
846,3939,incomparable
846,4074,incomparable
847,76,stronger
847,101,incomparable
847,806,incomparable
847,1295,incomparable
847,1526,incomparable
847,2201,stronger
847,2449,incomparable
847,3079,incomparable
847,3142,incomparable
847,3451,incomparable
847,3864,incomparable
848,99,incomparable
848,159,incomparable
848,378,incomparable
848,704,incomparable
848,797,stronger
848,901,stronger
848,970,stronger
848,1332,incomparable
848,1892,stronger
848,2097,incomparable
848,2732,stronger
848,3332,incomparable
848,3634,incomparable
849,157,incomparable
849,733,stronger
849,983,stronger
849,1173,stronger
849,2478,incomparable
849,2629,stronger
849,2894,incomparable
849,3765,incomparable
849,4143,incomparable
849,4616,incomparable
850,360,incomparable
850,803,stronger
850,1146,incomparable
850,1431,incomparable
850,2015,stronger
850,2955,stronger
850,3784,incomparable
850,3831,incomparable
851,468,stronger
851,641,stronger
851,1499,stronger
851,2085,incomparable
851,2909,incomparable
851,3591,incomparable
851,3924,incomparable
851,3985,incomparable
851,4073,incomparable
851,4659,incomparable
852,606,stronger
852,731,incomparable
852,1152,incomparable
852,1262,incomparable
852,1853,incomparable
852,1926,stronger
852,2107,incomparable
852,2884,incomparable
852,3167,incomparable
852,3688,incomparable
852,4010,incomparable
853,80,stronger
853,1000,stronger
853,1188,incomparable
853,1267,weaker
853,1386,stronger
853,1444,weaker
853,1542,stronger
853,2381,incomparable
853,2423,stronger
853,3920,weaker
854,76,stronger
854,124,incomparable
854,868,stronger
854,896,stronger
854,1742,incomparable
854,1943,incomparable
854,2441,incomparable
854,2449,incomparable
854,3040,stronger
854,3316,incomparable
854,3861,incomparable
854,3920,incomparable
855,1082,incomparable
855,1683,stronger
855,1964,incomparable
855,2916,stronger
855,3887,incomparable
855,4147,weaker
856,1153,stronger
856,1405,incomparable
856,2403,stronger
856,2538,incomparable
856,2885,incomparable
856,3128,incomparable
856,3330,incomparable
856,4203,incomparable
857,84,stronger
857,182,incomparable
857,2292,stronger
857,2366,stronger
857,4391,incomparable
857,4664,incomparable
858,467,incomparable
858,874,stronger
858,925,stronger
858,1060,stronger
858,1781,stronger
858,2107,incomparable
858,3006,stronger
858,3010,stronger
858,3029,incomparable
858,3212,stronger
858,3249,stronger
858,3708,incomparable
858,3787,incomparable
858,3950,incomparable
859,363,weaker
859,654,equivalent
859,1648,weaker
859,3323,weaker
859,3325,weaker
859,3986,incomparable
860,625,incomparable
860,1037,incomparable
860,2433,stronger
860,2532,stronger
860,2536,incomparable
860,2683,incomparable
860,3696,incomparable
860,3706,incomparable
860,3712,incomparable
860,3844,incomparable
860,3885,incomparable
860,3888,incomparable
860,4373,incomparable
860,4464,incomparable
861,78,incomparable
861,220,stronger
861,584,stronger
861,598,incomparable
861,1582,stronger
861,1716,stronger
861,1853,incomparable
861,2046,incomparable
861,2181,stronger
862,473,incomparable
862,619,weaker
862,780,stronger
862,1116,stronger
862,1654,weaker
862,1822,stronger
862,2312,stronger
862,2928,incomparable
862,3135,stronger
863,228,incomparable
863,287,stronger
863,504,incomparable
863,922,incomparable
863,1867,weaker
863,2036,weaker
863,2312,stronger
863,3223,stronger
863,3391,incomparable
863,3524,weaker
863,4003,incomparable
864,331,incomparable
864,381,incomparable
864,625,weaker
864,635,weaker
864,1636,incomparable
864,2080,incomparable
864,2225,stronger
864,2536,incomparable
864,2586,incomparable
864,2587,stronger
864,2928,incomparable
864,3166,stronger
864,4656,incomparable
864,4683,incomparable
865,128,stronger
865,1703,stronger
865,1862,weaker
865,2114,stronger
865,3021,stronger
865,3118,incomparable
865,3339,weaker
865,3866,weaker
865,4374,incomparable
865,4459,incomparable
865,4612,incomparable
866,142,incomparable
866,578,stronger
866,932,stronger
866,1501,stronger
866,1624,stronger
866,1965,stronger
866,2025,stronger
866,2311,stronger
866,2324,stronger
866,2711,stronger
866,3468,weaker
866,4024,incomparable
867,1916,incomparable
867,2196,incomparable
867,2821,incomparable
867,3052,weaker
867,3090,weaker
867,3215,stronger
867,3579,incomparable
867,3894,incomparable
867,3948,weaker
867,4360,weaker
867,4513,weaker
867,4593,incomparable
868,627,weaker
868,867,equivalent
868,1062,equivalent
868,2421,stronger
868,2551,stronger
868,4245,incomparable
868,4416,incomparable
868,4686,incomparable
869,296,stronger
869,419,incomparable
869,427,incomparable
869,488,stronger
869,549,incomparable
869,904,stronger
869,1723,stronger
869,2137,incomparable
869,2951,stronger
869,3200,stronger
869,3743,incomparable
869,3870,weaker
869,4198,incomparable
869,4434,incomparable
869,4628,incomparable
870,919,incomparable
870,1910,incomparable
870,4580,incomparable
870,4615,incomparable
871,286,weaker
871,389,weaker
871,976,equivalent
871,1943,weaker
871,2520,equivalent
871,2599,equivalent
871,2819,equivalent
871,3533,weaker
871,4099,weaker
872,14,incomparable
872,46,incomparable
872,79,stronger
872,461,incomparable
872,488,stronger
872,943,stronger
872,3124,stronger
872,3782,incomparable
872,3877,incomparable
872,4442,incomparable
872,4561,incomparable
873,169,incomparable
873,268,incomparable
873,933,stronger
873,1220,stronger
873,1253,incomparable
873,1301,incomparable
873,1656,incomparable
873,2203,incomparable
873,2277,incomparable
873,2447,incomparable
873,3716,incomparable
873,3745,incomparable
873,3984,incomparable
873,4306,incomparable
873,4424,incomparable
874,528,weaker
874,819,weaker
874,1032,weaker
874,1138,equivalent
874,1451,weaker
874,1539,weaker
874,1833,weaker
874,2157,equivalent
874,2262,weaker
874,3178,equivalent
874,3401,weaker
874,3540,weaker
874,4034,weaker
875,374,incomparable
875,463,incomparable
875,1273,incomparable
875,2088,incomparable
875,2216,stronger
875,2604,stronger
875,3611,incomparable
875,3714,incomparable
876,94,weaker
876,164,weaker
876,1452,weaker
876,1462,weaker
876,2560,equivalent
876,2702,weaker
876,3271,weaker
876,3904,weaker
876,4030,weaker
876,4097,weaker
876,4504,weaker
877,2451,weaker
877,2609,weaker
877,3065,weaker
877,3086,weaker
877,3884,weaker
877,4074,weaker
877,4278,weaker
877,4659,weaker
878,808,equivalent
878,1771,equivalent
878,2104,equivalent
878,2577,equivalent
878,2701,equivalent
878,2827,equivalent
879,917,incomparable
879,1023,incomparable
879,1678,incomparable
879,1871,incomparable
879,2325,stronger
879,2635,stronger
879,3065,incomparable
879,3301,incomparable
879,3929,incomparable
879,4564,incomparable
880,237,stronger
880,397,incomparable
880,615,incomparable
880,1720,stronger
880,1738,incomparable
880,2043,incomparable
880,2422,stronger
880,2690,incomparable
880,3027,stronger
880,3496,incomparable
880,3704,incomparable
880,4146,incomparable
880,4462,incomparable
880,4666,incomparable
881,108,weaker
881,170,weaker
881,262,weaker
881,310,weaker
881,1751,equivalent
881,1911,equivalent
881,2302,equivalent
881,3070,weaker
881,3277,weaker
881,3545,weaker
881,3830,weaker
881,4366,weaker
881,4668,weaker
882,419,incomparable
882,1374,incomparable
882,1391,incomparable
882,1716,stronger
882,1774,incomparable
882,1888,incomparable
882,2691,incomparable
882,2950,stronger
882,3458,incomparable
882,4627,incomparable
883,707,incomparable
883,1033,incomparable
883,1110,incomparable
883,1710,incomparable
883,1873,incomparable
883,1930,stronger
883,2616,stronger
883,2657,incomparable
883,2906,stronger
883,2931,incomparable
883,3569,incomparable
883,3664,incomparable
883,3794,incomparable
883,3956,incomparable
883,3982,incomparable
884,655,weaker
884,1840,weaker
884,2148,weaker
884,2361,equivalent
884,3043,equivalent
884,3235,equivalent
884,3279,weaker
884,3963,weaker
884,4346,weaker
884,4619,weaker
885,972,equivalent
885,1063,incomparable
885,2020,stronger
885,2093,incomparable
885,3003,stronger
885,3832,incomparable
885,3926,incomparable
885,4192,weaker
885,4327,weaker
886,286,weaker
886,1271,weaker
886,1280,equivalent
886,2294,weaker
886,2872,weaker
886,2997,equivalent
886,3706,weaker
886,4040,weaker
886,4329,weaker
887,733,stronger
887,788,stronger
887,1000,stronger
887,1149,stronger
887,2212,incomparable
887,2936,incomparable
887,3751,incomparable
887,3774,incomparable
887,4457,incomparable
888,169,weaker
888,282,equivalent
888,983,equivalent
888,1092,weaker
888,1773,equivalent
888,1778,equivalent
888,1883,weaker
888,2252,weaker
888,2578,equivalent
888,3109,equivalent
888,3740,weaker
888,3813,weaker
888,3884,weaker
889,436,incomparable
889,492,incomparable
889,1352,stronger
889,2445,incomparable
889,2462,incomparable
889,2760,stronger
889,3118,stronger
889,3177,stronger
889,3330,incomparable
889,4345,incomparable
889,4414,incomparable
890,131,equivalent
890,254,equivalent
890,373,weaker
890,2188,equivalent
890,2539,equivalent
890,2567,weaker
890,2745,equivalent
890,3723,weaker
890,3807,weaker
890,4077,weaker
890,4324,weaker
891,268,weaker
891,1991,equivalent
891,2194,equivalent
891,3250,equivalent
891,3935,weaker
891,4037,weaker
891,4072,weaker
892,166,weaker
892,184,equivalent
892,1138,equivalent
892,1256,weaker
892,1266,weaker
892,1522,equivalent
892,1602,equivalent
892,1695,weaker
892,1706,equivalent
892,1832,weaker
892,2459,weaker
892,3406,weaker
892,3555,weaker
892,4027,weaker
893,277,stronger
893,386,incomparable
893,494,stronger
893,940,stronger
893,1401,stronger
893,1423,stronger
893,1431,weaker
893,1887,incomparable
893,2710,incomparable
893,2859,incomparable
893,3035,stronger
893,3370,incomparable
893,3665,incomparable
894,382,weaker
894,414,weaker
894,581,equivalent
894,2038,weaker
894,2206,equivalent
894,2809,equivalent
894,2894,weaker
894,3288,weaker
894,3375,weaker
894,3878,weaker
894,3902,weaker
894,3995,weaker
894,4499,weaker
894,4631,weaker
895,871,stronger
895,1004,incomparable
895,1303,incomparable
895,2343,incomparable
895,2676,incomparable
895,2713,stronger
895,3583,incomparable
895,4398,weaker
896,1108,equivalent
896,1140,equivalent
896,1421,equivalent
896,1809,equivalent
896,2076,weaker
896,2612,equivalent
896,3086,weaker
896,3455,weaker
896,4139,weaker
896,4224,weaker
897,29,incomparable
897,596,stronger
897,983,stronger
897,1037,incomparable
897,1061,incomparable
897,1243,incomparable
897,1374,incomparable
897,3199,stronger
897,3578,incomparable
898,634,incomparable
898,1017,stronger
898,1877,incomparable
898,2213,stronger
898,2378,stronger
898,2611,stronger
898,2958,incomparable
899,910,weaker
899,1270,weaker
899,2079,weaker
899,2838,equivalent
899,3158,equivalent
899,3328,weaker
899,3335,weaker
899,4611,weaker
900,2,equivalent
900,124,weaker
900,636,weaker
900,1298,equivalent
900,2152,weaker
900,2163,weaker
900,2349,weaker
900,3009,equivalent
900,3716,weaker
900,4287,weaker
901,103,incomparable
901,687,stronger
901,705,stronger
901,1106,stronger
901,1441,weaker
901,2642,stronger
901,3448,incomparable
901,3898,incomparable
902,109,weaker
902,398,weaker
902,401,weaker
902,461,weaker
902,888,equivalent
902,1328,weaker
902,1349,weaker
902,1738,weaker
902,1988,equivalent
902,2247,weaker
902,2279,weaker
902,2712,weaker
902,3369,weaker
902,3410,weaker
902,4561,weaker
903,112,weaker
903,281,weaker
903,300,equivalent
903,646,weaker
903,1172,equivalent
903,1286,weaker
903,1527,equivalent
903,1589,equivalent
903,1919,equivalent
903,1938,equivalent
903,2134,weaker
903,2181,equivalent
903,2350,equivalent
903,2454,weaker
903,2560,equivalent
903,3249,equivalent
903,3558,weaker
903,3784,weaker
903,3802,weaker
903,3912,weaker
903,4184,weaker
903,4446,weaker
904,102,weaker
904,178,equivalent
904,201,equivalent
904,259,weaker
904,1537,weaker
904,1704,equivalent
904,2530,weaker
904,2992,weaker
904,3216,equivalent
904,3238,equivalent
904,3507,weaker
904,4115,weaker
904,4563,weaker
905,360,weaker
905,371,weaker
905,682,weaker
905,1266,weaker
905,1401,equivalent
905,1497,equivalent
905,2367,equivalent
905,2486,weaker
905,3401,weaker
905,3953,weaker
905,4044,weaker
906,1459,incomparable
906,1983,incomparable
906,3414,incomparable
906,3524,incomparable
906,3810,incomparable
907,547,stronger
907,1134,stronger
907,1176,stronger
907,1232,incomparable
907,2272,incomparable
907,2494,incomparable
907,2654,incomparable
907,3043,stronger
907,3204,stronger
907,3610,incomparable
907,4424,incomparable
907,4468,incomparable
908,203,weaker
908,346,weaker
908,657,weaker
908,924,equivalent
908,1590,weaker
908,1627,equivalent
908,2465,weaker
908,3230,equivalent
909,1134,stronger
909,1244,incomparable
909,1884,incomparable
909,2272,incomparable
909,3121,stronger
909,3421,incomparable
909,3719,incomparable
909,3800,incomparable
909,4371,incomparable
910,376,incomparable
910,746,incomparable
910,1014,incomparable
910,1023,incomparable
910,1507,incomparable
910,1673,incomparable
910,1968,stronger
910,2033,stronger
910,2309,stronger
910,3037,stronger
910,3754,incomparable
910,3790,incomparable
910,4023,incomparable
910,4046,incomparable
910,4224,incomparable
910,4382,incomparable
911,730,equivalent
911,770,equivalent
911,824,weaker
911,1520,equivalent
911,1563,equivalent
911,2490,weaker
911,3094,weaker
911,3119,equivalent
911,3881,weaker
911,4037,weaker
911,4332,weaker
911,4436,weaker
911,4492,weaker
912,104,incomparable
912,129,stronger
912,379,incomparable
912,642,weaker
912,648,incomparable
912,1108,stronger
912,1842,incomparable
912,2046,incomparable
912,2172,stronger
912,3121,stronger
912,3156,stronger
912,3158,stronger
912,3194,stronger
912,3825,incomparable
912,3936,incomparable
912,4090,weaker
912,4379,incomparable
912,4664,incomparable
913,1482,weaker
913,1551,equivalent
913,2620,equivalent
913,3328,weaker
913,4520,weaker
914,145,stronger
914,1520,stronger
914,1960,stronger
914,2193,stronger
914,2291,incomparable
914,2426,stronger
914,3323,weaker
914,3707,incomparable
914,4385,incomparable
914,4538,incomparable
914,4566,incomparable
914,4694,incomparable
915,340,weaker
915,693,equivalent
915,714,weaker
915,797,equivalent
915,1404,equivalent
915,1532,equivalent
915,1857,weaker
915,2506,weaker
915,2777,equivalent
915,2917,weaker
915,3273,weaker
915,3878,weaker
916,157,incomparable
916,724,stronger
916,749,incomparable
916,1356,stronger
916,1899,stronger
916,2881,incomparable
916,3610,incomparable
916,4438,incomparable
917,156,incomparable
917,254,stronger
917,1129,incomparable
917,1674,incomparable
917,1910,incomparable
917,1928,stronger
917,2051,incomparable
917,2086,incomparable
917,2483,incomparable
917,2872,incomparable
917,3340,incomparable
917,3517,incomparable
917,3531,incomparable
917,4039,incomparable
917,4379,incomparable
917,4692,incomparable
918,48,weaker
918,760,equivalent
918,1797,weaker
918,2168,equivalent
918,2622,equivalent
918,3380,weaker
918,3460,weaker
918,3705,weaker
918,3810,weaker
919,41,incomparable
919,54,incomparable
919,1361,incomparable
919,2375,stronger
919,2388,stronger
919,2733,incomparable
919,2790,stronger
919,2824,stronger
919,2943,stronger
919,3520,incomparable
919,3850,incomparable
919,3851,incomparable
919,4434,incomparable
920,1140,equivalent
920,1519,weaker
920,3303,weaker
920,3441,weaker
920,3677,weaker
920,3690,weaker
920,4360,weaker
921,462,weaker
921,815,equivalent
921,1302,equivalent
921,2146,weaker
921,2253,weaker
921,2443,weaker
921,2877,weaker
921,3048,equivalent
921,3086,weaker
921,3580,weaker
921,3696,weaker
921,3868,weaker
921,3931,weaker
921,4047,weaker
922,540,stronger
922,1002,stronger
922,1118,stronger
922,1598,equivalent
922,1752,stronger
922,1887,incomparable
922,1924,incomparable
922,2088,incomparable
922,2298,stronger
922,3026,stronger
922,3142,incomparable
922,3211,incomparable
922,3622,incomparable
922,3726,incomparable
923,125,weaker
923,292,equivalent
923,719,weaker
923,1760,equivalent
923,2845,equivalent
923,3633,weaker
923,3894,weaker
924,207,weaker
924,495,weaker
924,538,equivalent
924,580,equivalent
924,2191,equivalent
924,2760,equivalent
924,3186,equivalent
924,3297,weaker
924,4225,weaker
925,182,weaker
925,1205,equivalent
925,1346,equivalent
925,1372,equivalent
925,2010,equivalent
925,2734,weaker
925,2935,equivalent
925,4082,weaker
925,4191,weaker
926,46,incomparable
926,194,incomparable
926,731,weaker
926,936,stronger
926,1409,stronger
926,2161,incomparable
926,2536,incomparable
926,2585,stronger
926,2931,stronger
926,3433,incomparable
926,3559,incomparable
926,3916,incomparable
926,3969,incomparable
926,4377,incomparable
927,987,equivalent
927,1807,equivalent
927,2476,weaker
927,3329,weaker
927,3557,weaker
927,4420,weaker
928,956,stronger
928,984,stronger
928,1113,weaker
928,1217,incomparable
928,1899,stronger
928,2010,stronger
928,2919,incomparable
928,3062,incomparable
928,3164,stronger
928,3219,stronger
928,3306,weaker
928,3998,incomparable
928,4283,incomparable
929,1933,equivalent
929,2025,equivalent
929,2381,weaker
929,2510,equivalent
929,2549,equivalent
929,2847,weaker
929,2933,equivalent
929,3772,weaker
929,4171,weaker
930,935,stronger
930,954,stronger
930,1040,incomparable
930,1087,stronger
930,1615,stronger
930,1902,incomparable
930,2089,incomparable
930,2316,incomparable
930,3111,stronger
930,3131,incomparable
930,3313,incomparable
930,3381,incomparable
930,3410,incomparable
930,3475,incomparable
930,3583,incomparable
930,3834,incomparable
930,4065,weaker
930,4470,incomparable
931,531,equivalent
931,786,weaker
931,1142,equivalent
931,2315,equivalent
931,2656,weaker
931,2816,weaker
931,3345,weaker
931,3980,weaker
931,4640,weaker
932,1003,equivalent
932,1267,weaker
932,1561,weaker
932,2300,weaker
932,2988,equivalent
932,2997,equivalent
932,3157,equivalent
932,4551,weaker
933,1164,equivalent
933,1718,weaker
933,1902,weaker
933,2465,weaker
933,2763,equivalent
933,3270,weaker
933,3556,weaker
933,3695,weaker
933,3768,weaker
933,4394,weaker
933,4541,weaker
934,571,incomparable
934,618,incomparable
934,963,stronger
934,1029,incomparable
934,1200,stronger
934,1509,stronger
934,2187,stronger
934,2514,stronger
934,3697,incomparable
934,4143,incomparable
934,4380,incomparable
934,4564,incomparable
934,4578,incomparable
935,306,equivalent
935,979,equivalent
935,1228,weaker
935,1647,weaker
935,1880,weaker
935,1963,equivalent
935,3459,weaker
935,3588,weaker
935,3649,weaker
935,4546,weaker
935,4681,weaker
936,106,weaker
936,236,equivalent
936,690,weaker
936,1164,equivalent
936,1325,weaker
936,1406,equivalent
936,1904,weaker
936,2404,equivalent
936,2657,weaker
936,3409,weaker
936,4464,weaker
937,1425,equivalent
937,1725,equivalent
937,2491,weaker
937,2784,equivalent
937,2790,equivalent
937,2857,weaker
937,3397,weaker
937,3693,weaker
937,3995,weaker
938,99,incomparable
938,1251,incomparable
938,1645,incomparable
938,2023,stronger
938,2674,incomparable
938,3835,incomparable
938,3983,incomparable
938,4082,incomparable
938,4258,weaker
939,449,weaker
939,924,equivalent
939,1115,weaker
939,1281,weaker
939,1957,equivalent
939,2278,weaker
939,2467,weaker
939,3001,equivalent
939,3385,weaker
940,501,weaker
940,1551,equivalent
940,1783,equivalent
940,1831,equivalent
940,1980,equivalent
940,2169,weaker
940,3431,weaker
940,3956,weaker
941,187,equivalent
941,218,weaker
941,378,weaker
941,944,equivalent
941,1588,equivalent
941,2432,equivalent
941,3266,weaker
941,3319,weaker
941,3673,weaker
941,4558,weaker
942,327,weaker
942,1364,equivalent
942,1939,equivalent
942,1978,equivalent
942,2027,equivalent
942,2164,weaker
942,2303,weaker
942,2353,equivalent
942,2687,weaker
942,3563,weaker
942,4068,weaker
942,4236,weaker
942,4486,weaker
943,326,incomparable
943,456,incomparable
943,568,stronger
943,835,weaker
943,1062,incomparable
943,1227,incomparable
943,1649,incomparable
943,2458,incomparable
943,2712,incomparable
943,2967,stronger
943,3166,stronger
943,3758,incomparable
943,4474,incomparable
943,4521,incomparable
944,44,weaker
944,876,equivalent
944,1208,equivalent
944,1239,weaker
944,2169,weaker
944,2710,weaker
944,3153,equivalent
944,3387,weaker
944,3662,weaker
944,4268,weaker
944,4652,weaker
945,365,weaker
945,2642,equivalent
945,3121,equivalent
945,3411,weaker
945,3501,weaker
945,3927,weaker
945,4057,weaker
945,4393,weaker
946,106,weaker
946,509,equivalent
946,629,weaker
946,1223,weaker
946,1350,equivalent
946,2170,weaker
946,2433,equivalent
946,2631,equivalent
946,3119,equivalent
946,3281,weaker
946,3819,weaker
946,3855,weaker
946,3895,weaker
946,4102,weaker
947,74,stronger
947,616,incomparable
947,1308,stronger
947,1337,stronger
947,1924,incomparable
947,2038,incomparable
947,2176,stronger
947,2368,incomparable
947,2578,stronger
947,3147,incomparable
947,3395,incomparable
947,3713,incomparable
947,3981,incomparable
948,980,equivalent
948,1133,weaker
948,1235,weaker
948,1416,equivalent
948,1550,equivalent
948,2045,weaker
948,2387,equivalent
948,3155,weaker
948,4238,weaker
948,4257,weaker
949,351,incomparable
949,1086,incomparable
949,1260,incomparable
949,1610,stronger
949,1729,weaker
949,1813,stronger
949,2455,incomparable
949,2755,incomparable
949,2797,stronger
949,2947,incomparable
949,3164,stronger
949,3337,incomparable
949,3525,incomparable
949,3930,incomparable
950,39,weaker
950,970,equivalent
950,1169,equivalent
950,1745,equivalent
950,2746,weaker
950,2930,equivalent
951,194,incomparable
951,1139,stronger
951,1495,stronger
951,2018,stronger
951,2167,incomparable
951,2480,incomparable
951,3098,incomparable
951,4523,incomparable
952,355,incomparable
952,1457,incomparable
952,1652,incomparable
952,2031,stronger
952,2594,stronger
952,3653,incomparable
952,3683,incomparable
952,4047,incomparable
952,4085,incomparable
952,4357,incomparable
953,513,weaker
953,555,equivalent
953,928,weaker
953,1260,weaker
953,1321,equivalent
953,1826,weaker
953,2114,equivalent
953,2457,weaker
953,2824,equivalent
953,3079,weaker
954,55,weaker
954,736,equivalent
954,1330,equivalent
954,1702,equivalent
954,1803,equivalent
954,1820,equivalent
954,1835,weaker
954,1919,equivalent
954,2213,equivalent
954,3102,weaker
954,3777,weaker
955,155,incomparable
955,397,incomparable
955,655,incomparable
955,662,incomparable
955,881,stronger
955,996,stronger
955,1169,stronger
955,1770,stronger
955,1906,stronger
955,2030,stronger
955,2097,incomparable
955,2323,stronger
955,2654,incomparable
955,3145,incomparable
955,3629,incomparable
955,3670,incomparable
955,3749,incomparable
955,4551,incomparable
956,9,weaker
956,492,weaker
956,1428,weaker
956,2227,weaker
956,2259,weaker
956,2798,equivalent
956,4322,weaker
956,4323,weaker
956,4610,weaker
957,1765,equivalent
957,2626,equivalent
957,2832,equivalent
958,31,weaker
958,152,weaker
958,214,weaker
958,690,weaker
958,1663,weaker
958,1869,weaker
958,1953,weaker
958,2007,equivalent
958,2384,equivalent
958,2476,weaker
958,2605,weaker
958,3395,weaker
958,3680,weaker
958,4056,weaker
958,4262,weaker
958,4575,weaker
959,245,equivalent
959,2114,equivalent
959,2349,weaker
959,2555,equivalent
959,2581,equivalent
959,2717,equivalent
959,2943,equivalent
959,3733,weaker
959,3860,weaker
959,4244,weaker
960,1457,incomparable
960,1505,stronger
960,1728,incomparable
960,2638,stronger
960,3266,incomparable
960,3328,incomparable
960,3708,incomparable
960,4058,incomparable
960,4302,incomparable
960,4517,incomparable
961,316,weaker
961,396,weaker
961,822,weaker
961,1138,equivalent
961,1197,weaker
961,1243,weaker
961,1347,equivalent
961,2127,weaker
961,2767,equivalent
961,2990,weaker
961,3513,weaker
961,3657,weaker
961,4391,weaker
962,193,stronger
962,1090,incomparable
962,1187,stronger
962,1198,stronger
962,1743,stronger
962,1896,stronger
962,2642,stronger
962,3387,incomparable
962,3674,incomparable
962,3826,incomparable
963,98,equivalent
963,201,equivalent
963,926,weaker
963,985,weaker
963,1080,equivalent
963,1321,equivalent
963,1948,equivalent
963,2007,equivalent
963,2154,equivalent
963,3807,weaker
963,4246,weaker
963,4388,weaker
963,4576,weaker
963,4690,weaker
964,7,stronger
964,267,incomparable
964,504,incomparable
964,540,stronger
964,1161,stronger
964,1732,stronger
964,1780,incomparable
964,1935,stronger
964,3550,incomparable
964,3885,incomparable
964,4580,incomparable
965,496,equivalent
965,1090,weaker
965,1813,equivalent
965,2466,weaker
965,2934,equivalent
965,3125,equivalent
965,3271,weaker
965,4017,weaker
966,1380,equivalent
966,2356,equivalent
966,2415,weaker
966,3015,weaker
966,3512,weaker
966,3649,weaker
966,3962,weaker
966,3983,weaker
966,3994,weaker
967,324,weaker
967,1215,equivalent
967,1619,equivalent
967,2765,weaker
967,2827,equivalent
967,3216,equivalent
967,3269,weaker
967,3917,weaker
967,4022,weaker
967,4514,weaker
967,4573,weaker
968,620,incomparable
968,1041,incomparable
968,1326,stronger
968,2134,incomparable
968,2789,stronger
968,3130,stronger
968,4428,incomparable
969,292,equivalent
969,447,weaker
969,563,equivalent
969,744,weaker
969,2018,equivalent
969,2273,weaker
969,2483,weaker
969,2613,weaker
969,2747,equivalent
969,3044,weaker
969,4242,weaker
970,677,weaker
970,793,equivalent
970,1123,equivalent
970,1453,weaker
970,1877,weaker
970,2469,weaker
970,2815,equivalent
970,3149,weaker
970,3167,weaker
970,3443,weaker
970,3645,weaker
970,3732,weaker
970,4295,weaker
970,4541,weaker
971,136,equivalent
971,140,equivalent
971,575,weaker
971,641,weaker
971,719,weaker
971,870,weaker
971,1110,weaker
971,1226,weaker
971,1612,equivalent
971,1883,weaker
971,1965,equivalent
971,2050,weaker
971,2165,weaker
971,2516,equivalent
971,2699,weaker
971,3002,weaker
971,3840,weaker
971,3920,weaker
972,740,equivalent
972,1202,incomparable
972,1729,incomparable
972,2153,stronger
972,2317,stronger
972,2337,incomparable
972,2589,stronger
972,3315,incomparable
972,3569,incomparable
972,3623,incomparable
972,3790,incomparable
972,4028,incomparable
973,328,weaker
973,391,weaker
973,936,equivalent
973,1252,weaker
973,1943,weaker
973,3383,weaker
973,3556,weaker
973,3702,weaker
973,3827,weaker
973,3930,weaker
973,4241,weaker
973,4296,weaker
973,4417,weaker
973,4588,weaker
974,164,weaker
974,318,weaker
974,345,weaker
974,1654,weaker
974,2179,equivalent
974,2316,weaker
974,2603,equivalent
974,3205,weaker
974,3278,weaker
974,3869,weaker
974,4446,weaker
974,4520,weaker
975,310,weaker
975,891,equivalent
975,1251,weaker
975,1362,equivalent
975,1529,equivalent
975,2549,equivalent
975,3291,weaker
975,3541,weaker
975,4005,weaker
975,4247,weaker
976,255,weaker
976,267,weaker
976,330,weaker
976,677,weaker
976,1127,equivalent
976,1203,equivalent
976,1909,equivalent
976,2879,weaker
976,3214,weaker
976,3372,weaker
976,3581,weaker
976,3654,weaker
976,3810,weaker
977,1,weaker
977,184,stronger
977,572,incomparable
977,900,stronger
977,2031,stronger
977,2139,stronger
977,2998,incomparable
977,3201,incomparable
977,4083,weaker
977,4228,incomparable
978,1026,incomparable
978,1151,stronger
978,1405,incomparable
978,1438,incomparable
978,1939,stronger
978,3469,incomparable
978,3512,incomparable
979,34,weaker
979,43,weaker
979,120,weaker
979,1185,equivalent
979,1500,equivalent
979,2020,equivalent
979,2590,equivalent
979,2819,equivalent
979,3172,equivalent
979,3524,weaker
979,3703,weaker
979,3777,weaker
979,3778,weaker
979,4224,weaker
979,4529,weaker
979,4667,weaker
980,690,weaker
980,1389,equivalent
980,1644,weaker
980,2752,equivalent
980,3605,weaker
980,3619,weaker
980,4480,weaker
981,84,stronger
981,374,incomparable
981,379,incomparable
981,1176,stronger
981,1250,incomparable
981,2325,stronger
981,2874,incomparable
981,3317,incomparable
981,3944,incomparable
981,4115,incomparable
981,4229,incomparable
982,22,equivalent
982,63,weaker
982,315,weaker
982,891,equivalent
982,1114,equivalent
982,1303,weaker
982,1809,equivalent
982,1918,equivalent
982,2618,weaker
982,3197,weaker
982,3995,weaker
982,4029,weaker
982,4400,weaker
982,4589,weaker
983,475,equivalent
983,670,weaker
983,1701,weaker
983,1830,equivalent
983,2378,equivalent
983,2396,equivalent
983,2864,weaker
983,3121,equivalent
983,3243,equivalent
983,3860,weaker
983,3943,weaker
983,4517,weaker
983,4654,weaker
984,448,weaker
984,549,weaker
984,1055,weaker
984,1395,weaker
984,1578,equivalent
984,1726,weaker
984,1854,weaker
984,2440,equivalent
984,2875,weaker
984,2949,weaker
984,4209,weaker
984,4281,weaker
985,174,stronger
985,412,incomparable
985,436,incomparable
985,634,incomparable
985,648,incomparable
985,1386,stronger
985,1794,stronger
985,2180,incomparable
985,2224,stronger
985,2447,incomparable
985,3675,incomparable
985,3913,incomparable
985,3925,weaker
985,3981,incomparable
985,3992,incomparable
985,4200,weaker
985,4440,incomparable
986,255,weaker
986,2396,equivalent
986,2469,weaker
986,2489,weaker
986,2679,weaker
986,3558,weaker
987,489,weaker
987,665,weaker
987,1213,equivalent
987,2038,weaker
987,3918,weaker
987,3976,weaker
987,4224,weaker
987,4527,weaker
987,4656,weaker
988,215,weaker
988,302,weaker
988,326,weaker
988,547,equivalent
988,960,weaker
988,1071,weaker
988,1213,equivalent
988,2237,equivalent
988,3574,weaker
988,3848,weaker
989,191,stronger
989,265,incomparable
989,290,incomparable
989,915,stronger
989,1048,incomparable
989,1319,stronger
989,2080,incomparable
989,2910,incomparable
989,3520,incomparable
989,3972,weaker
989,4159,incomparable
990,332,weaker
990,421,weaker
990,698,weaker
990,1381,equivalent
990,1519,weaker
990,1763,weaker
990,1793,weaker
990,1843,weaker
990,1892,equivalent
990,2274,weaker
990,4354,weaker
991,85,equivalent
991,326,weaker
991,548,equivalent
991,938,weaker
991,977,weaker
991,1003,equivalent
991,1813,equivalent
991,2411,equivalent
991,2647,weaker
991,2797,equivalent
991,3916,weaker
991,3994,weaker
991,4073,weaker
991,4122,weaker
991,4387,weaker
992,1968,equivalent
992,2066,weaker
992,2550,weaker
992,2748,equivalent
992,3401,weaker
992,3601,weaker
992,3726,weaker
992,4251,weaker
993,662,weaker
993,678,equivalent
993,1993,weaker
993,2067,weaker
993,2113,weaker
993,2252,weaker
993,2448,weaker
993,2798,equivalent
993,3023,equivalent
993,3046,equivalent
993,3487,weaker
993,4022,weaker
994,131,stronger
994,599,stronger
994,1254,incomparable
994,1861,incomparable
994,2386,stronger
994,2888,incomparable
994,3394,incomparable
994,3863,incomparable
995,541,weaker
995,751,equivalent
995,1760,equivalent
995,2752,equivalent
995,3341,weaker
995,4148,weaker
995,4241,weaker
996,254,equivalent
996,426,weaker
996,1257,weaker
996,1421,equivalent
996,1918,equivalent
996,2568,equivalent
996,2854,weaker
996,2903,weaker
996,2990,weaker
996,3221,equivalent
996,3390,weaker
996,3586,weaker
996,3721,weaker
996,4108,weaker
996,4119,weaker
997,562,weaker
997,3046,equivalent
997,3339,weaker
997,3402,weaker
997,3525,weaker
997,4313,weaker
998,564,equivalent
998,789,equivalent
998,856,weaker
998,1200,equivalent
998,1256,weaker
998,1640,weaker
998,1668,weaker
998,2198,equivalent
998,2260,weaker
998,2301,weaker
998,2413,equivalent
998,2577,equivalent
998,2598,equivalent
998,2998,weaker
998,3160,equivalent
998,3197,weaker
998,3409,weaker
999,605,stronger
999,763,stronger
999,1274,incomparable
999,1402,stronger
999,1519,incomparable
999,1995,stronger
999,2215,stronger
999,2695,incomparable
999,3249,stronger
999,3280,incomparable
999,3360,incomparable
999,3398,incomparable
999,3408,incomparable
999,3861,incomparable
999,3966,incomparable
1000,833,weaker
1000,966,equivalent
1000,1264,weaker
1000,1371,equivalent
1000,2035,weaker
1000,2117,equivalent
1000,2324,equivalent
1000,2617,equivalent
1000,2884,weaker
1000,2885,weaker
1000,3118,weaker
1000,3438,weaker
1000,3451,weaker
1000,3648,weaker
1000,3798,weaker
1000,4101,weaker
1001,649,weaker
1001,668,equivalent
1001,670,weaker
1001,1192,weaker
1001,1256,weaker
1001,1282,equivalent
1001,1300,equivalent
1001,1328,weaker
1001,1395,weaker
1001,1539,weaker
1001,1707,weaker
1001,1712,equivalent
1001,1732,equivalent
1001,1963,equivalent
1001,2229,equivalent
1001,2664,weaker
1001,3677,weaker
1001,3856,weaker
1001,4062,weaker
1001,4071,weaker
1001,4325,weaker
1001,4678,weaker
1002,246,weaker
1002,2439,equivalent
1002,2698,equivalent
1002,2702,weaker
1002,3476,weaker
1003,350,weaker
1003,1231,weaker
1003,1250,weaker
1003,1627,equivalent
1003,2815,equivalent
1003,3291,weaker
1003,3378,weaker
1003,3644,weaker
1003,4183,weaker
1003,4409,weaker
1004,76,stronger
1004,630,incomparable
1004,981,weaker
1004,1423,stronger
1004,1478,weaker
1004,1977,incomparable
1004,2867,incomparable
1004,3836,incomparable
1004,4314,incomparable
1004,4546,incomparable
1004,4611,weaker
1005,534,equivalent
1005,898,weaker
1005,1496,weaker
1005,1528,weaker
1005,1979,weaker
1005,2799,weaker
1005,3597,weaker
1005,3641,weaker
1005,3722,weaker
1005,4132,weaker
1005,4494,weaker
1006,139,equivalent
1006,660,weaker
1006,682,weaker
1006,1115,weaker
1006,1344,weaker
1006,1739,equivalent
1006,1945,weaker
1006,2525,weaker
1006,3030,equivalent
1006,3349,weaker
1006,3567,weaker
1006,3937,weaker
1006,4263,weaker
1006,4395,weaker
1007,147,equivalent
1007,197,equivalent
1007,234,weaker
1007,858,weaker
1007,896,equivalent
1007,2713,equivalent
1007,3197,weaker
1007,3596,weaker
1007,3838,weaker
1007,3953,weaker
1007,4016,weaker
1007,4402,weaker
1007,4449,weaker
1007,4531,weaker
1007,4592,weaker
1008,212,weaker
1008,1174,equivalent
1008,1276,weaker
1008,1407,equivalent
1008,3705,weaker
1008,3759,weaker
1008,4422,weaker
1008,4650,weaker
1009,4233,incomparable
1009,4433,incomparable
1009,4525,incomparable
1009,4607,incomparable
1010,41,weaker
1010,2875,weaker
1010,3326,weaker
1010,3341,weaker
1010,3472,weaker
1010,4241,weaker
1011,41,weaker
1011,164,weaker
1011,374,weaker
1011,1327,equivalent
1011,1358,weaker
1011,1491,weaker
1011,1772,weaker
1011,1860,weaker
1011,1893,equivalent
1011,2122,equivalent
1011,2266,weaker
1011,2284,weaker
1011,2420,weaker
1011,2530,weaker
1011,2760,equivalent
1011,2780,equivalent
1011,3032,equivalent
1011,3501,weaker
1011,4197,weaker
1011,4609,weaker
1012,142,weaker
1012,1008,equivalent
1012,1154,weaker
1012,1574,equivalent
1012,1998,equivalent
1012,2203,weaker
1012,2351,weaker
1012,2909,weaker
1012,3044,weaker
1012,3393,weaker
1012,3525,weaker
1012,3856,weaker
1012,4199,weaker
1012,4225,weaker
1012,4485,weaker
1013,660,weaker
1013,1088,weaker
1013,2092,equivalent
1013,2122,equivalent
1013,2134,weaker
1013,2559,equivalent
1013,2747,equivalent
1013,2979,weaker
1013,3239,equivalent
1013,3245,equivalent
1013,3298,weaker
1013,3309,weaker
1013,3503,weaker
1013,3872,weaker
1013,4618,weaker
1014,913,stronger
1014,1091,stronger
1014,1415,incomparable
1014,1612,stronger
1014,1651,incomparable
1014,1768,stronger
1014,1926,stronger
1014,2099,stronger
1014,2854,incomparable
1014,4126,incomparable
1014,4172,incomparable
1014,4184,incomparable
1014,4275,weaker
1015,367,weaker
1015,552,equivalent
1015,808,equivalent
1015,937,equivalent
1015,954,equivalent
1015,2198,equivalent
1015,2224,equivalent
1015,2839,equivalent
1015,3339,weaker
1015,3713,weaker
1015,4578,weaker
1016,134,weaker
1016,1201,equivalent
1016,1580,equivalent
1016,2724,weaker
1016,3101,weaker
1016,3255,weaker
1016,3298,weaker
1016,3752,weaker
1016,3842,weaker
1016,4246,weaker
1016,4468,weaker
1017,317,weaker
1017,345,weaker
1017,1385,equivalent
1017,2387,equivalent
1017,2644,weaker
1017,2714,weaker
1017,3553,weaker
1017,3554,weaker
1017,3666,weaker
1018,247,equivalent
1018,300,equivalent
1018,1513,equivalent
1018,1811,weaker
1018,1867,weaker
1018,2227,weaker
1018,2330,weaker
1018,2524,equivalent
1018,2989,equivalent
1018,3096,weaker
1018,3247,weaker
1018,3464,weaker
1018,4420,weaker
1018,4637,weaker
1019,1195,equivalent
1019,1509,equivalent
1019,1548,equivalent
1019,1691,weaker
1019,1909,equivalent
1019,4191,weaker
1020,835,incomparable
1020,1521,incomparable
1020,1527,stronger
1020,1535,incomparable
1020,1817,stronger
1020,2432,stronger
1020,2566,stronger
1020,2871,incomparable
1020,3117,stronger
1020,3161,incomparable
1020,4030,incomparable
1020,4512,incomparable
1021,69,stronger
1021,381,incomparable
1021,671,stronger
1021,745,stronger
1021,790,stronger
1021,988,stronger
1021,1418,stronger
1021,1799,stronger
1021,2131,stronger
1021,2308,incomparable
1021,3004,stronger
1021,3287,incomparable
1021,3560,incomparable
1021,4540,incomparable
1022,297,stronger
1022,780,stronger
1022,1328,stronger
1022,1402,stronger
1022,1523,incomparable
1022,1818,stronger
1022,3108,stronger
1022,4182,incomparable
1023,833,incomparable
1023,1505,stronger
1023,3539,incomparable
1023,3586,incomparable
1023,3683,incomparable
1023,3813,incomparable
1023,3964,incomparable
1023,4289,incomparable
1024,272,stronger
1024,1739,stronger
1024,1771,stronger
1024,2113,incomparable
1024,2576,incomparable
1024,2918,stronger
1024,3074,incomparable
1024,3456,weaker
1024,3844,incomparable
1024,4405,incomparable
1024,4508,incomparable
1025,1,weaker
1025,67,stronger
1025,110,stronger
1025,224,incomparable
1025,367,incomparable
1025,1528,incomparable
1025,2498,stronger
1025,2509,stronger
1025,2813,stronger
1025,3824,incomparable
1025,3962,incomparable
1025,4324,incomparable
1026,765,incomparable
1026,1509,stronger
1026,2087,incomparable
1026,2343,incomparable
1026,2839,stronger
1026,3258,incomparable
1026,3784,incomparable
1026,4462,incomparable
1027,747,stronger
1027,1238,incomparable
1027,1388,stronger
1027,1596,stronger
1027,1612,stronger
1027,2080,incomparable
1027,2650,incomparable
1027,3362,incomparable
1027,3691,incomparable
1027,3988,incomparable
1027,4267,incomparable
1027,4678,incomparable
1028,273,incomparable
1028,1239,incomparable
1028,1622,stronger
1028,1692,incomparable
1028,1715,stronger
1028,1762,stronger
1028,1955,stronger
1028,3367,incomparable
1028,3425,incomparable
1028,3744,incomparable
1028,4107,incomparable
1029,261,incomparable
1029,924,stronger
1029,1463,incomparable
1029,2132,incomparable
1029,2144,incomparable
1029,2809,stronger
1029,3106,incomparable
1029,3783,incomparable
1029,3824,incomparable
1030,85,stronger
1030,820,weaker
1030,840,incomparable
1030,992,stronger
1030,1168,stronger
1030,1575,stronger
1030,2326,stronger
1030,2556,stronger
1030,2862,incomparable
1030,3620,incomparable
1030,3713,incomparable
1030,4086,incomparable
1030,4141,incomparable
1030,4247,incomparable
1030,4379,incomparable
1030,4599,incomparable
1031,1724,incomparable
1031,2046,incomparable
1031,2116,incomparable
1031,2155,stronger
1031,2234,stronger
1031,2655,incomparable
1031,2815,stronger
1031,3282,incomparable
1031,3446,incomparable
1031,3675,incomparable
1031,4558,incomparable
1032,145,stronger
1032,1296,stronger
1032,1650,incomparable
1032,2897,incomparable
1032,3282,incomparable
1032,3760,incomparable
1032,3799,incomparable
1032,3909,incomparable
1032,3941,incomparable
1032,4127,incomparable
1032,4255,incomparable
1033,363,incomparable
1033,369,incomparable
1033,422,weaker
1033,506,incomparable
1033,532,incomparable
1033,1016,stronger
1033,1301,incomparable
1033,1320,incomparable
1033,1446,incomparable
1033,2134,incomparable
1033,2491,incomparable
1033,4202,incomparable
1033,4405,incomparable
1034,242,incomparable
1034,1974,stronger
1034,2516,stronger
1034,2912,incomparable
1034,3082,incomparable
1034,3317,incomparable
1034,3318,weaker
1034,3648,incomparable
1034,4441,incomparable
1034,4478,incomparable
1034,4556,incomparable
1034,4565,incomparable
1035,168,incomparable
1035,651,stronger
1035,1327,stronger
1035,1468,incomparable
1035,1722,incomparable
1035,1757,stronger
1035,2795,incomparable
1035,3329,incomparable
1035,3343,incomparable
1035,3500,incomparable
1036,65,incomparable
1036,746,incomparable
1036,1160,stronger
1036,1276,incomparable
1036,1418,stronger
1036,2014,incomparable
1036,4135,incomparable
1037,439,incomparable
1037,1297,stronger
1037,1957,stronger
1037,3740,incomparable
1037,4103,incomparable
1037,4615,incomparable
1038,72,incomparable
1038,840,stronger
1038,2702,incomparable
1038,2743,incomparable
1038,2829,stronger
1038,2881,incomparable
1038,2889,incomparable
1038,3790,incomparable
1038,3891,incomparable
1038,4145,incomparable
1039,437,incomparable
1039,1399,stronger
1039,1726,incomparable
1039,2152,incomparable
1039,2424,stronger
1039,2864,incomparable
1039,3679,incomparable
1039,3904,incomparable
1039,3984,incomparable
1039,4042,incomparable
1039,4418,incomparable
1039,4559,incomparable
1040,310,weaker
1040,747,stronger
1040,890,stronger
1040,967,stronger
1040,1208,stronger
1040,1307,incomparable
1040,1837,weaker
1040,3769,incomparable
1040,4084,incomparable
1041,408,incomparable
1041,873,incomparable
1041,1176,stronger
1041,1545,stronger
1041,1668,incomparable
1041,1947,stronger
1041,2322,incomparable
1041,2551,stronger
1041,2752,stronger
1041,2804,incomparable
1041,2908,stronger
1041,3239,stronger
1041,4400,incomparable
1041,4594,incomparable
1042,481,incomparable
1042,567,stronger
1042,715,stronger
1042,2283,incomparable
1042,2618,incomparable
1042,3016,stronger
1042,4246,incomparable
1042,4623,incomparable
1042,4684,incomparable
1043,1523,incomparable
1043,1709,incomparable
1043,2556,stronger
1043,2946,incomparable
1043,3461,incomparable
1043,4245,incomparable
1043,4676,incomparable
1044,51,weaker
1044,270,incomparable
1044,512,stronger
1044,919,incomparable
1044,1060,weaker
1044,1188,incomparable
1044,2082,weaker
1044,2560,stronger
1044,3461,weaker
1045,48,incomparable
1045,66,incomparable
1045,1359,stronger
1045,1906,stronger
1045,2183,stronger
1045,2445,incomparable
1045,3013,stronger
1045,3541,incomparable
1046,283,incomparable
1046,397,incomparable
1046,735,incomparable
1046,985,incomparable
1046,1264,incomparable
1046,1656,incomparable
1046,1886,stronger
1046,1984,stronger
1046,2197,stronger
1046,3789,incomparable
1047,84,stronger
1047,429,weaker
1047,528,incomparable
1047,3010,stronger
1047,3347,incomparable
1047,3398,incomparable
1047,3929,weaker
1048,146,stronger
1048,306,stronger
1048,827,incomparable
1048,1373,stronger
1048,1984,stronger
1048,2589,stronger
1048,2773,stronger
1048,2894,incomparable
1048,3097,incomparable
1048,3890,incomparable
1048,4096,incomparable
1048,4660,incomparable
1049,180,stronger
1049,196,stronger
1049,209,incomparable
1049,695,incomparable
1049,989,incomparable
1049,996,stronger
1049,1037,incomparable
1049,1321,stronger
1049,2486,incomparable
1049,2500,stronger
1049,3059,incomparable
1049,3323,incomparable
1049,3876,incomparable
1049,3974,incomparable
1049,4284,incomparable
1049,4468,incomparable
1049,4506,incomparable
1049,4691,incomparable
1050,122,stronger
1050,165,incomparable
1050,1587,incomparable
1050,3733,incomparable
1050,3859,incomparable
1050,3877,incomparable
1050,3970,incomparable
1050,4141,incomparable
1050,4320,incomparable
1050,4603,incomparable
1050,4693,incomparable
1051,506,incomparable
1051,1515,incomparable
1051,3384,incomparable
1052,168,incomparable
1052,287,stronger
1052,1704,stronger
1052,1909,stronger
1052,1912,incomparable
1052,2966,stronger
1052,3507,incomparable
1052,3768,incomparable
1052,3791,incomparable
1052,4563,incomparable
1053,124,incomparable
1053,1290,stronger
1053,1789,incomparable
1053,1965,stronger
1053,2547,stronger
1053,3179,stronger
1053,3555,incomparable
1053,3633,incomparable
1053,3868,incomparable
1053,4136,incomparable
1053,4419,incomparable
1053,4552,incomparable
1053,4654,incomparable
1054,1193,stronger
1054,1272,equivalent
1054,1419,stronger
1054,1597,stronger
1054,1604,stronger
1054,1803,stronger
1054,2048,weaker
1054,2273,weaker
1054,2354,stronger
1054,2713,stronger
1054,3446,incomparable
1054,3808,incomparable
1054,3993,incomparable
1054,4140,weaker
1054,4245,incomparable
1055,47,incomparable
1055,962,incomparable
1055,1353,incomparable
1055,1502,incomparable
1055,1822,stronger
1055,1848,incomparable
1055,2271,incomparable
1055,2396,stronger
1055,2438,stronger
1055,2652,incomparable
1055,3530,incomparable
1055,3621,incomparable
1055,3663,incomparable
1055,3990,incomparable
1055,4197,incomparable
1056,59,stronger
1056,570,stronger
1056,648,stronger
1056,959,stronger
1056,1578,stronger
1056,2460,incomparable
1056,3051,incomparable
1056,3148,stronger
1056,3479,incomparable
1056,4223,incomparable
1056,4369,incomparable
1057,592,stronger
1057,763,stronger
1057,1110,incomparable
1057,1666,weaker
1057,1817,stronger
1057,2371,stronger
1057,2678,weaker
1057,2715,stronger
1057,3227,incomparable
1057,3901,incomparable
1058,413,weaker
1058,476,incomparable
1058,550,stronger
1058,616,weaker
1058,1043,weaker
1058,1156,stronger
1058,1333,stronger
1058,2606,stronger
1058,2627,stronger
1058,2684,weaker
1058,2956,incomparable
1058,3127,stronger
1058,3558,incomparable
1058,3820,incomparable
1058,4548,incomparable
1059,221,incomparable
1059,609,stronger
1059,952,incomparable
1059,1087,stronger
1059,1607,stronger
1059,2597,stronger
1059,2951,stronger
1059,4238,incomparable
1059,4484,incomparable
1060,669,incomparable
1060,698,incomparable
1060,740,incomparable
1060,1813,stronger
1060,3706,incomparable
1060,4165,incomparable
1060,4633,incomparable
1061,767,stronger
1061,1281,incomparable
1061,1618,incomparable
1061,1630,incomparable
1061,1756,stronger
1061,1769,stronger
1061,2344,stronger
1061,2449,incomparable
1061,2609,incomparable
1061,3224,stronger
1061,3315,incomparable
1061,3327,incomparable
1061,3790,incomparable
1061,3924,incomparable
1061,4430,incomparable
1062,482,stronger
1062,2014,incomparable
1062,2404,stronger
1062,2589,stronger
1062,3173,stronger
1062,4259,incomparable
1063,51,incomparable
1063,98,stronger
1063,742,stronger
1063,762,stronger
1063,849,incomparable
1063,1007,stronger
1063,1069,stronger
1063,1325,incomparable
1063,1380,stronger
1063,1571,incomparable
1063,1859,incomparable
1063,2215,stronger
1063,2268,incomparable
1063,2351,incomparable
1063,2602,incomparable
1063,2988,stronger
1063,4416,incomparable
1063,4646,incomparable
1064,524,incomparable
1064,698,incomparable
1064,2119,incomparable
1064,3053,incomparable
1064,3061,incomparable
1064,3160,stronger
1064,3446,incomparable
1064,3745,incomparable
1065,153,weaker
1065,305,stronger
1065,1747,stronger
1065,1755,incomparable
1065,1816,incomparable
1065,1865,weaker
1065,2294,incomparable
1065,3010,stronger
1065,3107,stronger
1065,3204,stronger
1065,3586,incomparable
1065,3639,incomparable
1065,3924,weaker
1065,4178,incomparable
1065,4485,incomparable
1065,4611,incomparable
1066,69,stronger
1066,145,stronger
1066,406,incomparable
1066,1485,incomparable
1066,1589,stronger
1066,2322,incomparable
1066,3647,incomparable
1066,3732,weaker
1067,655,incomparable
1067,931,stronger
1067,1359,stronger
1067,1688,stronger
1067,2014,stronger
1067,2437,stronger
1067,2582,stronger
1067,3034,stronger
1067,3069,incomparable
1067,3102,incomparable
1067,3109,stronger
1067,3688,incomparable
1067,3846,incomparable
1067,3884,incomparable
1067,3929,incomparable
1067,4186,incomparable
1067,4236,incomparable
1068,95,stronger
1068,275,stronger
1068,546,incomparable
1068,904,stronger
1068,1058,stronger
1068,1344,incomparable
1068,1491,incomparable
1068,1875,incomparable
1068,2079,incomparable
1068,2719,stronger
1068,2884,incomparable
1068,3774,incomparable
1068,3784,incomparable
1068,3995,incomparable
1068,4353,incomparable
1069,111,weaker
1069,299,stronger
1069,613,stronger
1069,752,incomparable
1069,1469,weaker
1069,1573,incomparable
1069,2178,incomparable
1069,2726,stronger
1069,3854,incomparable
1069,4317,weaker
1069,4647,incomparable
1070,115,incomparable
1070,555,stronger
1070,1187,stronger
1070,1232,weaker
1070,2237,stronger
1070,2429,stronger
1070,2924,stronger
1070,3278,incomparable
1070,3653,incomparable
1070,4095,incomparable
1070,4245,incomparable
1071,66,incomparable
1071,676,incomparable
1071,1097,stronger
1071,1188,incomparable
1071,2252,weaker
1071,3044,incomparable
1071,3577,incomparable
1071,3773,incomparable
1072,382,incomparable
1072,938,incomparable
1072,1128,stronger
1072,2530,incomparable
1072,2735,stronger
1072,3109,stronger
1072,3391,incomparable
1072,3519,incomparable
1072,4253,weaker
1072,4502,incomparable
1072,4625,weaker
1073,1705,incomparable
1073,2749,incomparable
1073,3311,incomparable
1073,3320,incomparable
1073,3626,incomparable
1073,3703,incomparable
1073,3923,incomparable
1073,4038,incomparable
1073,4168,incomparable
1073,4208,incomparable
1073,4319,incomparable
1074,801,weaker
1074,2767,equivalent
1074,3173,equivalent
1074,3665,weaker
1074,3886,weaker
1074,3974,weaker
1074,4145,weaker
1074,4570,weaker
1075,67,stronger
1075,322,incomparable
1075,1797,stronger
1075,3235,stronger
1075,3522,incomparable
1075,3920,incomparable
1075,4336,incomparable
1075,4584,incomparable
1076,52,incomparable
1076,108,incomparable
1076,1194,stronger
1076,1779,stronger
1076,2856,incomparable
1076,2975,stronger
1076,3722,unknown
1076,3828,incomparable
1076,4039,incomparable
1076,4103,incomparable
1076,4635,incomparable
1077,514,equivalent
1077,602,equivalent
1077,804,equivalent
1077,1426,weaker
1077,1791,equivalent
1077,2652,weaker
1077,2682,weaker
1077,2956,weaker
1077,3227,weaker
1077,4011,weaker
1077,4654,weaker
1078,386,incomparable
1078,654,incomparable
1078,668,stronger
1078,2084,incomparable
1078,2218,stronger
1078,2375,stronger
1078,2467,incomparable
1078,2669,incomparable
1078,2723,stronger
1078,2812,incomparable
1078,3775,incomparable
1078,3848,incomparable
1079,410,weaker
1079,906,weaker
1079,1077,equivalent
1079,1926,equivalent
1079,2916,equivalent
1079,3547,weaker
1079,3750,weaker
1079,4089,weaker
1079,4297,weaker
1079,4497,weaker
1080,145,equivalent
1080,286,weaker
1080,464,weaker
1080,2677,weaker
1080,2889,weaker
1080,3191,equivalent
1080,3524,weaker
1080,3591,weaker
1080,3947,weaker
1081,599,equivalent
1081,655,weaker
1081,1576,equivalent
1081,1584,equivalent
1081,1750,weaker
1081,2057,weaker
1081,2529,equivalent
1081,2850,weaker
1081,2858,weaker
1081,3185,weaker
1082,14,incomparable
1082,431,incomparable
1082,790,stronger
1082,849,incomparable
1082,1389,stronger
1082,2471,incomparable
1082,2759,stronger
1082,3635,incomparable
1082,3870,incomparable
1082,4180,incomparable
1082,4631,incomparable
1083,279,stronger
1083,365,incomparable
1083,579,incomparable
1083,694,incomparable
1083,967,stronger
1083,1325,incomparable
1083,2282,incomparable
1083,2344,stronger
1083,2782,incomparable
1083,2791,incomparable
1083,3475,incomparable
1084,42,weaker
1084,1164,equivalent
1084,1529,equivalent
1084,1632,weaker
1084,1940,equivalent
1084,1997,equivalent
1084,2241,weaker
1084,3400,weaker
1084,3501,weaker
1084,3627,weaker
1084,4086,weaker
1084,4417,weaker
1085,115,incomparable
1085,189,stronger
1085,779,stronger
1085,925,stronger
1085,1556,incomparable
1085,1935,stronger
1085,2009,stronger
1085,2186,incomparable
1085,2818,stronger
1085,3649,incomparable
1085,4017,incomparable
1085,4301,incomparable
1085,4347,incomparable
1085,4550,incomparable
1086,150,stronger
1086,1916,incomparable
1086,2124,incomparable
1086,2169,incomparable
1086,3441,incomparable
1086,3515,incomparable
1086,4013,incomparable
1087,713,weaker
1087,743,equivalent
1087,1149,equivalent
1087,1236,weaker
1087,2022,equivalent
1087,3157,equivalent
1087,3390,weaker
1087,4304,weaker
1088,1430,incomparable
1088,2822,stronger
1088,2906,stronger
1088,3125,stronger
1088,4196,weaker
1089,91,equivalent
1089,166,weaker
1089,648,weaker
1089,1138,equivalent
1089,1553,equivalent
1089,1713,weaker
1089,1787,equivalent
1089,1805,equivalent
1089,2045,weaker
1089,2199,weaker
1089,2267,weaker
1089,3065,weaker
1089,3461,weaker
1089,3692,weaker
1089,4582,weaker
1090,119,stronger
1090,405,incomparable
1090,600,stronger
1090,1338,stronger
1090,1406,stronger
1090,1695,incomparable
1090,1761,equivalent
1090,1977,incomparable
1090,2313,stronger
1090,2662,weaker
1090,2676,incomparable
1090,3133,stronger
1090,4151,incomparable
1091,448,weaker
1091,577,equivalent
1091,613,equivalent
1091,1499,equivalent
1091,2048,weaker
1091,2954,equivalent
1091,3823,weaker
1091,4078,weaker
1091,4107,weaker
1092,284,stronger
1092,559,stronger
1092,687,stronger
1092,1807,stronger
1092,1952,stronger
1092,2100,weaker
1092,2639,stronger
1092,2683,incomparable
1092,2741,incomparable
1092,2962,stronger
1092,3233,stronger
1092,3838,incomparable
1092,4258,weaker
1093,13,weaker
1093,138,weaker
1093,1226,weaker
1093,1446,weaker
1093,2244,weaker
1093,2587,equivalent
1093,2656,weaker
1093,3168,equivalent
1093,3611,weaker
1093,3830,weaker
1094,468,equivalent
1094,1112,weaker
1094,1584,equivalent
1094,2336,equivalent
1094,2972,equivalent
1094,2990,weaker
1094,3806,weaker
1094,4028,weaker
1094,4520,weaker
1095,52,weaker
1095,224,weaker
1095,805,equivalent
1095,1865,weaker
1095,2857,weaker
1095,3220,equivalent
1095,3382,weaker
1095,3579,weaker
1095,3732,weaker
1095,3861,weaker
1095,3999,weaker
1095,4523,weaker
1096,125,incomparable
1096,314,incomparable
1096,333,incomparable
1096,525,stronger
1096,1488,incomparable
1096,2564,stronger
1096,3245,stronger
1096,3617,incomparable
1096,3792,incomparable
1096,4116,incomparable
1096,4569,incomparable
1096,4605,incomparable
1097,124,weaker
1097,278,equivalent
1097,1541,equivalent
1097,1799,equivalent
1097,2712,weaker
1097,3440,weaker
1097,3762,weaker
1097,3907,weaker
1097,4177,weaker
1097,4183,weaker
1098,103,incomparable
1098,607,stronger
1098,778,incomparable
1098,1000,stronger
1098,1157,stronger
1098,1170,stronger
1098,1566,stronger
1098,2266,incomparable
1098,2655,incomparable
1098,3431,incomparable
1098,3464,incomparable
1098,4306,incomparable
1099,317,weaker
1099,1273,weaker
1099,1751,equivalent
1099,2377,equivalent
1099,2520,equivalent
1099,3011,weaker
1099,3246,equivalent
1099,3269,weaker
1099,3336,weaker
1099,3418,weaker
1099,3663,weaker
1099,4280,weaker
1099,4637,weaker
1100,442,weaker
1100,1143,stronger
1100,1621,stronger
1100,2684,incomparable
1100,3182,incomparable
1100,3400,incomparable
1100,3660,incomparable
1100,4089,incomparable
1100,4275,weaker
1101,54,incomparable
1101,837,incomparable
1101,1142,stronger
1101,1246,incomparable
1101,1247,incomparable
1101,1617,stronger
1101,2783,stronger
1101,2932,stronger
1101,3014,stronger
1101,3708,incomparable
1101,3947,incomparable
1101,4189,incomparable
1101,4662,incomparable
1102,93,equivalent
1102,565,equivalent
1102,831,weaker
1102,1899,equivalent
1102,1966,weaker
1102,2180,weaker
1102,2509,weaker
1102,3162,equivalent
1102,3556,weaker
1102,3702,weaker
1102,3808,weaker
1102,3917,weaker
1102,4095,weaker
1102,4332,weaker
1103,92,equivalent
1103,141,equivalent
1103,277,equivalent
1103,457,weaker
1103,1114,equivalent
1103,2009,weaker
1103,2104,equivalent
1103,2224,equivalent
1103,2456,weaker
1103,2684,weaker
1103,3048,equivalent
1103,3076,weaker
1103,3234,equivalent
1103,3400,weaker
1103,3432,weaker
1103,3564,weaker
1103,3886,weaker
1103,4091,weaker
1103,4518,weaker
1103,4635,weaker
1104,636,incomparable
1104,1235,incomparable
1104,1975,weaker
1104,2022,stronger
1105,14,weaker
1105,1968,equivalent
1105,2431,equivalent
1105,2490,weaker
1105,2753,weaker
1105,3681,weaker
1105,3774,weaker
1105,3824,weaker
1105,3827,weaker
1105,3898,weaker
1105,4072,weaker
1105,4441,weaker
1106,567,equivalent
1106,1610,equivalent
1106,2356,equivalent
1106,2495,equivalent
1106,3034,weaker
1106,3541,weaker
1106,4327,weaker
1106,4497,weaker
1107,128,equivalent
1107,162,weaker
1107,278,equivalent
1107,320,weaker
1107,562,weaker
1107,570,equivalent
1107,1150,weaker
1107,1250,weaker
1107,1471,weaker
1107,1580,equivalent
1107,1668,weaker
1107,1840,weaker
1107,1944,equivalent
1107,2245,weaker
1107,2535,equivalent
1107,2556,equivalent
1107,2854,weaker
1107,3864,weaker
1108,13,weaker
1108,92,equivalent
1108,137,equivalent
1108,2078,weaker
1108,2840,equivalent
1108,4143,weaker
1108,4409,weaker
1108,4598,weaker
1109,13,stronger
1109,105,incomparable
1109,382,incomparable
1109,556,stronger
1109,764,stronger
1109,840,incomparable
1109,1227,incomparable
1109,1748,stronger
1109,1791,stronger
1109,2106,stronger
1109,2324,stronger
1109,4058,incomparable
1109,4634,incomparable
1110,853,incomparable
1110,1722,incomparable
1110,2099,stronger
1110,2643,stronger
1110,3136,stronger
1110,3768,incomparable
1110,3867,incomparable
1110,4498,incomparable
1111,278,equivalent
1111,421,weaker
1111,466,weaker
1111,677,weaker
1111,709,weaker
1111,1079,equivalent
1111,3252,equivalent
1111,3481,weaker
1111,3559,weaker
1111,4373,weaker
1112,933,stronger
1112,1610,stronger
1112,1993,incomparable
1112,2247,incomparable
1112,2388,stronger
1112,3382,incomparable
1112,4045,incomparable
1112,4090,incomparable
1112,4179,incomparable
1112,4420,incomparable
1112,4513,incomparable
1113,203,incomparable
1113,289,stronger
1113,668,stronger
1113,942,stronger
1113,1080,stronger
1113,1286,incomparable
1113,2006,stronger
1113,2132,incomparable
1113,2362,stronger
1113,2399,stronger
1113,2734,incomparable
1113,3318,incomparable
1114,43,weaker
1114,145,equivalent
1114,592,equivalent
1114,1383,weaker
1114,1666,weaker
1114,1960,equivalent
1114,2229,equivalent
1114,4334,weaker
1115,533,stronger
1115,1187,stronger
1115,1244,weaker
1115,1298,stronger
1115,1338,stronger
1115,1596,stronger
1115,2037,weaker
1115,2336,stronger
1115,2993,stronger
1115,3240,stronger
1115,3468,incomparable
1115,4400,incomparable
1116,387,weaker
1116,533,equivalent
1116,2469,weaker
1116,2695,weaker
1116,2773,equivalent
1116,3229,equivalent
1116,3447,weaker
1116,3550,weaker
1116,3896,weaker
1116,4276,weaker
1117,1475,incomparable
1117,1711,stronger
1117,2586,incomparable
1117,3038,stronger
1117,3068,incomparable
1117,3268,incomparable
1117,3930,incomparable
1117,4168,incomparable
1118,335,weaker
1118,480,equivalent
1118,819,weaker
1118,1700,equivalent
1118,1728,weaker
1118,1833,weaker
1118,2001,equivalent
1118,2148,weaker
1118,3178,equivalent
1118,4304,weaker
1119,640,incomparable
1119,1046,incomparable
1119,1348,stronger
1119,1801,stronger
1119,3051,incomparable
1119,3746,incomparable
1119,4416,incomparable
1119,4472,incomparable
1120,50,incomparable
1120,1112,incomparable
1120,1517,stronger
1120,1803,stronger
1120,2173,incomparable
1120,2513,incomparable
1120,2780,stronger
1120,2931,incomparable
1120,3672,incomparable
1120,3858,incomparable
1120,4455,incomparable
1121,421,weaker
1121,1349,weaker
1121,1445,weaker
1121,1612,equivalent
1121,1737,equivalent
1121,1775,equivalent
1121,2789,weaker
1121,3124,equivalent
1121,3490,weaker
1121,3657,weaker
1121,4077,weaker
1121,4527,weaker
1122,171,stronger
1122,693,stronger
1122,1082,incomparable
1122,1960,stronger
1122,1985,stronger
1122,2430,incomparable
1122,2726,stronger
1122,3635,incomparable
1122,4244,incomparable
1122,4343,incomparable
1122,4534,incomparable
1122,4589,incomparable
1123,298,weaker
1123,516,weaker
1123,654,weaker
1123,811,weaker
1123,915,equivalent
1123,1140,equivalent
1123,1555,equivalent
1123,1719,weaker
1123,2391,equivalent
1123,2470,weaker
1123,2517,weaker
1123,2568,equivalent
1123,3155,weaker
1123,3294,weaker
1123,3997,weaker
1124,167,weaker
1124,589,equivalent
1124,1136,equivalent
1124,2053,weaker
1124,2574,equivalent
1124,2944,weaker
1124,3708,weaker
1124,3750,weaker
1124,3866,weaker
1125,1471,incomparable
1125,1525,incomparable
1125,1558,incomparable
1125,1980,stronger
1125,2392,stronger
1125,3463,incomparable
1125,3465,incomparable
1125,3981,incomparable
1126,332,weaker
1126,518,equivalent
1126,623,weaker
1126,762,equivalent
1126,871,equivalent
1126,1029,weaker
1126,1050,weaker
1126,1160,equivalent
1126,1816,weaker
1126,2220,equivalent
1126,2323,equivalent
1126,3321,weaker
1126,3493,weaker
1126,3940,weaker
1126,4204,weaker
1126,4250,weaker
1126,4256,weaker
1127,32,equivalent
1127,531,equivalent
1127,1101,weaker
1127,1773,equivalent
1127,1903,equivalent
1127,2409,equivalent
1127,2651,weaker
1127,3226,equivalent
1127,3251,equivalent
1127,4198,weaker
1127,4417,weaker
1128,320,weaker
1128,662,weaker
1128,830,weaker
1128,1173,equivalent
1128,1309,equivalent
1128,1345,equivalent
1128,1600,equivalent
1128,2079,weaker
1128,2573,weaker
1128,2827,equivalent
1128,2968,weaker
1128,3155,weaker
1128,3197,weaker
1128,4191,weaker
1129,6,stronger
1129,238,incomparable
1129,425,incomparable
1129,811,incomparable
1129,1097,stronger
1129,2172,stronger
1129,3435,incomparable
1129,3704,incomparable
1129,3904,incomparable
1129,4122,incomparable
1129,4175,weaker
1129,4475,incomparable
1129,4495,incomparable
1130,98,equivalent
1130,168,weaker
1130,173,equivalent
1130,421,weaker
1130,1257,weaker
1130,1522,equivalent
1130,2198,equivalent
1130,3336,weaker
1130,3605,weaker
1130,3683,weaker
1131,51,incomparable
1131,80,stronger
1131,676,incomparable
1131,682,incomparable
1131,1981,stronger
1131,2674,incomparable
1131,3172,stronger
1131,3192,stronger
1131,3302,incomparable
1131,4286,incomparable
1132,200,equivalent
1132,455,weaker
1132,2096,equivalent
1132,2609,weaker
1132,2835,equivalent
1132,3241,equivalent
1132,3301,weaker
1132,3554,weaker
1132,3993,weaker
1132,4049,weaker
1132,4068,weaker
1132,4289,weaker
1132,4677,weaker
1133,21,stronger
1133,254,stronger
1133,682,incomparable
1133,1021,incomparable
1133,1244,incomparable
1133,1681,incomparable
1133,2593,stronger
1133,2879,incomparable
1133,3137,stronger
1134,525,equivalent
1134,1403,equivalent
1134,3192,equivalent
1134,3379,weaker
1134,3512,weaker
1134,3603,weaker
1134,3615,weaker
1134,3815,weaker
1134,4170,weaker
1135,104,weaker
1135,1273,weaker
1135,1845,weaker
1135,2592,weaker
1135,3643,weaker
1135,3764,weaker
1135,3787,weaker
1135,3894,weaker
1135,4412,weaker
1136,64,equivalent
1136,125,weaker
1136,258,weaker
1136,987,equivalent
1136,2024,weaker
1136,2083,weaker
1136,2279,weaker
1136,2441,weaker
1136,3713,weaker
1136,4342,weaker
1136,4623,weaker
1137,215,incomparable
1137,288,stronger
1137,497,stronger
1137,1216,stronger
1137,1661,incomparable
1137,1847,incomparable
1137,2015,stronger
1137,3452,incomparable
1137,3576,incomparable
1137,3960,incomparable
1137,4555,incomparable
1138,106,weaker
1138,315,weaker
1138,362,weaker
1138,388,weaker
1138,2020,equivalent
1138,2149,equivalent
1138,3357,weaker
1138,3376,weaker
1138,3899,weaker
1138,4106,weaker
1138,4520,weaker
1138,4561,weaker
1139,22,equivalent
1139,460,weaker
1139,600,equivalent
1139,670,weaker
1139,677,weaker
1139,844,weaker
1139,846,weaker
1139,1905,equivalent
1139,2328,weaker
1139,2592,weaker
1139,3638,weaker
1139,4450,weaker
1139,4591,weaker
1140,127,weaker
1140,167,weaker
1140,179,weaker
1140,341,weaker
1140,718,equivalent
1140,1121,equivalent
1140,1957,equivalent
1140,3049,equivalent
1140,3554,weaker
1140,3911,weaker
1140,3982,weaker
1140,4472,weaker
1141,87,stronger
1141,204,incomparable
1141,343,incomparable
1141,893,incomparable
1141,2820,stronger
1141,4645,weaker
1142,266,weaker
1142,272,equivalent
1142,900,equivalent
1142,1424,equivalent
1142,1443,weaker
1142,2222,weaker
1142,2778,weaker
1142,3354,weaker
1142,4073,weaker
1142,4223,weaker
1142,4664,weaker
1143,95,equivalent
1143,407,weaker
1143,425,weaker
1143,906,weaker
1143,1358,weaker
1143,1694,weaker
1143,1867,weaker
1143,1887,weaker
1143,2144,weaker
1143,2503,weaker
1143,3575,weaker
1143,4000,weaker
1144,101,weaker
1144,147,equivalent
1144,416,weaker
1144,437,weaker
1144,803,equivalent
1144,1554,equivalent
1144,2069,weaker
1144,2581,equivalent
1144,2864,weaker
1144,3022,equivalent
1144,3570,weaker
1144,4071,weaker
1144,4176,weaker
1144,4385,weaker
1144,4554,weaker
1145,25,weaker
1145,556,weaker
1145,965,equivalent
1145,1145,equivalent
1145,1846,weaker
1145,2386,equivalent
1145,2639,equivalent
1145,2714,weaker
1145,2833,equivalent
1145,3327,weaker
1145,3834,weaker
1145,4132,weaker
1145,4336,weaker
1145,4376,weaker
1146,30,stronger
1146,56,incomparable
1146,473,weaker
1146,1704,stronger
1146,1974,stronger
1146,2391,stronger
1146,2567,incomparable
1146,2943,stronger
1146,4554,incomparable
1146,4560,incomparable
1146,4565,incomparable
1146,4571,incomparable
1146,4576,incomparable
1147,11,weaker
1147,77,equivalent
1147,194,weaker
1147,788,equivalent
1147,906,weaker
1147,909,weaker
1147,1089,equivalent
1147,1724,weaker
1147,1736,equivalent
1147,1922,weaker
1147,2666,weaker
1147,3410,weaker
1147,4608,weaker
1148,69,equivalent
1148,3393,weaker
1148,4298,weaker
1148,4560,weaker
1149,2818,equivalent
1149,3122,weaker
1149,3646,weaker
1149,4033,weaker
1149,4459,weaker
1150,30,stronger
1150,67,stronger
1150,915,stronger
1150,1347,stronger
1150,1808,stronger
1150,2417,stronger
1150,2981,stronger
1150,3086,incomparable
1150,3619,incomparable
1151,260,weaker
1151,264,weaker
1151,415,weaker
1151,959,equivalent
1151,1405,weaker
1151,1777,equivalent
1151,1996,weaker
1151,2633,weaker
1151,3218,weaker
1151,4092,weaker
1151,4137,weaker
1152,307,incomparable
1152,585,stronger
1152,1048,incomparable
1152,2153,stronger
1152,2758,stronger
1152,2902,incomparable
1152,2948,stronger
1152,3803,incomparable
1153,1729,weaker
1153,1831,equivalent
1153,2259,weaker
1153,2491,weaker
1153,2541,weaker
1153,3039,weaker
1153,3323,weaker
1153,3640,weaker
1153,4629,weaker
1154,1106,stronger
1154,1270,weaker
1154,1330,stronger
1154,1416,stronger
1154,2381,incomparable
1154,2549,stronger
1154,2808,incomparable
1154,3028,stronger
1154,3551,incomparable
1154,3644,incomparable
1154,4051,incomparable
1154,4175,weaker
1154,4424,incomparable
1155,992,stronger
1155,1242,incomparable
1155,1389,stronger
1155,1391,incomparable
1155,2568,stronger
1155,3015,incomparable
1155,3745,incomparable
1155,3811,incomparable
1155,3829,incomparable
1155,4235,incomparable
1155,4244,incomparable
1155,4580,incomparable
1156,222,weaker
1156,1344,weaker
1156,3541,weaker
1156,3924,weaker
1157,283,weaker
1157,1454,weaker
1157,1616,equivalent
1157,2680,weaker
1157,2855,weaker
1157,2939,weaker
1157,3826,weaker
1157,3995,weaker
1157,4027,weaker
1157,4146,weaker
1158,212,incomparable
1158,645,incomparable
1158,942,stronger
1158,1009,incomparable
1158,1476,incomparable
1158,2688,incomparable
1158,3219,stronger
1158,3312,weaker
1158,3721,incomparable
1158,3752,incomparable
1158,3985,incomparable
1158,4425,incomparable
1159,10,weaker
1159,15,equivalent
1159,88,equivalent
1159,149,equivalent
1159,1031,weaker
1159,1386,equivalent
1159,1876,weaker
1159,1986,equivalent
1159,2118,equivalent
1159,3082,weaker
1159,3172,equivalent
1159,3291,weaker
1159,3611,weaker
1159,3808,weaker
1159,4330,weaker
1160,557,equivalent
1160,935,equivalent
1160,2114,equivalent
1160,2224,equivalent
1160,2263,weaker
1160,3093,weaker
1160,3768,weaker
1160,4507,weaker
1161,173,equivalent
1161,507,equivalent
1161,581,equivalent
1161,1053,weaker
1161,1056,weaker
1161,1257,weaker
1161,1948,equivalent
1161,2938,equivalent
1161,3318,weaker
1161,4404,weaker
1162,297,equivalent
1162,467,weaker
1162,1032,weaker
1162,1192,weaker
1162,2256,weaker
1162,2669,weaker
1162,2921,equivalent
1162,2930,equivalent
1162,3118,weaker
1162,3317,weaker
1162,3709,weaker
1162,4501,weaker
1163,1029,incomparable
1163,1443,incomparable
1163,1752,stronger
1163,2357,stronger
1163,3023,stronger
1163,3338,weaker
1163,3419,incomparable
1163,3440,incomparable
1163,3751,incomparable
1164,815,equivalent
1164,1327,equivalent
1164,1716,equivalent
1164,1734,weaker
1164,2211,equivalent
1164,2237,equivalent
1164,3188,weaker
1164,3759,weaker
1165,232,stronger
1165,281,incomparable
1165,431,incomparable
1165,836,incomparable
1165,1631,incomparable
1165,1643,incomparable
1165,2238,weaker
1165,2450,incomparable
1165,2827,stronger
1165,3019,incomparable
1165,3415,incomparable
1165,3567,weaker
1165,4047,incomparable
1166,1022,weaker
1166,1177,equivalent
1166,1841,weaker
1166,2031,equivalent
1166,2348,equivalent
1166,3856,weaker
1166,4033,weaker
1166,4056,weaker
1167,560,stronger
1167,1016,stronger
1167,1392,stronger
1167,2272,incomparable
1167,2488,incomparable
1167,2658,incomparable
1167,3262,incomparable
1167,3372,incomparable
1167,3450,incomparable
1167,3973,incomparable
1167,4393,incomparable
1168,90,weaker
1168,518,equivalent
1168,780,equivalent
1168,1169,equivalent
1168,1838,weaker
1168,2191,equivalent
1168,2947,weaker
1168,2957,equivalent
1168,3187,equivalent
1168,3300,weaker
1168,3783,weaker
1168,3874,weaker
1168,3909,weaker
1168,4284,weaker
1168,4320,weaker
1168,4609,weaker
1169,286,weaker
1169,424,weaker
1169,507,equivalent
1169,893,weaker
1169,1025,weaker
1169,2629,equivalent
1169,4015,weaker
1169,4423,weaker
1169,4484,weaker
1170,303,equivalent
1170,534,equivalent
1170,708,equivalent
1170,1522,equivalent
1170,1680,weaker
1170,1877,weaker
1170,2241,weaker
1170,3124,equivalent
1170,4483,weaker
1171,123,stronger
1171,695,incomparable
1171,1748,stronger
1171,3089,incomparable
1171,3779,incomparable
1171,3912,incomparable
1172,101,weaker
1172,637,weaker
1172,1069,weaker
1172,1744,equivalent
1172,2622,equivalent
1172,2721,equivalent
1172,3143,weaker
1172,3793,weaker
1172,4321,weaker
1172,4582,weaker
1173,184,equivalent
1173,333,weaker
1173,398,weaker
1173,1359,equivalent
1173,2032,equivalent
1173,2417,equivalent
1173,2425,weaker
1173,2431,equivalent
1173,2445,weaker
1173,3005,equivalent
1173,3951,weaker
1174,554,weaker
1174,776,equivalent
1174,1705,weaker
1174,2079,weaker
1174,2194,equivalent
1174,2876,weaker
1174,2878,weaker
1174,3127,equivalent
1174,3453,weaker
1174,3730,weaker
1174,4293,weaker
1175,164,incomparable
1175,408,incomparable
1175,1327,stronger
1175,1437,incomparable
1175,2048,incomparable
1175,3066,incomparable
1175,4053,incomparable
1176,60,weaker
1176,284,equivalent
1176,1622,equivalent
1176,2016,equivalent
1176,2502,equivalent
1176,3530,weaker
1176,3636,weaker
1177,677,weaker
1177,807,equivalent
1177,977,weaker
1177,1051,weaker
1177,2560,equivalent
1177,2595,equivalent
1177,3080,weaker
1177,3135,equivalent
1177,3718,weaker
1177,3844,weaker
1177,4078,weaker
1177,4162,weaker
1178,137,equivalent
1178,1132,equivalent
1178,1240,weaker
1178,1641,weaker
1178,2651,weaker
1178,2675,weaker
1178,3002,weaker
1178,3017,equivalent
1178,3243,equivalent
1178,3791,weaker
1178,3799,weaker
1178,4300,weaker
1178,4628,weaker
1179,739,equivalent
1179,856,weaker
1179,1056,weaker
1179,1403,equivalent
1179,1551,equivalent
1179,2101,weaker
1179,2711,equivalent
1179,3041,equivalent
1179,3407,weaker
1179,3890,weaker
1179,4397,weaker
1180,1199,stronger
1180,1373,stronger
1180,1613,incomparable
1180,1713,equivalent
1180,2162,incomparable
1180,2461,incomparable
1180,3364,incomparable
1180,3757,incomparable
1180,4185,incomparable
1180,4240,incomparable
1181,688,stronger
1181,1358,weaker
1181,1822,stronger
1181,2007,stronger
1181,2059,incomparable
1181,2351,incomparable
1181,2595,stronger
1181,3177,stronger
1181,3768,incomparable
1181,4091,incomparable
1181,4351,incomparable
1181,4654,incomparable
1182,302,weaker
1182,1167,weaker
1182,1501,equivalent
1182,3560,weaker
1182,4206,weaker
1182,4346,weaker
1182,4593,weaker
1183,1581,weaker
1183,1726,weaker
1183,2127,weaker
1183,2409,equivalent
1183,3537,weaker
1184,519,stronger
1184,868,incomparable
1184,1099,stronger
1184,1571,stronger
1184,2719,stronger
1184,3103,incomparable
1184,3362,incomparable
1184,3647,incomparable
1184,3744,incomparable
1184,3760,incomparable
1184,3808,incomparable
1184,3908,incomparable
1184,4108,incomparable
1184,4428,incomparable
1185,110,weaker
1185,346,weaker
1185,492,weaker
1185,545,weaker
1185,701,equivalent
1185,2224,equivalent
1185,2300,weaker
1185,2837,equivalent
1185,3737,weaker
1185,3829,weaker
1185,4405,weaker
1186,451,weaker
1186,1355,weaker
1186,1727,equivalent
1186,2090,weaker
1186,2397,equivalent
1186,3394,weaker
1186,4423,weaker
1187,361,weaker
1187,575,weaker
1187,724,equivalent
1187,1101,weaker
1187,1120,weaker
1187,1129,weaker
1187,1928,equivalent
1187,1951,equivalent
1187,2335,weaker
1187,2855,weaker
1187,3012,equivalent
1187,3678,weaker
1187,4501,weaker
1187,4667,weaker
1188,7,stronger
1188,1605,stronger
1188,1648,incomparable
1188,1798,stronger
1188,2161,weaker
1188,2491,incomparable
1188,2564,stronger
1188,3764,incomparable
1188,4566,incomparable
1188,4606,weaker
1189,127,weaker
1189,174,equivalent
1189,319,weaker
1189,424,weaker
1189,614,weaker
1189,790,equivalent
1189,1085,weaker
1189,1770,equivalent
1189,1831,equivalent
1189,1852,weaker
1189,4003,weaker
1190,226,equivalent
1190,228,weaker
1190,325,weaker
1190,676,weaker
1190,871,equivalent
1190,1053,weaker
1190,1110,weaker
1190,1658,weaker
1190,1780,weaker
1190,1809,equivalent
1190,1820,equivalent
1190,1999,equivalent
1190,2696,weaker
1190,2943,equivalent
1190,3842,weaker
1190,4096,weaker
1190,4262,weaker
1190,4267,weaker
1190,4566,weaker
1191,398,weaker
1191,504,weaker
1191,944,equivalent
1191,1455,weaker
1191,1741,equivalent
1191,2133,equivalent
1191,3095,weaker
1191,4687,weaker
1192,528,weaker
1192,581,stronger
1192,1117,incomparable
1192,1140,stronger
1192,1780,weaker
1192,1806,equivalent
1192,2623,incomparable
1192,2989,stronger
1192,3594,incomparable
1192,4121,weaker
1193,70,equivalent
1193,657,weaker
1193,918,equivalent
1193,1168,equivalent
1193,1599,equivalent
1193,1944,equivalent
1193,3112,weaker
1193,3603,weaker
1193,3830,weaker
1193,3975,weaker
1193,4363,weaker
1193,4381,weaker
1194,143,equivalent
1194,275,equivalent
1194,644,weaker
1194,871,equivalent
1194,961,equivalent
1194,1097,equivalent
1194,1472,weaker
1194,1489,weaker
1194,1540,equivalent
1194,2406,weaker
1194,3579,weaker
1194,3591,weaker
1194,3691,weaker
1194,3799,weaker
1194,4058,weaker
1194,4326,weaker
1195,221,weaker
1195,508,weaker
1195,540,equivalent
1195,570,equivalent
1195,3515,weaker
1195,4484,weaker
1196,430,weaker
1196,1220,equivalent
1196,1666,weaker
1196,2267,weaker
1196,2617,equivalent
1196,2766,equivalent
1196,3482,weaker
1196,3765,weaker
1196,4486,weaker
1197,241,stronger
1197,1308,stronger
1197,1320,incomparable
1197,1658,incomparable
1197,1872,incomparable
1197,2288,incomparable
1197,2374,stronger
1197,2495,stronger
1197,2753,incomparable
1197,2814,stronger
1197,3359,weaker
1197,4114,incomparable
1198,485,equivalent
1198,958,equivalent
1198,981,weaker
1198,1217,weaker
1198,1924,weaker
1198,2422,equivalent
1198,3723,weaker
1198,4184,weaker
1198,4300,weaker
1198,4570,weaker
1198,4665,weaker
1199,325,weaker
1199,633,weaker
1199,1797,weaker
1199,1931,weaker
1199,2312,equivalent
1199,2565,equivalent
1199,2973,weaker
1199,3967,weaker
1199,4395,weaker
1199,4633,weaker
1200,21,equivalent
1200,477,weaker
1200,1189,equivalent
1200,1413,equivalent
1200,1766,equivalent
1200,1910,weaker
1200,1964,weaker
1200,2080,weaker
1200,2953,equivalent
1200,3126,weaker
1200,3324,weaker
1201,117,weaker
1201,351,weaker
1201,415,weaker
1201,545,weaker
1201,567,equivalent
1201,1649,weaker
1201,1834,weaker
1201,1869,weaker
1201,2667,weaker
1201,3055,weaker
1201,3983,weaker
1201,4047,weaker
1201,4434,weaker
1202,266,incomparable
1202,1357,stronger
1202,1424,stronger
1202,2619,stronger
1202,2721,stronger
1202,2986,stronger
1202,3700,incomparable
1202,3723,incomparable
1202,4104,incomparable
1202,4623,incomparable
1203,191,equivalent
1203,425,weaker
1203,747,equivalent
1203,1252,weaker
1203,1276,weaker
1203,1335,equivalent
1203,1530,equivalent
1203,1657,weaker
1203,1969,equivalent
1203,2212,weaker
1203,2281,weaker
1203,2437,equivalent
1203,2797,equivalent
1203,2951,equivalent
1203,3295,weaker
1203,4411,weaker
1204,162,weaker
1204,291,equivalent
1204,842,weaker
1204,2925,weaker
1204,3007,weaker
1204,3069,weaker
1204,3232,weaker
1204,3641,weaker
1204,3968,weaker
1205,782,weaker
1205,870,weaker
1205,1958,weaker
1205,2364,weaker
1205,2786,equivalent
1205,3398,weaker
1205,3405,weaker
1205,3431,weaker
1205,3744,weaker
1205,3796,weaker
1205,4228,weaker
1206,531,equivalent
1206,1201,equivalent
1206,2212,weaker
1206,2334,equivalent
1206,2919,weaker
1206,4148,weaker
1206,4366,weaker
1207,448,incomparable
1207,584,stronger
1207,1547,incomparable
1207,1548,stronger
1207,1841,incomparable
1207,1874,incomparable
1207,2119,equivalent
1207,2481,incomparable
1207,3146,stronger
1207,3238,stronger
1207,3385,incomparable
1208,90,weaker
1208,342,weaker
1208,842,weaker
1208,1563,equivalent
1208,2717,equivalent
1208,3139,weaker
1208,3480,weaker
1208,4235,weaker
1208,4437,weaker
1208,4503,weaker
1208,4530,weaker
1209,619,weaker
1209,1107,equivalent
1209,2039,weaker
1209,2326,equivalent
1209,2366,equivalent
1209,2929,equivalent
1209,3006,equivalent
1209,4403,weaker
1210,753,equivalent
1210,1021,weaker
1210,2064,weaker
1210,2819,equivalent
1210,3985,weaker
1210,4219,weaker
1210,4234,weaker
1210,4360,weaker
1210,4569,weaker
1211,524,weaker
1211,1026,weaker
1211,1672,weaker
1211,1723,equivalent
1211,2228,equivalent
1211,3361,weaker
1212,41,incomparable
1212,1566,stronger
1212,1892,stronger
1212,2469,incomparable
1212,3101,incomparable
1212,3951,incomparable
1213,304,equivalent
1213,330,weaker
1213,352,weaker
1213,1030,weaker
1213,1131,weaker
1213,2274,weaker
1213,2280,weaker
1213,3253,weaker
1213,3485,weaker
1213,3623,weaker
1214,77,equivalent
1214,639,weaker
1214,901,weaker
1214,917,weaker
1214,957,equivalent
1214,1072,weaker
1214,1716,equivalent
1214,1966,weaker
1214,3025,equivalent
1214,3998,weaker
1215,209,weaker
1215,1258,weaker
1215,1544,equivalent
1215,2296,weaker
1215,2894,weaker
1215,3536,weaker
1215,3573,weaker
1215,4275,weaker
1216,495,weaker
1216,596,equivalent
1216,993,equivalent
1216,1442,weaker
1216,1494,weaker
1216,4433,weaker
1216,4574,weaker
1217,473,weaker
1217,621,incomparable
1217,1569,incomparable
1217,1977,incomparable
1217,2523,stronger
1217,2774,incomparable
1217,3101,incomparable
1217,3573,incomparable
1217,3772,incomparable
1217,4154,incomparable
1217,4257,incomparable
1217,4434,incomparable
1218,667,weaker
1218,994,weaker
1218,2097,weaker
1218,2333,weaker
1218,2382,equivalent
1218,3018,equivalent
1218,3027,equivalent
1218,3062,weaker
1218,3614,weaker
1218,3634,weaker
1218,4597,weaker
1219,172,weaker
1219,231,weaker
1219,723,weaker
1219,744,weaker
1219,1491,weaker
1219,1572,equivalent
1219,1609,equivalent
1219,2296,weaker
1219,2328,weaker
1219,2510,equivalent
1219,2888,weaker
1219,2971,equivalent
1219,3201,weaker
1219,3617,weaker
1219,3713,weaker
1219,4144,weaker
1219,4151,weaker
1220,73,weaker
1220,135,equivalent
1220,724,equivalent
1220,822,weaker
1220,1286,weaker
1220,2035,weaker
1220,2424,equivalent
1220,2669,weaker
1220,3317,weaker
1220,3477,weaker
1220,3550,weaker
1220,4048,weaker
1221,706,weaker
1221,947,weaker
1221,1216,equivalent
1221,1481,weaker
1221,1803,equivalent
1221,1816,weaker
1221,1905,equivalent
1221,2053,weaker
1221,2270,weaker
1221,2653,weaker
1221,3595,weaker
1221,4469,weaker
1222,9,weaker
1222,30,equivalent
1222,65,weaker
1222,224,weaker
1222,576,equivalent
1222,738,equivalent
1222,804,equivalent
1222,2110,equivalent
1222,2575,weaker
1222,3124,equivalent
1222,3594,weaker
1222,3597,weaker
1222,3619,weaker
1222,3642,weaker
1222,4430,weaker
1223,707,incomparable
1223,1469,incomparable
1223,2717,stronger
1224,386,incomparable
1224,707,incomparable
1224,955,incomparable
1224,982,stronger
1224,1699,incomparable
1224,1735,stronger
1224,3508,incomparable
1224,3778,incomparable
1224,3801,incomparable
1225,690,incomparable
1225,1137,incomparable
1225,1171,incomparable
1225,1579,stronger
1225,1867,incomparable
1225,2919,incomparable
1225,3334,incomparable
1225,3672,incomparable
1225,3801,incomparable
1225,4292,incomparable
1225,4425,incomparable
1226,246,incomparable
1226,529,stronger
1226,907,incomparable
1226,988,stronger
1226,1521,incomparable
1226,1874,incomparable
1226,3064,incomparable
1226,4117,incomparable
1227,288,stronger
1227,475,stronger
1227,687,stronger
1227,963,stronger
1227,3204,stronger
1227,3623,incomparable
1227,3755,incomparable
1227,4623,incomparable
1228,109,incomparable
1228,569,stronger
1228,590,stronger
1228,989,incomparable
1228,2780,stronger
1228,2945,stronger
1228,3004,stronger
1228,3119,stronger
1228,3683,incomparable
1228,3934,incomparable
1228,4223,incomparable
1228,4352,incomparable
1228,4566,incomparable
1229,237,stronger
1229,294,incomparable
1229,1283,stronger
1229,1443,incomparable
1229,1840,incomparable
1229,2134,incomparable
1229,2339,stronger
1229,2846,stronger
1229,2875,incomparable
1229,3694,incomparable
1229,3812,incomparable
1229,4152,incomparable
1229,4548,incomparable
1230,1921,incomparable
1230,3282,incomparable
1230,4383,incomparable
1231,9,incomparable
1231,32,stronger
1231,39,incomparable
1231,1210,stronger
1231,1789,stronger
1231,2273,incomparable
1231,2705,stronger
1231,2729,stronger
1231,3218,stronger
1231,4445,incomparable
1231,4694,incomparable
1232,274,incomparable
1232,1404,stronger
1232,1437,incomparable
1232,2131,stronger
1232,3211,incomparable
1232,4484,incomparable
1233,450,incomparable
1233,1047,stronger
1233,1484,incomparable
1233,1486,incomparable
1233,1540,stronger
1233,1860,incomparable
1233,2380,stronger
1233,2447,incomparable
1233,2772,stronger
1233,2969,stronger
1233,3853,incomparable
1233,4545,incomparable
1234,2,stronger
1234,74,stronger
1234,91,stronger
1234,1215,stronger
1234,1361,stronger
1234,1375,stronger
1234,1910,incomparable
1234,2181,stronger
1234,2415,incomparable
1234,2956,incomparable
1234,3185,incomparable
1234,3298,incomparable
1234,4247,incomparable
1234,4434,incomparable
1234,4632,incomparable
1235,558,incomparable
1235,847,incomparable
1235,991,stronger
1235,1054,stronger
1235,1230,incomparable
1235,1334,incomparable
1235,3144,stronger
1235,4412,incomparable
1235,4504,incomparable
1236,120,incomparable
1236,444,incomparable
1236,500,incomparable
1236,1358,incomparable
1236,1839,weaker
1236,3549,incomparable
1236,3596,incomparable
1236,3766,incomparable
1236,4108,incomparable
1236,4238,incomparable
1236,4330,incomparable
1236,4555,incomparable
1237,333,incomparable
1237,389,incomparable
1237,474,incomparable
1237,1415,incomparable
1237,1677,incomparable
1237,1775,stronger
1237,2067,incomparable
1237,4226,incomparable
1237,4528,incomparable
1238,97,stronger
1238,430,incomparable
1238,1307,stronger
1238,2498,stronger
1238,2909,incomparable
1238,4560,incomparable
1239,478,stronger
1239,844,incomparable
1239,1624,stronger
1239,1912,incomparable
1239,2558,incomparable
1239,2682,incomparable
1239,2773,stronger
1239,3513,incomparable
1239,3836,incomparable
1239,3878,incomparable
1239,4253,incomparable
1240,288,stronger
1240,336,incomparable
1240,362,incomparable
1240,887,incomparable
1240,1080,stronger
1240,1089,stronger
1240,2100,incomparable
1240,2812,incomparable
1240,2997,stronger
1240,3043,stronger
1240,4072,incomparable
1240,4185,incomparable
1240,4626,incomparable
1241,431,stronger
1241,606,stronger
1241,805,stronger
1241,1102,stronger
1241,1219,stronger
1241,1459,incomparable
1241,2122,stronger
1241,2343,stronger
1241,2581,stronger
1241,3174,stronger
1241,3826,incomparable
1242,442,incomparable
1242,519,stronger
1242,956,stronger
1242,1054,stronger
1242,1483,incomparable
1242,2340,incomparable
1242,2401,stronger
1242,2519,incomparable
1242,3139,incomparable
1242,3165,stronger
1242,3555,incomparable
1242,3731,incomparable
1242,4165,incomparable
1242,4405,incomparable
1243,839,incomparable
1243,1033,incomparable
1243,1403,stronger
1243,1649,incomparable
1243,1807,stronger
1243,2236,stronger
1243,2267,incomparable
1243,3484,incomparable
1243,3599,incomparable
1243,4082,incomparable
1243,4086,incomparable
1244,147,stronger
1244,343,incomparable
1244,965,stronger
1244,1101,incomparable
1244,2579,stronger
1244,3761,incomparable
1244,4407,incomparable
1245,53,incomparable
1245,1392,stronger
1245,2098,incomparable
1245,2189,stronger
1245,2702,incomparable
1245,2790,stronger
1245,2878,incomparable
1245,2985,incomparable
1245,3021,stronger
1245,3067,incomparable
1245,4055,incomparable
1245,4150,incomparable
1245,4349,incomparable
1245,4634,incomparable
1246,468,stronger
1246,999,incomparable
1246,1159,stronger
1246,1242,weaker
1246,1647,incomparable
1246,2234,stronger
1246,2703,stronger
1246,3247,incomparable
1246,3330,incomparable
1246,3833,incomparable
1246,3989,incomparable
1247,27,incomparable
1247,127,incomparable
1247,840,weaker
1247,1598,incomparable
1247,1720,stronger
1247,2535,stronger
1248,262,incomparable
1248,790,stronger
1248,1674,incomparable
1248,1679,incomparable
1248,1726,incomparable
1248,1734,stronger
1248,1815,stronger
1248,1996,incomparable
1248,2327,incomparable
1248,2417,stronger
1248,3134,stronger
1248,3473,incomparable
1248,4559,incomparable
1249,132,stronger
1249,957,stronger
1249,1750,incomparable
1249,2225,stronger
1249,2299,stronger
1249,3908,incomparable
1249,4118,incomparable
1249,4344,incomparable
1249,4564,incomparable
1250,334,incomparable
1250,2521,incomparable
1250,2673,incomparable
1250,2986,stronger
1250,3463,incomparable
1250,3817,incomparable
1250,4628,incomparable
1251,112,stronger
1251,936,stronger
1251,1436,incomparable
1251,2924,stronger
1251,3432,incomparable
1251,3876,incomparable
1251,4165,incomparable
1251,4630,incomparable
1252,260,incomparable
1252,600,stronger
1252,824,incomparable
1252,999,incomparable
1252,1521,incomparable
1252,2006,stronger
1252,2159,stronger
1252,2603,stronger
1252,2823,stronger
1252,3045,stronger
1252,3080,incomparable
1252,3981,incomparable
1252,4029,incomparable
1252,4070,incomparable
1252,4301,incomparable
1252,4644,incomparable
1253,4,stronger
1253,223,stronger
1253,314,incomparable
1253,368,incomparable
1253,1408,stronger
1253,1419,stronger
1253,1538,stronger
1253,2154,stronger
1253,2218,stronger
1253,2453,incomparable
1253,2864,incomparable
1253,2978,stronger
1253,4111,incomparable
1253,4236,incomparable
1254,47,incomparable
1254,1552,incomparable
1254,2243,incomparable
1254,2502,stronger
1254,3442,incomparable
1254,3845,incomparable
1255,125,incomparable
1255,554,incomparable
1255,848,incomparable
1255,2357,stronger
1255,2539,stronger
1255,2624,stronger
1255,2801,stronger
1255,3495,incomparable
1255,3501,incomparable
1255,3662,incomparable
1255,4171,incomparable
1255,4432,incomparable
1256,1293,incomparable
1256,2034,stronger
1256,2165,incomparable
1256,2533,incomparable
1256,2729,stronger
1256,4370,incomparable
1256,4521,incomparable
1256,4576,incomparable
1256,4686,incomparable
1257,569,stronger
1257,688,stronger
1257,785,stronger
1257,828,incomparable
1257,903,stronger
1257,2204,stronger
1257,2569,stronger
1257,2827,stronger
1257,3669,incomparable
1257,4615,incomparable
1258,220,stronger
1258,443,incomparable
1258,1420,stronger
1258,1451,incomparable
1258,1888,incomparable
1258,2109,stronger
1258,2161,incomparable
1258,3341,incomparable
1258,4401,incomparable
1259,33,stronger
1259,609,stronger
1259,873,incomparable
1259,1219,stronger
1259,1449,incomparable
1259,1740,incomparable
1259,2364,incomparable
1259,2667,incomparable
1259,3126,incomparable
1259,3647,incomparable
1259,3790,incomparable
1259,3797,incomparable
1259,3896,incomparable
1259,3910,incomparable
1259,4073,incomparable
1259,4238,incomparable
1260,430,incomparable
1260,437,incomparable
1260,786,incomparable
1260,1673,incomparable
1260,2359,incomparable
1260,3156,stronger
1260,4588,incomparable
1261,2006,stronger
1261,2750,stronger
1261,3385,incomparable
1261,4513,incomparable
1261,4606,incomparable
1262,1060,incomparable
1262,2048,incomparable
1262,4293,incomparable
1262,4439,incomparable
1263,1719,incomparable
1263,2129,stronger
1263,2238,incomparable
1263,2499,incomparable
1263,2946,incomparable
1263,3146,stronger
1263,3399,incomparable
1263,4499,incomparable
1264,76,stronger
1264,191,stronger
1264,1012,stronger
1264,1294,stronger
1264,1729,incomparable
1264,3238,stronger
1264,3739,incomparable
1264,4040,incomparable
1265,22,stronger
1265,331,incomparable
1265,407,incomparable
1265,1529,stronger
1265,1783,stronger
1265,1809,stronger
1265,1822,stronger
1265,2028,stronger
1265,2401,stronger
1265,2821,incomparable
1265,3259,incomparable
1265,3513,incomparable
1265,3945,incomparable
1266,2103,stronger
1266,2208,stronger
1266,2337,incomparable
1266,2454,incomparable
1266,2805,incomparable
1266,2982,incomparable
1266,2992,incomparable
1266,3163,stronger
1266,3241,stronger
1266,3849,incomparable
1266,3989,incomparable
1266,4017,incomparable
1266,4217,incomparable
1266,4357,incomparable
1267,129,stronger
1267,292,stronger
1267,775,incomparable
1267,1434,incomparable
1267,1484,incomparable
1267,2178,incomparable
1267,2793,stronger
1267,2880,incomparable
1267,3324,incomparable
1267,3799,incomparable
1267,4432,incomparable
1267,4470,incomparable
1267,4474,incomparable
1268,766,stronger
1268,941,stronger
1268,1076,incomparable
1268,2252,weaker
1268,2284,weaker
1268,2614,stronger
1268,2734,incomparable
1268,3106,incomparable
1268,3478,incomparable
1268,3862,weaker
1269,932,stronger
1269,1211,stronger
1269,1213,stronger
1269,1308,stronger
1269,1309,stronger
1269,1434,weaker
1269,1594,incomparable
1269,1677,weaker
1269,2033,stronger
1269,2077,weaker
1269,2446,weaker
1269,2574,stronger
1269,3164,stronger
1269,3482,incomparable
1269,3652,incomparable
1269,3980,incomparable
1269,4425,incomparable
1270,1362,stronger
1270,1629,incomparable
1270,1678,incomparable
1270,1965,stronger
1270,2034,stronger
1270,3431,incomparable
1270,3475,incomparable
1270,3664,incomparable
1270,3793,incomparable
1270,3809,incomparable
1270,3832,incomparable
1270,4536,incomparable
1270,4641,incomparable
1271,393,incomparable
1271,542,stronger
1271,1179,stronger
1271,1239,weaker
1271,1389,stronger
1271,1521,incomparable
1271,2393,incomparable
1271,3697,incomparable
1271,3763,incomparable
1271,3925,incomparable
1272,331,weaker
1272,392,incomparable
1272,483,incomparable
1272,935,stronger
1272,1348,stronger
1272,2210,stronger
1272,2650,weaker
1272,3212,stronger
1272,3453,incomparable
1272,3532,weaker
1272,4249,incomparable
1272,4469,weaker
1272,4610,incomparable
1273,16,incomparable
1273,166,incomparable
1273,192,stronger
1273,1297,stronger
1273,1658,weaker
1273,1869,weaker
1273,1930,stronger
1273,2057,weaker
1273,2206,stronger
1273,2284,weaker
1273,2338,incomparable
1273,3043,stronger
1273,3960,incomparable
1273,4196,incomparable
1274,277,stronger
1274,515,stronger
1274,1087,stronger
1274,1256,weaker
1274,2597,stronger
1274,3314,weaker
1274,3773,incomparable
1274,4032,incomparable
1274,4310,incomparable
1275,868,incomparable
1275,1272,incomparable
1275,1345,stronger
1275,1978,stronger
1275,2268,incomparable
1275,2937,incomparable
1275,3130,stronger
1275,3447,incomparable
1276,1792,stronger
1276,2410,incomparable
1276,2676,incomparable
1276,2868,incomparable
1276,3094,incomparable
1276,3732,incomparable
1276,3883,incomparable
1276,4138,incomparable
1277,1313,weaker
1277,2198,equivalent
1277,2525,weaker
1277,4031,weaker
1277,4560,weaker
1277,4580,weaker
1278,17,stronger
1278,325,incomparable
1278,1170,stronger
1278,1172,stronger
1278,2388,stronger
1278,2597,stronger
1278,2651,incomparable
1278,2885,incomparable
1278,2966,stronger
1278,3952,incomparable
1278,4272,incomparable
1278,4292,incomparable
1278,4293,incomparable
1279,77,stronger
1279,439,incomparable
1279,515,stronger
1279,998,stronger
1279,1792,stronger
1279,1866,incomparable
1279,1928,stronger
1279,2383,incomparable
1279,2841,incomparable
1279,3238,stronger
1279,3886,incomparable
1279,3977,incomparable
1280,58,weaker
1280,67,equivalent
1280,187,equivalent
1280,532,weaker
1280,1307,weaker
1280,1627,equivalent
1280,2047,weaker
1280,2568,equivalent
1280,2806,equivalent
1280,3297,weaker
1280,3935,weaker
1280,4037,weaker
1280,4151,weaker
1281,723,incomparable
1281,1135,stronger
1281,2672,incomparable
1281,2675,incomparable
1281,2795,incomparable
1281,2961,stronger
1281,3165,stronger
1281,3668,incomparable
1281,3995,incomparable
1281,4038,incomparable
1281,4173,incomparable
1281,4602,weaker
1282,137,equivalent
1282,806,weaker
1282,1018,equivalent
1282,1375,equivalent
1282,1493,equivalent
1282,2184,equivalent
1282,3205,weaker
1282,3680,weaker
1282,4072,weaker
1282,4593,weaker
1282,4666,weaker
1283,90,weaker
1283,431,weaker
1283,638,weaker
1283,1026,weaker
1283,1028,weaker
1283,1675,weaker
1283,2389,weaker
1283,3352,weaker
1283,3985,weaker
1284,758,equivalent
1284,1222,equivalent
1284,1236,weaker
1284,2338,weaker
1284,2370,weaker
1284,2569,equivalent
1284,2825,equivalent
1284,3240,equivalent
1284,4486,weaker
1285,348,incomparable
1285,362,incomparable
1285,384,incomparable
1285,2128,incomparable
1285,2395,stronger
1285,2990,incomparable
1285,3457,incomparable
1285,4092,incomparable
1285,4408,incomparable
1286,337,incomparable
1286,1049,incomparable
1286,1209,stronger
1286,1364,stronger
1286,1429,incomparable
1286,1513,stronger
1286,1830,stronger
1286,2303,incomparable
1286,3419,incomparable
1286,3836,incomparable
1286,3939,incomparable
1286,4163,incomparable
1286,4291,incomparable
1286,4591,incomparable
1287,49,weaker
1287,101,weaker
1287,201,equivalent
1287,486,equivalent
1287,518,equivalent
1287,619,weaker
1287,851,weaker
1287,872,weaker
1287,1219,equivalent
1287,2688,weaker
1287,2901,equivalent
1287,3330,weaker
1287,3333,weaker
1287,4409,weaker
1287,4574,weaker
1288,9,incomparable
1288,529,stronger
1288,659,incomparable
1288,779,stronger
1288,2389,incomparable
1289,45,incomparable
1289,61,incomparable
1289,313,incomparable
1289,1585,stronger
1289,1904,incomparable
1289,2640,stronger
1289,2730,stronger
1289,2748,stronger
1289,3099,incomparable
1289,3325,incomparable
1289,3744,incomparable
1289,3771,incomparable
1289,3809,incomparable
1289,4105,incomparable
1289,4504,incomparable
1290,395,weaker
1290,978,weaker
1290,1203,equivalent
1290,1330,equivalent
1290,1643,weaker
1290,1800,equivalent
1290,2002,equivalent
1290,2538,weaker
1290,2877,weaker
1290,2879,weaker
1290,3193,weaker
1290,3216,equivalent
1290,3535,weaker
1290,3692,weaker
1290,4297,weaker
1290,4549,weaker
1290,4683,weaker
1291,666,incomparable
1291,1584,stronger
1291,1749,stronger
1291,3595,incomparable
1291,3626,incomparable
1291,4048,incomparable
1291,4452,incomparable
1292,5,weaker
1292,315,weaker
1292,906,weaker
1292,1088,weaker
1292,1508,equivalent
1292,1821,weaker
1292,2130,weaker
1292,2165,weaker
1292,2409,equivalent
1292,3199,equivalent
1292,3399,weaker
1292,3567,weaker
1292,4485,weaker
1292,4563,weaker
1292,4597,weaker
1293,642,incomparable
1293,904,stronger
1293,1608,incomparable
1293,1995,stronger
1293,2302,stronger
1293,2379,stronger
1293,3138,stronger
1293,3351,incomparable
1293,3536,incomparable
1293,3622,incomparable
1293,4124,incomparable
1294,1298,equivalent
1294,1584,equivalent
1294,1635,weaker
1294,1747,equivalent
1294,1849,weaker
1294,2153,equivalent
1294,2234,equivalent
1294,3383,weaker
1294,3521,weaker
1294,3930,weaker
1295,597,stronger
1295,791,incomparable
1295,883,incomparable
1295,1595,stronger
1295,2126,incomparable
1295,2350,stronger
1295,2558,incomparable
1295,2831,stronger
1295,3510,incomparable
1295,3875,incomparable
1295,4622,weaker
1296,462,weaker
1296,939,equivalent
1296,1477,weaker
1296,2187,equivalent
1296,2450,weaker
1296,2612,equivalent
1296,2629,equivalent
1296,2755,weaker
1296,3361,weaker
1296,3366,weaker
1296,4123,weaker
1297,434,weaker
1297,518,equivalent
1297,605,equivalent
1297,1941,weaker
1297,2004,weaker
1297,2192,equivalent
1297,3537,weaker
1298,42,weaker
1298,597,equivalent
1298,605,equivalent
1298,1164,equivalent
1298,1648,weaker
1298,2255,weaker
1298,2466,weaker
1298,2521,weaker
1298,2752,equivalent
1298,3155,weaker
1298,3202,equivalent
1298,3330,weaker
1298,4594,weaker
1299,228,incomparable
1299,427,incomparable
1299,799,stronger
1299,1166,stronger
1299,1636,incomparable
1299,2435,stronger
1299,2664,incomparable
1299,3111,stronger
1299,3150,incomparable
1299,3660,incomparable
1299,4156,incomparable
1299,4390,incomparable
1300,135,equivalent
1300,182,weaker
1300,203,weaker
1300,309,weaker
1300,839,weaker
1300,1067,weaker
1300,1953,weaker
1300,2244,weaker
1300,2284,weaker
1300,2330,weaker
1300,2465,weaker
1300,3733,weaker
1300,3820,weaker
1300,4028,weaker
1301,423,incomparable
1301,820,incomparable
1301,991,stronger
1301,2320,stronger
1301,2942,incomparable
1301,3470,incomparable
1301,3577,incomparable
1301,4181,incomparable
1301,4541,incomparable
1301,4583,incomparable
1301,4597,incomparable
1302,2066,weaker
1302,2084,weaker
1302,2756,equivalent
1302,3692,weaker
1302,4006,weaker
1302,4542,weaker
1303,249,stronger
1303,320,incomparable
1303,1106,stronger
1303,1368,incomparable
1303,1427,incomparable
1303,1935,stronger
1303,2193,stronger
1303,2303,incomparable
1303,2695,incomparable
1303,2876,incomparable
1303,3402,incomparable
1303,3786,incomparable
1303,4647,incomparable
1303,4685,incomparable
1304,37,stronger
1304,282,stronger
1304,657,incomparable
1304,1414,stronger
1304,1630,incomparable
1304,1813,stronger
1304,1977,weaker
1304,2735,stronger
1304,3357,incomparable
1304,3779,incomparable
1304,3812,incomparable
1304,4288,incomparable
1305,175,equivalent
1305,1114,equivalent
1305,2741,weaker
1305,4589,weaker
1306,41,weaker
1306,905,equivalent
1306,1561,weaker
1306,1785,equivalent
1306,2006,equivalent
1306,2429,equivalent
1306,2699,weaker
1306,3096,weaker
1306,3238,equivalent
1306,3253,weaker
1306,3294,weaker
1306,3683,weaker
1306,3980,weaker
1306,4210,weaker
1307,40,incomparable
1307,290,incomparable
1307,1018,stronger
1307,1752,stronger
1307,1780,weaker
1307,2320,stronger
1307,2456,incomparable
1307,2865,incomparable
1308,265,weaker
1308,1022,weaker
1308,1104,weaker
1308,1116,equivalent
1308,1267,weaker
1308,1545,equivalent
1308,1621,equivalent
1308,3137,equivalent
1308,3633,weaker
1308,4478,weaker
1309,361,weaker
1309,1224,weaker
1309,1439,weaker
1309,1742,weaker
1309,1931,weaker
1309,2068,weaker
1309,2203,weaker
1309,3003,equivalent
1309,3298,weaker
1309,3321,weaker
1309,3350,weaker
1309,3418,weaker
1309,3823,weaker
1309,4217,weaker
1309,4454,weaker
1310,758,equivalent
1310,1427,weaker
1310,1436,weaker
1310,1917,equivalent
1310,2010,equivalent
1310,2809,equivalent
1310,3555,weaker
1310,4320,weaker
1311,478,equivalent
1311,2470,weaker
1311,3062,weaker
1311,3100,weaker
1311,3169,equivalent
1311,3353,weaker
1311,3810,weaker
1311,4499,weaker
1312,180,stronger
1312,386,incomparable
1312,518,stronger
1312,838,incomparable
1312,1012,stronger
1312,1536,stronger
1312,1753,stronger
1312,3003,stronger
1312,4026,incomparable
1313,47,weaker
1313,237,stronger
1313,956,stronger
1313,965,stronger
1313,1764,incomparable
1313,3263,incomparable
1313,3573,incomparable
1313,4319,incomparable
1314,240,equivalent
1314,519,equivalent
1314,1290,equivalent
1314,1990,equivalent
1314,2057,weaker
1314,2127,weaker
1314,2794,equivalent
1314,2810,equivalent
1314,3085,weaker
1314,4322,weaker
1314,4435,weaker
1315,94,incomparable
1315,1016,stronger
1315,1091,stronger
1315,1708,stronger
1315,2039,incomparable
1315,2088,incomparable
1315,2281,incomparable
1315,2476,incomparable
1315,3067,incomparable
1315,3203,stronger
1315,3763,incomparable
1315,3935,incomparable
1315,3958,incomparable
1315,4205,incomparable
1315,4573,incomparable
1316,127,incomparable
1316,170,incomparable
1316,617,incomparable
1316,660,incomparable
1316,1041,incomparable
1316,1162,stronger
1316,1795,stronger
1316,2880,incomparable
1316,3009,stronger
1316,3632,incomparable
1316,3938,incomparable
1316,4033,incomparable
1316,4639,incomparable
1317,892,equivalent
1317,1156,equivalent
1317,1249,weaker
1317,1411,equivalent
1317,2943,equivalent
1317,2995,equivalent
1317,3061,weaker
1317,3620,weaker
1317,4477,weaker
1317,4658,weaker
1318,222,incomparable
1318,591,stronger
1318,612,stronger
1318,843,incomparable
1318,2254,incomparable
1318,2935,stronger
1318,3118,stronger
1318,3650,incomparable
1318,4028,incomparable
1318,4079,incomparable
1318,4169,incomparable
1318,4221,weaker
1319,1,weaker
1319,233,equivalent
1319,1645,weaker
1319,2483,weaker
1319,2497,weaker
1319,3374,weaker
1319,3987,weaker
1320,41,incomparable
1320,1635,weaker
1320,2229,stronger
1320,2470,weaker
1320,2550,incomparable
1320,3660,incomparable
1320,4460,incomparable
1320,4649,incomparable
1321,280,weaker
1321,961,equivalent
1321,1517,equivalent
1321,1691,weaker
1321,2252,weaker
1321,2984,equivalent
1321,3090,weaker
1321,3653,weaker
1321,3726,weaker
1321,3979,weaker
1321,4149,weaker
1321,4170,weaker
1321,4217,weaker
1322,265,incomparable
1322,349,incomparable
1322,1008,stronger
1322,1052,incomparable
1322,1161,stronger
1322,1256,incomparable
1322,1427,incomparable
1322,1428,incomparable
1322,2192,stronger
1322,2710,incomparable
1322,2811,stronger
1322,2954,stronger
1322,3100,incomparable
1322,3590,incomparable
1322,4375,incomparable
1323,122,stronger
1323,282,stronger
1323,309,incomparable
1323,579,incomparable
1323,1231,incomparable
1323,1650,incomparable
1323,1814,stronger
1323,2407,stronger
1323,2756,stronger
1323,3043,stronger
1323,3627,incomparable
1324,53,weaker
1324,341,weaker
1324,1151,equivalent
1324,1243,weaker
1324,1629,weaker
1324,1744,equivalent
1324,1964,weaker
1324,2436,equivalent
1324,4069,weaker
1325,2117,stronger
1325,2927,stronger
1325,4632,incomparable
1326,260,weaker
1326,579,weaker
1326,670,weaker
1326,2141,equivalent
1326,2442,weaker
1327,445,weaker
1327,848,weaker
1327,1254,weaker
1327,1505,equivalent
1327,1651,weaker
1327,2413,equivalent
1327,2496,weaker
1327,2614,equivalent
1327,3212,equivalent
1327,3264,weaker
1327,3747,weaker
1327,4455,weaker
1328,36,stronger
1328,42,incomparable
1328,90,incomparable
1328,741,stronger
1328,1130,stronger
1328,1430,incomparable
1328,1748,stronger
1328,2108,stronger
1328,2301,incomparable
1328,2536,incomparable
1328,2573,incomparable
1328,2594,stronger
1328,2785,stronger
1328,3110,stronger
1328,3309,weaker
1328,3390,incomparable
1328,3423,incomparable
1328,3922,incomparable
1329,481,weaker
1329,907,weaker
1329,948,equivalent
1329,1524,equivalent
1329,1620,equivalent
1329,3719,weaker
1329,4225,weaker
1329,4288,weaker
1329,4520,weaker
1329,4637,weaker
1330,229,weaker
1330,443,weaker
1330,645,weaker
1330,668,equivalent
1330,698,weaker
1330,705,equivalent
1330,2640,equivalent
1330,3014,equivalent
1330,3069,weaker
1330,3472,weaker
1330,4252,weaker
1330,4358,weaker
1330,4411,weaker
1331,52,weaker
1331,265,weaker
1331,282,equivalent
1331,388,weaker
1331,3086,weaker
1331,3225,equivalent
1331,3397,weaker
1331,3498,weaker
1331,3701,weaker
1331,3835,weaker
1331,4492,weaker
1331,4552,weaker
1332,91,stronger
1332,683,stronger
1332,892,stronger
1332,1369,stronger
1332,1415,equivalent
1332,2225,stronger
1332,2347,incomparable
1332,2781,stronger
1332,3132,stronger
1332,3362,incomparable
1332,3708,incomparable
1332,3765,incomparable
1332,3867,weaker
1332,4128,weaker
1333,391,weaker
1333,436,weaker
1333,657,weaker
1333,1317,equivalent
1333,1700,equivalent
1333,2140,weaker
1333,2722,weaker
1333,2995,equivalent
1333,3927,weaker
1333,4103,weaker
1333,4512,weaker
1333,4537,weaker
1334,28,incomparable
1334,365,incomparable
1334,401,incomparable
1334,803,stronger
1334,939,stronger
1334,1796,stronger
1334,2096,stronger
1334,2107,incomparable
1334,2651,incomparable
1334,2897,incomparable
1334,3022,stronger
1334,3232,incomparable
1334,3497,weaker
1334,3583,incomparable
1334,3789,incomparable
1334,4216,weaker
1335,58,weaker
1335,358,weaker
1335,1083,weaker
1335,1441,weaker
1335,1632,weaker
1335,1909,equivalent
1335,2411,equivalent
1335,2552,weaker
1335,2861,weaker
1335,3674,weaker
1335,4094,weaker
1336,171,stronger
1336,477,incomparable
1336,538,stronger
1336,1167,incomparable
1336,1174,stronger
1336,1301,incomparable
1336,1704,stronger
1336,2056,incomparable
1336,2117,stronger
1336,2541,incomparable
1336,2652,incomparable
1336,3500,incomparable
1336,4534,incomparable
1337,215,weaker
1337,330,weaker
1337,1996,weaker
1337,2148,weaker
1337,2592,weaker
1337,2709,weaker
1337,4494,weaker
1338,414,weaker
1338,1697,weaker
1338,1699,weaker
1338,2109,equivalent
1338,2320,equivalent
1338,2388,equivalent
1338,2543,weaker
1338,3872,weaker
1338,3916,weaker
1338,4324,weaker
1339,162,weaker
1339,541,weaker
1339,2375,equivalent
1339,2875,weaker
1339,3739,weaker
1339,3874,weaker
1339,4098,weaker
1339,4640,weaker
1340,733,stronger
1340,970,stronger
1340,1679,incomparable
1340,1891,stronger
1340,2044,incomparable
1340,2127,incomparable
1340,2559,stronger
1340,2776,incomparable
1340,2805,incomparable
1340,3248,stronger
1340,3887,weaker
1340,4095,incomparable
1341,1217,weaker
1341,1768,equivalent
1341,1974,equivalent
1341,2245,weaker
1341,2551,equivalent
1341,2737,weaker
1341,2953,equivalent
1341,3173,equivalent
1341,4189,weaker
1341,4266,weaker
1342,267,weaker
1342,940,equivalent
1342,1047,weaker
1342,1977,weaker
1342,2069,weaker
1342,2655,weaker
1342,2977,weaker
1342,3779,weaker
1342,4314,weaker
1343,289,equivalent
1343,439,weaker
1343,1821,weaker
1343,1970,weaker
1343,2082,weaker
1343,2868,weaker
1343,3121,equivalent
1343,3737,weaker
1343,3786,weaker
1343,4511,weaker
1343,4615,weaker
1344,155,incomparable
1344,786,incomparable
1344,1421,stronger
1344,1964,incomparable
1344,2009,equivalent
1344,2034,stronger
1344,2631,stronger
1344,2882,incomparable
1344,2962,stronger
1344,3204,stronger
1344,3440,incomparable
1344,3455,incomparable
1344,3907,incomparable
1344,4213,weaker
1344,4215,incomparable
1345,1277,equivalent
1345,1840,weaker
1345,1969,equivalent
1345,2145,equivalent
1345,2200,equivalent
1345,2541,weaker
1345,2691,weaker
1345,4442,weaker
1346,51,weaker
1346,283,weaker
1346,927,equivalent
1346,1349,weaker
1346,1465,weaker
1346,1717,equivalent
1346,2223,equivalent
1346,2415,weaker
1346,2644,weaker
1346,2824,equivalent
1346,2839,equivalent
1346,3034,weaker
1346,3391,weaker
1346,3843,weaker
1346,4367,weaker
1347,185,equivalent
1347,969,equivalent
1347,1011,equivalent
1347,1221,equivalent
1347,1474,weaker
1347,1524,equivalent
1347,1702,equivalent
1347,1947,equivalent
1347,1974,equivalent
1347,2022,equivalent
1347,2192,equivalent
1347,2421,equivalent
1347,2678,weaker
1347,2730,equivalent
1347,3172,equivalent
1347,4095,weaker
1347,4129,weaker
1347,4405,weaker
1348,195,equivalent
1348,308,weaker
1348,1220,equivalent
1348,1537,weaker
1348,1592,equivalent
1348,1821,weaker
1348,3036,equivalent
1348,3940,weaker
1348,3966,weaker
1348,4311,weaker
1348,4358,weaker
1348,4575,weaker
1349,595,stronger
1349,648,incomparable
1349,1110,incomparable
1349,1209,stronger
1349,1826,equivalent
1349,2173,equivalent
1349,2415,incomparable
1349,2605,incomparable
1349,2612,stronger
1349,3103,incomparable
1349,3169,stronger
1349,4309,incomparable
1350,2367,equivalent
1350,2389,weaker
1350,2940,weaker
1350,3523,weaker
1350,3651,weaker
1350,4461,weaker
1351,38,weaker
1351,188,equivalent
1351,692,weaker
1351,1495,equivalent
1351,1847,weaker
1351,1932,weaker
1351,2014,weaker
1351,2202,equivalent
1351,2475,weaker
1351,2481,weaker
1351,3003,equivalent
1351,3862,weaker
1351,4079,weaker
1352,899,equivalent
1352,1288,weaker
1352,1708,equivalent
1352,1810,equivalent
1352,2230,equivalent
1352,2831,weaker
1352,3228,equivalent
1352,3622,weaker
1352,3971,weaker
1353,88,stronger
1353,272,stronger
1353,325,incomparable
1353,503,incomparable
1353,620,incomparable
1353,2362,stronger
1353,2551,stronger
1354,6,equivalent
1354,878,equivalent
1354,2311,equivalent
1354,2402,weaker
1354,2574,equivalent
1354,2578,equivalent
1354,2737,weaker
1354,2992,weaker
1354,4089,weaker
1354,4172,weaker
1354,4617,weaker
1355,1199,stronger
1355,1561,incomparable
1355,1698,stronger
1355,1765,stronger
1355,2203,incomparable
1355,2772,stronger
1355,3109,stronger
1355,4484,incomparable
1356,239,equivalent
1356,260,weaker
1356,446,weaker
1356,954,equivalent
1356,990,equivalent
1356,1207,weaker
1356,1259,weaker
1356,1435,weaker
1356,1530,equivalent
1356,1698,equivalent
1356,2417,equivalent
1356,2438,equivalent
1356,2926,equivalent
1356,2931,weaker
1356,3353,weaker
1356,4663,weaker
1357,611,stronger
1357,2653,incomparable
1357,2757,stronger
1357,3224,stronger
1357,3855,incomparable
1357,3880,weaker
1358,18,stronger
1358,466,incomparable
1358,563,stronger
1358,582,stronger
1358,809,stronger
1358,867,incomparable
1358,1204,stronger
1358,1287,stronger
1358,1339,stronger
1358,1468,incomparable
1358,1622,stronger
1358,1753,stronger
1358,2158,stronger
1358,2738,stronger
1358,2849,incomparable
1358,3775,incomparable
1358,4037,incomparable
1358,4445,incomparable
1359,362,weaker
1359,1366,weaker
1359,1686,equivalent
1359,1906,equivalent
1359,3534,weaker
1359,4384,weaker
1360,625,weaker
1360,790,equivalent
1360,1018,equivalent
1360,1094,equivalent
1360,1817,equivalent
1360,2048,weaker
1360,2371,equivalent
1360,2603,equivalent
1360,2652,weaker
1360,3206,equivalent
1360,3299,weaker
1361,167,incomparable
1361,287,stronger
1361,1067,weaker
1361,1120,incomparable
1361,1616,stronger
1361,2058,incomparable
1361,2750,stronger
1361,3096,incomparable
1361,3628,incomparable
1361,4110,incomparable
1361,4495,incomparable
1362,186,weaker
1362,253,equivalent
1362,563,equivalent
1362,969,equivalent
1362,1026,weaker
1362,1358,weaker
1362,1687,weaker
1362,2969,equivalent
1362,3242,weaker
1362,3374,weaker
1363,52,weaker
1363,374,weaker
1363,1330,equivalent
1363,1466,weaker
1363,1535,weaker
1363,2595,equivalent
1363,2717,equivalent
1363,3671,weaker
1364,509,equivalent
1364,1725,equivalent
1364,1888,weaker
1364,2498,equivalent
1364,2802,equivalent
1364,3728,weaker
1364,3738,weaker
1364,3776,weaker
1364,4334,weaker
1365,2168,equivalent
1365,2505,equivalent
1365,3199,equivalent
1365,3270,weaker
1365,3411,weaker
1365,4005,weaker
1365,4663,weaker
1366,362,incomparable
1366,415,incomparable
1366,954,stronger
1366,1051,weaker
1366,1693,stronger
1366,1808,stronger
1366,1886,stronger
1366,1950,stronger
1366,3327,incomparable
1366,3480,incomparable
1366,4181,incomparable
1366,4475,incomparable
1366,4519,incomparable
1367,364,weaker
1367,2228,equivalent
1367,2251,weaker
1367,2427,equivalent
1367,2569,equivalent
1367,3933,weaker
1367,4056,weaker
1368,229,incomparable
1368,753,stronger
1368,1018,stronger
1368,1144,stronger
1368,1237,incomparable
1368,1652,incomparable
1368,2784,stronger
1369,74,equivalent
1369,339,weaker
1369,549,weaker
1369,579,weaker
1369,687,equivalent
1369,3900,weaker
1369,4412,weaker
1369,4674,weaker
1370,963,stronger
1370,1183,stronger
1370,1603,incomparable
1370,2336,stronger
1370,2611,stronger
1370,3502,incomparable
1370,3888,incomparable
1370,4386,incomparable
1370,4408,incomparable
1370,4598,incomparable
1371,191,equivalent
1371,641,weaker
1371,667,weaker
1371,977,weaker
1371,1141,weaker
1371,1736,equivalent
1371,1831,equivalent
1371,3115,weaker
1372,1612,equivalent
1372,1828,equivalent
1372,1996,weaker
1372,2013,equivalent
1372,2769,equivalent
1372,3113,weaker
1372,3718,weaker
1372,3758,weaker
1372,4159,weaker
1373,4,weaker
1373,1901,equivalent
1373,2459,weaker
1373,3060,weaker
1373,3656,weaker
1373,4170,weaker
1374,1127,stronger
1374,1263,incomparable
1374,1755,stronger
1374,2310,incomparable
1374,2684,incomparable
1374,3427,incomparable
1374,3542,incomparable
1374,4042,incomparable
1374,4075,incomparable
1374,4344,incomparable
1375,148,equivalent
1375,919,weaker
1375,1136,equivalent
1375,1222,equivalent
1375,1759,weaker
1375,2543,weaker
1375,2579,weaker
1375,2821,weaker
1375,4061,weaker
1376,202,equivalent
1376,901,weaker
1376,1808,equivalent
1376,2258,weaker
1376,2520,equivalent
1376,2580,equivalent
1376,2864,weaker
1376,2927,weaker
1376,3069,weaker
1376,3119,equivalent
1376,3819,weaker
1376,3965,weaker
1376,4032,weaker
1376,4352,weaker
1377,106,weaker
1377,571,weaker
1377,700,equivalent
1377,969,equivalent
1377,1172,equivalent
1377,1782,equivalent
1377,1816,weaker
1377,2139,equivalent
1377,2470,weaker
1377,2954,equivalent
1377,3113,weaker
1377,3159,weaker
1377,3312,weaker
1377,3384,weaker
1377,3800,weaker
1377,3831,weaker
1377,4560,weaker
1378,241,stronger
1378,311,incomparable
1378,563,stronger
1378,738,stronger
1378,973,stronger
1378,2230,stronger
1378,2495,stronger
1378,2852,incomparable
1378,3177,stronger
1378,3916,incomparable
1378,4430,incomparable
1378,4652,incomparable
1379,887,weaker
1379,1345,equivalent
1379,2482,weaker
1379,2684,weaker
1379,2887,weaker
1379,3574,weaker
1379,3745,weaker
1379,4434,weaker
1380,547,equivalent
1380,919,weaker
1380,964,weaker
1380,1167,weaker
1380,1349,weaker
1380,1658,weaker
1380,1816,weaker
1380,2673,weaker
1380,3026,equivalent
1380,3747,weaker
1380,4039,weaker
1380,4512,weaker
1381,106,weaker
1381,563,equivalent
1381,955,weaker
1381,1397,equivalent
1381,1861,weaker
1381,1928,equivalent
1381,2294,weaker
1381,2641,equivalent
1381,3501,weaker
1381,3644,weaker
1381,3698,weaker
1381,4383,weaker
1382,33,equivalent
1382,884,equivalent
1382,1934,weaker
1382,2310,weaker
1382,2636,equivalent
1382,2904,equivalent
1382,3694,weaker
1382,3832,weaker
1382,3925,weaker
1382,4553,weaker
1383,68,incomparable
1383,1357,equivalent
1383,1522,stronger
1383,1609,stronger
1383,1830,stronger
1383,2044,incomparable
1383,2881,incomparable
1383,2962,stronger
1383,3033,stronger
1383,4404,incomparable
1384,287,stronger
1384,904,stronger
1384,933,stronger
1384,1242,incomparable
1384,1507,incomparable
1384,1864,incomparable
1384,1977,weaker
1384,2365,stronger
1384,2628,incomparable
1384,2751,stronger
1384,2841,incomparable
1384,4186,incomparable
1385,130,weaker
1385,897,weaker
1385,1020,weaker
1385,1174,equivalent
1385,1451,weaker
1385,1799,equivalent
1385,2044,weaker
1385,2283,weaker
1385,3030,equivalent
1385,3335,weaker
1385,3635,weaker
1385,4359,weaker
1386,188,equivalent
1386,661,weaker
1386,1213,equivalent
1386,2157,equivalent
1386,2630,equivalent
1386,2699,weaker
1386,3072,weaker
1386,3183,equivalent
1386,3335,weaker
1386,3545,weaker
1386,3721,weaker
1386,4427,weaker
1386,4562,weaker
1387,445,incomparable
1387,1382,stronger
1387,1912,incomparable
1387,2445,incomparable
1387,3027,stronger
1387,3202,stronger
1387,3527,incomparable
1387,4199,incomparable
1387,4219,incomparable
1387,4285,incomparable
1388,1304,weaker
1388,1751,equivalent
1388,2928,weaker
1388,3094,weaker
1388,3156,equivalent
1388,4172,weaker
1388,4181,weaker
1388,4336,weaker
1389,7,equivalent
1389,32,equivalent
1389,408,weaker
1389,1177,equivalent
1389,1945,weaker
1389,2339,equivalent
1389,3820,weaker
1389,4456,weaker
1390,304,equivalent
1390,540,equivalent
1390,631,weaker
1390,972,weaker
1390,1738,weaker
1390,2270,weaker
1390,3132,equivalent
1390,3136,equivalent
1390,3835,weaker
1390,4079,weaker
1390,4198,weaker
1391,1,weaker
1391,33,stronger
1391,43,incomparable
1391,669,incomparable
1391,1458,incomparable
1391,2523,stronger
1391,2743,incomparable
1391,3147,incomparable
1391,3201,incomparable
1391,3265,incomparable
1391,3744,incomparable
1391,3953,incomparable
1392,404,weaker
1392,612,equivalent
1392,954,equivalent
1392,975,equivalent
1392,1927,weaker
1392,2064,weaker
1392,2195,weaker
1392,3272,weaker
1392,3631,weaker
1392,3659,weaker
1392,3893,weaker
1392,4140,weaker
1392,4239,weaker
1393,27,weaker
1393,561,equivalent
1393,648,weaker
1393,1395,weaker
1393,2314,weaker
1393,2634,equivalent
1393,3946,weaker
1393,4155,weaker
1393,4623,weaker
1394,279,equivalent
1394,471,equivalent
1394,635,weaker
1394,1111,equivalent
1394,1225,weaker
1394,1879,weaker
1394,2463,weaker
1394,2973,weaker
1394,3008,weaker
1394,3675,weaker
1394,3950,weaker
1395,45,weaker
1395,470,stronger
1395,880,incomparable
1395,1005,stronger
1395,1093,stronger
1395,2261,incomparable
1395,2772,stronger
1395,3990,incomparable
1395,4130,incomparable
1395,4443,incomparable
1396,9,weaker
1396,316,weaker
1396,2767,equivalent
1396,2894,weaker
1396,2960,weaker
1396,3126,weaker
1396,3410,weaker
1396,3995,weaker
1397,314,weaker
1397,3209,equivalent
1397,3952,weaker
1397,4093,weaker
1397,4160,weaker
1397,4440,weaker
1397,4465,weaker
1398,593,weaker
1398,636,weaker
1398,765,weaker
1398,1342,equivalent
1398,1896,equivalent
1398,2442,weaker
1398,3992,weaker
1398,4395,weaker
1398,4548,weaker
1398,4567,weaker
1398,4575,weaker
1398,4637,weaker
1399,870,weaker
1399,880,weaker
1399,941,equivalent
1399,2883,weaker
1399,3271,weaker
1399,3286,weaker
1399,3663,weaker
1400,107,weaker
1400,223,stronger
1400,225,stronger
1400,299,stronger
1400,1627,stronger
1400,2127,weaker
1400,2287,incomparable
1400,2939,incomparable
1400,3445,incomparable
1400,4181,incomparable
1400,4263,weaker
1400,4604,incomparable
1401,239,equivalent
1401,450,weaker
1401,879,weaker
1401,1163,weaker
1401,1170,equivalent
1401,1697,weaker
1401,2434,equivalent
1401,2593,equivalent
1401,3886,weaker
1401,4539,weaker
1401,4652,weaker
1401,4692,weaker
1402,953,equivalent
1402,2496,weaker
1402,2835,equivalent
1402,2929,equivalent
1402,2992,weaker
1402,3287,weaker
1402,3707,weaker
1402,3974,weaker
1402,4538,weaker
1403,529,equivalent
1403,531,equivalent
1403,749,weaker
1403,835,weaker
1403,1529,equivalent
1403,1585,equivalent
1403,1596,equivalent
1403,1619,equivalent
1403,2116,weaker
1403,3908,weaker
1404,5,weaker
1404,35,equivalent
1404,270,weaker
1404,305,equivalent
1404,486,equivalent
1404,621,weaker
1404,1006,equivalent
1404,1029,weaker
1404,1118,equivalent
1404,1211,equivalent
1404,1466,weaker
1404,1688,equivalent
1404,2148,weaker
1404,2203,weaker
1404,2636,equivalent
1404,2765,weaker
1404,3423,weaker
1405,582,stronger
1405,786,incomparable
1405,1369,stronger
1405,1490,stronger
1405,1705,incomparable
1405,2033,stronger
1405,2961,stronger
1405,3598,incomparable
1405,3642,incomparable
1405,4247,incomparable
1405,4614,incomparable
1406,151,weaker
1406,175,equivalent
1406,591,equivalent
1406,721,equivalent
1406,1526,weaker
1406,2141,equivalent
1406,2651,weaker
1406,3136,equivalent
1406,3146,equivalent
1406,3286,weaker
1406,3507,weaker
1406,3779,weaker
1406,4628,weaker
1407,463,weaker
1407,678,equivalent
1407,1313,weaker
1407,1541,equivalent
1407,1747,equivalent
1407,4062,weaker
1408,212,weaker
1408,1632,weaker
1408,2529,equivalent
1408,3826,weaker
1408,4687,weaker
1409,241,equivalent
1409,631,weaker
1409,2250,weaker
1409,2463,weaker
1409,3046,equivalent
1409,3546,weaker
1409,3564,weaker
1409,3727,weaker
1409,3924,weaker
1410,513,weaker
1410,752,incomparable
1410,801,incomparable
1410,3754,incomparable
1410,3948,incomparable
1411,695,weaker
1411,766,equivalent
1411,804,equivalent
1411,1607,equivalent
1411,1742,weaker
1411,2570,equivalent
1411,2876,weaker
1411,3170,equivalent
1411,3240,equivalent
1411,3754,weaker
1411,4019,weaker
1411,4141,weaker
1411,4451,weaker
1411,4647,weaker
1412,285,equivalent
1412,1002,equivalent
1412,2326,equivalent
1412,3028,equivalent
1412,3155,weaker
1412,3478,weaker
1412,4226,weaker
1413,290,weaker
1413,564,equivalent
1413,850,weaker
1413,1132,equivalent
1413,1942,equivalent
1413,2866,weaker
1413,3265,weaker
1413,3927,weaker
1414,525,equivalent
1414,1115,weaker
1414,1166,equivalent
1414,1229,weaker
1414,1778,equivalent
1414,2001,equivalent
1414,2779,weaker
1414,2985,weaker
1414,3797,weaker
1415,78,incomparable
1415,102,incomparable
1415,396,incomparable
1415,414,incomparable
1415,590,stronger
1415,675,stronger
1415,1764,incomparable
1415,2316,incomparable
1415,2621,stronger
1415,2977,stronger
1415,3131,incomparable
1415,3208,stronger
1415,3865,incomparable
1415,4198,incomparable
1415,4294,incomparable
1415,4509,incomparable
1416,135,equivalent
1416,430,weaker
1416,610,equivalent
1416,864,weaker
1416,1438,weaker
1416,1907,equivalent
1416,2457,weaker
1416,3161,weaker
1417,24,weaker
1417,571,weaker
1417,716,weaker
1417,949,weaker
1417,953,equivalent
1417,1370,weaker
1417,1538,equivalent
1417,1656,weaker
1417,2011,equivalent
1417,2022,equivalent
1417,2121,equivalent
1417,3682,weaker
1417,4423,weaker
1418,10,weaker
1418,542,equivalent
1418,1312,weaker
1418,1583,equivalent
1418,1640,weaker
1418,1927,weaker
1418,2418,equivalent
1418,3157,equivalent
1418,3328,weaker
1418,3446,weaker
1419,266,weaker
1419,651,weaker
1419,1262,weaker
1419,1526,weaker
1419,1763,weaker
1419,1863,weaker
1419,2425,weaker
1419,2444,weaker
1419,2856,weaker
1419,3104,equivalent
1419,3193,weaker
1419,3276,weaker
1419,3701,weaker
1420,1640,weaker
1420,1770,stronger
1420,1782,stronger
1420,2218,stronger
1420,3303,incomparable
1420,3758,incomparable
1420,3783,incomparable
1420,4019,incomparable
1420,4223,incomparable
1420,4391,incomparable
1420,4690,incomparable
1421,569,equivalent
1421,571,weaker
1421,1018,equivalent
1421,1229,weaker
1421,1882,weaker
1421,2513,weaker
1421,2525,weaker
1421,2579,weaker
1421,3511,weaker
1422,771,equivalent
1422,1711,equivalent
1422,1773,equivalent
1422,2971,equivalent
1422,4176,weaker
1423,833,weaker
1423,1059,weaker
1423,1283,equivalent
1423,1469,weaker
1423,1967,weaker
1423,2021,equivalent
1423,2193,equivalent
1423,2422,equivalent
1423,4068,weaker
1423,4407,weaker
1424,669,weaker
1424,1454,weaker
1424,1565,equivalent
1424,1893,equivalent
1424,1900,weaker
1424,2130,weaker
1424,2730,equivalent
1424,3223,equivalent
1424,3805,weaker
1424,3806,weaker
1424,4146,weaker
1424,4498,weaker
1424,4690,weaker
1425,342,weaker
1425,358,weaker
1425,395,weaker
1425,614,weaker
1425,1047,weaker
1425,1520,equivalent
1425,1719,weaker
1425,2057,weaker
1425,2394,equivalent
1425,3205,weaker
1425,4521,weaker
1426,485,stronger
1426,742,stronger
1426,2131,stronger
1426,2282,stronger
1426,3106,incomparable
1426,3554,incomparable
1426,3682,incomparable
1426,3744,incomparable
1426,4043,incomparable
1426,4061,incomparable
1426,4147,incomparable
1426,4187,incomparable
1426,4630,incomparable
1427,282,stronger
1427,689,stronger
1427,1181,incomparable
1427,1243,incomparable
1427,2909,incomparable
1427,4142,incomparable
1428,268,incomparable
1428,550,stronger
1428,587,stronger
1428,1360,stronger
1428,1637,incomparable
1428,1986,stronger
1428,2219,stronger
1428,2406,incomparable
1428,2670,incomparable
1428,2924,stronger
1428,3116,incomparable
1428,3180,incomparable
1428,3196,stronger
1428,3638,incomparable
1428,4140,incomparable
1429,651,stronger
1429,1021,incomparable
1429,1146,incomparable
1429,3517,incomparable
1429,3535,incomparable
1429,4003,incomparable
1429,4376,incomparable
1429,4581,incomparable
1429,4599,incomparable
1429,4610,incomparable
1430,762,stronger
1430,1679,stronger
1430,2681,incomparable
1430,2970,stronger
1430,3657,incomparable
1430,3981,incomparable
1430,4201,incomparable
1431,132,stronger
1431,424,incomparable
1431,577,stronger
1431,994,stronger
1431,1050,incomparable
1431,1071,stronger
1431,1404,stronger
1431,2013,stronger
1431,2368,incomparable
1431,2641,stronger
1431,3234,stronger
1431,3253,incomparable
1431,3397,incomparable
1431,4049,incomparable
1431,4451,incomparable
1431,4543,incomparable
1432,2399,stronger
1432,2614,stronger
1432,3001,stronger
1432,3329,incomparable
1432,3529,incomparable
1432,3725,incomparable
1432,3977,incomparable
1432,4061,incomparable
1432,4188,incomparable
1432,4379,incomparable
1433,204,equivalent
1433,858,incomparable
1433,1347,stronger
1433,1558,incomparable
1433,2720,incomparable
1433,2813,stronger
1433,4556,incomparable
1434,40,incomparable
1434,421,incomparable
1434,543,incomparable
1434,625,incomparable
1434,1291,incomparable
1434,1540,stronger
1434,3025,stronger
1434,3532,incomparable
1434,3584,incomparable
1435,68,incomparable
1435,1435,equivalent
1435,1478,incomparable
1435,2042,incomparable
1435,2143,stronger
1435,2211,stronger
1435,3045,stronger
1435,3047,stronger
1435,3175,stronger
1435,4077,incomparable
1436,369,incomparable
1436,438,stronger
1436,651,stronger
1436,915,stronger
1436,1444,weaker
1436,1579,stronger
1436,1666,equivalent
1436,3568,incomparable
1436,4155,incomparable
1437,136,stronger
1437,705,stronger
1437,1275,incomparable
1437,1307,incomparable
1437,1579,stronger
1437,1873,incomparable
1437,3124,stronger
1437,3199,stronger
1437,4300,incomparable
1438,480,stronger
1438,568,stronger
1438,893,incomparable
1438,1264,incomparable
1438,3360,incomparable
1438,3453,incomparable
1438,4232,incomparable
1439,49,incomparable
1439,749,incomparable
1439,847,incomparable
1439,937,stronger
1439,1806,incomparable
1439,2080,incomparable
1439,2413,stronger
1439,2734,incomparable
1439,2991,stronger
1439,3235,stronger
1439,3354,incomparable
1439,3945,incomparable
1439,4261,incomparable
1440,53,incomparable
1440,869,incomparable
1440,1131,incomparable
1440,2670,incomparable
1440,3231,stronger
1440,3504,incomparable
1440,3786,incomparable
1441,663,stronger
1441,738,stronger
1441,3252,stronger
1441,3501,incomparable
1441,3540,incomparable
1441,4266,incomparable
1442,47,incomparable
1442,215,incomparable
1442,218,incomparable
1442,520,incomparable
1442,2011,stronger
1442,2640,stronger
1442,2976,stronger
1442,3923,incomparable
1442,3967,incomparable
1442,4050,incomparable
1442,4058,incomparable
1442,4118,incomparable
1442,4319,incomparable
1442,4420,incomparable
1442,4424,incomparable
1442,4429,incomparable
1443,51,incomparable
1443,458,incomparable
1443,507,stronger
1443,1149,stronger
1443,2045,incomparable
1444,874,stronger
1444,1845,incomparable
1444,2264,incomparable
1444,2272,stronger
1444,3153,stronger
1444,3367,incomparable
1444,4182,incomparable
1444,4235,incomparable
1444,4326,incomparable
1444,4393,incomparable
1444,4524,incomparable
1445,255,incomparable
1445,280,incomparable
1445,1281,incomparable
1445,1829,stronger
1445,2142,stronger
1445,2512,stronger
1445,2913,incomparable
1445,3162,stronger
1445,3399,incomparable
1445,4091,incomparable
1445,4175,incomparable
1446,169,incomparable
1446,426,incomparable
1446,845,incomparable
1446,1150,incomparable
1446,1359,stronger
1446,1360,stronger
1446,1361,incomparable
1446,1747,stronger
1446,1806,incomparable
1446,2242,stronger
1446,2269,incomparable
1446,2316,incomparable
1446,3735,incomparable
1446,4347,incomparable
1446,4573,incomparable
1447,444,incomparable
1447,608,incomparable
1447,769,stronger
1447,881,stronger
1447,1149,stronger
1447,1264,incomparable
1447,1626,stronger
1447,2167,incomparable
1447,2440,stronger
1447,2464,stronger
1447,3376,incomparable
1447,3684,incomparable
1448,786,incomparable
1448,1924,incomparable
1448,3395,incomparable
1448,3553,incomparable
1448,3561,incomparable
1448,4165,incomparable
1448,4550,incomparable
1449,818,incomparable
1449,1186,stronger
1449,1533,stronger
1449,1840,weaker
1449,2285,weaker
1449,2416,stronger
1449,2597,stronger
1449,3446,incomparable
1449,3454,incomparable
1449,4526,incomparable
1450,302,incomparable
1450,643,incomparable
1450,1573,incomparable
1450,2111,incomparable
1450,2977,incomparable
1450,3321,weaker
1450,3334,weaker
1450,4360,weaker
1451,274,incomparable
1451,2506,incomparable
1451,4339,incomparable
1451,4669,incomparable
1452,573,stronger
1452,793,stronger
1452,1070,stronger
1452,1252,incomparable
1452,1363,stronger
1452,1405,incomparable
1452,3209,stronger
1452,3332,incomparable
1452,3483,incomparable
1452,3746,incomparable
1452,4599,incomparable
1452,4693,incomparable
1453,140,stronger
1453,591,stronger
1453,600,stronger
1453,740,incomparable
1453,878,stronger
1453,1719,incomparable
1453,1976,stronger
1453,2120,stronger
1453,2489,incomparable
1453,2634,stronger
1453,3161,incomparable
1453,3896,incomparable
1454,8,incomparable
1454,175,stronger
1454,502,stronger
1454,552,stronger
1454,1125,incomparable
1454,1428,incomparable
1454,1506,incomparable
1454,1972,stronger
1454,2366,stronger
1454,2467,incomparable
1454,4113,incomparable
1454,4444,incomparable
1455,1684,incomparable
1455,1805,stronger
1455,2952,incomparable
1455,4504,incomparable
1455,4581,incomparable
1455,4602,incomparable
1456,401,incomparable
1456,429,incomparable
1456,505,stronger
1456,512,stronger
1456,1047,stronger
1456,1090,incomparable
1456,1480,incomparable
1456,1823,stronger
1456,2189,stronger
1456,2309,stronger
1457,362,incomparable
1457,1369,stronger
1457,1705,incomparable
1457,1752,stronger
1457,2320,stronger
1457,2340,incomparable
1457,2674,incomparable
1457,2685,incomparable
1457,3493,incomparable
1457,3913,incomparable
1457,3975,incomparable
1457,4477,incomparable
1458,574,stronger
1458,578,stronger
1458,801,incomparable
1458,2287,stronger
1458,2298,stronger
1458,2312,stronger
1458,2686,incomparable
1458,3216,stronger
1458,4147,incomparable
1458,4505,incomparable
1459,624,incomparable
1459,1283,stronger
1459,1503,stronger
1459,1689,stronger
1459,2025,stronger
1459,2055,incomparable
1459,2600,stronger
1459,2659,incomparable
1459,2760,stronger
1459,3720,incomparable
1459,3833,incomparable
1459,4315,incomparable
1459,4384,incomparable
1460,761,incomparable
1460,1257,incomparable
1460,2048,incomparable
1460,2075,incomparable
1460,2539,stronger
1460,2887,incomparable
1460,3063,incomparable
1460,3351,incomparable
1460,3424,incomparable
1460,3469,incomparable
1460,3941,incomparable
1460,4387,incomparable
1460,4535,incomparable
1460,4613,incomparable
1461,460,stronger
1461,562,incomparable
1461,1718,incomparable
1461,1845,incomparable
1461,2561,stronger
1461,3620,incomparable
1461,4392,incomparable
1462,100,incomparable
1462,934,incomparable
1462,967,stronger
1462,1061,incomparable
1462,1248,incomparable
1462,1368,incomparable
1462,2446,weaker
1462,2667,incomparable
1462,2746,incomparable
1462,2756,stronger
1462,3334,weaker
1462,3717,incomparable
1462,3873,incomparable
1462,4119,weaker
1462,4235,incomparable
1462,4266,incomparable
1462,4389,incomparable
1463,212,weaker
1463,1331,stronger
1463,1338,stronger
1463,1639,equivalent
1463,1721,incomparable
1463,2276,equivalent
1463,2366,stronger
1463,2919,incomparable
1463,2930,stronger
1463,3947,incomparable
1463,4084,incomparable
1463,4364,incomparable
1464,129,stronger
1464,804,stronger
1464,1016,stronger
1464,1058,stronger
1464,1390,stronger
1464,1653,equivalent
1464,1693,stronger
1464,2536,incomparable
1464,2670,incomparable
1464,3375,incomparable
1464,4409,incomparable
1465,333,incomparable
1465,2137,incomparable
1465,2492,stronger
1465,2877,incomparable
1465,2963,stronger
1465,3044,stronger
1465,3127,stronger
1465,3859,incomparable
1465,4321,incomparable
1466,417,incomparable
1466,534,stronger
1466,585,stronger
1466,1444,weaker
1466,1474,equivalent
1466,2940,incomparable
1466,4112,incomparable
1467,673,stronger
1467,813,stronger
1467,1108,stronger
1467,1231,incomparable
1467,1302,stronger
1467,1576,stronger
1467,1737,stronger
1467,2468,stronger
1467,3533,incomparable
1467,3777,incomparable
1467,4153,incomparable
1468,822,incomparable
1468,2168,stronger
1468,2640,stronger
1468,3176,incomparable
1469,48,incomparable
1469,827,incomparable
1469,1329,stronger
1469,1339,stronger
1469,1587,incomparable
1469,1590,incomparable
1469,1916,incomparable
1469,2079,incomparable
1469,2823,stronger
1469,3624,incomparable
1469,4300,incomparable
1469,4474,incomparable
1470,113,stronger
1470,690,incomparable
1470,1092,incomparable
1470,1271,incomparable
1470,1508,stronger
1470,1644,incomparable
1470,2620,stronger
1470,2742,stronger
1470,2768,stronger
1470,2836,incomparable
1470,2906,stronger
1470,3103,incomparable
1470,3371,incomparable
1470,4388,incomparable
1470,4504,incomparable
1471,7,stronger
1471,681,stronger
1471,1026,incomparable
1471,1196,stronger
1471,2148,incomparable
1471,2485,weaker
1471,2978,stronger
1471,3102,incomparable
1471,4459,incomparable
1471,4484,incomparable
1471,4495,incomparable
1472,108,incomparable
1472,796,incomparable
1472,852,incomparable
1472,1058,stronger
1472,1214,stronger
1472,1672,weaker
1472,1696,stronger
1472,2122,stronger
1472,2653,incomparable
1472,2674,incomparable
1472,3603,incomparable
1472,3690,incomparable
1472,3726,incomparable
1472,3925,incomparable
1472,4263,incomparable
1472,4490,incomparable
1473,389,incomparable
1473,775,incomparable
1473,1822,stronger
1473,2309,stronger
1473,2326,stronger
1473,2766,stronger
1473,2936,incomparable
1473,3378,incomparable
1473,3647,incomparable
1473,3754,incomparable
1474,553,stronger
1474,690,incomparable
1474,807,stronger
1474,1665,equivalent
1474,2328,incomparable
1474,2399,incomparable
1474,2789,incomparable
1474,3287,incomparable
1474,3328,weaker
1474,4386,incomparable
1474,4520,incomparable
1474,4690,incomparable
1475,309,weaker
1475,972,incomparable
1475,1379,stronger
1475,1483,incomparable
1475,1540,stronger
1475,1787,stronger
1475,1911,stronger
1475,1935,stronger
1475,2586,incomparable
1475,2651,incomparable
1475,2711,stronger
1475,2987,stronger
1475,3204,stronger
1475,3576,incomparable
1475,4296,incomparable
1475,4446,incomparable
1476,16,incomparable
1476,398,incomparable
1476,981,incomparable
1476,1758,stronger
1476,1846,equivalent
1476,2967,stronger
1476,3773,incomparable
1476,4659,incomparable
1477,1560,incomparable
1477,2153,stronger
1477,2953,stronger
1477,3243,stronger
1477,3468,weaker
1477,4202,incomparable
1477,4662,incomparable
1478,872,incomparable
1478,2867,incomparable
1478,3423,incomparable
1478,3703,incomparable
1478,3872,incomparable
1478,3903,incomparable
1478,3989,incomparable
1478,4585,incomparable
1479,455,incomparable
1479,608,incomparable
1479,703,incomparable
1479,1631,incomparable
1479,1896,stronger
1479,2479,incomparable
1479,2772,stronger
1479,2852,incomparable
1479,3045,stronger
1479,3584,incomparable
1479,3822,incomparable
1479,4019,incomparable
1479,4446,incomparable
1479,4584,incomparable
1480,812,stronger
1480,1420,incomparable
1480,1764,incomparable
1480,3586,incomparable
1480,3879,incomparable
1480,3970,incomparable
1481,333,incomparable
1481,622,incomparable
1481,912,stronger
1481,1581,stronger
1481,2051,incomparable
1481,2651,incomparable
1481,2810,stronger
1481,3041,stronger
1481,3223,stronger
1481,3397,incomparable
1481,3561,incomparable
1481,3928,incomparable
1481,3953,incomparable
1481,4657,incomparable
1482,44,incomparable
1482,650,incomparable
1482,651,incomparable
1482,879,incomparable
1482,908,stronger
1482,953,stronger
1482,965,stronger
1482,1104,incomparable
1482,1318,incomparable
1482,1612,stronger
1482,1641,incomparable
1482,2004,incomparable
1482,2196,incomparable
1482,2496,incomparable
1482,3275,incomparable
1482,4153,incomparable
1482,4507,incomparable
1483,344,incomparable
1483,361,incomparable
1483,513,incomparable
1483,726,stronger
1483,1597,stronger
1483,1741,stronger
1483,1745,stronger
1483,1989,stronger
1483,4257,incomparable
1484,127,incomparable
1484,445,incomparable
1484,497,stronger
1484,578,stronger
1484,831,incomparable
1484,913,stronger
1484,2541,incomparable
1484,2590,stronger
1484,3061,incomparable
1485,246,incomparable
1485,552,stronger
1485,1220,stronger
1485,1266,incomparable
1485,1997,stronger
1485,2301,incomparable
1485,2750,stronger
1485,3142,incomparable
1485,3158,stronger
1485,3162,stronger
1485,3264,incomparable
1485,4227,incomparable
1485,4435,incomparable
1485,4519,incomparable
1486,1478,weaker
1486,1616,stronger
1486,1644,incomparable
1486,2751,stronger
1486,3341,incomparable
1486,3956,incomparable
1486,4461,incomparable
1487,438,incomparable
1487,604,stronger
1487,991,stronger
1487,1095,stronger
1487,1237,incomparable
1487,2727,stronger
1487,3114,stronger
1487,3540,incomparable
1487,3744,incomparable
1487,3847,incomparable
1487,4202,incomparable
1487,4254,incomparable
1487,4625,incomparable
1488,261,incomparable
1488,2731,stronger
1488,2948,stronger
1488,2992,incomparable
1488,3327,incomparable
1488,3952,incomparable
1488,4419,incomparable
1489,325,incomparable
1489,1073,incomparable
1489,1603,incomparable
1489,2007,stronger
1489,2124,incomparable
1489,2641,stronger
1489,2842,stronger
1489,2899,incomparable
1489,3457,incomparable
1489,3528,incomparable
1489,4000,incomparable
1489,4256,incomparable
1489,4282,incomparable
1490,446,weaker
1490,1459,weaker
1490,1497,equivalent
1490,2617,equivalent
1490,2651,weaker
1490,3252,equivalent
1490,3442,weaker
1490,4326,weaker
1491,266,incomparable
1491,308,incomparable
1491,1083,incomparable
1491,1381,stronger
1491,3067,incomparable
1491,3616,incomparable
1491,4515,incomparable
1492,176,incomparable
1492,1004,incomparable
1492,1327,stronger
1492,1430,incomparable
1492,1571,stronger
1492,2763,stronger
1492,3001,stronger
1492,3338,incomparable
1492,3619,incomparable
1492,3781,incomparable
1492,4176,incomparable
1492,4584,incomparable
1493,641,weaker
1493,1201,equivalent
1493,1267,weaker
1493,2075,weaker
1493,2218,equivalent
1493,2545,equivalent
1493,2756,equivalent
1493,2961,equivalent
1493,3410,weaker
1493,3855,weaker
1493,3946,weaker
1493,4312,weaker
1494,211,incomparable
1494,231,incomparable
1494,239,stronger
1494,1013,stronger
1494,2551,stronger
1494,2627,stronger
1494,3647,incomparable
1494,3715,incomparable
1494,3914,incomparable
1494,4258,weaker
1495,246,weaker
1495,361,weaker
1495,899,equivalent
1495,1111,equivalent
1495,1751,equivalent
1495,2421,equivalent
1495,2588,weaker
1495,2874,weaker
1495,2937,weaker
1495,3325,weaker
1495,3387,weaker
1495,3908,weaker
1495,3992,weaker
1496,52,incomparable
1496,407,incomparable
1496,1683,stronger
1496,1818,stronger
1496,2161,incomparable
1496,2534,incomparable
1496,2869,incomparable
1496,3047,stronger
1496,3285,incomparable
1496,3311,incomparable
1496,3318,incomparable
1496,3535,incomparable
1497,651,weaker
1497,944,equivalent
1497,1967,weaker
1497,2082,weaker
1497,3438,weaker
1497,3483,weaker
1498,486,stronger
1498,1259,incomparable
1498,1894,incomparable
1498,1991,stronger
1498,2972,stronger
1498,3040,stronger
1498,3362,incomparable
1498,3593,incomparable
1498,3719,incomparable
1498,3738,incomparable
1499,624,weaker
1499,886,equivalent
1499,1054,weaker
1499,1145,equivalent
1499,1388,equivalent
1499,1672,weaker
1499,2218,equivalent
1499,2568,equivalent
1499,2672,weaker
1499,2896,weaker
1499,3021,equivalent
1499,3216,equivalent
1499,3655,weaker
1499,3699,weaker
1499,4226,weaker
1500,227,equivalent
1500,291,equivalent
1500,485,equivalent
1500,654,weaker
1500,1373,equivalent
1500,1566,equivalent
1500,2175,equivalent
1500,2285,weaker
1500,2471,weaker
1500,2977,weaker
1500,3212,equivalent
1500,3547,weaker
1500,4092,weaker
1500,4273,weaker
1501,46,weaker
1501,96,equivalent
1501,243,equivalent
1501,253,equivalent
1501,620,weaker
1501,1238,weaker
1501,1343,equivalent
1501,1530,equivalent
1501,2081,weaker
1501,2615,equivalent
1501,2748,equivalent
1501,3467,weaker
1501,4331,weaker
1501,4505,weaker
1502,232,stronger
1502,1855,incomparable
1502,1992,incomparable
1502,2462,incomparable
1502,2512,stronger
1502,2680,incomparable
1502,3305,incomparable
1502,3589,incomparable
1502,3701,incomparable
1502,3766,incomparable
1502,4022,incomparable
1503,437,weaker
1503,647,weaker
1503,2173,weaker
1503,2280,weaker
1503,2612,equivalent
1503,2921,equivalent
1503,3393,weaker
1503,4008,weaker
1503,4326,weaker
1504,251,stronger
1504,275,stronger
1504,1145,stronger
1504,1280,stronger
1504,1728,incomparable
1504,2323,stronger
1504,2337,incomparable
1504,2425,incomparable
1504,2533,incomparable
1504,3483,incomparable
1504,3881,incomparable
1504,4318,incomparable
1505,651,weaker
1505,1129,weaker
1505,2204,equivalent
1505,2986,equivalent
1505,3736,weaker
1505,3966,weaker
1505,4522,weaker
1506,152,incomparable
1506,325,incomparable
1506,1137,incomparable
1506,1615,stronger
1506,2409,stronger
1506,2533,incomparable
1506,2630,stronger
1506,2669,incomparable
1506,2896,incomparable
1506,3089,incomparable
1506,3349,incomparable
1506,3976,incomparable
1506,4081,incomparable
1506,4201,incomparable
1506,4371,incomparable
1507,107,incomparable
1507,888,stronger
1507,954,stronger
1507,1263,incomparable
1507,1493,stronger
1507,2009,incomparable
1507,2513,incomparable
1507,2660,incomparable
1507,3092,incomparable
1507,3384,incomparable
1507,3444,incomparable
1507,3489,incomparable
1507,4392,incomparable
1508,50,weaker
1508,108,weaker
1508,1100,weaker
1508,1280,equivalent
1508,1321,equivalent
1508,1383,weaker
1508,2789,weaker
1508,3961,weaker
1509,858,weaker
1509,1110,weaker
1509,1686,equivalent
1509,1856,weaker
1509,2279,weaker
1509,3506,weaker
1509,3566,weaker
1509,3727,weaker
1509,3728,weaker
1509,4178,weaker
1510,629,weaker
1510,797,stronger
1510,1075,incomparable
1510,2301,incomparable
1510,3087,incomparable
1510,3123,stronger
1510,3990,incomparable
1510,4353,incomparable
1510,4465,incomparable
1510,4536,incomparable
1510,4591,incomparable
1511,222,weaker
1511,604,equivalent
1511,741,equivalent
1511,747,equivalent
1511,1176,equivalent
1511,1241,weaker
1511,1603,weaker
1511,1735,equivalent
1511,2285,weaker
1511,4171,weaker
1511,4355,weaker
1512,455,weaker
1512,897,weaker
1512,1264,weaker
1512,1346,equivalent
1512,1390,equivalent
1512,1529,equivalent
1512,1981,equivalent
1512,2078,weaker
1512,2765,weaker
1512,3426,weaker
1512,3446,weaker
1512,3890,weaker
1513,9,weaker
1513,105,weaker
1513,1882,weaker
1513,3522,weaker
1513,4160,weaker
1513,4348,weaker
1514,119,equivalent
1514,178,equivalent
1514,719,weaker
1514,878,equivalent
1514,1666,weaker
1514,2084,weaker
1514,2691,weaker
1514,2904,equivalent
1514,4152,weaker
1514,4310,weaker
1515,53,incomparable
1515,374,incomparable
1515,737,stronger
1515,1840,incomparable
1515,2269,incomparable
1515,2500,stronger
1515,2640,stronger
1515,2841,stronger
1515,2876,incomparable
1515,3138,stronger
1515,3179,stronger
1515,3802,incomparable
1516,35,stronger
1516,813,stronger
1516,1377,stronger
1516,2522,incomparable
1516,2553,stronger
1516,4346,incomparable
1517,488,equivalent
1517,494,equivalent
1517,987,equivalent
1517,1458,weaker
1517,2053,weaker
1517,2294,weaker
1517,2316,weaker
1517,2830,equivalent
1517,3123,equivalent
1517,3314,weaker
1517,3389,weaker
1518,46,incomparable
1518,996,stronger
1518,1685,incomparable
1518,2093,incomparable
1518,3160,stronger
1518,4081,incomparable
1518,4325,incomparable
1519,68,incomparable
1519,127,incomparable
1519,1341,stronger
1519,2062,incomparable
1519,2068,incomparable
1519,3230,stronger
1519,4002,incomparable
1519,4553,incomparable
1520,215,weaker
1520,677,weaker
1520,687,equivalent
1520,1025,weaker
1520,1411,equivalent
1520,2324,equivalent
1520,2593,equivalent
1520,3190,equivalent
1520,3214,weaker
1520,4377,weaker
1520,4667,weaker
1521,220,stronger
1521,1339,stronger
1521,1482,incomparable
1521,2196,incomparable
1521,2379,stronger
1521,3450,incomparable
1521,3965,weaker
1521,4184,incomparable
1521,4199,incomparable
1521,4428,incomparable
1522,83,equivalent
1522,2603,equivalent
1522,2624,equivalent
1522,2736,weaker
1522,2775,equivalent
1522,3685,weaker
1522,3746,weaker
1522,3995,weaker
1523,1243,incomparable
1523,1670,incomparable
1523,2517,incomparable
1523,3224,stronger
1523,3792,incomparable
1523,4342,incomparable
1523,4402,incomparable
1523,4687,incomparable
1524,345,weaker
1524,372,weaker
1524,922,weaker
1524,2386,equivalent
1524,2780,equivalent
1524,3310,weaker
1524,4009,weaker
1524,4166,weaker
1524,4668,weaker
1525,62,stronger
1525,382,incomparable
1525,440,incomparable
1525,620,incomparable
1525,701,stronger
1525,726,stronger
1525,733,stronger
1525,1218,stronger
1525,2412,stronger
1525,2742,stronger
1525,3078,incomparable
1525,4273,incomparable
1526,10,incomparable
1526,104,incomparable
1526,156,incomparable
1526,280,incomparable
1526,616,incomparable
1526,1653,incomparable
1526,1757,stronger
1526,2332,stronger
1526,2436,stronger
1526,2655,incomparable
1526,2865,incomparable
1526,2877,incomparable
1526,3646,incomparable
1526,4462,incomparable
1526,4520,incomparable
1527,525,equivalent
1527,1287,equivalent
1527,1953,weaker
1527,2408,equivalent
1527,2876,weaker
1527,3407,weaker
1528,478,stronger
1528,536,stronger
1528,712,stronger
1528,1377,stronger
1528,2892,incomparable
1528,2904,stronger
1528,4003,incomparable
1528,4432,incomparable
1528,4571,incomparable
1529,304,equivalent
1529,581,equivalent
1529,834,weaker
1529,835,weaker
1529,1158,weaker
1529,1310,equivalent
1529,2415,weaker
1529,2485,weaker
1529,4000,weaker
1529,4657,weaker
1530,146,weaker
1530,1110,weaker
1530,1112,weaker
1530,1942,equivalent
1530,3017,equivalent
1530,3080,weaker
1530,3295,weaker
1530,3411,weaker
1530,3650,weaker
1530,4039,weaker
1530,4482,weaker
1531,1517,stronger
1531,1823,stronger
1531,2134,incomparable
1531,2349,incomparable
1531,2474,incomparable
1531,2939,incomparable
1531,3120,incomparable
1531,3765,incomparable
1532,37,equivalent
1532,479,weaker
1532,496,equivalent
1532,600,equivalent
1532,2081,weaker
1532,2094,equivalent
1532,3084,weaker
1532,3329,weaker
1533,131,equivalent
1533,147,equivalent
1533,240,equivalent
1533,818,weaker
1533,925,equivalent
1533,931,equivalent
1533,2403,equivalent
1533,2821,weaker
1533,3120,weaker
1533,3662,weaker
1533,4283,weaker
1533,4509,weaker
1533,4601,weaker
1534,120,weaker
1534,437,weaker
1534,1194,equivalent
1534,1295,weaker
1534,1676,weaker
1534,1959,equivalent
1534,2656,weaker
1534,3374,weaker
1534,3887,weaker
1534,4108,weaker
1535,145,stronger
1535,795,stronger
1535,2337,incomparable
1535,2663,incomparable
1535,2778,incomparable
1535,3193,incomparable
1535,3372,incomparable
1535,4081,incomparable
1536,1201,equivalent
1536,1237,weaker
1536,1679,weaker
1536,2020,equivalent
1536,2072,weaker
1536,2474,weaker
1536,2633,weaker
1536,2968,weaker
1536,3006,equivalent
1536,3395,weaker
1536,3417,weaker
1536,4125,weaker
1536,4508,weaker
1537,622,weaker
1537,2529,stronger
1537,2888,incomparable
1537,2973,incomparable
1537,3095,incomparable
1537,3543,incomparable
1537,4016,incomparable
1537,4281,incomparable
1537,4480,weaker
1538,223,equivalent
1538,299,equivalent
1538,748,weaker
1538,1299,weaker
1538,1582,equivalent
1538,1825,equivalent
1538,2595,equivalent
1538,3053,weaker
1538,3088,weaker
1538,3291,weaker
1538,3961,weaker
1538,3984,weaker
1538,4371,weaker
1538,4496,weaker
1538,4524,weaker
1539,1011,stronger
1539,1681,incomparable
1539,1853,incomparable
1539,1976,stronger
1539,2159,stronger
1539,2601,incomparable
1539,3195,incomparable
1540,494,equivalent
1540,641,weaker
1540,665,weaker
1540,1420,weaker
1541,347,weaker
1541,504,weaker
1541,706,weaker
1541,1124,equivalent
1541,1401,equivalent
1541,1971,equivalent
1541,2010,equivalent
1541,2585,equivalent
1541,3101,weaker
1541,4455,weaker
1541,4529,weaker
1541,4535,weaker
1541,4584,weaker
1542,260,weaker
1542,399,weaker
1542,465,equivalent
1542,530,equivalent
1542,565,equivalent
1542,880,weaker
1542,1287,equivalent
1542,1389,equivalent
1542,1534,equivalent
1542,1954,equivalent
1542,2466,weaker
1542,2719,equivalent
1542,3403,weaker
1542,4075,weaker
1542,4407,weaker
1543,984,stronger
1543,1249,incomparable
1543,1956,stronger
1543,2652,incomparable
1543,4050,incomparable
1544,1562,equivalent
1544,1790,weaker
1544,1969,equivalent
1544,3071,weaker
1544,3145,weaker
1544,3191,equivalent
1544,3283,weaker
1544,3845,weaker
1545,1485,weaker
1545,1548,equivalent
1545,1563,equivalent
1545,2967,equivalent
1546,6,equivalent
1546,73,weaker
1546,134,weaker
1546,221,weaker
1546,902,equivalent
1546,1070,weaker
1546,1115,weaker
1546,1144,equivalent
1546,1832,weaker
1546,2327,weaker
1546,3306,weaker
1546,3409,weaker
1546,3886,weaker
1547,278,stronger
1547,349,incomparable
1547,1119,incomparable
1547,1970,incomparable
1547,2766,stronger
1547,2865,incomparable
1547,3052,incomparable
1547,3740,incomparable
1547,3836,incomparable
1547,3845,incomparable
1547,4226,weaker
1547,4385,incomparable
1548,352,weaker
1548,953,equivalent
1548,976,equivalent
1548,991,equivalent
1548,1020,weaker
1548,1260,weaker
1548,1438,weaker
1548,2187,equivalent
1548,2223,equivalent
1548,3257,weaker
1548,3354,weaker
1548,4398,weaker
1548,4563,weaker
1549,80,equivalent
1549,620,weaker
1549,776,equivalent
1549,852,weaker
1549,1358,weaker
1549,1440,weaker
1549,1516,weaker
1549,1791,equivalent
1549,2462,weaker
1549,2598,equivalent
1549,2656,weaker
1549,4009,weaker
1549,4096,weaker
1549,4435,weaker
1549,4630,weaker
1549,4652,weaker
1550,457,weaker
1550,463,weaker
1550,1486,weaker
1550,1716,equivalent
1550,1903,equivalent
1550,1988,equivalent
1550,3000,equivalent
1550,3086,weaker
1550,3799,weaker
1550,4425,weaker
1550,4438,weaker
1551,26,weaker
1551,609,equivalent
1551,1379,equivalent
1551,1952,equivalent
1551,3100,weaker
1551,4196,weaker
1551,4208,weaker
1551,4209,weaker
1551,4247,weaker
1551,4349,weaker
1552,710,stronger
1552,854,incomparable
1552,1279,incomparable
1552,1384,incomparable
1552,1473,weaker
1552,1689,stronger
1552,1872,incomparable
1552,2024,incomparable
1552,2408,stronger
1552,3141,stronger
1552,3281,incomparable
1552,3870,weaker
1552,4252,incomparable
1553,704,weaker
1553,1034,weaker
1553,1234,weaker
1553,1336,weaker
1553,1452,weaker
1553,2202,equivalent
1553,2535,equivalent
1553,2774,weaker
1553,2950,equivalent
1553,3491,weaker
1553,3829,weaker
1553,4137,weaker
1553,4327,weaker
1553,4434,weaker
1554,82,weaker
1554,563,equivalent
1554,579,weaker
1554,587,equivalent
1554,2446,weaker
1554,3025,equivalent
1554,3287,weaker
1555,775,weaker
1555,1186,equivalent
1555,1509,equivalent
1555,1691,weaker
1555,2187,equivalent
1555,2378,equivalent
1555,2386,equivalent
1555,3881,weaker
1555,3945,weaker
1555,4101,weaker
1555,4248,weaker
1555,4481,weaker
1556,76,stronger
1556,400,incomparable
1556,1275,incomparable
1556,1792,stronger
1556,1917,stronger
1556,2497,incomparable
1556,2670,incomparable
1556,2835,stronger
1556,3216,stronger
1556,3543,incomparable
1556,4122,incomparable
1557,2,equivalent
1557,696,equivalent
1557,966,equivalent
1557,1323,weaker
1557,1341,equivalent
1557,1848,weaker
1557,1886,equivalent
1557,2197,equivalent
1557,2701,equivalent
1557,3394,weaker
1557,3897,weaker
1557,4124,weaker
1557,4425,weaker
1557,4426,weaker
1557,4551,weaker
1558,512,stronger
1558,602,stronger
1558,644,incomparable
1558,1024,incomparable
1558,1862,incomparable
1558,2155,stronger
1558,2269,incomparable
1558,2554,incomparable
1558,2997,stronger
1558,3356,incomparable
1558,3577,incomparable
1558,3905,incomparable
1558,3932,incomparable
1559,425,weaker
1559,481,weaker
1559,1668,weaker
1559,1832,weaker
1559,1896,equivalent
1559,2300,weaker
1559,2414,equivalent
1559,2621,equivalent
1559,3203,equivalent
1559,3336,weaker
1559,4328,weaker
1560,1473,incomparable
1560,1500,stronger
1560,2335,incomparable
1560,2617,stronger
1560,3138,stronger
1560,3633,incomparable
1560,3935,incomparable
1561,740,incomparable
1561,780,stronger
1561,891,stronger
1561,2269,incomparable
1561,2474,incomparable
1561,3099,incomparable
1561,3364,weaker
1561,3427,incomparable
1561,3703,incomparable
1561,3746,incomparable
1561,3767,incomparable
1561,4518,incomparable
1562,77,equivalent
1562,501,weaker
1562,573,equivalent
1562,984,equivalent
1562,1307,weaker
1562,1344,weaker
1562,1369,equivalent
1562,1554,equivalent
1562,1558,weaker
1562,1564,weaker
1562,1672,weaker
1562,1740,weaker
1562,2251,weaker
1562,2399,weaker
1562,2474,weaker
1562,2660,weaker
1562,2957,equivalent
1562,3319,weaker
1562,3769,weaker
1563,20,equivalent
1563,498,equivalent
1563,1023,weaker
1563,1658,weaker
1563,1835,weaker
1563,2199,weaker
1563,2761,weaker
1563,3108,weaker
1563,3735,weaker
1563,3971,weaker
1563,4246,weaker
1564,389,incomparable
1564,1425,stronger
1564,1889,stronger
1564,2254,incomparable
1564,2293,incomparable
1564,3602,incomparable
1564,3747,incomparable
1564,4479,incomparable
1565,387,weaker
1565,594,equivalent
1565,659,weaker
1565,936,equivalent
1565,1473,weaker
1565,1675,weaker
1565,2233,equivalent
1565,2510,equivalent
1565,2637,equivalent
1565,2679,weaker
1565,2740,equivalent
1565,3792,weaker
1565,3865,weaker
1565,4586,weaker
1565,4674,weaker
1566,461,weaker
1566,467,weaker
1566,573,equivalent
1566,719,weaker
1566,1478,weaker
1566,1768,equivalent
1566,2341,equivalent
1566,2463,weaker
1566,2899,weaker
1566,2989,equivalent
1566,3126,weaker
1566,3297,weaker
1566,3490,weaker
1566,3517,weaker
1566,3838,weaker
1566,4434,weaker
1567,14,weaker
1567,420,weaker
1567,786,weaker
1567,1514,equivalent
1567,1579,equivalent
1567,1661,weaker
1567,1708,equivalent
1567,1932,weaker
1567,2206,equivalent
1567,3441,weaker
1567,3506,weaker
1567,3718,weaker
1567,4082,weaker
1567,4154,weaker
1568,1237,weaker
1568,1580,equivalent
1568,2189,equivalent
1568,2305,equivalent
1568,3363,weaker
1568,3686,weaker
1568,4130,weaker
1568,4337,weaker
1569,437,incomparable
1569,1848,incomparable
1569,2040,incomparable
1569,2199,incomparable
1569,2377,stronger
1569,3197,incomparable
1569,3650,incomparable
1570,58,weaker
1570,1194,equivalent
1570,1334,weaker
1570,2235,equivalent
1570,2989,equivalent
1570,3350,weaker
1570,3870,weaker
1570,4177,weaker
1571,2408,stronger
1571,2655,incomparable
1571,4059,incomparable
1571,4309,incomparable
1571,4380,weaker
1572,424,weaker
1572,2317,equivalent
1572,2361,equivalent
1572,2788,equivalent
1572,3196,equivalent
1572,3263,weaker
1572,3417,weaker
1572,3953,weaker
1572,3988,weaker
1573,307,incomparable
1573,1130,stronger
1573,1397,stronger
1573,1733,stronger
1573,3116,incomparable
1573,3367,incomparable
1574,287,equivalent
1574,447,weaker
1574,1541,equivalent
1574,2157,equivalent
1574,4361,weaker
1574,4531,weaker
1575,651,weaker
1575,786,weaker
1575,914,weaker
1575,978,weaker
1575,979,equivalent
1575,1590,weaker
1575,1714,equivalent
1575,1759,weaker
1575,2196,weaker
1575,3012,equivalent
1575,3259,weaker
1575,3283,weaker
1575,4090,weaker
1575,4582,weaker
1575,4658,weaker
1576,211,weaker
1576,309,weaker
1576,388,weaker
1576,1166,equivalent
1576,1492,weaker
1576,1543,weaker
1576,1754,equivalent
1576,2034,equivalent
1576,2258,weaker
1576,3609,weaker
1576,3642,weaker
1576,3710,weaker
1576,3839,weaker
1577,32,stronger
1577,1271,incomparable
1577,1370,incomparable
1577,1627,stronger
1577,1999,stronger
1577,2307,stronger
1577,2569,stronger
1577,2587,stronger
1577,2941,stronger
1577,3212,stronger
1577,3285,incomparable
1577,3442,incomparable
1577,3557,incomparable
1577,4055,incomparable
1577,4110,incomparable
1577,4470,incomparable
1577,4611,incomparable
1578,63,weaker
1578,512,equivalent
1578,555,equivalent
1578,980,equivalent
1578,1585,equivalent
1578,1776,weaker
1578,2027,equivalent
1578,2141,equivalent
1578,2329,equivalent
1578,3267,weaker
1578,3790,weaker
1578,4105,weaker
1578,4122,weaker
1578,4190,weaker
1579,1232,weaker
1579,1283,equivalent
1579,1592,equivalent
1579,2485,weaker
1579,2536,weaker
1579,3327,weaker
1579,3339,weaker
1580,189,equivalent
1580,540,equivalent
1580,1394,equivalent
1580,1748,equivalent
1580,1973,equivalent
1580,2814,equivalent
1580,3599,weaker
1580,4078,weaker
1580,4427,weaker
1580,4654,weaker
1581,75,weaker
1581,187,stronger
1581,444,incomparable
1581,597,stronger
1581,657,weaker
1581,947,weaker
1581,1113,incomparable
1581,2818,stronger
1581,2820,stronger
1581,3615,incomparable
1581,3965,weaker
1581,4437,incomparable
1582,358,weaker
1582,962,weaker
1582,2861,weaker
1582,3513,weaker
1582,3955,weaker
1582,4073,weaker
1583,25,weaker
1583,194,weaker
1583,439,weaker
1583,483,weaker
1583,1402,equivalent
1583,1572,equivalent
1583,1620,equivalent
1583,1943,weaker
1583,2244,weaker
1583,2419,equivalent
1583,2646,weaker
1583,3267,weaker
1583,3412,weaker
1583,4370,weaker
1583,4632,weaker
1584,2402,weaker
1584,2568,equivalent
1584,3375,weaker
1584,3720,weaker
1584,3958,weaker
1584,4123,weaker
1585,246,weaker
1585,641,weaker
1585,732,equivalent
1585,1146,weaker
1585,2112,equivalent
1585,2116,weaker
1585,2266,weaker
1585,2506,weaker
1585,3345,weaker
1585,3522,weaker
1586,609,stronger
1586,881,stronger
1586,1385,stronger
1586,1553,stronger
1586,1680,incomparable
1586,2182,incomparable
1586,2415,incomparable
1586,2497,incomparable
1586,3622,incomparable
1586,4299,incomparable
1586,4539,incomparable
1587,334,incomparable
1587,599,stronger
1587,1670,incomparable
1587,1835,incomparable
1587,2559,stronger
1587,3681,incomparable
1587,3764,incomparable
1587,3774,incomparable
1587,4437,incomparable
1587,4487,incomparable
1588,143,equivalent
1588,982,equivalent
1588,1704,equivalent
1588,2443,weaker
1588,2576,weaker
1588,2580,equivalent
1588,2820,equivalent
1588,4034,weaker
1588,4115,weaker
1588,4456,weaker
1588,4533,weaker
1589,1481,weaker
1589,1628,equivalent
1589,2014,weaker
1589,2581,equivalent
1589,3104,equivalent
1589,3251,equivalent
1589,3500,weaker
1589,3519,weaker
1589,3740,weaker
1589,3783,weaker
1589,3858,weaker
1589,4045,weaker
1589,4087,weaker
1589,4681,weaker
1590,94,stronger
1590,130,incomparable
1590,582,stronger
1590,2073,incomparable
1590,2326,stronger
1590,2505,stronger
1590,2745,stronger
1590,2817,stronger
1590,2912,incomparable
1590,3962,incomparable
1591,111,weaker
1591,123,equivalent
1591,178,equivalent
1591,448,weaker
1591,524,weaker
1591,546,weaker
1591,574,equivalent
1591,988,equivalent
1591,1126,equivalent
1591,1807,equivalent
1591,1869,weaker
1591,2140,weaker
1591,3010,equivalent
1591,3308,weaker
1591,4172,weaker
1591,4221,weaker
1591,4511,weaker
1591,4562,weaker
1592,45,weaker
1592,507,equivalent
1592,1439,weaker
1592,2529,equivalent
1592,2912,weaker
1592,3436,weaker
1592,3766,weaker
1592,4090,weaker
1592,4245,weaker
1592,4408,weaker
1592,4637,weaker
1593,1072,weaker
1593,2141,equivalent
1593,2215,equivalent
1593,2977,weaker
1593,3095,weaker
1593,3789,weaker
1593,3828,weaker
1593,4050,weaker
1593,4333,weaker
1593,4354,weaker
1594,1013,stronger
1594,1049,incomparable
1594,1405,incomparable
1594,1624,stronger
1594,1716,stronger
1594,1726,incomparable
1594,2349,incomparable
1594,2420,incomparable
1594,2532,stronger
1594,2795,incomparable
1594,2806,stronger
1594,3928,incomparable
1594,4034,incomparable
1594,4244,incomparable
1595,1245,weaker
1595,1339,equivalent
1595,1587,weaker
1595,2124,weaker
1595,2222,weaker
1595,2669,weaker
1596,876,equivalent
1596,1468,weaker
1596,1918,equivalent
1596,2635,equivalent
1596,2749,weaker
1596,2780,equivalent
1596,2883,weaker
1596,3668,weaker
1596,4124,weaker
1596,4532,weaker
1597,164,weaker
1597,280,weaker
1597,1304,weaker
1597,2018,equivalent
1597,2157,equivalent
1597,2199,weaker
1597,2384,equivalent
1597,2403,equivalent
1597,2568,equivalent
1597,2642,equivalent
1597,4491,weaker
1598,503,incomparable
1598,566,incomparable
1598,1234,incomparable
1598,1288,incomparable
1598,1651,incomparable
1598,1656,incomparable
1598,2919,incomparable
1598,3087,incomparable
1598,3401,incomparable
1598,3625,incomparable
1598,4560,incomparable
1598,4615,weaker
1599,110,weaker
1599,204,weaker
1599,1022,weaker
1599,2605,weaker
1599,2671,weaker
1599,2879,weaker
1599,3893,weaker
1599,4468,weaker
1600,1125,weaker
1600,1585,equivalent
1600,1677,weaker
1600,2444,weaker
1600,2620,equivalent
1600,2771,equivalent
1600,3385,weaker
1600,3400,weaker
1600,3505,weaker
1600,3590,weaker
1600,3673,weaker
1600,3713,weaker
1600,3969,weaker
1600,3985,weaker
1601,236,equivalent
1601,419,weaker
1601,614,weaker
1601,1658,weaker
1601,2562,weaker
1601,2713,equivalent
1601,3426,weaker
1601,3666,weaker
1601,3909,weaker
1601,4579,weaker
1602,253,equivalent
1602,593,weaker
1602,1011,equivalent
1602,1148,equivalent
1602,1581,weaker
1602,1762,equivalent
1602,1811,weaker
1602,3141,equivalent
1602,3466,weaker
1602,4184,weaker
1602,4308,weaker
1603,336,incomparable
1603,729,stronger
1603,791,equivalent
1603,1350,stronger
1603,2168,stronger
1603,2827,stronger
1603,2868,incomparable
1603,2995,stronger
1603,3341,incomparable
1603,3395,incomparable
1603,3860,incomparable
1603,4130,incomparable
1603,4513,incomparable
1603,4622,weaker
1603,4625,weaker
1604,306,equivalent
1604,786,weaker
1604,2025,equivalent
1604,2113,weaker
1604,2205,equivalent
1604,2306,weaker
1604,2310,weaker
1604,2494,weaker
1604,2829,equivalent
1604,3501,weaker
1605,48,weaker
1605,257,weaker
1605,412,weaker
1605,1804,equivalent
1605,2065,weaker
1605,2101,weaker
1605,2276,weaker
1605,2683,weaker
1605,2741,weaker
1605,3254,weaker
1605,3256,weaker
1605,3363,weaker
1605,4308,weaker
1605,4401,weaker
1605,4473,weaker
1605,4548,weaker
1606,66,weaker
1606,401,weaker
1606,718,equivalent
1606,1819,equivalent
1606,2026,equivalent
1606,2570,equivalent
1606,2642,equivalent
1606,3577,weaker
1606,3592,weaker
1606,3820,weaker
1606,4110,weaker
1606,4402,weaker
1607,1028,weaker
1607,1139,equivalent
1607,1779,equivalent
1607,1824,equivalent
1607,3283,weaker
1607,4320,weaker
1607,4346,weaker
1608,96,stronger
1608,607,stronger
1608,610,stronger
1608,613,stronger
1608,622,weaker
1608,624,incomparable
1608,1236,incomparable
1608,2005,stronger
1608,2028,stronger
1608,3384,incomparable
1608,3565,incomparable
1608,3633,incomparable
1608,4310,weaker
1608,4322,incomparable
1609,2331,weaker
1609,2596,weaker
1609,2745,equivalent
1609,4097,weaker
1609,4203,weaker
1610,431,weaker
1610,861,weaker
1610,1432,weaker
1610,2825,equivalent
1610,3515,weaker
1610,4624,weaker
1611,123,equivalent
1611,313,weaker
1611,525,equivalent
1611,630,weaker
1611,1276,weaker
1611,2019,weaker
1611,3420,weaker
1611,3885,weaker
1611,3969,weaker
1611,4061,weaker
1612,764,equivalent
1612,951,weaker
1612,2385,weaker
1612,3494,weaker
1612,4177,weaker
1612,4245,weaker
1612,4375,weaker
1612,4553,weaker
1613,464,incomparable
1613,627,incomparable
1613,981,weaker
1613,1083,incomparable
1613,1424,stronger
1613,1536,stronger
1613,2572,stronger
1613,2573,incomparable
1613,2578,stronger
1613,3449,incomparable
1613,3645,incomparable
1613,3997,weaker
1613,4092,incomparable
1614,128,equivalent
1614,482,equivalent
1614,862,weaker
1614,1382,equivalent
1614,1576,equivalent
1614,2405,equivalent
1614,3187,equivalent
1614,3414,weaker
1614,3684,weaker
1614,4011,weaker
1614,4099,weaker
1615,418,weaker
1615,972,weaker
1615,1499,equivalent
1615,1516,weaker
1615,1571,weaker
1615,1955,equivalent
1615,2047,weaker
1615,2396,equivalent
1615,2469,weaker
1615,2703,equivalent
1615,2939,weaker
1615,3307,weaker
1615,3360,weaker
1615,3505,weaker
1616,148,equivalent
1616,1163,weaker
1616,1330,equivalent
1616,1714,equivalent
1616,2676,weaker
1616,3345,weaker
1616,3482,weaker
1616,3681,weaker
1616,3711,weaker
1617,780,equivalent
1617,941,equivalent
1617,994,weaker
1617,1485,weaker
1617,3136,equivalent
1617,4113,weaker
1617,4202,weaker
1617,4472,weaker
1618,513,incomparable
1618,560,stronger
1618,600,stronger
1618,654,incomparable
1618,1227,incomparable
1618,1234,incomparable
1618,1744,stronger
1618,2020,stronger
1618,2267,incomparable
1618,2721,stronger
1618,3020,stronger
1618,3340,incomparable
1618,4555,incomparable
1619,484,equivalent
1619,587,equivalent
1619,616,weaker
1619,1300,equivalent
1619,1645,weaker
1619,2334,equivalent
1619,2550,weaker
1619,2711,equivalent
1619,3009,equivalent
1619,4013,weaker
1619,4320,weaker
1620,382,weaker
1620,1938,equivalent
1620,2386,equivalent
1620,2701,equivalent
1620,2991,equivalent
1621,402,weaker
1621,468,equivalent
1621,504,weaker
1621,1676,weaker
1621,2008,equivalent
1621,2183,equivalent
1621,2430,weaker
1621,2818,equivalent
1621,2879,weaker
1621,3033,equivalent
1621,3103,weaker
1621,4228,weaker
1621,4665,weaker
1622,120,weaker
1622,556,weaker
1622,566,weaker
1622,579,weaker
1622,1901,equivalent
1622,2140,weaker
1622,2368,weaker
1622,2495,equivalent
1622,2672,weaker
1622,4678,weaker
1623,160,incomparable
1623,716,weaker
1623,2378,stronger
1623,2706,incomparable
1623,2875,incomparable
1623,3301,incomparable
1623,3631,incomparable
1623,3903,incomparable
1624,573,equivalent
1624,817,weaker
1624,893,weaker
1624,1233,weaker
1624,1271,weaker
1624,1860,weaker
1624,2691,weaker
1624,2719,equivalent
1624,2804,weaker
1624,3075,weaker
1624,3139,weaker
1625,583,weaker
1625,1243,weaker
1625,3004,equivalent
1625,3079,weaker
1625,3239,equivalent
1625,4365,weaker
1626,666,weaker
1626,1108,equivalent
1626,1807,equivalent
1626,2193,equivalent
1626,2399,weaker
1626,2579,weaker
1626,2957,equivalent
1626,3163,weaker
1626,3258,weaker
1626,3467,weaker
1626,4193,weaker
1627,625,weaker
1627,729,equivalent
1627,1618,weaker
1627,2640,equivalent
1627,3009,equivalent
1627,3068,weaker
1627,3338,weaker
1627,3570,weaker
1627,3796,weaker
1627,3824,weaker
1627,3864,weaker
1627,4084,weaker
1627,4394,weaker
1628,1382,equivalent
1628,1415,weaker
1628,1926,equivalent
1628,2161,weaker
1628,2612,equivalent
1628,3728,weaker
1628,4392,weaker
1628,4525,weaker
1628,4602,weaker
1629,363,incomparable
1629,1266,incomparable
1629,2688,incomparable
1629,2704,stronger
1629,2849,incomparable
1629,3121,stronger
1629,3285,incomparable
1629,3370,incomparable
1629,3596,incomparable
1629,3617,incomparable
1629,3818,incomparable
1629,4215,incomparable
1629,4386,incomparable
1630,315,incomparable
1630,472,stronger
1630,656,stronger
1630,1135,stronger
1630,1421,stronger
1630,2276,stronger
1630,2289,stronger
1630,2307,stronger
1630,2314,incomparable
1630,2456,incomparable
1630,2716,incomparable
1630,2981,incomparable
1630,3078,incomparable
1630,3161,incomparable
1630,3380,incomparable
1630,3819,incomparable
1630,3851,incomparable
1631,1020,incomparable
1631,2077,incomparable
1631,2894,incomparable
1631,2937,incomparable
1631,3082,incomparable
1631,3835,incomparable
1631,4131,incomparable
1632,303,stronger
1632,604,stronger
1632,1250,incomparable
1632,1810,stronger
1632,3359,incomparable
1632,3529,incomparable
1632,3533,incomparable
1632,3587,incomparable
1632,4150,incomparable
1633,786,incomparable
1633,1209,stronger
1633,2262,stronger
1633,2279,incomparable
1633,2584,incomparable
1633,3373,incomparable
1633,3631,incomparable
1633,3838,incomparable
1634,1671,stronger
1634,2220,stronger
1634,3067,incomparable
1634,3793,incomparable
1634,4126,incomparable
1634,4189,incomparable
1634,4577,incomparable
1634,4630,incomparable
1635,145,stronger
1635,1660,incomparable
1635,1838,incomparable
1635,1920,stronger
1635,2060,incomparable
1635,2766,stronger
1635,3396,incomparable
1635,3696,incomparable
1635,4146,incomparable
1635,4446,incomparable
1636,1,weaker
1636,300,stronger
1636,485,stronger
1636,1201,stronger
1636,1360,stronger
1636,2818,stronger
1636,2960,incomparable
1636,3387,incomparable
1636,3905,incomparable
1636,4686,incomparable
1637,247,stronger
1637,537,incomparable
1637,884,stronger
1637,1297,stronger
1637,1504,incomparable
1637,2045,incomparable
1637,2122,stronger
1637,2628,stronger
1637,2799,stronger
1637,4430,incomparable
1638,224,incomparable
1638,1500,stronger
1638,2367,stronger
1638,2540,incomparable
1638,2572,stronger
1638,2863,incomparable
1638,3638,incomparable
1638,3752,incomparable
1638,3914,incomparable
1639,285,stronger
1639,1535,incomparable
1639,2157,stronger
1639,2604,stronger
1639,3138,stronger
1639,3200,stronger
1639,3821,incomparable
1639,4195,incomparable
1640,1443,incomparable
1640,1546,stronger
1640,1722,incomparable
1640,1816,incomparable
1640,2443,incomparable
1640,2540,incomparable
1640,2863,incomparable
1640,3197,incomparable
1640,3391,incomparable
1641,160,incomparable
1641,477,incomparable
1641,1511,stronger
1641,1674,stronger
1641,2121,stronger
1641,2784,stronger
1641,3200,stronger
1641,3513,incomparable
1641,3728,incomparable
1641,4073,incomparable
1641,4191,incomparable
1641,4350,incomparable
1642,307,weaker
1642,351,incomparable
1642,1985,stronger
1642,2460,weaker
1642,2705,stronger
1642,3135,stronger
1642,3394,incomparable
1642,3609,incomparable
1642,4677,incomparable
1643,638,stronger
1643,1175,incomparable
1643,1269,stronger
1643,2030,stronger
1643,2137,incomparable
1643,2236,stronger
1643,2298,stronger
1643,2766,stronger
1643,3230,stronger
1643,3598,incomparable
1643,3657,incomparable
1643,3724,incomparable
1643,4024,incomparable
1644,276,stronger
1644,318,incomparable
1644,599,stronger
1644,1256,incomparable
1644,1434,incomparable
1644,2251,stronger
1644,2484,incomparable
1644,2934,stronger
1644,3115,incomparable
1645,244,stronger
1645,274,incomparable
1645,677,incomparable
1645,684,incomparable
1645,760,stronger
1645,1209,stronger
1645,1236,incomparable
1645,1333,stronger
1645,1841,incomparable
1645,2578,stronger
1645,2706,incomparable
1645,2871,incomparable
1645,3005,stronger
1645,3049,stronger
1645,4069,incomparable
1645,4299,incomparable
1645,4426,incomparable
1645,4434,incomparable
1645,4447,incomparable
1645,4556,incomparable
1646,973,stronger
1646,1848,weaker
1646,1871,weaker
1647,34,stronger
1647,313,incomparable
1647,390,incomparable
1647,1025,incomparable
1647,1969,stronger
1647,2817,stronger
1647,2934,stronger
1647,3068,incomparable
1647,4366,incomparable
1647,4435,incomparable
1647,4600,incomparable
1647,4661,incomparable
1648,51,incomparable
1648,714,incomparable
1648,1970,incomparable
1648,1976,stronger
1648,1978,stronger
1648,2740,stronger
1648,2888,incomparable
1648,2992,incomparable
1648,3122,incomparable
1648,3778,incomparable
1648,4485,incomparable
1648,4556,incomparable
1649,201,stronger
1649,1052,incomparable
1649,1928,stronger
1649,2414,stronger
1649,2884,incomparable
1649,3315,weaker
1649,4398,incomparable
1650,300,stronger
1650,466,incomparable
1650,1316,incomparable
1650,2557,stronger
1650,3169,stronger
1650,3636,incomparable
1650,4185,incomparable
1650,4263,incomparable
1650,4665,incomparable
1650,4689,incomparable
1651,282,stronger
1651,1131,incomparable
1651,1524,stronger
1651,1875,weaker
1651,2226,stronger
1651,2307,stronger
1651,2467,weaker
1651,3000,stronger
1651,3034,incomparable
1651,3082,weaker
1651,3498,incomparable
1651,3588,incomparable
1651,3642,incomparable
1651,4134,weaker
1651,4137,weaker
1651,4560,incomparable
1652,199,stronger
1652,257,incomparable
1652,776,stronger
1652,880,incomparable
1652,1884,incomparable
1652,2506,incomparable
1652,2992,incomparable
1652,4246,incomparable
1653,35,stronger
1653,309,weaker
1653,1257,incomparable
1653,1965,stronger
1653,2171,stronger
1653,2244,weaker
1653,3219,stronger
1653,3664,incomparable
1653,3814,incomparable
1654,666,incomparable
1654,791,incomparable
1654,2107,stronger
1654,2290,incomparable
1654,2724,incomparable
1654,2771,stronger
1654,2851,incomparable
1654,3517,incomparable
1654,3620,incomparable
1654,4241,incomparable
1655,830,incomparable
1655,860,incomparable
1655,1125,incomparable
1655,1548,stronger
1655,1741,stronger
1655,2495,stronger
1655,3055,incomparable
1655,3107,stronger
1655,3178,stronger
1655,4126,incomparable
1655,4432,incomparable
1655,4626,incomparable
1655,4676,incomparable
1656,441,stronger
1656,628,incomparable
1656,1206,stronger
1656,1633,weaker
1656,2611,stronger
1656,2614,stronger
1656,3076,incomparable
1656,3436,incomparable
1656,3603,incomparable
1656,3783,incomparable
1656,4207,incomparable
1657,324,incomparable
1657,446,incomparable
1657,755,stronger
1657,1104,stronger
1657,1443,incomparable
1657,1728,incomparable
1657,2075,incomparable
1657,2973,incomparable
1657,3112,incomparable
1657,3320,incomparable
1657,4403,incomparable
1657,4668,incomparable
1658,54,stronger
1658,484,stronger
1658,909,incomparable
1658,1001,stronger
1658,1499,stronger
1658,1824,stronger
1658,1941,incomparable
1658,2816,incomparable
1658,3092,incomparable
1658,3400,incomparable
1658,3484,incomparable
1658,3509,incomparable
1659,921,stronger
1659,1209,stronger
1659,1665,stronger
1659,1985,stronger
1659,2437,stronger
1659,2696,incomparable
1659,3098,incomparable
1659,3767,incomparable
1659,4178,incomparable
1660,196,stronger
1660,274,incomparable
1660,288,stronger
1660,743,stronger
1660,879,incomparable
1660,1078,stronger
1660,1160,stronger
1660,1280,stronger
1660,1335,stronger
1660,1561,incomparable
1660,1798,stronger
1660,2074,incomparable
1660,2115,incomparable
1660,2326,stronger
1660,2636,stronger
1660,3347,incomparable
1660,3362,incomparable
1660,3408,incomparable
1660,3606,incomparable
1660,3805,incomparable
1660,4671,incomparable
1661,87,stronger
1661,723,incomparable
1661,920,stronger
1661,948,stronger
1661,1299,incomparable
1661,1432,incomparable
1661,2409,stronger
1661,3597,incomparable
1661,4062,incomparable
1662,45,incomparable
1662,1590,incomparable
1662,2171,stronger
1662,2315,stronger
1662,2775,stronger
1663,410,incomparable
1663,604,stronger
1663,755,stronger
1663,1332,incomparable
1663,1594,incomparable
1663,1696,stronger
1663,2016,stronger
1663,2137,incomparable
1663,2334,stronger
1663,2851,incomparable
1663,3044,incomparable
1663,3532,incomparable
1663,4117,incomparable
1663,4312,incomparable
1663,4602,incomparable
1664,108,incomparable
1664,275,stronger
1664,280,incomparable
1664,683,stronger
1664,842,incomparable
1664,1004,incomparable
1664,1071,stronger
1664,1074,stronger
1664,1144,stronger
1664,1487,incomparable
1664,1624,stronger
1664,2721,stronger
1664,3683,incomparable
1664,4079,incomparable
1665,3,incomparable
1665,350,incomparable
1665,1009,incomparable
1665,1404,stronger
1665,1883,equivalent
1665,2222,incomparable
1665,2993,stronger
1665,4500,incomparable
1666,620,incomparable
1666,1963,stronger
1666,2192,stronger
1666,2477,weaker
1666,2597,stronger
1666,2629,stronger
1666,3155,incomparable
1666,3996,incomparable
1667,521,stronger
1667,584,stronger
1667,1737,stronger
1667,2604,stronger
1667,3732,incomparable
1667,3803,incomparable
1667,3847,incomparable
1667,3946,incomparable
1668,720,stronger
1668,782,incomparable
1668,2287,stronger
1668,2377,stronger
1668,2924,stronger
1668,3134,stronger
1668,3314,incomparable
1668,4198,incomparable
1669,618,incomparable
1669,921,stronger
1669,1356,stronger
1669,1382,stronger
1669,2812,incomparable
1669,2857,incomparable
1669,3231,stronger
1669,3300,incomparable
1670,325,incomparable
1670,732,stronger
1670,828,incomparable
1670,1393,stronger
1670,1621,stronger
1670,1756,stronger
1670,2405,stronger
1670,2642,stronger
1670,2770,incomparable
1670,3057,incomparable
1670,4407,incomparable
1671,28,incomparable
1671,1393,stronger
1671,1415,incomparable
1671,3469,weaker
1671,3619,incomparable
1671,4049,incomparable
1671,4127,weaker
1671,4284,weaker
1671,4509,incomparable
1671,4569,incomparable
1672,451,stronger
1672,1031,incomparable
1672,1616,stronger
1672,1664,incomparable
1672,2088,incomparable
1672,2624,stronger
1672,2697,incomparable
1672,3429,incomparable
1672,3517,incomparable
1672,3587,incomparable
1672,3630,incomparable
1673,1140,stronger
1673,1777,stronger
1673,2373,incomparable
1673,2865,incomparable
1673,3468,incomparable
1673,3996,incomparable
1673,4592,incomparable
1674,64,stronger
1674,1355,incomparable
1674,2987,stronger
1674,3136,stronger
1674,3316,weaker
1674,3502,incomparable
1674,4095,incomparable
1675,1035,incomparable
1675,1349,incomparable
1675,1863,weaker
1675,2637,stronger
1675,3812,incomparable
1675,4150,weaker
1675,4441,incomparable
1676,455,incomparable
1676,672,incomparable
1676,2192,stronger
1676,3143,incomparable
1676,3297,incomparable
1676,3381,incomparable
1676,3413,incomparable
1676,4548,incomparable
1676,4583,incomparable
1677,424,incomparable
1677,638,stronger
1677,1155,incomparable
1677,1548,stronger
1677,2334,stronger
1677,2473,weaker
1677,3962,incomparable
1677,4001,incomparable
1678,311,weaker
1678,773,stronger
1678,945,stronger
1678,1082,incomparable
1678,2526,stronger
1678,3001,stronger
1678,3282,incomparable
1678,3571,incomparable
1678,3583,incomparable
1678,3917,incomparable
1678,4011,incomparable
1678,4022,incomparable
1678,4208,incomparable
1678,4520,incomparable
1679,1051,incomparable
1679,1067,incomparable
1679,1382,stronger
1679,1920,stronger
1679,2050,incomparable
1679,2144,incomparable
1679,2670,incomparable
1679,3170,stronger
1679,3440,incomparable
1679,3796,incomparable
1679,4064,incomparable
1679,4108,incomparable
1679,4347,incomparable
1679,4351,incomparable
1679,4444,incomparable
1679,4612,incomparable
1679,4681,incomparable
1680,1645,weaker
1680,2164,incomparable
1680,3657,incomparable
1680,4066,weaker
1680,4399,incomparable
1680,4457,incomparable
1680,4522,incomparable
1680,4587,incomparable
1680,4656,weaker
1681,90,incomparable
1681,679,incomparable
1681,691,stronger
1681,1099,stronger
1681,1407,stronger
1681,2625,stronger
1681,2903,incomparable
1681,3108,stronger
1681,3428,incomparable
1681,3569,incomparable
1681,3885,incomparable
1681,4486,incomparable
1681,4660,incomparable
1682,1156,stronger
1682,1274,incomparable
1682,1520,stronger
1682,1650,incomparable
1682,1749,stronger
1682,2033,stronger
1682,2456,incomparable
1682,2770,incomparable
1682,3559,incomparable
1682,4104,incomparable
1682,4526,incomparable
1683,45,weaker
1683,622,weaker
1683,1236,weaker
1683,1998,equivalent
1683,2754,equivalent
1683,2925,weaker
1683,4135,weaker
1683,4494,weaker
1684,740,incomparable
1684,921,stronger
1684,1585,stronger
1684,2780,stronger
1684,3326,incomparable
1684,3351,incomparable
1684,4301,incomparable
1685,734,stronger
1685,1052,incomparable
1685,1283,stronger
1685,1306,stronger
1685,1884,incomparable
1685,2038,incomparable
1685,2139,stronger
1685,3430,incomparable
1685,3491,incomparable
1685,4292,incomparable
1685,4503,incomparable
1686,75,weaker
1686,710,equivalent
1686,2010,equivalent
1686,2805,weaker
1686,2919,weaker
1686,3475,weaker
1686,3503,weaker
1686,4431,weaker
1687,1804,stronger
1687,1865,incomparable
1687,2685,incomparable
1687,3082,incomparable
1687,3151,stronger
1687,3298,incomparable
1687,3616,incomparable
1687,4607,incomparable
1688,673,equivalent
1688,1449,weaker
1688,1609,equivalent
1688,2048,weaker
1688,2947,weaker
1688,3334,weaker
1688,3848,weaker
1688,4284,weaker
1688,4425,weaker
1689,410,weaker
1689,553,equivalent
1689,1534,equivalent
1689,1667,weaker
1689,1679,weaker
1689,1947,equivalent
1689,2224,equivalent
1689,2245,weaker
1689,3523,weaker
1689,3603,weaker
1689,4036,weaker
1689,4333,weaker
1689,4396,weaker
1689,4503,weaker
1689,4690,weaker
1690,322,weaker
1690,623,weaker
1690,833,weaker
1690,1087,equivalent
1690,1242,weaker
1690,1665,weaker
1690,1860,weaker
1690,1895,weaker
1690,2449,weaker
1690,2838,equivalent
1690,2902,weaker
1690,3414,weaker
1690,3495,weaker
1690,3496,weaker
1690,3749,weaker
1690,3979,weaker
1691,121,stronger
1691,144,stronger
1691,942,stronger
1691,1244,incomparable
1691,1982,stronger
1691,2466,incomparable
1691,2899,incomparable
1691,2929,stronger
1691,3016,stronger
1691,3944,incomparable
1691,4479,incomparable
1692,164,incomparable
1692,1352,stronger
1692,2002,stronger
1692,3667,incomparable
1693,159,weaker
1693,406,weaker
1693,1093,equivalent
1693,1301,weaker
1693,1339,equivalent
1693,1422,equivalent
1693,1552,weaker
1693,1612,equivalent
1693,1682,weaker
1693,1763,weaker
1693,1921,weaker
1693,2002,equivalent
1693,2494,weaker
1693,3303,weaker
1693,4400,weaker
1694,603,incomparable
1694,2156,stronger
1694,2239,incomparable
1694,3624,incomparable
1694,3649,incomparable
1694,4157,incomparable
1695,51,incomparable
1695,872,incomparable
1695,1365,stronger
1695,1549,stronger
1695,4132,incomparable
1696,42,weaker
1696,416,weaker
1696,740,weaker
1696,2973,weaker
1696,3182,weaker
1696,3836,weaker
1696,4068,weaker
1697,20,stronger
1697,30,stronger
1697,926,incomparable
1697,2352,stronger
1697,2686,incomparable
1697,3155,stronger
1697,3605,incomparable
1697,4157,incomparable
1697,4374,incomparable
1698,283,weaker
1698,623,weaker
1698,966,equivalent
1698,1666,weaker
1698,2406,weaker
1698,2844,equivalent
1698,3924,weaker
1698,4473,weaker
1699,324,incomparable
1699,386,incomparable
1699,717,stronger
1699,747,stronger
1699,1427,incomparable
1699,1546,stronger
1699,1970,incomparable
1699,2182,incomparable
1699,3364,weaker
1699,3471,incomparable
1699,3539,incomparable
1699,3754,incomparable
1699,3967,incomparable
1699,4438,incomparable
1699,4494,incomparable
1700,116,equivalent
1700,1225,weaker
1700,1944,equivalent
1700,2115,weaker
1700,2117,equivalent
1700,2890,weaker
1700,3711,weaker
1700,3982,weaker
1701,429,incomparable
1701,2074,incomparable
1701,2561,stronger
1701,2979,incomparable
1701,3057,incomparable
1701,3193,stronger
1701,3860,incomparable
1701,4392,incomparable
1702,81,equivalent
1702,114,weaker
1702,555,equivalent
1702,1325,weaker
1702,1617,equivalent
1702,2217,weaker
1702,2810,equivalent
1702,3608,weaker
1702,3675,weaker
1702,4040,weaker
1703,661,weaker
1703,724,equivalent
1703,1129,weaker
1703,1761,weaker
1703,2391,equivalent
1703,2479,weaker
1703,3364,weaker
1703,4041,weaker
1703,4229,weaker
1703,4278,weaker
1703,4381,weaker
1703,4387,weaker
1704,536,equivalent
1704,682,weaker
1704,1038,weaker
1704,1299,weaker
1704,2088,weaker
1704,3259,weaker
1704,3353,weaker
1704,4001,weaker
1704,4126,weaker
1704,4206,weaker
1704,4250,weaker
1705,1673,incomparable
1705,2127,weaker
1705,2201,stronger
1705,2747,stronger
1705,2810,stronger
1705,3600,incomparable
1705,3658,incomparable
1706,816,equivalent
1706,971,equivalent
1706,1053,weaker
1706,1247,weaker
1706,1903,equivalent
1706,1989,equivalent
1706,2366,equivalent
1706,3003,equivalent
1706,3146,equivalent
1706,3219,equivalent
1706,3268,weaker
1706,3298,weaker
1706,3472,weaker
1706,3864,weaker
1706,3915,weaker
1706,4073,weaker
1707,1008,stronger
1707,1681,incomparable
1707,2682,incomparable
1707,3428,incomparable
1707,3732,incomparable
1707,3853,incomparable
1707,4384,incomparable
1708,273,weaker
1708,327,weaker
1708,715,equivalent
1708,754,equivalent
1708,1554,equivalent
1708,2852,weaker
1708,3237,weaker
1709,1335,stronger
1709,1369,stronger
1709,1479,incomparable
1709,1486,incomparable
1709,1598,incomparable
1709,2178,equivalent
1709,2797,stronger
1709,3382,incomparable
1709,4251,incomparable
1709,4352,incomparable
1709,4433,incomparable
1710,1176,stronger
1710,2561,stronger
1710,2678,incomparable
1710,2894,incomparable
1710,3118,incomparable
1710,3286,incomparable
1710,3428,incomparable
1710,4402,incomparable
1711,39,weaker
1711,85,equivalent
1711,1020,weaker
1711,1284,equivalent
1711,1294,equivalent
1711,1381,equivalent
1711,1674,weaker
1711,1920,equivalent
1711,2234,equivalent
1711,2751,equivalent
1711,3275,weaker
1711,3350,weaker
1711,3875,weaker
1711,4214,weaker
1711,4624,weaker
1712,139,equivalent
1712,440,weaker
1712,819,weaker
1712,1754,equivalent
1712,1792,equivalent
1712,1994,equivalent
1712,2015,equivalent
1712,2234,equivalent
1712,2404,equivalent
1712,3221,equivalent
1712,3253,weaker
1713,624,incomparable
1713,1136,stronger
1713,1163,equivalent
1713,1578,stronger
1713,1863,weaker
1713,1884,weaker
1713,2233,stronger
1713,3415,incomparable
1713,3425,incomparable
1713,3964,incomparable
1713,4114,incomparable
1713,4285,incomparable
1714,361,weaker
1714,1365,equivalent
1714,2017,equivalent
1714,2463,weaker
1714,2762,equivalent
1714,2910,weaker
1714,3641,weaker
1714,3726,weaker
1714,4204,weaker
1715,1109,weaker
1715,3024,weaker
1715,3034,weaker
1716,477,weaker
1716,2324,equivalent
1716,2535,equivalent
1716,2599,equivalent
1716,2609,weaker
1716,3639,weaker
1716,3731,weaker
1716,4087,weaker
1717,346,weaker
1717,612,equivalent
1717,849,weaker
1717,1301,weaker
1717,1585,equivalent
1717,1775,equivalent
1717,2938,equivalent
1717,3191,equivalent
1717,3286,weaker
1717,3466,weaker
1717,3801,weaker
1718,111,incomparable
1718,1064,incomparable
1718,2328,incomparable
1718,2505,stronger
1718,3377,incomparable
1718,3602,incomparable
1718,4336,incomparable
1718,4518,incomparable
1719,18,stronger
1719,99,incomparable
1719,445,incomparable
1719,879,incomparable
1719,1203,stronger
1719,1320,incomparable
1719,1771,stronger
1719,1801,incomparable
1719,1854,incomparable
1719,1923,stronger
1719,2185,stronger
1719,2285,incomparable
1719,3702,incomparable
1719,4216,incomparable
1719,4616,incomparable
1720,282,equivalent
1720,820,weaker
1720,1201,equivalent
1720,1241,weaker
1720,1448,weaker
1720,1547,weaker
1720,1642,weaker
1720,2460,weaker
1720,2469,weaker
1720,2951,equivalent
1720,3011,weaker
1720,3619,weaker
1720,3967,weaker
1720,4238,weaker
1721,427,incomparable
1721,1294,stronger
1721,1518,incomparable
1721,1741,stronger
1721,2210,stronger
1721,2244,incomparable
1721,2265,incomparable
1721,2935,stronger
1721,3458,incomparable
1721,3629,incomparable
1721,3833,incomparable
1721,4141,incomparable
1721,4145,incomparable
1722,550,stronger
1722,624,incomparable
1722,2533,incomparable
1722,3393,incomparable
1722,3936,incomparable
1722,4407,incomparable
1722,4615,incomparable
1723,249,equivalent
1723,986,equivalent
1723,1133,weaker
1723,2321,equivalent
1723,2483,weaker
1723,2505,equivalent
1723,2531,weaker
1723,3248,equivalent
1724,363,incomparable
1724,416,incomparable
1724,1600,stronger
1724,1770,stronger
1724,1841,incomparable
1724,2089,incomparable
1724,2278,incomparable
1724,2797,stronger
1724,3082,incomparable
1724,3256,incomparable
1724,3984,incomparable
1724,4465,incomparable
1725,49,weaker
1725,885,weaker
1725,1209,equivalent
1725,1738,weaker
1725,2218,equivalent
1725,3305,weaker
1725,3980,weaker
1725,4681,weaker
1726,336,incomparable
1726,516,incomparable
1726,670,incomparable
1726,794,stronger
1726,870,incomparable
1726,897,incomparable
1726,1113,incomparable
1726,1416,stronger
1726,1683,stronger
1726,2174,stronger
1726,2837,stronger
1726,3454,incomparable
1726,3551,incomparable
1726,3764,incomparable
1726,4062,incomparable
1726,4095,incomparable
1726,4295,incomparable
1726,4346,incomparable
1726,4373,incomparable
1727,1375,equivalent
1727,2293,weaker
1727,2429,equivalent
1727,2756,equivalent
1727,3379,weaker
1728,1418,stronger
1728,2427,stronger
1728,3204,stronger
1728,4468,incomparable
1728,4492,incomparable
1729,145,stronger
1729,270,incomparable
1729,614,incomparable
1729,1566,stronger
1729,2128,incomparable
1729,2715,stronger
1729,2986,stronger
1729,3274,incomparable
1729,3349,incomparable
1729,3488,incomparable
1729,4122,incomparable
1729,4308,incomparable
1730,343,weaker
1730,741,equivalent
1730,1749,equivalent
1730,2170,weaker
1730,2171,equivalent
1730,2710,weaker
1730,2713,equivalent
1730,2790,equivalent
1730,3212,equivalent
1730,3321,weaker
1730,3921,weaker
1730,4062,weaker
1730,4117,weaker
1730,4610,weaker
1731,4,incomparable
1731,263,incomparable
1731,375,incomparable
1731,658,incomparable
1731,1449,incomparable
1731,2134,incomparable
1731,2893,incomparable
1731,2912,incomparable
1732,318,weaker
1732,501,weaker
1732,964,weaker
1732,1151,equivalent
1732,1455,weaker
1732,1583,equivalent
1732,2482,weaker
1732,2808,weaker
1732,3018,equivalent
1732,3214,weaker
1732,3263,weaker
1732,4357,weaker
1732,4643,weaker
1733,17,equivalent
1733,330,weaker
1733,738,equivalent
1733,1305,equivalent
1733,1760,equivalent
1733,2005,equivalent
1733,2105,weaker
1733,2147,equivalent
1733,2293,weaker
1733,2443,weaker
1733,2736,weaker
1733,2790,equivalent
1733,3625,weaker
1733,4271,weaker
1733,4402,weaker
1734,238,incomparable
1734,285,stronger
1734,840,incomparable
1734,841,incomparable
1734,1009,incomparable
1734,1107,stronger
1734,2053,weaker
1734,2161,weaker
1734,2348,stronger
1734,2806,stronger
1734,3318,incomparable
1734,3554,incomparable
1734,4592,incomparable
1735,373,weaker
1735,400,weaker
1735,681,equivalent
1735,1259,weaker
1735,1905,equivalent
1735,2442,weaker
1735,3346,weaker
1735,3543,weaker
1735,3680,weaker
1735,4136,weaker
1735,4692,weaker
1736,115,weaker
1736,171,equivalent
1736,472,equivalent
1736,981,weaker
1736,998,equivalent
1736,1055,weaker
1736,1681,weaker
1736,1870,weaker
1736,2850,weaker
1736,4095,weaker
1736,4584,weaker
1737,196,equivalent
1737,1165,weaker
1737,1461,weaker
1737,2731,equivalent
1737,3636,weaker
1737,4129,weaker
1738,22,stronger
1738,41,incomparable
1738,157,incomparable
1738,769,incomparable
1738,1110,incomparable
1738,1162,stronger
1738,1236,incomparable
1738,1556,incomparable
1738,1870,incomparable
1738,2554,incomparable
1738,2651,incomparable
1738,2699,incomparable
1738,2710,incomparable
1738,3247,stronger
1739,180,equivalent
1739,672,weaker
1739,859,weaker
1739,868,weaker
1739,2298,equivalent
1739,2531,weaker
1739,2561,equivalent
1739,3339,weaker
1739,3470,weaker
1739,3832,weaker
1739,4078,weaker
1739,4178,weaker
1740,30,stronger
1740,583,incomparable
1740,1101,incomparable
1740,1481,incomparable
1740,1791,stronger
1740,2582,stronger
1740,2807,stronger
1740,3866,incomparable
1740,4116,incomparable
1740,4479,incomparable
1741,1409,equivalent
1741,2492,weaker
1741,3405,weaker
1741,3570,weaker
1741,4479,weaker
1742,562,incomparable
1742,1167,weaker
1742,1228,incomparable
1742,1651,incomparable
1742,2646,incomparable
1742,2814,stronger
1742,3103,incomparable
1742,3314,incomparable
1742,3965,incomparable
1742,4161,incomparable
1742,4236,incomparable
1742,4297,incomparable
1742,4437,incomparable
1742,4662,incomparable
1743,243,equivalent
1743,375,weaker
1743,838,weaker
1743,1305,equivalent
1743,2026,equivalent
1743,3727,weaker
1743,3920,weaker
1743,4234,weaker
1743,4534,weaker
1743,4633,weaker
1744,364,weaker
1744,776,equivalent
1744,950,equivalent
1744,1058,weaker
1744,1521,weaker
1744,1642,weaker
1744,1710,weaker
1744,2719,equivalent
1744,3647,weaker
1744,4358,weaker
1744,4587,weaker
1745,424,weaker
1745,568,equivalent
1745,1239,weaker
1745,1335,equivalent
1745,1919,equivalent
1745,2148,weaker
1745,3148,equivalent
1745,3392,weaker
1745,3865,weaker
1745,4325,weaker
1745,4457,weaker
1746,1827,stronger
1746,1899,stronger
1746,2025,stronger
1746,2844,stronger
1746,2877,incomparable
1746,3157,stronger
1746,3293,incomparable
1746,3843,incomparable
1746,3932,incomparable
1746,4451,incomparable
1747,414,weaker
1747,678,equivalent
1747,750,equivalent
1747,1101,weaker
1747,1131,weaker
1747,1429,weaker
1747,1459,weaker
1747,2173,weaker
1747,2246,weaker
1747,3101,weaker
1747,3659,weaker
1747,3763,weaker
1747,3899,weaker
1747,4504,weaker
1747,4666,weaker
1747,4682,weaker
1748,496,equivalent
1748,1422,equivalent
1748,1671,weaker
1748,2962,equivalent
1748,3365,weaker
1748,3433,weaker
1748,3872,weaker
1748,4352,weaker
1749,195,equivalent
1749,365,weaker
1749,406,weaker
1749,613,equivalent
1749,674,equivalent
1749,690,weaker
1749,1202,weaker
1749,1905,equivalent
1749,2476,weaker
1749,2556,equivalent
1749,2774,weaker
1749,3715,weaker
1749,4005,weaker
1750,243,stronger
1750,408,incomparable
1750,677,incomparable
1750,704,incomparable
1750,715,stronger
1750,802,stronger
1750,1406,stronger
1750,1440,incomparable
1750,1918,stronger
1750,2055,incomparable
1750,2110,stronger
1750,2316,incomparable
1750,2591,stronger
1750,2651,incomparable
1750,4686,incomparable
1751,189,equivalent
1751,467,weaker
1751,470,equivalent
1751,1008,equivalent
1751,1053,weaker
1751,1073,weaker
1751,1576,equivalent
1751,1755,weaker
1751,2101,weaker
1751,2240,weaker
1751,2256,weaker
1751,2446,weaker
1751,2474,weaker
1751,2708,equivalent
1751,3818,weaker
1751,4291,weaker
1751,4452,weaker
1751,4455,weaker
1752,967,equivalent
1752,1676,weaker
1752,1743,equivalent
1752,2046,weaker
1752,3179,equivalent
1752,3218,weaker
1752,3240,equivalent
1752,3266,weaker
1752,3690,weaker
1752,3751,weaker
1752,3925,weaker
1752,4563,weaker
1753,648,weaker
1753,1206,equivalent
1753,1995,equivalent
1753,2367,equivalent
1753,3957,weaker
1753,4445,weaker
1753,4554,weaker
1754,16,weaker
1754,772,equivalent
1754,791,weaker
1754,1718,weaker
1754,1874,weaker
1754,2151,equivalent
1754,2205,equivalent
1754,2683,weaker
1754,2765,weaker
1754,2847,weaker
1754,2860,weaker
1754,2930,equivalent
1754,3865,weaker
1754,4057,weaker
1754,4255,weaker
1754,4535,weaker
1755,630,incomparable
1755,632,incomparable
1755,988,stronger
1755,1282,stronger
1755,1651,incomparable
1755,2703,stronger
1755,3309,weaker
1755,4175,weaker
1756,32,equivalent
1756,142,weaker
1756,401,weaker
1756,751,equivalent
1756,1553,equivalent
1756,1805,equivalent
1756,2550,weaker
1756,2875,weaker
1756,3108,weaker
1756,3345,weaker
1756,3430,weaker
1756,4125,weaker
1756,4134,weaker
1756,4561,weaker
1756,4580,weaker
1757,256,weaker
1757,556,weaker
1757,1119,weaker
1757,1609,equivalent
1757,1811,weaker
1757,2387,equivalent
1757,2668,weaker
1757,2684,weaker
1757,3471,weaker
1757,3730,weaker
1757,4215,weaker
1757,4505,weaker
1757,4644,weaker
1758,53,weaker
1758,642,weaker
1758,1299,weaker
1758,1327,equivalent
1758,1772,weaker
1758,2164,weaker
1758,3265,weaker
1758,3335,weaker
1758,3405,weaker
1758,3682,weaker
1758,3798,weaker
1758,3895,weaker
1758,3940,weaker
1758,3950,weaker
1758,4138,weaker
1758,4626,weaker
1759,1140,stronger
1759,1243,incomparable
1759,2399,incomparable
1759,2503,incomparable
1759,2578,stronger
1759,3391,incomparable
1759,3600,incomparable
1759,4615,weaker
1759,4692,incomparable
1760,143,equivalent
1760,728,equivalent
1760,918,equivalent
1760,978,weaker
1760,1331,equivalent
1760,1674,weaker
1760,2049,weaker
1760,2927,weaker
1760,3455,weaker
1760,3521,weaker
1760,3873,weaker
1760,4119,weaker
1761,177,incomparable
1761,406,incomparable
1761,1200,stronger
1761,1626,stronger
1761,1786,stronger
1761,2122,stronger
1761,2168,stronger
1761,2623,incomparable
1761,2674,incomparable
1761,3361,incomparable
1761,3557,incomparable
1761,3571,incomparable
1761,4121,incomparable
1761,4329,incomparable
1761,4584,incomparable
1762,35,equivalent
1762,81,equivalent
1762,1033,weaker
1762,1561,weaker
1762,2241,weaker
1762,3283,weaker
1762,3349,weaker
1762,3444,weaker
1762,3570,weaker
1762,4677,weaker
1763,441,incomparable
1763,648,incomparable
1763,982,stronger
1763,1188,stronger
1763,1364,stronger
1763,2846,stronger
1763,3162,stronger
1763,3213,stronger
1763,3362,incomparable
1763,3713,incomparable
1763,3791,incomparable
1763,4136,incomparable
1763,4527,incomparable
1763,4618,incomparable
1764,819,incomparable
1764,2053,incomparable
1764,2640,stronger
1764,3435,incomparable
1764,3831,incomparable
1764,4098,incomparable
1765,411,weaker
1765,476,weaker
1765,744,weaker
1765,971,equivalent
1765,2365,equivalent
1765,2622,equivalent
1765,4218,weaker
1765,4274,weaker
1765,4324,weaker
1765,4361,weaker
1765,4459,weaker
1766,141,equivalent
1766,512,equivalent
1766,761,weaker
1766,954,equivalent
1766,1351,equivalent
1766,1789,weaker
1766,1983,weaker
1766,3684,weaker
1766,3946,weaker
1767,323,incomparable
1767,460,incomparable
1767,517,stronger
1767,577,stronger
1767,617,incomparable
1767,2856,incomparable
1767,2881,incomparable
1767,3494,incomparable
1767,3783,incomparable
1767,4101,incomparable
1767,4103,incomparable
1768,562,weaker
1768,1691,weaker
1768,1937,weaker
1768,2342,equivalent
1768,2579,weaker
1768,3153,equivalent
1768,3282,weaker
1768,3477,weaker
1768,4007,weaker
1769,654,weaker
1769,844,weaker
1769,1109,weaker
1769,2111,weaker
1769,2249,weaker
1769,2258,weaker
1769,2557,equivalent
1769,2872,weaker
1769,3681,weaker
1769,3812,weaker
1769,4077,weaker
1769,4328,weaker
1769,4406,weaker
1769,4560,weaker
1769,4570,weaker
1770,959,equivalent
1770,1386,equivalent
1770,1440,weaker
1770,1614,equivalent
1770,1726,weaker
1770,2098,weaker
1770,2746,weaker
1770,2873,weaker
1770,3518,weaker
1770,3579,weaker
1770,3764,weaker
1771,165,weaker
1771,816,equivalent
1771,875,weaker
1771,1041,weaker
1771,1636,weaker
1771,2203,weaker
1771,3130,weaker
1771,4520,weaker
1771,4640,weaker
1772,74,stronger
1772,1202,weaker
1772,1258,weaker
1772,2130,equivalent
1772,2151,stronger
1772,2339,stronger
1772,2770,incomparable
1772,2794,stronger
1772,3278,weaker
1772,3629,incomparable
1773,565,equivalent
1773,598,weaker
1773,672,weaker
1773,1010,equivalent
1773,1768,equivalent
1773,1998,equivalent
1773,2790,equivalent
1773,2895,weaker
1773,3015,weaker
1773,4191,weaker
1774,618,incomparable
1774,1581,incomparable
1774,2650,incomparable
1774,2780,stronger
1774,3063,incomparable
1774,4642,incomparable
1774,4649,incomparable
1775,721,equivalent
1775,751,equivalent
1775,960,weaker
1775,1082,weaker
1775,1551,equivalent
1775,1685,weaker
1775,1943,weaker
1775,2083,weaker
1775,2094,equivalent
1775,2356,equivalent
1775,2457,weaker
1775,2988,equivalent
1775,3104,equivalent
1775,3175,equivalent
1775,3413,weaker
1775,3912,weaker
1776,138,weaker
1776,319,incomparable
1776,368,incomparable
1776,802,stronger
1776,960,incomparable
1776,993,stronger
1776,1157,stronger
1777,407,weaker
1777,456,weaker
1777,587,equivalent
1777,1515,weaker
1777,2352,equivalent
1777,2954,equivalent
1777,2996,equivalent
1777,3012,equivalent
1777,3472,weaker
1777,3481,weaker
1777,3507,weaker
1777,4192,weaker
1777,4316,weaker
1777,4562,weaker
1778,709,weaker
1778,1058,weaker
1778,1203,equivalent
1778,1246,weaker
1778,1279,weaker
1778,1291,weaker
1778,1871,weaker
1778,1890,weaker
1778,2190,weaker
1778,2237,equivalent
1778,2285,weaker
1778,2442,weaker
1778,2636,equivalent
1778,2872,weaker
1778,3786,weaker
1778,3875,weaker
1778,4497,weaker
1779,12,weaker
1779,37,equivalent
1779,84,equivalent
1779,116,equivalent
1779,331,weaker
1779,353,weaker
1779,1171,weaker
1779,1259,weaker
1779,1394,equivalent
1779,1745,equivalent
1779,2395,equivalent
1779,3131,weaker
1779,3187,equivalent
1780,279,stronger
1780,1312,incomparable
1780,1433,incomparable
1780,2025,stronger
1780,2542,stronger
1780,2557,stronger
1780,3165,stronger
1780,3362,incomparable
1780,3402,incomparable
1780,3615,incomparable
1780,4365,incomparable
1781,5,weaker
1781,249,equivalent
1781,251,equivalent
1781,472,equivalent
1781,763,equivalent
1781,1116,equivalent
1781,1166,equivalent
1781,2339,equivalent
1781,2733,weaker
1781,3058,weaker
1781,3216,equivalent
1781,3305,weaker
1781,3480,weaker
1781,3877,weaker
1781,4258,weaker
1781,4326,weaker
1781,4692,weaker
1782,680,weaker
1782,987,equivalent
1782,1608,weaker
1782,1627,equivalent
1782,1693,equivalent
1782,2207,weaker
1782,3251,equivalent
1782,3368,weaker
1782,4138,weaker
1782,4249,weaker
1782,4487,weaker
1783,94,weaker
1783,1130,equivalent
1783,2699,weaker
1783,2896,weaker
1783,3425,weaker
1783,4424,weaker
1784,631,incomparable
1784,1040,incomparable
1784,1295,equivalent
1784,1315,weaker
1784,1948,stronger
1784,2060,weaker
1784,2103,equivalent
1784,2550,incomparable
1784,3263,incomparable
1784,3369,incomparable
1784,3427,incomparable
1784,3464,incomparable
1784,3800,incomparable
1784,4453,incomparable
1784,4473,incomparable
1785,1210,equivalent
1785,1482,weaker
1785,2674,weaker
1785,2965,equivalent
1785,3683,weaker
1785,4293,weaker
1785,4360,weaker
1785,4439,weaker
1786,213,weaker
1786,1063,weaker
1786,1941,weaker
1786,2213,equivalent
1786,2396,equivalent
1786,3142,weaker
1786,3324,weaker
1786,3500,weaker
1786,4294,weaker
1786,4505,weaker
1786,4655,weaker
1787,50,weaker
1787,180,equivalent
1787,323,weaker
1787,1639,weaker
1787,2521,weaker
1787,2628,weaker
1787,2863,weaker
1787,3137,equivalent
1787,3734,weaker
1787,4086,weaker
1787,4593,weaker
1787,4677,weaker
1788,295,equivalent
1788,538,equivalent
1788,1117,weaker
1788,1224,weaker
1788,1850,weaker
1788,2053,weaker
1788,2064,weaker
1788,2401,equivalent
1788,2444,weaker
1788,3097,weaker
1788,3192,equivalent
1788,3426,weaker
1788,3556,weaker
1788,3726,weaker
1788,4260,weaker
1788,4399,weaker
1788,4656,weaker
1789,258,incomparable
1789,484,stronger
1789,1462,incomparable
1789,1529,stronger
1789,1769,stronger
1789,2249,incomparable
1789,2409,stronger
1789,2695,incomparable
1789,3043,stronger
1789,3146,stronger
1789,4190,incomparable
1790,301,stronger
1790,616,incomparable
1790,1668,incomparable
1790,1874,incomparable
1790,2318,incomparable
1790,3387,incomparable
1790,3889,incomparable
1790,4105,incomparable
1790,4166,incomparable
1790,4433,incomparable
1791,88,equivalent
1791,1101,weaker
1791,1919,equivalent
1791,2584,weaker
1791,3238,equivalent
1791,3571,weaker
1791,3612,weaker
1791,4208,weaker
1791,4381,weaker
1791,4436,weaker
1791,4693,weaker
1792,479,weaker
1792,1121,equivalent
1792,1150,weaker
1792,1665,weaker
1792,1800,equivalent
1792,1870,weaker
1792,1965,equivalent
1792,1980,equivalent
1792,2070,weaker
1792,2686,weaker
1792,3606,weaker
1792,3815,weaker
1792,4160,weaker
1792,4192,weaker
1793,33,stronger
1793,108,incomparable
1793,139,stronger
1793,199,stronger
1793,322,incomparable
1793,638,incomparable
1793,645,incomparable
1793,2841,stronger
1793,3877,incomparable
1793,4410,incomparable
1794,1935,equivalent
1794,2095,equivalent
1794,3590,weaker
1794,3716,weaker
1794,4136,weaker
1795,256,weaker
1795,267,weaker
1795,277,equivalent
1795,458,weaker
1795,567,equivalent
1795,928,weaker
1795,1391,weaker
1795,2650,weaker
1795,3211,weaker
1795,3439,weaker
1795,3486,weaker
1795,4467,weaker
1796,267,weaker
1796,501,weaker
1796,973,equivalent
1796,2060,weaker
1796,2066,weaker
1796,2410,weaker
1796,2660,weaker
1796,3179,equivalent
1796,3336,weaker
1796,3640,weaker
1796,4101,weaker
1796,4465,weaker
1797,96,stronger
1797,382,incomparable
1797,624,incomparable
1797,1175,stronger
1797,1652,incomparable
1797,2154,stronger
1797,2282,incomparable
1797,2620,stronger
1797,2786,stronger
1797,3185,incomparable
1797,3892,incomparable
1797,4185,incomparable
1797,4524,incomparable
1797,4549,incomparable
1797,4552,incomparable
1798,590,equivalent
1798,653,weaker
1798,940,equivalent
1798,1179,equivalent
1798,1285,weaker
1798,1375,equivalent
1798,1435,weaker
1798,1467,weaker
1798,1590,weaker
1798,2771,equivalent
1798,3032,equivalent
1798,3078,weaker
1799,1898,weaker
1799,2028,equivalent
1799,2213,equivalent
1799,2247,weaker
1799,2427,equivalent
1799,2858,weaker
1799,3244,equivalent
1799,4061,weaker
1799,4582,weaker
1800,77,equivalent
1800,165,weaker
1800,317,weaker
1800,780,equivalent
1800,1136,equivalent
1800,1410,weaker
1800,2748,equivalent
1800,3337,weaker
1800,4433,weaker
1801,77,stronger
1801,103,incomparable
1801,449,incomparable
1801,553,stronger
1801,1482,incomparable
1801,2307,stronger
1801,2410,stronger
1801,3031,stronger
1801,3430,incomparable
1801,4187,weaker
1801,4509,incomparable
1802,214,weaker
1802,549,weaker
1802,1682,weaker
1802,1780,weaker
1802,2067,weaker
1802,2228,equivalent
1802,2298,equivalent
1802,2624,equivalent
1802,3311,weaker
1802,3534,weaker
1802,4005,weaker
1802,4171,weaker
1802,4215,weaker
1803,443,weaker
1803,863,weaker
1803,1242,weaker
1803,2133,equivalent
1803,2377,equivalent
1803,3235,equivalent
1804,192,equivalent
1804,962,weaker
1804,1198,equivalent
1804,1262,weaker
1804,1546,equivalent
1804,3060,weaker
1804,3280,weaker
1804,3362,weaker
1804,3401,weaker
1804,3595,weaker
1805,308,weaker
1805,441,weaker
1805,571,weaker
1805,842,weaker
1805,1125,weaker
1805,1774,weaker
1805,1843,weaker
1805,3642,weaker
1805,3793,weaker
1805,4349,weaker
1805,4468,weaker
1806,680,incomparable
1806,1022,weaker
1806,2333,incomparable
1806,2559,stronger
1806,3104,stronger
1806,4210,incomparable
1806,4295,incomparable
1807,201,equivalent
1807,589,equivalent
1807,1227,weaker
1807,1537,weaker
1807,2371,equivalent
1807,2545,equivalent
1807,3126,weaker
1807,3237,weaker
1807,3243,equivalent
1807,3389,weaker
1807,4077,weaker
1807,4453,weaker
1808,1010,equivalent
1808,1412,equivalent
1808,2228,equivalent
1808,2595,equivalent
1808,2893,weaker
1808,2929,equivalent
1808,3209,equivalent
1808,3274,weaker
1808,4284,weaker
1808,4528,weaker
1808,4565,weaker
1809,360,weaker
1809,379,weaker
1809,895,weaker
1809,1946,equivalent
1809,2938,equivalent
1809,3793,weaker
1809,4577,weaker
1809,4656,weaker
1810,569,equivalent
1810,941,equivalent
1810,1550,equivalent
1810,1584,equivalent
1810,1822,equivalent
1810,2096,equivalent
1810,2347,weaker
1810,2456,weaker
1810,2927,weaker
1810,3372,weaker
1810,3617,weaker
1810,4069,weaker
1810,4126,weaker
1810,4355,weaker
1810,4363,weaker
1810,4547,weaker
1810,4681,weaker
1811,440,incomparable
1811,2222,equivalent
1811,2422,stronger
1811,2566,stronger
1811,3626,incomparable
1811,3660,incomparable
1811,3712,incomparable
1811,4220,incomparable
1811,4397,incomparable
1812,454,weaker
1812,854,weaker
1812,1083,weaker
1812,1200,equivalent
1812,1333,equivalent
1812,2715,equivalent
1812,2997,equivalent
1812,4063,weaker
1812,4507,weaker
1813,457,weaker
1813,998,equivalent
1813,1757,equivalent
1813,2320,equivalent
1813,3243,equivalent
1813,4579,weaker
1814,281,weaker
1814,482,equivalent
1814,487,weaker
1814,833,weaker
1814,869,weaker
1814,1091,equivalent
1814,3248,equivalent
1814,3526,weaker
1814,4213,weaker
1814,4427,weaker
1814,4562,weaker
1814,4573,weaker
1815,449,weaker
1815,968,weaker
1815,1373,equivalent
1815,1481,weaker
1815,4079,weaker
1815,4429,weaker
1816,813,stronger
1816,1836,incomparable
1816,2456,incomparable
1816,4119,incomparable
1816,4551,incomparable
1817,562,weaker
1817,1496,weaker
1817,1513,equivalent
1817,1965,equivalent
1817,2317,equivalent
1817,2786,equivalent
1817,3284,weaker
1817,3991,weaker
1817,4015,weaker
1817,4103,weaker
1817,4317,weaker
1817,4542,weaker
1818,1248,weaker
1818,1853,weaker
1818,2011,equivalent
1818,3493,weaker
1818,3536,weaker
1818,3542,weaker
1818,3548,weaker
1818,3576,weaker
1818,3745,weaker
1818,4069,weaker
1818,4093,weaker
1818,4460,weaker
1818,4546,weaker
1819,1628,equivalent
1819,1894,weaker
1819,2084,weaker
1819,2331,weaker
1819,2617,equivalent
1819,2721,equivalent
1819,3144,equivalent
1819,4476,weaker
1820,32,equivalent
1820,728,equivalent
1820,1252,weaker
1820,1638,weaker
1820,1740,weaker
1820,1822,equivalent
1820,2129,equivalent
1820,2199,weaker
1820,3310,weaker
1820,3692,weaker
1820,3855,weaker
1821,151,weaker
1821,430,incomparable
1821,1898,incomparable
1821,2333,incomparable
1821,2676,incomparable
1821,2883,incomparable
1821,2934,stronger
1821,3810,incomparable
1821,3988,incomparable
1821,3990,incomparable
1821,4055,weaker
1821,4097,incomparable
1821,4143,incomparable
1821,4433,incomparable
1822,197,equivalent
1822,745,equivalent
1822,928,weaker
1822,1737,equivalent
1822,2129,equivalent
1822,2260,weaker
1822,2271,weaker
1822,2622,equivalent
1822,3771,weaker
1822,3916,weaker
1823,108,weaker
1823,135,equivalent
1823,215,weaker
1823,896,equivalent
1823,1421,equivalent
1823,1561,weaker
1823,1767,weaker
1823,1953,weaker
1823,2795,weaker
1823,2818,equivalent
1823,3091,weaker
1823,3767,weaker
1823,3889,weaker
1823,4455,weaker
1824,771,equivalent
1824,2005,equivalent
1824,2704,equivalent
1824,2869,weaker
1824,3114,equivalent
1824,3479,weaker
1824,4095,weaker
1824,4102,weaker
1824,4162,weaker
1824,4181,weaker
1825,24,weaker
1825,2712,weaker
1825,3196,equivalent
1825,3551,weaker
1825,3950,weaker
1825,4068,weaker
1825,4072,weaker
1825,4566,weaker
1826,6,stronger
1826,154,incomparable
1826,793,stronger
1826,1110,incomparable
1826,1371,stronger
1826,1632,incomparable
1826,1709,equivalent
1826,1836,incomparable
1826,1912,weaker
1826,2742,stronger
1826,3851,incomparable
1826,4124,weaker
1827,178,equivalent
1827,277,equivalent
1827,316,weaker
1827,449,weaker
1827,463,weaker
1827,830,weaker
1827,1510,weaker
1827,1639,weaker
1827,2568,equivalent
1827,2642,equivalent
1827,2671,weaker
1827,2868,weaker
1827,3044,weaker
1827,3743,weaker
1828,19,weaker
1828,1210,equivalent
1828,2115,weaker
1828,2591,equivalent
1828,2809,equivalent
1828,3566,weaker
1828,3682,weaker
1828,4339,weaker
1829,123,equivalent
1829,1227,weaker
1829,1994,equivalent
1829,2229,equivalent
1829,2365,equivalent
1829,3022,equivalent
1829,3196,equivalent
1829,3638,weaker
1829,3750,weaker
1829,3878,weaker
1829,4008,weaker
1829,4186,weaker
1830,989,weaker
1830,1999,equivalent
1830,2057,weaker
1830,2095,equivalent
1830,2238,weaker
1830,2355,weaker
1830,2547,equivalent
1830,3543,weaker
1830,4180,weaker
1831,555,equivalent
1831,761,weaker
1831,787,equivalent
1831,798,equivalent
1831,1042,weaker
1831,2333,weaker
1831,3088,weaker
1831,3331,weaker
1832,1935,stronger
1832,2791,incomparable
1832,3398,incomparable
1832,3403,incomparable
1832,4557,incomparable
1833,127,incomparable
1833,160,incomparable
1833,1561,incomparable
1833,2303,incomparable
1833,2843,stronger
1833,4191,incomparable
1833,4273,incomparable
1834,85,stronger
1834,117,incomparable
1834,416,incomparable
1834,730,stronger
1834,820,incomparable
1834,1152,incomparable
1834,2582,stronger
1835,342,incomparable
1835,670,incomparable
1835,921,stronger
1835,955,incomparable
1835,3096,incomparable
1835,3216,stronger
1835,3617,incomparable
1835,4218,incomparable
1836,21,stronger
1836,1963,stronger
1836,1971,stronger
1836,2547,stronger
1836,4474,incomparable
1836,4586,weaker
1837,541,incomparable
1837,662,stronger
1837,1638,incomparable
1837,1721,incomparable
1837,2775,stronger
1837,3009,stronger
1837,3397,incomparable
1837,3676,incomparable
1837,3713,incomparable
1837,3820,incomparable
1837,4302,incomparable
1837,4606,incomparable
1838,865,stronger
1838,2948,stronger
1838,3660,incomparable
1838,3715,incomparable
1838,4375,incomparable
1838,4656,incomparable
1839,1138,stronger
1839,1203,stronger
1839,1657,incomparable
1839,1685,incomparable
1839,1811,incomparable
1839,1883,stronger
1839,1912,incomparable
1839,2125,incomparable
1839,2789,incomparable
1839,2996,stronger
1839,4100,incomparable
1839,4477,incomparable
1839,4639,incomparable
1840,49,incomparable
1840,111,incomparable
1840,1012,stronger
1840,1483,incomparable
1840,2188,stronger
1840,2233,stronger
1840,2518,stronger
1840,2616,stronger
1840,2805,incomparable
1840,3111,stronger
1840,3516,incomparable
1840,3718,incomparable
1840,3929,incomparable
1840,4250,incomparable
1840,4574,incomparable
1840,4666,incomparable
1841,1464,stronger
1841,1954,stronger
1841,3439,incomparable
1841,4601,incomparable
1842,889,incomparable
1842,2891,incomparable
1842,2926,stronger
1842,3081,weaker
1842,3387,incomparable
1842,3887,incomparable
1842,4631,weaker
1843,209,incomparable
1843,408,incomparable
1843,630,incomparable
1843,1127,stronger
1843,1203,stronger
1843,2906,stronger
1843,3635,incomparable
1843,3821,incomparable
1843,4152,incomparable
1843,4553,incomparable
1843,4554,incomparable
1843,4648,incomparable
1843,4694,incomparable
1844,34,incomparable
1844,215,weaker
1844,448,stronger
1844,518,stronger
1844,1127,stronger
1844,1706,stronger
1844,2075,incomparable
1844,2189,stronger
1844,2364,incomparable
1844,2996,stronger
1844,3034,incomparable
1844,3154,stronger
1844,3377,incomparable
1844,3419,incomparable
1844,3797,incomparable
1844,4126,weaker
1845,718,stronger
1845,1541,stronger
1845,1609,stronger
1845,1752,stronger
1845,2236,stronger
1845,3078,incomparable
1845,3132,stronger
1845,3263,incomparable
1845,4105,incomparable
1845,4279,incomparable
1845,4583,incomparable
1846,1251,incomparable
1846,1415,incomparable
1846,2150,stronger
1846,2831,incomparable
1846,3097,weaker
1846,3356,incomparable
1846,3414,incomparable
1846,3472,incomparable
1846,3593,incomparable
1846,3790,incomparable
1846,3798,incomparable
1846,4620,incomparable
1846,4632,weaker
1847,464,incomparable
1847,632,incomparable
1847,1002,stronger
1847,1021,incomparable
1847,1274,stronger
1847,1362,stronger
1847,1560,incomparable
1847,2494,incomparable
1847,2871,incomparable
1847,3745,incomparable
1847,4352,incomparable
1847,4427,incomparable
1848,542,stronger
1848,1891,stronger
1848,2780,stronger
1848,3288,incomparable
1849,369,incomparable
1849,947,incomparable
1849,1574,stronger
1849,2330,incomparable
1849,3143,incomparable
1849,3329,incomparable
1849,3440,incomparable
1849,3492,incomparable
1849,3932,incomparable
1849,4274,incomparable
1849,4310,incomparable
1849,4391,incomparable
1849,4404,incomparable
1849,4566,incomparable
1849,4611,incomparable
1849,4675,incomparable
1850,38,incomparable
1850,663,stronger
1850,865,stronger
1850,997,stronger
1850,1053,incomparable
1850,1268,stronger
1850,2614,stronger
1850,3366,incomparable
1850,3379,incomparable
1850,3461,incomparable
1851,588,incomparable
1851,680,incomparable
1851,1149,stronger
1851,1764,incomparable
1851,2257,incomparable
1852,109,incomparable
1852,1173,stronger
1852,1224,incomparable
1852,1687,incomparable
1852,1879,incomparable
1852,2871,incomparable
1852,3617,incomparable
1852,3841,incomparable
1852,4052,incomparable
1852,4564,incomparable
1853,463,incomparable
1853,1188,stronger
1853,1193,stronger
1853,1938,stronger
1853,2782,incomparable
1853,3246,stronger
1853,3620,incomparable
1853,3738,incomparable
1853,4321,incomparable
1854,200,stronger
1854,903,stronger
1854,906,incomparable
1854,1016,stronger
1854,2111,incomparable
1854,3276,incomparable
1854,4425,incomparable
1854,4498,incomparable
1854,4604,weaker
1855,502,stronger
1855,1876,incomparable
1855,2055,incomparable
1855,2226,stronger
1855,2318,incomparable
1855,2929,stronger
1855,3284,incomparable
1855,3793,incomparable
1855,4367,incomparable
1855,4414,incomparable
1856,28,incomparable
1856,731,incomparable
1856,953,stronger
1856,1253,incomparable
1856,1375,stronger
1856,1405,incomparable
1856,1484,incomparable
1856,1919,stronger
1856,2024,incomparable
1856,2098,incomparable
1856,2578,stronger
1856,2744,incomparable
1856,2867,incomparable
1856,3272,incomparable
1856,3881,incomparable
1856,3889,incomparable
1856,4088,incomparable
1856,4182,incomparable
1856,4357,weaker
1857,449,stronger
1857,621,incomparable
1857,682,incomparable
1857,1028,incomparable
1857,1082,incomparable
1857,1609,stronger
1857,2048,incomparable
1857,2299,stronger
1857,2579,stronger
1857,3917,incomparable
1857,3988,incomparable
1857,4089,incomparable
1857,4342,incomparable
1857,4513,incomparable
1858,920,stronger
1858,939,stronger
1858,1409,stronger
1858,2358,stronger
1858,2667,incomparable
1858,3059,incomparable
1858,4219,incomparable
1859,1274,stronger
1859,2104,stronger
1859,2526,stronger
1859,2686,incomparable
1859,2951,stronger
1859,3107,stronger
1859,3682,incomparable
1859,3900,incomparable
1859,3933,incomparable
1860,537,incomparable
1860,1051,incomparable
1860,1386,stronger
1860,1683,stronger
1860,2293,incomparable
1860,2498,stronger
1860,2976,stronger
1860,3252,stronger
1860,3301,incomparable
1860,3603,incomparable
1860,3737,incomparable
1860,3970,incomparable
1861,437,incomparable
1861,828,incomparable
1861,977,incomparable
1861,986,stronger
1861,1034,incomparable
1861,2424,stronger
1861,2673,incomparable
1861,3036,stronger
1861,3099,incomparable
1861,3375,incomparable
1861,3651,incomparable
1862,50,incomparable
1862,89,stronger
1862,2242,stronger
1862,2282,incomparable
1862,3468,incomparable
1862,3488,incomparable
1862,3722,incomparable
1863,22,stronger
1863,889,incomparable
1863,2690,incomparable
1863,3119,stronger
1863,4605,incomparable
1864,515,stronger
1864,529,stronger
1864,700,stronger
1864,1816,incomparable
1864,1861,weaker
1864,1948,stronger
1864,2044,incomparable
1864,2698,stronger
1864,3053,weaker
1864,3201,incomparable
1864,3361,incomparable
1864,3672,incomparable
1864,4130,weaker
1864,4554,incomparable
1865,20,stronger
1865,229,incomparable
1865,512,stronger
1865,525,stronger
1865,779,stronger
1865,886,stronger
1865,1056,stronger
1865,1350,stronger
1865,1517,stronger
1865,1522,stronger
1865,1649,stronger
1865,1879,incomparable
1865,2921,stronger
1865,3469,incomparable
1865,3770,incomparable
1865,4102,incomparable
1866,176,incomparable
1866,992,stronger
1866,2046,incomparable
1866,2393,incomparable
1866,2583,stronger
1866,2991,stronger
1866,3093,weaker
1866,4027,incomparable
1866,4051,incomparable
1866,4588,incomparable
1866,4670,incomparable
1867,691,stronger
1867,779,stronger
1867,1742,incomparable
1867,1772,stronger
1867,1805,stronger
1867,2004,stronger
1867,2311,stronger
1867,2362,stronger
1867,2735,stronger
1867,2790,stronger
1867,2988,stronger
1867,3170,stronger
1867,3248,stronger
1867,3343,incomparable
1867,3407,incomparable
1867,3633,incomparable
1867,3742,incomparable
1868,910,incomparable
1868,1213,stronger
1868,1230,incomparable
1868,1353,incomparable
1868,1923,stronger
1868,2485,incomparable
1868,2764,stronger
1868,3020,stronger
1868,3367,incomparable
1868,3582,incomparable
1868,4173,incomparable
1869,412,incomparable
1869,1413,stronger
1869,2344,stronger
1869,3677,incomparable
1870,1139,stronger
1870,1371,stronger
1870,2390,stronger
1870,3026,stronger
1870,3109,stronger
1870,3182,incomparable
1870,3466,weaker
1870,4349,incomparable
1870,4389,incomparable
1871,236,stronger
1871,322,incomparable
1871,492,incomparable
1871,893,incomparable
1871,1830,stronger
1871,1878,stronger
1871,2250,stronger
1871,2718,stronger
1871,3121,stronger
1871,3384,incomparable
1871,3651,incomparable
1871,3750,incomparable
1871,3802,incomparable
1871,4262,incomparable
1872,1083,incomparable
1872,1294,stronger
1872,1512,stronger
1872,1694,incomparable
1872,1763,incomparable
1872,2024,incomparable
1872,2059,incomparable
1872,2137,incomparable
1872,2185,stronger
1872,2666,incomparable
1872,2748,stronger
1872,3205,incomparable
1872,3643,incomparable
1872,3763,incomparable
1873,321,incomparable
1873,411,incomparable
1873,1124,stronger
1873,1545,stronger
1873,1808,stronger
1873,2593,stronger
1873,2955,stronger
1873,3628,incomparable
1873,3863,incomparable
1873,3915,incomparable
1873,3952,incomparable
1873,4055,incomparable
1874,1986,stronger
1874,2082,incomparable
1874,3789,incomparable
1874,4043,incomparable
1874,4106,incomparable
1874,4227,incomparable
1874,4346,incomparable
1875,122,stronger
1875,837,incomparable
1875,923,stronger
1875,2363,stronger
1875,3111,stronger
1875,3565,incomparable
1875,3580,incomparable
1875,3957,incomparable
1875,3973,incomparable
1875,4514,incomparable
1876,754,stronger
1876,1870,stronger
1876,2150,stronger
1876,2454,stronger
1876,2499,incomparable
1876,3110,stronger
1876,3250,stronger
1876,3413,incomparable
1876,3921,incomparable
1876,3935,incomparable
1876,4685,incomparable
1877,227,stronger
1877,493,stronger
1877,606,stronger
1877,1036,incomparable
1877,1481,incomparable
1877,1807,stronger
1877,1837,weaker
1877,2065,incomparable
1877,2383,incomparable
1877,2501,stronger
1877,3193,incomparable
1877,4040,incomparable
1877,4223,incomparable
1878,1467,weaker
1878,1600,stronger
1878,1998,stronger
1878,2622,stronger
1878,3310,weaker
1878,3341,weaker
1878,3848,incomparable
1878,3917,incomparable
1878,4387,incomparable
1879,279,stronger
1879,814,stronger
1879,1697,incomparable
1879,1954,stronger
1879,2742,stronger
1879,2864,incomparable
1879,2929,stronger
1879,3284,incomparable
1879,3694,incomparable
1879,3801,incomparable
1879,4287,incomparable
1879,4419,incomparable
1879,4429,incomparable
1879,4550,incomparable
1879,4633,incomparable
1880,205,weaker
1880,2697,incomparable
1880,3101,weaker
1880,3900,incomparable
1880,4128,weaker
1880,4586,weaker
1881,320,incomparable
1881,1877,equivalent
1881,1993,incomparable
1881,2573,incomparable
1881,2578,stronger
1881,3183,stronger
1881,3263,weaker
1881,3830,incomparable
1881,3901,incomparable
1881,4197,incomparable
1882,1230,incomparable
1882,2663,incomparable
1882,3276,incomparable
1882,3665,incomparable
1882,4180,incomparable
1883,35,stronger
1883,639,incomparable
1883,678,stronger
1883,1314,stronger
1883,1329,stronger
1883,1579,stronger
1883,1716,stronger
1883,2428,stronger
1883,2442,equivalent
1883,3125,stronger
1883,3329,weaker
1883,3762,incomparable
1883,3827,incomparable
1883,3847,incomparable
1883,4157,incomparable
1883,4284,weaker
1883,4382,incomparable
1884,626,incomparable
1884,1443,incomparable
1884,1493,stronger
1884,2456,incomparable
1884,2656,incomparable
1884,2678,incomparable
1884,3039,stronger
1884,3822,incomparable
1884,4146,incomparable
1884,4331,incomparable
1884,4366,incomparable
1885,21,stronger
1885,454,incomparable
1885,595,stronger
1885,599,stronger
1885,975,stronger
1885,1858,incomparable
1885,3033,stronger
1885,3792,incomparable
1885,3823,incomparable
1885,4060,incomparable
1885,4483,incomparable
1885,4597,incomparable
1885,4616,incomparable
1885,4676,incomparable
1886,39,weaker
1886,412,weaker
1886,438,weaker
1886,1025,weaker
1886,1219,equivalent
1886,1355,weaker
1886,2058,weaker
1886,2901,equivalent
1886,3280,weaker
1886,3502,weaker
1886,3873,weaker
1886,4550,weaker
1887,43,incomparable
1887,224,incomparable
1887,591,stronger
1887,1112,incomparable
1887,1700,stronger
1887,2238,incomparable
1887,2472,incomparable
1887,3676,incomparable
1887,4401,incomparable
1888,252,stronger
1888,1564,incomparable
1888,1706,stronger
1888,2074,incomparable
1888,2090,incomparable
1888,2764,stronger
1888,4347,incomparable
1888,4608,incomparable
1889,294,weaker
1889,683,equivalent
1889,2555,equivalent
1889,2697,weaker
1889,2804,weaker
1889,2806,equivalent
1889,2824,equivalent
1889,3294,weaker
1889,3562,weaker
1889,4138,weaker
1890,463,weaker
1890,581,stronger
1890,875,incomparable
1890,1065,incomparable
1890,1253,incomparable
1890,2605,incomparable
1890,3387,incomparable
1890,3557,incomparable
1890,4675,weaker
1891,687,equivalent
1891,2022,equivalent
1891,2098,weaker
1891,2344,equivalent
1891,2400,equivalent
1891,2578,equivalent
1891,3218,weaker
1891,3457,weaker
1891,3561,weaker
1891,3735,weaker
1891,3746,weaker
1891,4076,weaker
1891,4182,weaker
1891,4188,weaker
1892,247,equivalent
1892,309,weaker
1892,627,weaker
1892,696,equivalent
1892,894,equivalent
1892,1992,weaker
1892,2105,weaker
1892,2951,equivalent
1892,3561,weaker
1892,3697,weaker
1892,4025,weaker
1892,4325,weaker
1893,153,weaker
1893,718,equivalent
1893,828,weaker
1893,1720,equivalent
1893,2059,weaker
1893,2515,equivalent
1893,3224,equivalent
1893,3327,weaker
1893,3440,weaker
1894,252,stronger
1894,525,stronger
1894,526,stronger
1894,2162,incomparable
1894,2864,incomparable
1894,3116,incomparable
1894,3132,stronger
1895,352,incomparable
1895,706,incomparable
1895,1092,incomparable
1895,1314,stronger
1895,1429,incomparable
1895,1637,incomparable
1895,1755,incomparable
1895,1983,incomparable
1895,2253,incomparable
1895,2377,stronger
1895,3359,incomparable
1895,3389,incomparable
1895,3728,incomparable
1895,3985,incomparable
1895,4097,incomparable
1896,927,equivalent
1896,1418,equivalent
1896,1440,weaker
1896,1882,weaker
1896,1999,equivalent
1896,2469,weaker
1896,2880,weaker
1896,3052,weaker
1896,3520,weaker
1896,3608,weaker
1896,3923,weaker
1896,4100,weaker
1896,4214,weaker
1897,127,incomparable
1897,985,incomparable
1897,1141,stronger
1897,1699,incomparable
1897,2121,stronger
1897,2241,incomparable
1897,2480,incomparable
1897,2555,stronger
1897,3788,incomparable
1897,4154,incomparable
1897,4379,incomparable
1897,4433,incomparable
1898,861,incomparable
1898,1009,incomparable
1898,3056,incomparable
1898,3142,incomparable
1898,4028,incomparable
1898,4442,incomparable
1898,4660,incomparable
1899,317,weaker
1899,511,weaker
1899,608,weaker
1899,1679,weaker
1899,2132,weaker
1899,2879,weaker
1899,3333,weaker
1899,3680,weaker
1899,3863,weaker
1899,3902,weaker
1899,3935,weaker
1899,4345,weaker
1899,4413,weaker
1900,964,incomparable
1900,1342,stronger
1900,1548,stronger
1900,3150,incomparable
1900,3325,incomparable
1900,3333,incomparable
1900,3632,incomparable
1901,156,weaker
1901,693,equivalent
1901,1370,weaker
1901,2715,equivalent
1901,2922,equivalent
1901,3105,weaker
1901,3364,weaker
1901,3953,weaker
1901,4135,weaker
1901,4147,weaker
1902,836,incomparable
1902,1173,stronger
1902,1578,stronger
1902,2332,stronger
1902,2431,stronger
1902,2664,incomparable
1902,2710,weaker
1902,2762,stronger
1902,2939,incomparable
1902,3479,incomparable
1903,67,equivalent
1903,201,equivalent
1903,264,weaker
1903,1702,equivalent
1903,2192,equivalent
1903,2225,equivalent
1903,3334,weaker
1903,3472,weaker
1903,4298,weaker
1904,193,stronger
1904,1386,stronger
1904,1424,stronger
1904,1526,incomparable
1904,1895,incomparable
1904,2475,incomparable
1904,2517,incomparable
1904,4357,incomparable
1905,1560,weaker
1905,2749,weaker
1905,3090,weaker
1905,4138,weaker
1906,307,weaker
1906,1093,equivalent
1906,2034,equivalent
1906,2439,equivalent
1906,2960,weaker
1906,3577,weaker
1906,3834,weaker
1906,4176,weaker
1907,54,weaker
1907,1282,equivalent
1907,2898,weaker
1907,3072,weaker
1907,3404,weaker
1907,4105,weaker
1907,4396,weaker
1907,4658,weaker
1908,136,stronger
1908,1057,incomparable
1908,1710,incomparable
1908,2966,stronger
1908,4243,weaker
1908,4264,incomparable
1909,112,weaker
1909,693,equivalent
1909,752,weaker
1909,1452,weaker
1909,1639,weaker
1909,1794,equivalent
1909,2138,equivalent
1909,2153,equivalent
1909,2210,equivalent
1909,2213,equivalent
1909,2691,weaker
1909,2712,weaker
1909,2766,equivalent
1909,3186,equivalent
1909,3204,equivalent
1909,4414,weaker
1909,4461,weaker
1909,4670,weaker
1910,56,incomparable
1910,63,incomparable
1910,75,incomparable
1910,177,incomparable
1910,744,incomparable
1910,1134,stronger
1910,1470,incomparable
1910,1740,incomparable
1910,2153,stronger
1910,2700,incomparable
1910,3262,incomparable
1910,3818,incomparable
1910,3981,incomparable
1911,1397,equivalent
1911,2412,equivalent
1911,2596,weaker
1911,3038,equivalent
1911,3721,weaker
1911,4201,weaker
1911,4348,weaker
1911,4390,weaker
1911,4504,weaker
1911,4577,weaker
1911,4613,weaker
1912,311,incomparable
1912,807,stronger
1912,1212,stronger
1912,1481,incomparable
1912,3482,incomparable
1912,3823,incomparable
1912,4112,incomparable
1912,4122,incomparable
1912,4393,incomparable
1912,4627,incomparable
1912,4651,incomparable
1913,83,stronger
1913,589,stronger
1913,1255,incomparable
1913,2066,incomparable
1913,2082,incomparable
1913,3921,incomparable
1913,4545,incomparable
1914,306,equivalent
1914,616,weaker
1914,869,weaker
1914,1440,weaker
1914,1825,equivalent
1914,1831,equivalent
1914,2088,weaker
1914,2385,weaker
1914,3875,weaker
1914,4067,weaker
1914,4272,weaker
1915,249,equivalent
1915,579,weaker
1915,656,weaker
1915,929,equivalent
1915,1543,weaker
1915,1549,equivalent
1915,1920,equivalent
1915,2847,weaker
1915,3201,weaker
1915,3413,weaker
1915,4545,weaker
1915,4618,weaker
1916,280,incomparable
1916,790,stronger
1916,1024,incomparable
1916,1429,incomparable
1916,2640,stronger
1916,2717,stronger
1916,2793,stronger
1916,3060,incomparable
1916,3829,incomparable
1916,4567,incomparable
1916,4589,incomparable
1917,537,weaker
1917,546,weaker
1917,2813,equivalent
1917,3746,weaker
1918,720,equivalent
1918,958,equivalent
1918,1064,weaker
1918,1291,weaker
1918,1600,equivalent
1918,2470,weaker
1918,2618,weaker
1918,3100,weaker
1918,3148,equivalent
1918,3215,equivalent
1918,4572,weaker
1919,141,equivalent
1919,316,weaker
1919,752,weaker
1919,1400,weaker
1919,1681,weaker
1919,2768,equivalent
1919,3146,equivalent
1919,3398,weaker
1919,3649,weaker
1919,3927,weaker
1920,86,weaker
1920,291,equivalent
1920,888,equivalent
1920,1120,weaker
1920,2071,weaker
1920,2166,equivalent
1920,2618,weaker
1920,2816,weaker
1920,3660,weaker
1920,3693,weaker
1920,4254,weaker
1920,4410,weaker
1921,1503,stronger
1921,1956,stronger
1921,2003,stronger
1921,2418,stronger
1921,2443,incomparable
1921,2515,stronger
1921,2531,incomparable
1921,2675,incomparable
1921,4172,incomparable
1921,4474,incomparable
1921,4570,incomparable
1922,491,incomparable
1922,1066,incomparable
1922,2030,stronger
1922,2040,incomparable
1922,2285,incomparable
1922,2997,stronger
1922,3748,incomparable
1922,4424,incomparable
1923,704,weaker
1923,1074,equivalent
1923,1556,weaker
1923,2601,weaker
1923,3891,weaker
1923,4082,weaker
1924,101,incomparable
1924,297,stronger
1924,300,stronger
1924,601,stronger
1924,1061,incomparable
1924,1198,stronger
1924,1599,stronger
1924,2124,incomparable
1924,2385,incomparable
1924,3433,incomparable
1924,3662,incomparable
1924,4058,incomparable
1924,4070,incomparable
1924,4276,incomparable
1925,247,stronger
1925,524,incomparable
1925,1018,stronger
1925,1434,incomparable
1925,1764,incomparable
1925,2748,stronger
1925,3108,incomparable
1925,3144,stronger
1925,3290,incomparable
1925,3358,incomparable
1925,4535,incomparable
1925,4647,incomparable
1926,878,equivalent
1926,1048,weaker
1926,1172,equivalent
1926,1585,equivalent
1926,1722,weaker
1926,2046,weaker
1926,2096,equivalent
1926,2280,weaker
1926,2305,equivalent
1926,3017,equivalent
1926,3050,weaker
1926,3604,weaker
1926,3891,weaker
1926,3899,weaker
1926,3926,weaker
1926,4285,weaker
1927,6,stronger
1927,1128,stronger
1927,1661,incomparable
1927,2646,incomparable
1927,4105,incomparable
1927,4164,incomparable
1927,4373,incomparable
1928,657,weaker
1928,815,equivalent
1928,1226,weaker
1928,1230,weaker
1928,1386,equivalent
1928,1690,equivalent
1928,2253,weaker
1928,2263,weaker
1928,2316,weaker
1928,3664,weaker
1928,3838,weaker
1928,4109,weaker
1928,4639,weaker
1928,4679,weaker
1929,478,stronger
1929,577,stronger
1929,1828,stronger
1929,1938,stronger
1929,2001,stronger
1929,2598,stronger
1929,3377,incomparable
1929,3493,incomparable
1929,3953,incomparable
1929,4344,incomparable
1929,4569,incomparable
1929,4622,weaker
1930,230,equivalent
1930,881,equivalent
1930,2020,equivalent
1930,2272,weaker
1930,2872,weaker
1930,3220,equivalent
1930,3263,weaker
1930,3523,weaker
1930,4204,weaker
1931,232,stronger
1931,1992,stronger
1931,2188,stronger
1931,2520,stronger
1931,2569,stronger
1931,3042,stronger
1931,3318,incomparable
1931,4354,incomparable
1931,4479,incomparable
1932,102,incomparable
1932,710,stronger
1932,915,stronger
1932,1277,stronger
1932,1450,incomparable
1932,2651,incomparable
1932,3060,incomparable
1932,3926,incomparable
1932,4330,incomparable
1932,4470,incomparable
1933,408,weaker
1933,908,equivalent
1933,1016,equivalent
1933,1832,weaker
1933,2120,equivalent
1933,2182,weaker
1933,2579,weaker
1933,3086,weaker
1933,3399,weaker
1933,3983,weaker
1933,4553,weaker
1934,158,incomparable
1934,255,incomparable
1934,786,incomparable
1934,814,stronger
1934,2366,stronger
1934,2372,incomparable
1934,3254,incomparable
1934,4517,incomparable
1935,277,equivalent
1935,1098,weaker
1935,1238,weaker
1935,2430,weaker
1935,3712,weaker
1935,3946,weaker
1935,3984,weaker
1936,293,equivalent
1936,1053,weaker
1936,1405,weaker
1936,1654,weaker
1936,1745,equivalent
1936,2012,equivalent
1936,2031,equivalent
1936,3480,weaker
1936,4048,weaker
1937,743,stronger
1937,786,incomparable
1937,1220,stronger
1937,1308,stronger
1937,1979,weaker
1937,2149,stronger
1937,2153,stronger
1937,2383,incomparable
1937,2506,incomparable
1937,2863,incomparable
1937,3440,incomparable
1937,3981,incomparable
1937,4397,incomparable
1938,415,weaker
1938,608,weaker
1938,640,weaker
1938,1419,equivalent
1938,1598,weaker
1938,2722,weaker
1938,2784,equivalent
1938,3589,weaker
1938,3635,weaker
1938,3865,weaker
1938,4103,weaker
1938,4163,weaker
1938,4585,weaker
1939,292,equivalent
1939,733,equivalent
1939,3523,weaker
1939,3693,weaker
1939,3904,weaker
1939,4152,weaker
1939,4604,weaker
1939,4618,weaker
1940,14,weaker
1940,241,equivalent
1940,1030,weaker
1940,1493,equivalent
1940,2000,weaker
1940,2320,equivalent
1940,4232,weaker
1940,4448,weaker
1941,637,incomparable
1941,1113,incomparable
1941,1866,incomparable
1941,2107,equivalent
1941,2292,stronger
1941,2658,incomparable
1941,2782,incomparable
1941,3474,incomparable
1941,3582,incomparable
1941,3622,incomparable
1941,3984,weaker
1941,4223,incomparable
1942,381,weaker
1942,799,equivalent
1942,855,weaker
1942,2028,equivalent
1942,2236,equivalent
1942,2974,equivalent
1942,3051,weaker
1942,3131,weaker
1943,116,stronger
1943,117,incomparable
1943,389,incomparable
1943,1499,stronger
1943,1547,incomparable
1943,1774,incomparable
1943,1951,stronger
1943,3104,stronger
1943,3215,stronger
1944,59,weaker
1944,579,weaker
1944,763,equivalent
1944,966,equivalent
1944,1693,equivalent
1944,1838,weaker
1944,2177,equivalent
1944,2903,weaker
1944,3014,equivalent
1944,3057,weaker
1944,4326,weaker
1944,4403,weaker
1944,4463,weaker
1945,189,stronger
1945,410,incomparable
1945,907,incomparable
1945,979,stronger
1945,1019,stronger
1945,2012,stronger
1945,3259,incomparable
1946,425,weaker
1946,427,weaker
1946,498,equivalent
1946,622,weaker
1946,714,weaker
1946,778,weaker
1946,1069,weaker
1946,1477,weaker
1946,1907,equivalent
1946,2860,weaker
1946,3302,weaker
1946,3523,weaker
1946,3708,weaker
1947,543,weaker
1947,1547,weaker
1947,1927,weaker
1947,2167,weaker
1947,2325,equivalent
1947,3324,weaker
1947,3509,weaker
1947,3605,weaker
1947,3966,weaker
1947,4219,weaker
1948,405,weaker
1948,997,equivalent
1948,1494,weaker
1948,2044,weaker
1948,2964,weaker
1948,3344,weaker
1948,4664,weaker
1949,589,stronger
1949,1873,incomparable
1949,2510,stronger
1949,2559,stronger
1949,2653,incomparable
1949,2711,stronger
1949,2835,stronger
1949,3083,incomparable
1949,3408,incomparable
1949,3528,incomparable
1949,3530,incomparable
1949,3904,incomparable
1949,4262,incomparable
1949,4481,incomparable
1950,152,weaker
1950,693,equivalent
1950,997,equivalent
1950,1391,weaker
1950,1995,equivalent
1950,2090,weaker
1950,2786,equivalent
1950,2895,weaker
1950,3620,weaker
1951,58,weaker
1951,66,weaker
1951,330,weaker
1951,1313,weaker
1951,1576,equivalent
1951,1594,weaker
1951,1973,equivalent
1951,2704,equivalent
1951,3492,weaker
1951,3612,weaker
1951,3617,weaker
1951,3957,weaker
1951,4361,weaker
1952,196,equivalent
1952,665,weaker
1952,1106,equivalent
1952,1330,equivalent
1952,1453,weaker
1952,2651,weaker
1952,2807,equivalent
1952,2897,weaker
1952,3020,equivalent
1952,3300,weaker
1952,3920,weaker
1953,111,incomparable
1953,1174,stronger
1953,1386,stronger
1953,1388,stronger
1953,2187,stronger
1953,2454,incomparable
1953,3180,incomparable
1953,3213,stronger
1953,3271,weaker
1953,3391,incomparable
1953,3549,incomparable
1953,4287,weaker
1954,247,equivalent
1954,535,equivalent
1954,1443,weaker
1954,1468,weaker
1954,1721,weaker
1954,2051,weaker
1954,3143,weaker
1954,3528,weaker
1954,3715,weaker
1954,3952,weaker
1954,4013,weaker
1954,4328,weaker
1955,174,equivalent
1955,530,equivalent
1955,647,weaker
1955,1130,equivalent
1955,2425,weaker
1955,2542,equivalent
1955,3012,equivalent
1955,3251,equivalent
1955,3469,weaker
1955,3633,weaker
1955,3637,weaker
1955,4056,weaker
1955,4146,weaker
1955,4376,weaker
1956,210,weaker
1956,918,equivalent
1956,1273,weaker
1956,1303,weaker
1956,2114,equivalent
1956,3585,weaker
1956,3726,weaker
1957,102,weaker
1957,194,weaker
1957,267,weaker
1957,599,equivalent
1957,855,weaker
1957,1260,weaker
1957,3217,equivalent
1957,4097,weaker
1957,4503,weaker
1958,250,stronger
1958,653,incomparable
1958,917,incomparable
1958,1233,incomparable
1958,1269,incomparable
1958,2672,incomparable
1958,2673,incomparable
1958,3114,stronger
1958,3384,incomparable
1958,3408,incomparable
1958,4179,incomparable
1958,4316,incomparable
1958,4580,incomparable
1958,4625,incomparable
1959,213,weaker
1959,340,weaker
1959,509,equivalent
1959,1822,equivalent
1959,1870,weaker
1959,2013,equivalent
1959,2113,weaker
1959,2308,weaker
1959,3607,weaker
1959,3716,weaker
1959,4257,weaker
1959,4288,weaker
1960,38,weaker
1960,174,equivalent
1960,700,equivalent
1960,1228,weaker
1960,1547,weaker
1960,2447,weaker
1960,3126,weaker
1960,3356,weaker
1960,3873,weaker
1960,3904,weaker
1960,4202,weaker
1960,4396,weaker
1961,292,equivalent
1961,631,weaker
1961,979,equivalent
1961,1437,weaker
1961,1756,equivalent
1961,2357,equivalent
1961,2731,equivalent
1961,3388,weaker
1961,4121,weaker
1961,4448,weaker
1961,4680,weaker
1962,647,incomparable
1962,652,incomparable
1962,667,incomparable
1962,1555,stronger
1962,2162,incomparable
1962,2921,stronger
1962,3025,stronger
1962,3760,incomparable
1962,4115,incomparable
1962,4228,incomparable
1962,4569,incomparable
1963,406,weaker
1963,655,weaker
1963,2339,equivalent
1963,2652,weaker
1963,2922,equivalent
1963,3569,weaker
1963,3769,weaker
1963,3980,weaker
1963,4228,weaker
1963,4325,weaker
1963,4334,weaker
1964,1673,weaker
1964,2193,stronger
1964,2197,stronger
1964,2955,stronger
1964,3622,incomparable
1964,4189,incomparable
1964,4448,incomparable
1964,4462,incomparable
1965,83,equivalent
1965,691,equivalent
1965,777,equivalent
1965,792,equivalent
1965,1298,equivalent
1965,1437,weaker
1965,2209,equivalent
1965,2965,equivalent
1965,3518,weaker
1966,84,stronger
1966,405,incomparable
1966,436,weaker
1966,764,stronger
1966,1649,incomparable
1966,2129,stronger
1966,2502,stronger
1966,2579,stronger
1966,3148,stronger
1966,3701,incomparable
1966,4296,weaker
1966,4419,incomparable
1967,49,incomparable
1967,154,incomparable
1967,1135,stronger
1967,1233,incomparable
1967,1623,incomparable
1967,1727,stronger
1967,2237,stronger
1967,2370,incomparable
1967,2496,incomparable
1967,2722,incomparable
1967,4230,incomparable
1967,4337,incomparable
1968,361,weaker
1968,456,weaker
1968,1490,equivalent
1968,1620,equivalent
1968,1656,weaker
1968,1660,weaker
1968,2325,equivalent
1968,3026,equivalent
1968,4047,weaker
1968,4403,weaker
1969,564,equivalent
1969,2380,equivalent
1969,2823,equivalent
1969,3466,weaker
1969,3574,weaker
1969,3998,weaker
1969,4213,weaker
1969,4474,weaker
1970,400,incomparable
1970,401,incomparable
1970,483,weaker
1970,764,stronger
1970,1512,stronger
1970,2615,stronger
1970,3364,incomparable
1970,3792,incomparable
1971,175,equivalent
1971,760,equivalent
1971,944,equivalent
1971,1404,equivalent
1971,2091,weaker
1971,3007,weaker
1972,1091,equivalent
1972,1598,weaker
1972,1758,equivalent
1972,2034,equivalent
1972,2426,equivalent
1972,2686,weaker
1972,3210,weaker
1972,4428,weaker
1972,4641,weaker
1973,226,equivalent
1973,371,weaker
1973,478,equivalent
1973,1292,equivalent
1973,1679,weaker
1973,1963,equivalent
1973,2337,weaker
1973,2376,weaker
1973,2534,weaker
1973,2676,weaker
1973,2760,equivalent
1973,3017,equivalent
1973,3176,weaker
1973,4232,weaker
1974,493,equivalent
1974,516,weaker
1974,816,equivalent
1974,1313,weaker
1974,1840,weaker
1974,2385,weaker
1974,2794,equivalent
1974,3119,equivalent
1974,3323,weaker
1974,3387,weaker
1974,3485,weaker
1974,4368,weaker
1974,4605,weaker
1975,772,stronger
1975,996,stronger
1975,1238,incomparable
1975,1605,stronger
1975,1806,stronger
1975,1935,stronger
1975,2126,incomparable
1975,2378,stronger
1975,2664,incomparable
1975,3360,incomparable
1975,3369,incomparable
1975,4080,incomparable
1976,152,weaker
1976,252,equivalent
1976,390,weaker
1976,609,equivalent
1976,818,weaker
1976,1365,equivalent
1976,1930,equivalent
1976,2466,weaker
1976,2574,equivalent
1976,3244,equivalent
1976,4207,weaker
1976,4460,weaker
1976,4633,weaker
1976,4688,weaker
1977,246,incomparable
1977,619,incomparable
1977,634,incomparable
1977,904,stronger
1977,1790,incomparable
1977,1895,incomparable
1977,2444,incomparable
1977,2530,incomparable
1977,2720,incomparable
1977,2769,stronger
1977,2957,stronger
1977,2969,stronger
1977,3702,incomparable
1977,4103,incomparable
1978,2039,weaker
1978,2208,equivalent
1978,2781,equivalent
1978,3797,weaker
1978,3810,weaker
1978,3864,weaker
1978,4240,weaker
1978,4349,weaker
1978,4481,weaker
1979,716,incomparable
1979,1867,incomparable
1979,1988,stronger
1979,2226,stronger
1980,80,equivalent
1980,247,equivalent
1980,619,weaker
1980,1291,weaker
1980,1897,weaker
1980,1932,weaker
1980,2983,equivalent
1980,4067,weaker
1980,4498,weaker
1981,398,weaker
1981,1837,weaker
1981,2064,weaker
1981,3193,weaker
1981,3460,weaker
1981,3534,weaker
1981,3619,weaker
1981,3941,weaker
1981,4393,weaker
1982,641,weaker
1982,1258,weaker
1982,1596,equivalent
1982,1690,equivalent
1982,1944,equivalent
1982,3047,equivalent
1982,3396,weaker
1982,3537,weaker
1982,3543,weaker
1982,3623,weaker
1982,3733,weaker
1982,4122,weaker
1983,197,stronger
1983,292,stronger
1983,716,incomparable
1983,1517,stronger
1983,1926,stronger
1983,2144,stronger
1983,2371,stronger
1983,2732,stronger
1983,3016,stronger
1983,3249,stronger
1983,3656,incomparable
1983,3675,incomparable
1983,4137,incomparable
1983,4348,incomparable
1984,571,weaker
1984,614,weaker
1984,944,equivalent
1984,1187,equivalent
1984,1248,weaker
1984,1686,equivalent
1984,2071,weaker
1984,2367,equivalent
1984,2421,equivalent
1984,4167,weaker
1984,4528,weaker
1985,151,weaker
1985,644,weaker
1985,907,weaker
1985,1655,weaker
1985,2987,equivalent
1985,4068,weaker
1985,4094,weaker
1985,4150,weaker
1985,4162,weaker
1985,4670,weaker
1986,1019,equivalent
1986,1080,equivalent
1986,1609,equivalent
1986,1620,equivalent
1986,1651,weaker
1986,1710,weaker
1986,1988,equivalent
1986,2372,weaker
1986,2597,equivalent
1986,2892,weaker
1986,3113,weaker
1986,3263,weaker
1986,3709,weaker
1987,427,incomparable
1987,775,incomparable
1987,990,stronger
1987,1228,weaker
1987,1532,stronger
1987,1666,incomparable
1987,1985,stronger
1987,2627,stronger
1987,2956,incomparable
1987,3405,weaker
1987,3526,incomparable
1987,3601,incomparable
1987,3703,incomparable
1987,4477,incomparable
1987,4533,incomparable
1988,58,weaker
1988,187,equivalent
1988,269,weaker
1988,383,weaker
1988,473,weaker
1988,954,equivalent
1988,1036,weaker
1988,2228,equivalent
1988,2781,equivalent
1988,3817,weaker
1988,4063,weaker
1988,4311,weaker
1988,4520,weaker
1989,250,weaker
1989,703,weaker
1989,829,weaker
1989,1041,weaker
1989,1080,equivalent
1989,1714,equivalent
1989,1733,equivalent
1989,1995,equivalent
1989,2860,weaker
1989,3331,weaker
1989,3830,weaker
1989,4033,weaker
1989,4475,weaker
1989,4496,weaker
1990,364,weaker
1990,377,weaker
1990,402,weaker
1990,644,weaker
1990,1852,weaker
1990,1965,equivalent
1990,2042,weaker
1990,2170,weaker
1990,2355,weaker
1990,3113,weaker
1990,3180,weaker
1990,3337,weaker
1990,4352,weaker
1990,4563,weaker
1991,666,weaker
1991,1053,weaker
1991,1203,equivalent
1991,1212,weaker
1991,2042,weaker
1991,2111,weaker
1991,2228,equivalent
1991,2279,weaker
1991,2428,equivalent
1991,3049,equivalent
1991,3087,weaker
1991,3779,weaker
1991,4301,weaker
1991,4384,weaker
1991,4465,weaker
1991,4593,weaker
1992,66,incomparable
1992,413,weaker
1992,561,stronger
1992,671,stronger
1992,1084,stronger
1992,1099,stronger
1992,1445,incomparable
1992,2595,stronger
1992,2614,stronger
1992,3475,incomparable
1992,3755,incomparable
1992,4435,incomparable
1992,4460,incomparable
1993,470,stronger
1993,571,incomparable
1993,829,incomparable
1993,1213,stronger
1993,2503,incomparable
1993,2670,incomparable
1993,3224,stronger
1993,3880,incomparable
1993,4528,incomparable
1994,1651,weaker
1994,2509,weaker
1994,2875,weaker
1994,3070,weaker
1994,3200,equivalent
1994,3264,weaker
1994,3841,weaker
1994,4118,weaker
1994,4137,weaker
1995,96,equivalent
1995,623,weaker
1995,664,weaker
1995,707,weaker
1995,2066,weaker
1995,2809,equivalent
1995,3442,weaker
1995,4457,weaker
1996,260,incomparable
1996,680,incomparable
1996,821,incomparable
1996,923,stronger
1996,1351,stronger
1996,1918,stronger
1996,2148,stronger
1996,2164,incomparable
1996,2504,incomparable
1996,2891,incomparable
1996,3042,stronger
1996,4416,incomparable
1997,754,equivalent
1997,973,equivalent
1997,1471,weaker
1997,1745,equivalent
1997,1759,weaker
1997,2515,equivalent
1997,2704,equivalent
1997,3068,weaker
1997,3460,weaker
1997,3472,weaker
1997,4548,weaker
1998,961,equivalent
1998,1874,weaker
1998,2607,equivalent
1998,2819,equivalent
1998,3147,weaker
1998,3148,equivalent
1998,3457,weaker
1998,3563,weaker
1998,3661,weaker
1998,4166,weaker
1998,4306,weaker
1998,4495,weaker
1999,208,weaker
1999,998,equivalent
1999,1130,equivalent
1999,1448,weaker
1999,3110,equivalent
1999,3669,weaker
1999,4199,weaker
2000,187,stronger
2000,450,incomparable
2000,476,incomparable
2000,627,incomparable
2000,1058,incomparable
2000,1527,stronger
2000,2563,stronger
2000,2818,stronger
2000,3216,stronger
2000,4419,incomparable
2000,4578,incomparable
2000,4683,incomparable
2001,116,equivalent
2001,538,equivalent
2001,643,weaker
2001,1045,weaker
2001,1379,equivalent
2001,2361,equivalent
2001,2531,weaker
2001,3251,equivalent
2001,4657,weaker
2002,257,weaker
2002,549,weaker
2002,899,equivalent
2002,1832,weaker
2002,2062,weaker
2002,2499,weaker
2002,3213,equivalent
2002,3918,weaker
2003,313,weaker
2003,1139,equivalent
2003,1353,weaker
2003,1790,weaker
2003,2639,equivalent
2003,2643,equivalent
2003,3111,equivalent
2003,3200,equivalent
2003,3207,equivalent
2003,3213,equivalent
2003,3358,weaker
2003,4014,weaker
2003,4358,weaker
2003,4682,weaker
2003,4684,weaker
2004,1408,stronger
2004,2106,stronger
2004,3231,stronger
2004,4262,incomparable
2004,4263,weaker
2004,4315,incomparable
2005,97,equivalent
2005,306,equivalent
2005,451,weaker
2005,473,weaker
2005,682,weaker
2005,769,weaker
2005,982,equivalent
2005,1787,equivalent
2005,2253,weaker
2005,2518,equivalent
2005,3320,weaker
2005,3901,weaker
2006,195,equivalent
2006,507,equivalent
2006,1146,weaker
2006,1600,equivalent
2006,1945,weaker
2006,2205,equivalent
2006,2426,equivalent
2006,2829,equivalent
2006,3015,weaker
2006,3226,equivalent
2006,4044,weaker
2006,4274,weaker
2006,4439,weaker
2007,1362,equivalent
2007,1495,equivalent
2007,2143,equivalent
2007,2570,equivalent
2007,3452,weaker
2007,3955,weaker
2007,4457,weaker
2007,4689,weaker
2008,31,weaker
2008,80,equivalent
2008,320,weaker
2008,618,weaker
2008,709,weaker
2008,1546,equivalent
2008,1555,equivalent
2008,1807,equivalent
2008,1996,weaker
2008,2350,equivalent
2008,2949,weaker
2008,3709,weaker
2008,4543,weaker
2009,12,incomparable
2009,95,stronger
2009,915,stronger
2009,921,stronger
2009,985,incomparable
2009,1077,stronger
2009,2302,stronger
2009,2794,stronger
2009,3266,incomparable
2009,3643,incomparable
2009,4499,incomparable
2010,147,equivalent
2010,1327,equivalent
2010,1403,equivalent
2010,3001,equivalent
2010,3062,weaker
2010,3208,equivalent
2011,878,equivalent
2011,1728,weaker
2011,2544,equivalent
2011,3273,weaker
2011,3509,weaker
2011,4301,weaker
2011,4524,weaker
2012,1119,weaker
2012,1624,equivalent
2012,1919,equivalent
2012,2334,equivalent
2012,2543,weaker
2012,2735,equivalent
2012,3159,weaker
2012,3180,weaker
2012,3954,weaker
2012,4156,weaker
2012,4232,weaker
2013,1277,equivalent
2013,1778,equivalent
2013,1830,equivalent
2013,2019,weaker
2013,2884,weaker
2013,2887,weaker
2013,3509,weaker
2013,3547,weaker
2013,4261,weaker
2014,803,stronger
2014,1287,stronger
2014,3026,stronger
2014,3730,incomparable
2014,3748,incomparable
2014,4098,incomparable
2014,4385,incomparable
2015,159,weaker
2015,456,weaker
2015,882,weaker
2015,975,equivalent
2015,1542,equivalent
2015,1834,weaker
2015,2055,weaker
2015,2204,equivalent
2015,2402,weaker
2015,3005,equivalent
2015,3182,weaker
2015,3321,weaker
2015,3442,weaker
2015,3451,weaker
2015,3541,weaker
2015,3829,weaker
2015,4393,weaker
2015,4420,weaker
2015,4477,weaker
2016,488,equivalent
2016,1114,equivalent
2016,1891,equivalent
2016,3071,weaker
2016,3410,weaker
2016,3830,weaker
2016,4069,weaker
2017,118,weaker
2017,563,equivalent
2017,731,weaker
2017,756,equivalent
2017,1572,equivalent
2017,2456,weaker
2017,2550,weaker
2017,3090,weaker
2017,4196,weaker
2017,4379,weaker
2018,1013,equivalent
2018,1496,weaker
2018,1573,weaker
2018,2047,weaker
2018,2631,equivalent
2018,3188,weaker
2018,3846,weaker
2018,4238,weaker
2018,4611,weaker
2019,155,incomparable
2019,230,stronger
2019,317,incomparable
2019,365,incomparable
2019,815,stronger
2019,2075,incomparable
2019,3353,weaker
2019,3780,incomparable
2019,3801,incomparable
2019,4032,incomparable
2020,474,weaker
2020,506,weaker
2020,701,equivalent
2020,883,weaker
2020,1111,equivalent
2020,1423,equivalent
2020,1986,equivalent
2020,2273,weaker
2020,2486,weaker
2020,2598,equivalent
2020,2653,weaker
2020,3707,weaker
2020,4007,weaker
2021,468,equivalent
2021,592,equivalent
2021,1262,weaker
2021,2161,weaker
2021,3183,equivalent
2021,3527,weaker
2021,4186,weaker
2021,4558,weaker
2021,4575,weaker
2022,87,equivalent
2022,1042,weaker
2022,1269,weaker
2022,2227,weaker
2022,3067,weaker
2022,3593,weaker
2022,3928,weaker
2023,225,equivalent
2023,1066,weaker
2023,1581,weaker
2023,1726,weaker
2023,1874,weaker
2023,2137,weaker
2023,2146,weaker
2023,3094,weaker
2023,3538,weaker
2023,4306,weaker
2023,4493,weaker
2023,4593,weaker
2024,258,incomparable
2024,523,stronger
2024,842,incomparable
2024,1024,incomparable
2024,1281,stronger
2024,1284,stronger
2024,1785,stronger
2024,1864,incomparable
2024,1918,stronger
2024,1929,incomparable
2024,2709,incomparable
2024,2775,stronger
2024,2953,stronger
2024,3778,incomparable
2024,4274,incomparable
2024,4651,incomparable
2025,997,equivalent
2025,1778,equivalent
2025,2824,equivalent
2025,3351,weaker
2025,3519,weaker
2025,3582,weaker
2025,4159,weaker
2025,4197,weaker
2025,4231,weaker
2026,64,equivalent
2026,521,equivalent
2026,897,weaker
2026,1036,weaker
2026,1513,equivalent
2026,3280,weaker
2026,3425,weaker
2026,3736,weaker
2026,3759,weaker
2026,4015,weaker
2026,4214,weaker
2026,4598,weaker
2027,28,weaker
2027,70,equivalent
2027,472,equivalent
2027,832,weaker
2027,1115,weaker
2027,1927,weaker
2027,1986,equivalent
2027,2044,weaker
2028,156,weaker
2028,1067,weaker
2028,1448,weaker
2028,1683,equivalent
2028,1778,equivalent
2028,2299,equivalent
2028,2345,equivalent
2028,2950,equivalent
2028,3222,weaker
2028,3888,weaker
2028,3981,weaker
2028,4195,weaker
2028,4253,weaker
2028,4555,weaker
2029,89,stronger
2029,355,incomparable
2029,1019,stronger
2029,1830,stronger
2029,2860,incomparable
2029,3908,incomparable
2029,3919,incomparable
2029,4402,incomparable
2030,966,equivalent
2030,1033,weaker
2030,1564,weaker
2030,2263,weaker
2030,2296,weaker
2030,2913,weaker
2030,2947,weaker
2030,3899,weaker
2030,3954,weaker
2030,4148,weaker
2031,27,weaker
2031,1094,equivalent
2031,1939,equivalent
2031,2260,weaker
2031,2505,equivalent
2031,3545,weaker
2031,3740,weaker
2031,4024,weaker
2031,4547,weaker
2031,4581,weaker
2032,649,weaker
2032,877,equivalent
2032,1827,equivalent
2032,2239,weaker
2032,2257,weaker
2032,2941,equivalent
2032,3037,equivalent
2032,3107,equivalent
2032,3550,weaker
2032,3842,weaker
2032,4123,weaker
2032,4141,weaker
2033,271,weaker
2033,606,equivalent
2033,688,equivalent
2033,1996,weaker
2033,2059,weaker
2033,2637,equivalent
2033,2861,weaker
2033,3430,weaker
2033,3526,weaker
2033,4020,weaker
2033,4070,weaker
2033,4085,weaker
2034,750,equivalent
2034,1093,equivalent
2034,1239,weaker
2034,1484,weaker
2034,1671,weaker
2034,2736,weaker
2034,2794,equivalent
2034,2854,weaker
2034,2963,equivalent
2034,3025,equivalent
2034,3126,weaker
2034,3662,weaker
2034,3783,weaker
2034,3801,weaker
2034,4327,weaker
2034,4433,weaker
2034,4525,weaker
2035,159,incomparable
2035,709,incomparable
2035,862,stronger
2035,894,stronger
2035,2289,incomparable
2035,3686,incomparable
2035,4575,incomparable
2035,4620,incomparable
2036,705,stronger
2036,819,incomparable
2036,2006,stronger
2036,2116,incomparable
2036,2277,incomparable
2036,2691,incomparable
2036,2764,stronger
2036,3240,stronger
2036,3709,incomparable
2036,4078,incomparable
2036,4240,incomparable
2036,4323,incomparable
2037,562,incomparable
2037,1314,stronger
2037,1460,incomparable
2037,2518,stronger
2037,2666,incomparable
2037,3094,incomparable
2037,3372,incomparable
2037,3586,incomparable
2037,3611,incomparable
2037,3878,incomparable
2038,132,stronger
2038,707,incomparable
2038,913,stronger
2038,1576,stronger
2038,2099,stronger
2038,2273,incomparable
2038,2526,stronger
2038,2574,stronger
2038,2689,stronger
2038,2799,incomparable
2038,2869,stronger
2038,3230,stronger
2038,3450,incomparable
2038,3501,incomparable
2038,3664,incomparable
2038,4054,incomparable
2038,4148,incomparable
2038,4318,incomparable
2039,1243,incomparable
2039,1850,incomparable
2039,3586,incomparable
2039,4424,incomparable
2039,4613,incomparable
2040,35,stronger
2040,222,incomparable
2040,310,incomparable
2040,578,stronger
2040,662,stronger
2040,859,stronger
2040,1149,stronger
2040,2460,incomparable
2040,2489,incomparable
2040,2583,stronger
2040,3439,incomparable
2040,3750,incomparable
2040,3789,incomparable
2040,4095,incomparable
2041,62,incomparable
2041,777,stronger
2041,995,stronger
2041,1175,incomparable
2041,1190,stronger
2041,1226,incomparable
2041,2548,stronger
2041,2889,stronger
2041,3191,stronger
2041,3667,incomparable
2042,537,incomparable
2042,1038,incomparable
2042,1489,incomparable
2042,1916,incomparable
2042,4343,incomparable
2042,4527,incomparable
2043,1054,stronger
2043,1446,incomparable
2043,1765,stronger
2043,2298,stronger
2043,2390,stronger
2043,2977,stronger
2043,3515,incomparable
2043,3791,incomparable
2044,232,stronger
2044,1021,incomparable
2044,1275,incomparable
2044,1399,stronger
2044,1722,incomparable
2044,2333,incomparable
2044,3860,incomparable
2044,3882,incomparable
2044,3961,incomparable
2044,4309,incomparable
2045,1919,stronger
2045,1954,stronger
2045,2251,incomparable
2045,3384,incomparable
2045,3588,incomparable
2045,4280,incomparable
2045,4445,incomparable
2046,336,incomparable
2046,454,incomparable
2046,1059,incomparable
2046,2569,stronger
2046,3439,incomparable
2046,3853,incomparable
2047,193,stronger
2047,1313,incomparable
2047,1485,incomparable
2047,1638,incomparable
2047,2154,stronger
2047,2454,incomparable
2047,4145,incomparable
2048,1273,stronger
2048,1714,stronger
2048,2679,weaker
2048,3640,incomparable
2048,3695,incomparable
2048,4291,incomparable
2048,4318,weaker
2048,4577,incomparable
2049,607,stronger
2049,824,incomparable
2049,1219,stronger
2049,1995,stronger
2049,2294,incomparable
2049,3581,incomparable
2049,3763,incomparable
2049,3859,incomparable
2049,3910,incomparable
2049,4033,incomparable
2049,4204,incomparable
2049,4230,incomparable
2050,459,stronger
2050,541,incomparable
2050,1354,stronger
2050,1666,incomparable
2050,2485,incomparable
2050,4006,incomparable
2050,4139,incomparable
2050,4368,incomparable
2050,4403,incomparable
2051,576,stronger
2051,1237,incomparable
2051,1371,stronger
2051,1510,incomparable
2051,1925,incomparable
2051,2262,incomparable
2051,2361,stronger
2051,2534,incomparable
2051,2571,incomparable
2051,2843,stronger
2051,2882,incomparable
2051,3211,stronger
2051,3376,incomparable
2051,3570,incomparable
2051,4527,incomparable
2052,706,incomparable
2052,1721,incomparable
2052,2808,incomparable
2052,2915,incomparable
2052,3773,incomparable
2052,4140,incomparable
2052,4225,incomparable
2053,229,incomparable
2053,603,incomparable
2053,619,incomparable
2053,735,incomparable
2053,1078,stronger
2053,2312,stronger
2053,4202,incomparable
2053,4319,incomparable
2053,4542,incomparable
2054,135,stronger
2054,385,incomparable
2054,1563,stronger
2054,2347,incomparable
2054,2446,incomparable
2054,3057,incomparable
2054,3566,incomparable
2054,4394,incomparable
2055,577,stronger
2055,1364,stronger
2055,1877,incomparable
2055,2688,incomparable
2055,2727,stronger
2055,2974,stronger
2055,4412,incomparable
2055,4535,incomparable
2056,133,stronger
2056,341,incomparable
2056,389,incomparable
2056,737,stronger
2056,754,stronger
2056,1338,stronger
2056,1471,incomparable
2056,1482,incomparable
2056,2358,stronger
2056,2647,incomparable
2056,3148,stronger
2057,320,incomparable
2057,378,incomparable
2057,409,incomparable
2057,454,incomparable
2057,688,stronger
2057,1229,incomparable
2057,1497,stronger
2057,1537,incomparable
2057,2246,incomparable
2057,2379,stronger
2057,2694,equivalent
2057,2929,stronger
2057,3596,incomparable
2057,3968,incomparable
2058,1052,incomparable
2058,1460,incomparable
2058,1627,stronger
2058,2193,stronger
2058,2459,incomparable
2058,2651,equivalent
2058,2856,weaker
2058,2939,incomparable
2058,4259,incomparable
2058,4436,incomparable
2058,4658,incomparable
2059,446,incomparable
2059,465,stronger
2059,515,stronger
2059,1407,stronger
2059,1709,incomparable
2059,2149,stronger
2059,2422,stronger
2059,2708,stronger
2059,2723,stronger
2059,2884,equivalent
2059,3175,stronger
2059,3178,stronger
2059,3787,incomparable
2059,4100,incomparable
2059,4146,incomparable
2059,4403,incomparable
2059,4519,incomparable
2059,4520,incomparable
2059,4637,incomparable
2060,861,incomparable
2060,1046,incomparable
2060,2105,incomparable
2060,2139,stronger
2060,2250,incomparable
2060,2316,incomparable
2060,3094,incomparable
2060,3640,incomparable
2060,3932,incomparable
2061,991,stronger
2061,1345,stronger
2061,2190,incomparable
2061,2760,stronger
2061,3139,incomparable
2061,3210,incomparable
2061,3444,incomparable
2061,4083,incomparable
2061,4326,incomparable
2061,4662,incomparable
2062,760,stronger
2062,971,stronger
2062,1848,incomparable
2062,3027,stronger
2062,3051,incomparable
2062,3179,stronger
2062,3424,incomparable
2062,3786,incomparable
2062,4614,incomparable
2063,19,stronger
2063,286,stronger
2063,449,stronger
2063,715,stronger
2063,2889,stronger
2063,3050,incomparable
2063,3386,incomparable
2063,3821,incomparable
2063,3899,incomparable
2063,4153,incomparable
2064,145,stronger
2064,443,incomparable
2064,608,incomparable
2064,773,stronger
2064,1229,incomparable
2064,2447,incomparable
2064,3074,incomparable
2064,3100,incomparable
2065,893,incomparable
2065,1383,incomparable
2065,1451,incomparable
2065,1615,stronger
2065,1843,incomparable
2065,2242,incomparable
2065,2739,incomparable
2065,3271,incomparable
2066,1791,stronger
2066,2118,stronger
2066,2342,stronger
2066,2448,incomparable
2066,3291,incomparable
2066,3317,incomparable
2066,3356,incomparable
2066,3650,incomparable
2066,4260,incomparable
2067,178,stronger
2067,447,stronger
2067,1437,incomparable
2067,1874,incomparable
2067,2467,incomparable
2067,2643,stronger
2067,2980,stronger
2067,4533,incomparable
2068,162,incomparable
2068,1124,stronger
2068,1728,incomparable
2068,3104,stronger
2068,3504,incomparable
2068,3573,incomparable
2068,3736,incomparable
2068,3976,incomparable
2068,3998,incomparable
2068,4502,incomparable
2068,4591,incomparable
2068,4629,incomparable
2069,839,incomparable
2069,1051,incomparable
2069,1156,stronger
2069,1221,stronger
2069,1437,incomparable
2069,1749,stronger
2069,1770,stronger
2069,2219,stronger
2069,2309,stronger
2069,2956,incomparable
2069,3057,incomparable
2070,349,incomparable
2070,412,incomparable
2070,887,incomparable
2070,983,stronger
2070,1003,stronger
2070,1014,incomparable
2070,1060,incomparable
2070,1309,stronger
2070,1443,incomparable
2070,2461,incomparable
2070,2567,incomparable
2070,2633,stronger
2070,3088,incomparable
2070,3789,incomparable
2070,4187,incomparable
2071,468,stronger
2071,545,incomparable
2071,626,incomparable
2071,1207,incomparable
2071,1633,incomparable
2071,1996,incomparable
2071,2106,stronger
2071,2432,stronger
2071,2675,weaker
2071,3102,incomparable
2071,3188,incomparable
2071,4012,incomparable
2071,4036,incomparable
2071,4265,incomparable
2072,823,incomparable
2072,1682,incomparable
2072,2189,stronger
2072,2231,stronger
2072,2467,incomparable
2072,2546,incomparable
2072,3175,stronger
2072,3463,weaker
2072,3713,incomparable
2072,3840,incomparable
2072,4013,incomparable
2072,4029,incomparable
2072,4067,incomparable
2072,4237,incomparable
2072,4421,incomparable
2072,4687,incomparable
2073,180,stronger
2073,724,stronger
2073,1344,incomparable
2073,1354,stronger
2073,1612,stronger
2073,2469,incomparable
2073,2530,incomparable
2073,3431,incomparable
2073,4176,incomparable
2074,95,stronger
2074,653,incomparable
2074,1338,stronger
2074,2001,stronger
2074,2296,incomparable
2074,2399,incomparable
2074,2552,incomparable
2074,3421,incomparable
2074,3526,incomparable
2074,3623,incomparable
2074,4130,incomparable
2074,4254,incomparable
2074,4600,incomparable
2075,458,incomparable
2075,1132,stronger
2075,1380,stronger
2075,1721,incomparable
2075,1781,stronger
2075,1904,incomparable
2075,1912,incomparable
2075,1915,stronger
2075,2026,stronger
2075,2033,stronger
2075,2543,incomparable
2075,2675,weaker
2075,3936,incomparable
2075,4402,incomparable
2076,123,stronger
2076,354,incomparable
2076,2606,stronger
2076,2618,incomparable
2076,2677,weaker
2076,2892,stronger
2076,3476,incomparable
2076,3581,incomparable
2076,3592,incomparable
2076,4185,incomparable
2077,799,stronger
2077,862,stronger
2077,1137,incomparable
2077,1230,incomparable
2077,1811,incomparable
2077,2176,stronger
2077,2418,stronger
2077,2500,stronger
2077,2978,stronger
2077,3134,incomparable
2078,212,incomparable
2078,379,incomparable
2078,682,incomparable
2078,687,stronger
2078,706,incomparable
2078,792,stronger
2078,1122,incomparable
2078,1248,incomparable
2078,1505,stronger
2078,1506,incomparable
2078,1750,stronger
2078,1838,incomparable
2078,1879,incomparable
2078,1888,incomparable
2078,3248,stronger
2078,3446,incomparable
2078,3514,incomparable
2078,4125,incomparable
2079,200,stronger
2079,243,stronger
2079,1071,stronger
2079,1397,stronger
2079,2473,incomparable
2079,2643,stronger
2079,3072,incomparable
2079,3553,incomparable
2079,3565,incomparable
2079,4430,incomparable
2080,199,stronger
2080,353,incomparable
2080,1240,incomparable
2080,2425,incomparable
2080,2454,incomparable
2080,2517,incomparable
2080,3173,stronger
2080,4298,incomparable
2081,32,stronger
2081,792,stronger
2081,2488,incomparable
2081,2632,stronger
2081,2966,stronger
2081,3007,incomparable
2081,3500,incomparable
2081,3557,incomparable
2081,3799,incomparable
2081,4361,weaker
2081,4408,incomparable
2082,41,incomparable
2082,575,incomparable
2082,699,stronger
2082,1835,incomparable
2082,2145,stronger
2082,3015,stronger
2082,3287,incomparable
2082,3451,incomparable
2082,4134,incomparable
2083,133,stronger
2083,415,incomparable
2083,559,stronger
2083,1724,incomparable
2083,2546,incomparable
2083,3111,stronger
2083,3222,incomparable
2083,3389,incomparable
2083,4057,incomparable
2084,810,stronger
2084,845,incomparable
2084,933,stronger
2084,1114,stronger
2084,1198,stronger
2084,1298,stronger
2084,1776,incomparable
2084,2211,stronger
2084,3351,incomparable
2084,3625,incomparable
2084,4079,incomparable
2085,1369,stronger
2085,2012,stronger
2085,3026,stronger
2085,3417,incomparable
2085,3555,incomparable
2085,3569,incomparable
2085,4312,incomparable
2085,4328,incomparable
2086,34,incomparable
2086,530,stronger
2086,1534,stronger
2086,2594,stronger
2086,2624,stronger
2086,3305,weaker
2086,4382,incomparable
2086,4578,incomparable
2087,273,incomparable
2087,820,incomparable
2087,953,stronger
2087,1089,stronger
2087,1565,stronger
2087,1768,stronger
2087,2032,stronger
2087,2506,incomparable
2087,2814,stronger
2087,3611,incomparable
2087,4088,incomparable
2087,4654,incomparable
2088,210,incomparable
2088,781,stronger
2088,965,stronger
2088,2104,stronger
2088,2161,incomparable
2088,2756,stronger
2088,3520,incomparable
2088,4534,incomparable
2089,246,incomparable
2089,511,incomparable
2089,598,incomparable
2089,712,stronger
2089,949,incomparable
2089,1240,incomparable
2089,1408,stronger
2089,1451,incomparable
2089,2187,stronger
2089,2599,stronger
2089,2793,stronger
2089,3012,stronger
2089,3649,incomparable
2089,3742,incomparable
2090,299,stronger
2090,999,incomparable
2090,1418,stronger
2090,2059,incomparable
2090,2753,incomparable
2090,2782,incomparable
2090,3298,incomparable
2090,3416,incomparable
2090,3689,incomparable
2090,3855,incomparable
2090,4029,incomparable
2091,583,incomparable
2091,1216,stronger
2091,1283,stronger
2091,2244,incomparable
2091,2519,incomparable
2091,3857,incomparable
2091,4063,incomparable
2092,564,equivalent
2092,711,weaker
2092,772,equivalent
2092,1384,weaker
2092,3039,weaker
2092,3411,weaker
2092,4038,weaker
2092,4072,weaker
2093,467,incomparable
2093,665,incomparable
2093,978,incomparable
2093,1746,incomparable
2093,1763,incomparable
2093,1783,stronger
2093,2165,incomparable
2093,2388,stronger
2093,3383,incomparable
2093,3637,incomparable
2093,4348,incomparable
2094,350,weaker
2094,1294,equivalent
2094,1368,weaker
2094,1370,weaker
2094,1442,weaker
2094,1870,weaker
2094,2924,equivalent
2094,3443,weaker
2094,4310,weaker
2095,842,weaker
2095,974,equivalent
2095,1116,equivalent
2095,1539,weaker
2095,1606,equivalent
2095,2152,weaker
2095,2599,equivalent
2095,3146,equivalent
2095,3373,weaker
2095,3407,weaker
2095,4404,weaker
2096,357,weaker
2096,1554,equivalent
2096,1733,equivalent
2096,2074,weaker
2096,2639,equivalent
2096,2647,weaker
2096,2895,weaker
2096,3205,weaker
2096,3280,weaker
2096,3501,weaker
2096,4031,weaker
2096,4427,weaker
2097,868,incomparable
2097,3474,incomparable
2097,4069,incomparable
2097,4164,incomparable
2097,4334,incomparable
2097,4341,incomparable
2098,472,stronger
2098,1200,stronger
2098,1281,incomparable
2098,1353,incomparable
2098,1369,stronger
2098,1446,incomparable
2098,2288,incomparable
2098,2981,incomparable
2098,3045,stronger
2098,3275,incomparable
2098,3291,incomparable
2098,3896,incomparable
2098,4021,incomparable
2098,4677,incomparable
2099,219,weaker
2099,388,weaker
2099,664,weaker
2099,789,equivalent
2099,1726,weaker
2099,2326,equivalent
2099,2709,weaker
2099,3570,weaker
2099,3980,weaker
2100,351,incomparable
2100,502,stronger
2100,553,stronger
2100,663,incomparable
2100,1026,incomparable
2100,1253,incomparable
2100,1684,incomparable
2100,2336,stronger
2100,3059,incomparable
2100,3381,incomparable
2100,4166,incomparable
2100,4435,incomparable
2100,4460,incomparable
2100,4627,incomparable
2101,358,incomparable
2101,659,incomparable
2101,1123,stronger
2101,1355,incomparable
2101,2003,stronger
2101,2650,incomparable
2101,3006,stronger
2101,3617,incomparable
2101,4659,incomparable
2101,4680,incomparable
2102,333,weaker
2102,1093,equivalent
2102,1104,weaker
2102,1178,equivalent
2102,1267,weaker
2102,2282,weaker
2102,3107,equivalent
2102,3463,weaker
2102,3778,weaker
2102,4625,weaker
2103,98,stronger
2103,145,stronger
2103,161,incomparable
2103,238,incomparable
2103,331,incomparable
2103,1887,weaker
2103,1985,stronger
2103,2087,weaker
2103,3069,incomparable
2103,3090,incomparable
2103,3714,incomparable
2103,3960,incomparable
2103,4039,incomparable
2103,4179,weaker
2103,4347,incomparable
2103,4412,incomparable
2103,4581,incomparable
2104,269,weaker
2104,993,equivalent
2104,1026,weaker
2104,1198,equivalent
2104,1426,weaker
2104,1971,equivalent
2104,3699,weaker
2104,4288,weaker
2105,2501,stronger
2105,2911,stronger
2105,3177,stronger
2105,3311,incomparable
2106,670,weaker
2106,1490,equivalent
2106,1509,equivalent
2106,1850,weaker
2106,2362,equivalent
2106,2439,equivalent
2106,2570,equivalent
2106,3059,weaker
2106,3213,equivalent
2106,4466,weaker
2107,174,stronger
2107,1560,incomparable
2107,2505,stronger
2107,2604,stronger
2107,2837,stronger
2107,3417,incomparable
2107,3825,incomparable
2108,1155,weaker
2108,1485,weaker
2108,1893,equivalent
2108,2643,equivalent
2108,3360,weaker
2108,4261,weaker
2109,90,weaker
2109,94,weaker
2109,175,equivalent
2109,286,weaker
2109,540,equivalent
2109,619,weaker
2109,813,equivalent
2109,1145,equivalent
2109,1322,weaker
2109,1336,weaker
2109,1646,weaker
2109,2143,equivalent
2109,2883,weaker
2109,3112,weaker
2109,3605,weaker
2109,4119,weaker
2109,4164,weaker
2109,4420,weaker
2110,174,equivalent
2110,427,weaker
2110,523,equivalent
2110,2376,weaker
2110,2396,equivalent
2110,2441,weaker
2110,2618,weaker
2110,3629,weaker
2110,3658,weaker
2110,3982,weaker
2110,4331,weaker
2111,661,incomparable
2111,670,incomparable
2111,1039,incomparable
2111,1050,incomparable
2111,1961,stronger
2111,2106,stronger
2111,2207,equivalent
2111,2324,stronger
2111,3231,stronger
2111,3460,incomparable
2111,3471,incomparable
2111,4018,weaker
2112,352,weaker
2112,1146,weaker
2112,1308,equivalent
2112,1348,equivalent
2112,1496,weaker
2112,2257,weaker
2112,2389,weaker
2112,2819,equivalent
2112,3524,weaker
2112,3553,weaker
2112,3873,weaker
2112,4027,weaker
2113,658,weaker
2113,671,stronger
2113,991,stronger
2113,1298,stronger
2113,2201,stronger
2113,2332,stronger
2113,2755,weaker
2113,2757,incomparable
2113,3018,stronger
2113,3202,stronger
2113,3515,incomparable
2114,424,weaker
2114,543,weaker
2114,925,equivalent
2114,1155,weaker
2114,1253,weaker
2114,1470,weaker
2114,1609,equivalent
2114,2121,equivalent
2114,2707,weaker
2114,2859,weaker
2114,3215,equivalent
2114,3904,weaker
2114,4075,weaker
2114,4233,weaker
2114,4394,weaker
2114,4444,weaker
2115,259,incomparable
2115,976,stronger
2115,1751,stronger
2115,1863,incomparable
2115,1964,incomparable
2115,2020,stronger
2115,2030,stronger
2115,2171,stronger
2115,2793,stronger
2115,3122,incomparable
2115,4015,incomparable
2115,4082,incomparable
2116,20,stronger
2116,750,stronger
2116,1356,stronger
2116,3317,incomparable
2116,3713,incomparable
2116,4156,incomparable
2116,4474,incomparable
2117,121,equivalent
2117,214,weaker
2117,353,weaker
2117,786,weaker
2117,938,weaker
2117,1061,weaker
2117,2042,weaker
2117,3077,weaker
2117,3169,equivalent
2117,4455,weaker
2118,1432,weaker
2118,1434,weaker
2118,1644,weaker
2118,1749,equivalent
2118,2772,equivalent
2118,3091,weaker
2118,3184,weaker
2118,3836,weaker
2119,1384,incomparable
2119,2424,stronger
2119,3166,stronger
2119,4034,incomparable
2120,88,equivalent
2120,686,weaker
2120,2184,equivalent
2120,2391,equivalent
2120,2529,equivalent
2120,2533,weaker
2120,3340,weaker
2120,3570,weaker
2121,629,weaker
2121,927,equivalent
2121,1385,equivalent
2121,1459,weaker
2121,1750,weaker
2121,2601,weaker
2121,2944,weaker
2121,3433,weaker
2121,3515,weaker
2121,3861,weaker
2121,4350,weaker
2121,4583,weaker
2122,131,equivalent
2122,281,weaker
2122,571,weaker
2122,918,equivalent
2122,1339,equivalent
2122,1973,equivalent
2122,2544,equivalent
2122,2752,equivalent
2122,2910,weaker
2122,2982,weaker
2122,3772,weaker
2122,3954,weaker
2122,4075,weaker
2123,15,equivalent
2123,196,equivalent
2123,1811,weaker
2123,2396,equivalent
2123,2399,weaker
2123,2805,weaker
2123,3446,weaker
2123,3547,weaker
2124,975,stronger
2124,2552,incomparable
2124,4310,incomparable
2124,4421,incomparable
2125,541,incomparable
2125,785,stronger
2125,988,stronger
2125,1350,stronger
2125,1949,incomparable
2125,2536,incomparable
2126,815,stronger
2126,1663,incomparable
2126,1712,stronger
2126,2129,stronger
2126,2612,stronger
2126,2766,stronger
2126,3433,incomparable
2126,4360,incomparable
2127,14,incomparable
2127,413,incomparable
2127,781,stronger
2127,1149,stronger
2127,1280,stronger
2127,1991,stronger
2127,2693,incomparable
2127,3375,incomparable
2127,3865,incomparable
2127,4107,incomparable
2127,4169,incomparable
2127,4369,incomparable
2127,4546,incomparable
2128,234,incomparable
2128,424,incomparable
2128,1216,stronger
2128,1522,stronger
2128,1576,stronger
2128,2150,stronger
2128,2630,stronger
2128,3256,incomparable
2128,3386,incomparable
2128,3820,incomparable
2128,4458,incomparable
2129,623,weaker
2129,934,weaker
2129,1413,equivalent
2129,1795,equivalent
2129,2423,equivalent
2129,3005,equivalent
2129,3012,equivalent
2129,4022,weaker
2129,4149,weaker
2130,336,incomparable
2130,426,weaker
2130,669,incomparable
2130,1049,incomparable
2130,1623,incomparable
2130,2853,incomparable
2130,3986,incomparable
2130,4160,incomparable
2130,4390,incomparable
2130,4642,weaker
2131,302,weaker
2131,1818,equivalent
2131,1875,weaker
2131,2253,weaker
2131,2307,equivalent
2131,2428,equivalent
2131,2598,equivalent
2131,2890,weaker
2131,2897,weaker
2131,3441,weaker
2132,105,incomparable
2132,913,stronger
2132,1781,stronger
2132,2020,stronger
2132,2247,incomparable
2132,2692,incomparable
2132,2743,incomparable
2132,2995,stronger
2132,3094,incomparable
2132,3924,incomparable
2132,4511,incomparable
2133,52,weaker
2133,223,equivalent
2133,410,weaker
2133,672,weaker
2133,829,weaker
2133,1647,weaker
2133,2914,equivalent
2133,3150,weaker
2133,3177,equivalent
2133,3379,weaker
2133,3550,weaker
2133,3793,weaker
2133,3805,weaker
2133,3955,weaker
2134,80,stronger
2134,376,incomparable
2134,1692,incomparable
2134,1735,stronger
2134,1756,stronger
2134,1811,stronger
2134,1844,incomparable
2134,2293,incomparable
2134,2527,stronger
2134,2889,incomparable
2134,3668,incomparable
2134,4053,incomparable
2134,4608,incomparable
2135,247,stronger
2135,277,stronger
2135,568,stronger
2135,590,stronger
2135,876,stronger
2135,1617,stronger
2135,2686,incomparable
2135,2782,incomparable
2135,3383,incomparable
2135,4041,incomparable
2136,1468,weaker
2136,2286,weaker
2136,2864,weaker
2136,4077,weaker
2136,4214,weaker
2136,4632,weaker
2137,120,stronger
2137,426,incomparable
2137,490,stronger
2137,1047,incomparable
2137,1054,incomparable
2137,1429,incomparable
2137,1547,incomparable
2137,1908,stronger
2137,2041,incomparable
2137,2899,incomparable
2137,3324,incomparable
2137,3457,incomparable
2137,3477,incomparable
2137,4222,incomparable
2138,948,equivalent
2138,2594,equivalent
2138,2694,weaker
2138,4179,weaker
2138,4534,weaker
2138,4592,weaker
2139,51,weaker
2139,419,weaker
2139,1949,weaker
2139,2163,weaker
2139,2179,equivalent
2139,2192,equivalent
2139,2209,equivalent
2139,2976,equivalent
2139,3554,weaker
2139,3769,weaker
2139,4657,weaker
2140,104,weaker
2140,173,stronger
2140,354,incomparable
2140,655,incomparable
2140,877,stronger
2140,1601,stronger
2140,1793,weaker
2140,1871,weaker
2140,2144,equivalent
2140,2191,stronger
2140,3171,stronger
2140,3613,incomparable
2140,3844,incomparable
2140,4535,incomparable
2141,11,weaker
2141,324,weaker
2141,2341,equivalent
2141,3255,weaker
2141,3526,weaker
2141,4651,weaker
2142,3,weaker
2142,125,weaker
2142,302,weaker
2142,400,weaker
2142,1567,equivalent
2142,1594,weaker
2142,1986,equivalent
2142,2240,weaker
2142,2841,weaker
2142,3407,weaker
2142,3494,weaker
2142,4114,weaker
2142,4303,weaker
2142,4305,weaker
2143,204,weaker
2143,719,weaker
2143,1571,weaker
2143,2025,equivalent
2143,2040,weaker
2143,2170,weaker
2143,2901,equivalent
2143,3469,weaker
2143,4391,weaker
2144,61,incomparable
2144,524,weaker
2144,1053,incomparable
2144,1190,stronger
2144,1785,stronger
2144,1913,incomparable
2144,2118,stronger
2144,2312,stronger
2144,2393,stronger
2144,2918,stronger
2144,3347,incomparable
2144,3434,incomparable
2144,3461,incomparable
2144,3644,incomparable
2144,3722,incomparable
2144,4000,incomparable
2144,4035,weaker
2144,4530,incomparable
2145,940,equivalent
2145,1084,equivalent
2145,1543,weaker
2145,1639,weaker
2145,1758,equivalent
2145,2166,equivalent
2145,2296,weaker
2145,2800,equivalent
2145,3236,equivalent
2145,3541,weaker
2145,4455,weaker
2146,449,incomparable
2146,583,incomparable
2146,1075,incomparable
2146,1121,stronger
2146,1208,stronger
2146,1322,incomparable
2146,2609,incomparable
2146,2635,stronger
2146,2932,stronger
2146,3384,incomparable
2146,3445,incomparable
2146,3515,incomparable
2146,3925,incomparable
2146,4237,incomparable
2146,4464,incomparable
2146,4526,incomparable
2146,4583,incomparable
2147,236,equivalent
2147,776,equivalent
2147,778,weaker
2147,944,equivalent
2147,1300,equivalent
2147,1557,equivalent
2147,1642,weaker
2147,1867,weaker
2147,2256,weaker
2147,2410,weaker
2147,2485,weaker
2147,2535,equivalent
2147,3154,equivalent
2147,3529,weaker
2147,3753,weaker
2147,3769,weaker
2147,3820,weaker
2147,4212,weaker
2147,4498,weaker
2147,4519,weaker
2147,4557,weaker
2148,10,weaker
2148,476,weaker
2148,1035,weaker
2148,1493,stronger
2148,1508,stronger
2148,2024,weaker
2148,2165,weaker
2148,2306,incomparable
2148,2918,stronger
2148,2939,incomparable
2148,3357,incomparable
2148,3730,incomparable
2148,3746,incomparable
2148,4433,incomparable
2149,427,weaker
2149,499,equivalent
2149,653,weaker
2149,1033,weaker
2149,2709,weaker
2149,2919,weaker
2149,3172,equivalent
2149,3181,equivalent
2149,3750,weaker
2149,4220,weaker
2149,4389,weaker
2150,344,weaker
2150,846,weaker
2150,922,weaker
2150,1161,equivalent
2150,2079,weaker
2150,2226,equivalent
2150,2304,weaker
2150,3634,weaker
2150,4628,weaker
2151,253,equivalent
2151,1129,weaker
2151,2902,weaker
2151,3391,weaker
2151,3875,weaker
2151,4032,weaker
2151,4168,weaker
2152,11,incomparable
2152,335,incomparable
2152,1409,stronger
2152,1629,incomparable
2152,3004,stronger
2152,3033,stronger
2152,3562,incomparable
2153,100,weaker
2153,486,equivalent
2153,823,weaker
2153,1954,equivalent
2153,2016,equivalent
2153,2025,equivalent
2153,2304,weaker
2153,2555,equivalent
2153,2619,equivalent
2153,2801,equivalent
2153,2851,weaker
2153,2894,weaker
2153,3470,weaker
2153,3591,weaker
2153,3825,weaker
2153,4390,weaker
2154,155,weaker
2154,241,equivalent
2154,406,weaker
2154,644,weaker
2154,2354,equivalent
2154,2466,weaker
2154,2699,weaker
2154,3175,equivalent
2154,3176,weaker
2154,3258,weaker
2154,3567,weaker
2155,322,weaker
2155,696,equivalent
2155,776,equivalent
2155,841,weaker
2155,1041,weaker
2155,1150,weaker
2155,1327,equivalent
2155,2119,weaker
2155,2829,equivalent
2155,3080,weaker
2155,3362,weaker
2155,4214,weaker
2155,4617,weaker
2155,4660,weaker
2156,121,stronger
2156,300,stronger
2156,472,stronger
2156,1633,incomparable
2156,1837,weaker
2156,2029,equivalent
2156,2146,incomparable
2156,2241,incomparable
2156,2245,incomparable
2156,3097,incomparable
2156,3231,stronger
2156,3866,incomparable
2156,4149,incomparable
2156,4317,incomparable
2157,771,equivalent
2157,1290,equivalent
2157,1409,equivalent
2157,1950,equivalent
2157,3582,weaker
2157,4302,weaker
2158,577,equivalent
2158,601,equivalent
2158,805,equivalent
2158,2087,weaker
2158,3168,equivalent
2158,3348,weaker
2158,3968,weaker
2159,27,weaker
2159,756,equivalent
2159,1301,weaker
2159,1704,equivalent
2159,1924,weaker
2159,1970,weaker
2159,2166,equivalent
2159,2806,equivalent
2159,2852,weaker
2159,2903,weaker
2159,3316,weaker
2159,3549,weaker
2159,4410,weaker
2159,4547,weaker
2160,284,equivalent
2160,461,weaker
2160,500,weaker
2160,775,weaker
2160,1454,weaker
2160,2014,weaker
2160,2051,weaker
2160,2251,weaker
2160,2384,equivalent
2160,2567,weaker
2160,3057,weaker
2160,3176,weaker
2160,3961,weaker
2160,4260,weaker
2161,780,stronger
2161,931,stronger
2161,1766,stronger
2161,1852,incomparable
2161,3112,incomparable
2161,3378,incomparable
2161,3424,incomparable
2161,3681,incomparable
2161,3791,incomparable
2161,4494,incomparable
2162,385,incomparable
2162,651,incomparable
2162,1540,stronger
2162,1899,stronger
2162,1909,stronger
2162,2588,incomparable
2162,2791,incomparable
2162,3364,incomparable
2162,4656,incomparable
2162,4682,incomparable
2163,169,incomparable
2163,1343,stronger
2163,1348,stronger
2163,1786,stronger
2163,2035,weaker
2163,2161,incomparable
2163,2363,stronger
2163,3016,stronger
2163,3284,incomparable
2163,3332,incomparable
2163,3572,incomparable
2163,3745,incomparable
2164,603,incomparable
2164,1413,stronger
2164,2297,stronger
2164,2351,incomparable
2164,3245,stronger
2164,3456,weaker
2164,3735,incomparable
2164,3937,incomparable
2164,4156,incomparable
2164,4328,incomparable
2164,4440,incomparable
2164,4666,incomparable
2164,4679,incomparable
2165,659,incomparable
2165,876,stronger
2165,1153,stronger
2165,1177,stronger
2165,1278,incomparable
2165,2153,stronger
2165,2466,incomparable
2165,3152,incomparable
2165,3292,incomparable
2165,3409,incomparable
2165,3562,incomparable
2165,4106,incomparable
2165,4399,incomparable
2166,1473,weaker
2166,1691,weaker
2166,2118,equivalent
2166,2131,equivalent
2166,2167,weaker
2166,2568,equivalent
2166,2600,equivalent
2166,2669,weaker
2166,2957,equivalent
2166,2984,equivalent
2166,3026,equivalent
2166,3036,equivalent
2166,3648,weaker
2166,4228,weaker
2167,329,incomparable
2167,1067,incomparable
2167,1285,incomparable
2167,1633,incomparable
2167,2446,incomparable
2167,3139,incomparable
2167,3169,stronger
2168,431,weaker
2168,1086,weaker
2168,1404,equivalent
2168,1662,weaker
2168,1695,weaker
2168,1758,equivalent
2168,1854,weaker
2168,2019,weaker
2168,2851,weaker
2168,3165,equivalent
2168,3822,weaker
2168,3901,weaker
2169,738,stronger
2169,1521,incomparable
2169,1949,incomparable
2169,2082,incomparable
2169,2837,stronger
2169,4164,incomparable
2169,4439,incomparable
2170,176,incomparable
2170,424,incomparable
2170,691,stronger
2170,749,incomparable
2170,978,incomparable
2170,1166,stronger
2170,1192,incomparable
2170,1303,incomparable
2170,1497,stronger
2170,2380,stronger
2170,3227,incomparable
2171,237,equivalent
2171,273,weaker
2171,293,equivalent
2171,335,weaker
2171,762,equivalent
2171,1754,equivalent
2171,2479,weaker
2171,2676,weaker
2171,2887,weaker
2171,3185,weaker
2171,3502,weaker
2172,429,weaker
2172,559,equivalent
2172,1045,weaker
2172,2284,weaker
2172,2714,weaker
2172,2766,equivalent
2172,4355,weaker
2173,984,stronger
2173,1977,incomparable
2173,2137,weaker
2173,2307,stronger
2173,2794,stronger
2173,2905,stronger
2173,3237,stronger
2174,694,weaker
2174,1081,equivalent
2174,1584,equivalent
2174,1982,equivalent
2174,2011,equivalent
2174,2581,equivalent
2174,2863,weaker
2174,2969,equivalent
2174,3249,equivalent
2174,3546,weaker
2174,4314,weaker
2174,4665,weaker
2175,1104,weaker
2175,1183,equivalent
2175,1501,equivalent
2175,1581,weaker
2175,2026,equivalent
2175,2308,weaker
2175,2731,equivalent
2175,3005,equivalent
2175,3694,weaker
2175,4455,weaker
2176,469,weaker
2176,809,equivalent
2176,828,weaker
2176,832,weaker
2176,1157,equivalent
2176,1186,equivalent
2176,1901,equivalent
2176,1937,weaker
2176,3067,weaker
2176,3331,weaker
2176,4072,weaker
2176,4565,weaker
2177,42,weaker
2177,802,equivalent
2177,1048,weaker
2177,1334,weaker
2177,2122,equivalent
2177,3611,weaker
2177,4581,weaker
2178,169,equivalent
2178,217,incomparable
2178,304,stronger
2178,1184,weaker
2178,1412,stronger
2178,1774,incomparable
2178,1919,stronger
2178,2043,weaker
2178,2273,incomparable
2178,3218,stronger
2178,3368,incomparable
2178,3789,incomparable
2178,3892,incomparable
2178,4524,incomparable
2178,4670,incomparable
2179,207,weaker
2179,598,weaker
2179,1333,equivalent
2179,1620,equivalent
2179,1892,equivalent
2179,2047,weaker
2179,3240,equivalent
2179,3302,weaker
2179,4492,weaker
2179,4524,weaker
2180,394,incomparable
2180,1496,incomparable
2180,1881,incomparable
2180,2201,stronger
2180,2939,incomparable
2180,3234,stronger
2180,3346,incomparable
2180,3444,incomparable
2180,3683,incomparable
2180,3836,incomparable
2180,4523,incomparable
2181,1051,weaker
2181,2763,equivalent
2181,2830,equivalent
2181,3426,weaker
2181,3611,weaker
2181,3717,weaker
2181,4145,weaker
2181,4233,weaker
2182,449,incomparable
2182,557,stronger
2182,1305,stronger
2182,1457,incomparable
2182,1990,stronger
2182,2777,stronger
2182,2893,incomparable
2183,983,equivalent
2183,1523,weaker
2183,2184,equivalent
2183,2377,equivalent
2183,2672,weaker
2183,2991,equivalent
2183,3623,weaker
2183,3659,weaker
2183,4545,weaker
2183,4553,weaker
2183,4673,weaker
2184,1386,equivalent
2184,1421,equivalent
2184,1709,weaker
2184,2205,equivalent
2184,2525,weaker
2184,2586,weaker
2184,2931,weaker
2184,3165,equivalent
2184,3981,weaker
2184,4015,weaker
2184,4188,weaker
2184,4568,weaker
2185,652,weaker
2185,779,equivalent
2185,808,equivalent
2185,819,weaker
2185,950,equivalent
2185,1597,equivalent
2185,1992,weaker
2185,2361,equivalent
2185,2592,weaker
2185,2941,equivalent
2185,3021,equivalent
2185,3543,weaker
2185,3823,weaker
2185,4603,weaker
2186,75,incomparable
2186,378,incomparable
2186,1524,stronger
2186,1758,stronger
2186,2192,stronger
2186,2889,incomparable
2186,3785,incomparable
2187,305,equivalent
2187,583,weaker
2187,1042,weaker
2187,1448,weaker
2187,1669,weaker
2187,1709,weaker
2187,2919,weaker
2187,3136,equivalent
2187,3509,weaker
2187,3808,weaker
2188,112,weaker
2188,382,weaker
2188,1846,weaker
2188,2787,weaker
2188,2985,weaker
2188,3018,equivalent
2188,3927,weaker
2188,3976,weaker
2188,4054,weaker
2188,4293,weaker
2188,4397,weaker
2189,1047,weaker
2189,1182,equivalent
2189,1680,weaker
2189,1753,equivalent
2189,2874,weaker
2189,2901,equivalent
2189,3051,weaker
2189,3862,weaker
2189,4034,weaker
2189,4098,weaker
2190,288,stronger
2190,1099,stronger
2190,1345,stronger
2190,1739,stronger
2190,2363,stronger
2190,3057,incomparable
2190,3834,incomparable
2190,4155,weaker
2190,4218,incomparable
2191,992,equivalent
2191,1177,equivalent
2191,1643,weaker
2191,2011,equivalent
2191,2621,equivalent
2191,2760,equivalent
2191,3995,weaker
2191,4406,weaker
2191,4435,weaker
2192,512,equivalent
2192,1543,weaker
2192,1757,equivalent
2192,2666,weaker
2192,3884,weaker
2192,4007,weaker
2192,4447,weaker
2193,323,weaker
2193,646,weaker
2193,1005,equivalent
2193,1435,weaker
2193,2669,weaker
2193,3484,weaker
2193,3801,weaker
2194,89,equivalent
2194,118,weaker
2194,364,weaker
2194,771,equivalent
2194,1194,equivalent
2194,1338,equivalent
2194,1466,weaker
2194,1943,weaker
2194,2338,weaker
2194,3409,weaker
2194,3744,weaker
2194,3751,weaker
2194,3767,weaker
2194,3880,weaker
2194,4442,weaker
2195,217,incomparable
2195,735,incomparable
2195,1034,incomparable
2195,1415,equivalent
2195,2358,stronger
2195,3595,incomparable
2196,742,stronger
2196,1178,stronger
2196,1902,incomparable
2196,2806,stronger
2196,3357,incomparable
2196,3582,incomparable
2196,4603,incomparable
2197,148,equivalent
2197,348,weaker
2197,692,weaker
2197,1192,weaker
2197,1715,equivalent
2197,1788,equivalent
2197,3360,weaker
2197,3651,weaker
2197,4303,weaker
2197,4506,weaker
2198,359,weaker
2198,1035,weaker
2198,1411,equivalent
2198,1418,equivalent
2198,1631,weaker
2198,1804,equivalent
2198,2865,weaker
2198,3219,equivalent
2198,4633,weaker
2199,462,incomparable
2199,933,stronger
2199,1050,incomparable
2199,1474,incomparable
2199,1527,stronger
2199,2651,incomparable
2199,3277,incomparable
2199,3621,incomparable
2199,3916,incomparable
2199,4139,incomparable
2199,4328,incomparable
2200,93,equivalent
2200,927,equivalent
2200,998,equivalent
2200,1416,equivalent
2200,1849,weaker
2200,3106,weaker
2200,3582,weaker
2200,3629,weaker
2200,4289,weaker
2201,334,weaker
2201,661,weaker
2201,1618,weaker
2201,1732,equivalent
2201,1848,weaker
2201,3543,weaker
2202,103,weaker
2202,1535,weaker
2202,1853,weaker
2202,1962,weaker
2202,2562,weaker
2202,3520,weaker
2202,3529,weaker
2202,3838,weaker
2202,4470,weaker
2202,4604,weaker
2203,185,stronger
2203,638,incomparable
2203,665,incomparable
2203,773,stronger
2203,1336,stronger
2203,1441,incomparable
2203,1945,stronger
2203,2785,stronger
2203,3338,incomparable
2203,4267,incomparable
2203,4329,incomparable
2204,688,equivalent
2204,2422,equivalent
2204,2552,weaker
2204,2585,equivalent
2204,2858,weaker
2204,3326,weaker
2204,4209,weaker
2205,70,equivalent
2205,162,weaker
2205,423,weaker
2205,554,weaker
2205,990,equivalent
2205,1048,weaker
2205,1600,equivalent
2205,2112,equivalent
2205,3262,weaker
2205,3359,weaker
2205,3441,weaker
2205,4004,weaker
2206,81,equivalent
2206,658,weaker
2206,1079,equivalent
2206,1630,weaker
2206,1737,equivalent
2206,1991,equivalent
2206,2547,equivalent
2206,2565,equivalent
2206,2631,equivalent
2206,2653,weaker
2206,3580,weaker
2206,3839,weaker
2206,4171,weaker
2206,4575,weaker
2207,97,stronger
2207,192,stronger
2207,688,stronger
2207,2431,stronger
2208,695,weaker
2208,834,weaker
2208,857,weaker
2208,2086,weaker
2208,3564,weaker
2208,3583,weaker
2208,4168,weaker
2208,4372,weaker
2209,325,weaker
2209,606,equivalent
2209,862,weaker
2209,1193,equivalent
2209,1596,equivalent
2209,1716,equivalent
2209,2165,weaker
2209,3318,weaker
2209,3454,weaker
2209,3633,weaker
2209,3914,weaker
2209,4366,weaker
2209,4660,weaker
2210,287,equivalent
2210,815,equivalent
2210,1055,weaker
2210,1495,equivalent
2210,1933,equivalent
2210,2776,weaker
2210,2973,weaker
2210,3304,weaker
2210,3557,weaker
2211,221,weaker
2211,450,weaker
2211,849,weaker
2211,914,weaker
2211,2368,weaker
2211,3589,weaker
2211,3758,weaker
2211,4132,weaker
2211,4207,weaker
2211,4313,weaker
2211,4335,weaker
2211,4377,weaker
2211,4538,weaker
2212,83,stronger
2212,230,stronger
2212,734,stronger
2212,828,incomparable
2212,960,incomparable
2212,1251,weaker
2212,2323,stronger
2212,2906,stronger
2212,4315,incomparable
2212,4552,incomparable
2213,892,equivalent
2213,1073,weaker
2213,1715,equivalent
2213,1911,equivalent
2213,2028,equivalent
2213,2288,weaker
2213,2356,equivalent
2213,2583,equivalent
2213,2590,equivalent
2213,3371,weaker
2213,3389,weaker
2213,4197,weaker
2214,23,weaker
2214,128,equivalent
2214,209,weaker
2214,406,weaker
2214,527,equivalent
2214,1305,equivalent
2214,2441,weaker
2214,2688,weaker
2214,3268,weaker
2214,4049,weaker
2214,4216,weaker
2214,4305,weaker
2214,4495,weaker
2214,4581,weaker
2215,50,weaker
2215,609,equivalent
2215,714,weaker
2215,1171,weaker
2215,1211,equivalent
2215,1404,equivalent
2215,1553,equivalent
2215,1741,equivalent
2215,2742,equivalent
2215,3103,weaker
2215,3496,weaker
2215,4539,weaker
2215,4600,weaker
2216,889,weaker
2216,1362,equivalent
2216,1540,equivalent
2216,2729,equivalent
2216,4051,weaker
2216,4149,weaker
2217,101,weaker
2217,889,incomparable
2217,982,stronger
2217,1996,weaker
2217,2517,incomparable
2217,3118,stronger
2217,3370,incomparable
2217,3886,incomparable
2217,4211,incomparable
2218,653,weaker
2218,721,equivalent
2218,780,equivalent
2218,948,equivalent
2218,964,weaker
2218,1311,equivalent
2218,2564,equivalent
2218,2865,weaker
2218,3052,weaker
2218,4181,weaker
2218,4489,weaker
2219,457,weaker
2219,1110,weaker
2219,2037,weaker
2219,2050,weaker
2219,2517,weaker
2219,2619,equivalent
2219,3264,weaker
2219,3692,weaker
2219,3724,weaker
2219,3725,weaker
2219,4268,weaker
2219,4405,weaker
2219,4657,weaker
2219,4660,weaker
2220,1736,equivalent
2220,2215,equivalent
2220,2232,weaker
2220,2634,equivalent
2220,2813,equivalent
2220,2964,weaker
2220,3591,weaker
2220,3994,weaker
2220,4027,weaker
2221,1370,weaker
2221,1657,weaker
2221,1727,equivalent
2221,1873,weaker
2221,2171,equivalent
2221,4028,weaker
2221,4608,weaker
2222,118,incomparable
2222,1071,incomparable
2222,1190,stronger
2222,1301,incomparable
2222,1401,stronger
2222,1421,stronger
2222,1671,incomparable
2222,2158,stronger
2222,3083,incomparable
2222,3308,incomparable
2222,3393,incomparable
2222,3541,incomparable
2222,3815,incomparable
2222,3894,incomparable
2223,365,weaker
2223,483,weaker
2223,887,weaker
2223,1698,equivalent
2223,3239,equivalent
2223,3324,weaker
2223,3508,weaker
2223,3660,weaker
2223,3763,weaker
2223,3863,weaker
2223,4621,weaker
2224,40,weaker
2224,390,weaker
2224,430,weaker
2224,737,equivalent
2224,1278,weaker
2224,1973,equivalent
2224,2213,equivalent
2224,2310,weaker
2224,3130,weaker
2224,3453,weaker
2224,3756,weaker
2224,4025,weaker
2224,4583,weaker
2225,103,weaker
2225,499,equivalent
2225,1070,weaker
2225,1361,weaker
2225,1493,equivalent
2225,2000,weaker
2225,2289,weaker
2225,2310,weaker
2225,2529,equivalent
2225,2715,equivalent
2225,3618,weaker
2226,878,equivalent
2226,2219,equivalent
2226,2717,equivalent
2226,3470,weaker
2226,3948,weaker
2226,4292,weaker
2226,4607,weaker
2227,1043,incomparable
2227,1851,incomparable
2227,2120,stronger
2227,2771,stronger
2227,2977,stronger
2227,3308,incomparable
2228,363,weaker
2228,985,weaker
2228,1119,weaker
2228,1133,weaker
2228,1241,weaker
2228,1525,weaker
2228,1904,weaker
2228,1968,equivalent
2228,2203,weaker
2228,2220,equivalent
2228,2474,weaker
2228,2553,equivalent
2228,3277,weaker
2228,3764,weaker
2228,4216,weaker
2228,4267,weaker
2229,177,weaker
2229,632,weaker
2229,1232,weaker
2229,1955,equivalent
2229,2495,equivalent
2229,2589,equivalent
2229,2639,equivalent
2229,2760,equivalent
2229,2837,equivalent
2229,4682,weaker
2230,200,equivalent
2230,706,weaker
2230,1567,equivalent
2230,2130,weaker
2230,2295,equivalent
2230,2316,weaker
2230,2344,equivalent
2230,2368,weaker
2230,2378,equivalent
2230,2440,equivalent
2230,4623,weaker
2230,4680,weaker
2231,73,weaker
2231,1595,equivalent
2231,1725,equivalent
2231,2029,weaker
2231,3057,weaker
2231,3261,weaker
2231,3315,weaker
2231,4459,weaker
2232,9,incomparable
2232,339,incomparable
2232,402,incomparable
2232,1464,incomparable
2232,2414,stronger
2232,2456,incomparable
2232,2672,incomparable
2232,3035,stronger
2232,3181,stronger
2232,3272,incomparable
2232,3338,weaker
2232,4033,incomparable
2233,6,equivalent
2233,445,weaker
2233,645,weaker
2233,819,weaker
2233,1775,equivalent
2233,1804,equivalent
2233,3672,weaker
2233,3730,weaker
2234,112,weaker
2234,125,weaker
2234,491,weaker
2234,1014,weaker
2234,2067,weaker
2234,2344,equivalent
2234,2662,weaker
2234,2705,equivalent
2234,2764,equivalent
2234,3414,weaker
2234,4049,weaker
2235,155,weaker
2235,607,equivalent
2235,701,equivalent
2235,987,equivalent
2235,2133,equivalent
2235,2756,equivalent
2235,3010,equivalent
2235,3262,weaker
2235,3653,weaker
2235,3825,weaker
2235,4531,weaker
2236,68,weaker
2236,190,weaker
2236,378,weaker
2236,417,weaker
2236,1620,equivalent
2236,1882,weaker
2236,2620,equivalent
2236,4258,weaker
2237,312,weaker
2237,1520,equivalent
2237,2126,weaker
2237,2437,equivalent
2237,3314,weaker
2237,4137,weaker
2237,4215,weaker
2237,4608,weaker
2238,135,stronger
2238,293,stronger
2238,459,stronger
2238,1673,incomparable
2238,2385,stronger
2238,2406,stronger
2238,2602,incomparable
2238,2775,stronger
2238,3553,incomparable
2238,3792,incomparable
2238,3970,incomparable
2238,4094,incomparable
2238,4571,incomparable
2239,83,stronger
2239,842,incomparable
2239,915,stronger
2239,1886,stronger
2239,2130,incomparable
2239,2724,incomparable
2239,2792,stronger
2239,3226,stronger
2239,3598,incomparable
2239,3730,incomparable
2239,3736,incomparable
2239,3806,incomparable
2239,3866,incomparable
2239,4031,incomparable
2239,4312,incomparable
2239,4573,incomparable
2240,114,incomparable
2240,141,stronger
2240,1411,stronger
2240,1718,incomparable
2240,1726,incomparable
2240,2048,incomparable
2240,2533,incomparable
2240,3915,incomparable
2240,4465,incomparable
2240,4515,incomparable
2240,4578,incomparable
2241,25,incomparable
2241,367,incomparable
2241,470,stronger
2241,703,incomparable
2241,832,incomparable
2241,1537,incomparable
2241,1599,stronger
2241,1746,incomparable
2241,1872,incomparable
2241,2996,stronger
2241,3414,incomparable
2241,3444,incomparable
2241,3905,incomparable
2241,4153,incomparable
2241,4244,incomparable
2242,516,incomparable
2242,1385,stronger
2242,1929,incomparable
2242,2140,incomparable
2242,2319,incomparable
2242,2479,equivalent
2242,2818,stronger
2242,2836,incomparable
2242,2865,incomparable
2242,2911,stronger
2242,3578,incomparable
2243,116,stronger
2243,246,incomparable
2243,341,incomparable
2243,522,incomparable
2243,1317,stronger
2243,1352,stronger
2243,1826,incomparable
2243,1899,stronger
2243,1918,stronger
2243,2705,stronger
2243,2809,stronger
2243,3044,stronger
2243,3655,incomparable
2243,3843,incomparable
2243,4376,incomparable
2243,4474,incomparable
2244,490,stronger
2244,583,incomparable
2244,1278,incomparable
2244,1778,stronger
2244,2227,incomparable
2244,2617,stronger
2244,3181,stronger
2244,3240,stronger
2244,3383,incomparable
2244,4255,incomparable
2244,4434,incomparable
2244,4457,incomparable
2244,4620,incomparable
2245,956,stronger
2245,1121,stronger
2245,1313,incomparable
2245,1421,stronger
2245,1455,weaker
2245,1525,incomparable
2245,3206,stronger
2245,3211,incomparable
2245,3272,incomparable
2245,3646,incomparable
2245,3873,incomparable
2245,4208,incomparable
2246,41,incomparable
2246,539,stronger
2246,930,incomparable
2246,982,stronger
2246,1146,incomparable
2246,1875,incomparable
2246,2286,stronger
2246,3709,incomparable
2246,4212,incomparable
2246,4232,incomparable
2247,84,stronger
2247,474,incomparable
2247,943,incomparable
2247,954,stronger
2247,1306,stronger
2247,1352,stronger
2247,2448,stronger
2247,2773,stronger
2247,3303,incomparable
2247,3308,incomparable
2248,572,incomparable
2248,692,incomparable
2248,1002,stronger
2248,1607,stronger
2248,1694,incomparable
2248,1814,stronger
2248,1838,weaker
2248,1922,incomparable
2248,2719,stronger
2248,3871,incomparable
2248,4062,incomparable
2248,4527,incomparable
2248,4555,incomparable
2249,244,stronger
2249,737,stronger
2249,827,incomparable
2249,880,incomparable
2249,1333,stronger
2249,2273,incomparable
2249,2744,incomparable
2249,3013,stronger
2249,3442,incomparable
2249,3452,incomparable
2249,3561,incomparable
2250,942,stronger
2250,1616,stronger
2250,1913,incomparable
2250,2032,stronger
2250,2858,incomparable
2250,3857,incomparable
2250,3939,incomparable
2250,4372,incomparable
2251,124,incomparable
2251,655,incomparable
2251,1046,incomparable
2251,1372,stronger
2251,1589,stronger
2251,1769,stronger
2251,1985,stronger
2251,2126,incomparable
2251,3511,weaker
2251,3545,incomparable
2252,7,stronger
2252,130,incomparable
2252,145,stronger
2252,254,stronger
2252,520,incomparable
2252,1878,equivalent
2252,2895,incomparable
2252,3253,weaker
2252,3752,incomparable
2253,3,incomparable
2253,335,incomparable
2253,713,incomparable
2253,806,incomparable
2253,815,stronger
2253,1235,incomparable
2253,2078,incomparable
2253,2533,incomparable
2253,3021,stronger
2253,3260,incomparable
2253,3762,incomparable
2253,3959,incomparable
2253,4469,incomparable
2254,89,stronger
2254,396,incomparable
2254,857,stronger
2254,1220,stronger
2254,1574,stronger
2254,2631,stronger
2254,3082,incomparable
2254,4227,incomparable
2255,285,stronger
2255,390,incomparable
2255,653,incomparable
2255,715,stronger
2255,1002,stronger
2255,2962,stronger
2255,3360,incomparable
2255,3576,incomparable
2255,3577,incomparable
2255,3677,incomparable
2255,4495,incomparable
2255,4572,incomparable
2255,4670,incomparable
2256,19,incomparable
2256,909,incomparable
2256,1455,incomparable
2256,1549,stronger
2256,2829,stronger
2256,2894,incomparable
2256,2989,stronger
2256,3063,incomparable
2256,3076,incomparable
2256,3351,incomparable
2256,4669,incomparable
2257,884,stronger
2257,1817,stronger
2257,1835,incomparable
2257,1908,incomparable
2257,3089,incomparable
2257,3780,incomparable
2257,4270,incomparable
2257,4385,incomparable
2257,4484,incomparable
2257,4501,incomparable
2257,4526,incomparable
2258,405,incomparable
2258,2288,equivalent
2258,2343,incomparable
2258,3714,incomparable
2258,3815,incomparable
2259,851,incomparable
2259,1077,stronger
2259,1554,stronger
2259,1674,stronger
2259,2228,stronger
2259,2905,stronger
2259,3132,stronger
2259,4325,incomparable
2260,575,incomparable
2260,700,stronger
2260,1520,stronger
2260,1566,stronger
2260,1898,incomparable
2260,2287,stronger
2260,2542,stronger
2260,2771,stronger
2260,4116,incomparable
2260,4564,incomparable
2261,707,incomparable
2261,721,stronger
2261,896,stronger
2261,1340,incomparable
2261,1476,equivalent
2261,1753,stronger
2261,1822,stronger
2261,1920,stronger
2261,1962,incomparable
2261,2700,incomparable
2261,2822,stronger
2261,2880,incomparable
2261,3680,incomparable
2262,232,stronger
2262,1246,incomparable
2262,1979,incomparable
2262,2093,incomparable
2262,2158,stronger
2262,2313,stronger
2262,2477,weaker
2262,2934,stronger
2262,3228,stronger
2262,3248,stronger
2262,3631,incomparable
2262,3752,incomparable
2262,4688,incomparable
2263,775,incomparable
2263,1233,incomparable
2263,1489,incomparable
2263,1766,stronger
2263,1813,stronger
2263,1838,incomparable
2263,2631,stronger
2263,2663,incomparable
2263,3157,stronger
2263,3238,stronger
2263,3296,incomparable
2264,735,incomparable
2264,773,stronger
2264,1679,stronger
2264,2684,incomparable
2264,2696,incomparable
2264,2754,stronger
2264,2864,incomparable
2264,2895,incomparable
2264,3023,stronger
2264,3437,incomparable
2265,70,stronger
2265,262,incomparable
2265,491,incomparable
2265,644,stronger
2265,800,stronger
2265,2473,weaker
2265,2573,incomparable
2265,3338,weaker
2266,287,stronger
2266,760,stronger
2266,805,stronger
2266,1586,incomparable
2266,2811,stronger
2266,2958,incomparable
2266,3903,incomparable
2266,4325,incomparable
2266,4460,incomparable
2267,485,stronger
2267,837,incomparable
2267,1010,stronger
2267,1080,stronger
2267,1195,stronger
2267,1519,incomparable
2267,2397,stronger
2267,2961,stronger
2267,3097,incomparable
2267,3173,stronger
2267,3629,incomparable
2267,3970,incomparable
2268,1288,incomparable
2268,1643,equivalent
2268,1821,incomparable
2268,1913,incomparable
2268,3259,weaker
2268,3794,incomparable
2268,4317,weaker
2269,273,incomparable
2269,322,incomparable
2269,761,incomparable
2269,1413,stronger
2269,1509,stronger
2269,1745,stronger
2269,1985,stronger
2269,2103,incomparable
2269,3411,incomparable
2269,3556,incomparable
2269,3596,incomparable
2270,1522,stronger
2270,1872,incomparable
2270,2147,stronger
2270,2720,incomparable
2270,2890,incomparable
2270,3546,incomparable
2270,3759,incomparable
2270,4144,incomparable
2270,4644,incomparable
2271,571,incomparable
2271,1427,incomparable
2271,2124,incomparable
2271,3077,incomparable
2271,4462,incomparable
2272,1717,stronger
2272,2047,incomparable
2272,2109,stronger
2272,2222,incomparable
2272,2625,stronger
2272,2689,incomparable
2272,2879,incomparable
2272,2964,incomparable
2272,3053,weaker
2272,3359,incomparable
2272,3392,incomparable
2273,519,stronger
2273,547,stronger
2273,811,incomparable
2273,1639,stronger
2273,2219,stronger
2273,2840,stronger
2273,2902,incomparable
2273,3356,incomparable
2273,3918,incomparable
2273,4095,incomparable
2273,4325,incomparable
2273,4434,incomparable
2274,434,incomparable
2274,549,incomparable
2274,727,incomparable
2274,878,stronger
2274,994,incomparable
2274,2531,incomparable
2274,2785,stronger
2274,3546,incomparable
2274,4166,incomparable
2275,346,incomparable
2275,426,incomparable
2275,1314,stronger
2275,1502,incomparable
2275,2070,incomparable
2275,3432,incomparable
2275,4377,incomparable
2275,4672,weaker
2276,707,incomparable
2276,768,stronger
2276,845,incomparable
2276,908,stronger
2276,1249,incomparable
2276,1310,stronger
2276,1445,weaker
2276,1658,weaker
2276,1729,incomparable
2276,1920,stronger
2276,2722,incomparable
2276,2749,incomparable
2276,2836,incomparable
2276,2849,incomparable
2276,2894,incomparable
2276,3055,weaker
2276,3117,stronger
2276,3429,incomparable
2276,3651,incomparable
2277,122,stronger
2277,755,stronger
2277,874,stronger
2277,896,stronger
2277,1585,stronger
2277,1913,incomparable
2277,2644,incomparable
2277,3037,stronger
2277,3608,incomparable
2277,4551,incomparable
2278,89,stronger
2278,900,stronger
2278,1108,stronger
2278,1116,stronger
2278,1476,stronger
2278,1840,incomparable
2278,2276,stronger
2278,2672,incomparable
2278,3698,incomparable
2278,3989,incomparable
2278,4080,incomparable
2279,343,incomparable
2279,358,incomparable
2279,445,stronger
2279,1433,stronger
2279,2022,stronger
2279,2493,incomparable
2279,2500,stronger
2279,3219,stronger
2280,1485,incomparable
2280,1505,stronger
2280,2130,incomparable
2280,2283,equivalent
2280,2816,incomparable
2280,3007,incomparable
2280,3083,weaker
2280,3110,stronger
2280,3201,incomparable
2280,3264,weaker
2280,3696,incomparable
2280,3965,incomparable
2280,3997,incomparable
2280,4107,incomparable
2280,4559,incomparable
2281,217,stronger
2281,1488,incomparable
2281,2308,incomparable
2281,2409,stronger
2281,2867,incomparable
2281,3646,incomparable
2281,3691,incomparable
2281,4401,incomparable
2282,42,incomparable
2282,739,stronger
2282,1121,stronger
2282,1470,incomparable
2282,1552,incomparable
2282,1876,incomparable
2282,3789,incomparable
2282,3814,incomparable
2283,185,stronger
2283,595,stronger
2283,1042,incomparable
2283,2156,incomparable
2283,2752,stronger
2283,2773,stronger
2283,2778,incomparable
2283,2823,stronger
2283,3007,incomparable
2283,3051,weaker
2283,3319,weaker
2283,3608,incomparable
2283,3623,incomparable
2284,855,stronger
2284,1001,stronger
2284,1891,stronger
2284,2064,incomparable
2284,2546,incomparable
2284,2864,incomparable
2284,3056,weaker
2284,3398,incomparable
2284,3829,incomparable
2284,3940,incomparable
2284,4054,incomparable
2284,4391,incomparable
2284,4493,incomparable
2285,86,incomparable
2285,172,incomparable
2285,384,incomparable
2285,525,stronger
2285,820,incomparable
2285,2119,incomparable
2285,2422,stronger
2285,2491,stronger
2285,2557,stronger
2285,3158,stronger
2285,3254,incomparable
2285,3892,incomparable
2285,3970,incomparable
2285,4337,incomparable
2285,4343,incomparable
2286,527,stronger
2286,537,incomparable
2286,615,incomparable
2286,929,stronger
2286,1198,stronger
2286,1883,stronger
2286,2109,stronger
2286,2193,stronger
2286,2532,stronger
2286,2798,stronger
2286,3223,stronger
2286,3525,weaker
2286,3800,incomparable
2286,3810,incomparable
2286,3908,incomparable
2286,4333,incomparable
2286,4536,incomparable
2287,1103,stronger
2287,1561,incomparable
2287,1596,stronger
2287,1688,stronger
2287,2191,stronger
2287,2706,incomparable
2287,2869,incomparable
2287,3615,incomparable
2287,3916,incomparable
2287,4217,incomparable
2288,64,stronger
2288,66,incomparable
2288,576,stronger
2288,2241,weaker
2288,2773,stronger
2288,3100,weaker
2288,3438,incomparable
2288,3525,weaker
2288,3632,incomparable
2288,4163,incomparable
2288,4270,weaker
2289,349,incomparable
2289,1448,weaker
2289,1621,stronger
2289,2004,incomparable
2289,2223,stronger
2289,2738,stronger
2289,2807,stronger
2289,2825,stronger
2289,3034,incomparable
2289,3210,incomparable
2289,3450,incomparable
2289,3628,incomparable
2289,3809,incomparable
2289,4195,incomparable
2289,4262,incomparable
2289,4382,incomparable
2290,165,incomparable
2290,436,incomparable
2290,592,stronger
2290,680,incomparable
2290,1443,incomparable
2290,1854,incomparable
2290,1995,stronger
2290,2070,incomparable
2290,3272,incomparable
2290,3347,incomparable
2290,3470,incomparable
2290,4191,incomparable
2291,601,stronger
2291,849,incomparable
2291,1080,stronger
2291,1747,stronger
2291,1768,stronger
2291,2626,stronger
2291,2818,stronger
2291,2970,stronger
2291,3722,incomparable
2291,3878,incomparable
2291,4083,incomparable
2291,4358,incomparable
2291,4519,incomparable
2291,4622,incomparable
2292,194,weaker
2292,333,weaker
2292,2022,equivalent
2292,2303,weaker
2292,3426,weaker
2292,4143,weaker
2292,4253,weaker
2293,38,incomparable
2293,212,incomparable
2293,279,stronger
2293,371,incomparable
2293,758,stronger
2293,1088,incomparable
2293,1090,incomparable
2293,2032,stronger
2293,2061,incomparable
2293,2211,stronger
2293,2636,stronger
2293,3191,stronger
2293,3404,incomparable
2293,3546,incomparable
2293,3665,incomparable
2293,4278,incomparable
2294,2517,incomparable
2294,2560,stronger
2294,3099,incomparable
2294,3213,stronger
2294,3371,incomparable
2294,3544,incomparable
2294,3617,incomparable
2295,704,weaker
2295,814,equivalent
2295,824,weaker
2295,1314,equivalent
2295,1357,weaker
2295,1556,weaker
2295,1579,equivalent
2295,1627,equivalent
2295,2344,equivalent
2295,2434,equivalent
2295,2581,equivalent
2295,3720,weaker
2295,3913,weaker
2295,4000,weaker
2295,4298,weaker
2296,198,incomparable
2296,238,incomparable
2296,256,incomparable
2296,684,incomparable
2296,999,incomparable
2296,1472,incomparable
2296,2099,stronger
2296,3024,incomparable
2296,3349,incomparable
2296,3586,incomparable
2296,3870,incomparable
2296,4121,incomparable
2296,4164,incomparable
2297,644,weaker
2297,849,weaker
2297,1230,weaker
2297,1257,weaker
2297,1934,weaker
2297,2513,weaker
2297,3182,weaker
2297,3317,weaker
2298,132,equivalent
2298,692,weaker
2298,2035,weaker
2298,2182,weaker
2298,2460,weaker
2298,3274,weaker
2298,3353,weaker
2298,3719,weaker
2298,3869,weaker
2299,704,weaker
2299,1174,equivalent
2299,1425,equivalent
2299,1836,weaker
2299,2510,equivalent
2299,2993,equivalent
2299,3954,weaker
2299,4442,weaker
2300,103,incomparable
2300,841,incomparable
2300,883,incomparable
2300,929,stronger
2300,956,stronger
2300,1288,incomparable
2300,1333,stronger
2300,1443,incomparable
2300,1488,incomparable
2300,1699,incomparable
2300,1916,incomparable
2300,2309,stronger
2300,2819,stronger
2300,3051,incomparable
2301,78,incomparable
2301,178,stronger
2301,458,incomparable
2301,857,incomparable
2301,1684,incomparable
2301,2003,stronger
2301,2393,incomparable
2301,2716,incomparable
2301,2890,incomparable
2301,3040,stronger
2301,3085,incomparable
2301,3153,stronger
2301,3431,incomparable
2301,3901,incomparable
2301,4340,incomparable
2302,595,equivalent
2302,659,weaker
2302,992,equivalent
2302,1277,equivalent
2302,1308,equivalent
2302,4010,weaker
2302,4441,weaker
2303,866,incomparable
2303,1625,stronger
2303,1774,incomparable
2303,2185,stronger
2303,2692,incomparable
2303,2938,stronger
2303,4114,incomparable
2303,4196,incomparable
2303,4258,incomparable
2303,4309,incomparable
2304,405,incomparable
2304,1397,stronger
2304,1426,incomparable
2304,1985,stronger
2304,2258,incomparable
2304,2608,stronger
2304,3071,incomparable
2304,3276,incomparable
2304,3350,incomparable
2304,3956,incomparable
2304,4466,incomparable
2305,274,weaker
2305,342,weaker
2305,1360,equivalent
2305,2035,weaker
2305,2209,equivalent
2305,2349,weaker
2305,2447,weaker
2305,2508,equivalent
2305,3129,equivalent
2305,3690,weaker
2306,752,incomparable
2306,960,incomparable
2306,1521,incomparable
2306,2296,incomparable
2306,2721,stronger
2306,4330,incomparable
2307,139,equivalent
2307,298,weaker
2307,404,weaker
2307,526,equivalent
2307,783,equivalent
2307,1304,weaker
2307,2025,equivalent
2307,2046,weaker
2307,2069,weaker
2307,2335,weaker
2307,2674,weaker
2307,2687,weaker
2307,2966,equivalent
2307,3020,equivalent
2307,3789,weaker
2307,4008,weaker
2307,4119,weaker
2307,4186,weaker
2307,4191,weaker
2307,4464,weaker
2308,428,incomparable
2308,964,incomparable
2308,2316,weaker
2308,2438,stronger
2308,3046,stronger
2308,4265,incomparable
2308,4294,incomparable
2308,4499,incomparable
2309,52,weaker
2309,185,equivalent
2309,1017,equivalent
2309,1129,weaker
2309,1378,weaker
2309,2661,weaker
2309,2957,equivalent
2309,3014,equivalent
2309,3053,weaker
2309,3378,weaker
2309,4027,weaker
2309,4122,weaker
2309,4305,weaker
2310,313,incomparable
2310,397,incomparable
2310,675,stronger
2310,731,incomparable
2310,1043,incomparable
2310,1428,incomparable
2310,1756,stronger
2310,2195,incomparable
2310,2259,incomparable
2310,2874,incomparable
2310,3281,incomparable
2310,3619,incomparable
2310,4076,incomparable
2310,4297,incomparable
2311,408,weaker
2311,428,weaker
2311,675,equivalent
2311,813,equivalent
2311,891,equivalent
2311,1385,equivalent
2311,1929,weaker
2311,1943,weaker
2311,1949,weaker
2311,2678,weaker
2311,3196,equivalent
2311,4033,weaker
2311,4129,weaker
2311,4257,weaker
2311,4421,weaker
2312,809,equivalent
2312,1315,weaker
2312,1467,weaker
2312,1585,equivalent
2312,1959,equivalent
2312,2429,equivalent
2312,2590,equivalent
2312,2667,weaker
2312,2877,weaker
2312,3109,equivalent
2312,3808,weaker
2312,4060,weaker
2312,4293,weaker
2313,684,weaker
2313,950,equivalent
2313,1020,weaker
2313,3618,weaker
2314,270,incomparable
2314,308,incomparable
2314,617,incomparable
2314,1049,incomparable
2314,1237,incomparable
2314,1243,incomparable
2314,1359,stronger
2314,1451,incomparable
2314,1972,stronger
2314,2017,stronger
2314,2442,incomparable
2314,2792,stronger
2314,2985,stronger
2314,3293,incomparable
2314,3435,incomparable
2314,3706,incomparable
2314,3924,incomparable
2315,531,equivalent
2315,551,equivalent
2315,747,equivalent
2315,1850,weaker
2315,2052,weaker
2315,3431,weaker
2315,4227,weaker
2315,4420,weaker
2316,1142,stronger
2316,2134,incomparable
2316,2471,incomparable
2316,2526,stronger
2316,2712,incomparable
2316,3078,incomparable
2316,3274,incomparable
2316,3439,incomparable
2316,3646,incomparable
2316,4241,incomparable
2316,4408,incomparable
2316,4472,incomparable
2317,362,weaker
2317,648,weaker
2317,808,equivalent
2317,1808,equivalent
2317,2719,equivalent
2317,2842,equivalent
2317,2903,weaker
2318,688,stronger
2318,875,incomparable
2318,1153,stronger
2318,1643,incomparable
2318,1725,stronger
2318,2237,stronger
2318,2522,incomparable
2318,2690,incomparable
2318,2946,incomparable
2318,3522,incomparable
2318,4464,incomparable
2318,4570,incomparable
2319,402,incomparable
2319,431,incomparable
2319,973,stronger
2319,989,incomparable
2319,1408,stronger
2319,1602,stronger
2319,1744,stronger
2319,2832,stronger
2319,3285,incomparable
2319,3516,incomparable
2319,3573,incomparable
2319,3601,incomparable
2319,3792,incomparable
2320,690,weaker
2320,1258,weaker
2320,1523,weaker
2320,3110,equivalent
2320,3444,weaker
2320,3467,weaker
2320,3480,weaker
2320,4434,weaker
2320,4555,weaker
2320,4575,weaker
2321,94,weaker
2321,410,weaker
2321,592,equivalent
2321,766,equivalent
2321,1602,equivalent
2321,1986,equivalent
2321,2387,equivalent
2321,2489,weaker
2321,2781,equivalent
2321,2868,weaker
2321,3505,weaker
2322,84,stronger
2322,856,incomparable
2322,1156,stronger
2322,2088,incomparable
2322,2400,stronger
2322,2420,incomparable
2322,2638,stronger
2322,3301,incomparable
2323,492,weaker
2323,1181,weaker
2323,1602,equivalent
2323,1899,equivalent
2323,1955,equivalent
2323,2221,equivalent
2323,2886,weaker
2323,2954,equivalent
2323,3298,weaker
2323,4071,weaker
2324,1019,equivalent
2324,1504,weaker
2324,1710,weaker
2324,1784,weaker
2324,2185,equivalent
2324,2691,weaker
2324,2706,weaker
2324,4058,weaker
2324,4254,weaker
2324,4263,weaker
2324,4425,weaker
2324,4462,weaker
2324,4469,weaker
2325,80,equivalent
2325,934,weaker
2325,982,equivalent
2325,2557,equivalent
2325,3090,weaker
2325,3132,equivalent
2325,3296,weaker
2325,3592,weaker
2325,3600,weaker
2325,4018,weaker
2325,4589,weaker
2326,176,weaker
2326,457,weaker
2326,1350,equivalent
2326,1395,weaker
2326,2828,equivalent
2326,3056,weaker
2326,3554,weaker
2326,3950,weaker
2326,4328,weaker
2327,270,incomparable
2327,1518,incomparable
2327,1583,stronger
2327,2173,incomparable
2327,2981,stronger
2327,3155,stronger
2327,3175,stronger
2327,3298,incomparable
2327,4227,incomparable
2327,4570,incomparable
2328,249,stronger
2328,708,stronger
2328,768,stronger
2328,1192,incomparable
2328,1317,stronger
2328,1779,stronger
2328,3125,stronger
2328,4290,incomparable
2328,4333,incomparable
2329,386,weaker
2329,418,weaker
2329,486,equivalent
2329,542,equivalent
2329,548,equivalent
2329,1179,equivalent
2329,1432,weaker
2329,3667,weaker
2329,4035,weaker
2329,4147,weaker
2329,4243,weaker
2329,4306,weaker
2330,467,incomparable
2330,1441,incomparable
2330,1831,stronger
2330,2048,incomparable
2330,2602,incomparable
2330,3172,stronger
2330,3894,incomparable
2331,796,incomparable
2331,942,stronger
2331,1010,stronger
2331,1219,stronger
2331,1221,stronger
2331,2094,stronger
2331,2166,stronger
2331,2682,incomparable
2331,2912,incomparable
2331,3858,incomparable
2331,3997,incomparable
2331,4322,incomparable
2331,4393,incomparable
2332,503,weaker
2332,952,weaker
2332,1286,weaker
2332,1468,weaker
2332,1851,weaker
2332,2074,weaker
2332,3169,equivalent
2332,3763,weaker
2333,630,incomparable
2333,692,incomparable
2333,779,stronger
2333,981,incomparable
2333,1445,incomparable
2333,2270,incomparable
2333,2391,stronger
2333,2619,stronger
2333,4348,incomparable
2333,4628,incomparable
2333,4634,incomparable
2334,33,equivalent
2334,282,equivalent
2334,511,weaker
2334,563,equivalent
2334,973,equivalent
2334,2438,equivalent
2334,2677,weaker
2334,4447,weaker
2335,836,incomparable
2335,847,incomparable
2335,1003,stronger
2335,1087,stronger
2335,1225,incomparable
2335,2695,incomparable
2335,3406,incomparable
2335,3433,incomparable
2335,3729,incomparable
2335,4141,incomparable
2335,4339,incomparable
2335,4389,incomparable
2335,4400,incomparable
2336,179,weaker
2336,185,equivalent
2336,637,weaker
2336,1842,weaker
2336,2238,weaker
2336,2301,weaker
2336,2309,equivalent
2336,2385,weaker
2336,3158,equivalent
2336,3431,weaker
2336,3729,weaker
2336,4019,weaker
2336,4037,weaker
2336,4162,weaker
2336,4493,weaker
2337,1193,stronger
2337,1466,incomparable
2337,1577,incomparable
2337,1942,stronger
2337,2407,stronger
2337,2904,stronger
2337,2913,incomparable
2337,2949,incomparable
2337,2981,stronger
2337,4035,incomparable
2338,261,incomparable
2338,702,stronger
2338,902,stronger
2338,942,stronger
2338,1726,incomparable
2338,2121,stronger
2338,3118,incomparable
2338,3645,incomparable
2338,4371,incomparable
2339,77,equivalent
2339,673,equivalent
2339,726,equivalent
2339,1431,weaker
2339,1480,weaker
2339,1611,equivalent
2339,2475,weaker
2339,2523,equivalent
2339,2567,weaker
2339,2729,equivalent
2339,3744,weaker
2339,4153,weaker
2340,43,incomparable
2340,227,stronger
2340,583,incomparable
2340,711,incomparable
2340,1014,incomparable
2340,1626,stronger
2340,1817,stronger
2340,2463,incomparable
2340,2740,stronger
2340,2839,stronger
2340,2964,incomparable
2340,3131,incomparable
2340,3314,incomparable
2340,3582,incomparable
2340,3993,incomparable
2340,4374,incomparable
2341,173,equivalent
2341,379,weaker
2341,553,equivalent
2341,776,equivalent
2341,818,weaker
2341,979,equivalent
2341,1042,weaker
2341,1511,equivalent
2341,1574,equivalent
2341,1689,equivalent
2341,1968,equivalent
2341,2038,weaker
2341,2344,equivalent
2341,2963,equivalent
2341,3024,weaker
2341,3139,weaker
2341,3810,weaker
2341,4092,weaker
2341,4242,weaker
2342,1197,weaker
2342,1756,equivalent
2342,1988,equivalent
2342,2030,equivalent
2342,2111,weaker
2342,3122,weaker
2342,4106,weaker
2343,29,incomparable
2343,891,stronger
2343,1018,stronger
2343,1306,stronger
2343,1537,incomparable
2343,1789,weaker
2343,2163,incomparable
2343,2165,weaker
2343,3791,incomparable
2343,4247,incomparable
2343,4296,weaker
2343,4659,incomparable
2344,372,weaker
2344,404,weaker
2344,750,equivalent
2344,889,weaker
2344,893,weaker
2344,2514,equivalent
2344,2677,weaker
2344,2863,weaker
2344,3047,equivalent
2344,3395,weaker
2344,3808,weaker
2344,4141,weaker
2344,4387,weaker
2344,4579,weaker
2345,431,weaker
2345,657,weaker
2345,1240,weaker
2345,1972,equivalent
2345,2238,weaker
2345,3324,weaker
2345,3329,weaker
2345,4110,weaker
2346,1447,weaker
2346,1502,weaker
2346,1724,weaker
2346,2297,equivalent
2346,2371,equivalent
2346,2526,equivalent
2346,2530,weaker
2346,3032,equivalent
2346,3579,weaker
2346,4001,weaker
2346,4238,weaker
2346,4414,weaker
2347,39,incomparable
2347,229,incomparable
2347,761,incomparable
2347,2309,stronger
2347,2415,stronger
2347,2520,stronger
2347,3570,incomparable
2348,397,weaker
2348,605,equivalent
2348,649,weaker
2348,1109,weaker
2348,3178,equivalent
2348,4188,weaker
2348,4379,weaker
2349,333,incomparable
2349,340,incomparable
2349,1337,stronger
2349,1912,incomparable
2349,2259,incomparable
2349,2643,stronger
2349,2858,incomparable
2349,3118,incomparable
2349,3159,incomparable
2349,3242,incomparable
2349,3320,incomparable
2349,3387,incomparable
2349,4052,incomparable
2349,4254,incomparable
2350,89,equivalent
2350,420,weaker
2350,520,weaker
2350,645,weaker
2350,1008,equivalent
2350,1103,equivalent
2350,1501,equivalent
2350,1685,weaker
2350,1720,equivalent
2350,1822,equivalent
2350,2616,equivalent
2350,2796,equivalent
2350,3829,weaker
2350,4192,weaker
2350,4451,weaker
2351,188,stronger
2351,221,incomparable
2351,953,stronger
2351,1764,incomparable
2351,2324,stronger
2351,2793,stronger
2351,3186,stronger
2351,3592,incomparable
2351,4126,incomparable
2352,173,equivalent
2352,2181,equivalent
2352,2548,equivalent
2353,568,equivalent
2353,2370,weaker
2353,3369,weaker
2354,914,weaker
2354,1065,weaker
2354,1424,equivalent
2354,1964,weaker
2354,2107,weaker
2354,2523,equivalent
2354,3388,weaker
2354,3473,weaker
2354,3519,weaker
2354,3981,weaker
2354,4020,weaker
2354,4037,weaker
2354,4597,weaker
2355,594,stronger
2355,771,stronger
2355,833,incomparable
2355,1729,incomparable
2355,2405,stronger
2355,2723,stronger
2355,2799,stronger
2355,2813,stronger
2355,3924,incomparable
2355,3959,incomparable
2355,3961,incomparable
2355,4058,incomparable
2355,4106,incomparable
2356,152,weaker
2356,1493,equivalent
2356,2035,weaker
2356,2091,weaker
2356,2322,weaker
2356,2326,equivalent
2356,2346,equivalent
2356,2899,weaker
2356,3216,equivalent
2356,3302,weaker
2356,3625,weaker
2356,4147,weaker
2357,785,equivalent
2357,882,weaker
2357,1326,equivalent
2357,1449,weaker
2357,2020,equivalent
2357,2539,equivalent
2357,3302,weaker
2357,3523,weaker
2357,3848,weaker
2357,3913,weaker
2358,14,weaker
2358,326,weaker
2358,455,weaker
2358,918,equivalent
2358,1244,weaker
2358,1469,weaker
2358,2617,equivalent
2358,3426,weaker
2358,3519,weaker
2358,3530,weaker
2358,4685,weaker
2359,4,incomparable
2359,485,stronger
2359,891,stronger
2359,1028,weaker
2359,2167,incomparable
2359,2777,stronger
2359,3140,incomparable
2359,3156,stronger
2359,3727,incomparable
2359,4338,incomparable
2360,65,weaker
2360,567,equivalent
2360,679,weaker
2360,1471,weaker
2360,3096,weaker
2360,3759,weaker
2360,4573,weaker
2361,225,equivalent
2361,498,equivalent
2361,871,equivalent
2361,919,weaker
2361,981,weaker
2361,1068,weaker
2361,1467,weaker
2361,1490,equivalent
2361,1835,weaker
2361,2665,weaker
2361,2966,equivalent
2361,3466,weaker
2361,3529,weaker
2361,3541,weaker
2361,3688,weaker
2361,3781,weaker
2361,3948,weaker
2361,4558,weaker
2362,230,equivalent
2362,281,weaker
2362,310,weaker
2362,709,weaker
2362,1433,weaker
2362,1561,weaker
2362,1640,weaker
2362,2301,weaker
2362,4105,weaker
2362,4490,weaker
2363,11,weaker
2363,113,weaker
2363,145,equivalent
2363,446,weaker
2363,1101,weaker
2363,1909,equivalent
2363,2319,weaker
2363,3010,equivalent
2363,3044,weaker
2363,3628,weaker
2363,3988,weaker
2363,4607,weaker
2363,4619,weaker
2364,894,stronger
2364,960,incomparable
2364,1169,stronger
2364,1295,incomparable
2364,1298,stronger
2364,1568,stronger
2364,2042,incomparable
2364,2613,stronger
2364,2653,incomparable
2364,3228,stronger
2364,3472,incomparable
2364,3996,incomparable
2364,4563,incomparable
2365,23,weaker
2365,492,weaker
2365,1315,weaker
2365,1536,equivalent
2365,2096,equivalent
2365,2899,weaker
2365,3984,weaker
2365,4002,weaker
2365,4035,weaker
2366,76,equivalent
2366,118,weaker
2366,206,weaker
2366,238,weaker
2366,1228,weaker
2366,1236,weaker
2366,1625,equivalent
2366,1652,weaker
2366,1679,weaker
2366,1873,weaker
2366,2443,weaker
2366,2516,equivalent
2366,2991,equivalent
2366,3791,weaker
2367,166,weaker
2367,313,weaker
2367,1002,equivalent
2367,1321,equivalent
2367,1519,weaker
2367,1692,weaker
2367,2551,equivalent
2367,2746,weaker
2367,2774,weaker
2367,3687,weaker
2367,4076,weaker
2367,4195,weaker
2367,4241,weaker
2367,4497,weaker
2368,104,incomparable
2368,285,stronger
2368,699,stronger
2368,848,incomparable
2368,1471,incomparable
2368,1949,incomparable
2368,2385,incomparable
2368,2924,stronger
2368,2971,stronger
2368,2984,stronger
2368,3390,incomparable
2368,3719,incomparable
2368,3859,incomparable
2368,4518,incomparable
2369,194,weaker
2369,206,weaker
2369,403,weaker
2369,542,equivalent
2369,784,equivalent
2369,879,weaker
2369,1447,weaker
2369,1767,weaker
2369,1802,equivalent
2369,2170,weaker
2369,3147,weaker
2369,3915,weaker
2369,4036,weaker
2369,4528,weaker
2370,103,incomparable
2370,377,incomparable
2370,411,weaker
2370,750,stronger
2370,1583,stronger
2370,1611,stronger
2370,2632,stronger
2370,3010,stronger
2370,3083,incomparable
2370,3130,incomparable
2370,3280,incomparable
2370,3498,incomparable
2370,3678,incomparable
2370,3716,incomparable
2371,189,equivalent
2371,234,weaker
2371,510,weaker
2371,627,weaker
2371,1268,weaker
2371,1759,weaker
2371,2602,weaker
2372,493,stronger
2372,1048,incomparable
2372,1179,stronger
2372,1494,incomparable
2372,1533,stronger
2372,1672,incomparable
2372,2378,stronger
2372,2421,stronger
2372,2440,stronger
2372,3391,incomparable
2372,3555,incomparable
2372,3964,incomparable
2372,4345,incomparable
2373,1371,stronger
2373,1767,incomparable
2373,1774,incomparable
2373,1953,incomparable
2373,1995,stronger
2373,2126,incomparable
2373,3377,incomparable
2373,3679,incomparable
2374,291,equivalent
2374,1032,weaker
2374,1732,equivalent
2374,1778,equivalent
2374,2336,equivalent
2374,2566,equivalent
2374,2772,equivalent
2374,3755,weaker
2374,4154,weaker
2375,211,weaker
2375,336,weaker
2375,661,weaker
2375,1190,equivalent
2375,1727,equivalent
2375,2739,weaker
2375,2840,equivalent
2375,3804,weaker
2375,4473,weaker
2376,159,incomparable
2376,1461,incomparable
2376,1558,incomparable
2376,1713,incomparable
2376,2417,stronger
2376,2921,stronger
2376,2965,stronger
2376,3235,stronger
2377,1128,equivalent
2377,1740,weaker
2377,1764,weaker
2377,1890,weaker
2377,2222,weaker
2377,2251,weaker
2377,3773,weaker
2377,4429,weaker
2377,4506,weaker
2377,4530,weaker
2378,1437,weaker
2378,2748,equivalent
2378,3378,weaker
2378,3555,weaker
2378,3951,weaker
2378,4403,weaker
2379,53,weaker
2379,1226,weaker
2379,1719,weaker
2379,1973,equivalent
2379,2175,equivalent
2379,3172,equivalent
2379,3448,weaker
2379,4065,weaker
2379,4621,weaker
2380,26,weaker
2380,255,weaker
2380,906,weaker
2380,1213,equivalent
2380,1485,weaker
2380,1988,equivalent
2380,2283,weaker
2380,3121,equivalent
2380,3142,weaker
2380,3451,weaker
2380,3523,weaker
2380,3793,weaker
2380,3794,weaker
2380,3878,weaker
2380,4296,weaker
2381,709,incomparable
2381,802,stronger
2381,848,incomparable
2381,2312,stronger
2381,2475,incomparable
2381,2622,stronger
2381,2775,stronger
2381,2935,stronger
2381,3272,incomparable
2381,4209,incomparable
2381,4342,incomparable
2382,312,weaker
2382,325,weaker
2382,2063,weaker
2382,2135,weaker
2382,2149,equivalent
2382,3305,weaker
2382,4109,weaker
2383,375,incomparable
2383,1127,stronger
2383,1222,stronger
2383,1462,incomparable
2383,2011,stronger
2383,2185,stronger
2383,2241,incomparable
2383,2803,stronger
2383,2817,stronger
2383,2866,incomparable
2383,3204,stronger
2383,3625,incomparable
2383,3919,incomparable
2383,4666,incomparable
2384,241,equivalent
2384,2225,equivalent
2384,2579,weaker
2384,3378,weaker
2384,3432,weaker
2384,4046,weaker
2384,4276,weaker
2385,215,incomparable
2385,490,stronger
2385,778,incomparable
2385,988,stronger
2385,1194,stronger
2385,1368,incomparable
2385,1805,stronger
2385,2244,incomparable
2385,2876,incomparable
2385,3233,stronger
2385,3771,incomparable
2386,42,weaker
2386,59,weaker
2386,2240,weaker
2386,2668,weaker
2386,2756,equivalent
2386,3229,equivalent
2386,3250,equivalent
2386,3254,weaker
2386,3461,weaker
2386,3681,weaker
2386,3688,weaker
2386,3865,weaker
2386,4029,weaker
2386,4047,weaker
2387,88,equivalent
2387,111,weaker
2387,326,weaker
2387,681,equivalent
2387,1039,weaker
2387,2073,weaker
2387,2266,weaker
2387,2329,equivalent
2387,2713,equivalent
2388,322,weaker
2388,713,weaker
2388,1196,equivalent
2388,2351,weaker
2388,2673,weaker
2388,2867,weaker
2388,3976,weaker
2388,4245,weaker
2388,4420,weaker
2388,4443,weaker
2389,17,stronger
2389,304,stronger
2389,694,incomparable
2389,1940,stronger
2389,3425,incomparable
2389,3757,incomparable
2389,4109,incomparable
2389,4203,incomparable
2389,4548,incomparable
2390,637,weaker
2390,956,equivalent
2390,1498,weaker
2390,2188,equivalent
2390,2682,weaker
2390,2687,weaker
2390,3101,weaker
2390,3366,weaker
2390,3692,weaker
2390,3693,weaker
2390,4054,weaker
2390,4221,weaker
2390,4263,weaker
2390,4432,weaker
2391,1066,weaker
2391,1595,equivalent
2391,3590,weaker
2391,4161,weaker
2392,126,equivalent
2392,367,weaker
2392,998,equivalent
2392,1326,equivalent
2392,1361,weaker
2392,1988,equivalent
2392,2492,weaker
2392,3118,weaker
2392,3137,equivalent
2392,3285,weaker
2392,3573,weaker
2392,4212,weaker
2392,4239,weaker
2392,4258,weaker
2393,578,stronger
2393,781,stronger
2393,921,stronger
2393,1163,weaker
2393,1474,incomparable
2393,1853,weaker
2393,2247,incomparable
2393,2816,equivalent
2393,3040,stronger
2393,3391,incomparable
2393,3500,incomparable
2393,3780,incomparable
2393,3836,incomparable
2394,11,weaker
2394,569,equivalent
2394,1498,weaker
2394,2652,weaker
2394,2657,weaker
2394,2761,weaker
2394,3131,weaker
2394,3670,weaker
2394,4629,weaker
2395,940,equivalent
2395,1287,equivalent
2395,1503,equivalent
2395,1591,equivalent
2395,1938,equivalent
2395,2206,equivalent
2395,2517,weaker
2395,2822,equivalent
2395,3248,equivalent
2395,3669,weaker
2395,3682,weaker
2395,3882,weaker
2396,18,equivalent
2396,317,weaker
2396,409,weaker
2396,554,weaker
2396,736,equivalent
2396,1373,equivalent
2396,1623,weaker
2396,2058,weaker
2396,2136,equivalent
2396,2285,weaker
2396,2757,weaker
2396,3209,equivalent
2396,3675,weaker
2396,4465,weaker
2397,228,weaker
2397,329,weaker
2397,392,weaker
2397,1332,weaker
2397,1444,weaker
2397,1985,equivalent
2397,2002,equivalent
2397,2568,equivalent
2397,2911,equivalent
2397,3500,weaker
2397,3571,weaker
2397,3654,weaker
2397,3965,weaker
2397,4514,weaker
2398,531,stronger
2398,2102,stronger
2398,2179,stronger
2398,2312,stronger
2398,2612,stronger
2398,3201,incomparable
2399,74,stronger
2399,131,stronger
2399,350,incomparable
2399,1316,weaker
2399,1420,incomparable
2399,1426,weaker
2399,1818,stronger
2399,2477,incomparable
2399,3433,incomparable
2399,3588,weaker
2399,3749,incomparable
2399,4214,incomparable
2400,445,weaker
2400,1051,weaker
2400,1133,weaker
2400,1399,equivalent
2400,1542,equivalent
2400,1991,equivalent
2400,2456,weaker
2400,2557,equivalent
2400,3139,weaker
2400,3826,weaker
2401,70,equivalent
2401,283,weaker
2401,356,weaker
2401,1176,equivalent
2401,2872,weaker
2401,3574,weaker
2401,3709,weaker
2401,4575,weaker
2402,259,incomparable
2402,350,incomparable
2402,1389,stronger
2402,2285,incomparable
2402,2904,stronger
2402,3061,incomparable
2402,3601,incomparable
2402,3881,incomparable
2403,212,weaker
2403,743,equivalent
2403,1424,equivalent
2403,3036,equivalent
2403,3438,weaker
2403,3648,weaker
2403,4267,weaker
2404,251,equivalent
2404,575,weaker
2404,710,equivalent
2404,1717,equivalent
2404,1932,weaker
2404,1997,equivalent
2404,2073,weaker
2404,2263,weaker
2404,2484,weaker
2404,3470,weaker
2404,3950,weaker
2404,4125,weaker
2404,4191,weaker
2404,4248,weaker
2404,4442,weaker
2405,1045,weaker
2405,1460,weaker
2405,1873,weaker
2405,2033,equivalent
2405,2095,equivalent
2405,2199,weaker
2405,2445,weaker
2405,2462,weaker
2405,2999,equivalent
2405,3067,weaker
2405,3222,weaker
2405,3652,weaker
2406,450,incomparable
2406,1390,stronger
2406,2243,incomparable
2406,3456,incomparable
2406,3681,incomparable
2406,3914,incomparable
2406,3989,incomparable
2406,4046,incomparable
2406,4537,incomparable
2407,44,weaker
2407,475,equivalent
2407,1845,weaker
2407,2017,equivalent
2407,2233,equivalent
2407,2405,equivalent
2407,2690,weaker
2407,3011,weaker
2407,3069,weaker
2407,3280,weaker
2408,70,equivalent
2408,1480,weaker
2408,1550,equivalent
2408,1806,weaker
2408,2084,weaker
2408,2953,equivalent
2408,3035,equivalent
2408,3153,equivalent
2408,3242,weaker
2408,3472,weaker
2408,3803,weaker
2408,3952,weaker
2408,3964,weaker
2408,4404,weaker
2408,4436,weaker
2409,1025,weaker
2409,1153,equivalent
2409,3351,weaker
2410,40,incomparable
2410,510,weaker
2410,622,weaker
2410,1004,weaker
2410,2523,stronger
2410,3762,weaker
2410,3880,weaker
2410,3912,incomparable
2410,4394,incomparable
2410,4533,weaker
2411,526,equivalent
2411,629,weaker
2411,1177,equivalent
2411,1338,equivalent
2411,2557,equivalent
2411,2568,equivalent
2411,3470,weaker
2411,3847,weaker
2411,4048,weaker
2412,184,equivalent
2412,577,equivalent
2412,1119,weaker
2412,1187,equivalent
2412,1487,weaker
2412,1918,equivalent
2412,2123,equivalent
2412,2366,equivalent
2412,2381,weaker
2412,2796,equivalent
2412,3095,weaker
2412,3422,weaker
2412,3451,weaker
2412,3640,weaker
2412,3692,weaker
2412,3868,weaker
2412,3921,weaker
2412,4253,weaker
2412,4340,weaker
2412,4372,weaker
2413,511,weaker
2413,1382,equivalent
2413,1410,weaker
2413,2419,equivalent
2413,2712,weaker
2413,3125,equivalent
2413,3292,weaker
2413,3695,weaker
2413,3779,weaker
2413,3829,weaker
2413,4480,weaker
2413,4654,weaker
2414,156,weaker
2414,633,weaker
2414,1162,equivalent
2414,1552,weaker
2414,2012,equivalent
2414,2237,equivalent
2414,2852,weaker
2414,2873,weaker
2414,3536,weaker
2414,3868,weaker
2414,4089,weaker
2414,4145,weaker
2414,4532,weaker
2414,4614,weaker
2415,640,incomparable
2415,719,incomparable
2415,1182,stronger
2415,1733,stronger
2415,1867,incomparable
2415,2457,incomparable
2415,3416,incomparable
2415,4152,incomparable
2415,4551,incomparable
2416,50,weaker
2416,468,equivalent
2416,895,weaker
2416,975,equivalent
2416,1304,weaker
2416,1628,equivalent
2416,1715,equivalent
2416,2719,equivalent
2416,2844,equivalent
2416,3159,weaker
2416,3270,weaker
2416,3278,weaker
2416,3375,weaker
2416,3581,weaker
2416,3730,weaker
2416,3841,weaker
2416,3999,weaker
2416,4131,weaker
2417,985,weaker
2417,1296,equivalent
2417,1675,weaker
2417,1922,weaker
2417,2081,weaker
2417,2213,equivalent
2417,2391,equivalent
2417,2838,equivalent
2417,3108,weaker
2417,3526,weaker
2417,3566,weaker
2418,276,weaker
2418,958,equivalent
2418,1304,weaker
2418,1549,equivalent
2418,4634,weaker
2419,1394,equivalent
2419,1475,weaker
2419,1495,equivalent
2419,2018,equivalent
2419,2312,equivalent
2419,2730,equivalent
2419,2847,weaker
2419,3626,weaker
2419,3792,weaker
2419,3984,weaker
2419,4167,weaker
2419,4390,weaker
2420,652,incomparable
2420,776,stronger
2420,1092,incomparable
2420,1304,incomparable
2420,1638,incomparable
2420,1722,incomparable
2420,2426,stronger
2420,2563,stronger
2420,2914,stronger
2420,3502,incomparable
2420,3725,incomparable
2420,3775,incomparable
2421,11,weaker
2421,281,weaker
2421,750,equivalent
2421,1397,equivalent
2421,1520,equivalent
2421,1667,weaker
2421,2748,equivalent
2421,3113,weaker
2421,3984,weaker
2422,190,weaker
2422,931,equivalent
2422,1224,weaker
2422,1572,equivalent
2422,1775,equivalent
2422,1920,equivalent
2422,2018,equivalent
2422,2550,weaker
2422,3381,weaker
2423,564,equivalent
2423,985,weaker
2423,1883,weaker
2423,2027,equivalent
2423,2849,weaker
2423,3790,weaker
2423,4322,weaker
2423,4692,weaker
2424,188,equivalent
2424,264,weaker
2424,730,equivalent
2424,882,weaker
2424,1320,weaker
2424,1422,equivalent
2424,1431,weaker
2424,1451,weaker
2424,2086,weaker
2424,2620,equivalent
2424,3177,equivalent
2424,3974,weaker
2424,4206,weaker
2424,4253,weaker
2425,157,incomparable
2425,454,incomparable
2425,613,stronger
2425,686,incomparable
2425,1805,stronger
2425,1811,incomparable
2425,1831,stronger
2425,2627,stronger
2425,3892,incomparable
2426,1011,equivalent
2426,1570,equivalent
2426,1770,equivalent
2426,2157,equivalent
2427,1371,equivalent
2427,1880,weaker
2427,2418,equivalent
2427,3361,weaker
2427,3388,weaker
2427,4532,weaker
2428,532,weaker
2428,607,equivalent
2428,715,equivalent
2428,2217,weaker
2428,2266,weaker
2428,2300,weaker
2428,2758,equivalent
2428,2893,weaker
2428,3300,weaker
2428,4172,weaker
2428,4656,weaker
2429,92,equivalent
2429,381,weaker
2429,2086,weaker
2429,2484,weaker
2429,2835,equivalent
2429,3173,equivalent
2429,3981,weaker
2429,4237,weaker
2429,4267,weaker
2430,397,incomparable
2430,657,incomparable
2430,678,stronger
2430,817,incomparable
2430,898,incomparable
2430,1232,incomparable
2430,1465,incomparable
2430,1780,incomparable
2430,2163,incomparable
2430,2595,stronger
2430,2940,incomparable
2430,2947,incomparable
2430,3272,incomparable
2430,3971,incomparable
2430,3988,incomparable
2430,4399,incomparable
2430,4425,incomparable
2430,4448,incomparable
2430,4457,incomparable
2430,4648,incomparable
2431,114,weaker
2431,630,weaker
2431,943,weaker
2431,1369,equivalent
2431,1461,weaker
2431,2565,equivalent
2431,2954,equivalent
2431,3619,weaker
2431,3823,weaker
2431,4194,weaker
2431,4354,weaker
2431,4450,weaker
2432,1063,weaker
2432,1282,equivalent
2432,2009,weaker
2432,2895,weaker
2432,3281,weaker
2432,3459,weaker
2432,3463,weaker
2432,3571,weaker
2432,3637,weaker
2432,3855,weaker
2432,3930,weaker
2432,4197,weaker
2433,181,equivalent
2433,680,weaker
2433,1105,equivalent
2433,1545,equivalent
2433,2240,weaker
2433,2262,weaker
2433,2291,weaker
2433,2541,weaker
2433,3205,weaker
2433,3229,equivalent
2433,3578,weaker
2433,3820,weaker
2433,3830,weaker
2433,3874,weaker
2433,4069,weaker
2434,778,weaker
2434,988,equivalent
2434,2072,weaker
2434,3110,equivalent
2434,3313,weaker
2434,3637,weaker
2434,3696,weaker
2434,4121,weaker
2435,492,incomparable
2435,790,stronger
2435,1209,stronger
2435,1568,stronger
2435,3201,weaker
2435,3309,weaker
2435,3819,incomparable
2435,4337,incomparable
2435,4684,incomparable
2436,183,equivalent
2436,749,weaker
2436,1271,weaker
2436,2217,weaker
2436,2305,equivalent
2436,2398,weaker
2436,2403,equivalent
2436,2485,weaker
2436,2581,equivalent
2436,2982,weaker
2436,3217,equivalent
2436,4029,weaker
2436,4087,weaker
2436,4129,weaker
2437,833,weaker
2437,1246,weaker
2437,1680,weaker
2437,2231,equivalent
2437,2586,weaker
2437,3537,weaker
2437,3752,weaker
2437,3988,weaker
2437,4296,weaker
2438,70,equivalent
2438,371,weaker
2438,918,equivalent
2438,1857,weaker
2438,2213,equivalent
2438,2788,equivalent
2438,3051,weaker
2438,3087,weaker
2438,3573,weaker
2439,284,equivalent
2439,1353,weaker
2439,2023,equivalent
2439,2123,equivalent
2439,2613,weaker
2439,2864,weaker
2440,1153,equivalent
2440,1556,weaker
2440,2003,equivalent
2440,2599,equivalent
2440,3099,weaker
2440,3337,weaker
2440,4136,weaker
2440,4616,weaker
2441,101,incomparable
2441,362,incomparable
2441,680,incomparable
2441,685,stronger
2441,835,incomparable
2441,988,stronger
2441,1358,incomparable
2441,1905,stronger
2441,2070,incomparable
2441,2105,stronger
2441,2576,stronger
2441,2637,stronger
2441,2811,stronger
2441,3369,incomparable
2441,3885,incomparable
2441,3971,incomparable
2442,202,stronger
2442,335,incomparable
2442,421,incomparable
2442,2149,stronger
2442,2242,equivalent
2442,2527,stronger
2442,3170,stronger
2442,3194,stronger
2442,3556,incomparable
2442,3859,incomparable
2442,4145,weaker
2442,4263,incomparable
2443,447,stronger
2443,625,incomparable
2443,1120,incomparable
2443,1170,stronger
2443,1271,incomparable
2443,2218,stronger
2443,2483,stronger
2443,2638,stronger
2443,3440,incomparable
2443,3450,incomparable
2443,3674,incomparable
2443,3776,incomparable
2443,3887,incomparable
2443,4307,incomparable
2443,4358,incomparable
2444,999,incomparable
2444,1665,stronger
2444,1739,stronger
2445,52,incomparable
2445,556,incomparable
2445,2019,incomparable
2445,3241,stronger
2445,3749,incomparable
2445,4123,weaker
2445,4250,incomparable
2445,4344,incomparable
2446,301,stronger
2446,1070,stronger
2446,2025,stronger
2446,2182,incomparable
2446,2193,stronger
2446,2359,stronger
2446,2918,stronger
2446,3104,stronger
2446,3517,incomparable
2446,3830,incomparable
2446,3884,incomparable
2446,4529,incomparable
2447,171,stronger
2447,231,incomparable
2447,831,incomparable
2447,1505,stronger
2447,1525,incomparable
2447,2170,stronger
2447,3419,incomparable
2447,3781,incomparable
2447,3807,incomparable
2447,4279,incomparable
2448,177,incomparable
2448,371,incomparable
2448,1713,incomparable
2448,1982,stronger
2448,2131,stronger
2448,2495,stronger
2448,3156,stronger
2448,3610,incomparable
2448,3884,incomparable
2448,3939,incomparable
2448,4260,incomparable
2448,4268,weaker
2449,1101,incomparable
2449,1432,incomparable
2449,3018,stronger
2450,76,stronger
2450,254,stronger
2450,406,incomparable
2450,438,stronger
2450,440,incomparable
2450,454,incomparable
2450,554,incomparable
2450,978,incomparable
2450,1050,incomparable
2450,1199,stronger
2450,1326,stronger
2450,1527,stronger
2450,2488,incomparable
2450,2534,incomparable
2450,3201,incomparable
2450,3228,stronger
2450,3671,incomparable
2450,4087,incomparable
2450,4136,incomparable
2450,4261,incomparable
2450,4452,incomparable
2450,4600,incomparable
2451,50,incomparable
2451,605,stronger
2451,1907,stronger
2451,1990,stronger
2451,2510,stronger
2451,3152,incomparable
2451,3770,incomparable
2451,3772,incomparable
2451,4133,weaker
2452,160,incomparable
2452,753,stronger
2452,832,incomparable
2452,1164,stronger
2452,2128,incomparable
2452,2301,incomparable
2452,2496,incomparable
2452,2509,stronger
2452,2523,stronger
2452,2935,stronger
2453,234,incomparable
2453,1720,stronger
2453,2081,incomparable
2453,2098,incomparable
2453,2618,incomparable
2453,2719,stronger
2453,3356,incomparable
2453,3612,incomparable
2453,3698,incomparable
2453,4118,weaker
2453,4433,incomparable
2454,13,incomparable
2454,394,incomparable
2454,479,incomparable
2454,2365,stronger
2454,2913,incomparable
2454,3212,stronger
2454,3431,incomparable
2454,3503,incomparable
2454,3556,incomparable
2454,3723,incomparable
2454,3838,incomparable
2454,3894,incomparable
2454,3997,incomparable
2454,4018,incomparable
2454,4063,incomparable
2454,4500,incomparable
2454,4693,incomparable
2455,5,incomparable
2455,1001,stronger
2455,1861,weaker
2455,2168,stronger
2455,2264,weaker
2455,2462,weaker
2455,3311,weaker
2455,3693,incomparable
2455,4110,incomparable
2455,4476,incomparable
2456,90,incomparable
2456,626,incomparable
2456,2067,incomparable
2456,2347,stronger
2456,2382,stronger
2456,2938,stronger
2456,3031,stronger
2456,3727,incomparable
2456,4631,incomparable
2456,4666,incomparable
2457,34,incomparable
2457,934,incomparable
2457,1364,stronger
2457,1695,incomparable
2457,1998,stronger
2457,2776,incomparable
2457,3222,incomparable
2457,3283,incomparable
2457,4602,incomparable
2458,413,incomparable
2458,830,incomparable
2458,837,incomparable
2458,1427,weaker
2458,2183,stronger
2458,2515,stronger
2458,2518,stronger
2458,2567,incomparable
2458,2978,stronger
2458,3397,incomparable
2458,3823,incomparable
2458,4434,incomparable
2458,4446,incomparable
2458,4589,incomparable
2459,483,incomparable
2459,1012,stronger
2459,1577,incomparable
2459,2804,incomparable
2459,3062,incomparable
2459,3387,incomparable
2459,3846,incomparable
2460,529,stronger
2460,851,incomparable
2460,1321,stronger
2460,1324,stronger
2460,1848,incomparable
2460,1939,stronger
2460,1949,incomparable
2460,3621,incomparable
2460,4110,incomparable
2460,4224,incomparable
2460,4498,incomparable
2461,86,incomparable
2461,192,stronger
2461,730,stronger
2461,765,incomparable
2461,1961,stronger
2461,2650,incomparable
2461,2976,stronger
2461,3840,incomparable
2461,3949,incomparable
2461,4273,incomparable
2461,4364,incomparable
2461,4473,incomparable
2462,17,stronger
2462,1299,incomparable
2462,1491,incomparable
2462,2528,stronger
2462,2632,stronger
2462,2747,stronger
2462,3793,incomparable
2462,3908,incomparable
2462,3972,incomparable
2462,4011,incomparable
2463,16,incomparable
2463,671,stronger
2463,809,stronger
2463,888,stronger
2463,1957,stronger
2463,2224,stronger
2463,3370,incomparable
2463,3391,incomparable
2463,3710,incomparable
2463,3843,incomparable
2463,4302,incomparable
2463,4568,incomparable
2464,213,equivalent
2464,852,incomparable
2464,1564,incomparable
2464,1969,stronger
2464,1998,stronger
2464,2527,stronger
2464,3727,incomparable
2464,4102,incomparable
2464,4137,weaker
2464,4317,weaker
2465,215,weaker
2465,595,stronger
2465,619,incomparable
2465,782,incomparable
2465,1062,stronger
2465,1577,incomparable
2465,1963,stronger
2465,2178,incomparable
2465,2563,stronger
2465,3636,incomparable
2466,1429,incomparable
2466,1842,stronger
2466,2664,incomparable
2466,2892,incomparable
2466,3158,stronger
2466,3636,incomparable
2466,3771,incomparable
2466,4142,incomparable
2466,4403,incomparable
2466,4475,incomparable
2467,5,incomparable
2467,225,stronger
2467,930,incomparable
2467,1114,stronger
2467,1960,stronger
2467,2089,incomparable
2467,2564,stronger
2467,2910,incomparable
2467,3416,incomparable
2467,3749,incomparable
2468,340,incomparable
2468,700,stronger
2468,981,incomparable
2468,1089,stronger
2468,1589,stronger
2468,1612,stronger
2468,1982,stronger
2468,1983,incomparable
2468,2361,stronger
2468,3134,incomparable
2468,3784,incomparable
2468,3980,incomparable
2468,4194,incomparable
2468,4502,incomparable
2468,4591,incomparable
2469,189,stronger
2469,302,stronger
2469,1338,stronger
2469,1527,stronger
2469,1921,incomparable
2469,1999,stronger
2469,2601,incomparable
2469,2909,incomparable
2469,3247,stronger
2469,3304,incomparable
2469,3554,incomparable
2469,3688,incomparable
2469,3902,incomparable
2469,3921,incomparable
2469,4135,incomparable
2469,4449,incomparable
2470,98,stronger
2470,205,incomparable
2470,415,incomparable
2470,1095,stronger
2470,1737,stronger
2471,1079,stronger
2471,3297,incomparable
2472,461,stronger
2472,1539,incomparable
2472,1763,incomparable
2472,2429,stronger
2472,2554,incomparable
2472,3384,incomparable
2472,3995,incomparable
2472,4000,incomparable
2473,376,incomparable
2473,462,stronger
2473,846,incomparable
2473,1084,stronger
2473,1552,incomparable
2473,1676,incomparable
2473,2861,incomparable
2473,3600,incomparable
2473,4641,incomparable
2474,1289,incomparable
2474,1817,stronger
2474,2346,stronger
2474,3116,incomparable
2474,3482,incomparable
2475,272,stronger
2475,316,incomparable
2475,439,incomparable
2475,508,incomparable
2475,2238,weaker
2475,2427,stronger
2475,2949,incomparable
2475,4134,weaker
2475,4264,incomparable
2476,207,stronger
2476,798,stronger
2476,811,incomparable
2476,1423,stronger
2476,1810,stronger
2476,2812,incomparable
2476,3002,stronger
2476,3234,stronger
2476,4103,incomparable
2476,4104,incomparable
2476,4381,incomparable
2476,4442,incomparable
2476,4475,incomparable
2477,205,incomparable
2477,1707,incomparable
2477,2325,stronger
2477,4371,incomparable
2477,4437,incomparable
2478,418,incomparable
2478,1088,incomparable
2478,1205,stronger
2478,2191,stronger
2478,2598,stronger
2478,3313,weaker
2478,4014,incomparable
2478,4118,weaker
2478,4184,incomparable
2478,4603,weaker
2478,4627,incomparable
2479,101,incomparable
2479,575,incomparable
2479,879,incomparable
2479,900,stronger
2479,1598,incomparable
2479,1762,stronger
2479,2140,incomparable
2479,2155,stronger
2479,2172,stronger
2479,3350,incomparable
2479,3591,incomparable
2479,3741,incomparable
2479,3902,incomparable
2479,4253,incomparable
2479,4271,weaker
2479,4336,incomparable
2479,4399,incomparable
2479,4534,incomparable
2480,365,incomparable
2480,591,stronger
2480,910,incomparable
2480,1173,stronger
2480,1619,stronger
2480,2034,stronger
2480,2298,stronger
2480,2506,incomparable
2480,3186,stronger
2480,4329,incomparable
2480,4471,incomparable
2481,884,stronger
2481,909,incomparable
2481,1400,incomparable
2481,2195,incomparable
2481,3056,incomparable
2481,3091,incomparable
2481,3251,stronger
2482,1376,stronger
2482,2822,stronger
2482,2986,stronger
2482,3222,incomparable
2482,3265,incomparable
2482,4412,incomparable
2483,2576,incomparable
2483,3096,weaker
2483,3500,incomparable
2483,3507,incomparable
2483,3542,weaker
2483,4203,incomparable
2483,4273,incomparable
2483,4477,incomparable
2484,718,stronger
2484,1478,incomparable
2484,2457,incomparable
2484,2854,incomparable
2484,3685,incomparable
2484,4128,incomparable
2484,4380,incomparable
2485,421,incomparable
2485,500,incomparable
2485,1147,stronger
2485,1767,incomparable
2485,2240,incomparable
2485,2906,stronger
2485,3448,incomparable
2485,3674,incomparable
2485,3729,incomparable
2485,4067,incomparable
2485,4439,incomparable
2486,38,weaker
2486,42,weaker
2486,1101,incomparable
2486,1441,weaker
2486,1714,stronger
2486,1742,incomparable
2486,2225,stronger
2486,2506,incomparable
2486,2958,incomparable
2486,3654,incomparable
2486,3886,incomparable
2486,4632,weaker
2487,193,stronger
2487,297,stronger
2487,1100,incomparable
2487,1381,stronger
2487,2140,incomparable
2487,2155,stronger
2487,2174,stronger
2487,2390,stronger
2487,2745,stronger
2487,2987,stronger
2487,3174,stronger
2487,3233,stronger
2487,3490,incomparable
2487,3662,incomparable
2488,436,incomparable
2488,623,incomparable
2488,771,stronger
2488,913,stronger
2488,1658,incomparable
2488,2416,stronger
2488,2484,weaker
2488,3488,incomparable
2488,4043,incomparable
2489,251,stronger
2489,340,incomparable
2489,1142,stronger
2489,1466,stronger
2489,1467,incomparable
2489,4327,incomparable
2490,617,incomparable
2490,620,incomparable
2490,1296,stronger
2490,1490,stronger
2490,1711,stronger
2490,1883,equivalent
2490,1997,stronger
2490,2463,weaker
2490,3113,incomparable
2490,3576,incomparable
2490,3653,incomparable
2490,3883,incomparable
2490,3907,incomparable
2490,4189,incomparable
2490,4605,incomparable
2491,89,stronger
2491,385,incomparable
2491,664,stronger
2491,1824,stronger
2491,1876,weaker
2492,829,incomparable
2492,1409,stronger
2492,1555,stronger
2492,1624,stronger
2492,1955,stronger
2492,2279,weaker
2492,2757,incomparable
2492,3033,stronger
2492,3347,incomparable
2492,3549,incomparable
2492,3606,incomparable
2492,4117,weaker
2493,146,incomparable
2493,652,incomparable
2493,1270,incomparable
2493,1274,incomparable
2493,1856,incomparable
2493,2277,incomparable
2493,2339,stronger
2493,2343,stronger
2493,3110,stronger
2493,3292,incomparable
2494,187,stronger
2494,1313,incomparable
2494,1603,incomparable
2494,1751,stronger
2494,1903,stronger
2494,2211,stronger
2494,2788,stronger
2494,3156,stronger
2494,3373,incomparable
2494,3631,incomparable
2494,4009,incomparable
2494,4154,incomparable
2494,4221,incomparable
2495,313,weaker
2495,1192,weaker
2495,1432,weaker
2495,1504,weaker
2495,1580,equivalent
2495,2279,weaker
2495,2522,weaker
2495,3526,weaker
2495,3958,weaker
2495,4327,weaker
2495,4472,weaker
2496,305,stronger
2496,780,stronger
2496,2239,incomparable
2496,2505,stronger
2496,2545,stronger
2496,3861,incomparable
2497,345,incomparable
2497,1008,stronger
2497,1720,stronger
2497,3057,incomparable
2497,3543,incomparable
2497,3993,incomparable
2497,4223,incomparable
2497,4322,incomparable
2497,4468,incomparable
2498,79,equivalent
2498,572,weaker
2498,597,equivalent
2498,1241,weaker
2498,1688,equivalent
2498,2171,equivalent
2498,2381,weaker
2498,2922,equivalent
2498,3100,weaker
2499,745,stronger
2499,932,stronger
2499,1326,stronger
2499,2270,incomparable
2499,3293,incomparable
2499,3734,incomparable
2499,4044,incomparable
2499,4069,incomparable
2499,4373,incomparable
2499,4517,incomparable
2500,468,equivalent
2500,722,equivalent
2500,753,equivalent
2500,1940,equivalent
2500,2003,equivalent
2500,2284,weaker
2500,2588,weaker
2500,4230,weaker
2500,4407,weaker
2500,4429,weaker
2500,4674,weaker
2501,400,weaker
2501,995,equivalent
2501,1152,weaker
2501,2141,equivalent
2501,3038,equivalent
2501,3732,weaker
2501,4589,weaker
2502,869,weaker
2502,1148,equivalent
2502,2462,weaker
2502,3027,equivalent
2502,3530,weaker
2502,4233,weaker
2502,4585,weaker
2502,4628,weaker
2503,502,stronger
2503,1349,incomparable
2503,1785,stronger
2503,1996,incomparable
2503,2172,stronger
2503,2607,stronger
2503,2930,stronger
2503,3041,stronger
2503,3489,incomparable
2503,3597,incomparable
2504,97,stronger
2504,1488,incomparable
2504,2185,stronger
2504,2292,stronger
2504,3616,incomparable
2504,3715,incomparable
2504,4303,incomparable
2505,450,weaker
2505,951,weaker
2505,1588,equivalent
2505,2168,equivalent
2505,2458,weaker
2505,3212,equivalent
2505,3239,equivalent
2505,3395,weaker
2505,3616,weaker
2505,3944,weaker
2506,775,incomparable
2506,1079,stronger
2506,1727,stronger
2506,2525,stronger
2506,2941,stronger
2506,2957,stronger
2506,4208,incomparable
2507,782,incomparable
2507,816,stronger
2507,1175,incomparable
2507,1188,incomparable
2507,1479,incomparable
2507,1687,incomparable
2507,2055,incomparable
2507,2166,stronger
2507,2704,stronger
2507,3300,incomparable
2507,3704,incomparable
2507,3865,incomparable
2508,765,weaker
2508,1352,equivalent
2508,1547,weaker
2508,2354,equivalent
2508,2401,equivalent
2508,2835,equivalent
2508,3557,weaker
2508,4631,weaker
2509,2332,stronger
2509,2408,stronger
2509,2504,incomparable
2509,3793,incomparable
2510,990,equivalent
2510,1146,weaker
2510,1183,equivalent
2510,1611,equivalent
2510,2203,weaker
2510,2522,weaker
2510,3125,equivalent
2510,3396,weaker
2510,3491,weaker
2510,3524,weaker
2510,3707,weaker
2510,3931,weaker
2511,174,stronger
2511,569,stronger
2511,627,incomparable
2511,1173,stronger
2511,1516,incomparable
2511,1965,stronger
2511,2400,stronger
2511,3341,incomparable
2511,3423,incomparable
2511,4425,incomparable
2512,5,weaker
2512,7,equivalent
2512,2621,equivalent
2512,2885,weaker
2512,3810,weaker
2512,4059,weaker
2512,4485,weaker
2513,301,stronger
2513,783,stronger
2513,1070,incomparable
2513,2524,stronger
2513,2953,stronger
2513,3606,incomparable
2513,4185,incomparable
2513,4251,incomparable
2513,4632,incomparable
2514,140,equivalent
2514,786,weaker
2514,876,equivalent
2514,2602,weaker
2514,2702,weaker
2514,2933,equivalent
2514,3184,weaker
2514,3267,weaker
2514,4242,weaker
2514,4473,weaker
2515,212,weaker
2515,543,weaker
2515,574,equivalent
2515,701,equivalent
2515,996,equivalent
2515,1351,equivalent
2515,1994,equivalent
2515,2351,weaker
2515,2580,equivalent
2515,3368,weaker
2515,3566,weaker
2515,3891,weaker
2515,4087,weaker
2516,479,weaker
2516,930,weaker
2516,1288,weaker
2516,1851,weaker
2516,2328,weaker
2516,2834,equivalent
2516,3421,weaker
2516,3812,weaker
2516,3849,weaker
2516,4302,weaker
2517,145,stronger
2517,540,stronger
2517,551,stronger
2517,900,stronger
2517,1883,incomparable
2517,2693,incomparable
2517,3240,stronger
2517,4615,incomparable
2518,293,equivalent
2518,477,weaker
2518,1182,equivalent
2518,1192,weaker
2518,2274,weaker
2518,3183,equivalent
2518,3450,weaker
2518,4342,weaker
2519,20,stronger
2519,33,stronger
2519,169,incomparable
2519,242,incomparable
2519,514,stronger
2519,1002,stronger
2519,1123,stronger
2519,1627,stronger
2519,1703,stronger
2519,1862,incomparable
2519,2216,stronger
2519,2221,stronger
2519,2438,stronger
2519,2543,incomparable
2519,3031,stronger
2519,3187,stronger
2519,4367,incomparable
2520,293,equivalent
2520,316,weaker
2520,366,weaker
2520,785,equivalent
2520,963,equivalent
2520,1712,equivalent
2520,2734,weaker
2520,3067,weaker
2520,3162,equivalent
2520,4483,weaker
2520,4665,weaker
2521,1048,weaker
2521,1129,weaker
2521,1462,incomparable
2521,2173,weaker
2521,2707,incomparable
2521,3077,incomparable
2521,3226,stronger
2521,3233,stronger
2521,3298,incomparable
2522,26,weaker
2522,1096,incomparable
2522,1113,weaker
2522,1466,incomparable
2522,2496,weaker
2522,2543,incomparable
2522,3214,incomparable
2522,3284,incomparable
2522,3945,incomparable
2522,4048,incomparable
2522,4669,incomparable
2523,274,weaker
2523,797,equivalent
2523,2094,equivalent
2523,2923,weaker
2523,2927,weaker
2523,3025,equivalent
2523,3099,weaker
2523,3484,weaker
2523,3579,weaker
2523,3612,weaker
2523,4453,weaker
2523,4480,weaker
2524,1576,equivalent
2524,1865,weaker
2524,2078,weaker
2524,2236,equivalent
2524,2422,equivalent
2524,3019,weaker
2524,4412,weaker
2525,289,stronger
2525,388,weaker
2525,1116,stronger
2525,1161,stronger
2525,1305,stronger
2525,1343,stronger
2525,1820,stronger
2525,2888,incomparable
2525,3038,stronger
2525,3508,incomparable
2525,3552,weaker
2525,4317,incomparable
2525,4427,incomparable
2525,4479,incomparable
2525,4500,incomparable
2526,78,weaker
2526,208,weaker
2526,424,weaker
2526,829,weaker
2526,1030,weaker
2526,1273,weaker
2526,2147,equivalent
2526,2591,equivalent
2526,2764,equivalent
2526,2878,weaker
2526,3084,weaker
2526,3607,weaker
2526,3667,weaker
2527,35,equivalent
2527,66,weaker
2527,179,weaker
2527,1858,weaker
2527,2369,equivalent
2527,2879,weaker
2527,3859,weaker
2528,1027,weaker
2528,1480,weaker
2528,2503,weaker
2528,2547,equivalent
2528,2713,equivalent
2528,2960,weaker
2528,3045,equivalent
2528,3493,weaker
2528,3511,weaker
2528,4123,weaker
2528,4432,weaker
2528,4510,weaker
2529,1054,weaker
2529,1350,equivalent
2529,2008,equivalent
2529,2481,weaker
2529,2547,equivalent
2529,2723,equivalent
2529,3039,weaker
2529,3078,weaker
2529,4262,weaker
2529,4685,weaker
2530,150,stronger
2530,421,incomparable
2530,1037,incomparable
2530,1130,stronger
2530,1375,stronger
2530,1536,stronger
2530,2222,incomparable
2530,2429,stronger
2530,2633,stronger
2530,3545,incomparable
2530,3699,incomparable
2530,3851,incomparable
2530,4267,incomparable
2531,220,stronger
2531,285,stronger
2531,296,stronger
2531,319,incomparable
2531,352,incomparable
2531,545,incomparable
2531,824,incomparable
2531,1269,incomparable
2531,2066,incomparable
2531,2497,incomparable
2531,3045,stronger
2531,3752,incomparable
2531,3763,incomparable
2531,3878,incomparable
2532,1102,equivalent
2532,1150,weaker
2532,1336,weaker
2532,2507,weaker
2532,3362,weaker
2532,3365,weaker
2532,3537,weaker
2532,4260,weaker
2533,280,incomparable
2533,469,incomparable
2533,704,incomparable
2533,2691,incomparable
2533,2797,stronger
2533,3046,stronger
2533,3184,stronger
2533,3412,incomparable
2533,3572,incomparable
2533,3914,incomparable
2533,4358,incomparable
2533,4611,incomparable
2534,23,incomparable
2534,708,stronger
2534,964,incomparable
2534,1362,stronger
2534,2201,stronger
2534,2431,stronger
2534,2556,stronger
2534,2690,incomparable
2534,3168,stronger
2534,4250,incomparable
2534,4629,incomparable
2535,1535,weaker
2535,2240,weaker
2535,3772,weaker
2535,4006,weaker
2535,4015,weaker
2535,4143,weaker
2535,4670,weaker
2536,194,incomparable
2536,496,stronger
2536,632,incomparable
2536,969,stronger
2536,1007,stronger
2536,1207,incomparable
2536,1665,incomparable
2536,1833,incomparable
2536,2182,incomparable
2536,2212,incomparable
2536,2865,incomparable
2536,3369,incomparable
2536,4487,incomparable
2537,269,weaker
2537,409,weaker
2537,461,weaker
2537,1284,equivalent
2537,1879,weaker
2537,1967,weaker
2537,3136,equivalent
2538,1242,incomparable
2538,1510,incomparable
2538,1549,stronger
2538,1724,incomparable
2538,1792,stronger
2538,2865,incomparable
2538,3442,incomparable
2538,4347,incomparable
2539,360,weaker
2539,581,equivalent
2539,708,equivalent
2539,1038,weaker
2539,2111,weaker
2539,2327,weaker
2539,2870,weaker
2539,3115,weaker
2539,3363,weaker
2539,3589,weaker
2539,3718,weaker
2540,1844,incomparable
2540,2841,stronger
2540,3088,incomparable
2540,3267,incomparable
2540,4067,incomparable
2541,255,incomparable
2541,523,stronger
2541,632,incomparable
2541,1752,stronger
2541,2191,stronger
2541,2468,incomparable
2541,2527,stronger
2541,2580,stronger
2541,3206,stronger
2541,3965,incomparable
2541,4420,incomparable
2542,208,weaker
2542,448,weaker
2542,534,equivalent
2542,582,equivalent
2542,636,weaker
2542,1540,equivalent
2542,1740,weaker
2542,2490,weaker
2542,3317,weaker
2542,3542,weaker
2542,3961,weaker
2542,4173,weaker
2542,4258,weaker
2543,624,incomparable
2543,1366,incomparable
2543,1679,incomparable
2543,2133,stronger
2543,2909,incomparable
2543,4051,incomparable
2543,4363,incomparable
2543,4599,incomparable
2543,4643,incomparable
2544,869,weaker
2544,1669,weaker
2544,1921,weaker
2544,2201,equivalent
2544,3077,weaker
2544,3156,equivalent
2544,3628,weaker
2544,3803,weaker
2545,184,equivalent
2545,410,weaker
2545,1992,weaker
2545,2035,weaker
2545,3113,weaker
2545,3205,weaker
2545,3316,weaker
2545,4346,weaker
2546,67,stronger
2546,129,stronger
2546,191,stronger
2546,686,weaker
2546,855,incomparable
2546,1521,weaker
2546,1729,incomparable
2546,2381,weaker
2546,2413,stronger
2546,2486,incomparable
2546,3221,stronger
2547,117,weaker
2547,142,weaker
2547,1547,weaker
2547,2475,weaker
2547,2522,weaker
2547,2563,equivalent
2547,2731,equivalent
2547,2771,equivalent
2547,3147,weaker
2547,3442,weaker
2547,3861,weaker
2547,4316,weaker
2548,787,equivalent
2548,859,weaker
2548,1788,equivalent
2548,1921,weaker
2548,2313,equivalent
2548,3154,equivalent
2548,3421,weaker
2549,262,weaker
2549,959,equivalent
2549,1347,equivalent
2549,1667,weaker
2549,1893,equivalent
2549,2084,weaker
2549,2089,weaker
2549,2518,equivalent
2549,3087,weaker
2549,3116,weaker
2549,3261,weaker
2549,3346,weaker
2549,4405,weaker
2550,815,stronger
2550,1243,incomparable
2550,2016,stronger
2550,2154,stronger
2550,2562,stronger
2550,2932,stronger
2550,3738,incomparable
2550,4001,incomparable
2551,394,weaker
2551,3008,weaker
2551,3379,weaker
2551,3534,weaker
2551,3587,weaker
2551,3906,weaker
2552,534,stronger
2552,692,incomparable
2552,764,stronger
2552,1120,incomparable
2552,1172,stronger
2552,1761,incomparable
2552,2003,stronger
2552,2354,stronger
2552,2454,incomparable
2552,3140,incomparable
2552,3393,incomparable
2552,3396,incomparable
2552,3460,incomparable
2552,3672,incomparable
2553,1317,equivalent
2553,2138,equivalent
2553,2334,equivalent
2553,2546,weaker
2553,2564,equivalent
2553,2995,equivalent
2553,3533,weaker
2553,4135,weaker
2553,4487,weaker
2554,536,stronger
2554,1098,incomparable
2554,1674,incomparable
2554,2746,weaker
2554,3354,incomparable
2554,3556,incomparable
2554,3779,incomparable
2554,4315,incomparable
2554,4544,incomparable
2554,4633,incomparable
2555,788,equivalent
2555,1464,weaker
2555,1889,equivalent
2555,2013,equivalent
2555,2160,equivalent
2555,2680,weaker
2555,2740,equivalent
2555,3391,weaker
2555,3662,weaker
2555,4010,weaker
2555,4325,weaker
2555,4355,weaker
2555,4442,weaker
2556,288,equivalent
2556,406,weaker
2556,1546,equivalent
2556,1748,equivalent
2556,1840,weaker
2556,2123,equivalent
2556,3019,weaker
2556,3241,equivalent
2556,3268,weaker
2556,3459,weaker
2556,3716,weaker
2556,4519,weaker
2557,879,weaker
2557,1138,equivalent
2557,2630,equivalent
2557,3083,weaker
2557,4561,weaker
2558,344,incomparable
2558,1327,stronger
2558,1357,incomparable
2558,1444,incomparable
2558,1462,incomparable
2558,1631,incomparable
2558,2795,weaker
2558,3528,incomparable
2558,3924,incomparable
2559,1173,equivalent
2559,1432,weaker
2559,1752,equivalent
2559,2054,weaker
2559,2412,equivalent
2559,2612,equivalent
2559,3300,weaker
2559,4006,weaker
2559,4086,weaker
2559,4176,weaker
2559,4219,weaker
2560,693,equivalent
2560,793,equivalent
2560,3340,weaker
2560,3413,weaker
2560,3460,weaker
2560,3675,weaker
2560,3999,weaker
2560,4097,weaker
2560,4266,weaker
2560,4317,weaker
2560,4613,weaker
2561,160,weaker
2561,361,weaker
2561,1103,equivalent
2561,1247,weaker
2561,1467,weaker
2561,2237,equivalent
2561,3110,equivalent
2561,3321,weaker
2561,3504,weaker
2561,3783,weaker
2561,3977,weaker
2562,798,stronger
2562,945,stronger
2562,1938,stronger
2562,2128,incomparable
2562,2881,incomparable
2562,2906,stronger
2562,3398,incomparable
2562,3732,weaker
2562,4251,incomparable
2562,4675,weaker
2563,72,weaker
2563,117,weaker
2563,1958,weaker
2563,2006,equivalent
2563,2195,weaker
2563,2361,equivalent
2563,3122,weaker
2563,3140,weaker
2563,3215,equivalent
2563,3461,weaker
2563,3606,weaker
2564,866,weaker
2564,1021,weaker
2564,1526,weaker
2564,1568,equivalent
2564,1861,weaker
2564,2306,weaker
2564,4072,weaker
2564,4203,weaker
2564,4376,weaker
2564,4664,weaker
2565,315,weaker
2565,660,weaker
2565,1304,weaker
2565,1353,weaker
2565,1955,equivalent
2565,2049,weaker
2565,2301,weaker
2565,3349,weaker
2565,3470,weaker
2565,3664,weaker
2565,3765,weaker
2566,440,weaker
2566,2044,weaker
2566,2175,equivalent
2566,2374,equivalent
2566,3099,weaker
2566,3191,equivalent
2566,3764,weaker
2566,4561,weaker
2567,412,incomparable
2567,546,incomparable
2567,730,stronger
2567,1091,stronger
2567,1338,stronger
2567,1777,stronger
2567,2552,incomparable
2567,2626,stronger
2567,2723,stronger
2567,3424,incomparable
2567,4147,incomparable
2567,4267,incomparable
2567,4356,incomparable
2568,305,equivalent
2568,1383,weaker
2568,2388,equivalent
2568,2424,equivalent
2568,2671,weaker
2568,3256,weaker
2568,4137,weaker
2568,4487,weaker
2569,58,weaker
2569,268,weaker
2569,559,equivalent
2569,611,equivalent
2569,619,weaker
2569,1153,equivalent
2569,1232,weaker
2569,1450,weaker
2569,2048,weaker
2569,2258,weaker
2570,47,weaker
2570,1246,weaker
2570,1441,weaker
2570,2740,equivalent
2570,3121,equivalent
2570,3244,equivalent
2570,3463,weaker
2570,4623,weaker
2571,228,incomparable
2571,987,stronger
2571,1286,incomparable
2571,1437,incomparable
2571,1988,stronger
2571,4091,incomparable
2571,4489,incomparable
2572,756,equivalent
2572,1461,weaker
2572,2598,equivalent
2572,3294,weaker
2572,4239,weaker
2573,1879,incomparable
2573,2556,stronger
2573,2625,stronger
2573,3324,incomparable
2573,3344,incomparable
2573,3532,incomparable
2573,3583,incomparable
2573,3860,incomparable
2573,4488,incomparable
2573,4682,incomparable
2574,23,weaker
2574,1281,weaker
2574,2221,equivalent
2574,3523,weaker
2575,39,weaker
2575,101,weaker
2575,800,stronger
2575,1397,stronger
2575,1723,stronger
2575,1775,stronger
2575,1983,weaker
2575,2380,stronger
2575,3570,weaker
2575,3719,incomparable
2575,4139,incomparable
2575,4443,incomparable
2575,4593,weaker
2576,149,stronger
2576,495,incomparable
2576,964,incomparable
2576,1121,stronger
2576,2174,stronger
2576,2206,stronger
2576,2260,incomparable
2576,2833,stronger
2576,3155,incomparable
2576,3161,incomparable
2576,3180,incomparable
2576,3580,incomparable
2576,4534,incomparable
2577,438,weaker
2577,971,equivalent
2577,1020,weaker
2577,2168,equivalent
2577,2461,weaker
2577,2846,equivalent
2577,2972,equivalent
2577,2991,equivalent
2577,3336,weaker
2577,3409,weaker
2577,3986,weaker
2577,4381,weaker
2577,4411,weaker
2577,4502,weaker
2577,4512,weaker
2578,714,weaker
2578,968,weaker
2578,1346,equivalent
2578,1476,weaker
2578,2034,equivalent
2578,2241,weaker
2578,2248,weaker
2578,2813,equivalent
2578,3029,weaker
2578,3050,weaker
2578,3106,weaker
2578,3417,weaker
2578,3936,weaker
2579,53,incomparable
2579,1960,stronger
2579,1980,stronger
2579,2333,weaker
2579,2362,stronger
2579,2508,stronger
2579,2876,incomparable
2579,2918,stronger
2579,3996,incomparable
2579,4584,weaker
2580,541,weaker
2580,1584,equivalent
2580,2369,equivalent
2580,2578,equivalent
2580,2970,equivalent
2580,3299,weaker
2580,3334,weaker
2580,3852,weaker
2581,149,equivalent
2581,305,equivalent
2581,561,equivalent
2581,817,weaker
2581,1356,equivalent
2581,1413,equivalent
2581,1428,weaker
2581,2181,equivalent
2581,2341,equivalent
2581,2830,equivalent
2581,2850,weaker
2581,2869,weaker
2581,2884,weaker
2581,3100,weaker
2581,4677,weaker
2582,113,weaker
2582,1232,weaker
2582,1690,equivalent
2582,2001,equivalent
2582,2128,weaker
2582,2238,weaker
2582,3254,weaker
2582,3421,weaker
2582,3914,weaker
2582,4386,weaker
2582,4554,weaker
2583,185,equivalent
2583,310,weaker
2583,733,equivalent
2583,774,weaker
2583,860,weaker
2583,947,weaker
2583,1499,equivalent
2583,1646,weaker
2583,1677,weaker
2583,2219,equivalent
2583,3527,weaker
2583,3848,weaker
2583,4050,weaker
2583,4481,weaker
2584,158,incomparable
2584,336,incomparable
2584,1466,incomparable
2584,1880,incomparable
2584,2450,incomparable
2584,2964,incomparable
2584,2965,stronger
2584,4091,incomparable
2584,4210,incomparable
2584,4381,incomparable
2584,4647,incomparable
2585,193,equivalent
2585,369,weaker
2585,389,weaker
2585,422,weaker
2585,652,weaker
2585,841,weaker
2585,1006,equivalent
2585,1675,weaker
2585,1710,weaker
2585,2231,equivalent
2585,3894,weaker
2585,4065,weaker
2585,4089,weaker
2585,4176,weaker
2586,28,incomparable
2586,142,incomparable
2586,359,incomparable
2586,468,stronger
2586,583,incomparable
2586,795,stronger
2586,1098,incomparable
2586,1375,stronger
2586,1659,incomparable
2586,1746,incomparable
2586,2221,stronger
2586,2476,incomparable
2586,2551,stronger
2586,2562,incomparable
2586,2771,stronger
2586,2965,stronger
2586,3404,incomparable
2586,4645,incomparable
2587,450,weaker
2587,617,weaker
2587,802,equivalent
2587,879,weaker
2587,1368,weaker
2587,1548,equivalent
2587,1709,weaker
2587,1774,weaker
2587,1826,weaker
2587,1881,weaker
2587,2068,weaker
2587,2253,weaker
2587,2846,equivalent
2587,2971,equivalent
2587,3078,weaker
2587,4033,weaker
2587,4230,weaker
2587,4249,weaker
2588,15,stronger
2588,78,incomparable
2588,370,incomparable
2588,2151,stronger
2588,2170,incomparable
2588,2365,stronger
2588,2608,stronger
2588,3208,stronger
2588,3738,incomparable
2588,3897,incomparable
2588,4260,incomparable
2588,4306,incomparable
2588,4635,incomparable
2589,337,weaker
2589,557,equivalent
2589,1578,equivalent
2589,1913,weaker
2589,2324,equivalent
2589,2390,equivalent
2589,2521,weaker
2589,2682,weaker
2589,2840,equivalent
2589,3686,weaker
2590,248,equivalent
2590,777,equivalent
2590,884,equivalent
2590,1420,weaker
2590,1515,weaker
2590,2992,weaker
2590,3349,weaker
2590,3354,weaker
2590,3773,weaker
2590,3799,weaker
2590,3904,weaker
2591,536,equivalent
2591,1407,equivalent
2591,1864,weaker
2591,2137,weaker
2591,2614,equivalent
2591,2902,weaker
2591,3089,weaker
2591,3492,weaker
2591,4117,weaker
2592,2050,incomparable
2592,2089,incomparable
2592,2126,incomparable
2592,2407,stronger
2592,2985,stronger
2592,3629,incomparable
2592,3670,incomparable
2592,3817,incomparable
2592,3964,incomparable
2592,4605,incomparable
2593,1049,weaker
2593,1874,weaker
2593,1987,weaker
2593,2877,weaker
2593,3400,weaker
2593,4158,weaker
2593,4262,weaker
2594,265,weaker
2594,2027,equivalent
2594,2181,equivalent
2594,2414,equivalent
2594,2582,equivalent
2594,2660,weaker
2594,2676,weaker
2594,2703,equivalent
2594,3118,weaker
2594,3841,weaker
2594,3855,weaker
2595,2012,equivalent
2595,2124,weaker
2595,3378,weaker
2595,3785,weaker
2595,3957,weaker
2595,3996,weaker
2595,4655,weaker
2596,46,incomparable
2596,629,weaker
2596,1587,incomparable
2596,1671,incomparable
2596,1747,stronger
2596,2137,weaker
2596,2890,weaker
2597,166,weaker
2597,343,weaker
2597,497,equivalent
2597,902,equivalent
2597,923,equivalent
2597,1865,weaker
2597,2407,equivalent
2597,2717,equivalent
2597,3789,weaker
2597,4170,weaker
2597,4519,weaker
2598,78,weaker
2598,381,weaker
2598,660,weaker
2598,956,equivalent
2598,1159,equivalent
2598,1381,equivalent
2598,1433,weaker
2598,1969,equivalent
2598,2195,weaker
2598,2310,weaker
2598,2466,weaker
2598,2644,weaker
2598,2958,weaker
2598,3863,weaker
2598,4443,weaker
2598,4512,weaker
2599,325,weaker
2599,562,weaker
2599,1089,equivalent
2599,1265,weaker
2599,1355,weaker
2599,1634,weaker
2599,3049,equivalent
2599,4026,weaker
2599,4047,weaker
2599,4049,weaker
2599,4580,weaker
2600,57,weaker
2600,370,weaker
2600,1129,weaker
2600,1263,weaker
2600,1706,equivalent
2600,2155,equivalent
2600,3530,weaker
2600,3783,weaker
2600,4369,weaker
2600,4377,weaker
2601,586,stronger
2601,1253,incomparable
2601,2114,stronger
2601,2208,stronger
2601,2517,incomparable
2601,2697,incomparable
2601,2914,stronger
2601,3120,incomparable
2601,3824,incomparable
2601,3962,incomparable
2602,21,stronger
2602,209,incomparable
2602,501,incomparable
2602,584,stronger
2602,1296,stronger
2602,1885,incomparable
2602,2133,stronger
2602,2898,incomparable
2602,3677,weaker
2602,3931,incomparable
2602,4004,incomparable
2602,4287,incomparable
2602,4402,incomparable
2603,485,equivalent
2603,1193,equivalent
2603,1236,weaker
2603,2095,equivalent
2603,2526,equivalent
2603,2549,equivalent
2603,2857,weaker
2603,3120,weaker
2603,4469,weaker
2603,4591,weaker
2604,514,equivalent
2604,761,weaker
2604,1040,weaker
2604,1624,equivalent
2604,1643,weaker
2604,1810,equivalent
2604,2220,equivalent
2604,2240,weaker
2604,2356,equivalent
2604,2763,equivalent
2604,2783,equivalent
2604,2837,equivalent
2604,3112,weaker
2604,4086,weaker
2604,4548,weaker
2605,346,incomparable
2605,589,stronger
2605,684,incomparable
2605,948,stronger
2605,1391,incomparable
2606,398,weaker
2606,611,equivalent
2606,1559,equivalent
2606,1861,weaker
2606,2501,equivalent
2606,2565,equivalent
2606,2577,equivalent
2606,3208,equivalent
2606,3704,weaker
2606,3963,weaker
2606,4226,weaker
2606,4394,weaker
2607,252,equivalent
2607,438,weaker
2607,961,equivalent
2607,1168,equivalent
2607,1180,weaker
2607,3111,equivalent
2607,3348,weaker
2607,3748,weaker
2607,3970,weaker
2607,3991,weaker
2607,4064,weaker
2607,4197,weaker
2608,997,equivalent
2608,1588,equivalent
2608,1866,weaker
2608,1971,equivalent
2608,2211,equivalent
2608,2321,equivalent
2608,3453,weaker
2608,3589,weaker
2608,4479,weaker
2608,4554,weaker
2608,4623,weaker
2609,4,incomparable
2609,760,stronger
2609,779,stronger
2609,959,stronger
2609,1720,stronger
2609,1740,incomparable
2609,1747,stronger
2609,2685,incomparable
2609,4592,incomparable
2610,138,weaker
2610,936,equivalent
2610,1244,weaker
2610,1247,weaker
2610,1522,equivalent
2610,1552,weaker
2610,3004,equivalent
2610,3339,weaker
2610,3618,weaker
2611,380,weaker
2611,1515,weaker
2611,1573,weaker
2611,1596,equivalent
2611,2197,equivalent
2611,2742,equivalent
2611,3275,weaker
2611,3526,weaker
2611,4223,weaker
2612,315,weaker
2612,810,equivalent
2612,1108,equivalent
2612,1292,equivalent
2612,1389,equivalent
2612,1411,equivalent
2612,2424,equivalent
2612,3258,weaker
2612,3564,weaker
2612,3644,weaker
2612,3909,weaker
2612,3918,weaker
2612,4639,weaker
2613,480,stronger
2613,808,stronger
2613,1116,stronger
2613,1503,stronger
2613,1974,stronger
2613,2687,weaker
2613,3254,incomparable
2613,3579,incomparable
2613,4202,incomparable
2613,4672,incomparable
2614,1111,equivalent
2614,1499,equivalent
2614,1772,weaker
2614,2293,weaker
2614,2761,weaker
2614,3196,equivalent
2614,3338,weaker
2614,3432,weaker
2614,3558,weaker
2614,4590,weaker
2615,310,weaker
2615,506,weaker
2615,523,equivalent
2615,1078,weaker
2615,2264,weaker
2615,2317,equivalent
2615,3259,weaker
2615,3345,weaker
2615,3536,weaker
2615,3862,weaker
2615,4237,weaker
2615,4553,weaker
2615,4576,weaker
2616,27,weaker
2616,890,equivalent
2616,1332,weaker
2616,3568,weaker
2616,4011,weaker
2616,4467,weaker
2617,323,weaker
2617,495,weaker
2617,590,equivalent
2617,1822,equivalent
2617,2778,weaker
2617,2830,equivalent
2617,3146,equivalent
2618,323,incomparable
2618,420,incomparable
2618,801,incomparable
2618,2009,incomparable
2618,2781,stronger
2618,3586,incomparable
2618,3793,incomparable
2618,4282,incomparable
2619,214,weaker
2619,264,weaker
2619,640,weaker
2619,1016,equivalent
2619,1439,weaker
2619,1899,equivalent
2619,3052,weaker
2619,3186,equivalent
2619,3318,weaker
2619,3910,weaker
2619,3977,weaker
2620,319,weaker
2620,355,weaker
2620,1097,equivalent
2620,1866,weaker
2620,2146,weaker
2620,2466,weaker
2620,2873,weaker
2620,2923,weaker
2620,3070,weaker
2621,203,weaker
2621,1904,weaker
2621,2209,equivalent
2621,2488,weaker
2621,2599,equivalent
2621,3201,weaker
2621,4198,weaker
2621,4302,weaker
2622,366,weaker
2622,619,weaker
2622,968,weaker
2622,1122,weaker
2622,1267,weaker
2622,2042,weaker
2622,2059,weaker
2622,2244,weaker
2622,2349,weaker
2622,2519,weaker
2622,3684,weaker
2622,4587,weaker
2623,900,stronger
2623,1305,stronger
2623,1387,incomparable
2623,2171,stronger
2623,3110,stronger
2623,3202,stronger
2623,4582,incomparable
2624,436,weaker
2624,717,equivalent
2624,1109,weaker
2624,1216,equivalent
2624,1822,equivalent
2624,2755,weaker
2624,3172,equivalent
2624,3824,weaker
2624,4162,weaker
2624,4248,weaker
2625,202,equivalent
2625,357,weaker
2625,915,equivalent
2625,1203,equivalent
2625,1929,weaker
2625,3087,weaker
2625,3825,weaker
2625,4257,weaker
2625,4414,weaker
2625,4660,weaker
2625,4693,weaker
2626,1948,equivalent
2626,2265,weaker
2626,2698,equivalent
2626,3567,weaker
2626,3966,weaker
2626,4116,weaker
2626,4368,weaker
2627,1797,weaker
2627,2369,equivalent
2627,2844,equivalent
2627,3362,weaker
2627,4092,weaker
2627,4396,weaker
2628,159,weaker
2628,252,stronger
2628,517,stronger
2628,1589,stronger
2628,2128,incomparable
2628,2165,weaker
2628,2186,weaker
2628,3457,incomparable
2628,3745,incomparable
2628,4622,weaker
2629,232,equivalent
2629,270,weaker
2629,289,equivalent
2629,425,weaker
2629,472,equivalent
2629,1536,equivalent
2629,1723,equivalent
2629,2424,equivalent
2629,3376,weaker
2629,3451,weaker
2629,3513,weaker
2629,3576,weaker
2630,494,equivalent
2630,1410,weaker
2630,1736,equivalent
2630,2169,weaker
2630,2290,weaker
2630,2664,weaker
2630,2956,weaker
2630,3474,weaker
2630,4313,weaker
2630,4481,weaker
2631,132,equivalent
2631,710,equivalent
2631,890,equivalent
2631,1722,weaker
2631,2012,equivalent
2631,2851,weaker
2631,3041,equivalent
2631,3295,weaker
2631,3455,weaker
2631,4481,weaker
2632,30,equivalent
2632,37,equivalent
2632,738,equivalent
2632,1167,weaker
2632,1338,equivalent
2632,2085,weaker
2632,2964,weaker
2632,3011,weaker
2632,4175,weaker
2633,606,stronger
2633,1343,stronger
2633,1571,incomparable
2633,1590,weaker
2633,1890,weaker
2633,2031,stronger
2633,2353,stronger
2633,2392,stronger
2633,2461,incomparable
2633,2605,weaker
2633,2917,incomparable
2633,3068,weaker
2633,3097,weaker
2633,3113,incomparable
2633,3522,weaker
2633,3554,incomparable
2633,3641,incomparable
2634,538,equivalent
2634,736,equivalent
2634,820,weaker
2634,845,weaker
2634,1205,equivalent
2634,1810,equivalent
2634,1981,equivalent
2634,2489,weaker
2634,3071,weaker
2634,3154,equivalent
2634,4373,weaker
2635,671,equivalent
2635,893,weaker
2635,1021,weaker
2635,2281,weaker
2635,2619,equivalent
2635,3031,equivalent
2635,3142,weaker
2635,3309,weaker
2635,3450,weaker
2635,3629,weaker
2635,3687,weaker
2635,4218,weaker
2635,4448,weaker
2636,536,equivalent
2636,798,equivalent
2636,817,weaker
2636,1228,weaker
2636,1442,weaker
2636,1863,weaker
2636,2189,equivalent
2636,3906,weaker
2636,4091,weaker
2636,4306,weaker
2637,42,weaker
2637,1499,equivalent
2637,2229,equivalent
2637,2497,weaker
2637,2643,equivalent
2637,3508,weaker
2637,3753,weaker
2637,3867,weaker
2637,3957,weaker
2637,4160,weaker
2637,4358,weaker
2637,4685,weaker
2638,527,stronger
2638,802,stronger
2638,911,stronger
2638,1179,stronger
2638,2251,incomparable
2638,2562,equivalent
2638,2836,weaker
2638,3275,incomparable
2638,4194,incomparable
2639,412,weaker
2639,972,weaker
2639,1117,weaker
2639,1202,weaker
2639,1249,weaker
2639,1507,weaker
2639,2510,equivalent
2639,2523,equivalent
2639,2589,equivalent
2639,3262,weaker
2639,3968,weaker
2640,516,weaker
2640,544,equivalent
2640,1367,equivalent
2640,1599,equivalent
2640,1885,weaker
2640,2315,equivalent
2640,3538,weaker
2640,3992,weaker
2640,4066,weaker
2640,4097,weaker
2641,568,equivalent
2641,1422,equivalent
2641,2075,weaker
2641,2177,equivalent
2641,2904,equivalent
2641,3655,weaker
2641,3898,weaker
2641,4028,weaker
2641,4146,weaker
2641,4331,weaker
2641,4486,weaker
2642,634,weaker
2642,2218,equivalent
2642,2418,equivalent
2642,2485,weaker
2642,2505,equivalent
2642,2645,weaker
2642,2870,weaker
2642,3553,weaker
2642,3734,weaker
2642,3775,weaker
2642,4118,weaker
2642,4394,weaker
2642,4569,weaker
2642,4582,weaker
2642,4659,weaker
2643,705,equivalent
2643,758,equivalent
2643,1176,equivalent
2643,1437,weaker
2643,1535,weaker
2643,2591,equivalent
2643,2725,weaker
2643,3272,weaker
2643,3893,weaker
2643,4091,weaker
2643,4302,weaker
2643,4598,weaker
2644,1074,stronger
2644,1539,incomparable
2644,2017,stronger
2644,2581,stronger
2644,2913,incomparable
2644,3817,incomparable
2644,4585,incomparable
2644,4667,incomparable
2645,1766,stronger
2645,2101,incomparable
2645,2161,incomparable
2645,3136,stronger
2645,3380,incomparable
2645,3502,incomparable
2645,4490,incomparable
2646,234,stronger
2646,987,stronger
2646,1251,incomparable
2646,1292,stronger
2646,1466,incomparable
2646,2124,incomparable
2646,4567,incomparable
2647,889,incomparable
2647,1363,stronger
2647,1962,incomparable
2647,2484,incomparable
2647,2670,incomparable
2647,3420,incomparable
2648,52,incomparable
2648,1037,incomparable
2648,2567,incomparable
2648,2610,stronger
2648,2787,incomparable
2648,2876,weaker
2648,3587,incomparable
2648,3763,incomparable
2648,4231,incomparable
2649,129,stronger
2649,306,stronger
2649,726,stronger
2649,1254,incomparable
2649,1556,incomparable
2649,2066,incomparable
2649,2753,stronger
2649,3211,incomparable
2649,3554,incomparable
2649,3683,incomparable
2649,4111,incomparable
2649,4152,incomparable
2649,4314,incomparable
2649,4584,incomparable
2650,42,incomparable
2650,300,stronger
2650,810,stronger
2650,1427,incomparable
2650,4388,incomparable
2650,4630,incomparable
2651,160,incomparable
2651,721,stronger
2651,2230,stronger
2651,2340,incomparable
2651,2385,incomparable
2651,2458,incomparable
2651,2586,incomparable
2651,3687,incomparable
2651,4027,incomparable
2651,4063,incomparable
2651,4599,weaker
2651,4681,incomparable
2652,542,stronger
2652,773,stronger
2652,1143,stronger
2652,1586,incomparable
2652,1609,stronger
2652,2428,stronger
2652,2452,incomparable
2652,2728,stronger
2652,3191,stronger
2652,3489,incomparable
2652,3617,incomparable
2652,3710,incomparable
2652,3712,incomparable
2652,3842,incomparable
2652,4073,incomparable
2652,4175,incomparable
2652,4452,incomparable
2652,4623,incomparable
2653,20,stronger
2653,28,incomparable
2653,64,stronger
2653,593,incomparable
2653,895,incomparable
2653,1127,stronger
2653,2399,incomparable
2653,2554,incomparable
2653,2807,stronger
2653,3074,incomparable
2653,3506,incomparable
2653,4214,incomparable
2654,1440,incomparable
2654,2107,incomparable
2654,2384,stronger
2654,2630,stronger
2654,2751,stronger
2654,2794,stronger
2654,3175,stronger
2654,3278,incomparable
2654,3835,incomparable
2654,3910,incomparable
2654,4012,incomparable
2654,4057,incomparable
2654,4453,incomparable
2654,4649,incomparable
2655,1368,incomparable
2655,2084,stronger
2655,2877,stronger
2655,4020,incomparable
2655,4143,incomparable
2655,4196,incomparable
2655,4363,incomparable
2656,141,stronger
2656,499,stronger
2656,1229,incomparable
2656,1688,stronger
2656,1790,incomparable
2656,1807,stronger
2656,2018,stronger
2656,2168,stronger
2656,3924,incomparable
2656,3931,incomparable
2656,4227,incomparable
2657,460,stronger
2657,608,incomparable
2657,1012,stronger
2657,1079,stronger
2657,1249,incomparable
2657,1305,stronger
2657,2631,stronger
2657,3587,incomparable
2657,4329,incomparable
2657,4390,incomparable
2657,4399,incomparable
2658,66,incomparable
2658,360,incomparable
2658,725,incomparable
2658,880,incomparable
2658,1331,stronger
2658,1653,incomparable
2658,1793,incomparable
2658,3036,stronger
2658,3631,incomparable
2658,3766,incomparable
2659,228,incomparable
2659,355,incomparable
2659,851,incomparable
2659,876,stronger
2659,1216,stronger
2659,1351,stronger
2659,2319,incomparable
2659,3103,incomparable
2659,3745,incomparable
2659,3883,incomparable
2659,4054,incomparable
2659,4399,incomparable
2659,4584,incomparable
2660,198,incomparable
2660,1352,stronger
2660,3638,incomparable
2660,4389,incomparable
2660,4591,incomparable
2661,7,stronger
2661,102,incomparable
2661,114,incomparable
2661,672,incomparable
2661,983,stronger
2661,1878,incomparable
2661,2681,equivalent
2661,3693,incomparable
2661,3726,incomparable
2661,4254,incomparable
2662,81,stronger
2662,291,stronger
2662,655,incomparable
2662,921,stronger
2662,1003,stronger
2662,1170,stronger
2662,1237,incomparable
2662,1395,incomparable
2662,1633,incomparable
2662,1905,stronger
2662,3268,incomparable
2662,3636,incomparable
2662,3777,incomparable
2662,4146,incomparable
2662,4167,incomparable
2662,4547,incomparable
2662,4601,incomparable
2663,1463,incomparable
2663,1526,incomparable
2663,1609,stronger
2663,1677,incomparable
2663,2360,stronger
2663,2483,incomparable
2663,2856,incomparable
2663,3245,stronger
2663,3329,incomparable
2663,3719,incomparable
2663,3909,incomparable
2663,4006,incomparable
2664,159,incomparable
2664,1396,stronger
2664,2282,incomparable
2664,3003,stronger
2664,3832,incomparable
2664,4654,weaker
2665,173,stronger
2665,1527,stronger
2665,2185,stronger
2665,3170,stronger
2665,4120,incomparable
2665,4507,incomparable
2665,4551,incomparable
2666,45,incomparable
2666,286,incomparable
2666,432,incomparable
2666,628,incomparable
2666,697,stronger
2666,1049,incomparable
2666,1203,stronger
2666,1207,incomparable
2666,1327,stronger
2666,1707,incomparable
2666,1728,incomparable
2666,2243,incomparable
2666,2598,stronger
2666,3439,incomparable
2666,3969,incomparable
2667,113,stronger
2667,293,stronger
2667,891,stronger
2667,1267,incomparable
2667,1995,stronger
2667,2076,weaker
2667,2401,stronger
2667,2462,incomparable
2667,3330,weaker
2667,4305,incomparable
2668,308,weaker
2668,635,incomparable
2668,875,incomparable
2668,982,stronger
2668,1285,incomparable
2668,1554,stronger
2668,1658,incomparable
2668,1768,stronger
2668,1838,incomparable
2668,2270,incomparable
2668,2278,incomparable
2668,2829,stronger
2668,3084,incomparable
2668,3374,incomparable
2668,3426,incomparable
2668,3561,incomparable
2668,3640,incomparable
2668,3691,incomparable
2668,3963,incomparable
2668,4112,incomparable
2668,4207,incomparable
2669,2,stronger
2669,1186,stronger
2669,1268,stronger
2669,1731,incomparable
2669,2274,incomparable
2669,2358,stronger
2669,2445,incomparable
2669,2453,incomparable
2669,2482,incomparable
2669,2708,stronger
2669,2844,stronger
2669,3020,stronger
2669,4113,incomparable
2670,547,stronger
2670,1600,stronger
2670,1627,stronger
2670,3205,incomparable
2670,3435,incomparable
2670,3462,incomparable
2670,3676,incomparable
2670,3794,incomparable
2670,4329,incomparable
2671,158,incomparable
2671,328,weaker
2671,571,incomparable
2671,1557,stronger
2671,2296,incomparable
2671,2647,weaker
2671,3742,incomparable
2671,3790,incomparable
2671,4122,incomparable
2671,4429,incomparable
2672,442,incomparable
2672,572,incomparable
2672,672,incomparable
2672,854,incomparable
2672,1022,incomparable
2672,1051,incomparable
2672,1774,incomparable
2672,2069,stronger
2672,3755,incomparable
2672,4683,incomparable
2673,255,incomparable
2673,273,incomparable
2673,813,stronger
2673,827,incomparable
2673,977,incomparable
2673,1415,incomparable
2673,2361,stronger
2673,2921,stronger
2673,2962,stronger
2673,3144,stronger
2673,3234,stronger
2673,3311,incomparable
2673,3839,incomparable
2673,3977,incomparable
2673,4005,incomparable
2673,4099,incomparable
2674,115,incomparable
2674,934,incomparable
2674,970,stronger
2674,1004,incomparable
2674,1299,incomparable
2674,1489,incomparable
2674,3155,incomparable
2674,3492,incomparable
2674,4517,incomparable
2675,708,stronger
2675,1204,stronger
2675,1361,incomparable
2675,1614,stronger
2675,1995,stronger
2675,3249,stronger
2675,3279,incomparable
2675,4012,incomparable
2675,4327,incomparable
2675,4510,incomparable
2676,145,stronger
2676,466,incomparable
2676,618,incomparable
2676,840,incomparable
2676,943,incomparable
2676,946,stronger
2676,1475,incomparable
2676,1559,stronger
2676,1661,incomparable
2676,1675,incomparable
2676,1837,incomparable
2676,2994,incomparable
2676,3009,stronger
2676,3062,incomparable
2676,3250,stronger
2676,3292,incomparable
2676,3716,incomparable
2676,4108,incomparable
2677,352,incomparable
2677,380,incomparable
2677,1604,stronger
2677,1828,stronger
2677,1974,stronger
2677,3610,incomparable
2677,3641,incomparable
2677,3680,incomparable
2677,4056,incomparable
2678,1090,incomparable
2678,1127,stronger
2678,1281,incomparable
2678,1289,incomparable
2678,1493,stronger
2678,2035,weaker
2678,2455,incomparable
2678,3157,stronger
2678,3427,incomparable
2678,3569,incomparable
2679,428,incomparable
2679,445,stronger
2679,459,stronger
2679,683,stronger
2679,848,incomparable
2679,878,stronger
2679,901,incomparable
2679,2320,stronger
2679,2481,incomparable
2679,2838,stronger
2679,3252,stronger
2679,3916,incomparable
2679,4313,incomparable
2679,4686,incomparable
2680,387,incomparable
2680,462,stronger
2680,872,incomparable
2680,1534,stronger
2680,2115,incomparable
2680,2184,stronger
2680,2354,stronger
2680,3072,incomparable
2681,62,incomparable
2681,172,incomparable
2681,441,stronger
2681,551,stronger
2681,1265,incomparable
2681,1525,incomparable
2681,1585,stronger
2681,1940,stronger
2681,2179,stronger
2681,2946,incomparable
2681,3629,incomparable
2681,3967,incomparable
2681,3995,incomparable
2681,4045,incomparable
2681,4491,incomparable
2682,47,incomparable
2682,373,incomparable
2682,415,incomparable
2682,1926,stronger
2682,2122,stronger
2682,2193,stronger
2682,3062,incomparable
2682,3227,incomparable
2682,4081,incomparable
2682,4220,incomparable
2683,28,incomparable
2683,61,stronger
2683,1684,incomparable
2683,2140,incomparable
2683,3145,incomparable
2683,3569,incomparable
2683,3904,incomparable
2683,4505,incomparable
2683,4527,incomparable
2684,160,incomparable
2684,502,stronger
2684,573,stronger
2684,1381,stronger
2684,1533,stronger
2684,3238,stronger
2684,3427,incomparable
2684,3598,incomparable
2684,4275,incomparable
2684,4614,incomparable
2685,1435,incomparable
2685,1870,incomparable
2685,2080,stronger
2685,3462,weaker
2685,3575,incomparable
2685,4487,incomparable
2686,631,stronger
2686,1183,stronger
2686,1863,incomparable
2686,2356,stronger
2686,2369,stronger
2686,2543,incomparable
2686,4383,incomparable
2686,4619,incomparable
2687,12,stronger
2687,746,incomparable
2687,1139,stronger
2687,1434,incomparable
2687,2400,stronger
2687,2422,stronger
2687,2599,stronger
2687,3954,incomparable
2688,730,stronger
2688,846,incomparable
2688,1045,incomparable
2688,1237,incomparable
2688,1817,stronger
2688,2294,incomparable
2688,2381,incomparable
2688,2546,incomparable
2688,2859,stronger
2688,3055,incomparable
2688,3988,incomparable
2689,442,incomparable
2689,600,stronger
2689,851,incomparable
2689,1077,stronger
2689,1364,stronger
2689,2231,stronger
2689,2880,weaker
2689,2915,incomparable
2689,2962,stronger
2689,3392,incomparable
2690,824,incomparable
2690,952,incomparable
2690,1278,incomparable
2690,1316,incomparable
2690,1620,stronger
2690,2640,stronger
2690,3185,incomparable
2690,3523,weaker
2690,4085,incomparable
2691,163,incomparable
2691,639,incomparable
2691,865,stronger
2691,900,stronger
2691,2101,incomparable
2691,2238,incomparable
2691,2376,incomparable
2691,2752,stronger
2691,2763,stronger
2691,3272,incomparable
2692,354,incomparable
2692,866,stronger
2692,1008,stronger
2692,2229,stronger
2692,2453,incomparable
2692,2756,stronger
2692,3562,incomparable
2692,3771,incomparable
2692,4137,incomparable
2692,4399,incomparable
2693,575,incomparable
2693,2194,stronger
2693,2350,stronger
2693,3013,stronger
2693,3942,incomparable
2693,3997,incomparable
2693,4008,incomparable
2693,4365,incomparable
2693,4374,incomparable
2693,4463,incomparable
2693,4515,incomparable
2694,191,stronger
2694,485,stronger
2694,1794,stronger
2694,2026,stronger
2694,3119,stronger
2694,3200,stronger
2694,3783,incomparable
2694,3861,incomparable
2694,3967,incomparable
2695,36,stronger
2695,255,weaker
2695,499,stronger
2695,833,incomparable
2695,1143,stronger
2695,1203,stronger
2695,1963,stronger
2695,1997,stronger
2695,2887,weaker
2695,3612,incomparable
2695,3822,incomparable
2695,4060,incomparable
2695,4077,incomparable
2695,4506,incomparable
2696,38,incomparable
2696,384,incomparable
2696,595,stronger
2696,687,stronger
2696,925,stronger
2696,937,stronger
2696,1522,stronger
2696,1604,stronger
2696,1938,stronger
2696,2385,incomparable
2696,2475,incomparable
2696,3304,incomparable
2696,3435,incomparable
2696,3730,incomparable
2696,4113,incomparable
2697,231,incomparable
2697,243,stronger
2697,634,incomparable
2697,687,stronger
2697,1649,incomparable
2697,2046,incomparable
2697,2260,incomparable
2697,2641,stronger
2697,3284,incomparable
2697,3795,incomparable
2697,4095,incomparable
2697,4518,incomparable
2697,4587,incomparable
2698,72,weaker
2698,78,weaker
2698,559,equivalent
2698,690,weaker
2698,1042,weaker
2698,1186,equivalent
2698,1283,equivalent
2698,2803,equivalent
2698,3114,equivalent
2698,3284,weaker
2698,3562,weaker
2698,3575,weaker
2698,3875,weaker
2698,4565,weaker
2698,4567,weaker
2699,1071,incomparable
2699,1553,stronger
2699,2264,incomparable
2699,2606,stronger
2699,3056,incomparable
2699,3164,stronger
2699,3597,incomparable
2699,3809,incomparable
2699,4196,incomparable
2699,4285,incomparable
2699,4409,incomparable
2699,4649,incomparable
2700,377,incomparable
2700,783,stronger
2700,1410,incomparable
2700,1715,stronger
2700,1892,stronger
2700,1976,stronger
2700,2019,incomparable
2700,2418,stronger
2700,2698,stronger
2700,2899,incomparable
2700,3038,stronger
2700,3205,incomparable
2700,3253,incomparable
2701,78,weaker
2701,296,equivalent
2701,420,weaker
2701,667,weaker
2701,971,equivalent
2701,2023,equivalent
2701,2154,equivalent
2701,2163,weaker
2701,2335,weaker
2701,2418,equivalent
2701,2988,equivalent
2701,4065,weaker
2701,4193,weaker
2701,4604,weaker
2702,275,stronger
2702,892,stronger
2702,1216,stronger
2702,1583,stronger
2702,2067,incomparable
2702,2419,stronger
2702,2547,stronger
2702,2565,stronger
2702,3843,incomparable
2702,4093,incomparable
2702,4368,incomparable
2703,351,weaker
2703,558,weaker
2703,2784,equivalent
2703,2839,equivalent
2703,3188,weaker
2703,3278,weaker
2703,3338,weaker
2703,3977,weaker
2703,4418,weaker
2704,255,weaker
2704,1196,equivalent
2704,2255,weaker
2704,2751,equivalent
2704,2786,equivalent
2705,936,equivalent
2705,2983,equivalent
2705,3014,equivalent
2705,3099,weaker
2705,3162,equivalent
2705,3250,equivalent
2705,3888,weaker
2705,4546,weaker
2706,287,stronger
2706,532,incomparable
2706,680,incomparable
2706,695,incomparable
2706,925,stronger
2706,1256,incomparable
2706,1477,incomparable
2706,1801,incomparable
2706,2376,incomparable
2706,3094,incomparable
2706,3158,stronger
2706,3704,incomparable
2706,4027,incomparable
2706,4237,incomparable
2706,4461,incomparable
2706,4650,incomparable
2707,93,stronger
2707,584,stronger
2707,772,stronger
2707,816,stronger
2707,1448,incomparable
2707,1635,incomparable
2707,2830,stronger
2707,3006,stronger
2707,4383,incomparable
2708,828,weaker
2708,1045,weaker
2708,1233,weaker
2708,2666,weaker
2708,3784,weaker
2708,4554,weaker
2709,156,incomparable
2709,399,incomparable
2709,902,stronger
2709,1201,stronger
2709,1668,incomparable
2709,2419,stronger
2709,2745,stronger
2709,2792,stronger
2709,2949,incomparable
2709,3032,stronger
2709,3186,stronger
2709,3743,incomparable
2709,3829,incomparable
2709,4128,incomparable
2709,4283,incomparable
2709,4305,incomparable
2710,182,incomparable
2710,249,stronger
2710,511,incomparable
2710,725,incomparable
2710,2546,incomparable
2710,2596,incomparable
2710,3529,incomparable
2710,3897,incomparable
2710,3944,incomparable
2710,4264,incomparable
2710,4569,incomparable
2711,237,equivalent
2711,272,equivalent
2711,625,weaker
2711,1094,equivalent
2711,1265,weaker
2711,2457,weaker
2711,2703,equivalent
2711,2746,weaker
2711,4287,weaker
2711,4599,weaker
2712,555,stronger
2712,973,stronger
2712,2001,stronger
2712,2113,incomparable
2712,2450,incomparable
2712,2668,incomparable
2712,3623,incomparable
2712,4084,incomparable
2712,4103,incomparable
2712,4265,incomparable
2713,34,weaker
2713,505,equivalent
2713,1364,equivalent
2713,1902,weaker
2713,1943,weaker
2713,2284,weaker
2713,3207,equivalent
2713,4013,weaker
2714,414,incomparable
2714,980,stronger
2714,1809,stronger
2714,2778,incomparable
2714,2900,incomparable
2714,2946,incomparable
2715,753,equivalent
2715,797,equivalent
2715,907,weaker
2715,2037,weaker
2715,2272,weaker
2715,2806,equivalent
2715,3057,weaker
2715,3614,weaker
2715,3922,weaker
2715,4484,weaker
2716,755,stronger
2716,799,stronger
2716,1076,incomparable
2716,1098,incomparable
2716,1312,incomparable
2716,1479,incomparable
2716,1840,incomparable
2716,2130,incomparable
2716,2192,stronger
2716,2655,incomparable
2716,2782,incomparable
2716,3238,stronger
2716,3841,incomparable
2716,4035,incomparable
2716,4546,incomparable
2717,645,weaker
2717,683,equivalent
2717,1426,weaker
2717,1708,equivalent
2717,1780,weaker
2717,2096,equivalent
2717,2349,weaker
2717,2758,equivalent
2717,2933,equivalent
2717,3658,weaker
2717,4221,weaker
2718,402,weaker
2718,554,weaker
2718,900,equivalent
2718,1322,weaker
2718,1799,equivalent
2718,2238,weaker
2718,2352,equivalent
2718,2544,equivalent
2718,2771,equivalent
2718,3191,equivalent
2718,3473,weaker
2718,3580,weaker
2718,3633,weaker
2718,4047,weaker
2718,4656,weaker
2719,778,weaker
2719,908,equivalent
2719,1084,equivalent
2719,1327,equivalent
2719,1909,equivalent
2719,1950,equivalent
2719,2131,equivalent
2719,2571,weaker
2719,2599,equivalent
2719,3223,equivalent
2719,4226,weaker
2720,254,stronger
2720,302,equivalent
2720,383,incomparable
2720,484,stronger
2720,495,weaker
2720,1676,weaker
2720,2107,weaker
2720,2447,incomparable
2720,2741,incomparable
2720,2806,stronger
2720,3471,weaker
2720,4329,incomparable
2720,4640,incomparable
2721,933,equivalent
2721,960,weaker
2721,969,equivalent
2721,1943,weaker
2721,2244,weaker
2721,3373,weaker
2722,69,stronger
2722,371,incomparable
2722,515,stronger
2722,830,incomparable
2722,951,incomparable
2722,1149,stronger
2722,1203,stronger
2722,1839,incomparable
2722,2695,incomparable
2722,2873,incomparable
2722,4508,incomparable
2723,1038,weaker
2723,1153,equivalent
2723,2820,equivalent
2723,3258,weaker
2723,3482,weaker
2723,3496,weaker
2723,3963,weaker
2723,4385,weaker
2724,366,incomparable
2724,386,incomparable
2724,437,incomparable
2724,771,stronger
2724,1502,incomparable
2724,1524,stronger
2724,2679,incomparable
2724,3222,stronger
2724,3333,incomparable
2724,3338,incomparable
2724,3445,incomparable
2725,165,incomparable
2725,462,incomparable
2725,792,stronger
2725,1048,incomparable
2725,1051,incomparable
2725,2245,incomparable
2725,2268,incomparable
2725,2972,stronger
2725,3003,stronger
2725,3135,stronger
2725,3233,stronger
2725,4178,incomparable
2726,107,weaker
2726,249,equivalent
2726,663,weaker
2726,787,equivalent
2726,845,weaker
2726,1025,weaker
2726,1442,weaker
2726,1827,equivalent
2726,1922,weaker
2726,2714,weaker
2726,2844,equivalent
2726,2855,weaker
2726,3778,weaker
2726,4054,weaker
2726,4263,weaker
2726,4448,weaker
2727,619,weaker
2727,898,weaker
2727,1462,weaker
2727,1513,equivalent
2727,1555,equivalent
2727,2272,weaker
2727,2465,weaker
2727,2499,weaker
2727,2519,weaker
2727,2793,equivalent
2727,2930,equivalent
2727,3296,weaker
2727,3333,weaker
2727,3679,weaker
2727,3741,weaker
2727,3781,weaker
2727,4585,weaker
2727,4662,weaker
2727,4675,weaker
2728,6,stronger
2728,100,incomparable
2728,140,stronger
2728,527,stronger
2728,536,stronger
2728,1013,stronger
2728,1271,incomparable
2728,2026,stronger
2728,2603,stronger
2728,2661,incomparable
2728,2841,equivalent
2728,3048,stronger
2728,3076,incomparable
2728,3251,stronger
2728,3991,incomparable
2728,4417,incomparable
2728,4481,incomparable
2729,324,weaker
2729,834,weaker
2729,1462,weaker
2729,1917,equivalent
2729,3158,equivalent
2729,4536,weaker
2730,134,weaker
2730,563,equivalent
2730,1474,weaker
2730,1784,weaker
2730,1985,equivalent
2730,2353,equivalent
2730,3587,weaker
2730,3815,weaker
2731,254,equivalent
2731,1261,weaker
2731,1537,weaker
2731,2535,equivalent
2731,2732,equivalent
2731,3235,equivalent
2731,3308,weaker
2731,3311,weaker
2731,3542,weaker
2731,3826,weaker
2732,41,weaker
2732,946,equivalent
2732,1866,weaker
2732,2229,equivalent
2732,3061,weaker
2732,3767,weaker
2733,180,stronger
2733,414,incomparable
2733,624,incomparable
2733,735,incomparable
2733,1209,stronger
2733,1538,stronger
2733,1545,stronger
2733,1894,incomparable
2733,2675,incomparable
2733,4112,incomparable
2733,4573,incomparable
2734,1538,stronger
2734,1554,stronger
2734,2263,incomparable
2734,2429,stronger
2734,2676,incomparable
2734,2726,stronger
2734,2738,stronger
2734,2793,stronger
2734,2942,incomparable
2734,3409,incomparable
2734,3650,incomparable
2734,4032,incomparable
2734,4182,incomparable
2734,4440,incomparable
2735,491,weaker
2735,737,equivalent
2735,1110,weaker
2735,1179,equivalent
2735,1931,weaker
2735,2523,equivalent
2735,2575,weaker
2735,2661,weaker
2735,3588,weaker
2735,3600,weaker
2735,3928,weaker
2735,4102,weaker
2735,4134,weaker
2736,323,incomparable
2736,472,stronger
2736,678,stronger
2736,943,incomparable
2736,1505,stronger
2736,1666,incomparable
2736,1772,incomparable
2736,2294,incomparable
2736,2481,incomparable
2736,2883,incomparable
2736,3070,incomparable
2736,3898,incomparable
2736,4179,incomparable
2737,1235,incomparable
2737,1471,incomparable
2737,1505,stronger
2737,1820,stronger
2737,2502,stronger
2737,3678,incomparable
2737,3783,incomparable
2737,3920,incomparable
2737,4079,incomparable
2737,4392,incomparable
2738,1601,equivalent
2738,2075,weaker
2738,2360,equivalent
2738,2855,weaker
2738,2892,weaker
2738,3181,equivalent
2738,4383,weaker
2739,11,incomparable
2739,14,incomparable
2739,360,incomparable
2739,635,incomparable
2739,714,incomparable
2739,1419,stronger
2739,1443,incomparable
2739,1522,stronger
2739,1576,stronger
2739,1651,incomparable
2739,1777,stronger
2739,2368,incomparable
2740,9,weaker
2740,85,equivalent
2740,697,equivalent
2740,1760,equivalent
2740,1784,weaker
2740,2360,equivalent
2740,3235,equivalent
2740,3465,weaker
2740,3609,weaker
2740,4608,weaker
2741,405,incomparable
2741,484,stronger
2741,614,incomparable
2741,890,stronger
2741,1589,stronger
2741,1612,stronger
2741,1647,incomparable
2741,3207,stronger
2742,926,weaker
2742,1473,weaker
2742,1529,equivalent
2742,1719,weaker
2742,2766,equivalent
2742,3565,weaker
2742,4367,weaker
2742,4483,weaker
2743,63,incomparable
2743,521,stronger
2743,1312,incomparable
2743,1535,incomparable
2743,2154,stronger
2743,4179,incomparable
2743,4222,incomparable
2743,4409,incomparable
2743,4421,incomparable
2743,4527,incomparable
2743,4672,incomparable
2744,204,incomparable
2744,223,stronger
2744,685,stronger
2744,786,incomparable
2744,1049,incomparable
2744,3102,incomparable
2744,3612,incomparable
2744,4100,incomparable
2745,472,equivalent
2745,860,weaker
2745,1883,weaker
2745,2140,weaker
2745,2244,weaker
2745,2428,equivalent
2745,2693,weaker
2745,2858,weaker
2745,2892,weaker
2745,3220,equivalent
2745,3844,weaker
2745,4240,weaker
2745,4249,weaker
2746,618,incomparable
2746,748,incomparable
2746,943,incomparable
2746,1128,stronger
2746,1529,stronger
2746,2105,stronger
2746,2146,incomparable
2746,2673,incomparable
2746,2804,incomparable
2746,2995,stronger
2746,3133,stronger
2746,3189,stronger
2746,4041,incomparable
2746,4682,incomparable
2747,206,weaker
2747,226,equivalent
2747,670,weaker
2747,974,equivalent
2747,1106,equivalent
2747,1239,weaker
2747,1590,weaker
2747,1798,equivalent
2747,2784,equivalent
2747,3522,weaker
2747,4375,weaker
2748,232,equivalent
2748,573,equivalent
2748,1423,equivalent
2748,2152,weaker
2748,2170,weaker
2748,2545,equivalent
2748,2809,equivalent
2748,3249,equivalent
2748,4037,weaker
2748,4124,weaker
2748,4566,weaker
2749,13,weaker
2749,118,incomparable
2749,614,weaker
2749,949,incomparable
2749,1589,stronger
2749,1635,incomparable
2749,1668,weaker
2749,1675,incomparable
2749,1709,weaker
2749,1746,weaker
2749,1980,stronger
2749,2000,weaker
2749,2885,incomparable
2750,613,equivalent
2750,959,equivalent
2750,1063,weaker
2750,2144,weaker
2750,3331,weaker
2750,3351,weaker
2750,3410,weaker
2750,4256,weaker
2750,4358,weaker
2751,384,weaker
2751,790,equivalent
2751,1360,equivalent
2751,1686,equivalent
2751,2136,equivalent
2751,2149,equivalent
2751,2612,equivalent
2751,3175,equivalent
2751,3364,weaker
2751,3446,weaker
2751,3940,weaker
2751,4119,weaker
2751,4204,weaker
2752,213,weaker
2752,516,weaker
2752,738,equivalent
2752,796,weaker
2752,1123,equivalent
2752,1184,weaker
2752,1212,weaker
2752,1730,equivalent
2752,1954,equivalent
2752,2617,equivalent
2752,3175,equivalent
2752,3452,weaker
2752,3990,weaker
2753,432,incomparable
2753,934,incomparable
2753,1153,stronger
2753,1576,stronger
2753,1748,stronger
2753,1984,stronger
2753,2202,stronger
2753,2265,incomparable
2753,2424,stronger
2753,2540,weaker
2753,2590,stronger
2753,2943,stronger
2753,3809,incomparable
2754,1897,weaker
2754,2078,weaker
2754,2432,equivalent
2754,3858,weaker
2754,3933,weaker
2755,282,stronger
2755,488,stronger
2755,1527,stronger
2755,1770,stronger
2755,2290,incomparable
2755,2360,stronger
2755,2601,incomparable
2755,2629,stronger
2755,3155,incomparable
2755,3348,incomparable
2755,3412,incomparable
2755,3467,incomparable
2755,3488,incomparable
2755,3697,incomparable
2755,3935,incomparable
2755,4034,incomparable
2755,4179,incomparable
2756,321,weaker
2756,1985,equivalent
2756,2381,weaker
2756,2554,weaker
2756,3498,weaker
2756,3506,weaker
2756,4133,weaker
2756,4266,weaker
2757,30,stronger
2757,185,stronger
2757,441,incomparable
2757,723,weaker
2757,1112,weaker
2757,1426,weaker
2757,1620,stronger
2757,1972,stronger
2757,2571,weaker
2757,3348,incomparable
2757,3360,incomparable
2757,3835,incomparable
2757,4633,incomparable
2758,492,weaker
2758,825,weaker
2758,1107,equivalent
2758,1167,weaker
2758,2516,equivalent
2758,2993,equivalent
2758,4314,weaker
2758,4640,weaker
2759,109,weaker
2759,389,weaker
2759,1579,equivalent
2759,1722,weaker
2759,1796,equivalent
2759,2120,equivalent
2759,2406,weaker
2759,2700,weaker
2759,3168,equivalent
2759,3767,weaker
2759,3785,weaker
2759,3849,weaker
2759,3940,weaker
2760,281,weaker
2760,1150,weaker
2760,1500,equivalent
2760,3102,weaker
2760,3482,weaker
2760,3908,weaker
2760,4414,weaker
2761,108,incomparable
2761,350,incomparable
2761,375,incomparable
2761,474,incomparable
2761,629,incomparable
2761,2027,stronger
2761,2145,stronger
2761,3393,incomparable
2761,4417,incomparable
2761,4652,incomparable
2762,1184,weaker
2762,1242,weaker
2762,1269,weaker
2762,1411,equivalent
2762,2526,equivalent
2762,2743,weaker
2762,2926,equivalent
2762,3123,equivalent
2762,3582,weaker
2762,4112,weaker
2763,1,weaker
2763,335,weaker
2763,1102,equivalent
2763,1741,equivalent
2764,46,weaker
2764,344,weaker
2764,1174,equivalent
2764,1421,equivalent
2764,1470,weaker
2764,1771,equivalent
2764,2503,weaker
2764,2538,weaker
2764,2668,weaker
2764,2755,weaker
2764,2783,equivalent
2764,3058,weaker
2764,3581,weaker
2764,4124,weaker
2764,4609,weaker
2765,1394,stronger
2765,1634,weaker
2765,2045,incomparable
2765,2258,incomparable
2765,2477,incomparable
2765,2996,stronger
2765,3536,incomparable
2766,150,equivalent
2766,465,equivalent
2766,635,weaker
2766,1228,weaker
2766,1869,weaker
2766,1870,weaker
2766,2457,weaker
2766,2673,weaker
2766,2787,weaker
2766,3332,weaker
2766,3404,weaker
2766,3424,weaker
2767,158,weaker
2767,337,weaker
2767,368,weaker
2767,415,weaker
2767,839,weaker
2767,1538,equivalent
2767,2523,equivalent
2767,2796,equivalent
2767,4462,weaker
2768,602,equivalent
2768,750,equivalent
2768,774,weaker
2768,828,weaker
2768,1383,weaker
2768,1455,weaker
2768,2992,weaker
2768,3557,weaker
2768,3729,weaker
2768,3910,weaker
2768,4165,weaker
2768,4342,weaker
2769,463,weaker
2769,712,equivalent
2769,828,weaker
2769,1821,weaker
2769,2347,weaker
2769,2763,equivalent
2769,3657,weaker
2769,3936,weaker
2770,253,stronger
2770,1140,stronger
2770,1229,incomparable
2770,1340,incomparable
2770,1388,stronger
2770,1489,incomparable
2770,1857,incomparable
2770,1990,stronger
2770,2202,stronger
2770,2808,incomparable
2770,3017,stronger
2770,3048,stronger
2770,3324,incomparable
2770,3412,incomparable
2770,4185,incomparable
2770,4350,incomparable
2770,4629,incomparable
2771,610,equivalent
2771,811,weaker
2771,873,weaker
2771,878,equivalent
2771,910,weaker
2771,1023,weaker
2771,1797,weaker
2771,2443,weaker
2771,2923,weaker
2771,3879,weaker
2771,4064,weaker
2771,4468,weaker
2772,1329,equivalent
2772,1635,weaker
2772,1921,weaker
2772,1961,equivalent
2772,2543,weaker
2772,3266,weaker
2772,3567,weaker
2772,4454,weaker
2773,626,weaker
2773,991,equivalent
2773,1740,weaker
2773,1824,equivalent
2773,2356,equivalent
2773,2572,equivalent
2773,3348,weaker
2773,3537,weaker
2773,3873,weaker
2773,4005,weaker
2773,4019,weaker
2773,4138,weaker
2774,53,incomparable
2774,292,stronger
2774,405,incomparable
2774,1106,stronger
2774,2748,stronger
2774,2981,stronger
2774,3339,incomparable
2774,3462,incomparable
2774,3752,incomparable
2775,107,weaker
2775,799,equivalent
2775,968,weaker
2775,1088,weaker
2775,1291,weaker
2775,1674,weaker
2775,1794,equivalent
2775,1851,weaker
2775,2131,equivalent
2775,2213,equivalent
2775,2486,weaker
2775,2847,weaker
2775,3681,weaker
2775,3940,weaker
2775,4312,weaker
2776,135,stronger
2776,753,stronger
2776,1488,incomparable
2776,1903,stronger
2776,2048,incomparable
2776,2234,stronger
2776,2495,stronger
2776,3274,incomparable
2776,3470,incomparable
2776,3556,incomparable
2776,4333,incomparable
2777,94,weaker
2777,655,weaker
2777,706,weaker
2777,1370,weaker
2777,1837,weaker
2777,1902,weaker
2777,2477,weaker
2777,2637,equivalent
2777,2662,weaker
2777,2754,equivalent
2777,3378,weaker
2777,3436,weaker
2777,3735,weaker
2777,4121,weaker
2777,4381,weaker
2778,573,stronger
2778,757,incomparable
2778,904,stronger
2778,924,stronger
2778,1869,incomparable
2778,2330,incomparable
2778,2855,incomparable
2778,3066,incomparable
2778,3383,incomparable
2778,3694,incomparable
2778,3975,incomparable
2778,4029,incomparable
2778,4047,incomparable
2779,638,incomparable
2779,836,incomparable
2779,859,incomparable
2779,1215,stronger
2779,1329,stronger
2779,1402,stronger
2779,2044,incomparable
2779,3387,incomparable
2780,248,equivalent
2780,539,equivalent
2780,1097,equivalent
2780,1258,weaker
2780,1292,equivalent
2780,1628,equivalent
2780,2538,weaker
2780,2707,weaker
2780,2876,weaker
2780,2965,equivalent
2780,3257,weaker
2780,3402,weaker
2780,3584,weaker
2780,3682,weaker
2780,3884,weaker
2780,4246,weaker
2781,964,weaker
2781,1125,weaker
2781,1342,equivalent
2781,2625,equivalent
2781,3055,weaker
2781,3116,weaker
2781,3490,weaker
2781,3941,weaker
2781,4244,weaker
2781,4680,weaker
2782,493,stronger
2782,714,incomparable
2782,845,incomparable
2782,1229,incomparable
2782,1361,incomparable
2782,1661,incomparable
2782,1679,incomparable
2782,2139,stronger
2782,2786,stronger
2782,3290,incomparable
2782,3915,incomparable
2782,4277,incomparable
2783,230,equivalent
2783,305,equivalent
2783,643,weaker
2783,1048,weaker
2783,2040,weaker
2783,2572,equivalent
2783,2765,weaker
2783,3302,weaker
2783,3573,weaker
2783,3686,weaker
2783,3811,weaker
2784,660,weaker
2784,704,weaker
2784,1111,equivalent
2784,1325,weaker
2784,2231,equivalent
2784,2432,equivalent
2784,2810,equivalent
2784,3362,weaker
2784,3681,weaker
2784,3706,weaker
2784,3993,weaker
2785,128,equivalent
2785,216,weaker
2785,578,equivalent
2785,863,weaker
2785,888,equivalent
2785,1418,equivalent
2785,2523,equivalent
2785,3338,weaker
2785,3481,weaker
2785,3580,weaker
2785,3922,weaker
2786,397,weaker
2786,413,weaker
2786,755,equivalent
2786,1004,weaker
2786,1154,weaker
2786,2826,weaker
2786,2910,weaker
2786,3919,weaker
2786,4153,weaker
2786,4228,weaker
2787,1108,stronger
2787,1181,incomparable
2787,1954,stronger
2787,2935,stronger
2787,3105,incomparable
2787,3585,incomparable
2787,3630,incomparable
2787,4129,incomparable
2788,53,weaker
2788,1225,weaker
2788,1736,equivalent
2788,1838,weaker
2788,1853,weaker
2788,1901,equivalent
2788,2028,equivalent
2788,2289,weaker
2788,2396,equivalent
2788,2463,weaker
2788,2720,weaker
2788,3469,weaker
2788,3603,weaker
2788,3834,weaker
2789,228,incomparable
2789,974,stronger
2789,1412,stronger
2789,1471,incomparable
2789,1651,incomparable
2789,1722,weaker
2789,2267,weaker
2789,2871,incomparable
2789,3158,stronger
2789,4173,incomparable
2789,4539,incomparable
2790,484,equivalent
2790,518,equivalent
2790,522,weaker
2790,840,weaker
2790,2370,weaker
2790,2948,equivalent
2790,4002,weaker
2791,62,incomparable
2791,139,stronger
2791,1385,stronger
2791,1494,incomparable
2791,2425,stronger
2791,2630,stronger
2791,3441,incomparable
2791,3535,incomparable
2791,3783,incomparable
2791,3924,incomparable
2791,4121,incomparable
2791,4277,incomparable
2791,4288,incomparable
2791,4366,incomparable
2792,479,weaker
2792,500,weaker
2792,1142,equivalent
2792,1345,equivalent
2792,1509,equivalent
2792,1924,weaker
2792,2620,equivalent
2792,2668,weaker
2792,2775,equivalent
2792,3207,equivalent
2792,4444,weaker
2793,4,weaker
2793,304,equivalent
2793,369,weaker
2793,543,weaker
2793,699,equivalent
2793,934,weaker
2793,1331,equivalent
2793,1530,equivalent
2793,1927,weaker
2793,2100,weaker
2793,3162,equivalent
2793,3482,weaker
2793,3602,weaker
2793,3740,weaker
2793,4172,weaker
2793,4397,weaker
2793,4535,weaker
2794,432,weaker
2794,649,weaker
2794,689,equivalent
2794,822,weaker
2794,922,weaker
2794,1192,weaker
2794,1200,equivalent
2794,1570,equivalent
2794,1933,equivalent
2794,2091,weaker
2794,2369,equivalent
2794,2448,weaker
2794,2539,equivalent
2794,2738,equivalent
2794,3228,equivalent
2794,3621,weaker
2794,4091,weaker
2794,4188,weaker
2794,4392,weaker
2795,189,stronger
2795,918,stronger
2795,1662,incomparable
2795,1744,stronger
2795,2141,stronger
2795,2188,stronger
2795,3530,incomparable
2795,3709,incomparable
2795,3881,incomparable
2795,4154,incomparable
2795,4260,incomparable
2795,4498,incomparable
2796,27,weaker
2796,42,weaker
2796,179,weaker
2796,933,equivalent
2796,1002,equivalent
2796,2171,equivalent
2796,2806,equivalent
2796,3086,weaker
2796,3190,equivalent
2796,3237,weaker
2796,3586,weaker
2796,3768,weaker
2796,4180,weaker
2796,4211,weaker
2796,4555,weaker
2797,462,weaker
2797,519,equivalent
2797,829,weaker
2797,1497,equivalent
2797,1709,weaker
2797,2695,weaker
2797,2718,equivalent
2797,3354,weaker
2797,4078,weaker
2797,4135,weaker
2798,450,weaker
2798,451,weaker
2798,652,weaker
2798,966,equivalent
2798,1130,equivalent
2798,1751,equivalent
2798,1850,weaker
2798,2434,equivalent
2798,2825,equivalent
2798,2836,weaker
2798,3362,weaker
2798,3578,weaker
2798,3596,weaker
2798,4591,weaker
2799,233,stronger
2799,634,incomparable
2799,2898,incomparable
2799,3203,stronger
2799,3294,incomparable
2800,1171,weaker
2800,1286,weaker
2800,1458,weaker
2800,1622,equivalent
2800,2348,equivalent
2800,2425,weaker
2800,2653,weaker
2800,3979,weaker
2801,1004,weaker
2801,1192,weaker
2801,1419,equivalent
2801,1486,weaker
2801,1783,equivalent
2801,2003,equivalent
2801,2132,weaker
2801,3017,equivalent
2801,3095,weaker
2801,3691,weaker
2802,709,weaker
2802,1486,weaker
2802,1493,equivalent
2802,1993,weaker
2802,2360,equivalent
2802,2529,equivalent
2802,2651,weaker
2802,4021,weaker
2802,4034,weaker
2802,4231,weaker
2803,234,weaker
2803,1158,weaker
2803,2956,weaker
2803,3331,weaker
2803,4257,weaker
2804,484,stronger
2804,840,incomparable
2804,1438,incomparable
2804,1873,incomparable
2804,1993,incomparable
2804,2397,stronger
2804,2925,incomparable
2804,3104,stronger
2804,3837,incomparable
2804,4508,incomparable
2804,4612,incomparable
2804,4666,incomparable
2805,854,incomparable
2805,944,stronger
2805,1125,incomparable
2805,1293,incomparable
2805,1490,stronger
2805,1763,incomparable
2805,2498,stronger
2806,110,weaker
2806,536,equivalent
2806,820,weaker
2806,867,weaker
2806,2441,weaker
2806,2640,equivalent
2806,3052,weaker
2806,3296,weaker
2806,3390,weaker
2807,228,weaker
2807,599,equivalent
2807,1000,equivalent
2807,1505,equivalent
2807,1702,equivalent
2807,3130,weaker
2807,3195,weaker
2807,3262,weaker
2807,4097,weaker
2807,4469,weaker
2808,613,stronger
2808,793,stronger
2808,881,stronger
2808,3824,incomparable
2808,3983,incomparable
2808,4114,incomparable
2809,161,weaker
2809,299,equivalent
2809,421,weaker
2809,952,weaker
2809,993,equivalent
2809,1812,equivalent
2809,2013,equivalent
2809,2204,equivalent
2809,2296,weaker
2809,2324,equivalent
2809,2361,equivalent
2809,2611,equivalent
2809,2667,weaker
2809,2739,weaker
2809,2859,weaker
2809,3434,weaker
2809,3846,weaker
2809,3964,weaker
2809,4290,weaker
2809,4494,weaker
2809,4552,weaker
2809,4616,weaker
2810,15,equivalent
2810,626,weaker
2810,930,weaker
2810,1023,weaker
2810,2368,weaker
2810,2672,weaker
2810,2725,weaker
2810,3414,weaker
2810,3650,weaker
2810,3685,weaker
2810,4163,weaker
2810,4191,weaker
2811,1615,equivalent
2811,2569,equivalent
2811,2940,weaker
2811,3513,weaker
2812,185,stronger
2812,244,stronger
2812,335,incomparable
2812,403,incomparable
2812,656,incomparable
2812,993,stronger
2812,1029,incomparable
2812,1127,stronger
2812,1496,incomparable
2812,2003,stronger
2812,2623,stronger
2812,2720,stronger
2812,3047,stronger
2812,3278,incomparable
2812,3672,incomparable
2812,3724,incomparable
2812,4029,incomparable
2812,4498,incomparable
2813,260,weaker
2813,567,equivalent
2813,607,equivalent
2813,780,equivalent
2813,3166,equivalent
2813,3254,weaker
2813,3548,weaker
2813,3946,weaker
2813,4236,weaker
2813,4407,weaker
2814,864,weaker
2814,922,weaker
2814,1169,equivalent
2814,2257,weaker
2814,3331,weaker
2814,3524,weaker
2814,3611,weaker
2814,4319,weaker
2814,4528,weaker
2814,4690,weaker
2815,1736,equivalent
2815,2014,weaker
2815,2032,equivalent
2815,2856,weaker
2815,2978,equivalent
2815,3233,equivalent
2815,3412,weaker
2815,3650,weaker
2815,3896,weaker
2815,4150,weaker
2816,10,weaker
2816,316,incomparable
2816,350,incomparable
2816,1575,stronger
2816,1816,weaker
2816,2327,weaker
2816,2610,stronger
2816,2711,stronger
2816,3606,incomparable
2816,3753,incomparable
2816,3892,incomparable
2816,4445,weaker
2817,374,weaker
2817,2184,equivalent
2817,2822,equivalent
2817,3730,weaker
2817,3784,weaker
2817,4391,weaker
2818,48,weaker
2818,190,weaker
2818,659,weaker
2818,1282,equivalent
2818,1578,equivalent
2818,1862,weaker
2818,2089,weaker
2818,2506,weaker
2818,2694,weaker
2818,3146,equivalent
2818,3653,weaker
2818,4070,weaker
2818,4258,weaker
2819,844,weaker
2819,870,weaker
2819,1758,equivalent
2819,2171,equivalent
2819,3305,weaker
2819,3497,weaker
2819,3573,weaker
2819,3762,weaker
2819,4357,weaker
2819,4542,weaker
2820,59,weaker
2820,608,weaker
2820,1028,weaker
2820,1463,weaker
2820,1599,equivalent
2820,2120,equivalent
2820,2275,weaker
2820,2396,equivalent
2820,3589,weaker
2820,4321,weaker
2821,93,stronger
2821,803,stronger
2821,1176,stronger
2821,1233,incomparable
2821,1353,incomparable
2821,1688,stronger
2821,2285,incomparable
2821,2432,stronger
2821,2646,incomparable
2821,3540,incomparable
2821,3736,incomparable
2821,4467,incomparable
2822,473,weaker
2822,891,equivalent
2822,1013,equivalent
2822,1086,weaker
2822,1618,weaker
2822,2054,weaker
2822,2413,equivalent
2822,2791,weaker
2822,2832,equivalent
2822,3901,weaker
2822,3908,weaker
2823,234,weaker
2823,255,weaker
2823,275,equivalent
2823,969,equivalent
2823,1207,weaker
2823,1244,weaker
2823,2844,equivalent
2823,3700,weaker
2823,3932,weaker
2823,4387,weaker
2824,373,weaker
2824,619,weaker
2824,1514,equivalent
2824,1752,equivalent
2824,1882,weaker
2824,2100,weaker
2824,2746,weaker
2824,2795,weaker
2824,2846,equivalent
2824,3407,weaker
2824,3829,weaker
2824,4249,weaker
2825,167,weaker
2825,290,weaker
2825,540,equivalent
2825,1089,equivalent
2825,1095,equivalent
2825,1260,weaker
2825,1443,weaker
2825,1917,equivalent
2825,1945,weaker
2825,2162,weaker
2825,2603,equivalent
2825,2811,equivalent
2825,2947,weaker
2825,3565,weaker
2825,3681,weaker
2825,3756,weaker
2825,3967,weaker
2825,4471,weaker
2826,1549,stronger
2826,2221,stronger
2826,2289,incomparable
2826,2504,incomparable
2826,3238,stronger
2826,3682,incomparable
2826,3933,incomparable
2826,4148,incomparable
2827,797,equivalent
2827,1547,weaker
2827,2083,weaker
2827,2568,equivalent
2827,2984,equivalent
2827,2989,equivalent
2827,3115,weaker
2827,3954,weaker
2827,4035,weaker
2827,4307,weaker
2827,4477,weaker
2827,4517,weaker
2828,725,weaker
2828,1576,equivalent
2828,1619,equivalent
2828,1722,weaker
2828,2105,weaker
2828,2852,weaker
2828,3605,weaker
2828,3811,weaker
2828,4047,weaker
2828,4164,weaker
2828,4571,weaker
2828,4643,weaker
2829,227,equivalent
2829,572,weaker
2829,952,weaker
2829,1525,weaker
2829,2472,weaker
2829,2588,weaker
2829,4525,weaker
2830,30,equivalent
2830,401,weaker
2830,1044,weaker
2830,1275,weaker
2830,1711,equivalent
2830,1797,weaker
2830,1806,weaker
2830,1813,equivalent
2830,1846,weaker
2830,2444,weaker
2830,2661,weaker
2830,3384,weaker
2830,3964,weaker
2830,4314,weaker
2831,113,incomparable
2831,179,weaker
2831,977,weaker
2831,1043,incomparable
2831,1684,weaker
2831,1815,stronger
2831,1906,stronger
2831,3135,stronger
2831,3206,stronger
2831,3330,weaker
2831,3601,incomparable
2831,3622,incomparable
2831,4140,incomparable
2831,4531,incomparable
2832,497,equivalent
2832,646,weaker
2832,1558,weaker
2832,1733,equivalent
2832,1960,equivalent
2832,2954,equivalent
2832,3137,equivalent
2832,3286,weaker
2832,4372,weaker
2833,164,weaker
2833,1347,equivalent
2833,1365,equivalent
2833,1752,equivalent
2833,2069,weaker
2833,2200,equivalent
2833,2350,equivalent
2833,2370,weaker
2833,2403,equivalent
2833,3097,weaker
2833,4482,weaker
2834,540,equivalent
2834,829,weaker
2834,915,equivalent
2834,957,equivalent
2834,1019,equivalent
2834,1204,equivalent
2834,1442,weaker
2834,1468,weaker
2834,1559,equivalent
2834,1861,weaker
2834,2179,equivalent
2834,2563,equivalent
2834,2717,equivalent
2834,3739,weaker
2834,3942,weaker
2834,4686,weaker
2835,923,equivalent
2835,1214,equivalent
2835,1498,weaker
2835,1948,equivalent
2835,2845,equivalent
2835,3173,equivalent
2835,3685,weaker
2835,4135,weaker
2836,226,stronger
2836,1061,incomparable
2836,1274,incomparable
2836,1701,incomparable
2836,2025,stronger
2836,2692,incomparable
2836,3656,incomparable
2836,3809,incomparable
2836,3893,incomparable
2836,3926,incomparable
2836,4499,incomparable
2837,764,equivalent
2837,994,weaker
2837,1257,weaker
2837,1615,equivalent
2837,1717,equivalent
2837,2878,weaker
2837,3305,weaker
2837,3456,weaker
2837,3752,weaker
2837,3974,weaker
2837,4248,weaker
2837,4255,weaker
2838,454,weaker
2838,710,equivalent
2838,757,weaker
2838,957,equivalent
2838,1816,weaker
2838,2295,equivalent
2838,2382,equivalent
2838,3072,weaker
2838,3459,weaker
2838,3567,weaker
2838,4050,weaker
2838,4304,weaker
2838,4652,weaker
2839,1068,weaker
2839,1749,equivalent
2839,1894,weaker
2839,1926,equivalent
2839,2051,weaker
2839,2291,weaker
2839,2577,equivalent
2839,2645,weaker
2839,2760,equivalent
2839,3096,weaker
2839,3952,weaker
2839,3957,weaker
2839,4198,weaker
2839,4443,weaker
2839,4656,weaker
2840,819,weaker
2840,934,weaker
2840,1619,equivalent
2840,1995,equivalent
2840,3600,weaker
2840,4202,weaker
2841,243,stronger
2841,599,stronger
2841,1848,incomparable
2841,2062,incomparable
2841,3857,weaker
2841,3957,incomparable
2841,4132,incomparable
2841,4686,incomparable
2842,695,weaker
2842,1138,equivalent
2842,1674,weaker
2842,1885,weaker
2842,1914,equivalent
2842,2026,equivalent
2842,2411,equivalent
2842,2927,weaker
2842,3332,weaker
2842,3525,weaker
2842,3540,weaker
2842,4069,weaker
2842,4179,weaker
2842,4183,weaker
2843,316,weaker
2843,2077,weaker
2843,2213,equivalent
2843,2552,weaker
2843,3074,weaker
2843,3140,weaker
2843,3971,weaker
2843,4201,weaker
2844,89,equivalent
2844,1488,weaker
2844,1894,weaker
2844,2357,equivalent
2844,3046,equivalent
2844,3388,weaker
2844,3537,weaker
2844,3566,weaker
2844,3855,weaker
2844,3929,weaker
2844,4151,weaker
2845,218,weaker
2845,515,equivalent
2845,566,weaker
2845,647,weaker
2845,885,weaker
2845,1025,weaker
2845,1453,weaker
2845,1525,weaker
2845,2336,equivalent
2845,2594,equivalent
2845,2768,equivalent
2845,2828,equivalent
2845,3929,weaker
2845,3963,weaker
2845,4027,weaker
2845,4038,weaker
2845,4090,weaker
2846,26,weaker
2846,101,weaker
2846,234,weaker
2846,674,equivalent
2846,804,equivalent
2846,1377,equivalent
2846,1573,weaker
2846,3231,equivalent
2846,3844,weaker
2846,4545,weaker
2846,4588,weaker
2847,117,incomparable
2847,134,incomparable
2847,226,stronger
2847,354,incomparable
2847,372,incomparable
2847,746,stronger
2847,848,incomparable
2847,908,stronger
2847,1606,stronger
2847,2404,stronger
2847,2793,stronger
2847,2937,stronger
2847,3058,incomparable
2847,3321,incomparable
2847,3477,incomparable
2847,3579,incomparable
2847,3694,incomparable
2847,3744,incomparable
2848,712,stronger
2848,779,stronger
2848,1137,incomparable
2848,1593,stronger
2848,2552,incomparable
2848,2845,stronger
2848,2912,incomparable
2848,3053,incomparable
2848,3318,weaker
2848,3421,incomparable
2848,4159,incomparable
2848,4332,incomparable
2848,4630,weaker
2849,439,incomparable
2849,514,stronger
2849,1788,stronger
2849,1865,incomparable
2849,1968,stronger
2849,1976,stronger
2849,2181,stronger
2849,2635,stronger
2849,2994,incomparable
2849,3837,incomparable
2850,1378,incomparable
2850,1379,stronger
2850,1498,incomparable
2850,1854,incomparable
2850,2385,incomparable
2850,2878,incomparable
2850,2994,incomparable
2850,3873,incomparable
2850,3956,incomparable
2850,3961,incomparable
2850,4259,incomparable
2850,4691,incomparable
2851,9,incomparable
2851,810,stronger
2851,1265,incomparable
2851,1756,stronger
2851,2298,stronger
2851,3974,incomparable
2851,4389,incomparable
2851,4502,incomparable
2852,691,stronger
2852,877,stronger
2852,1701,incomparable
2852,1784,incomparable
2852,2141,stronger
2852,2590,stronger
2852,2849,incomparable
2852,3297,incomparable
2852,3524,incomparable
2853,672,incomparable
2853,986,stronger
2853,1518,incomparable
2853,3387,incomparable
2853,3969,incomparable
2853,4318,incomparable
2853,4361,incomparable
2853,4483,incomparable
2854,49,incomparable
2854,492,incomparable
2854,663,stronger
2854,914,incomparable
2854,1207,incomparable
2854,1874,incomparable
2854,2216,stronger
2854,2656,weaker
2854,3607,incomparable
2854,3742,incomparable
2854,4186,incomparable
2854,4243,incomparable
2854,4263,incomparable
2855,58,incomparable
2855,952,incomparable
2855,1468,incomparable
2855,1491,incomparable
2855,1557,stronger
2855,2622,stronger
2855,2733,incomparable
2855,2958,incomparable
2855,2975,stronger
2855,3013,stronger
2855,3498,incomparable
2855,3623,incomparable
2855,3873,incomparable
2856,85,stronger
2856,288,stronger
2856,461,stronger
2856,883,incomparable
2856,1161,stronger
2856,1258,incomparable
2856,1400,incomparable
2856,1401,stronger
2856,1628,stronger
2856,3577,incomparable
2856,3584,incomparable
2857,630,incomparable
2857,2710,incomparable
2857,2852,weaker
2857,2883,weaker
2857,3491,incomparable
2857,4061,incomparable
2857,4590,incomparable
2857,4617,incomparable
2858,224,incomparable
2858,290,incomparable
2858,1241,incomparable
2858,1354,stronger
2858,1882,incomparable
2858,1951,stronger
2858,1986,stronger
2858,2148,incomparable
2858,2596,stronger
2858,3000,stronger
2858,3132,stronger
2858,3742,incomparable
2858,4246,incomparable
2858,4470,incomparable
2859,189,stronger
2859,1312,incomparable
2859,2161,incomparable
2859,2414,stronger
2859,2808,incomparable
2859,4380,incomparable
2859,4403,incomparable
2860,242,incomparable
2860,763,stronger
2860,1819,stronger
2860,2319,incomparable
2860,2358,stronger
2860,3451,incomparable
2860,3620,incomparable
2860,3711,incomparable
2860,3833,incomparable
2860,4400,incomparable
2861,551,stronger
2861,1314,stronger
2861,2476,incomparable
2861,2964,incomparable
2861,3287,incomparable
2861,3679,incomparable
2861,3809,incomparable
2861,4140,incomparable
2861,4629,weaker
2862,67,stronger
2862,142,incomparable
2862,464,incomparable
2862,477,incomparable
2862,522,incomparable
2862,635,incomparable
2862,955,incomparable
2862,1603,incomparable
2862,2473,incomparable
2862,2554,incomparable
2862,2586,incomparable
2862,2727,stronger
2862,3136,stronger
2862,3358,incomparable
2862,3725,incomparable
2862,3794,incomparable
2863,391,incomparable
2863,503,incomparable
2863,1048,incomparable
2863,1339,stronger
2863,2343,incomparable
2863,2550,incomparable
2863,2639,stronger
2863,2720,incomparable
2863,2870,stronger
2863,2983,stronger
2863,3011,incomparable
2863,3603,incomparable
2863,3775,incomparable
2864,1385,stronger
2864,1638,incomparable
2864,1672,incomparable
2864,2367,stronger
2864,2374,stronger
2864,2736,incomparable
2864,2861,equivalent
2864,3175,stronger
2864,3262,weaker
2864,3481,incomparable
2864,3559,incomparable
2864,3799,incomparable
2864,4464,incomparable
2864,4473,incomparable
2864,4489,incomparable
2865,365,incomparable
2865,693,stronger
2865,933,stronger
2865,1801,incomparable
2865,1895,incomparable
2865,2916,stronger
2865,2974,stronger
2865,3327,incomparable
2865,3355,incomparable
2865,3919,incomparable
2865,4198,incomparable
2865,4246,incomparable
2865,4406,incomparable
2865,4476,incomparable
2866,39,incomparable
2866,478,stronger
2866,778,incomparable
2866,860,incomparable
2866,1422,stronger
2866,1950,stronger
2866,2126,incomparable
2866,2631,stronger
2866,2679,incomparable
2866,2751,stronger
2866,3122,incomparable
2866,3215,stronger
2866,3217,stronger
2866,3372,incomparable
2866,3429,incomparable
2866,3608,incomparable
2866,4122,incomparable
2866,4496,incomparable
2867,284,stronger
2867,419,incomparable
2867,514,stronger
2867,3276,incomparable
2867,3495,incomparable
2867,3676,incomparable
2867,3807,incomparable
2867,4126,incomparable
2868,740,incomparable
2868,785,stronger
2868,1153,stronger
2868,1539,incomparable
2868,2179,stronger
2868,2715,stronger
2868,2767,stronger
2868,3159,incomparable
2868,3397,incomparable
2869,645,incomparable
2869,728,stronger
2869,858,incomparable
2869,1935,stronger
2869,2085,equivalent
2869,2265,incomparable
2869,2437,stronger
2869,2457,incomparable
2869,2491,incomparable
2869,2696,incomparable
2869,2755,incomparable
2869,3074,incomparable
2869,3415,incomparable
2869,3702,incomparable
2869,3865,incomparable
2869,3907,incomparable
2869,3967,incomparable
2869,4208,incomparable
2869,4340,weaker
2870,56,incomparable
2870,525,stronger
2870,879,incomparable
2870,912,incomparable
2870,1230,incomparable
2870,2311,stronger
2870,2595,stronger
2870,3024,incomparable
2870,3294,incomparable
2870,3457,weaker
2870,3730,incomparable
2870,3791,incomparable
2870,3872,incomparable
2870,3880,incomparable
2870,4104,incomparable
2870,4216,incomparable
2870,4633,weaker
2871,331,weaker
2871,933,stronger
2871,1012,stronger
2871,1302,stronger
2871,2243,incomparable
2871,2491,incomparable
2871,2922,stronger
2871,4259,incomparable
2871,4684,incomparable
2872,693,stronger
2872,776,stronger
2872,1774,incomparable
2872,2456,incomparable
2872,2549,stronger
2872,3010,stronger
2872,3181,stronger
2872,3235,stronger
2873,305,stronger
2873,667,incomparable
2873,769,incomparable
2873,847,incomparable
2873,932,stronger
2873,1146,incomparable
2873,1284,stronger
2873,1308,stronger
2873,1620,stronger
2873,2680,stronger
2873,3216,stronger
2873,3331,incomparable
2873,3570,incomparable
2873,3851,incomparable
2873,4038,incomparable
2873,4452,incomparable
2874,1466,incomparable
2874,1636,incomparable
2874,1783,stronger
2874,1851,incomparable
2874,3115,incomparable
2874,3309,weaker
2874,3398,incomparable
2874,3938,incomparable
2875,238,incomparable
2875,437,incomparable
2875,499,stronger
2875,611,stronger
2875,1965,stronger
2875,2056,incomparable
2875,2256,incomparable
2875,2753,incomparable
2875,3007,incomparable
2875,3487,incomparable
2875,4054,incomparable
2876,129,stronger
2876,526,stronger
2876,737,stronger
2876,904,stronger
2876,985,incomparable
2876,1121,stronger
2876,1382,stronger
2876,2536,incomparable
2876,2941,stronger
2876,3272,incomparable
2876,3575,incomparable
2876,3639,incomparable
2876,3731,incomparable
2876,4286,incomparable
2876,4327,incomparable
2877,248,stronger
2877,1058,stronger
2877,2234,stronger
2877,2373,incomparable
2877,3097,incomparable
2877,3316,weaker
2877,3525,weaker
2877,3742,incomparable
2877,4069,incomparable
2877,4103,incomparable
2877,4353,incomparable
2878,593,incomparable
2878,701,stronger
2878,936,stronger
2878,1166,stronger
2878,1307,incomparable
2878,1392,stronger
2878,2110,stronger
2878,2270,incomparable
2878,2596,stronger
2878,3701,incomparable
2878,4165,incomparable
2879,397,incomparable
2879,887,incomparable
2879,1097,stronger
2879,1403,stronger
2879,1674,incomparable
2879,2503,incomparable
2879,2680,equivalent
2879,2773,stronger
2879,2914,stronger
2879,4371,incomparable
2880,21,stronger
2880,146,incomparable
2880,1075,incomparable
2880,1980,stronger
2880,2062,incomparable
2880,2134,incomparable
2880,2198,stronger
2880,2594,stronger
2880,3403,incomparable
2880,3547,incomparable
2880,3549,incomparable
2880,4197,incomparable
2881,381,incomparable
2881,817,incomparable
2881,1021,incomparable
2881,1644,incomparable
2881,1775,stronger
2881,2587,stronger
2881,2843,stronger
2881,3191,stronger
2881,3448,incomparable
2881,3744,incomparable
2882,3016,stronger
2882,3092,incomparable
2883,136,stronger
2883,874,stronger
2883,1685,incomparable
2883,2030,stronger
2883,2078,incomparable
2883,2118,stronger
2883,2438,stronger
2883,2569,stronger
2883,2854,stronger
2883,3333,incomparable
2883,3470,incomparable
2883,3613,incomparable
2883,3623,incomparable
2883,3653,incomparable
2883,3696,incomparable
2883,3781,incomparable
2883,3933,incomparable
2883,4296,incomparable
2883,4481,incomparable
2883,4600,incomparable
2884,234,incomparable
2884,271,incomparable
2884,1022,incomparable
2884,2007,stronger
2884,2230,stronger
2884,2558,incomparable
2884,2776,incomparable
2884,2838,stronger
2884,3461,weaker
2884,3629,incomparable
2884,4387,incomparable
2885,38,weaker
2885,742,stronger
2885,1304,incomparable
2885,2848,equivalent
2885,3060,incomparable
2885,3573,incomparable
2885,3715,incomparable
2886,560,stronger
2886,2050,incomparable
2886,2104,stronger
2886,2201,stronger
2886,2524,stronger
2886,3741,incomparable
2886,4132,incomparable
2886,4229,incomparable
2886,4266,incomparable
2887,1519,incomparable
2887,1576,stronger
2887,2770,incomparable
2887,3689,incomparable
2888,1006,stronger
2888,1485,incomparable
2888,2335,incomparable
2888,2402,incomparable
2888,2511,incomparable
2888,2952,incomparable
2888,3271,incomparable
2888,4212,incomparable
2888,4625,incomparable
2889,125,incomparable
2889,570,stronger
2889,2441,incomparable
2889,2768,stronger
2889,3022,stronger
2889,3614,incomparable
2889,4154,incomparable
2890,2,stronger
2890,899,stronger
2890,1088,incomparable
2890,1649,incomparable
2890,1680,incomparable
2890,1982,stronger
2890,2144,incomparable
2890,2355,incomparable
2890,2422,stronger
2890,3014,stronger
2890,3225,stronger
2890,4343,incomparable
2890,4416,incomparable
2890,4561,incomparable
2890,4578,incomparable
2891,29,incomparable
2891,957,stronger
2891,1061,incomparable
2891,1558,incomparable
2891,1662,incomparable
2891,3492,incomparable
2891,3791,incomparable
2891,4490,incomparable
2891,4521,incomparable
2892,286,incomparable
2892,522,incomparable
2892,670,incomparable
2892,1155,incomparable
2892,1191,stronger
2892,1527,stronger
2892,2062,weaker
2892,2342,stronger
2892,2480,incomparable
2892,2606,stronger
2892,3102,incomparable
2892,3105,incomparable
2892,3447,incomparable
2892,4143,incomparable
2892,4268,weaker
2892,4338,incomparable
2892,4407,incomparable
2892,4473,incomparable
2892,4506,incomparable
2893,804,stronger
2893,1039,incomparable
2893,1190,stronger
2893,1604,stronger
2893,2320,stronger
2893,4531,incomparable
2893,4572,incomparable
2894,42,incomparable
2894,1669,incomparable
2894,1799,stronger
2894,1947,stronger
2894,2177,stronger
2894,2632,stronger
2894,3040,stronger
2894,3768,incomparable
2894,4367,incomparable
2895,331,weaker
2895,456,stronger
2895,639,incomparable
2895,832,incomparable
2895,925,stronger
2895,1050,incomparable
2895,1208,stronger
2895,1790,incomparable
2895,2268,incomparable
2895,2918,stronger
2895,3372,incomparable
2895,4674,weaker
2896,231,incomparable
2896,606,stronger
2896,1334,incomparable
2896,1500,stronger
2896,1613,incomparable
2896,2007,stronger
2896,2443,incomparable
2896,2700,incomparable
2896,2713,stronger
2896,2732,stronger
2896,3257,weaker
2896,3489,incomparable
2896,3557,incomparable
2896,3767,incomparable
2896,3848,incomparable
2897,233,stronger
2897,809,stronger
2897,815,stronger
2897,1845,incomparable
2897,1874,incomparable
2897,2049,equivalent
2897,2386,stronger
2897,3142,incomparable
2897,3276,incomparable
2897,3293,incomparable
2897,4325,incomparable
2897,4485,incomparable
2898,366,incomparable
2898,412,incomparable
2898,675,stronger
2898,1688,stronger
2898,2118,stronger
2898,3120,incomparable
2898,3326,weaker
2898,3893,incomparable
2898,4085,incomparable
2899,313,incomparable
2899,1465,incomparable
2899,1645,incomparable
2899,1751,stronger
2899,2153,stronger
2899,2160,stronger
2899,2788,stronger
2899,3374,incomparable
2899,3700,incomparable
2899,4320,incomparable
2899,4418,incomparable
2899,4453,incomparable
2899,4619,incomparable
2900,2458,incomparable
2900,2715,stronger
2900,2831,incomparable
2900,2841,incomparable
2900,3680,incomparable
2900,3863,incomparable
2900,4016,incomparable
2900,4047,incomparable
2900,4657,incomparable
2901,126,equivalent
2901,446,weaker
2901,617,weaker
2901,1608,weaker
2901,2238,weaker
2901,2396,equivalent
2901,3478,weaker
2901,3533,weaker
2901,3578,weaker
2901,4328,weaker
2901,4331,weaker
2902,511,incomparable
2902,593,incomparable
2902,1202,incomparable
2902,1308,stronger
2902,1319,stronger
2902,2188,stronger
2902,2358,stronger
2902,3279,incomparable
2902,3957,incomparable
2903,556,incomparable
2903,732,stronger
2903,833,incomparable
2903,2032,stronger
2903,2208,stronger
2903,2532,stronger
2903,2668,incomparable
2903,3146,stronger
2903,3302,incomparable
2903,3369,incomparable
2903,3634,incomparable
2903,3804,incomparable
2903,4217,incomparable
2903,4488,incomparable
2903,4636,incomparable
2904,440,weaker
2904,451,weaker
2904,542,equivalent
2904,1039,weaker
2904,1264,weaker
2904,1267,weaker
2904,2422,equivalent
2904,2920,equivalent
2904,3472,weaker
2904,3677,weaker
2904,3827,weaker
2904,4167,weaker
2904,4350,weaker
2905,155,incomparable
2905,420,incomparable
2905,713,weaker
2905,1299,weaker
2905,1341,stronger
2905,1363,stronger
2905,1415,weaker
2905,1821,weaker
2905,2821,weaker
2905,3357,incomparable
2905,3536,incomparable
2905,4387,incomparable
2905,4551,incomparable
2906,3,weaker
2906,33,equivalent
2906,165,weaker
2906,526,equivalent
2906,923,equivalent
2906,1119,weaker
2906,1395,weaker
2906,1431,weaker
2906,1692,weaker
2906,2635,equivalent
2906,4228,weaker
2906,4303,weaker
2906,4477,weaker
2907,181,equivalent
2907,263,weaker
2907,317,weaker
2907,662,weaker
2907,1539,weaker
2907,1713,weaker
2907,1772,weaker
2907,2792,equivalent
2907,3075,weaker
2907,3507,weaker
2907,3687,weaker
2907,4043,weaker
2908,1127,equivalent
2908,1333,equivalent
2908,1453,weaker
2908,1789,weaker
2908,2201,equivalent
2908,2393,weaker
2908,2671,weaker
2908,3317,weaker
2908,3721,weaker
2908,3796,weaker
2908,3857,weaker
2908,4351,weaker
2909,2027,stronger
2909,2170,stronger
2909,2269,incomparable
2909,2287,incomparable
2909,2338,incomparable
2909,3397,incomparable
2909,3984,incomparable
2909,4377,incomparable
2910,855,incomparable
2910,1679,incomparable
2910,1864,incomparable
2910,1932,incomparable
2910,2038,incomparable
2910,3820,incomparable
2910,3899,incomparable
2910,4150,incomparable
2910,4374,incomparable
2910,4551,incomparable
2911,1260,weaker
2911,1632,weaker
2911,1643,weaker
2911,1879,weaker
2911,2386,equivalent
2911,2416,equivalent
2911,2781,equivalent
2911,2831,weaker
2911,3248,equivalent
2911,3659,weaker
2911,3741,weaker
2911,3902,weaker
2911,3956,weaker
2911,4389,weaker
2911,4559,weaker
2912,739,stronger
2912,1291,incomparable
2912,1383,incomparable
2912,1510,incomparable
2912,1696,stronger
2912,1783,stronger
2912,1890,incomparable
2912,2036,incomparable
2912,2392,stronger
2912,2565,stronger
2912,3566,incomparable
2912,3705,incomparable
2913,460,incomparable
2913,1003,stronger
2913,1189,stronger
2913,2664,incomparable
2913,3069,incomparable
2913,3398,incomparable
2913,3570,incomparable
2913,4295,incomparable
2914,113,weaker
2914,235,equivalent
2914,455,weaker
2914,1725,equivalent
2914,1954,equivalent
2914,2299,equivalent
2914,2426,equivalent
2914,3144,equivalent
2914,3544,weaker
2914,3729,weaker
2914,3750,weaker
2914,4231,weaker
2914,4255,weaker
2914,4265,weaker
2914,4548,weaker
2914,4636,weaker
2915,293,stronger
2915,758,stronger
2915,1098,incomparable
2915,2569,stronger
2915,2619,stronger
2915,3592,incomparable
2915,4612,incomparable
2916,187,equivalent
2916,486,equivalent
2916,1129,weaker
2916,1221,equivalent
2916,1353,weaker
2916,2684,weaker
2916,2851,weaker
2916,3505,weaker
2916,4195,weaker
2917,311,incomparable
2917,674,stronger
2917,2192,stronger
2917,2406,incomparable
2917,2453,incomparable
2917,2513,incomparable
2917,2731,stronger
2917,3423,incomparable
2917,3656,incomparable
2917,3793,incomparable
2917,3987,incomparable
2918,304,equivalent
2918,728,equivalent
2918,1699,weaker
2918,2426,equivalent
2918,3651,weaker
2918,3898,weaker
2918,4249,weaker
2918,4342,weaker
2919,99,incomparable
2919,138,incomparable
2919,150,stronger
2919,1627,stronger
2919,1813,stronger
2919,2897,incomparable
2919,3044,stronger
2919,4622,incomparable
2920,103,weaker
2920,230,equivalent
2920,251,equivalent
2920,592,equivalent
2920,1024,weaker
2920,1445,weaker
2920,1469,weaker
2920,1607,equivalent
2920,1795,equivalent
2920,1841,weaker
2920,2645,weaker
2920,2689,weaker
2920,4351,weaker
2921,210,weaker
2921,600,equivalent
2921,949,weaker
2921,1049,weaker
2921,1096,weaker
2921,1315,weaker
2921,1462,weaker
2921,1667,weaker
2921,2139,equivalent
2921,3291,weaker
2921,3420,weaker
2921,3498,weaker
2921,3650,weaker
2921,4048,weaker
2921,4227,weaker
2921,4528,weaker
2922,735,weaker
2922,1013,equivalent
2922,1450,weaker
2922,2249,weaker
2922,4066,weaker
2922,4193,weaker
2922,4600,weaker
2922,4677,weaker
2923,111,incomparable
2923,157,incomparable
2923,170,incomparable
2923,354,incomparable
2923,356,incomparable
2923,653,weaker
2923,768,stronger
2923,774,weaker
2923,929,stronger
2923,1192,weaker
2923,2506,weaker
2923,2697,incomparable
2923,2792,stronger
2923,2990,weaker
2923,3025,stronger
2923,3119,stronger
2923,3430,incomparable
2923,3517,incomparable
2923,3692,incomparable
2924,1617,equivalent
2924,1884,weaker
2924,2372,weaker
2924,3397,weaker
2924,3495,weaker
2924,4316,weaker
2924,4548,weaker
2924,4583,weaker
2925,1848,weaker
2925,3015,incomparable
2925,3144,stronger
2925,3258,incomparable
2925,4112,incomparable
2925,4482,weaker
2926,250,weaker
2926,638,weaker
2926,757,weaker
2926,885,weaker
2926,1161,equivalent
2926,2253,weaker
2926,2878,weaker
2926,3182,weaker
2926,3204,equivalent
2926,3856,weaker
2926,4192,weaker
2927,1104,weaker
2927,1400,weaker
2927,3425,incomparable
2927,3666,incomparable
2927,4576,incomparable
2928,7,stronger
2928,1344,incomparable
2928,1444,incomparable
2928,3873,incomparable
2928,4206,incomparable
2928,4381,incomparable
2928,4516,incomparable
2929,814,equivalent
2929,2545,equivalent
2929,2877,weaker
2929,4306,weaker
2930,255,weaker
2930,412,weaker
2930,626,weaker
2930,776,equivalent
2930,2033,equivalent
2930,2158,equivalent
2930,2268,weaker
2930,2379,equivalent
2930,2597,equivalent
2930,2965,equivalent
2930,3419,weaker
2930,3868,weaker
2930,4131,weaker
2930,4135,weaker
2930,4584,weaker
2931,180,stronger
2931,354,incomparable
2931,856,weaker
2931,1141,weaker
2931,1353,weaker
2931,1408,stronger
2931,1909,stronger
2931,1969,stronger
2931,3180,weaker
2931,3576,incomparable
2931,3831,incomparable
2931,4191,incomparable
2932,415,weaker
2932,2427,equivalent
2932,2945,equivalent
2932,3001,equivalent
2932,4283,weaker
2933,554,weaker
2933,666,weaker
2933,1123,equivalent
2933,1550,equivalent
2933,1839,weaker
2933,3188,weaker
2933,3243,equivalent
2933,3617,weaker
2933,4368,weaker
2933,4491,weaker
2934,305,equivalent
2934,426,weaker
2934,518,equivalent
2934,1844,weaker
2934,2117,equivalent
2934,2279,weaker
2934,2416,equivalent
2934,2479,weaker
2934,2795,weaker
2934,3169,equivalent
2934,4406,weaker
2935,567,equivalent
2935,2326,equivalent
2935,2480,weaker
2935,2594,equivalent
2935,2812,weaker
2935,3191,equivalent
2935,3395,weaker
2935,3396,weaker
2935,4087,weaker
2935,4521,weaker
2936,798,stronger
2936,2597,stronger
2936,2906,stronger
2936,4555,incomparable
2936,4621,incomparable
2936,4655,incomparable
2937,194,incomparable
2937,319,incomparable
2937,406,incomparable
2937,628,incomparable
2937,1121,stronger
2937,1465,incomparable
2937,1561,incomparable
2937,1742,incomparable
2937,1871,incomparable
2937,2228,stronger
2937,2413,stronger
2937,2762,stronger
2937,2867,incomparable
2937,3200,stronger
2937,3392,incomparable
2937,3713,incomparable
2937,3846,incomparable
2937,4544,incomparable
2937,4632,incomparable
2938,799,equivalent
2938,809,equivalent
2938,904,equivalent
2938,1212,weaker
2938,1981,equivalent
2938,2317,equivalent
2938,2435,weaker
2938,3033,equivalent
2938,3408,weaker
2939,283,incomparable
2939,736,stronger
2939,1498,incomparable
2939,1911,stronger
2939,2359,stronger
2939,2405,stronger
2939,2814,stronger
2939,2952,stronger
2939,3149,incomparable
2939,3332,incomparable
2939,3524,incomparable
2939,3721,incomparable
2939,3786,incomparable
2939,4064,incomparable
2939,4156,incomparable
2939,4266,incomparable
2939,4429,incomparable
2940,1553,stronger
2940,1636,incomparable
2940,1734,incomparable
2940,2328,incomparable
2940,2787,incomparable
2940,2893,incomparable
2940,3042,stronger
2940,3553,incomparable
2940,3654,incomparable
2940,4336,incomparable
2940,4539,incomparable
2940,4590,incomparable
2941,50,weaker
2941,234,weaker
2941,1871,weaker
2941,2348,equivalent
2941,2540,weaker
2942,398,incomparable
2942,1411,stronger
2942,2390,stronger
2942,2910,incomparable
2942,3350,incomparable
2942,3912,incomparable
2942,4039,incomparable
2943,781,equivalent
2943,1130,equivalent
2943,1550,equivalent
2943,1558,weaker
2943,1855,weaker
2943,2030,equivalent
2943,2770,weaker
2943,2804,weaker
2943,3139,weaker
2943,3846,weaker
2943,4335,weaker
2943,4408,weaker
2943,4483,weaker
2944,250,incomparable
2944,360,incomparable
2944,604,stronger
2944,1122,weaker
2944,1962,incomparable
2944,1980,stronger
2944,2744,incomparable
2944,3096,incomparable
2944,3575,incomparable
2944,4651,incomparable
2945,259,weaker
2945,545,weaker
2945,702,equivalent
2945,1049,weaker
2945,1849,weaker
2945,2439,equivalent
2945,2928,weaker
2945,3101,weaker
2945,3286,weaker
2945,4448,weaker
2946,335,incomparable
2946,412,incomparable
2946,694,incomparable
2946,789,stronger
2946,1056,incomparable
2946,1597,stronger
2946,1648,incomparable
2946,1812,stronger
2946,2120,stronger
2946,2228,stronger
2946,2270,incomparable
2946,2333,incomparable
2946,2373,incomparable
2946,2883,incomparable
2946,4551,incomparable
2947,97,stronger
2947,731,incomparable
2947,1559,stronger
2947,2211,stronger
2947,2741,incomparable
2947,2904,stronger
2947,3087,incomparable
2948,95,equivalent
2948,144,equivalent
2948,670,weaker
2948,734,equivalent
2948,1087,equivalent
2948,1325,weaker
2948,1353,weaker
2948,2066,weaker
2948,2568,equivalent
2948,2655,weaker
2948,2727,equivalent
2948,3284,weaker
2948,3293,weaker
2948,4369,weaker
2949,373,incomparable
2949,750,stronger
2949,808,stronger
2949,1224,incomparable
2949,1826,incomparable
2950,369,weaker
2950,1038,weaker
2950,1296,equivalent
2950,1664,weaker
2950,1801,weaker
2950,3355,weaker
2950,3464,weaker
2950,3606,weaker
2950,3782,weaker
2950,4553,weaker
2951,344,weaker
2951,552,equivalent
2951,1774,weaker
2951,2140,weaker
2951,3184,weaker
2951,3331,weaker
2951,3409,weaker
2951,3921,weaker
2951,4565,weaker
2952,41,incomparable
2952,1304,incomparable
2952,1608,weaker
2952,1724,weaker
2952,1764,incomparable
2952,2398,weaker
2952,2762,stronger
2952,3797,incomparable
2952,3830,incomparable
2952,4238,weaker
2952,4604,incomparable
2952,4648,incomparable
2952,4689,weaker
2953,367,weaker
2953,397,weaker
2953,1944,equivalent
2953,2248,weaker
2953,2770,weaker
2953,3199,equivalent
2953,3450,weaker
2953,3490,weaker
2953,3621,weaker
2953,3937,weaker
2953,4215,weaker
2954,198,weaker
2954,261,weaker
2954,847,weaker
2954,1895,weaker
2954,2069,weaker
2954,2223,equivalent
2954,2629,equivalent
2954,2903,weaker
2954,3116,weaker
2954,3160,equivalent
2954,3456,weaker
2954,3583,weaker
2954,3601,weaker
2954,3736,weaker
2954,3993,weaker
2954,4010,weaker
2954,4250,weaker
2954,4255,weaker
2955,212,weaker
2955,487,weaker
2955,925,equivalent
2955,1157,equivalent
2955,1282,equivalent
2955,1767,weaker
2955,1811,weaker
2955,2017,equivalent
2955,2384,equivalent
2955,2665,weaker
2955,3660,weaker
2955,3841,weaker
2955,3845,weaker
2956,474,incomparable
2956,779,stronger
2956,949,incomparable
2956,1290,stronger
2956,2039,incomparable
2956,2646,incomparable
2956,2999,stronger
2956,3197,incomparable
2956,4277,incomparable
2957,149,equivalent
2957,192,equivalent
2957,598,weaker
2957,1192,weaker
2957,1284,equivalent
2957,1314,equivalent
2957,2047,weaker
2957,2218,equivalent
2957,2831,weaker
2957,3034,weaker
2957,3314,weaker
2957,3451,weaker
2957,3987,weaker
2957,4526,weaker
2958,48,incomparable
2958,430,incomparable
2958,510,incomparable
2958,1293,equivalent
2958,1574,stronger
2958,1606,stronger
2958,1610,stronger
2958,1695,weaker
2958,2825,stronger
2958,3254,incomparable
2958,3440,incomparable
2958,3516,incomparable
2958,3585,incomparable
2958,3907,incomparable
2959,310,weaker
2959,428,weaker
2959,716,weaker
2959,751,equivalent
2959,882,weaker
2959,1864,weaker
2959,2084,weaker
2959,2307,equivalent
2959,2372,weaker
2959,3998,weaker
2959,4340,weaker
2959,4366,weaker
2960,122,stronger
2960,228,weaker
2960,414,incomparable
2960,1013,stronger
2960,1411,stronger
2960,1541,stronger
2960,1622,stronger
2960,2142,stronger
2960,2632,stronger
2960,3337,incomparable
2960,3370,incomparable
2960,3545,incomparable
2960,3792,incomparable
2960,4355,incomparable
2960,4383,incomparable
2961,150,equivalent
2961,229,weaker
2961,444,weaker
2961,804,equivalent
2961,1149,equivalent
2961,1975,weaker
2961,2187,equivalent
2961,2465,weaker
2961,2915,weaker
2961,3461,weaker
2961,3798,weaker
2961,4246,weaker
2961,4449,weaker
2962,81,equivalent
2962,154,weaker
2962,355,weaker
2962,1491,weaker
2962,2174,equivalent
2962,3146,equivalent
2962,3274,weaker
2962,3321,weaker
2962,3501,weaker
2963,473,weaker
2963,1924,weaker
2963,2271,weaker
2963,2705,equivalent
2963,2752,equivalent
2963,2852,weaker
2963,3690,weaker
2963,3822,weaker
2963,4565,weaker
2964,458,incomparable
2964,461,incomparable
2964,858,incomparable
2964,1699,incomparable
2964,1870,incomparable
2964,1892,stronger
2964,2407,stronger
2964,2550,incomparable
2964,2775,stronger
2964,3461,incomparable
2964,3759,weaker
2964,3805,incomparable
2964,3987,incomparable
2964,4423,incomparable
2964,4425,incomparable
2965,2198,equivalent
2965,2344,equivalent
2965,2562,weaker
2965,2785,equivalent
2965,3958,weaker
2965,4062,weaker
2966,227,equivalent
2966,804,equivalent
2966,1798,equivalent
2966,2049,weaker
2966,2369,equivalent
2966,2947,weaker
2966,3231,equivalent
2966,3505,weaker
2966,3540,weaker
2966,3803,weaker
2966,3921,weaker
2966,4226,weaker
2967,166,weaker
2967,553,equivalent
2967,629,weaker
2967,702,equivalent
2967,754,equivalent
2967,1139,equivalent
2967,1389,equivalent
2967,2975,equivalent
2967,3447,weaker
2967,4445,weaker
2967,4456,weaker
2967,4459,weaker
2968,286,equivalent
2968,570,stronger
2968,638,incomparable
2968,695,incomparable
2968,2282,incomparable
2968,3170,stronger
2968,4186,incomparable
2968,4229,incomparable
2968,4664,incomparable
2968,4691,incomparable
2969,2481,weaker
2969,2631,equivalent
2969,2712,weaker
2969,2850,weaker
2969,3864,weaker
2969,4240,weaker
2969,4569,weaker
2969,4643,weaker
2970,952,weaker
2970,1355,weaker
2970,1790,weaker
2970,2289,weaker
2970,2850,weaker
2970,3099,weaker
2970,3317,weaker
2970,3908,weaker
2971,280,weaker
2971,363,weaker
2971,746,weaker
2971,791,weaker
2971,827,weaker
2971,1053,weaker
2971,1112,weaker
2971,1817,equivalent
2971,2125,weaker
2971,3004,equivalent
2971,3225,equivalent
2971,3519,weaker
2971,4121,weaker
2971,4370,weaker
2971,4578,weaker
2971,4583,weaker
2972,78,weaker
2972,152,weaker
2972,370,weaker
2972,616,weaker
2972,1301,weaker
2972,1326,equivalent
2972,2033,equivalent
2972,2148,weaker
2972,2208,equivalent
2972,2231,equivalent
2972,2782,weaker
2972,3059,weaker
2972,3816,weaker
2972,4376,weaker
2973,114,incomparable
2973,501,incomparable
2973,1366,incomparable
2973,1400,incomparable
2973,1738,incomparable
2973,2042,incomparable
2973,2896,incomparable
2973,3226,stronger
2973,4046,incomparable
2973,4297,incomparable
2974,988,equivalent
2974,1075,weaker
2974,1666,weaker
2974,1812,equivalent
2974,1948,equivalent
2974,2365,equivalent
2974,2558,weaker
2974,2805,weaker
2974,2841,weaker
2974,2857,weaker
2974,3035,equivalent
2974,3182,weaker
2974,3743,weaker
2974,4312,weaker
2974,4590,weaker
2974,4650,weaker
2975,523,equivalent
2975,881,equivalent
2975,1477,weaker
2975,1805,equivalent
2975,1908,weaker
2975,3675,weaker
2975,4527,weaker
2976,288,equivalent
2976,585,equivalent
2976,1272,weaker
2976,1451,weaker
2976,1572,equivalent
2976,2053,weaker
2976,2435,weaker
2976,2604,equivalent
2976,3530,weaker
2976,4159,weaker
2976,4327,weaker
2976,4473,weaker
2977,193,stronger
2977,280,weaker
2977,787,stronger
2977,890,stronger
2977,1142,stronger
2977,2008,stronger
2977,2416,stronger
2977,2725,incomparable
2977,3164,stronger
2977,3359,weaker
2978,335,weaker
2978,1018,equivalent
2978,1079,equivalent
2978,1211,equivalent
2978,1647,weaker
2978,2112,equivalent
2978,2117,equivalent
2978,2337,weaker
2978,2613,weaker
2978,2735,equivalent
2978,3252,equivalent
2978,3606,weaker
2978,3652,weaker
2978,3873,weaker
2978,4295,weaker
2979,698,incomparable
2979,1378,incomparable
2979,1642,incomparable
2979,3080,incomparable
2979,3694,incomparable
2980,554,weaker
2980,1147,equivalent
2980,1242,weaker
2980,1558,weaker
2980,3030,equivalent
2980,3144,equivalent
2980,3482,weaker
2980,4111,weaker
2980,4154,weaker
2980,4641,weaker
2981,584,stronger
2981,605,stronger
2981,1031,weaker
2981,1224,incomparable
2981,1473,weaker
2981,2264,incomparable
2981,2498,stronger
2981,2601,weaker
2981,2633,equivalent
2981,3275,incomparable
2981,3869,incomparable
2981,4098,incomparable
2981,4448,weaker
2981,4465,incomparable
2982,1246,incomparable
2982,1406,stronger
2982,1815,stronger
2982,2123,stronger
2982,2335,incomparable
2982,2391,stronger
2982,3375,incomparable
2982,3431,incomparable
2982,3533,incomparable
2982,3997,incomparable
2982,4632,incomparable
2982,4645,incomparable
2983,28,weaker
2983,688,equivalent
2983,759,weaker
2983,1259,weaker
2983,2378,equivalent
2983,2428,equivalent
2983,2593,equivalent
2983,2915,weaker
2983,3181,equivalent
2983,3291,weaker
2983,4565,weaker
2984,615,weaker
2984,1182,equivalent
2984,1615,equivalent
2984,1953,weaker
2984,2585,equivalent
2984,3171,weaker
2984,3527,weaker
2985,1339,stronger
2985,1467,incomparable
2985,1549,stronger
2985,1645,incomparable
2985,2263,weaker
2985,2379,stronger
2985,2874,incomparable
2985,3795,incomparable
2985,4394,incomparable
2985,4602,weaker
2986,6,equivalent
2986,374,weaker
2986,668,equivalent
2986,2275,weaker
2986,3451,weaker
2986,3561,weaker
2986,3690,weaker
2986,3753,weaker
2986,3894,weaker
2986,4219,weaker
2986,4277,weaker
2987,263,weaker
2987,700,equivalent
2987,1814,equivalent
2987,3640,weaker
2987,4087,weaker
2987,4648,weaker
2988,420,weaker
2988,594,equivalent
2988,716,weaker
2988,916,weaker
2988,1105,equivalent
2988,1521,weaker
2988,2382,equivalent
2988,2421,equivalent
2988,3656,weaker
2988,3755,weaker
2988,4282,weaker
2988,4334,weaker
2989,742,equivalent
2989,806,weaker
2989,2571,weaker
2989,2769,equivalent
2989,3117,equivalent
2989,3324,weaker
2989,3433,weaker
2989,4109,weaker
2989,4602,weaker
2990,331,incomparable
2990,734,stronger
2990,1427,incomparable
2990,2519,incomparable
2990,2898,incomparable
2990,3125,stronger
2990,3410,incomparable
2990,3566,incomparable
2990,3933,incomparable
2990,4275,incomparable
2990,4413,incomparable
2990,4433,incomparable
2991,742,equivalent
2991,783,equivalent
2991,945,equivalent
2991,1685,weaker
2991,1799,equivalent
2991,2155,equivalent
2991,2361,equivalent
2991,2802,equivalent
2991,3102,weaker
2991,3305,weaker
2991,3749,weaker
2991,4096,weaker
2991,4218,weaker
2991,4387,weaker
2991,4558,weaker
2992,713,incomparable
2992,1666,incomparable
2992,1970,incomparable
2992,3079,incomparable
2992,3445,incomparable
2992,4019,incomparable
2992,4176,incomparable
2992,4346,incomparable
2992,4535,incomparable
2993,286,weaker
2993,1139,equivalent
2993,1553,equivalent
2993,2263,weaker
2993,2297,equivalent
2993,2514,equivalent
2993,3439,weaker
2993,3479,weaker
2993,3610,weaker
2993,3884,weaker
2993,4107,weaker
2993,4614,weaker
2993,4635,weaker
2993,4654,weaker
2994,1239,incomparable
2994,1297,stronger
2994,1364,stronger
2994,1701,incomparable
2994,2169,incomparable
2994,2549,stronger
2994,2794,stronger
2994,2981,stronger
2994,3038,stronger
2994,3546,incomparable
2994,3678,incomparable
2994,4319,incomparable
2994,4506,incomparable
2994,4565,incomparable
2995,70,equivalent
2995,446,weaker
2995,1632,weaker
2995,3739,weaker
2995,3801,weaker
2995,4194,weaker
2995,4668,weaker
2996,473,weaker
2996,752,weaker
2996,917,weaker
2996,1089,equivalent
2996,1492,weaker
2996,2244,weaker
2996,2758,equivalent
2996,3001,equivalent
2996,3471,weaker
2996,3671,weaker
2996,3896,weaker
2996,4169,weaker
2996,4195,weaker
2997,337,weaker
2997,484,equivalent
2997,908,equivalent
2997,1027,weaker
2997,3332,weaker
2997,3630,weaker
2997,3644,weaker
2997,3963,weaker
2997,4108,weaker
2997,4157,weaker
2997,4349,weaker
2998,146,incomparable
2998,183,stronger
2998,655,incomparable
2998,1172,stronger
2998,1634,incomparable
2998,1674,incomparable
2998,1748,stronger
2998,3167,weaker
2998,3781,incomparable
2999,1560,weaker
2999,2305,equivalent
2999,2926,equivalent
2999,3943,weaker
2999,4138,weaker
3000,1119,weaker
3000,1214,equivalent
3000,1233,weaker
3000,1439,weaker
3000,1520,equivalent
3000,1802,equivalent
3000,1927,weaker
3000,1934,weaker
3000,2039,weaker
3000,2387,equivalent
3000,3450,weaker
3000,3656,weaker
3000,3920,weaker
3001,302,weaker
3001,341,weaker
3001,342,weaker
3001,474,weaker
3001,743,equivalent
3001,1529,equivalent
3001,1673,weaker
3001,3327,weaker
3001,3524,weaker
3001,3802,weaker
3001,3984,weaker
3001,4136,weaker
3001,4141,weaker
3001,4458,weaker
3001,4683,weaker
3002,314,incomparable
3002,547,stronger
3002,1730,stronger
3002,1874,incomparable
3002,2238,weaker
3002,2530,weaker
3002,3051,incomparable
3002,3131,incomparable
3003,549,weaker
3003,634,weaker
3003,1138,equivalent
3003,1440,weaker
3003,1443,weaker
3003,1942,equivalent
3003,2377,equivalent
3003,3358,weaker
3003,3445,weaker
3003,3527,weaker
3003,3557,weaker
3003,3673,weaker
3004,169,weaker
3004,1083,weaker
3004,1141,weaker
3004,1596,equivalent
3004,2523,equivalent
3004,2689,weaker
3004,3453,weaker
3004,4271,weaker
3004,4302,weaker
3004,4454,weaker
3004,4631,weaker
3005,107,weaker
3005,241,equivalent
3005,407,weaker
3005,1637,weaker
3005,2680,weaker
3005,4051,weaker
3005,4053,weaker
3005,4231,weaker
3006,96,equivalent
3006,1098,weaker
3006,2368,weaker
3006,2821,weaker
3006,2964,weaker
3006,3068,weaker
3006,3249,equivalent
3006,3383,weaker
3006,3941,weaker
3006,3994,weaker
3006,4359,weaker
3007,294,stronger
3007,396,incomparable
3007,2085,incomparable
3007,3029,stronger
3007,3204,stronger
3007,3361,incomparable
3007,3827,incomparable
3007,4202,incomparable
3008,360,incomparable
3008,716,incomparable
3008,956,stronger
3008,1239,incomparable
3008,2108,stronger
3008,2139,stronger
3008,2169,incomparable
3008,2268,incomparable
3008,2764,stronger
3008,3666,incomparable
3009,441,weaker
3009,1094,equivalent
3009,1179,equivalent
3009,2039,weaker
3009,2285,weaker
3009,2331,weaker
3009,2520,equivalent
3009,2551,equivalent
3009,3681,weaker
3009,4134,weaker
3010,847,weaker
3010,1046,weaker
3010,1225,weaker
3010,1366,weaker
3010,1476,weaker
3010,1700,equivalent
3010,1714,equivalent
3010,2405,equivalent
3010,2431,equivalent
3010,2711,equivalent
3010,2928,weaker
3010,4042,weaker
3010,4443,weaker
3011,59,incomparable
3011,551,stronger
3011,675,stronger
3011,764,stronger
3011,910,incomparable
3011,972,incomparable
3011,2179,stronger
3011,2196,incomparable
3011,2368,incomparable
3011,2757,stronger
3011,3269,incomparable
3012,317,weaker
3012,743,equivalent
3012,1132,equivalent
3012,1185,equivalent
3012,1645,weaker
3012,2152,weaker
3012,2355,weaker
3012,2883,weaker
3012,3714,weaker
3012,3971,weaker
3013,436,weaker
3013,1122,weaker
3013,1701,weaker
3013,1771,equivalent
3013,2021,equivalent
3013,2262,weaker
3013,2290,weaker
3013,3529,weaker
3014,111,weaker
3014,865,weaker
3014,2347,weaker
3014,3248,equivalent
3014,3506,weaker
3014,4618,weaker
3015,1320,incomparable
3015,1482,incomparable
3015,1609,stronger
3015,2236,stronger
3015,2314,weaker
3015,2528,stronger
3015,2934,stronger
3015,3426,weaker
3015,3525,weaker
3015,3726,incomparable
3015,3871,incomparable
3015,4029,incomparable
3015,4100,weaker
3015,4655,weaker
3016,443,weaker
3016,1403,equivalent
3016,1662,weaker
3016,1834,weaker
3016,2218,equivalent
3016,2721,equivalent
3016,3508,weaker
3016,3589,weaker
3016,3886,weaker
3016,4191,weaker
3017,99,weaker
3017,244,equivalent
3017,596,equivalent
3017,836,weaker
3017,1170,equivalent
3017,1400,weaker
3017,1680,weaker
3017,2263,weaker
3017,2526,equivalent
3017,3019,weaker
3017,3371,weaker
3017,3509,weaker
3017,3570,weaker
3017,3719,weaker
3017,3768,weaker
3017,3832,weaker
3018,224,weaker
3018,918,equivalent
3018,2280,weaker
3018,2344,equivalent
3018,3540,weaker
3018,3729,weaker
3018,4384,weaker
3018,4573,weaker
3018,4633,weaker
3019,884,stronger
3019,1511,stronger
3019,1812,stronger
3019,2043,weaker
3019,2235,stronger
3019,2724,weaker
3019,3642,incomparable
3019,4013,incomparable
3019,4586,incomparable
3020,475,equivalent
3020,820,weaker
3020,1066,weaker
3020,1451,weaker
3020,1749,equivalent
3020,2043,weaker
3020,2385,weaker
3020,2933,equivalent
3020,3464,weaker
3020,4121,weaker
3020,4160,weaker
3020,4213,weaker
3020,4288,weaker
3020,4293,weaker
3020,4657,weaker
3021,269,weaker
3021,597,equivalent
3021,1533,equivalent
3021,1872,weaker
3021,2088,weaker
3021,2969,equivalent
3021,2992,weaker
3021,3031,equivalent
3021,3199,equivalent
3021,3760,weaker
3021,3802,weaker
3021,3833,weaker
3022,13,weaker
3022,1268,weaker
3022,1432,weaker
3022,1759,weaker
3022,2620,equivalent
3022,2793,equivalent
3022,2941,equivalent
3022,3632,weaker
3022,3865,weaker
3022,4424,weaker
3023,1840,weaker
3023,1985,equivalent
3023,2909,weaker
3023,3274,weaker
3023,3546,weaker
3023,3862,weaker
3023,4032,weaker
3023,4521,weaker
3024,374,incomparable
3024,891,stronger
3024,1185,stronger
3024,1362,stronger
3024,1444,incomparable
3024,1713,incomparable
3024,2169,incomparable
3024,2971,stronger
3024,3272,incomparable
3024,3416,incomparable
3024,3814,incomparable
3025,171,equivalent
3025,591,equivalent
3025,593,weaker
3025,788,equivalent
3025,1238,weaker
3025,1296,equivalent
3025,2023,equivalent
3025,2245,weaker
3025,2574,equivalent
3025,2614,equivalent
3025,3034,weaker
3025,3163,weaker
3025,3498,weaker
3025,3500,weaker
3025,3721,weaker
3025,4253,weaker
3025,4428,weaker
3026,76,equivalent
3026,162,weaker
3026,521,equivalent
3026,732,equivalent
3026,782,weaker
3026,1621,equivalent
3026,1787,equivalent
3026,2249,weaker
3026,2386,equivalent
3026,2455,weaker
3026,2724,weaker
3026,2847,weaker
3026,3008,weaker
3026,3030,equivalent
3026,3034,weaker
3026,3565,weaker
3026,3658,weaker
3026,3938,weaker
3027,25,weaker
3027,404,weaker
3027,1483,weaker
3027,2053,weaker
3027,2061,weaker
3027,2122,equivalent
3027,2392,equivalent
3027,3117,equivalent
3027,3648,weaker
3027,3793,weaker
3027,3956,weaker
3027,4366,weaker
3028,709,weaker
3028,710,equivalent
3028,1488,weaker
3028,2204,equivalent
3028,2213,equivalent
3028,2329,equivalent
3028,2426,equivalent
3028,2878,weaker
3028,2927,weaker
3028,3316,weaker
3028,3597,weaker
3028,3630,weaker
3028,4089,weaker
3028,4107,weaker
3028,4203,weaker
3028,4607,weaker
3029,638,incomparable
3029,923,stronger
3029,2214,stronger
3029,2583,stronger
3029,3178,stronger
3029,3494,incomparable
3029,3531,incomparable
3030,140,equivalent
3030,521,equivalent
3030,647,weaker
3030,1616,equivalent
3030,2420,weaker
3030,2471,weaker
3030,2922,equivalent
3030,3024,weaker
3030,3303,weaker
3030,3319,weaker
3030,3323,weaker
3030,3418,weaker
3030,3857,weaker
3030,4327,weaker
3031,264,weaker
3031,366,weaker
3031,785,equivalent
3031,862,weaker
3031,1302,equivalent
3031,2343,weaker
3031,3007,weaker
3031,3056,weaker
3031,3710,weaker
3031,3970,weaker
3031,4613,weaker
3032,61,weaker
3032,94,weaker
3032,129,equivalent
3032,919,weaker
3032,1751,equivalent
3032,2181,equivalent
3032,2547,equivalent
3032,2648,weaker
3032,3749,weaker
3032,3820,weaker
3032,3862,weaker
3032,3880,weaker
3032,4008,weaker
3032,4190,weaker
3033,986,equivalent
3033,1900,weaker
3033,2051,weaker
3033,2271,weaker
3033,2317,equivalent
3033,3102,weaker
3033,3290,weaker
3033,3694,weaker
3033,4156,weaker
3033,4389,weaker
3033,4632,weaker
3034,18,stronger
3034,146,weaker
3034,189,stronger
3034,308,incomparable
3034,544,stronger
3034,746,incomparable
3034,1698,stronger
3034,1891,stronger
3034,3626,incomparable
3034,4099,incomparable
3034,4127,incomparable
3034,4274,incomparable
3035,1374,weaker
3035,1801,weaker
3035,2250,weaker
3035,2738,equivalent
3035,3118,weaker
3035,3961,weaker
3035,4550,weaker
3036,669,weaker
3036,1320,weaker
3036,1537,weaker
3036,2260,weaker
3036,2560,equivalent
3036,3878,weaker
3036,4103,weaker
3036,4195,weaker
3036,4419,weaker
3036,4571,weaker
3037,947,weaker
3037,1341,equivalent
3037,1995,equivalent
3037,3109,equivalent
3037,3133,equivalent
3037,3551,weaker
3037,3987,weaker
3037,4045,weaker
3037,4573,weaker
3037,4687,weaker
3038,117,weaker
3038,173,equivalent
3038,436,weaker
3038,1142,equivalent
3038,1155,weaker
3038,2054,weaker
3038,2080,weaker
3038,2085,weaker
3038,2384,equivalent
3038,2469,weaker
3038,4248,weaker
3038,4325,weaker
3038,4441,weaker
3038,4455,weaker
3038,4506,weaker
3038,4559,weaker
3039,1029,incomparable
3039,1031,weaker
3039,1947,stronger
3039,2000,weaker
3039,3161,incomparable
3039,4095,incomparable
3040,231,weaker
3040,445,weaker
3040,474,weaker
3040,650,weaker
3040,692,weaker
3040,759,weaker
3040,1276,weaker
3040,2255,weaker
3040,3133,equivalent
3040,3774,weaker
3040,3866,weaker
3040,4205,weaker
3041,364,weaker
3041,669,weaker
3041,870,weaker
3041,1692,weaker
3041,2395,equivalent
3041,2787,weaker
3041,2978,equivalent
3041,3579,weaker
3041,4362,weaker
3041,4488,weaker
3042,361,weaker
3042,568,equivalent
3042,1416,equivalent
3042,1854,weaker
3042,1958,weaker
3042,2602,weaker
3042,2811,equivalent
3042,3085,weaker
3042,4128,weaker
3043,396,weaker
3043,505,equivalent
3043,544,equivalent
3043,1114,equivalent
3043,1575,equivalent
3043,1978,equivalent
3043,2981,weaker
3043,3226,equivalent
3043,3533,weaker
3043,4398,weaker
3044,16,weaker
3044,164,incomparable
3044,201,stronger
3044,348,incomparable
3044,365,incomparable
3044,420,incomparable
3044,518,stronger
3044,660,incomparable
3044,929,stronger
3044,1067,weaker
3044,1785,stronger
3044,2754,stronger
3044,3158,stronger
3044,3524,incomparable
3044,3656,incomparable
3045,592,equivalent
3045,971,equivalent
3045,2103,weaker
3045,2373,weaker
3045,2579,weaker
3045,2652,weaker
3045,2929,equivalent
3045,3182,weaker
3045,4103,weaker
3046,798,equivalent
3046,1127,equivalent
3046,1532,equivalent
3046,1571,weaker
3046,1646,weaker
3046,1655,weaker
3046,1940,equivalent
3046,2409,equivalent
3046,3361,weaker
3046,3504,weaker
3046,3795,weaker
3046,3834,weaker
3046,4393,weaker
3046,4440,weaker
3047,159,weaker
3047,1374,weaker
3047,1823,equivalent
3047,1922,weaker
3047,2647,weaker
3047,2938,equivalent
3047,3360,weaker
3047,4311,weaker
3047,4474,weaker
3047,4656,weaker
3048,347,weaker
3048,494,equivalent
3048,714,weaker
3048,752,weaker
3048,1737,equivalent
3048,1871,weaker
3048,2281,weaker
3048,2929,equivalent
3048,3371,weaker
3048,3732,weaker
3048,3965,weaker
3048,4038,weaker
3048,4373,weaker
3048,4497,weaker
3049,132,equivalent
3049,1881,weaker
3049,1956,equivalent
3049,2479,weaker
3049,2504,weaker
3049,2617,equivalent
3049,2665,weaker
3049,2826,weaker
3049,2960,weaker
3049,3740,weaker
3049,4141,weaker
3049,4190,weaker
3049,4436,weaker
3050,1190,stronger
3050,1351,stronger
3050,1877,stronger
3050,2044,incomparable
3050,2525,stronger
3050,3142,stronger
3050,3193,stronger
3050,3231,stronger
3050,3336,incomparable
3050,3400,incomparable
3050,4385,incomparable
3050,4463,incomparable
3051,625,incomparable
3051,2037,incomparable
3051,2344,stronger
3051,2721,stronger
3051,2813,stronger
3051,2962,stronger
3051,3124,stronger
3051,3256,weaker
3051,3277,incomparable
3051,4414,incomparable
3052,359,incomparable
3052,765,incomparable
3052,1925,incomparable
3052,2036,incomparable
3052,3379,incomparable
3052,3665,incomparable
3052,3779,incomparable
3053,50,incomparable
3053,1098,incomparable
3053,1303,incomparable
3053,3037,stronger
3053,3454,incomparable
3053,3917,incomparable
3053,4021,incomparable
3053,4099,incomparable
3053,4171,incomparable
3053,4477,incomparable
3054,112,stronger
3054,318,incomparable
3054,508,incomparable
3054,514,stronger
3054,662,stronger
3054,688,stronger
3054,802,stronger
3054,860,incomparable
3054,1122,incomparable
3054,1505,stronger
3054,1592,stronger
3054,1614,stronger
3054,1685,incomparable
3054,1982,stronger
3054,1983,incomparable
3054,2550,incomparable
3054,2788,stronger
3054,2922,stronger
3054,3443,incomparable
3054,3691,incomparable
3054,4199,incomparable
3055,457,stronger
3055,633,incomparable
3055,1426,incomparable
3055,2864,incomparable
3055,3133,stronger
3055,3371,incomparable
3055,3711,incomparable
3055,4135,incomparable
3055,4371,incomparable
3056,315,incomparable
3056,904,stronger
3056,1118,stronger
3056,2778,incomparable
3056,3538,incomparable
3056,4266,incomparable
3056,4295,incomparable
3057,50,incomparable
3057,293,stronger
3057,440,incomparable
3057,1307,incomparable
3057,1525,incomparable
3057,2069,incomparable
3057,2274,incomparable
3057,3212,stronger
3057,4370,incomparable
3058,639,incomparable
3058,657,incomparable
3058,1234,incomparable
3058,1782,stronger
3058,1918,stronger
3058,2368,incomparable
3058,2572,stronger
3058,2740,stronger
3058,3242,stronger
3058,3585,incomparable
3058,3857,incomparable
3058,4233,incomparable
3058,4562,incomparable
3059,311,incomparable
3059,796,incomparable
3059,1172,stronger
3059,1427,incomparable
3059,2264,incomparable
3059,3029,incomparable
3059,3272,incomparable
3059,3965,incomparable
3059,4236,incomparable
3059,4447,incomparable
3060,1005,stronger
3060,1065,stronger
3060,1354,stronger
3060,2039,incomparable
3060,2608,stronger
3060,2724,incomparable
3060,3111,stronger
3060,3279,incomparable
3061,1172,stronger
3061,1205,stronger
3061,1238,incomparable
3061,1253,incomparable
3061,1257,incomparable
3061,1361,incomparable
3061,1652,stronger
3061,1759,incomparable
3061,2630,stronger
3061,2750,stronger
3061,3263,incomparable
3061,3764,incomparable
3061,4261,incomparable
3062,862,stronger
3062,1862,incomparable
3062,3278,incomparable
3062,3905,incomparable
3062,4421,incomparable
3063,535,stronger
3063,953,stronger
3063,1065,stronger
3063,1141,incomparable
3063,1713,incomparable
3063,1848,incomparable
3063,1968,stronger
3063,2049,incomparable
3063,2137,incomparable
3063,2826,incomparable
3063,2909,incomparable
3063,4146,incomparable
3064,281,incomparable
3064,468,stronger
3064,615,incomparable
3064,1099,stronger
3064,1154,incomparable
3064,1377,stronger
3064,1503,stronger
3064,1774,incomparable
3064,1783,stronger
3064,2438,stronger
3064,2597,stronger
3064,2753,incomparable
3064,3323,weaker
3064,4056,incomparable
3064,4070,incomparable
3064,4137,incomparable
3064,4661,incomparable
3065,658,incomparable
3065,1347,stronger
3065,1581,incomparable
3065,2007,stronger
3065,2480,stronger
3065,2501,stronger
3065,4192,incomparable
3065,4216,incomparable
3066,745,stronger
3066,774,incomparable
3066,795,stronger
3066,1798,stronger
3066,2032,stronger
3066,2356,stronger
3066,3986,incomparable
3066,4499,incomparable
3067,287,stronger
3067,323,weaker
3067,860,incomparable
3067,1435,incomparable
3067,1580,stronger
3067,1690,stronger
3067,2962,stronger
3067,3902,incomparable
3067,4205,incomparable
3068,511,incomparable
3068,1123,stronger
3068,1352,stronger
3068,1791,stronger
3068,2126,incomparable
3068,2963,stronger
3068,3414,incomparable
3068,3687,incomparable
3068,3864,incomparable
3068,3921,incomparable
3069,70,stronger
3069,146,incomparable
3069,525,stronger
3069,857,stronger
3069,1409,stronger
3069,1621,stronger
3069,1645,incomparable
3069,1676,incomparable
3069,2000,incomparable
3069,2616,stronger
3069,2635,stronger
3069,2868,incomparable
3069,3199,stronger
3069,4003,incomparable
3069,4162,incomparable
3069,4216,incomparable
3069,4551,incomparable
3069,4606,incomparable
3070,922,incomparable
3070,1143,stronger
3070,1825,stronger
3070,1945,incomparable
3070,2010,stronger
3070,2346,stronger
3070,2378,stronger
3070,2714,incomparable
3070,3865,incomparable
3070,4187,incomparable
3071,543,incomparable
3071,1065,stronger
3071,2209,stronger
3071,2397,stronger
3071,2545,stronger
3071,2822,stronger
3072,1157,stronger
3072,1177,stronger
3072,1610,stronger
3072,1893,stronger
3072,2569,stronger
3072,3049,stronger
3072,3063,equivalent
3072,3692,incomparable
3072,3842,incomparable
3073,239,stronger
3073,1059,incomparable
3073,1282,stronger
3073,1507,incomparable
3073,1816,incomparable
3073,2979,incomparable
3073,3651,incomparable
3073,3977,incomparable
3073,4230,incomparable
3073,4478,incomparable
3073,4589,incomparable
3073,4685,incomparable
3074,272,stronger
3074,846,incomparable
3074,1242,incomparable
3074,2438,stronger
3074,2854,incomparable
3074,2888,incomparable
3074,2895,incomparable
3074,3626,incomparable
3074,3660,incomparable
3074,3690,incomparable
3074,4105,incomparable
3074,4134,incomparable
3074,4405,incomparable
3075,675,stronger
3075,1208,stronger
3075,1256,incomparable
3075,1397,stronger
3075,1859,stronger
3075,1937,incomparable
3075,2231,stronger
3075,2595,stronger
3075,2732,stronger
3075,2783,stronger
3075,3760,incomparable
3075,4021,incomparable
3075,4563,incomparable
3075,4570,incomparable
3076,663,stronger
3076,1045,incomparable
3076,1128,stronger
3076,1267,incomparable
3076,2489,incomparable
3076,2547,stronger
3076,3984,incomparable
3077,16,incomparable
3077,152,incomparable
3077,495,incomparable
3077,1772,incomparable
3077,2337,incomparable
3077,2514,stronger
3077,3226,stronger
3077,3299,incomparable
3077,3792,incomparable
3077,3877,incomparable
3077,4269,weaker
3077,4664,incomparable
3078,254,stronger
3078,900,stronger
3078,3009,stronger
3078,3719,incomparable
3078,4202,incomparable
3078,4211,incomparable
3078,4540,incomparable
3079,7,stronger
3079,647,incomparable
3079,858,incomparable
3079,951,incomparable
3079,1094,stronger
3079,1198,stronger
3079,2253,incomparable
3079,3129,stronger
3079,3319,incomparable
3079,4451,incomparable
3079,4688,incomparable
3080,595,stronger
3080,1988,stronger
3080,2135,incomparable
3080,2552,incomparable
3080,3202,stronger
3080,3431,incomparable
3080,4049,incomparable
3081,602,stronger
3081,705,stronger
3081,718,stronger
3081,1134,stronger
3081,1338,stronger
3081,1351,stronger
3081,1354,stronger
3081,1950,stronger
3081,2017,stronger
3081,2481,incomparable
3081,2653,incomparable
3081,2749,stronger
3081,2877,incomparable
3081,3753,incomparable
3082,1026,incomparable
3082,1464,stronger
3082,2379,stronger
3082,2518,stronger
3082,2598,stronger
3082,2722,incomparable
3082,2850,incomparable
3082,2917,incomparable
3082,3120,incomparable
3082,3348,incomparable
3082,3931,incomparable
3083,35,stronger
3083,413,incomparable
3083,425,incomparable
3083,1215,stronger
3083,2498,stronger
3083,2915,incomparable
3083,3018,stronger
3083,3357,incomparable
3083,3506,incomparable
3083,3561,incomparable
3083,4321,incomparable
3084,216,stronger
3084,338,incomparable
3084,713,incomparable
3084,918,stronger
3084,1208,stronger
3084,1767,incomparable
3084,2319,incomparable
3084,3407,incomparable
3084,4290,incomparable
3084,4447,incomparable
3084,4521,incomparable
3085,80,stronger
3085,716,incomparable
3085,733,stronger
3085,1249,incomparable
3085,1557,stronger
3085,1945,incomparable
3085,2018,stronger
3085,2220,stronger
3085,2335,incomparable
3085,2491,stronger
3085,2964,incomparable
3085,3469,incomparable
3085,3475,incomparable
3085,3544,incomparable
3086,1538,stronger
3086,1580,stronger
3086,1813,stronger
3086,1830,stronger
3086,3316,weaker
3086,4239,incomparable
3087,145,stronger
3087,285,stronger
3087,992,stronger
3087,1013,stronger
3087,1994,stronger
3087,2577,stronger
3087,2646,incomparable
3087,2716,incomparable
3087,2862,incomparable
3087,2937,incomparable
3087,3031,stronger
3087,3876,incomparable
3087,4429,incomparable
3088,35,stronger
3088,810,stronger
3088,994,incomparable
3088,1153,stronger
3088,1232,incomparable
3088,2096,stronger
3088,2979,incomparable
3088,3206,stronger
3088,3424,incomparable
3088,3783,incomparable
3088,3877,incomparable
3088,4330,incomparable
3088,4626,incomparable
3089,141,stronger
3089,215,incomparable
3089,529,stronger
3089,658,incomparable
3089,944,stronger
3089,1084,stronger
3089,1095,stronger
3089,1321,stronger
3089,1405,incomparable
3089,2147,stronger
3089,3014,stronger
3089,4117,incomparable
3089,4367,incomparable
3090,261,incomparable
3090,283,incomparable
3090,314,incomparable
3090,1081,stronger
3090,1274,stronger
3090,1285,incomparable
3090,1377,stronger
3090,2311,stronger
3090,2339,stronger
3090,2405,stronger
3090,2406,incomparable
3090,2483,stronger
3090,2905,incomparable
3090,3089,weaker
3090,3893,incomparable
3090,4319,weaker
3090,4493,incomparable
3090,4673,weaker
3091,347,incomparable
3091,634,stronger
3091,1465,incomparable
3091,1925,incomparable
3091,2746,incomparable
3091,2901,stronger
3091,2923,incomparable
3091,3082,stronger
3091,4382,incomparable
3091,4529,incomparable
3091,4656,incomparable
3092,1199,stronger
3092,2338,incomparable
3092,2377,stronger
3092,2690,incomparable
3092,2720,incomparable
3092,3003,stronger
3092,3328,weaker
3092,3739,incomparable
3093,61,stronger
3093,424,incomparable
3093,970,stronger
3093,1490,stronger
3093,2413,stronger
3093,2570,stronger
3093,3491,incomparable
3093,4100,incomparable
3093,4502,incomparable
3093,4682,incomparable
3094,903,stronger
3094,1652,stronger
3094,1855,incomparable
3094,3166,stronger
3094,3220,stronger
3094,3524,incomparable
3094,4165,incomparable
3094,4610,incomparable
3095,374,incomparable
3095,730,stronger
3095,828,incomparable
3095,1010,stronger
3095,1119,incomparable
3095,1151,stronger
3095,1402,stronger
3095,2830,stronger
3095,3473,incomparable
3095,4007,incomparable
3095,4145,incomparable
3096,112,stronger
3096,1039,incomparable
3096,1354,stronger
3096,1422,stronger
3096,1932,incomparable
3096,1980,stronger
3096,4478,incomparable
3097,43,incomparable
3097,284,stronger
3097,947,incomparable
3097,1508,stronger
3097,1650,incomparable
3097,1693,stronger
3097,4172,incomparable
3097,4205,incomparable
3098,421,incomparable
3098,1516,incomparable
3098,1596,stronger
3098,3243,stronger
3098,4187,incomparable
3098,4423,incomparable
3098,4581,incomparable
3099,603,incomparable
3099,754,stronger
3099,1455,incomparable
3099,1502,incomparable
3099,1663,incomparable
3099,2125,incomparable
3099,2480,incomparable
3099,2884,incomparable
3099,4620,incomparable
3100,1333,stronger
3100,3407,incomparable
3100,3781,incomparable
3100,4196,incomparable
3100,4391,incomparable
3100,4685,incomparable
3101,586,stronger
3101,1212,incomparable
3101,1541,stronger
3101,1764,incomparable
3101,1866,stronger
3101,1979,incomparable
3101,2327,incomparable
3101,3407,incomparable
3101,4477,incomparable
3101,4649,incomparable
3102,538,stronger
3102,770,stronger
3102,964,incomparable
3102,1157,stronger
3102,1611,stronger
3102,2277,incomparable
3102,2281,incomparable
3102,2283,incomparable
3102,2487,incomparable
3102,3294,incomparable
3102,3498,incomparable
3102,3776,incomparable
3103,117,incomparable
3103,499,stronger
3103,847,incomparable
3103,879,incomparable
3103,920,stronger
3103,1042,incomparable
3103,2310,incomparable
3103,2470,incomparable
3103,3629,incomparable
3103,3950,incomparable
3103,4261,incomparable
3103,4386,incomparable
3104,294,weaker
3104,696,equivalent
3104,736,equivalent
3104,1542,equivalent
3104,1847,weaker
3104,2027,equivalent
3104,2115,weaker
3104,2138,equivalent
3104,2523,equivalent
3104,2566,equivalent
3104,3067,weaker
3104,3345,weaker
3104,3866,weaker
3105,611,stronger
3105,774,incomparable
3105,794,stronger
3105,1159,stronger
3105,1877,incomparable
3105,2589,stronger
3105,2662,incomparable
3105,3145,incomparable
3105,3471,incomparable
3105,3482,incomparable
3105,3722,incomparable
3106,272,stronger
3106,547,stronger
3106,711,incomparable
3106,849,incomparable
3106,943,incomparable
3106,1227,incomparable
3106,1241,incomparable
3106,1757,stronger
3106,1760,stronger
3106,3710,incomparable
3106,3981,incomparable
3106,4233,incomparable
3106,4615,incomparable
3107,451,weaker
3107,1361,weaker
3107,1464,weaker
3107,1811,weaker
3107,1919,equivalent
3107,1977,weaker
3107,3085,weaker
3107,3812,weaker
3107,4016,weaker
3107,4317,weaker
3107,4655,weaker
3108,436,incomparable
3108,903,stronger
3108,1058,incomparable
3108,1516,incomparable
3108,2761,incomparable
3108,2768,stronger
3108,3006,stronger
3108,3163,stronger
3108,3257,incomparable
3108,3550,incomparable
3108,3902,incomparable
3108,4044,incomparable
3108,4496,incomparable
3108,4499,incomparable
3108,4589,incomparable
3109,346,weaker
3109,2162,weaker
3109,2728,weaker
3109,3470,weaker
3109,3650,weaker
3109,4140,weaker
3110,430,weaker
3110,441,weaker
3110,536,equivalent
3110,1332,weaker
3110,1352,equivalent
3110,1475,weaker
3110,1773,equivalent
3110,1906,equivalent
3110,1958,weaker
3110,2743,weaker
3110,4676,weaker
3111,396,weaker
3111,635,weaker
3111,1063,weaker
3111,1448,weaker
3111,1786,equivalent
3111,1973,equivalent
3111,2257,weaker
3111,2497,weaker
3111,2560,equivalent
3111,2586,weaker
3111,2810,equivalent
3111,2854,weaker
3111,3050,weaker
3111,3165,equivalent
3111,4215,weaker
3111,4324,weaker
3111,4349,weaker
3112,42,incomparable
3112,96,stronger
3112,500,incomparable
3112,734,stronger
3112,1122,incomparable
3112,1258,incomparable
3112,1816,incomparable
3112,2299,stronger
3112,4186,incomparable
3112,4236,incomparable
3112,4380,incomparable
3113,7,stronger
3113,10,incomparable
3113,319,incomparable
3113,637,incomparable
3113,907,incomparable
3113,1115,incomparable
3113,1411,stronger
3113,1496,incomparable
3113,1646,incomparable
3113,1893,stronger
3113,1937,incomparable
3113,2321,stronger
3113,2601,incomparable
3113,2773,stronger
3113,3222,incomparable
3113,3440,incomparable
3113,4536,incomparable
3113,4548,incomparable
3114,102,weaker
3114,218,weaker
3114,781,equivalent
3114,1793,weaker
3114,3033,equivalent
3114,3325,weaker
3114,3590,weaker
3114,4675,weaker
3115,208,incomparable
3115,926,incomparable
3115,1763,incomparable
3115,1962,incomparable
3115,2220,stronger
3115,3013,stronger
3115,3667,incomparable
3115,3975,incomparable
3116,385,incomparable
3116,825,incomparable
3116,888,stronger
3116,1346,stronger
3116,1758,stronger
3116,1830,stronger
3116,2104,stronger
3116,2228,stronger
3116,2419,stronger
3116,2450,incomparable
3116,2457,incomparable
3116,2547,stronger
3116,2827,stronger
3116,3395,incomparable
3116,3768,incomparable
3116,3851,incomparable
3116,4064,incomparable
3116,4287,incomparable
3116,4358,incomparable
3116,4364,incomparable
3116,4370,incomparable
3117,150,equivalent
3117,265,weaker
3117,272,equivalent
3117,761,weaker
3117,929,equivalent
3117,1505,equivalent
3117,2931,weaker
3117,3407,weaker
3118,465,stronger
3118,470,stronger
3118,615,incomparable
3118,834,incomparable
3118,2226,stronger
3118,2518,stronger
3118,2647,incomparable
3118,2698,stronger
3118,2755,incomparable
3118,2995,stronger
3118,3226,stronger
3118,3492,incomparable
3118,4035,weaker
3118,4041,incomparable
3118,4077,incomparable
3118,4574,weaker
3119,23,weaker
3119,148,equivalent
3119,909,weaker
3119,1209,equivalent
3119,1559,equivalent
3119,1909,equivalent
3119,3609,weaker
3119,3634,weaker
3119,3838,weaker
3120,360,incomparable
3120,1106,stronger
3120,1292,stronger
3120,1793,weaker
3120,2363,stronger
3120,3156,stronger
3120,3362,incomparable
3120,3571,incomparable
3121,41,weaker
3121,518,equivalent
3121,1166,equivalent
3121,1499,equivalent
3121,1854,weaker
3121,2063,weaker
3121,2253,weaker
3121,2870,weaker
3121,3184,weaker
3121,4120,weaker
3121,4276,weaker
3122,675,stronger
3122,1579,stronger
3122,1669,incomparable
3122,1867,incomparable
3122,2004,incomparable
3122,2041,incomparable
3122,2598,stronger
3122,2786,stronger
3122,3642,incomparable
3122,4114,incomparable
3122,4243,incomparable
3122,4425,incomparable
3123,1,weaker
3123,376,weaker
3123,1313,weaker
3123,1371,equivalent
3123,1451,weaker
3123,1559,equivalent
3123,2205,equivalent
3123,2473,weaker
3123,3705,weaker
3123,4190,weaker
3123,4203,weaker
3124,329,weaker
3124,359,weaker
3124,1556,weaker
3124,1599,equivalent
3124,1824,equivalent
3124,2101,weaker
3124,2294,weaker
3124,2345,equivalent
3124,2659,weaker
3124,3235,equivalent
3124,4510,weaker
3125,784,equivalent
3125,1694,weaker
3125,2125,weaker
3125,2193,equivalent
3125,2411,equivalent
3125,2752,equivalent
3125,2800,equivalent
3125,3484,weaker
3125,4680,weaker
3126,316,incomparable
3126,550,stronger
3126,685,stronger
3126,1480,incomparable
3126,2695,incomparable
3126,2699,weaker
3126,3443,incomparable
3127,895,weaker
3127,1411,equivalent
3127,1713,weaker
3127,1773,equivalent
3127,2002,equivalent
3127,2027,equivalent
3127,2550,weaker
3127,3318,weaker
3127,3884,weaker
3127,3971,weaker
3128,276,incomparable
3128,695,incomparable
3128,1006,stronger
3128,1083,incomparable
3128,1458,incomparable
3128,1714,stronger
3128,1927,incomparable
3128,2425,incomparable
3128,2937,incomparable
3128,3097,incomparable
3128,3255,incomparable
3128,3498,incomparable
3128,3588,incomparable
3128,4311,incomparable
3129,570,equivalent
3129,630,weaker
3129,700,equivalent
3129,1646,weaker
3129,1828,equivalent
3129,2132,weaker
3129,2489,weaker
3129,2864,weaker
3129,2970,equivalent
3129,3051,weaker
3129,3143,weaker
3129,3370,weaker
3129,3517,weaker
3129,4053,weaker
3129,4401,weaker
3129,4430,weaker
3129,4551,weaker
3130,43,incomparable
3130,504,incomparable
3130,528,weaker
3130,554,weaker
3130,757,weaker
3130,1205,stronger
3130,1225,weaker
3130,1568,stronger
3130,1621,stronger
3130,2767,stronger
3130,3227,weaker
3130,3501,incomparable
3130,4253,weaker
3130,4296,weaker
3130,4395,incomparable
3131,292,stronger
3131,352,incomparable
3131,1474,incomparable
3131,1621,stronger
3131,2307,stronger
3131,2788,stronger
3131,3040,stronger
3131,3091,incomparable
3131,4076,incomparable
3132,672,weaker
3132,1284,equivalent
3132,1886,equivalent
3132,1998,equivalent
3132,3192,equivalent
3132,3286,weaker
3132,3570,weaker
3132,3642,weaker
3132,3823,weaker
3132,4101,weaker
3132,4266,weaker
3133,272,equivalent
3133,407,weaker
3133,697,equivalent
3133,802,equivalent
3133,1033,weaker
3133,1427,weaker
3133,2620,equivalent
3133,2869,weaker
3133,3755,weaker
3133,3998,weaker
3133,4360,weaker
3133,4458,weaker
3134,663,incomparable
3134,1344,weaker
3134,1594,weaker
3134,1979,weaker
3134,2633,equivalent
3134,2953,stronger
3134,3571,incomparable
3134,3889,incomparable
3134,4067,weaker
3134,4520,weaker
3135,1111,equivalent
3135,3332,weaker
3135,3612,weaker
3135,3958,weaker
3135,3990,weaker
3135,4195,weaker
3135,4498,weaker
3136,347,weaker
3136,850,weaker
3136,890,equivalent
3136,893,weaker
3136,1344,weaker
3136,2411,equivalent
3136,2603,equivalent
3136,3338,weaker
3136,3688,weaker
3136,3996,weaker
3137,580,equivalent
3137,2936,weaker
3137,3167,weaker
3137,4232,weaker
3137,4365,weaker
3138,146,weaker
3138,1010,equivalent
3138,1227,weaker
3138,1813,equivalent
3138,2187,equivalent
3138,2525,weaker
3138,3637,weaker
3138,3976,weaker
3138,4070,weaker
3138,4186,weaker
3138,4376,weaker
3138,4380,weaker
3138,4504,weaker
3138,4584,weaker
3138,4615,weaker
3139,916,incomparable
3139,1206,stronger
3139,1498,incomparable
3139,1727,stronger
3139,2389,stronger
3139,2970,stronger
3139,3260,incomparable
3139,3433,incomparable
3139,4263,incomparable
3140,287,stronger
3140,621,incomparable
3140,1079,stronger
3140,2045,incomparable
3140,2279,incomparable
3140,2332,stronger
3140,2386,stronger
3140,3253,incomparable
3140,3726,incomparable
3140,4144,incomparable
3141,462,weaker
3141,806,weaker
3141,868,weaker
3141,1170,equivalent
3141,2255,weaker
3141,2866,weaker
3141,3205,weaker
3141,3389,weaker
3141,3889,weaker
3142,379,incomparable
3142,695,incomparable
3142,1604,stronger
3142,2494,incomparable
3142,2522,incomparable
3142,3064,incomparable
3142,4545,incomparable
3143,433,incomparable
3143,1203,stronger
3143,1925,incomparable
3143,1995,stronger
3143,2165,incomparable
3143,2199,incomparable
3143,2498,stronger
3143,2693,incomparable
3143,3355,incomparable
3143,3783,incomparable
3143,4190,incomparable
3144,274,weaker
3144,1704,equivalent
3144,1871,weaker
3144,1999,equivalent
3144,2133,equivalent
3144,2750,equivalent
3144,4199,weaker
3145,1366,incomparable
3145,1396,stronger
3145,1418,stronger
3145,1679,incomparable
3145,1740,incomparable
3145,2262,incomparable
3145,2616,stronger
3145,2971,stronger
3145,3775,incomparable
3146,2,equivalent
3146,326,weaker
3146,475,equivalent
3146,592,equivalent
3146,972,weaker
3146,1055,weaker
3146,1073,weaker
3146,1870,weaker
3146,1941,weaker
3146,2381,weaker
3146,2586,weaker
3146,2790,equivalent
3146,2858,weaker
3146,4003,weaker
3146,4657,weaker
3147,88,stronger
3147,1381,stronger
3147,1812,stronger
3147,2226,stronger
3147,2371,stronger
3147,2834,stronger
3147,4107,incomparable
3148,156,weaker
3148,592,equivalent
3148,1241,weaker
3148,2012,equivalent
3148,2207,weaker
3148,2297,equivalent
3148,2493,weaker
3148,2617,equivalent
3148,3564,weaker
3148,3797,weaker
3148,3875,weaker
3148,4019,weaker
3148,4145,weaker
3149,522,incomparable
3149,933,stronger
3149,1192,incomparable
3149,1595,stronger
3149,1986,stronger
3149,2360,stronger
3149,2789,incomparable
3149,2790,stronger
3149,2872,incomparable
3149,2924,stronger
3149,2969,stronger
3149,3343,incomparable
3149,3593,incomparable
3149,3888,incomparable
3149,4008,incomparable
3150,345,incomparable
3150,717,stronger
3150,1657,incomparable
3150,1833,incomparable
3150,2305,stronger
3150,2590,stronger
3150,2668,incomparable
3150,3325,incomparable
3150,4340,incomparable
3150,4623,incomparable
3151,223,equivalent
3151,932,equivalent
3151,1258,weaker
3151,1548,equivalent
3151,1582,equivalent
3151,1782,equivalent
3151,2360,equivalent
3152,284,stronger
3152,411,incomparable
3152,414,incomparable
3152,562,incomparable
3152,778,incomparable
3152,929,stronger
3152,1209,stronger
3152,1213,stronger
3152,1666,incomparable
3152,2974,stronger
3152,4237,incomparable
3152,4265,incomparable
3152,4581,incomparable
3153,375,weaker
3153,1118,equivalent
3153,1187,equivalent
3153,1214,equivalent
3153,2400,equivalent
3153,2601,weaker
3153,2776,weaker
3153,2954,equivalent
3153,3311,weaker
3153,4159,weaker
3154,415,weaker
3154,926,weaker
3154,1203,equivalent
3154,2588,weaker
3154,3721,weaker
3154,4674,weaker
3155,22,stronger
3155,542,stronger
3155,2064,incomparable
3155,2224,stronger
3155,2253,weaker
3155,2565,stronger
3155,4058,incomparable
3155,4317,incomparable
3156,235,equivalent
3156,265,weaker
3156,415,weaker
3156,522,weaker
3156,554,weaker
3156,577,equivalent
3156,667,weaker
3156,696,equivalent
3156,711,weaker
3156,1268,weaker
3156,1397,equivalent
3156,1543,weaker
3156,2588,weaker
3156,2807,equivalent
3156,4608,weaker
3157,619,weaker
3157,650,weaker
3157,679,weaker
3157,973,equivalent
3157,1073,weaker
3157,1459,weaker
3157,2146,weaker
3157,2760,equivalent
3157,3520,weaker
3157,3931,weaker
3157,3936,weaker
3157,4038,weaker
3157,4361,weaker
3158,82,weaker
3158,251,equivalent
3158,1649,weaker
3158,2592,weaker
3158,2614,equivalent
3158,3034,weaker
3158,4257,weaker
3159,227,stronger
3159,664,incomparable
3159,1888,incomparable
3159,2057,incomparable
3159,2720,stronger
3159,2910,incomparable
3159,3225,stronger
3159,3506,incomparable
3159,3987,incomparable
3159,4097,incomparable
3159,4670,incomparable
3159,4674,incomparable
3160,358,weaker
3160,630,weaker
3160,1088,weaker
3160,1152,weaker
3160,2356,equivalent
3160,2641,equivalent
3160,3437,weaker
3160,3513,weaker
3160,4088,weaker
3160,4196,weaker
3160,4236,weaker
3160,4664,weaker
3161,399,incomparable
3161,551,stronger
3161,594,stronger
3161,723,incomparable
3161,1561,incomparable
3161,2845,stronger
3161,3117,stronger
3161,3370,incomparable
3161,3381,incomparable
3161,4223,incomparable
3161,4377,incomparable
3161,4648,incomparable
3162,86,weaker
3162,307,weaker
3162,375,weaker
3162,1023,weaker
3162,1518,weaker
3162,2022,equivalent
3162,2112,equivalent
3162,2216,equivalent
3162,2340,weaker
3162,3408,weaker
3162,3430,weaker
3162,3744,weaker
3162,4655,weaker
3163,151,weaker
3163,297,stronger
3163,367,weaker
3163,489,incomparable
3163,741,stronger
3163,748,weaker
3163,884,stronger
3163,1252,incomparable
3163,1512,stronger
3163,2147,stronger
3163,2841,equivalent
3164,155,weaker
3164,178,equivalent
3164,784,equivalent
3164,861,weaker
3164,1183,equivalent
3164,1263,weaker
3164,1543,weaker
3164,1639,weaker
3164,1924,weaker
3164,2145,equivalent
3164,2599,equivalent
3164,2915,weaker
3164,3178,equivalent
3164,3355,weaker
3164,3579,weaker
3164,4614,weaker
3165,4,weaker
3165,110,weaker
3165,536,equivalent
3165,779,equivalent
3165,1174,equivalent
3165,2179,equivalent
3165,2256,weaker
3165,2426,equivalent
3165,2499,weaker
3165,2528,equivalent
3165,2562,weaker
3165,3350,weaker
3165,3436,weaker
3165,3688,weaker
3166,341,weaker
3166,786,weaker
3166,1309,equivalent
3166,1805,equivalent
3166,2018,equivalent
3166,3103,weaker
3166,3298,weaker
3166,3383,weaker
3166,3897,weaker
3166,3923,weaker
3166,4692,weaker
3167,588,incomparable
3167,1472,incomparable
3167,1727,stronger
3167,1889,stronger
3167,2099,stronger
3167,2750,stronger
3167,3285,incomparable
3167,3560,incomparable
3167,3818,incomparable
3167,4378,incomparable
3168,241,equivalent
3168,816,equivalent
3168,858,weaker
3168,1293,weaker
3168,1939,equivalent
3168,1944,equivalent
3168,2422,equivalent
3168,2427,equivalent
3168,2507,weaker
3168,2560,equivalent
3168,2752,equivalent
3168,3103,weaker
3168,4099,weaker
3169,312,weaker
3169,677,weaker
3169,3883,weaker
3169,4136,weaker
3169,4545,weaker
3170,1153,equivalent
3170,1652,weaker
3170,2012,equivalent
3170,2124,weaker
3170,2182,weaker
3170,2214,equivalent
3170,2712,weaker
3170,2831,weaker
3170,2916,equivalent
3170,3145,weaker
3170,3801,weaker
3170,4246,weaker
3170,4514,weaker
3171,237,stronger
3171,395,weaker
3171,791,weaker
3171,2815,stronger
3171,3503,weaker
3171,4032,incomparable
3171,4153,incomparable
3171,4535,incomparable
3172,71,equivalent
3172,115,weaker
3172,734,equivalent
3172,972,weaker
3172,1138,equivalent
3172,1434,weaker
3172,1671,weaker
3172,1857,weaker
3172,2392,equivalent
3172,2708,equivalent
3172,3106,weaker
3172,3490,weaker
3172,4307,weaker
3173,841,weaker
3173,1220,equivalent
3173,1856,weaker
3173,1911,equivalent
3173,2031,equivalent
3173,2113,weaker
3173,2372,weaker
3173,2381,weaker
3173,2515,equivalent
3173,2530,weaker
3173,2622,equivalent
3173,2854,weaker
3173,3826,weaker
3173,3875,weaker
3173,4104,weaker
3174,512,equivalent
3174,765,weaker
3174,1032,weaker
3174,1120,weaker
3174,1805,equivalent
3174,1806,weaker
3174,2022,equivalent
3174,2069,weaker
3174,2309,equivalent
3174,2511,weaker
3174,2626,equivalent
3174,3086,weaker
3174,3222,weaker
3174,3660,weaker
3175,75,weaker
3175,729,equivalent
3175,741,equivalent
3175,1163,weaker
3175,1640,weaker
3175,1822,equivalent
3175,2376,weaker
3175,2880,weaker
3175,3527,weaker
3175,3877,weaker
3175,4061,weaker
3175,4086,weaker
3175,4486,weaker
3176,66,incomparable
3176,1056,incomparable
3176,1386,stronger
3176,1665,incomparable
3176,1722,incomparable
3176,1894,incomparable
3176,2112,stronger
3176,2418,stronger
3176,2900,incomparable
3176,3539,incomparable
3176,4028,incomparable
3177,297,equivalent
3177,570,equivalent
3177,970,equivalent
3177,1131,weaker
3177,1215,equivalent
3177,1354,equivalent
3177,2626,equivalent
3177,2878,weaker
3177,3616,weaker
3177,4452,weaker
3178,345,weaker
3178,424,weaker
3178,658,weaker
3178,1149,equivalent
3178,1416,equivalent
3178,1746,weaker
3178,1980,equivalent
3178,2286,weaker
3178,2328,weaker
3178,2637,equivalent
3178,3214,weaker
3178,4093,weaker
3178,4212,weaker
3179,19,weaker
3179,377,weaker
3179,590,equivalent
3179,1585,equivalent
3179,1869,weaker
3179,2997,equivalent
3179,3187,equivalent
3179,3886,weaker
3179,3985,weaker
3179,4372,weaker
3179,4446,weaker
3180,634,incomparable
3180,1914,stronger
3180,3324,incomparable
3180,3487,incomparable
3180,3580,incomparable
3180,3614,incomparable
3180,4294,incomparable
3181,1393,equivalent
3181,1578,equivalent
3181,1597,equivalent
3181,2029,weaker
3181,2040,weaker
3181,2128,weaker
3181,2597,equivalent
3181,2833,equivalent
3181,3327,weaker
3182,360,incomparable
3182,805,stronger
3182,1847,incomparable
3182,1909,stronger
3182,2141,stronger
3182,2143,stronger
3182,2353,stronger
3182,2652,weaker
3182,2783,stronger
3182,3650,incomparable
3182,3681,incomparable
3182,3840,incomparable
3182,4016,incomparable
3182,4078,incomparable
3183,103,weaker
3183,186,weaker
3183,520,weaker
3183,1106,equivalent
3183,1120,weaker
3183,1130,equivalent
3183,1264,weaker
3183,1346,equivalent
3183,1629,weaker
3183,2670,weaker
3183,4015,weaker
3183,4338,weaker
3183,4375,weaker
3184,616,weaker
3184,664,incomparable
3184,949,incomparable
3184,1224,incomparable
3184,1443,incomparable
3184,1505,stronger
3184,1712,stronger
3184,1900,weaker
3184,2647,incomparable
3184,2732,stronger
3184,3718,weaker
3184,3894,incomparable
3185,597,stronger
3185,872,incomparable
3185,1397,stronger
3185,2125,incomparable
3185,2223,stronger
3185,2444,incomparable
3185,3343,incomparable
3185,4249,incomparable
3185,4262,incomparable
3186,19,weaker
3186,661,weaker
3186,1972,equivalent
3186,2010,equivalent
3186,3083,weaker
3186,3722,weaker
3186,3788,weaker
3187,214,weaker
3187,1187,equivalent
3187,1845,weaker
3187,2469,weaker
3187,2505,equivalent
3187,2653,weaker
3187,2763,equivalent
3187,3852,weaker
3188,5,equivalent
3188,143,stronger
3188,942,stronger
3188,1268,incomparable
3188,1542,stronger
3188,1951,stronger
3188,2187,stronger
3188,2600,stronger
3188,2673,incomparable
3188,3218,equivalent
3188,3289,incomparable
3188,3560,incomparable
3188,3634,weaker
3188,4583,incomparable
3189,210,weaker
3189,482,equivalent
3189,1040,weaker
3189,1189,equivalent
3189,1283,equivalent
3189,2059,weaker
3189,2681,weaker
3189,3086,weaker
3189,3409,weaker
3189,3861,weaker
3189,4232,weaker
3189,4276,weaker
3189,4676,weaker
3190,310,weaker
3190,1051,weaker
3190,1404,equivalent
3190,1617,equivalent
3190,1655,weaker
3190,2455,weaker
3190,3508,weaker
3191,82,weaker
3191,361,weaker
3191,581,equivalent
3191,1037,weaker
3191,2777,equivalent
3191,3131,weaker
3191,3162,equivalent
3191,3942,weaker
3192,387,weaker
3192,436,weaker
3192,508,weaker
3192,1523,weaker
3192,2030,equivalent
3192,2263,weaker
3192,2752,equivalent
3192,3199,equivalent
3192,3521,weaker
3192,3954,weaker
3192,4126,weaker
3193,39,incomparable
3193,397,incomparable
3193,1524,stronger
3193,1990,stronger
3193,2733,weaker
3193,3107,stronger
3193,3166,stronger
3193,3173,stronger
3193,3264,incomparable
3193,3307,incomparable
3193,3393,incomparable
3193,3946,incomparable
3194,296,equivalent
3194,323,weaker
3194,669,weaker
3194,1555,equivalent
3194,2015,equivalent
3194,2029,weaker
3194,2110,equivalent
3194,2370,weaker
3194,2433,equivalent
3194,2453,weaker
3194,2551,equivalent
3194,3177,equivalent
3194,3413,weaker
3194,3499,weaker
3194,4594,weaker
3195,150,stronger
3195,381,incomparable
3195,460,incomparable
3195,712,stronger
3195,1379,stronger
3195,3262,incomparable
3195,3851,incomparable
3195,3893,incomparable
3196,342,weaker
3196,1882,weaker
3196,2105,weaker
3196,2204,equivalent
3196,2445,weaker
3196,2685,weaker
3196,3395,weaker
3196,3787,weaker
3196,3880,weaker
3196,3983,weaker
3196,4002,weaker
3196,4125,weaker
3196,4126,weaker
3196,4363,weaker
3197,1158,incomparable
3197,2069,incomparable
3197,2169,incomparable
3197,2610,stronger
3197,3089,incomparable
3197,3711,incomparable
3197,4073,incomparable
3197,4261,incomparable
3197,4622,incomparable
3198,913,equivalent
3198,1309,equivalent
3198,1587,weaker
3198,1800,equivalent
3198,2518,equivalent
3198,2733,weaker
3198,3081,weaker
3198,3301,weaker
3198,4150,weaker
3199,82,weaker
3199,126,equivalent
3199,1133,weaker
3199,1801,weaker
3199,1848,weaker
3199,2092,equivalent
3199,2499,weaker
3199,3533,weaker
3199,3840,weaker
3199,4048,weaker
3199,4190,weaker
3200,1054,weaker
3200,1055,weaker
3200,1317,equivalent
3200,2159,equivalent
3200,2833,equivalent
3200,4078,weaker
3200,4367,weaker
3201,119,stronger
3201,1137,incomparable
3201,1631,incomparable
3201,2056,incomparable
3201,2825,stronger
3201,2841,stronger
3201,3574,incomparable
3202,91,equivalent
3202,337,weaker
3202,740,weaker
3202,755,equivalent
3202,920,equivalent
3202,1056,weaker
3202,1221,equivalent
3202,2209,equivalent
3202,2349,weaker
3202,2884,weaker
3202,3690,weaker
3202,4406,weaker
3203,36,equivalent
3203,1833,weaker
3203,2773,equivalent
3203,2903,weaker
3203,3234,equivalent
3203,4154,weaker
3204,812,equivalent
3204,2092,equivalent
3204,2947,weaker
3204,3361,weaker
3204,3831,weaker
3204,4049,weaker
3204,4201,weaker
3204,4676,weaker
3205,104,weaker
3205,126,stronger
3205,758,stronger
3205,1361,weaker
3205,1910,incomparable
3205,2045,incomparable
3205,2456,weaker
3205,2815,stronger
3205,3728,weaker
3206,151,weaker
3206,703,weaker
3206,2355,weaker
3206,2514,equivalent
3206,2689,weaker
3206,3406,weaker
3206,3829,weaker
3206,3940,weaker
3206,4247,weaker
3206,4297,weaker
3206,4665,weaker
3207,137,equivalent
3207,1445,weaker
3207,2010,equivalent
3207,2510,equivalent
3207,2545,equivalent
3207,2892,weaker
3207,3604,weaker
3207,4009,weaker
3207,4406,weaker
3207,4450,weaker
3207,4606,weaker
3208,19,weaker
3208,44,weaker
3208,172,weaker
3208,566,weaker
3208,607,equivalent
3208,1454,weaker
3208,2044,weaker
3208,3454,weaker
3208,4508,weaker
3209,733,equivalent
3209,1378,weaker
3209,1570,equivalent
3209,1593,equivalent
3209,1668,weaker
3209,1727,equivalent
3209,1733,equivalent
3209,2079,weaker
3209,2343,weaker
3209,2868,weaker
3209,2941,equivalent
3209,3497,weaker
3209,3695,weaker
3209,4077,weaker
3209,4313,weaker
3209,4409,weaker
3209,4560,weaker
3209,4621,weaker
3210,217,incomparable
3210,477,incomparable
3210,581,stronger
3210,1748,stronger
3210,1821,incomparable
3210,1999,stronger
3210,2413,stronger
3210,3041,stronger
3210,3147,incomparable
3210,3736,incomparable
3210,4228,incomparable
3210,4240,incomparable
3210,4484,incomparable
3211,166,incomparable
3211,439,incomparable
3211,708,stronger
3211,763,stronger
3211,912,incomparable
3211,2502,stronger
3211,2646,incomparable
3211,2872,incomparable
3211,3877,incomparable
3211,4546,incomparable
3212,330,weaker
3212,521,equivalent
3212,652,weaker
3212,1893,equivalent
3212,2021,equivalent
3212,2544,equivalent
3212,2611,equivalent
3212,2721,equivalent
3212,2872,weaker
3212,2928,weaker
3212,3309,weaker
3212,3817,weaker
3212,4218,weaker
3212,4438,weaker
3212,4534,weaker
3213,324,weaker
3213,746,weaker
3213,890,equivalent
3213,1296,equivalent
3213,1704,equivalent
3213,2181,equivalent
3213,2245,weaker
3213,2348,equivalent
3213,2709,weaker
3213,3589,weaker
3213,4111,weaker
3213,4483,weaker
3214,390,incomparable
3214,797,stronger
3214,1100,incomparable
3214,1135,stronger
3214,1219,stronger
3214,1254,incomparable
3214,1442,incomparable
3214,1833,incomparable
3214,1918,stronger
3214,1961,stronger
3214,3135,stronger
3214,3412,incomparable
3214,3413,incomparable
3214,4117,incomparable
3214,4189,incomparable
3214,4662,incomparable
3215,181,equivalent
3215,938,weaker
3215,1009,weaker
3215,1308,equivalent
3215,1946,equivalent
3215,2011,equivalent
3215,3177,equivalent
3215,3998,weaker
3215,4040,weaker
3215,4043,weaker
3215,4540,weaker
3216,21,equivalent
3216,460,weaker
3216,822,weaker
3216,892,equivalent
3216,911,equivalent
3216,1132,equivalent
3216,1396,equivalent
3216,1425,equivalent
3216,2525,weaker
3216,2812,weaker
3216,3267,weaker
3216,3312,weaker
3216,3413,weaker
3216,3861,weaker
3216,4064,weaker
3217,314,weaker
3217,981,weaker
3217,993,equivalent
3217,1222,equivalent
3217,1592,equivalent
3217,1843,weaker
3217,2359,weaker
3217,2649,weaker
3217,2714,weaker
3217,2735,equivalent
3217,4149,weaker
3218,433,incomparable
3218,963,stronger
3218,1238,weaker
3218,1993,incomparable
3218,2773,stronger
3218,2908,stronger
3218,3558,incomparable
3218,3778,incomparable
3218,4493,incomparable
3219,95,equivalent
3219,394,weaker
3219,1258,weaker
3219,1739,equivalent
3219,1982,equivalent
3219,2633,weaker
3219,3261,weaker
3219,3889,weaker
3219,4343,weaker
3219,4604,weaker
3220,724,equivalent
3220,798,equivalent
3220,1400,weaker
3220,1681,weaker
3220,2131,equivalent
3220,2950,equivalent
3220,3036,equivalent
3220,3573,weaker
3220,3938,weaker
3220,4137,weaker
3220,4255,weaker
3221,550,equivalent
3221,1267,weaker
3221,1716,equivalent
3221,1746,weaker
3221,2077,weaker
3221,2368,weaker
3221,3276,weaker
3221,3571,weaker
3221,4174,weaker
3221,4658,weaker
3222,968,weaker
3222,1212,weaker
3222,1796,stronger
3222,2293,weaker
3222,3855,incomparable
3222,4272,weaker
3222,4582,incomparable
3223,415,weaker
3223,597,equivalent
3223,1004,weaker
3223,1222,equivalent
3223,1833,weaker
3223,2338,weaker
3223,2370,weaker
3223,3519,weaker
3223,4260,weaker
3223,4559,weaker
3223,4561,weaker
3224,211,weaker
3224,457,weaker
3224,610,equivalent
3224,826,weaker
3224,1612,equivalent
3224,1724,weaker
3224,2139,equivalent
3224,2268,weaker
3224,3505,weaker
3224,3665,weaker
3224,4320,weaker
3224,4692,weaker
3225,1254,weaker
3225,1770,equivalent
3225,1849,weaker
3225,3011,weaker
3225,3810,weaker
3225,3849,weaker
3225,3888,weaker
3225,4546,weaker
3225,4667,weaker
3226,106,weaker
3226,1233,weaker
3226,1576,equivalent
3226,2311,equivalent
3226,2694,weaker
3226,4544,weaker
3226,4583,weaker
3226,4675,weaker
3226,4684,weaker
3227,1,weaker
3227,339,incomparable
3227,439,incomparable
3227,1922,incomparable
3227,2033,stronger
3227,2247,incomparable
3227,2277,incomparable
3227,2604,stronger
3227,2696,weaker
3227,4221,incomparable
3227,4329,incomparable
3227,4530,incomparable
3228,242,weaker
3228,1316,weaker
3228,1403,equivalent
3228,1771,equivalent
3228,1824,equivalent
3228,1950,equivalent
3228,2216,equivalent
3228,2261,weaker
3228,2454,weaker
3228,3426,weaker
3228,3474,weaker
3228,4131,weaker
3229,1215,equivalent
3229,1272,weaker
3229,1289,weaker
3229,1887,weaker
3229,2620,equivalent
3229,2913,weaker
3229,3051,weaker
3229,3844,weaker
3229,4241,weaker
3230,482,equivalent
3230,534,equivalent
3230,908,equivalent
3230,1021,weaker
3230,1941,weaker
3230,2860,weaker
3231,58,weaker
3231,409,weaker
3231,736,equivalent
3231,1351,equivalent
3231,1611,equivalent
3231,1670,weaker
3231,1841,weaker
3231,2094,equivalent
3231,2114,equivalent
3231,2201,equivalent
3231,2235,equivalent
3231,2269,weaker
3231,2453,weaker
3231,2512,equivalent
3231,2797,equivalent
3231,3495,weaker
3231,4258,weaker
3232,12,incomparable
3232,472,stronger
3232,505,stronger
3232,879,weaker
3232,1162,stronger
3232,1722,incomparable
3232,2076,incomparable
3232,2224,stronger
3232,2649,weaker
3232,2874,incomparable
3232,2976,stronger
3232,3117,stronger
3232,3330,weaker
3232,3783,incomparable
3232,4039,incomparable
3232,4188,incomparable
3232,4382,weaker
3233,1515,weaker
3233,1582,equivalent
3233,2175,equivalent
3233,2346,equivalent
3233,3844,weaker
3233,4182,weaker
3233,4667,weaker
3234,1364,equivalent
3234,1625,equivalent
3234,1633,weaker
3234,2293,weaker
3234,2365,equivalent
3234,2549,equivalent
3234,2664,weaker
3234,2841,weaker
3234,3355,weaker
3234,3465,weaker
3234,4440,weaker
3234,4681,weaker
3235,297,equivalent
3235,580,equivalent
3235,700,equivalent
3235,738,equivalent
3235,1018,equivalent
3235,1213,equivalent
3235,3269,weaker
3235,4074,weaker
3236,388,weaker
3236,466,weaker
3236,1280,equivalent
3236,1462,weaker
3236,1625,equivalent
3236,1900,weaker
3236,2190,weaker
3236,2195,weaker
3236,2451,weaker
3236,2831,weaker
3236,3019,weaker
3236,3108,weaker
3236,3613,weaker
3236,4442,weaker
3237,915,stronger
3237,2249,weaker
3237,2564,stronger
3237,3111,stronger
3237,3164,stronger
3237,3837,weaker
3237,3857,weaker
3237,4048,incomparable
3237,4377,incomparable
3238,503,weaker
3238,1288,weaker
3238,2641,equivalent
3238,2866,weaker
3238,4443,weaker
3238,4551,weaker
3239,128,equivalent
3239,1188,weaker
3239,1379,equivalent
3239,2616,equivalent
3239,2837,equivalent
3239,2992,weaker
3239,3107,equivalent
3239,3226,equivalent
3239,3805,weaker
3239,4370,weaker
3239,4409,weaker
3239,4608,weaker
3240,687,equivalent
3240,886,equivalent
3240,1230,weaker
3240,1246,weaker
3240,1553,equivalent
3240,1632,weaker
3240,1859,weaker
3240,2198,equivalent
3240,2788,equivalent
3240,3014,equivalent
3240,3963,weaker
3240,4178,weaker
3240,4189,weaker
3241,381,weaker
3241,1081,equivalent
3241,1096,weaker
3241,1250,weaker
3241,2788,equivalent
3241,4075,weaker
3241,4244,weaker
3241,4326,weaker
3242,672,weaker
3242,703,weaker
3242,1410,weaker
3242,1569,weaker
3242,1627,stronger
3242,1772,weaker
3242,1794,stronger
3242,2075,incomparable
3242,2475,incomparable
3242,2680,incomparable
3242,3099,incomparable
3242,3645,incomparable
3242,4109,incomparable
3242,4147,incomparable
3242,4337,incomparable
3242,4593,weaker
3243,41,weaker
3243,138,weaker
3243,468,equivalent
3243,515,equivalent
3243,862,weaker
3243,1446,weaker
3243,1461,weaker
3243,2447,weaker
3243,2735,equivalent
3243,2858,weaker
3243,2923,weaker
3243,3685,weaker
3243,3811,weaker
3243,3879,weaker
3243,4158,weaker
3244,149,equivalent
3244,224,weaker
3244,281,weaker
3244,358,weaker
3244,641,weaker
3244,1169,equivalent
3244,1214,equivalent
3244,1268,weaker
3244,1501,equivalent
3244,1522,equivalent
3244,1800,equivalent
3244,2156,weaker
3244,2296,weaker
3244,2523,equivalent
3244,2866,weaker
3244,3027,equivalent
3244,3118,weaker
3244,3754,weaker
3244,3788,weaker
3244,4219,weaker
3245,238,weaker
3245,724,equivalent
3245,1323,weaker
3245,1618,weaker
3245,1895,weaker
3245,1965,equivalent
3245,3129,equivalent
3245,3803,weaker
3245,3898,weaker
3246,26,weaker
3246,181,equivalent
3246,333,weaker
3246,804,equivalent
3246,1305,equivalent
3246,2130,weaker
3246,2420,weaker
3246,2689,weaker
3246,2734,weaker
3246,2849,weaker
3246,3262,weaker
3246,3545,weaker
3246,4003,weaker
3246,4258,weaker
3246,4333,weaker
3247,613,stronger
3247,1063,weaker
3247,1426,weaker
3247,1665,incomparable
3247,1737,stronger
3247,3343,weaker
3247,3584,incomparable
3247,3702,weaker
3247,4168,weaker
3247,4333,incomparable
3247,4478,incomparable
3248,1072,weaker
3248,2244,weaker
3248,2391,equivalent
3248,2431,equivalent
3248,2683,weaker
3248,3785,weaker
3248,3862,weaker
3248,4008,weaker
3248,4047,weaker
3248,4624,weaker
3248,4683,weaker
3249,833,weaker
3249,1140,equivalent
3249,1512,equivalent
3249,1762,equivalent
3249,1997,equivalent
3249,2028,equivalent
3249,2157,equivalent
3249,2854,weaker
3249,3035,equivalent
3249,3394,weaker
3249,3731,weaker
3250,156,weaker
3250,414,weaker
3250,1433,weaker
3250,1778,equivalent
3250,2323,equivalent
3250,2427,equivalent
3250,4042,weaker
3250,4205,weaker
3250,4497,weaker
3251,482,equivalent
3251,596,equivalent
3251,1083,weaker
3251,1137,weaker
3251,1238,weaker
3251,1435,weaker
3251,1520,equivalent
3251,1555,equivalent
3251,1678,weaker
3251,2284,weaker
3251,3174,equivalent
3251,3681,weaker
3251,3733,weaker
3251,4177,weaker
3251,4211,weaker
3251,4587,weaker
3251,4659,weaker
3252,626,weaker
3252,1095,equivalent
3252,1125,weaker
3252,1232,weaker
3252,1413,equivalent
3252,1731,weaker
3252,2155,equivalent
3252,2179,equivalent
3252,2906,equivalent
3252,4138,weaker
3252,4369,weaker
3253,505,stronger
3253,785,stronger
3253,1663,incomparable
3253,1852,incomparable
3253,2022,stronger
3253,2073,stronger
3253,2176,stronger
3253,2246,incomparable
3253,2317,stronger
3253,2660,incomparable
3253,2854,stronger
3253,3190,stronger
3253,3308,stronger
3253,3940,stronger
3253,4684,incomparable
3254,271,incomparable
3254,424,stronger
3254,1113,incomparable
3254,4321,incomparable
3254,4637,incomparable
3255,205,incomparable
3255,250,stronger
3255,1198,stronger
3255,1680,stronger
3255,2963,stronger
3255,4040,incomparable
3255,4152,stronger
3255,4327,incomparable
3255,4501,incomparable
3255,4509,incomparable
3255,4540,incomparable
3255,4554,incomparable
3256,810,stronger
3256,2097,incomparable
3256,2261,stronger
3256,2805,incomparable
3256,3094,incomparable
3256,3117,stronger
3256,4093,incomparable
3257,232,stronger
3257,1450,stronger
3257,3205,incomparable
3257,4095,incomparable
3257,4659,incomparable
3258,7,stronger
3258,936,stronger
3258,1297,stronger
3258,1885,incomparable
3258,2877,stronger
3258,3509,incomparable
3259,199,stronger
3259,540,stronger
3259,1769,stronger
3259,3242,incomparable
3259,3761,incomparable
3259,4176,stronger
3260,159,incomparable
3260,283,incomparable
3260,603,incomparable
3260,610,stronger
3260,1171,incomparable
3260,2673,incomparable
3260,2904,stronger
3260,2991,stronger
3260,3400,stronger
3260,3997,incomparable
3260,4037,stronger
3260,4052,stronger
3260,4167,incomparable
3261,46,stronger
3261,598,incomparable
3261,655,incomparable
3261,684,stronger
3261,1109,incomparable
3261,1228,incomparable
3261,1288,incomparable
3261,1563,stronger
3261,1992,stronger
3261,3088,stronger
3261,4575,incomparable
3261,4640,incomparable
3261,4682,incomparable
3262,474,incomparable
3262,522,incomparable
3262,664,stronger
3262,909,incomparable
3262,1908,incomparable
3262,2225,stronger
3262,2327,incomparable
3262,2968,incomparable
3262,2980,stronger
3262,3401,incomparable
3262,3561,stronger
3262,3976,incomparable
3262,4271,incomparable
3262,4291,incomparable
3263,554,incomparable
3263,559,stronger
3263,1141,incomparable
3263,3045,stronger
3263,3636,stronger
3263,3948,stronger
3263,4048,stronger
3263,4490,incomparable
3264,122,stronger
3264,853,stronger
3264,1059,incomparable
3264,1685,incomparable
3264,2370,incomparable
3264,2375,stronger
3264,2534,incomparable
3264,3367,stronger
3265,15,stronger
3265,359,incomparable
3265,516,incomparable
3265,845,incomparable
3265,928,incomparable
3265,1021,incomparable
3265,2208,stronger
3265,2422,stronger
3265,3957,stronger
3265,4219,stronger
3265,4643,incomparable
3265,4648,incomparable
3266,119,stronger
3266,145,stronger
3266,1301,incomparable
3266,1474,stronger
3266,1704,stronger
3266,1976,stronger
3266,2232,incomparable
3266,2957,stronger
3267,71,stronger
3267,304,stronger
3267,431,stronger
3267,511,incomparable
3267,1022,incomparable
3267,1026,incomparable
3267,1063,incomparable
3267,1344,incomparable
3267,1359,stronger
3267,1616,stronger
3267,1952,stronger
3267,2220,stronger
3267,2339,stronger
3267,3274,incomparable
3267,3388,incomparable
3268,229,incomparable
3268,300,stronger
3268,325,incomparable
3268,556,incomparable
3268,622,incomparable
3268,1163,stronger
3268,1722,incomparable
3268,1839,incomparable
3268,2293,incomparable
3268,2890,incomparable
3268,3629,stronger
3268,4673,incomparable
3269,474,incomparable
3269,962,incomparable
3269,1919,stronger
3269,2123,stronger
3269,2227,incomparable
3269,3924,incomparable
3270,474,incomparable
3270,1568,stronger
3270,2053,incomparable
3270,2705,stronger
3270,2730,stronger
3270,4234,incomparable
3271,400,stronger
3271,916,incomparable
3271,986,stronger
3271,1944,stronger
3271,2421,stronger
3271,2864,incomparable
3271,3154,stronger
3271,3281,incomparable
3271,3465,incomparable
3271,4170,stronger
3271,4227,stronger
3271,4266,stronger
3271,4326,incomparable
3272,1887,incomparable
3272,2668,incomparable
3272,3105,incomparable
3272,3294,incomparable
3272,4220,stronger
3272,4617,incomparable
3273,111,incomparable
3273,445,incomparable
3273,527,stronger
3273,885,incomparable
3273,1099,stronger
3273,1408,stronger
3273,2002,stronger
3273,2601,incomparable
3273,2622,stronger
3273,3162,stronger
3273,3396,stronger
3273,3619,stronger
3273,4236,stronger
3273,4484,incomparable
3273,4520,incomparable
3274,245,stronger
3274,587,stronger
3274,625,incomparable
3274,631,incomparable
3274,764,stronger
3274,1038,incomparable
3274,1342,stronger
3274,1359,stronger
3274,1501,stronger
3274,1825,stronger
3274,3300,stronger
3274,4007,incomparable
3274,4080,incomparable
3274,4419,incomparable
3275,12,incomparable
3275,150,stronger
3275,391,incomparable
3275,810,stronger
3275,1141,incomparable
3275,1201,stronger
3275,1639,incomparable
3275,2097,incomparable
3275,2508,stronger
3275,2711,stronger
3275,3177,stronger
3276,53,incomparable
3276,226,stronger
3276,354,stronger
3276,587,stronger
3276,1839,incomparable
3276,1945,incomparable
3276,3201,incomparable
3276,3390,stronger
3276,4517,incomparable
3276,4661,incomparable
3277,1645,incomparable
3277,2136,stronger
3277,2814,stronger
3277,3278,weaker
3277,4465,incomparable
3278,175,stronger
3278,767,stronger
3278,881,stronger
3278,1061,incomparable
3278,1673,incomparable
3278,1932,incomparable
3278,2174,stronger
3278,2684,incomparable
3278,3113,incomparable
3278,3454,stronger
3278,3674,incomparable
3279,424,incomparable
3279,447,incomparable
3279,660,incomparable
3279,916,incomparable
3279,1066,incomparable
3279,1156,stronger
3279,2348,stronger
3279,2354,stronger
3279,2562,incomparable
3279,2966,stronger
3279,3113,incomparable
3279,3820,incomparable
3279,3847,incomparable
3280,246,incomparable
3280,483,incomparable
3280,1383,incomparable
3280,1390,stronger
3280,1496,incomparable
3280,1573,incomparable
3280,2020,stronger
3280,2185,stronger
3280,2340,incomparable
3280,2403,stronger
3280,3578,incomparable
3280,3852,incomparable
3280,3939,incomparable
3280,4423,incomparable
3281,41,stronger
3281,79,stronger
3281,194,incomparable
3281,599,stronger
3281,1576,stronger
3281,1999,stronger
3281,2295,stronger
3281,3671,incomparable
3281,3703,incomparable
3282,395,incomparable
3282,404,stronger
3282,1100,incomparable
3282,1900,incomparable
3282,3129,stronger
3282,3645,stronger
3282,4274,incomparable
3282,4320,incomparable
3283,62,incomparable
3283,74,stronger
3283,2250,incomparable
3283,3334,incomparable
3283,3504,incomparable
3283,3770,incomparable
3283,4052,stronger
3284,573,stronger
3284,1878,incomparable
3284,3101,incomparable
3284,3445,stronger
3284,3501,incomparable
3284,3639,stronger
3284,3718,incomparable
3284,3783,stronger
3284,4173,stronger
3285,482,stronger
3285,645,incomparable
3285,725,incomparable
3285,1902,incomparable
3285,1940,stronger
3285,2553,stronger
3285,2845,stronger
3285,3388,incomparable
3286,346,stronger
3286,608,incomparable
3286,838,incomparable
3286,1216,stronger
3286,1513,stronger
3286,1789,incomparable
3286,1876,incomparable
3286,2038,incomparable
3286,2561,stronger
3286,3148,stronger
3286,3715,incomparable
3286,3959,incomparable
3286,4057,stronger
3286,4281,incomparable
3286,4331,incomparable
3286,4502,incomparable
3287,348,stronger
3287,413,incomparable
3287,1809,stronger
3287,2309,stronger
3287,2727,stronger
3287,3366,stronger
3287,3822,stronger
3288,195,stronger
3288,214,incomparable
3288,223,stronger
3288,369,incomparable
3288,2178,stronger
3288,2557,stronger
3288,3485,incomparable
3288,3582,stronger
3288,3622,stronger
3288,4084,incomparable
3289,1188,incomparable
3289,1371,stronger
3289,1486,incomparable
3289,1567,stronger
3289,1961,stronger
3289,3450,stronger
3289,3536,incomparable
3289,4189,stronger
3289,4419,incomparable
3290,326,incomparable
3290,410,stronger
3290,1943,incomparable
3290,1996,incomparable
3290,2117,stronger
3290,2826,incomparable
3290,3337,incomparable
3290,3680,incomparable
3290,3880,incomparable
3290,4297,incomparable
3290,4349,incomparable
3290,4359,incomparable
3290,4488,incomparable
3290,4509,incomparable
3290,4582,incomparable
3290,4661,incomparable
3291,192,stronger
3291,815,stronger
3291,892,stronger
3291,1036,incomparable
3291,1543,incomparable
3291,1650,incomparable
3291,1954,stronger
3291,1960,stronger
3291,2927,incomparable
3291,3347,stronger
3291,3493,incomparable
3291,3521,incomparable
3291,3629,incomparable
3291,3653,stronger
3291,4188,stronger
3291,4355,weaker
3291,4606,incomparable
3292,117,incomparable
3292,2145,stronger
3292,3572,stronger
3292,3649,stronger
3292,4016,stronger
3292,4178,stronger
3293,1539,incomparable
3293,1824,stronger
3293,1904,incomparable
3293,2112,stronger
3293,2617,stronger
3293,2922,stronger
3293,3126,incomparable
3293,3372,stronger
3293,3406,stronger
3293,4005,stronger
3293,4011,stronger
3293,4358,incomparable
3294,709,incomparable
3294,936,stronger
3294,976,stronger
3294,1601,stronger
3294,1707,incomparable
3294,1826,incomparable
3294,1871,incomparable
3294,1963,stronger
3294,2566,stronger
3294,2588,incomparable
3294,2627,stronger
3294,3299,incomparable
3294,3625,incomparable
3294,4665,incomparable
3295,92,stronger
3295,212,incomparable
3295,820,incomparable
3295,1009,incomparable
3295,1418,stronger
3295,1696,stronger
3295,2037,incomparable
3295,2809,stronger
3295,3176,incomparable
3295,3278,weaker
3295,3517,incomparable
3295,3706,incomparable
3295,4311,incomparable
3295,4416,incomparable
3296,324,incomparable
3296,430,incomparable
3296,1020,incomparable
3296,1330,stronger
3296,1378,stronger
3296,1693,stronger
3296,1712,stronger
3296,1808,stronger
3296,2675,incomparable
3296,2735,stronger
3296,2935,stronger
3296,3157,stronger
3296,3339,incomparable
3297,76,stronger
3297,122,stronger
3297,362,incomparable
3297,370,incomparable
3297,813,stronger
3297,1716,stronger
3297,2200,stronger
3297,2350,stronger
3297,2795,incomparable
3297,3196,stronger
3297,4024,stronger
3297,4025,stronger
3297,4301,incomparable
3297,4417,incomparable
3298,585,stronger
3298,666,incomparable
3298,921,stronger
3298,1374,incomparable
3298,2005,stronger
3298,2098,incomparable
3298,2848,incomparable
3298,3707,incomparable
3298,4125,incomparable
3298,4455,incomparable
3298,4583,incomparable
3299,265,incomparable
3299,1031,incomparable
3299,1242,incomparable
3299,1324,stronger
3299,1404,stronger
3299,1412,stronger
3299,2083,incomparable
3299,2608,stronger
3299,2763,stronger
3299,2810,stronger
3299,2901,stronger
3299,3521,incomparable
3299,3584,stronger
3299,3859,stronger
3299,3871,incomparable
3299,4017,stronger
3299,4205,stronger
3300,80,stronger
3300,1570,stronger
3300,1820,stronger
3300,3966,stronger
3300,4570,incomparable
3301,426,incomparable
3301,865,incomparable
3301,1210,stronger
3301,1235,incomparable
3301,1830,stronger
3301,2322,incomparable
3301,2577,stronger
3301,2723,stronger
3301,3307,incomparable
3301,3421,stronger
3301,4293,incomparable
3302,205,incomparable
3302,1066,incomparable
3302,1392,stronger
3302,1455,incomparable
3302,1625,stronger
3302,2057,incomparable
3302,2094,stronger
3302,2389,incomparable
3302,2549,stronger
3302,4032,stronger
3302,4054,stronger
3303,672,incomparable
3303,754,stronger
3303,800,stronger
3303,951,incomparable
3303,1202,incomparable
3303,1395,incomparable
3303,1766,stronger
3303,3142,incomparable
3303,3352,incomparable
3303,3429,stronger
3303,3749,incomparable
3303,4011,stronger
3303,4014,incomparable
3303,4377,incomparable
3303,4615,incomparable
3304,999,incomparable
3304,1120,incomparable
3304,1891,stronger
3304,1938,stronger
3304,1963,stronger
3304,2871,incomparable
3304,3486,incomparable
3305,293,stronger
3305,797,stronger
3305,1903,stronger
3305,2519,incomparable
3305,2640,stronger
3305,3928,incomparable
3305,4465,incomparable
3306,9,incomparable
3306,570,stronger
3306,945,stronger
3306,1076,incomparable
3306,1172,stronger
3306,2075,stronger
3306,2642,stronger
3306,2735,stronger
3306,3236,stronger
3306,3247,stronger
3306,3283,incomparable
3306,3290,incomparable
3306,4251,stronger
3307,115,incomparable
3307,814,stronger
3307,1270,incomparable
3307,1807,stronger
3307,2400,stronger
3307,2908,stronger
3307,3111,stronger
3307,3570,incomparable
3307,3711,stronger
3308,165,stronger
3308,465,stronger
3308,1616,stronger
3308,1657,incomparable
3308,1905,stronger
3308,2218,stronger
3308,2257,incomparable
3308,2328,incomparable
3308,2345,stronger
3308,2426,stronger
3308,2569,stronger
3308,2969,stronger
3308,3393,stronger
3308,4505,incomparable
3308,4617,incomparable
3308,4689,incomparable
3309,180,stronger
3309,196,stronger
3309,1209,stronger
3309,1502,incomparable
3309,2863,incomparable
3309,3889,incomparable
3309,3930,incomparable
3310,144,stronger
3310,184,stronger
3310,277,stronger
3310,356,stronger
3310,3387,stronger
3310,3437,stronger
3310,3486,incomparable
3310,3808,stronger
3310,4101,incomparable
3310,4177,stronger
3310,4224,stronger
3311,426,incomparable
3311,474,incomparable
3311,683,stronger
3311,1268,stronger
3311,1919,stronger
3311,2127,incomparable
3311,2411,stronger
3311,4069,incomparable
3311,4602,weaker
3312,106,incomparable
3312,113,stronger
3312,750,stronger
3312,1003,stronger
3312,1566,stronger
3312,2054,incomparable
3312,2182,incomparable
3312,3007,incomparable
3312,3793,stronger
3312,3912,incomparable
3312,3969,stronger
3312,4021,stronger
3312,4280,incomparable
3312,4419,incomparable
3313,35,stronger
3313,804,stronger
3313,956,stronger
3313,1223,incomparable
3313,1499,stronger
3313,1704,stronger
3313,1789,incomparable
3313,2212,incomparable
3313,2532,stronger
3313,3454,stronger
3313,4336,incomparable
3313,4453,incomparable
3314,202,stronger
3314,623,incomparable
3314,630,incomparable
3314,720,stronger
3314,1343,stronger
3314,1390,stronger
3314,1833,incomparable
3314,2092,stronger
3314,2703,stronger
3314,3520,weaker
3314,3907,incomparable
3314,3970,stronger
3314,4026,incomparable
3314,4369,incomparable
3314,4590,incomparable
3315,220,stronger
3315,720,stronger
3315,1297,stronger
3315,1616,stronger
3315,1638,incomparable
3315,2395,stronger
3315,2616,stronger
3315,2753,incomparable
3315,3127,stronger
3315,3826,stronger
3316,258,incomparable
3316,328,stronger
3316,615,incomparable
3316,1173,stronger
3316,1257,incomparable
3316,1921,incomparable
3316,2368,incomparable
3316,2669,incomparable
3316,3455,stronger
3316,4592,incomparable
3317,1065,stronger
3317,1336,incomparable
3317,1493,stronger
3317,1619,stronger
3317,2179,stronger
3317,2378,stronger
3317,2735,stronger
3317,3123,stronger
3317,3526,incomparable
3317,3661,incomparable
3317,3792,stronger
3317,4313,incomparable
3317,4454,incomparable
3317,4674,incomparable
3318,516,incomparable
3318,557,stronger
3318,1096,incomparable
3318,4154,incomparable
3318,4618,incomparable
3319,1581,incomparable
3319,1813,stronger
3319,1895,unknown
3319,2804,stronger
3319,3050,incomparable
3319,3123,stronger
3319,3337,stronger
3319,3531,stronger
3319,3533,incomparable
3319,3542,stronger
3319,3668,incomparable
3319,3872,incomparable
3319,4490,incomparable
3320,198,incomparable
3320,1534,stronger
3320,1993,incomparable
3320,3044,incomparable
3320,3396,stronger
3320,4411,incomparable
3321,13,incomparable
3321,1841,incomparable
3321,2192,stronger
3321,2292,stronger
3321,3527,incomparable
3321,3628,stronger
3321,3736,incomparable
3321,3924,incomparable
3322,275,stronger
3322,1384,incomparable
3322,1452,incomparable
3322,2066,incomparable
3322,2235,stronger
3322,2362,stronger
3322,2511,incomparable
3322,2600,stronger
3322,2608,stronger
3322,3281,incomparable
3322,4009,stronger
3322,4255,stronger
3322,4566,incomparable
3322,4618,incomparable
3323,19,incomparable
3323,483,incomparable
3323,620,incomparable
3323,908,stronger
3323,1116,stronger
3323,1397,stronger
3323,1506,incomparable
3323,1751,stronger
3323,2237,stronger
3323,2248,stronger
3323,3099,stronger
3323,3422,incomparable
3323,4187,incomparable
3323,4251,stronger
3323,4411,incomparable
3323,4417,incomparable
3323,4544,incomparable
3324,233,stronger
3324,414,incomparable
3324,812,stronger
3324,2056,incomparable
3324,2513,incomparable
3324,2607,stronger
3324,2619,stronger
3324,2798,stronger
3324,3335,stronger
3324,3754,stronger
3324,4123,stronger
3324,4253,incomparable
3325,426,incomparable
3325,1033,incomparable
3325,1096,incomparable
3325,1900,incomparable
3325,2287,stronger
3325,2956,incomparable
3325,3115,incomparable
3325,3663,incomparable
3325,4093,incomparable
3326,1842,stronger
3326,1950,stronger
3326,2130,stronger
3326,3480,incomparable
3326,3754,stronger
3326,3759,incomparable
3327,179,incomparable
3327,541,incomparable
3327,1774,incomparable
3327,1800,stronger
3327,2408,stronger
3327,2414,stronger
3327,3205,incomparable
3327,3821,stronger
3327,3874,incomparable
3328,1384,incomparable
3328,1751,stronger
3328,3392,incomparable
3328,3801,stronger
3328,3911,incomparable
3328,3972,incomparable
3329,516,incomparable
3329,1380,stronger
3329,1852,incomparable
3329,1939,stronger
3329,2340,incomparable
3329,4087,incomparable
3329,4390,incomparable
3329,4512,incomparable
3329,4592,incomparable
3330,27,stronger
3330,482,stronger
3330,1012,stronger
3330,2537,stronger
3330,3873,incomparable
3330,4443,incomparable
3331,535,stronger
3331,1239,incomparable
3331,2047,stronger
3331,2273,incomparable
3331,2806,stronger
3331,3369,stronger
3331,3723,incomparable
3331,4369,incomparable
3332,788,stronger
3332,1170,stronger
3332,1384,incomparable
3332,2501,stronger
3332,3198,stronger
3332,4343,incomparable
3333,47,incomparable
3333,580,stronger
3333,2709,incomparable
3333,2798,stronger
3333,3075,incomparable
3333,4256,stronger
3333,4362,incomparable
3333,4423,incomparable
3334,1916,stronger
3334,2382,stronger
3334,2593,stronger
3334,2976,stronger
3334,3405,stronger
3335,339,incomparable
3335,497,stronger
3335,1317,stronger
3335,1670,incomparable
3335,2258,stronger
3335,2427,stronger
3335,4209,incomparable
3335,4580,incomparable
3336,73,incomparable
3336,152,incomparable
3336,156,incomparable
3336,417,incomparable
3336,425,incomparable
3336,504,incomparable
3336,556,incomparable
3336,608,incomparable
3336,793,stronger
3336,1563,stronger
3336,2687,incomparable
3336,2720,incomparable
3336,2829,stronger
3336,3107,stronger
3336,3175,stronger
3336,3536,equivalent
3336,3999,stronger
3337,365,incomparable
3337,603,incomparable
3337,711,incomparable
3337,2716,incomparable
3337,4128,incomparable
3337,4194,stronger
3337,4533,incomparable
3338,362,incomparable
3338,715,stronger
3338,867,stronger
3338,1416,stronger
3338,1878,stronger
3338,2423,stronger
3338,2837,stronger
3338,2858,incomparable
3338,3193,incomparable
3338,3582,stronger
3338,4552,incomparable
3339,529,stronger
3339,2176,stronger
3339,2621,stronger
3339,2816,incomparable
3339,3786,incomparable
3339,3840,stronger
3339,4084,incomparable
3339,4129,incomparable
3339,4186,stronger
3339,4331,incomparable
3340,538,stronger
3340,548,stronger
3340,1112,incomparable
3340,2983,stronger
3340,3123,stronger
3340,3146,stronger
3340,4172,stronger
3341,211,incomparable
3341,244,stronger
3341,959,stronger
3341,969,stronger
3341,1018,stronger
3341,1325,incomparable
3341,1869,incomparable
3341,1929,incomparable
3341,2455,stronger
3341,2780,stronger
3341,3116,incomparable
3341,3345,incomparable
3341,3442,stronger
3341,3818,stronger
3341,3833,stronger
3341,3994,incomparable
3342,21,stronger
3342,357,stronger
3342,458,incomparable
3342,768,stronger
3342,795,stronger
3342,884,stronger
3342,1078,incomparable
3342,1131,incomparable
3342,2011,stronger
3342,2049,incomparable
3342,2638,incomparable
3342,3512,incomparable
3342,3738,incomparable
3343,183,stronger
3343,633,incomparable
3343,646,incomparable
3343,1060,incomparable
3343,1664,incomparable
3343,2009,stronger
3343,2470,incomparable
3343,3057,incomparable
3344,781,stronger
3344,970,stronger
3344,1349,incomparable
3344,1715,stronger
3344,2296,incomparable
3344,2571,incomparable
3344,2803,stronger
3344,2843,stronger
3344,4335,weaker
3345,1293,incomparable
3345,3622,stronger
3346,309,incomparable
3346,772,stronger
3346,1441,incomparable
3346,1511,stronger
3346,1664,incomparable
3346,2144,stronger
3346,2184,stronger
3346,2391,stronger
3346,2705,stronger
3346,2742,stronger
3346,3071,incomparable
3346,3719,incomparable
3346,3967,stronger
3346,4029,stronger
3347,198,incomparable
3347,556,incomparable
3347,573,stronger
3347,631,incomparable
3347,797,stronger
3347,1387,incomparable
3347,1531,incomparable
3347,2397,stronger
3347,2475,incomparable
3348,11,incomparable
3348,1387,incomparable
3348,1409,stronger
3348,1786,stronger
3348,1888,incomparable
3348,1915,stronger
3348,2094,stronger
3348,2670,incomparable
3348,2945,stronger
3348,3569,equivalent
3348,3609,equivalent
3348,3776,weaker
3349,676,incomparable
3349,961,stronger
3349,1207,stronger
3349,1623,incomparable
3349,2148,stronger
3349,2588,incomparable
3349,2596,stronger
3349,2929,stronger
3349,2955,stronger
3349,3642,stronger
3349,4361,incomparable
3350,415,incomparable
3350,1231,incomparable
3350,2187,stronger
3350,2722,incomparable
3351,178,stronger
3351,730,stronger
3351,916,incomparable
3351,1865,incomparable
3351,1995,stronger
3351,2312,stronger
3351,2493,incomparable
3351,2504,incomparable
3351,2837,stronger
3351,2947,incomparable
3351,3228,stronger
3351,3349,weaker
3351,3373,equivalent
3351,3533,weaker
3351,3710,weaker
3351,3948,weaker
3351,4193,equivalent
3351,4495,weaker
3351,4536,weaker
3351,4597,weaker
3352,642,incomparable
3352,1055,incomparable
3352,1168,stronger
3352,1462,incomparable
3352,2832,stronger
3352,3033,stronger
3352,3220,stronger
3352,3463,incomparable
3352,4616,incomparable
3353,93,stronger
3353,268,incomparable
3353,1298,stronger
3353,1817,stronger
3353,1864,incomparable
3353,2132,incomparable
3353,2612,stronger
3353,3265,incomparable
3353,3700,incomparable
3353,4299,incomparable
3354,186,incomparable
3354,292,stronger
3354,562,incomparable
3354,810,stronger
3354,1049,incomparable
3354,1742,incomparable
3354,2836,incomparable
3354,3447,equivalent
3354,4689,weaker
3355,415,incomparable
3355,840,incomparable
3355,1033,incomparable
3355,1151,stronger
3355,1421,stronger
3355,2026,stronger
3355,2133,stronger
3355,2532,stronger
3355,2732,stronger
3355,2847,incomparable
3355,3048,stronger
3355,4362,incomparable
3355,4515,incomparable
3356,345,stronger
3356,1844,incomparable
3356,1978,stronger
3356,2524,stronger
3356,3214,incomparable
3357,305,stronger
3357,421,incomparable
3357,427,incomparable
3357,1540,stronger
3357,1782,stronger
3357,2166,stronger
3357,3013,stronger
3357,3210,incomparable
3357,3233,stronger
3357,3555,weaker
3358,174,stronger
3358,1117,incomparable
3358,1894,incomparable
3358,1946,stronger
3358,1969,stronger
3358,2756,stronger
3358,2852,incomparable
3358,3196,stronger
3358,3613,equivalent
3358,4522,weaker
3359,237,stronger
3359,275,stronger
3359,388,weaker
3359,936,stronger
3359,1847,incomparable
3359,1966,stronger
3359,2037,incomparable
3359,2322,incomparable
3359,2496,incomparable
3359,3443,stronger
3359,3510,incomparable
3359,3714,incomparable
3359,3828,stronger
3359,4117,incomparable
3359,4551,incomparable
3359,4553,incomparable
3360,215,incomparable
3360,481,incomparable
3360,501,incomparable
3360,957,stronger
3360,1094,stronger
3360,1329,stronger
3360,1826,incomparable
3360,2105,incomparable
3360,2195,incomparable
3360,2211,stronger
3360,2349,incomparable
3360,2822,stronger
3360,3528,weaker
3360,3786,weaker
3360,3803,weaker
3360,4074,weaker
3360,4203,equivalent
3361,294,incomparable
3361,1338,stronger
3361,1985,stronger
3361,2343,incomparable
3361,2616,stronger
3361,2803,stronger
3361,2970,stronger
3361,3059,incomparable
3361,3276,weaker
3361,3508,weaker
3361,3669,weaker
3361,4241,equivalent
3362,240,stronger
3362,977,incomparable
3362,1070,incomparable
3362,1849,incomparable
3362,2355,incomparable
3362,2383,incomparable
3362,2766,stronger
3362,2783,stronger
3362,2891,incomparable
3362,2907,stronger
3362,3893,weaker
3362,4099,weaker
3362,4345,weaker
3362,4531,weaker
3362,4642,weaker
3363,231,incomparable
3363,253,stronger
3363,1811,stronger
3363,2232,stronger
3363,2235,stronger
3363,2261,incomparable
3363,2405,stronger
3363,2711,stronger
3363,3986,stronger
3363,4293,incomparable
3363,4297,incomparable
3363,4325,incomparable
3363,4452,incomparable
3364,383,incomparable
3364,780,stronger
3364,1219,stronger
3364,1466,incomparable
3364,1517,stronger
3364,1651,incomparable
3364,1736,stronger
3364,2119,incomparable
3364,2343,incomparable
3364,2666,incomparable
3364,2713,stronger
3364,2978,stronger
3364,4193,stronger
3364,4353,incomparable
3365,1090,incomparable
3365,1346,stronger
3365,1386,stronger
3365,1866,incomparable
3365,2358,stronger
3365,2381,incomparable
3365,2953,stronger
3365,3101,incomparable
3365,3121,stronger
3365,3264,weaker
3365,3411,equivalent
3365,3480,weaker
3365,3908,weaker
3365,4402,weaker
3365,4649,weaker
3366,460,incomparable
3366,1475,incomparable
3366,1705,incomparable
3366,2140,incomparable
3366,2429,stronger
3366,2555,stronger
3366,2682,incomparable
3366,2744,incomparable
3366,3059,incomparable
3366,4644,weaker
3366,4652,weaker
3367,371,incomparable
3367,479,incomparable
3367,789,stronger
3367,1832,incomparable
3367,1866,incomparable
3367,2211,stronger
3367,2270,incomparable
3367,2962,stronger
3367,3419,stronger
3367,3807,stronger
3367,4119,incomparable
3367,4241,stronger
3367,4382,incomparable
3367,4625,weaker
3368,489,incomparable
3368,865,incomparable
3368,927,stronger
3368,1434,incomparable
3368,2503,incomparable
3368,3109,stronger
3369,282,stronger
3369,938,incomparable
3369,942,stronger
3369,1132,stronger
3369,1398,stronger
3369,1730,stronger
3369,2027,stronger
3369,2116,incomparable
3369,2322,incomparable
3369,2982,incomparable
3369,3626,equivalent
3369,4178,equivalent
3369,4665,weaker
3370,1640,incomparable
3370,1907,stronger
3370,2181,stronger
3370,2825,stronger
3370,2931,incomparable
3370,3486,incomparable
3370,3925,incomparable
3371,1329,stronger
3371,1359,stronger
3371,1773,stronger
3371,3019,stronger
3371,3154,stronger
3371,3313,incomparable
3371,3370,incomparable
3371,3785,stronger
3372,11,incomparable
3372,751,stronger
3372,980,stronger
3372,1331,stronger
3372,1765,stronger
3372,2835,stronger
3372,2995,stronger
3372,3100,incomparable
3372,3275,weaker
3372,3628,equivalent
3372,3786,weaker
3372,4260,equivalent
3372,4568,weaker
3373,367,weaker
3373,1213,stronger
3373,1595,stronger
3373,1625,stronger
3373,4185,equivalent
3373,4243,weaker
3373,4641,weaker
3374,269,incomparable
3374,534,stronger
3374,658,incomparable
3374,1398,stronger
3374,1521,incomparable
3374,1929,incomparable
3374,2272,incomparable
3374,2691,incomparable
3374,3154,stronger
3374,4003,equivalent
3374,4215,equivalent
3374,4618,weaker
3375,270,incomparable
3375,2088,incomparable
3375,2446,incomparable
3375,2526,stronger
3375,3624,stronger
3375,3629,stronger
3375,3829,stronger
3376,439,incomparable
3376,805,stronger
3376,1109,incomparable
3376,1546,stronger
3376,1755,incomparable
3376,2737,incomparable
3376,2814,stronger
3376,2817,stronger
3376,3759,weaker
3376,4603,weaker
3377,292,stronger
3377,420,incomparable
3377,863,incomparable
3377,972,incomparable
3377,1014,incomparable
3377,1131,incomparable
3377,1648,incomparable
3377,1793,incomparable
3377,2597,stronger
3377,2772,stronger
3377,3719,weaker
3377,4053,equivalent
3377,4301,weaker
3378,118,incomparable
3378,1207,incomparable
3378,1319,stronger
3378,1444,incomparable
3378,1999,stronger
3378,2108,stronger
3378,4213,weaker
3378,4450,weaker
3378,4501,weaker
3379,428,incomparable
3379,1418,stronger
3379,1860,incomparable
3379,1963,stronger
3379,2085,incomparable
3379,2529,stronger
3379,2769,stronger
3379,2829,stronger
3379,3388,weaker
3379,3517,weaker
3379,3876,weaker
3380,477,incomparable
3380,1246,incomparable
3380,2244,incomparable
3380,3338,incomparable
3380,3949,incomparable
3380,4017,stronger
3380,4367,incomparable
3381,1624,stronger
3381,1759,incomparable
3381,2734,incomparable
3381,2789,incomparable
3381,2884,incomparable
3381,4619,weaker
3382,36,stronger
3382,80,stronger
3382,397,equivalent
3382,549,incomparable
3382,1725,stronger
3382,1796,stronger
3382,2397,stronger
3382,2793,stronger
3382,3159,incomparable
3382,3529,weaker
3382,3569,equivalent
3383,574,stronger
3383,624,incomparable
3383,629,incomparable
3383,1315,incomparable
3383,1525,incomparable
3383,1982,stronger
3383,2104,stronger
3383,2373,incomparable
3383,2386,stronger
3383,3799,equivalent
3383,3916,weaker
3383,3989,weaker
3383,4128,weaker
3383,4287,weaker
3384,185,stronger
3384,201,stronger
3384,681,stronger
3384,1678,incomparable
3384,2221,stronger
3384,2785,stronger
3384,3376,stronger
3384,3559,stronger
3384,3894,incomparable
3384,4245,stronger
3385,97,stronger
3385,165,incomparable
3385,402,stronger
3385,496,stronger
3385,898,incomparable
3385,1173,stronger
3385,1648,incomparable
3385,1797,incomparable
3385,1936,stronger
3385,2568,stronger
3385,3159,incomparable
3385,4020,stronger
3385,4160,stronger
3385,4301,incomparable
3385,4420,incomparable
3386,421,incomparable
3386,627,incomparable
3386,692,incomparable
3386,883,incomparable
3386,1205,stronger
3386,1252,incomparable
3386,1402,stronger
3386,1405,incomparable
3386,1662,incomparable
3386,2105,incomparable
3386,3375,weaker
3386,3591,weaker
3386,3846,equivalent
3386,4136,weaker
3386,4315,weaker
3387,227,stronger
3387,515,stronger
3387,1751,stronger
3387,1859,incomparable
3387,1954,stronger
3387,2274,incomparable
3387,2332,stronger
3387,2426,stronger
3387,2770,incomparable
3387,2802,stronger
3387,3142,incomparable
3387,3374,equivalent
3387,4230,weaker
3387,4249,equivalent
3388,388,incomparable
3388,524,incomparable
3388,658,incomparable
3388,845,incomparable
3388,1087,stronger
3388,1461,incomparable
3388,1566,stronger
3388,1875,incomparable
3388,2054,incomparable
3388,2505,stronger
3388,2514,stronger
3388,2627,stronger
3388,3033,stronger
3388,3079,incomparable
3388,3226,stronger
3388,3752,incomparable
3388,4320,weaker
3388,4493,incomparable
3389,220,stronger
3389,986,stronger
3389,1116,stronger
3389,1163,incomparable
3389,1584,stronger
3389,3133,stronger
3389,4445,weaker
3390,97,stronger
3390,1363,stronger
3390,1511,stronger
3390,2382,stronger
3390,2561,stronger
3390,3496,weaker
3390,3573,weaker
3390,3658,equivalent
3390,4624,weaker
3391,1046,incomparable
3391,1130,stronger
3391,1629,incomparable
3391,2253,incomparable
3391,2464,incomparable
3391,2562,incomparable
3391,3985,equivalent
3391,4584,weaker
3391,4607,weaker
3392,746,incomparable
3392,1123,stronger
3392,1300,stronger
3392,2019,stronger
3392,2153,stronger
3392,2201,stronger
3392,2894,incomparable
3392,3486,incomparable
3392,3581,stronger
3392,4240,stronger
3392,4621,incomparable
3393,120,incomparable
3393,773,stronger
3393,1167,incomparable
3393,1761,incomparable
3393,1764,incomparable
3393,1789,incomparable
3393,2292,stronger
3393,2394,stronger
3393,2536,incomparable
3393,2558,incomparable
3393,2909,incomparable
3393,3326,weaker
3393,3512,weaker
3393,3623,equivalent
3393,3742,weaker
3393,3877,weaker
3393,4586,weaker
3394,522,incomparable
3394,690,incomparable
3394,2055,incomparable
3394,2068,incomparable
3394,2171,stronger
3394,2648,incomparable
3394,2781,stronger
3394,3200,stronger
3394,3546,weaker
3394,3961,weaker
3394,4153,weaker
3394,4233,equivalent
3395,321,weaker
3395,341,equivalent
3395,916,incomparable
3395,1027,incomparable
3395,1519,incomparable
3395,1667,incomparable
3395,1681,incomparable
3395,1824,stronger
3395,2025,stronger
3395,2128,incomparable
3395,2605,incomparable
3395,2618,incomparable
3395,3267,weaker
3395,3316,weaker
3395,3441,weaker
3396,343,weaker
3396,2340,incomparable
3397,462,incomparable
3397,1236,incomparable
3397,1271,incomparable
3397,1418,stronger
3397,2107,stronger
3397,2710,incomparable
3397,3555,incomparable
3397,3688,incomparable
3397,4023,incomparable
3397,4223,stronger
3397,4572,incomparable
3398,147,stronger
3398,159,incomparable
3398,279,stronger
3398,303,stronger
3398,473,incomparable
3398,1843,incomparable
3398,1920,stronger
3398,2313,stronger
3398,2395,stronger
3398,3568,stronger
3398,4057,stronger
3399,181,stronger
3399,723,incomparable
3399,825,incomparable
3399,1565,stronger
3399,2371,stronger
3399,2777,stronger
3399,3709,weaker
3399,3713,weaker
3400,90,incomparable
3400,207,incomparable
3400,237,stronger
3400,1970,incomparable
3400,3112,incomparable
3400,3679,weaker
3400,4364,weaker
3400,4512,weaker
3400,4556,weaker
3400,4602,weaker
3401,670,incomparable
3401,1465,incomparable
3401,1504,incomparable
3401,1762,stronger
3401,1887,incomparable
3401,2232,stronger
3401,2646,incomparable
3401,3085,incomparable
3401,3425,stronger
3401,3509,incomparable
3402,119,stronger
3402,680,incomparable
3402,774,incomparable
3402,805,stronger
3402,1075,incomparable
3402,1417,stronger
3402,1787,stronger
3402,2103,incomparable
3402,2393,incomparable
3402,2739,incomparable
3402,2772,stronger
3402,3212,stronger
3402,3227,incomparable
3402,3858,equivalent
3402,4632,weaker
3403,1378,incomparable
3403,2222,incomparable
3403,3093,incomparable
3403,3340,weaker
3403,3341,weaker
3403,4124,weaker
3403,4288,weaker
3403,4402,weaker
3403,4559,weaker
3404,1339,stronger
3404,1352,stronger
3404,2288,incomparable
3404,2319,incomparable
3404,3057,incomparable
3404,3420,stronger
3404,3543,incomparable
3404,3682,incomparable
3404,3685,incomparable
3404,4526,incomparable
3405,185,stronger
3405,898,incomparable
3405,971,stronger
3405,1317,stronger
3405,1521,incomparable
3405,1601,stronger
3405,1619,stronger
3405,1704,stronger
3405,1787,stronger
3405,2026,stronger
3405,2335,incomparable
3405,2468,incomparable
3405,2633,stronger
3405,3166,stronger
3405,3678,incomparable
3405,3921,weaker
3405,4380,incomparable
3406,55,incomparable
3406,847,incomparable
3406,1193,stronger
3406,2351,incomparable
3406,2629,stronger
3406,2698,stronger
3406,2907,stronger
3406,3209,stronger
3406,3499,weaker
3406,3594,equivalent
3407,601,stronger
3407,1085,incomparable
3407,1895,incomparable
3407,2246,incomparable
3407,2461,incomparable
3407,2652,incomparable
3407,2699,incomparable
3407,2784,stronger
3407,4353,weaker
3407,4574,weaker
3408,41,equivalent
3408,163,incomparable
3408,296,stronger
3408,419,incomparable
3408,472,stronger
3408,559,stronger
3408,808,stronger
3408,1809,stronger
3408,2139,stronger
3408,2949,incomparable
3408,3750,equivalent
3408,3972,weaker
3408,4140,weaker
3409,203,incomparable
3409,664,incomparable
3409,856,incomparable
3409,875,incomparable
3409,1216,stronger
3409,1269,incomparable
3409,1814,stronger
3409,1827,stronger
3409,2193,stronger
3409,2493,incomparable
3409,2538,incomparable
3409,2783,stronger
3409,3510,incomparable
3409,3678,incomparable
3409,3975,stronger
3409,4288,incomparable
3409,4517,incomparable
3410,34,incomparable
3410,1072,incomparable
3410,1586,incomparable
3410,1986,stronger
3410,2043,incomparable
3410,2128,incomparable
3410,2757,incomparable
3410,2850,incomparable
3410,2939,incomparable
3410,4559,weaker
3411,972,incomparable
3411,1082,incomparable
3411,1175,incomparable
3411,2331,incomparable
3411,2483,incomparable
3411,2484,incomparable
3411,2552,incomparable
3411,2947,incomparable
3411,3478,weaker
3411,3664,weaker
3411,4306,weaker
3412,1413,stronger
3412,1572,stronger
3412,1830,stronger
3412,3703,weaker
3412,4693,weaker
3413,241,stronger
3413,1082,incomparable
3413,1176,stronger
3413,1310,stronger
3413,2390,stronger
3413,2968,incomparable
3413,3195,incomparable
3413,3504,weaker
3413,4344,weaker
3413,4586,weaker
3414,80,stronger
3414,252,stronger
3414,668,stronger
3414,1642,incomparable
3414,2022,stronger
3414,2241,incomparable
3414,2557,stronger
3414,3556,incomparable
3414,4167,incomparable
3414,4609,incomparable
3415,33,stronger
3415,329,weaker
3415,586,stronger
3415,663,incomparable
3415,746,incomparable
3415,1037,incomparable
3415,3194,stronger
3415,3247,incomparable
3415,3333,weaker
3415,3385,weaker
3415,3645,equivalent
3415,4494,weaker
3415,4616,weaker
3416,846,incomparable
3416,1957,stronger
3416,2819,stronger
3416,3082,incomparable
3416,3169,stronger
3416,3216,stronger
3416,4326,weaker
3417,280,incomparable
3417,364,incomparable
3417,863,incomparable
3417,1859,incomparable
3417,3266,incomparable
3417,3609,stronger
3417,3840,stronger
3417,3946,incomparable
3417,4331,incomparable
3417,4629,incomparable
3418,85,stronger
3418,993,stronger
3418,1341,stronger
3418,1479,incomparable
3418,2014,stronger
3418,3112,incomparable
3418,4299,incomparable
3418,4401,incomparable
3419,1031,incomparable
3419,1477,incomparable
3419,1669,incomparable
3419,2277,incomparable
3419,2805,incomparable
3419,3005,stronger
3419,3148,stronger
3419,3224,stronger
3419,3354,equivalent
3419,3589,equivalent
3419,3943,weaker
3419,4169,equivalent
3419,4414,weaker
3420,267,incomparable
3420,647,incomparable
3420,843,incomparable
3420,973,stronger
3420,1012,stronger
3420,2477,incomparable
3420,2496,incomparable
3420,2520,stronger
3420,2681,incomparable
3420,3256,weaker
3420,3325,weaker
3420,3683,weaker
3420,4236,equivalent
3421,35,stronger
3421,286,incomparable
3421,341,equivalent
3421,735,incomparable
3421,988,stronger
3421,1523,incomparable
3421,2097,incomparable
3421,2887,incomparable
3421,3348,equivalent
3421,3362,equivalent
3421,4037,equivalent
3422,2083,incomparable
3422,2176,stronger
3422,2725,incomparable
3422,3162,stronger
3422,4009,stronger
3422,4024,stronger
3422,4106,incomparable
3422,4379,incomparable
3423,116,stronger
3423,184,stronger
3423,371,weaker
3423,792,stronger
3423,809,stronger
3423,887,incomparable
3423,1242,incomparable
3423,1324,stronger
3423,2038,incomparable
3423,2607,stronger
3423,3486,weaker
3423,3659,weaker
3423,3726,weaker
3423,3830,equivalent
3423,4652,weaker
3424,409,equivalent
3424,866,incomparable
3424,1123,stronger
3424,1388,stronger
3424,1750,incomparable
3424,1937,incomparable
3424,1965,stronger
3424,2013,stronger
3424,2356,stronger
3424,2669,incomparable
3424,2871,incomparable
3424,2902,incomparable
3424,3424,equivalent
3424,3988,equivalent
3424,4257,equivalent
3424,4382,weaker
3424,4404,weaker
3424,4407,weaker
3424,4564,weaker
3424,4671,weaker
3425,549,incomparable
3425,644,incomparable
3425,1028,incomparable
3425,1355,incomparable
3425,2263,incomparable
3425,2532,stronger
3425,2977,incomparable
3425,3950,weaker
3425,4649,weaker
3426,107,incomparable
3426,149,stronger
3426,1073,incomparable
3426,1139,stronger
3426,1241,incomparable
3426,1367,stronger
3426,2026,stronger
3426,2175,stronger
3426,2261,incomparable
3426,2632,stronger
3426,3499,incomparable
3426,4661,incomparable
3427,150,stronger
3427,827,incomparable
3427,1348,stronger
3427,1723,stronger
3427,2381,incomparable
3427,3204,stronger
3427,4157,weaker
3428,805,stronger
3428,1099,stronger
3428,1621,stronger
3428,2485,incomparable
3428,2545,stronger
3428,2652,incomparable
3428,2958,incomparable
3428,3405,weaker
3428,3439,equivalent
3428,3624,equivalent
3428,3805,equivalent
3428,4302,weaker
3429,718,stronger
3429,1401,stronger
3429,1585,stronger
3429,1816,incomparable
3429,1944,stronger
3429,2681,incomparable
3429,3551,equivalent
3429,4066,weaker
3429,4449,weaker
3429,4507,weaker
3430,19,incomparable
3430,1173,stronger
3430,1174,stronger
3430,2545,stronger
3430,3119,stronger
3430,3156,stronger
3430,3806,equivalent
3430,4169,equivalent
3431,754,stronger
3431,846,incomparable
3431,1162,stronger
3431,2080,incomparable
3431,2991,stronger
3431,3626,stronger
3431,4163,stronger
3431,4270,incomparable
3431,4581,incomparable
3432,1566,stronger
3432,1617,stronger
3432,1634,incomparable
3432,1984,stronger
3432,2297,stronger
3432,2521,incomparable
3432,2842,stronger
3432,3279,weaker
3432,3684,weaker
3432,4604,weaker
3433,1735,stronger
3433,2211,stronger
3433,2463,incomparable
3433,2796,stronger
3433,3296,weaker
3433,4631,weaker
3434,281,incomparable
3434,761,incomparable
3434,1186,stronger
3434,1420,incomparable
3434,1514,stronger
3434,1585,stronger
3434,2645,incomparable
3434,2989,stronger
3434,3126,incomparable
3434,3380,weaker
3434,4038,equivalent
3434,4477,weaker
3434,4509,weaker
3434,4684,weaker
3435,341,equivalent
3435,364,weaker
3435,1134,stronger
3435,1139,stronger
3435,1207,incomparable
3435,1510,incomparable
3435,1715,stronger
3435,1748,stronger
3435,1991,stronger
3435,2316,incomparable
3435,2584,incomparable
3435,2753,incomparable
3435,3236,stronger
3435,3257,weaker
3435,3630,equivalent
3435,4689,weaker
3436,28,incomparable
3436,217,incomparable
3436,774,incomparable
3436,1215,stronger
3436,2057,incomparable
3436,2296,incomparable
3436,4117,incomparable
3436,4314,incomparable
3436,4516,incomparable
3437,507,stronger
3437,772,stronger
3437,2088,incomparable
3437,2195,incomparable
3437,2582,stronger
3437,2670,incomparable
3437,3091,incomparable
3437,3202,stronger
3437,3595,weaker
3437,3712,weaker
3437,3914,weaker
3437,4588,weaker
3437,4641,weaker
3438,1181,incomparable
3438,1252,incomparable
3438,1399,stronger
3438,2558,incomparable
3438,3804,weaker
3438,4127,weaker
3439,336,weaker
3439,352,equivalent
3439,473,incomparable
3439,2356,stronger
3439,2763,stronger
3439,3309,weaker
3440,746,incomparable
3440,949,incomparable
3440,1102,stronger
3440,1114,stronger
3440,1992,incomparable
3440,2198,stronger
3440,2744,incomparable
3440,2844,stronger
3440,2936,incomparable
3440,3012,stronger
3440,3739,weaker
3440,3982,equivalent
3440,4309,weaker
3441,26,incomparable
3441,404,stronger
3441,438,incomparable
3441,471,stronger
3441,536,stronger
3441,1766,stronger
3441,2004,stronger
3441,2371,stronger
3441,4349,incomparable
3442,19,incomparable
3442,415,incomparable
3442,596,stronger
3442,742,stronger
3442,1027,incomparable
3442,1101,incomparable
3442,1114,stronger
3442,1345,stronger
3442,2106,stronger
3442,3328,weaker
3442,3410,equivalent
3442,3792,equivalent
3442,4255,equivalent
3443,270,incomparable
3443,355,weaker
3443,816,stronger
3443,2224,stronger
3443,2324,stronger
3443,2958,incomparable
3443,3236,stronger
3443,3657,equivalent
3443,3914,weaker
3444,107,incomparable
3444,668,stronger
3444,1169,stronger
3444,2023,stronger
3444,2179,stronger
3444,2899,incomparable
3444,3018,stronger
3444,4378,weaker
3445,1366,incomparable
3445,1440,incomparable
3445,1995,stronger
3445,2150,stronger
3445,4428,weaker
3446,27,incomparable
3446,47,incomparable
3446,1406,stronger
3446,1519,incomparable
3446,1663,incomparable
3446,2203,incomparable
3446,2219,stronger
3446,2431,stronger
3446,3400,stronger
3446,3453,stronger
3446,3730,incomparable
3446,4168,weaker
3446,4633,incomparable
3447,73,incomparable
3447,109,incomparable
3447,208,incomparable
3447,1286,incomparable
3447,1407,stronger
3447,1436,incomparable
3447,1855,incomparable
3447,2088,incomparable
3447,2502,stronger
3447,2589,stronger
3447,2618,incomparable
3447,3144,stronger
3447,3368,equivalent
3447,3529,weaker
3447,3568,equivalent
3447,3963,equivalent
3447,4011,equivalent
3447,4068,weaker
3447,4123,weaker
3447,4482,weaker
3448,1103,stronger
3448,1576,stronger
3448,2363,stronger
3448,2819,stronger
3449,254,stronger
3449,896,stronger
3449,935,stronger
3449,1552,incomparable
3449,1873,incomparable
3449,2541,incomparable
3449,3146,stronger
3449,4015,equivalent
3449,4020,equivalent
3449,4191,equivalent
3450,147,stronger
3450,394,equivalent
3450,942,stronger
3450,1331,stronger
3450,1521,incomparable
3450,2190,incomparable
3450,2228,stronger
3450,2340,incomparable
3450,2710,incomparable
3450,3356,weaker
3450,3462,weaker
3451,107,incomparable
3451,167,incomparable
3451,1190,stronger
3451,1236,incomparable
3451,1581,incomparable
3451,1602,stronger
3451,1648,incomparable
3451,2637,stronger
3451,3136,stronger
3451,3454,stronger
3451,3659,incomparable
3452,116,stronger
3452,426,incomparable
3452,1031,incomparable
3452,1778,stronger
3452,2628,incomparable
3452,2855,incomparable
3452,3925,weaker
3452,4098,weaker
3452,4596,weaker
3453,620,incomparable
3453,728,stronger
3453,820,incomparable
3453,1047,incomparable
3453,1252,incomparable
3453,2027,stronger
3453,2351,incomparable
3453,2980,stronger
3453,3543,weaker
3453,3987,equivalent
3453,4015,equivalent
3453,4320,weaker
3453,4680,weaker
3454,786,incomparable
3454,1056,incomparable
3454,1082,incomparable
3454,1517,stronger
3454,1849,incomparable
3454,2330,incomparable
3454,2339,stronger
3454,2593,stronger
3454,3482,weaker
3454,4062,equivalent
3454,4146,weaker
3454,4545,weaker
3455,565,stronger
3455,697,stronger
3455,2712,incomparable
3455,2822,stronger
3455,2885,incomparable
3455,2925,incomparable
3455,3099,incomparable
3455,3683,weaker
3455,3866,weaker
3455,3877,weaker
3455,4495,weaker
3456,8,incomparable
3456,749,incomparable
3456,1522,stronger
3456,1524,stronger
3456,2017,stronger
3456,2216,stronger
3456,2308,stronger
3456,2351,incomparable
3456,3219,stronger
3456,3398,incomparable
3456,4294,incomparable
3457,163,stronger
3457,278,stronger
3457,1021,incomparable
3457,1219,stronger
3457,1277,stronger
3457,2131,stronger
3457,3044,incomparable
3458,769,incomparable
3458,1247,incomparable
3458,1402,stronger
3458,1517,stronger
3458,1590,incomparable
3458,1879,incomparable
3458,1894,incomparable
3458,2694,stronger
3458,3776,incomparable
3458,4223,stronger
3458,4421,incomparable
3458,4620,incomparable
3459,20,stronger
3459,327,stronger
3459,446,incomparable
3459,684,stronger
3459,804,stronger
3459,1119,incomparable
3459,2017,stronger
3459,2084,stronger
3459,2902,incomparable
3459,3288,incomparable
3459,3290,incomparable
3459,4028,stronger
3459,4223,stronger
3460,663,stronger
3460,813,stronger
3460,1761,incomparable
3460,2054,incomparable
3460,3129,stronger
3460,3747,stronger
3460,4610,incomparable
3461,319,stronger
3461,662,stronger
3461,1174,stronger
3461,2322,incomparable
3461,2612,stronger
3461,3025,stronger
3461,4290,incomparable
3462,167,incomparable
3462,455,incomparable
3462,836,incomparable
3462,1075,incomparable
3462,1675,stronger
3462,2173,incomparable
3462,2232,incomparable
3462,2451,stronger
3462,2569,stronger
3462,2770,incomparable
3462,2838,stronger
3462,2905,incomparable
3462,2964,incomparable
3462,3460,incomparable
3462,3782,stronger
3463,286,incomparable
3463,1173,stronger
3463,1237,incomparable
3463,1255,incomparable
3463,1624,stronger
3463,3316,incomparable
3463,3398,incomparable
3463,3955,incomparable
3463,3982,stronger
3463,4033,stronger
3463,4174,stronger
3463,4187,incomparable
3464,458,incomparable
3464,470,stronger
3464,880,incomparable
3464,1105,stronger
3464,2041,incomparable
3464,2247,incomparable
3464,2903,incomparable
3464,3014,stronger
3464,3578,stronger
3464,3595,stronger
3464,3671,incomparable
3464,4447,incomparable
3465,269,stronger
3465,362,incomparable
3465,525,stronger
3465,762,stronger
3465,1794,stronger
3465,2548,stronger
3465,2908,stronger
3465,3129,stronger
3465,3389,stronger
3465,3462,incomparable
3465,3741,stronger
3465,4214,stronger
3466,173,stronger
3466,1111,stronger
3466,1143,stronger
3466,1285,incomparable
3466,2175,stronger
3467,63,incomparable
3467,382,stronger
3467,1108,stronger
3467,1139,stronger
3467,1762,stronger
3467,1922,incomparable
3467,2991,stronger
3467,3000,stronger
3467,3102,incomparable
3468,520,incomparable
3468,947,incomparable
3468,1374,incomparable
3468,1814,stronger
3468,1862,incomparable
3468,3366,stronger
3468,3643,stronger
3469,633,incomparable
3469,1629,incomparable
3469,1803,stronger
3469,3355,incomparable
3469,3375,incomparable
3469,4173,stronger
3470,315,incomparable
3470,552,stronger
3470,1752,stronger
3470,2839,stronger
3470,2928,incomparable
3470,3244,stronger
3470,3370,incomparable
3470,3705,incomparable
3470,4288,incomparable
3470,4322,incomparable
3470,4620,incomparable
3471,33,stronger
3471,505,stronger
3471,1416,stronger
3471,1652,incomparable
3471,1743,stronger
3471,2678,incomparable
3471,2770,incomparable
3471,3265,incomparable
3471,3379,stronger
3471,4133,incomparable
3472,46,stronger
3472,648,incomparable
3472,896,stronger
3472,1076,incomparable
3472,2539,stronger
3472,2568,stronger
3472,2960,incomparable
3472,3229,stronger
3472,3288,incomparable
3472,4260,stronger
3472,4555,incomparable
3473,1498,incomparable
3473,3906,incomparable
3473,4541,incomparable
3473,4584,incomparable
3473,4607,incomparable
3474,278,stronger
3474,536,stronger
3474,544,stronger
3474,1342,stronger
3474,1799,stronger
3474,1923,stronger
3474,2313,stronger
3474,2427,stronger
3474,2694,incomparable
3474,2715,stronger
3474,2818,stronger
3474,2926,stronger
3474,3778,stronger
3474,4105,incomparable
3474,4199,stronger
3474,4669,incomparable
3475,178,stronger
3475,419,incomparable
3475,1153,stronger
3475,2033,stronger
3475,3320,incomparable
3475,3584,stronger
3475,3886,incomparable
3475,4074,incomparable
3476,481,incomparable
3476,784,stronger
3476,1141,incomparable
3476,1234,incomparable
3476,1496,incomparable
3476,2582,stronger
3476,2774,incomparable
3476,3418,incomparable
3476,4108,incomparable
3476,4431,incomparable
3477,81,stronger
3477,201,stronger
3477,727,incomparable
3477,840,incomparable
3477,989,incomparable
3477,1010,stronger
3477,1650,incomparable
3477,2106,stronger
3477,2651,incomparable
3477,2934,stronger
3477,3107,stronger
3477,3368,stronger
3478,286,incomparable
3478,555,stronger
3478,2229,stronger
3478,2584,incomparable
3478,2969,stronger
3478,3313,incomparable
3478,3774,stronger
3478,3863,incomparable
3478,4360,incomparable
3478,4486,incomparable
3478,4627,incomparable
3479,473,incomparable
3479,2070,incomparable
3479,2533,incomparable
3479,2872,incomparable
3479,2954,stronger
3479,3054,incomparable
3479,3798,incomparable
3479,4211,stronger
3479,4251,stronger
3479,4405,incomparable
3480,13,incomparable
3480,174,stronger
3480,561,stronger
3480,1271,incomparable
3480,2642,stronger
3480,3061,incomparable
3480,3355,incomparable
3480,3699,weaker
3480,4030,stronger
3480,4108,incomparable
3480,4275,incomparable
3481,10,incomparable
3481,466,incomparable
3481,785,stronger
3481,970,stronger
3481,1218,stronger
3481,1244,incomparable
3481,1340,incomparable
3481,1384,incomparable
3481,1758,stronger
3481,2291,incomparable
3481,2339,stronger
3482,104,incomparable
3482,235,stronger
3482,479,incomparable
3482,991,stronger
3482,1671,incomparable
3482,2582,stronger
3482,3080,incomparable
3482,3150,incomparable
3482,3904,incomparable
3483,245,stronger
3483,2890,incomparable
3483,2990,incomparable
3483,3212,stronger
3483,3667,incomparable
3483,3936,incomparable
3483,4241,stronger
3483,4505,incomparable
3484,1024,incomparable
3484,1490,stronger
3484,1724,incomparable
3484,1835,incomparable
3484,2011,stronger
3484,2675,incomparable
3484,2789,incomparable
3484,3287,incomparable
3484,3330,incomparable
3484,3724,incomparable
3484,4625,incomparable
3485,943,incomparable
3485,1062,incomparable
3485,1144,stronger
3485,1482,incomparable
3485,2159,stronger
3485,2378,stronger
3485,3007,incomparable
3485,3377,stronger
3485,3680,incomparable
3485,3773,incomparable
3485,4046,stronger
3485,4116,incomparable
3485,4118,incomparable
3485,4455,incomparable
3486,321,stronger
3486,872,incomparable
3486,1895,incomparable
3486,1909,stronger
3486,2703,stronger
3486,3768,stronger
3486,3936,incomparable
3486,3966,stronger
3486,4081,incomparable
3486,4248,incomparable
3487,147,stronger
3487,3507,stronger
3487,4149,incomparable
3487,4425,incomparable
3487,4455,incomparable
3487,4501,incomparable
3487,4539,incomparable
3488,941,stronger
3488,1271,incomparable
3488,1313,incomparable
3488,1611,stronger
3488,1699,incomparable
3488,1804,stronger
3488,1860,incomparable
3488,1925,incomparable
3488,1954,stronger
3488,3280,incomparable
3488,4078,incomparable
3489,129,stronger
3489,809,stronger
3489,2011,stronger
3489,3384,incomparable
3489,4167,incomparable
3490,1090,incomparable
3490,1317,stronger
3490,1428,incomparable
3490,2520,stronger
3490,3563,stronger
3490,3937,incomparable
3490,4462,incomparable
3490,4651,incomparable
3491,107,incomparable
3491,203,incomparable
3491,478,stronger
3491,1194,stronger
3491,1444,incomparable
3491,1564,incomparable
3491,1736,stronger
3491,1778,stronger
3491,1820,stronger
3491,1823,stronger
3491,1983,incomparable
3491,2816,stronger
3491,2883,incomparable
3491,3117,stronger
3491,3589,stronger
3491,3832,stronger
3491,4537,incomparable
3492,87,stronger
3492,105,incomparable
3492,726,stronger
3492,2663,incomparable
3492,3034,incomparable
3492,3054,incomparable
3493,819,incomparable
3493,961,stronger
3493,1128,stronger
3493,1393,stronger
3493,2015,stronger
3493,2022,stronger
3493,2505,stronger
3493,2542,stronger
3493,2843,stronger
3493,3440,stronger
3493,3695,incomparable
3493,3956,stronger
3493,3981,stronger
3493,4117,incomparable
3494,466,incomparable
3494,1893,stronger
3494,2341,stronger
3494,2812,incomparable
3494,2874,incomparable
3495,126,stronger
3495,358,stronger
3495,431,incomparable
3495,578,stronger
3495,682,incomparable
3495,762,stronger
3495,1509,stronger
3495,1592,stronger
3495,1678,incomparable
3495,1753,stronger
3495,2578,stronger
3495,2623,incomparable
3495,2745,stronger
3495,2883,incomparable
3495,3296,incomparable
3495,3608,stronger
3495,3680,incomparable
3495,3749,incomparable
3495,4276,incomparable
3495,4380,incomparable
3496,757,incomparable
3496,1224,incomparable
3496,1352,stronger
3496,1806,incomparable
3496,2043,incomparable
3496,2058,incomparable
3496,2274,incomparable
3496,2691,incomparable
3496,2888,incomparable
3496,3689,incomparable
3496,3899,incomparable
3496,4258,incomparable
3496,4470,incomparable
3497,170,incomparable
3497,828,incomparable
3497,1142,stronger
3497,1195,stronger
3497,1213,stronger
3497,1357,incomparable
3497,1532,stronger
3497,1872,incomparable
3497,1965,stronger
3497,2584,incomparable
3497,3658,stronger
3497,3745,incomparable
3497,3933,incomparable
3497,4145,incomparable
3497,4520,incomparable
3498,360,incomparable
3498,529,stronger
3498,980,stronger
3498,1003,stronger
3498,1019,stronger
3498,1655,incomparable
3498,1707,incomparable
3498,2555,stronger
3498,2770,incomparable
3498,3363,incomparable
3498,4655,incomparable
3499,150,stronger
3499,1091,stronger
3499,1535,incomparable
3499,2230,stronger
3499,3409,incomparable
3499,3898,incomparable
3499,4196,incomparable
3499,4368,incomparable
3500,51,incomparable
3500,1221,stronger
3500,1859,incomparable
3500,1967,incomparable
3500,2248,incomparable
3500,2304,incomparable
3500,2589,stronger
3500,3176,incomparable
3500,4248,incomparable
3500,4490,incomparable
3500,4569,incomparable
3500,4624,incomparable
3500,4663,incomparable
3501,23,incomparable
3501,328,incomparable
3501,604,stronger
3501,661,incomparable
3501,1785,stronger
3501,2803,stronger
3501,3180,incomparable
3501,3463,incomparable
3502,518,stronger
3502,1024,incomparable
3502,1316,incomparable
3502,1652,incomparable
3502,2833,stronger
3502,4142,incomparable
3502,4149,incomparable
3503,252,stronger
3503,376,incomparable
3503,1031,incomparable
3503,1368,incomparable
3503,1825,stronger
3503,2227,incomparable
3503,3359,incomparable
3503,3534,incomparable
3503,3570,stronger
3503,4034,stronger
3503,4267,stronger
3504,494,stronger
3504,750,stronger
3504,1097,stronger
3504,1501,stronger
3504,1677,incomparable
3504,1696,stronger
3504,1728,incomparable
3504,1803,stronger
3504,2074,incomparable
3504,4586,incomparable
3505,319,incomparable
3505,338,stronger
3505,664,incomparable
3505,1344,incomparable
3505,2157,stronger
3505,2297,stronger
3505,2917,incomparable
3505,3234,stronger
3505,3979,incomparable
3505,4246,stronger
3506,191,stronger
3506,346,stronger
3506,360,incomparable
3506,1234,incomparable
3506,1285,incomparable
3506,1555,stronger
3506,2074,incomparable
3506,2175,stronger
3506,2480,incomparable
3506,2960,incomparable
3506,3126,incomparable
3506,3846,stronger
3506,4061,stronger
3507,123,stronger
3507,1364,stronger
3507,1516,incomparable
3507,1566,stronger
3507,1902,incomparable
3507,2563,stronger
3507,2762,stronger
3507,2946,incomparable
3507,2995,stronger
3507,3088,incomparable
3507,3377,stronger
3507,3563,stronger
3507,4103,incomparable
3507,4158,incomparable
3507,4493,incomparable
3507,4651,incomparable
3508,63,incomparable
3508,934,incomparable
3508,1468,stronger
3508,2022,stronger
3508,2613,incomparable
3508,3005,stronger
3508,3158,stronger
3509,371,incomparable
3509,517,stronger
3509,895,stronger
3509,1176,stronger
3509,2143,stronger
3509,2293,incomparable
3509,2604,stronger
3509,2680,stronger
3509,2964,stronger
3509,3387,stronger
3509,3477,incomparable
3509,3880,incomparable
3509,3960,stronger
3509,4604,incomparable
3510,248,stronger
3510,709,incomparable
3510,1300,stronger
3510,1983,incomparable
3510,2219,stronger
3510,2245,stronger
3510,2554,incomparable
3510,2592,incomparable
3510,2628,incomparable
3510,2638,incomparable
3510,2929,stronger
3510,3831,stronger
3510,4053,stronger
3510,4226,incomparable
3510,4365,incomparable
3511,527,stronger
3511,770,stronger
3511,1486,incomparable
3511,1622,stronger
3511,1683,stronger
3511,2122,stronger
3511,2433,stronger
3511,2609,incomparable
3511,2743,incomparable
3511,2822,stronger
3511,2861,stronger
3511,3286,incomparable
3511,3957,stronger
3512,264,incomparable
3512,1310,stronger
3512,2522,incomparable
3512,2626,stronger
3512,3097,incomparable
3512,3813,stronger
3512,3830,stronger
3512,4201,stronger
3513,161,incomparable
3513,1088,incomparable
3513,1160,stronger
3513,1384,incomparable
3513,2946,incomparable
3513,3059,incomparable
3513,3145,incomparable
3513,3505,incomparable
3513,4107,incomparable
3513,4194,stronger
3514,156,incomparable
3514,429,incomparable
3514,809,stronger
3514,1003,stronger
3514,1077,stronger
3514,1298,stronger
3514,2647,incomparable
3514,3416,stronger
3514,3665,incomparable
3514,4509,incomparable
3514,4563,incomparable
3515,861,incomparable
3515,1288,incomparable
3515,2062,incomparable
3515,2253,incomparable
3515,2266,incomparable
3515,2924,stronger
3515,3403,stronger
3515,3465,incomparable
3515,3726,incomparable
3515,3837,incomparable
3515,3878,incomparable
3515,4264,stronger
3515,4623,incomparable
3516,36,stronger
3516,85,stronger
3516,170,incomparable
3516,173,stronger
3516,867,stronger
3516,1554,stronger
3516,1783,stronger
3516,1865,incomparable
3516,2032,stronger
3516,3267,weaker
3516,3325,equivalent
3516,3351,stronger
3516,3414,incomparable
3517,5,incomparable
3517,869,incomparable
3517,1219,stronger
3517,1247,incomparable
3517,2313,stronger
3517,2384,stronger
3517,2657,stronger
3517,2754,stronger
3517,3294,incomparable
3517,4149,stronger
3517,4543,incomparable
3517,4563,incomparable
3518,301,stronger
3518,952,incomparable
3518,1095,stronger
3518,1531,incomparable
3518,1906,stronger
3518,1928,stronger
3518,2876,incomparable
3518,3141,stronger
3518,4579,incomparable
3518,4596,incomparable
3519,87,stronger
3519,481,incomparable
3519,1521,incomparable
3519,1581,incomparable
3519,1665,stronger
3519,2897,stronger
3519,2915,stronger
3519,2987,stronger
3519,3006,stronger
3519,4571,incomparable
3520,1087,stronger
3520,2016,stronger
3520,2025,stronger
3520,3040,stronger
3520,3196,stronger
3521,66,incomparable
3521,587,stronger
3521,930,incomparable
3521,1173,stronger
3521,1192,incomparable
3521,1711,stronger
3521,2641,stronger
3521,2828,stronger
3521,3116,incomparable
3521,3216,stronger
3521,4002,stronger
3522,230,stronger
3522,704,incomparable
3522,1387,incomparable
3522,1512,stronger
3522,2166,stronger
3522,2319,stronger
3522,2621,stronger
3522,2966,stronger
3522,3112,incomparable
3522,3516,stronger
3522,4000,stronger
3522,4413,incomparable
3523,3,incomparable
3523,313,incomparable
3523,314,incomparable
3523,399,incomparable
3523,403,incomparable
3523,759,incomparable
3523,1566,stronger
3523,2120,stronger
3523,2562,incomparable
3523,2750,stronger
3523,3177,stronger
3523,3414,incomparable
3523,3794,incomparable
3523,4176,incomparable
3523,4232,stronger
3523,4622,incomparable
3523,4627,incomparable
3523,4693,incomparable
3524,64,stronger
3524,358,stronger
3524,1599,stronger
3524,2707,incomparable
3524,3502,incomparable
3524,3589,stronger
3524,4170,stronger
3524,4684,incomparable
3525,235,stronger
3525,295,stronger
3525,421,incomparable
3525,516,incomparable
3525,568,stronger
3525,959,stronger
3525,1066,stronger
3525,1343,stronger
3525,2240,incomparable
3525,2352,stronger
3525,2365,stronger
3525,2613,stronger
3525,3431,incomparable
3525,3791,incomparable
3525,4095,incomparable
3526,144,stronger
3526,1037,incomparable
3526,1095,stronger
3526,1362,stronger
3526,2746,incomparable
3526,3712,incomparable
3526,4560,incomparable
3526,4585,incomparable
3527,1121,stronger
3527,1139,stronger
3527,2145,stronger
3527,2587,stronger
3527,2894,incomparable
3527,3071,incomparable
3527,3394,stronger
3527,4119,stronger
3527,4193,stronger
3528,275,stronger
3528,397,stronger
3528,612,stronger
3528,615,incomparable
3528,838,incomparable
3528,949,incomparable
3528,1707,incomparable
3528,2026,stronger
3528,2190,incomparable
3528,2261,stronger
3528,2779,incomparable
3528,2958,incomparable
3528,3150,incomparable
3528,3906,incomparable
3528,4416,incomparable
3528,4464,incomparable
3529,530,stronger
3529,990,stronger
3529,1350,stronger
3529,1388,stronger
3529,2581,stronger
3529,2835,stronger
3529,2872,incomparable
3530,1050,incomparable
3530,1127,stronger
3530,1539,incomparable
3530,2430,incomparable
3530,2629,stronger
3530,3725,incomparable
3530,3893,incomparable
3530,4344,incomparable
3530,4677,incomparable
3531,528,incomparable
3531,1176,stronger
3531,2955,stronger
3531,3131,incomparable
3531,3488,incomparable
3531,3864,incomparable
3532,20,stronger
3532,1054,stronger
3532,1099,stronger
3532,1756,stronger
3532,2013,stronger
3532,2112,stronger
3532,3786,incomparable
3533,54,stronger
3533,173,stronger
3533,287,stronger
3533,457,stronger
3533,609,stronger
3533,1683,stronger
3533,2324,stronger
3533,3401,incomparable
3533,3485,incomparable
3533,3610,stronger
3533,3805,stronger
3533,4453,incomparable
3534,10,incomparable
3534,210,stronger
3534,1891,stronger
3534,2272,stronger
3534,3037,stronger
3534,3578,incomparable
3534,3916,stronger
3534,4311,incomparable
3534,4349,incomparable
3534,4412,incomparable
3534,4577,incomparable
3534,4642,incomparable
3534,4644,incomparable
3535,1194,stronger
3535,1349,incomparable
3535,2240,incomparable
3535,2501,stronger
3535,2624,stronger
3535,3136,stronger
3535,3734,stronger
3535,3834,stronger
3535,4429,incomparable
3535,4608,incomparable
3536,163,stronger
3536,444,incomparable
3536,525,stronger
3536,1526,incomparable
3536,2926,stronger
3536,3988,stronger
3536,4210,incomparable
3536,4527,incomparable
3537,73,incomparable
3537,1096,incomparable
3537,1896,stronger
3537,3002,stronger
3537,3068,incomparable
3537,4374,incomparable
3537,4482,incomparable
3538,661,incomparable
3538,664,stronger
3538,1170,stronger
3538,1537,incomparable
3538,1907,stronger
3538,1971,stronger
3538,2999,stronger
3538,3216,stronger
3538,3282,incomparable
3538,3352,incomparable
3538,3568,stronger
3538,3569,stronger
3538,3773,incomparable
3538,4382,incomparable
3538,4392,incomparable
3538,4512,incomparable
3539,349,stronger
3539,519,stronger
3539,1061,incomparable
3539,1235,incomparable
3539,1270,incomparable
3539,1831,stronger
3539,2929,stronger
3539,2941,stronger
3539,3467,weaker
3539,3938,stronger
3540,74,stronger
3540,999,incomparable
3540,1709,incomparable
3540,2207,incomparable
3540,2554,incomparable
3540,2579,incomparable
3540,2804,incomparable
3540,3138,stronger
3540,3570,incomparable
3540,3829,stronger
3540,4187,incomparable
3540,4393,incomparable
3541,724,stronger
3541,957,stronger
3541,1704,stronger
3541,1919,stronger
3541,2249,incomparable
3541,2315,stronger
3541,2654,stronger
3541,2763,stronger
3541,2907,stronger
3541,3084,stronger
3541,3198,stronger
3541,3467,weaker
3541,3497,incomparable
3541,3712,incomparable
3541,4020,stronger
3541,4096,incomparable
3541,4680,incomparable
3541,4685,incomparable
3542,374,stronger
3542,872,incomparable
3542,1659,incomparable
3542,2493,incomparable
3542,2629,stronger
3542,3280,incomparable
3542,3728,incomparable
3542,4010,incomparable
3543,317,incomparable
3543,337,stronger
3543,490,stronger
3543,577,stronger
3543,1654,incomparable
3543,2262,stronger
3543,2342,stronger
3543,2581,stronger
3543,2609,incomparable
3543,2657,stronger
3543,2674,stronger
3543,3159,incomparable
3543,3732,incomparable
3543,3908,incomparable
3543,4041,stronger
3543,4127,incomparable
3544,374,stronger
3544,1500,stronger
3544,2198,stronger
3544,2297,stronger
3544,3704,incomparable
3544,4236,stronger
3544,4519,incomparable
3544,4527,incomparable
3545,347,incomparable
3545,593,incomparable
3545,809,stronger
3545,834,incomparable
3545,1262,incomparable
3545,1289,incomparable
3545,1924,incomparable
3545,2005,stronger
3545,2163,incomparable
3545,2175,stronger
3545,3036,stronger
3545,4038,stronger
3545,4449,incomparable
3546,265,incomparable
3546,443,incomparable
3546,470,stronger
3546,1033,incomparable
3546,1359,stronger
3546,1466,incomparable
3546,1946,stronger
3546,2029,incomparable
3546,2403,stronger
3546,2436,stronger
3546,2956,incomparable
3546,3068,incomparable
3546,3650,stronger
3546,3665,incomparable
3546,3974,stronger
3546,4037,stronger
3547,54,incomparable
3547,2316,incomparable
3547,2451,incomparable
3547,2962,stronger
3547,3002,incomparable
3547,3026,stronger
3547,3918,weaker
3547,3963,equivalent
3547,4036,equivalent
3547,4256,equivalent
3547,4284,weaker
3547,4428,weaker
3548,113,incomparable
3548,200,stronger
3548,436,incomparable
3548,3998,stronger
3548,4411,incomparable
3548,4422,incomparable
3548,4602,incomparable
3549,87,stronger
3549,465,stronger
3549,479,incomparable
3549,589,stronger
3549,839,incomparable
3549,979,stronger
3549,1086,incomparable
3549,1424,stronger
3549,1504,stronger
3549,1673,incomparable
3549,2005,stronger
3549,2094,stronger
3549,2260,incomparable
3549,2274,incomparable
3549,2505,stronger
3549,2542,stronger
3549,2544,stronger
3549,2629,stronger
3549,2759,stronger
3549,3330,incomparable
3549,3500,incomparable
3549,3823,incomparable
3549,4270,incomparable
3550,1802,stronger
3550,2214,stronger
3550,2271,incomparable
3550,2718,stronger
3550,2918,stronger
3550,3097,incomparable
3550,3231,stronger
3550,4015,equivalent
3551,356,equivalent
3551,626,incomparable
3551,691,stronger
3551,1148,stronger
3551,1167,incomparable
3551,1205,stronger
3551,1280,stronger
3551,1659,incomparable
3551,1823,stronger
3551,2002,stronger
3551,3403,equivalent
3551,3673,weaker
3551,3702,weaker
3551,3840,equivalent
3552,1618,incomparable
3552,2023,stronger
3552,2629,stronger
3552,2760,stronger
3552,3063,incomparable
3552,4108,weaker
3552,4155,weaker
3553,129,stronger
3553,305,stronger
3553,540,stronger
3553,1194,stronger
3553,1586,incomparable
3553,1618,incomparable
3553,1845,incomparable
3553,1978,stronger
3553,3546,incomparable
3553,4636,incomparable
3554,2,stronger
3554,170,incomparable
3554,463,incomparable
3554,598,incomparable
3554,886,stronger
3554,1265,incomparable
3554,2204,stronger
3554,2220,stronger
3554,3047,stronger
3554,3232,incomparable
3554,3250,stronger
3554,3251,stronger
3554,3586,equivalent
3555,543,incomparable
3555,609,stronger
3555,1204,stronger
3555,1462,incomparable
3555,1663,incomparable
3555,2142,stronger
3555,3264,incomparable
3555,3382,stronger
3555,3890,incomparable
3556,202,stronger
3556,1183,stronger
3556,1808,stronger
3556,1893,stronger
3556,1911,stronger
3556,2313,stronger
3556,3591,stronger
3557,224,incomparable
3557,229,incomparable
3557,747,stronger
3557,1582,stronger
3557,1964,incomparable
3557,2232,incomparable
3557,2251,incomparable
3557,2678,incomparable
3557,2911,stronger
3557,3116,incomparable
3557,3165,stronger
3557,3325,weaker
3557,3651,equivalent
3558,618,incomparable
3558,696,stronger
3558,1054,incomparable
3558,1358,incomparable
3558,1841,incomparable
3558,2384,stronger
3558,2720,incomparable
3558,3514,incomparable
3558,3530,incomparable
3558,3696,incomparable
3558,3742,incomparable
3558,4217,incomparable
3558,4354,incomparable
3559,100,incomparable
3559,169,incomparable
3559,485,stronger
3559,752,incomparable
3559,2319,incomparable
3559,2509,stronger
3559,2695,incomparable
3559,3085,incomparable
3559,3226,stronger
3559,3292,weaker
3559,3923,incomparable
3560,276,incomparable
3560,774,incomparable
3560,1647,incomparable
3560,3062,incomparable
3560,3497,weaker
3560,4435,weaker
3561,374,weaker
3561,492,incomparable
3561,745,stronger
3561,936,stronger
3561,1324,stronger
3561,1480,incomparable
3561,3185,incomparable
3561,3406,equivalent
3561,3994,weaker
3561,4590,weaker
3562,40,incomparable
3562,530,stronger
3562,816,stronger
3562,1530,stronger
3562,2138,stronger
3562,2471,incomparable
3562,3678,incomparable
3562,3684,weaker
3562,4405,incomparable
3562,4478,incomparable
3563,456,incomparable
3563,1321,stronger
3563,2468,incomparable
3563,2679,incomparable
3563,2686,incomparable
3563,3199,stronger
3563,3359,weaker
3563,3900,weaker
3563,3937,weaker
3563,4140,weaker
3564,392,equivalent
3564,691,stronger
3564,1318,incomparable
3564,1931,incomparable
3564,2710,incomparable
3565,414,incomparable
3565,499,stronger
3565,1130,stronger
3565,1871,incomparable
3565,2242,incomparable
3565,2535,stronger
3565,2713,stronger
3565,3137,stronger
3565,3197,incomparable
3565,4532,weaker
3565,4591,weaker
3566,146,incomparable
3566,374,incomparable
3566,716,incomparable
3566,1489,incomparable
3566,1678,incomparable
3566,1835,incomparable
3566,2514,stronger
3566,2809,stronger
3566,3757,stronger
3566,3758,incomparable
3566,3802,stronger
3566,4077,incomparable
3566,4549,incomparable
3567,643,incomparable
3567,1221,stronger
3567,1407,stronger
3567,1635,incomparable
3567,1754,stronger
3567,1914,stronger
3567,1922,incomparable
3567,2409,stronger
3567,3289,incomparable
3567,4007,incomparable
3567,4440,incomparable
3567,4444,incomparable
3568,142,incomparable
3568,1243,incomparable
3568,1389,stronger
3568,1639,incomparable
3568,3377,equivalent
3568,3859,equivalent
3568,4395,weaker
3568,4548,weaker
3569,63,incomparable
3569,84,stronger
3569,204,incomparable
3569,2303,incomparable
3569,2407,stronger
3569,2537,stronger
3569,2823,stronger
3569,2872,incomparable
3569,2897,incomparable
3569,3230,stronger
3569,3885,weaker
3569,4269,weaker
3570,892,stronger
3570,950,stronger
3570,1303,incomparable
3570,1414,stronger
3570,3375,weaker
3570,3510,incomparable
3570,3908,incomparable
3571,71,stronger
3571,641,incomparable
3571,1036,incomparable
3571,1552,incomparable
3571,1932,incomparable
3571,2339,stronger
3571,2978,stronger
3571,3136,stronger
3571,3476,weaker
3571,4479,weaker
3572,285,stronger
3572,435,incomparable
3572,716,incomparable
3572,935,stronger
3572,999,incomparable
3572,1222,stronger
3572,1276,incomparable
3572,1324,stronger
3572,1448,incomparable
3572,1847,incomparable
3572,1856,incomparable
3572,2057,incomparable
3572,2885,incomparable
3572,3477,weaker
3572,4266,equivalent
3572,4277,weaker
3572,4344,weaker
3572,4351,weaker
3573,12,incomparable
3573,99,incomparable
3573,376,incomparable
3573,926,incomparable
3573,934,incomparable
3573,1078,incomparable
3573,2673,incomparable
3573,3545,weaker
3573,3588,incomparable
3573,3922,incomparable
3573,4057,stronger
3573,4518,incomparable
3573,4607,incomparable
3573,4634,incomparable
3574,65,incomparable
3574,439,incomparable
3574,803,stronger
3574,1033,incomparable
3574,1278,incomparable
3574,1367,stronger
3574,1784,incomparable
3574,2844,stronger
3574,3866,incomparable
3574,4520,weaker
3575,688,stronger
3575,892,stronger
3575,2211,stronger
3575,2438,stronger
3575,2683,incomparable
3575,3475,weaker
3575,3548,weaker
3575,3983,equivalent
3575,4252,equivalent
3575,4487,weaker
3575,4608,weaker
3576,299,stronger
3576,661,incomparable
3576,1791,stronger
3576,2596,incomparable
3576,2874,incomparable
3576,3251,stronger
3576,3256,weaker
3576,3379,equivalent
3576,3417,weaker
3576,3728,weaker
3576,3746,weaker
3576,4506,weaker
3577,275,stronger
3577,2110,stronger
3577,2349,incomparable
3577,2399,incomparable
3577,2972,stronger
3577,4059,equivalent
3577,4682,weaker
3578,493,stronger
3578,1287,stronger
3578,1488,incomparable
3578,1636,incomparable
3578,1945,incomparable
3578,2317,stronger
3578,2408,stronger
3578,2622,stronger
3578,2748,stronger
3578,2797,stronger
3578,2936,incomparable
3578,3212,stronger
3578,3467,weaker
3578,3599,stronger
3578,3699,incomparable
3579,495,incomparable
3579,672,incomparable
3579,1207,incomparable
3579,1499,stronger
3579,1515,incomparable
3579,1676,incomparable
3579,1751,stronger
3579,2127,incomparable
3579,2168,stronger
3579,3011,incomparable
3579,3372,equivalent
3579,3505,weaker
3579,3788,equivalent
3579,3922,weaker
3579,3987,equivalent
3579,4156,equivalent
3580,325,weaker
3580,872,incomparable
3580,1022,incomparable
3580,1990,stronger
3580,2594,stronger
3580,3436,weaker
3580,3994,weaker
3580,4137,weaker
3580,4228,equivalent
3581,19,incomparable
3581,768,stronger
3581,1227,incomparable
3581,1547,incomparable
3581,1562,stronger
3581,3335,weaker
3582,8,incomparable
3582,29,incomparable
3582,545,incomparable
3582,713,incomparable
3582,992,stronger
3582,1687,incomparable
3582,2423,stronger
3582,3200,stronger
3582,3212,stronger
3582,3929,weaker
3582,4137,weaker
3582,4414,weaker
3582,4483,weaker
3583,60,incomparable
3583,494,stronger
3583,996,stronger
3583,2683,incomparable
3583,2709,incomparable
3583,3137,stronger
3583,4653,incomparable
3584,507,stronger
3584,607,stronger
3584,983,stronger
3584,1539,incomparable
3584,1946,stronger
3584,2551,stronger
3584,2622,stronger
3584,3082,incomparable
3584,4270,weaker
3584,4494,weaker
3585,348,equivalent
3585,761,incomparable
3585,1414,stronger
3585,1887,incomparable
3585,2342,stronger
3585,2578,stronger
3585,2773,stronger
3585,4229,weaker
3585,4303,weaker
3585,4326,weaker
3585,4328,weaker
3586,420,incomparable
3586,1675,incomparable
3586,2414,stronger
3586,2683,incomparable
3586,2969,stronger
3586,3582,equivalent
3587,445,incomparable
3587,605,stronger
3587,1744,stronger
3587,1887,incomparable
3587,2192,stronger
3587,2542,stronger
3587,3314,incomparable
3587,3753,stronger
3587,3839,stronger
3587,4248,incomparable
3588,61,incomparable
3588,241,stronger
3588,256,incomparable
3588,504,incomparable
3588,531,stronger
3588,891,stronger
3588,1012,stronger
3588,1446,incomparable
3588,1477,incomparable
3588,2202,stronger
3588,2244,incomparable
3588,2391,stronger
3588,2667,incomparable
3589,379,weaker
3589,971,stronger
3589,1015,stronger
3589,2026,stronger
3589,2184,stronger
3589,2207,incomparable
3589,2492,incomparable
3589,3299,weaker
3589,3304,weaker
3589,3627,equivalent
3589,3879,weaker
3589,4320,weaker
3589,4690,weaker
3590,266,incomparable
3590,305,stronger
3590,418,incomparable
3590,964,incomparable
3590,1132,stronger
3590,1695,incomparable
3590,2429,stronger
3590,2710,incomparable
3590,3172,stronger
3590,3502,weaker
3590,3941,weaker
3590,3948,weaker
3590,4050,weaker
3590,4354,weaker
3590,4383,weaker
3590,4433,weaker
3591,114,incomparable
3591,558,incomparable
3591,1195,stronger
3591,1879,incomparable
3591,2545,stronger
3591,2635,stronger
3591,3011,incomparable
3591,3088,incomparable
3591,3757,stronger
3591,3873,incomparable
3591,3878,incomparable
3591,4071,incomparable
3591,4248,incomparable
3591,4257,stronger
3592,153,incomparable
3592,855,incomparable
3592,968,incomparable
3592,983,stronger
3592,1003,stronger
3592,1367,stronger
3592,1647,incomparable
3592,1913,incomparable
3592,2120,stronger
3592,2781,stronger
3592,3501,weaker
3592,4110,weaker
3592,4117,weaker
3592,4147,weaker
3593,281,incomparable
3593,811,incomparable
3593,941,stronger
3593,1357,incomparable
3593,2709,incomparable
3593,2797,stronger
3593,3171,incomparable
3593,4069,weaker
3593,4071,weaker
3594,218,incomparable
3594,715,stronger
3594,1481,incomparable
3594,1943,incomparable
3594,2555,stronger
3594,3683,weaker
3594,4571,weaker
3595,178,stronger
3595,428,incomparable
3595,589,stronger
3595,710,stronger
3595,837,incomparable
3595,2173,incomparable
3595,2206,stronger
3595,2623,incomparable
3595,2942,stronger
3595,3073,incomparable
3595,4433,incomparable
3595,4513,incomparable
3596,1051,incomparable
3596,1150,incomparable
3596,1895,incomparable
3596,2914,stronger
3596,3929,weaker
3596,4336,weaker
3597,346,equivalent
3597,1567,stronger
3597,2054,incomparable
3597,2715,stronger
3597,2871,incomparable
3597,3171,incomparable
3597,3374,equivalent
3597,3892,weaker
3597,3932,weaker
3597,4032,equivalent
3598,153,incomparable
3598,461,incomparable
3598,754,stronger
3598,1552,incomparable
3598,1620,stronger
3598,1776,incomparable
3598,2114,stronger
3598,2602,incomparable
3598,3195,incomparable
3598,3475,weaker
3598,3714,weaker
3598,4157,weaker
3598,4227,equivalent
3598,4587,weaker
3598,4608,weaker
3599,124,incomparable
3599,158,incomparable
3599,213,incomparable
3599,964,incomparable
3599,989,incomparable
3599,998,stronger
3599,1079,stronger
3599,1611,stronger
3599,1613,incomparable
3599,1716,stronger
3599,1928,stronger
3599,2952,incomparable
3599,2962,stronger
3599,3073,incomparable
3599,3785,equivalent
3599,3810,weaker
3599,3813,equivalent
3599,3867,weaker
3599,4175,weaker
3599,4229,weaker
3599,4327,weaker
3599,4393,weaker
3600,243,stronger
3600,328,incomparable
3600,467,incomparable
3600,813,stronger
3600,1238,incomparable
3600,1694,incomparable
3600,3165,stronger
3600,3582,stronger
3601,260,incomparable
3601,1274,incomparable
3601,2983,stronger
3601,3472,weaker
3601,3474,incomparable
3601,4107,incomparable
3601,4496,incomparable
3601,4536,incomparable
3602,463,incomparable
3602,594,stronger
3602,863,incomparable
3602,982,stronger
3602,1636,incomparable
3602,2138,stronger
3602,2225,stronger
3602,2586,incomparable
3602,2910,incomparable
3602,2928,incomparable
3602,3073,incomparable
3602,3330,weaker
3602,3931,weaker
3602,3959,weaker
3602,4206,equivalent
3603,71,stronger
3603,151,incomparable
3603,268,incomparable
3603,941,stronger
3603,1458,incomparable
3603,1958,incomparable
3603,2113,incomparable
3603,2568,stronger
3603,3155,incomparable
3603,3622,equivalent
3603,3771,equivalent
3603,3809,equivalent
3603,4174,equivalent
3603,4320,weaker
3604,1246,incomparable
3604,2647,incomparable
3604,3143,incomparable
3604,3289,incomparable
3604,4646,incomparable
3605,298,incomparable
3605,325,weaker
3605,810,stronger
3605,888,stronger
3605,1225,incomparable
3605,1357,incomparable
3605,1394,stronger
3605,1517,stronger
3605,2530,incomparable
3605,2557,stronger
3605,2832,stronger
3605,2883,incomparable
3605,3125,stronger
3605,4111,weaker
3606,195,stronger
3606,1628,stronger
3606,2813,stronger
3606,3117,stronger
3606,3699,weaker
3606,3800,equivalent
3606,4150,weaker
3606,4438,weaker
3607,197,stronger
3607,1018,stronger
3607,1972,stronger
3607,1974,stronger
3607,2019,incomparable
3607,2030,stronger
3607,3057,incomparable
3607,3269,incomparable
3607,3292,incomparable
3607,3478,incomparable
3607,3955,incomparable
3608,59,incomparable
3608,423,incomparable
3608,545,incomparable
3608,636,incomparable
3608,1435,incomparable
3608,1439,incomparable
3608,1538,stronger
3608,1635,incomparable
3608,1684,incomparable
3608,3218,stronger
3608,3422,weaker
3608,4460,weaker
3608,4649,weaker
3609,1113,incomparable
3609,1593,stronger
3609,2150,stronger
3609,2379,stronger
3609,3005,stronger
3609,3578,weaker
3609,4533,weaker
3610,62,incomparable
3610,532,incomparable
3610,828,incomparable
3610,1297,stronger
3610,1992,incomparable
3610,3710,weaker
3610,3961,weaker
3610,4079,weaker
3611,411,incomparable
3611,464,incomparable
3611,519,stronger
3611,1644,incomparable
3611,2545,stronger
3611,3889,weaker
3611,4358,weaker
3612,205,incomparable
3612,1047,incomparable
3612,1101,incomparable
3612,1209,stronger
3612,1291,incomparable
3612,2214,stronger
3612,2887,incomparable
3612,3510,incomparable
3612,4168,weaker
3613,77,stronger
3613,1215,stronger
3613,1392,stronger
3613,2182,incomparable
3613,2249,incomparable
3613,3910,weaker
3613,3986,equivalent
3613,4614,weaker
3614,264,incomparable
3614,480,stronger
3614,1197,incomparable
3614,1758,stronger
3614,1872,incomparable
3614,1910,incomparable
3614,2280,incomparable
3614,3044,incomparable
3614,3282,weaker
3614,3574,weaker
3614,4058,equivalent
3614,4323,weaker
3614,4503,weaker
3614,4611,weaker
3615,193,stronger
3615,640,incomparable
3615,824,incomparable
3615,875,incomparable
3615,1401,stronger
3615,1915,stronger
3615,2463,incomparable
3615,2895,incomparable
3615,2958,incomparable
3615,3203,stronger
3615,3233,stronger
3615,3257,weaker
3615,3886,weaker
3616,343,weaker
3616,771,stronger
3616,2347,incomparable
3616,2549,stronger
3616,2661,incomparable
3616,2942,incomparable
3616,3173,stronger
3616,3207,stronger
3616,3659,weaker
3616,3972,weaker
3616,4414,weaker
3616,4487,weaker
3616,4643,weaker
3617,93,stronger
3617,340,stronger
3617,1170,stronger
3617,1570,stronger
3617,1835,incomparable
3617,2200,stronger
3617,3107,stronger
3617,3275,incomparable
3617,3286,incomparable
3617,3621,stronger
3617,3723,incomparable
3617,3870,incomparable
3617,4417,incomparable
3618,167,incomparable
3618,1040,incomparable
3618,1271,incomparable
3618,1416,stronger
3618,2025,stronger
3618,2512,stronger
3618,3234,stronger
3618,3324,weaker
3618,4347,weaker
3619,628,incomparable
3619,710,stronger
3619,1612,stronger
3619,1737,stronger
3619,2671,incomparable
3619,3437,equivalent
3619,3640,equivalent
3619,3726,weaker
3619,4033,equivalent
3620,405,stronger
3620,840,incomparable
3620,1043,incomparable
3620,2182,incomparable
3620,2351,incomparable
3620,2798,stronger
3621,418,incomparable
3621,1008,stronger
3621,1964,incomparable
3621,2446,incomparable
3621,3727,incomparable
3621,4462,incomparable
3622,265,incomparable
3622,306,stronger
3622,587,stronger
3622,609,stronger
3622,1027,incomparable
3622,1310,stronger
3622,1484,incomparable
3622,2005,stronger
3622,2058,incomparable
3622,2126,incomparable
3622,3529,weaker
3622,4269,weaker
3622,4348,weaker
3622,4506,weaker
3622,4556,weaker
3623,15,stronger
3623,16,incomparable
3623,475,stronger
3623,952,incomparable
3623,1007,stronger
3623,1141,incomparable
3623,1804,stronger
3623,3560,equivalent
3624,400,equivalent
3624,635,incomparable
3624,2713,stronger
3624,2722,incomparable
3624,3364,weaker
3624,3653,equivalent
3624,4419,weaker
3625,49,incomparable
3625,378,weaker
3625,895,incomparable
3625,2551,stronger
3625,3061,incomparable
3625,3280,incomparable
3625,3317,incomparable
3625,3524,incomparable
3625,4661,incomparable
3626,158,incomparable
3626,259,incomparable
3626,315,weaker
3626,458,incomparable
3626,818,incomparable
3626,1169,stronger
3626,2246,incomparable
3626,2331,incomparable
3626,3092,incomparable
3626,4024,equivalent
3626,4058,equivalent
3626,4645,weaker
3627,281,incomparable
3627,744,incomparable
3627,911,stronger
3627,1076,incomparable
3627,1484,incomparable
3627,1573,incomparable
3627,1912,incomparable
3627,2218,stronger
3627,2223,stronger
3627,2617,stronger
3627,2649,incomparable
3627,2684,incomparable
3627,2958,incomparable
3627,3774,equivalent
3627,4510,weaker
3628,364,weaker
3628,684,incomparable
3628,802,stronger
3628,935,stronger
3628,1205,stronger
3628,2188,stronger
3628,2655,incomparable
3628,2751,stronger
3628,3295,weaker
3628,3314,weaker
3628,3697,weaker
3628,3716,weaker
3628,4085,weaker
3629,214,incomparable
3629,410,stronger
3629,1034,incomparable
3629,1083,incomparable
3629,1875,incomparable
3629,1972,stronger
3629,2021,stronger
3629,2034,stronger
3629,2401,stronger
3629,2541,incomparable
3629,3156,stronger
3629,3604,equivalent
3629,3819,stronger
3629,3918,weaker
3629,4508,weaker
3630,337,equivalent
3630,445,incomparable
3630,677,incomparable
3630,714,incomparable
3630,1243,incomparable
3630,2078,incomparable
3630,2324,stronger
3630,4066,weaker
3631,511,incomparable
3631,677,incomparable
3631,1770,stronger
3631,2002,stronger
3631,2826,incomparable
3631,3593,equivalent
3631,3854,equivalent
3631,3977,equivalent
3632,49,incomparable
3632,226,stronger
3632,679,incomparable
3632,947,incomparable
3632,1181,incomparable
3632,3267,weaker
3632,3687,weaker
3632,4598,weaker
3633,74,stronger
3633,460,incomparable
3633,776,stronger
3633,1873,incomparable
3633,2353,stronger
3633,2530,incomparable
3633,3160,stronger
3633,3250,stronger
3633,4342,weaker
3633,4502,weaker
3633,4691,weaker
3634,433,incomparable
3634,946,stronger
3634,1392,stronger
3634,2534,incomparable
3634,2760,stronger
3634,3520,incomparable
3634,3683,incomparable
3634,3877,weaker
3634,4317,incomparable
3634,4372,incomparable
3634,4533,incomparable
3635,233,stronger
3635,612,stronger
3635,779,stronger
3635,1614,stronger
3635,3771,equivalent
3635,4047,equivalent
3636,260,incomparable
3636,421,incomparable
3636,1092,incomparable
3636,2117,stronger
3636,2241,incomparable
3636,2811,stronger
3636,3509,weaker
3636,3558,weaker
3636,3808,equivalent
3637,372,weaker
3637,384,weaker
3637,655,incomparable
3637,751,stronger
3637,1164,stronger
3637,1620,stronger
3637,1676,incomparable
3637,1695,incomparable
3637,2359,incomparable
3637,2425,incomparable
3637,2734,incomparable
3637,2939,incomparable
3637,2950,stronger
3637,3023,stronger
3637,3286,weaker
3637,3627,equivalent
3637,3957,equivalent
3638,125,incomparable
3638,1253,incomparable
3638,1593,stronger
3638,2834,stronger
3638,2964,incomparable
3638,3219,stronger
3638,3477,weaker
3638,3706,weaker
3638,4350,weaker
3639,412,incomparable
3639,1121,stronger
3639,1434,incomparable
3639,1468,incomparable
3639,1584,stronger
3639,2806,stronger
3639,3483,incomparable
3639,3909,weaker
3639,4412,weaker
3639,4599,weaker
3640,284,stronger
3640,663,incomparable
3640,1124,stronger
3640,1436,incomparable
3640,1851,incomparable
3640,2436,stronger
3640,2621,stronger
3640,2690,incomparable
3640,2728,incomparable
3640,3059,incomparable
3640,3776,weaker
3640,4319,weaker
3641,886,stronger
3641,1234,incomparable
3641,1377,stronger
3641,2387,stronger
3641,3008,incomparable
3641,3599,equivalent
3641,3653,equivalent
3642,257,incomparable
3642,901,incomparable
3642,1370,incomparable
3642,1965,stronger
3642,2275,incomparable
3642,2826,incomparable
3642,3097,incomparable
3642,3125,stronger
3643,661,incomparable
3643,731,incomparable
3643,1193,stronger
3643,1318,incomparable
3643,2022,stronger
3643,2044,incomparable
3643,2821,incomparable
3643,3523,weaker
3643,4072,weaker
3644,1010,stronger
3644,1931,incomparable
3644,2376,incomparable
3644,2926,stronger
3644,4080,weaker
3645,1094,stronger
3645,1313,incomparable
3645,1423,stronger
3645,2161,incomparable
3645,3178,stronger
3645,3251,stronger
3645,3392,weaker
3646,707,incomparable
3646,1014,incomparable
3646,1097,stronger
3646,1324,stronger
3646,1522,stronger
3646,1562,stronger
3646,2700,incomparable
3646,3090,incomparable
3646,3195,incomparable
3646,3287,weaker
3646,3829,equivalent
3646,4609,weaker
3647,382,weaker
3647,1001,stronger
3647,1845,incomparable
3647,1945,incomparable
3648,204,incomparable
3648,320,weaker
3648,734,stronger
3648,961,stronger
3648,2029,incomparable
3648,2463,incomparable
3648,2756,stronger
3648,2974,stronger
3648,3162,stronger
3648,4245,equivalent
3649,69,stronger
3649,281,incomparable
3649,1644,incomparable
3649,2873,incomparable
3649,3062,incomparable
3649,3176,incomparable
3649,3272,incomparable
3649,3434,stronger
3649,3704,incomparable
3649,3965,weaker
3649,4162,incomparable
3650,571,incomparable
3650,1023,incomparable
3650,1596,stronger
3650,1887,incomparable
3650,2236,stronger
3650,2254,incomparable
3650,2427,stronger
3650,2646,incomparable
3650,2738,stronger
3650,2934,stronger
3650,4164,weaker
3651,1026,incomparable
3651,1524,stronger
3651,1708,stronger
3651,2352,stronger
3651,2586,incomparable
3651,2872,incomparable
3651,4045,weaker
3651,4593,weaker
3651,4610,weaker
3652,462,incomparable
3652,1126,stronger
3652,1127,stronger
3652,1202,incomparable
3652,1287,stronger
3652,1681,incomparable
3652,1975,incomparable
3652,2011,stronger
3652,2511,incomparable
3652,2645,incomparable
3652,4482,weaker
3653,372,weaker
3653,414,incomparable
3653,627,incomparable
3653,735,incomparable
3653,1220,stronger
3653,1417,stronger
3653,1857,incomparable
3653,2501,stronger
3653,3902,weaker
3654,10,incomparable
3654,223,stronger
3654,278,stronger
3654,325,incomparable
3654,595,stronger
3654,1814,stronger
3654,2468,incomparable
3654,2903,incomparable
3654,3106,incomparable
3654,3218,stronger
3654,3228,stronger
3654,3617,weaker
3654,4420,weaker
3654,4636,incomparable
3655,205,incomparable
3655,275,stronger
3655,278,stronger
3655,348,equivalent
3655,1465,incomparable
3655,1597,stronger
3655,2487,incomparable
3655,2791,incomparable
3655,2938,stronger
3655,3549,weaker
3655,3712,weaker
3655,4146,weaker
3655,4663,weaker
3656,123,stronger
3656,1001,stronger
3656,1718,incomparable
3656,1781,stronger
3656,1885,incomparable
3656,2526,stronger
3656,2529,stronger
3656,3654,weaker
3656,3941,weaker
3656,4088,weaker
3656,4423,weaker
3656,4508,weaker
3657,155,incomparable
3657,173,stronger
3657,363,weaker
3657,1619,stronger
3657,1962,incomparable
3657,2289,incomparable
3657,2332,stronger
3657,3252,stronger
3657,3702,weaker
3657,3832,weaker
3657,4673,weaker
3658,391,weaker
3658,2242,incomparable
3658,2422,stronger
3658,2720,incomparable
3658,2893,incomparable
3658,3127,stronger
3658,3261,weaker
3658,3866,weaker
3658,4022,equivalent
3658,4025,equivalent
3658,4126,weaker
3658,4505,weaker
3658,4544,weaker
3659,38,incomparable
3659,338,stronger
3659,362,stronger
3659,652,stronger
3659,2088,incomparable
3659,2678,incomparable
3659,4015,stronger
3659,4449,incomparable
3660,633,incomparable
3660,1193,stronger
3660,2890,incomparable
3660,3493,incomparable
3660,4009,stronger
3660,4044,stronger
3660,4312,incomparable
3660,4315,incomparable
3660,4473,incomparable
3660,4484,incomparable
3661,778,incomparable
3661,2879,incomparable
3661,3246,stronger
3661,3719,stronger
3662,1,weaker
3662,133,stronger
3662,1993,stronger
3662,2036,incomparable
3662,2075,incomparable
3662,2745,stronger
3662,3916,stronger
3662,3930,incomparable
3662,4658,incomparable
3663,183,stronger
3663,197,stronger
3663,245,stronger
3663,328,incomparable
3663,850,incomparable
3663,2062,incomparable
3663,2375,stronger
3663,2952,incomparable
3663,3129,stronger
3663,3437,stronger
3663,4526,incomparable
3664,540,stronger
3664,1829,stronger
3664,2268,incomparable
3664,2330,incomparable
3664,2483,incomparable
3664,2528,stronger
3664,2646,incomparable
3664,3393,stronger
3664,3516,incomparable
3664,3623,stronger
3664,4293,incomparable
3664,4494,incomparable
3664,4589,incomparable
3665,657,incomparable
3665,2151,stronger
3665,2182,incomparable
3665,2269,incomparable
3665,2623,incomparable
3665,2762,stronger
3665,2848,incomparable
3665,2900,incomparable
3665,2972,stronger
3665,3084,incomparable
3665,3304,stronger
3665,4359,incomparable
3666,554,incomparable
3666,2680,incomparable
3666,2901,stronger
3666,3058,incomparable
3666,3189,stronger
3666,3758,incomparable
3666,4683,incomparable
3667,892,stronger
3667,1558,incomparable
3667,3718,incomparable
3667,4544,incomparable
3667,4554,incomparable
3668,226,stronger
3668,2041,incomparable
3668,3412,stronger
3669,51,incomparable
3669,427,incomparable
3669,709,incomparable
3669,1787,stronger
3669,2056,incomparable
3669,2608,stronger
3669,3456,incomparable
3669,3530,incomparable
3669,3780,stronger
3669,3817,stronger
3669,3822,stronger
3669,4083,incomparable
3669,4148,incomparable
3670,116,stronger
3670,280,incomparable
3670,575,incomparable
3670,758,stronger
3670,1017,stronger
3670,1272,stronger
3670,2511,incomparable
3670,2596,stronger
3670,2974,stronger
3670,3074,incomparable
3670,3352,incomparable
3670,4028,stronger
3670,4043,stronger
3670,4076,incomparable
3670,4251,stronger
3670,4285,incomparable
3671,353,stronger
3671,631,stronger
3671,751,stronger
3671,1351,stronger
3671,1868,incomparable
3671,2015,stronger
3671,2523,stronger
3671,2728,incomparable
3671,2808,incomparable
3671,2878,incomparable
3671,3233,stronger
3671,3649,incomparable
3671,3822,stronger
3672,128,stronger
3672,641,stronger
3672,722,stronger
3672,1864,incomparable
3672,2563,stronger
3672,4094,incomparable
3672,4103,incomparable
3673,24,incomparable
3673,117,incomparable
3673,381,incomparable
3673,392,stronger
3673,1937,incomparable
3673,3722,incomparable
3674,306,stronger
3674,708,stronger
3674,778,incomparable
3674,1437,incomparable
3674,2383,incomparable
3674,2514,stronger
3674,3019,stronger
3674,3295,stronger
3674,3478,stronger
3674,4107,incomparable
3674,4209,incomparable
3675,271,incomparable
3675,1823,stronger
3675,2550,incomparable
3675,3105,incomparable
3675,3258,incomparable
3675,3663,incomparable
3675,4512,incomparable
3676,332,incomparable
3676,445,incomparable
3676,647,incomparable
3676,1115,incomparable
3676,1545,stronger
3676,1767,incomparable
3676,1972,stronger
3676,2670,incomparable
3676,2848,incomparable
3676,2856,incomparable
3676,3247,incomparable
3676,4556,incomparable
3677,257,incomparable
3677,417,incomparable
3677,895,stronger
3677,2000,incomparable
3677,2205,stronger
3677,2384,stronger
3677,2525,stronger
3677,3060,incomparable
3677,4319,incomparable
3678,127,incomparable
3678,531,stronger
3678,1065,incomparable
3678,1606,stronger
3678,1785,stronger
3678,3212,stronger
3678,3613,stronger
3678,3665,incomparable
3679,609,stronger
3679,2423,stronger
3679,2453,incomparable
3679,2572,stronger
3679,3869,incomparable
3680,160,incomparable
3680,247,stronger
3680,352,stronger
3680,608,incomparable
3680,702,stronger
3680,807,stronger
3680,1315,incomparable
3680,2020,stronger
3680,2074,incomparable
3680,2383,incomparable
3680,2465,incomparable
3680,3047,stronger
3680,3248,stronger
3680,3518,incomparable
3680,3578,stronger
3681,685,stronger
3681,1391,incomparable
3681,1568,stronger
3681,1648,incomparable
3681,2543,incomparable
3681,2971,stronger
3681,3133,stronger
3681,3160,stronger
3681,3233,stronger
3681,3382,stronger
3681,3727,incomparable
3681,4301,incomparable
3681,4615,incomparable
3682,516,incomparable
3682,881,stronger
3682,1252,incomparable
3682,1418,stronger
3682,2269,incomparable
3682,2304,incomparable
3682,3111,stronger
3682,3169,stronger
3682,3596,stronger
3682,3650,stronger
3683,653,incomparable
3683,2018,stronger
3683,4382,incomparable
3683,4602,incomparable
3684,1559,stronger
3684,1581,incomparable
3684,1948,stronger
3684,2608,stronger
3684,2968,stronger
3684,3064,incomparable
3684,3068,incomparable
3684,3484,incomparable
3684,4018,incomparable
3685,226,stronger
3685,444,incomparable
3685,688,stronger
3685,708,stronger
3685,837,incomparable
3685,860,incomparable
3685,1010,stronger
3685,1983,incomparable
3685,2439,stronger
3685,2549,stronger
3685,2776,incomparable
3685,3004,stronger
3685,3656,stronger
3685,4325,incomparable
3686,113,incomparable
3686,191,stronger
3686,894,stronger
3686,2157,stronger
3686,2213,stronger
3686,2243,incomparable
3686,2311,stronger
3686,2697,incomparable
3686,3262,incomparable
3686,3728,incomparable
3686,4112,incomparable
3686,4497,incomparable
3687,707,incomparable
3687,886,stronger
3687,1076,incomparable
3687,1286,incomparable
3687,2531,incomparable
3687,2754,stronger
3687,2766,stronger
3687,4119,incomparable
3687,4424,incomparable
3688,170,incomparable
3688,927,stronger
3688,1056,incomparable
3688,1449,incomparable
3688,1843,incomparable
3688,2759,stronger
3688,3569,stronger
3688,3635,stronger
3688,3642,stronger
3688,4269,incomparable
3689,350,stronger
3689,802,stronger
3689,1088,incomparable
3689,1169,stronger
3689,1704,stronger
3689,2411,stronger
3689,2899,incomparable
3690,1088,incomparable
3690,1843,incomparable
3690,2172,stronger
3690,2805,incomparable
3690,2841,stronger
3690,2907,stronger
3690,3132,stronger
3690,3222,stronger
3690,3971,stronger
3690,4445,incomparable
3691,116,stronger
3691,313,incomparable
3691,443,incomparable
3691,747,stronger
3691,2087,incomparable
3691,2143,stronger
3691,2300,incomparable
3691,2432,stronger
3691,2620,stronger
3691,3320,incomparable
3691,3503,incomparable
3691,3952,incomparable
3691,4641,incomparable
3691,4651,incomparable
3692,103,incomparable
3692,403,incomparable
3692,811,incomparable
3692,1008,stronger
3692,1855,incomparable
3692,3694,incomparable
3692,4180,stronger
3692,4657,incomparable
3693,489,incomparable
3693,664,incomparable
3693,758,stronger
3693,1465,incomparable
3693,2701,stronger
3693,3244,stronger
3693,3393,stronger
3693,3509,incomparable
3693,4310,incomparable
3694,192,stronger
3694,643,incomparable
3694,1389,stronger
3694,2728,stronger
3694,2974,stronger
3694,3852,stronger
3694,4580,incomparable
3695,88,stronger
3695,104,incomparable
3695,645,incomparable
3695,749,incomparable
3695,1084,stronger
3695,1856,incomparable
3695,1872,incomparable
3695,1879,incomparable
3695,1898,incomparable
3695,2267,incomparable
3695,3037,stronger
3695,3571,stronger
3695,3728,incomparable
3696,103,incomparable
3696,1184,incomparable
3696,1619,stronger
3696,2293,incomparable
3696,2359,incomparable
3696,2395,stronger
3696,3229,stronger
3696,3231,stronger
3696,3546,incomparable
3696,3730,incomparable
3696,4089,incomparable
3696,4090,incomparable
3696,4312,incomparable
3697,15,stronger
3697,127,incomparable
3697,585,stronger
3697,895,incomparable
3697,950,stronger
3697,1339,stronger
3697,2742,stronger
3697,3029,incomparable
3697,4315,incomparable
3697,4619,incomparable
3698,442,incomparable
3698,1067,incomparable
3698,1401,stronger
3698,2207,incomparable
3698,2544,stronger
3698,2670,incomparable
3698,3221,stronger
3698,3775,stronger
3698,4051,stronger
3699,926,incomparable
3699,930,incomparable
3699,949,incomparable
3699,1279,incomparable
3699,1310,stronger
3699,2060,incomparable
3699,2394,stronger
3699,3481,incomparable
3700,454,incomparable
3700,782,incomparable
3700,1342,stronger
3700,2293,incomparable
3700,2810,stronger
3700,3858,stronger
3700,4044,stronger
3700,4172,stronger
3701,289,stronger
3701,1737,stronger
3701,1763,incomparable
3701,2382,stronger
3701,2580,stronger
3701,2679,incomparable
3702,69,stronger
3702,155,incomparable
3702,257,incomparable
3702,284,stronger
3702,641,incomparable
3702,1010,stronger
3702,1852,incomparable
3702,3033,stronger
3702,3970,stronger
3702,4393,incomparable
3703,36,stronger
3703,157,incomparable
3703,270,incomparable
3703,2479,incomparable
3703,2501,stronger
3703,2591,stronger
3703,3752,incomparable
3703,3838,stronger
3703,4286,incomparable
3704,673,stronger
3704,902,stronger
3704,1937,incomparable
3704,1938,stronger
3704,2585,stronger
3704,2741,incomparable
3704,4458,incomparable
3705,350,stronger
3705,1383,incomparable
3705,1504,incomparable
3705,1600,stronger
3705,1775,stronger
3705,2189,stronger
3705,2760,stronger
3705,3927,incomparable
3705,4122,incomparable
3705,4528,incomparable
3706,420,incomparable
3706,1321,stronger
3706,2329,stronger
3706,4670,incomparable
3707,254,stronger
3707,669,incomparable
3707,1002,stronger
3707,1635,incomparable
3707,2661,incomparable
3707,2928,incomparable
3707,3073,incomparable
3707,3252,stronger
3707,3792,stronger
3707,4170,stronger
3707,4188,stronger
3707,4405,incomparable
3707,4429,incomparable
3708,342,stronger
3708,466,incomparable
3708,660,incomparable
3708,1290,stronger
3708,1410,incomparable
3708,1476,incomparable
3708,2315,stronger
3708,2587,stronger
3708,2626,stronger
3708,3399,stronger
3708,3463,incomparable
3708,4115,incomparable
3709,906,incomparable
3709,1099,stronger
3709,1345,stronger
3709,1436,incomparable
3709,2165,incomparable
3709,2613,incomparable
3709,3326,incomparable
3709,3383,stronger
3709,3539,incomparable
3709,3669,incomparable
3710,206,incomparable
3710,234,incomparable
3710,434,incomparable
3710,740,incomparable
3710,973,stronger
3710,1082,incomparable
3710,1093,stronger
3710,1275,incomparable
3710,1387,incomparable
3710,1781,stronger
3710,2523,stronger
3710,2856,incomparable
3710,2859,incomparable
3710,3471,incomparable
3710,3491,incomparable
3710,3590,stronger
3710,4129,incomparable
3710,4287,incomparable
3710,4609,incomparable
3711,1653,incomparable
3711,1776,incomparable
3711,2458,incomparable
3711,3355,incomparable
3711,3476,incomparable
3711,4446,incomparable
3711,4540,incomparable
3712,148,stronger
3712,343,stronger
3712,1338,stronger
3712,3324,incomparable
3712,3954,incomparable
3712,4573,incomparable
3713,483,incomparable
3713,917,incomparable
3713,988,stronger
3713,1303,incomparable
3713,1787,stronger
3713,2006,stronger
3713,2725,incomparable
3713,3366,stronger
3713,3381,stronger
3713,3863,weaker
3713,3954,incomparable
3713,4144,weaker
3713,4296,incomparable
3714,172,incomparable
3714,796,incomparable
3714,835,incomparable
3714,1606,stronger
3714,2212,incomparable
3714,4336,incomparable
3715,322,incomparable
3715,1052,incomparable
3715,2055,incomparable
3715,2558,incomparable
3715,3251,stronger
3715,3604,stronger
3715,3607,incomparable
3715,3870,incomparable
3715,3885,incomparable
3715,4060,incomparable
3715,4326,incomparable
3716,223,stronger
3716,954,stronger
3716,1140,stronger
3716,1279,incomparable
3716,1753,stronger
3716,1787,stronger
3716,2016,stronger
3716,2104,stronger
3716,2221,stronger
3716,2294,incomparable
3716,2658,incomparable
3716,3687,incomparable
3716,3971,stronger
3716,4119,incomparable
3716,4141,incomparable
3717,160,incomparable
3717,2022,stronger
3717,2046,incomparable
3717,2476,incomparable
3717,2614,stronger
3717,2728,incomparable
3717,2744,incomparable
3717,3355,incomparable
3717,3687,incomparable
3717,3801,stronger
3717,3839,stronger
3718,498,stronger
3718,698,incomparable
3718,1159,stronger
3718,1429,incomparable
3718,1701,incomparable
3718,2016,stronger
3718,2327,incomparable
3718,2533,incomparable
3718,3194,stronger
3718,3315,incomparable
3718,3508,incomparable
3718,4488,incomparable
3719,760,stronger
3719,1384,incomparable
3719,1739,stronger
3719,2292,stronger
3719,3010,stronger
3719,3396,stronger
3719,3937,equivalent
3719,4622,incomparable
3720,106,incomparable
3720,786,incomparable
3720,997,stronger
3720,1695,incomparable
3720,1854,incomparable
3720,2593,stronger
3720,2779,incomparable
3721,1000,stronger
3721,1015,stronger
3721,1107,stronger
3721,2386,stronger
3721,3670,incomparable
3721,3878,incomparable
3722,1108,stronger
3722,1123,stronger
3722,1316,incomparable
3722,1544,stronger
3722,1885,incomparable
3722,1943,incomparable
3722,2275,incomparable
3722,2744,incomparable
3722,2925,incomparable
3722,3335,incomparable
3722,3398,incomparable
3722,3711,stronger
3722,4102,incomparable
3722,4254,stronger
3723,310,incomparable
3723,447,stronger
3723,504,incomparable
3723,1324,stronger
3723,2170,incomparable
3723,2555,stronger
3723,3138,stronger
3723,3442,stronger
3724,279,stronger
3724,638,stronger
3724,1205,stronger
3724,1224,incomparable
3724,1756,stronger
3724,1831,stronger
3724,2537,stronger
3724,3322,incomparable
3724,3623,stronger
3724,3940,incomparable
3725,229,incomparable
3725,794,stronger
3725,1159,stronger
3725,1234,incomparable
3725,1366,incomparable
3725,1590,incomparable
3725,2058,incomparable
3725,2784,stronger
3725,3119,stronger
3725,3204,stronger
3725,3262,incomparable
3725,3564,stronger
3725,3707,incomparable
3725,3861,stronger
3725,4458,incomparable
3725,4500,incomparable
3726,217,incomparable
3726,501,incomparable
3726,563,stronger
3726,1199,stronger
3726,1378,incomparable
3726,2267,incomparable
3726,2272,incomparable
3726,3274,incomparable
3726,3674,incomparable
3726,3944,stronger
3727,69,stronger
3727,440,incomparable
3727,689,stronger
3727,1391,incomparable
3727,1975,incomparable
3727,2076,incomparable
3727,2628,incomparable
3727,2633,incomparable
3727,3285,incomparable
3727,3333,incomparable
3727,4528,incomparable
3728,2462,incomparable
3728,2873,incomparable
3728,3157,stronger
3728,4134,incomparable
3729,647,stronger
3729,834,incomparable
3729,1879,incomparable
3730,510,incomparable
3730,1016,stronger
3730,1503,stronger
3730,1534,stronger
3730,2209,stronger
3730,2783,stronger
3730,2990,incomparable
3730,3051,incomparable
3730,3227,incomparable
3730,3559,incomparable
3730,3730,equivalent
3730,4024,stronger
3730,4082,incomparable
3730,4338,incomparable
3731,342,stronger
3731,642,incomparable
3731,2397,stronger
3731,3538,weaker
3731,3636,stronger
3731,4064,stronger
3731,4132,weaker
3731,4236,stronger
3731,4279,incomparable
3732,298,stronger
3732,676,incomparable
3732,1316,incomparable
3732,1504,incomparable
3732,1600,stronger
3732,1620,stronger
3732,2823,stronger
3732,3047,stronger
3732,3584,stronger
3732,4356,incomparable
3733,315,incomparable
3733,540,stronger
3733,2449,incomparable
3733,2659,incomparable
3733,4534,incomparable
3733,4535,incomparable
3734,166,incomparable
3734,347,incomparable
3734,1215,stronger
3734,1234,incomparable
3734,1758,stronger
3734,2761,incomparable
3734,3376,stronger
3734,3937,equivalent
3734,4284,weaker
3734,4368,incomparable
3735,487,incomparable
3735,935,stronger
3735,1263,incomparable
3735,2805,incomparable
3735,3006,stronger
3735,3207,stronger
3735,4128,weaker
3735,4141,incomparable
3736,587,stronger
3736,1465,incomparable
3736,1780,incomparable
3736,1789,incomparable
3736,2037,incomparable
3736,2182,incomparable
3736,2535,stronger
3736,2862,incomparable
3736,2995,stronger
3736,3185,incomparable
3737,76,stronger
3737,329,incomparable
3737,754,stronger
3737,856,incomparable
3737,986,stronger
3737,1395,incomparable
3737,1475,incomparable
3737,1505,stronger
3737,2499,incomparable
3737,2704,stronger
3737,2743,incomparable
3737,3124,stronger
3737,3280,incomparable
3737,3355,incomparable
3737,3410,stronger
3737,3730,incomparable
3737,4312,incomparable
3738,25,incomparable
3738,128,stronger
3738,200,stronger
3738,536,stronger
3738,2036,incomparable
3738,2099,stronger
3738,2558,incomparable
3738,3278,incomparable
3738,3643,stronger
3738,4637,incomparable
3739,1078,incomparable
3739,1263,incomparable
3739,1853,incomparable
3739,1962,incomparable
3739,2620,stronger
3739,2694,incomparable
3739,2888,incomparable
3739,2976,stronger
3739,3927,weaker
3739,4230,incomparable
3740,175,stronger
3740,458,incomparable
3740,528,incomparable
3740,785,stronger
3740,1017,stronger
3740,1121,stronger
3740,1191,stronger
3740,1564,incomparable
3740,2117,stronger
3740,2163,incomparable
3740,2166,stronger
3740,3005,stronger
3740,3801,stronger
3740,4349,incomparable
3741,137,stronger
3741,785,stronger
3741,1453,incomparable
3741,1490,stronger
3741,1839,incomparable
3741,2042,incomparable
3741,2330,incomparable
3741,2886,incomparable
3741,3041,stronger
3741,3863,weaker
3741,3996,stronger
3741,4020,stronger
3742,36,stronger
3742,686,incomparable
3742,757,incomparable
3742,1132,stronger
3742,1847,incomparable
3742,2326,stronger
3742,3332,weaker
3742,3927,weaker
3742,4143,weaker
3742,4499,incomparable
3743,279,stronger
3743,560,stronger
3743,871,stronger
3743,1206,stronger
3743,1348,stronger
3743,1570,stronger
3743,2563,stronger
3743,2769,stronger
3743,3233,stronger
3743,3646,stronger
3743,3758,incomparable
3743,4135,weaker
3744,397,stronger
3744,2002,stronger
3744,2326,stronger
3744,2705,stronger
3744,3519,weaker
3744,3572,stronger
3744,4341,incomparable
3745,167,incomparable
3745,226,stronger
3745,295,stronger
3745,634,stronger
3745,1238,incomparable
3745,1660,incomparable
3745,2057,incomparable
3745,3205,incomparable
3745,3295,incomparable
3745,3733,equivalent
3745,3816,stronger
3745,4255,stronger
3745,4278,incomparable
3746,898,incomparable
3746,1325,incomparable
3746,1628,stronger
3746,2236,stronger
3746,2577,stronger
3746,2742,stronger
3746,2870,incomparable
3746,2915,incomparable
3746,2971,stronger
3746,3674,incomparable
3746,3765,incomparable
3746,4002,stronger
3746,4094,incomparable
3747,631,stronger
3747,1099,stronger
3747,1140,stronger
3747,1666,incomparable
3747,2406,incomparable
3747,2746,incomparable
3747,2769,stronger
3747,3309,weaker
3747,3928,weaker
3747,4218,stronger
3747,4349,incomparable
3748,174,stronger
3748,509,stronger
3748,1430,incomparable
3748,1901,stronger
3748,2190,incomparable
3748,2419,stronger
3748,3567,incomparable
3748,3709,incomparable
3749,99,incomparable
3749,334,stronger
3749,2110,stronger
3749,2274,incomparable
3749,2343,stronger
3749,2389,incomparable
3749,2688,incomparable
3749,3417,incomparable
3749,3937,incomparable
3749,4002,stronger
3749,4054,stronger
3749,4343,incomparable
3749,4446,incomparable
3750,255,incomparable
3750,624,incomparable
3750,939,stronger
3750,1230,incomparable
3750,1679,incomparable
3750,1798,stronger
3750,2174,stronger
3750,2326,stronger
3750,2330,incomparable
3750,3008,incomparable
3750,3612,weaker
3750,3893,weaker
3750,3993,weaker
3750,4484,weaker
3751,119,stronger
3751,690,incomparable
3751,1393,stronger
3751,1706,stronger
3751,2766,stronger
3751,2818,stronger
3751,3037,stronger
3751,3942,incomparable
3752,46,stronger
3752,592,stronger
3752,964,incomparable
3752,1432,incomparable
3752,1900,incomparable
3752,2092,stronger
3752,2722,incomparable
3752,2773,stronger
3752,3055,incomparable
3752,3223,stronger
3752,3241,stronger
3752,4242,stronger
3753,855,incomparable
3753,2217,incomparable
3753,2657,incomparable
3753,2914,stronger
3753,3222,incomparable
3753,3420,equivalent
3754,1013,stronger
3754,1199,stronger
3754,1363,stronger
3754,1952,stronger
3754,2041,incomparable
3754,2865,incomparable
3754,3644,weaker
3755,681,stronger
3755,1239,incomparable
3755,1299,incomparable
3755,1667,incomparable
3755,1866,incomparable
3755,1871,incomparable
3755,2537,stronger
3755,2749,stronger
3755,3320,incomparable
3755,3530,incomparable
3755,3620,incomparable
3755,3669,incomparable
3755,3834,stronger
3755,3893,incomparable
3755,3903,incomparable
3756,209,incomparable
3756,1306,stronger
3756,1339,stronger
3756,1489,incomparable
3756,1760,stronger
3756,2201,stronger
3756,2212,incomparable
3756,3235,stronger
3756,3364,incomparable
3756,4667,incomparable
3757,17,stronger
3757,659,incomparable
3757,1374,incomparable
3757,1424,stronger
3757,1701,incomparable
3757,1837,incomparable
3757,2414,stronger
3757,2825,stronger
3757,3437,equivalent
3757,3541,weaker
3757,4060,weaker
3758,3,incomparable
3758,81,stronger
3758,252,stronger
3758,572,incomparable
3758,666,incomparable
3758,1969,stronger
3758,2278,incomparable
3758,2624,stronger
3758,3866,incomparable
3758,4062,stronger
3758,4604,incomparable
3759,153,incomparable
3759,237,stronger
3759,703,incomparable
3759,2024,incomparable
3759,3341,incomparable
3759,3549,incomparable
3759,3586,stronger
3759,3601,incomparable
3759,3692,incomparable
3759,3797,stronger
3759,4134,incomparable
3759,4227,stronger
3760,71,stronger
3760,174,stronger
3760,1154,incomparable
3760,3159,incomparable
3760,3244,stronger
3760,3591,weaker
3760,3698,weaker
3760,3951,weaker
3760,4320,weaker
3761,279,stronger
3761,488,stronger
3761,709,incomparable
3761,1941,incomparable
3761,2186,incomparable
3761,3062,incomparable
3761,3128,incomparable
3761,4646,incomparable
3762,595,stronger
3762,1304,incomparable
3762,1757,stronger
3762,1941,incomparable
3762,1949,incomparable
3762,2592,incomparable
3762,2629,stronger
3762,3031,stronger
3762,3807,equivalent
3762,3822,stronger
3762,4074,incomparable
3762,4447,incomparable
3762,4533,weaker
3763,698,incomparable
3763,895,incomparable
3763,1503,stronger
3763,1654,incomparable
3763,1811,incomparable
3763,1931,incomparable
3763,2057,incomparable
3763,2732,stronger
3763,3777,weaker
3763,4002,equivalent
3763,4054,equivalent
3763,4124,weaker
3763,4496,weaker
3764,667,incomparable
3764,749,incomparable
3764,1159,stronger
3764,1410,incomparable
3764,2032,stronger
3764,2071,incomparable
3764,3948,weaker
3765,51,incomparable
3765,183,stronger
3765,319,incomparable
3765,444,incomparable
3765,589,stronger
3765,788,stronger
3765,1865,incomparable
3765,2447,incomparable
3765,4320,weaker
3766,517,stronger
3766,1127,stronger
3766,1630,incomparable
3766,2024,incomparable
3766,2846,stronger
3766,2998,incomparable
3766,3284,weaker
3766,3535,weaker
3766,3906,weaker
3767,354,equivalent
3767,413,incomparable
3767,723,incomparable
3767,1670,incomparable
3767,1824,stronger
3767,2458,incomparable
3767,3013,stronger
3767,3124,stronger
3767,3371,weaker
3767,3647,equivalent
3767,3768,equivalent
3767,4533,weaker
3768,337,equivalent
3768,890,stronger
3768,2522,incomparable
3768,2658,incomparable
3768,2662,incomparable
3768,3272,weaker
3769,62,incomparable
3769,1334,incomparable
3769,1405,incomparable
3769,2508,stronger
3769,3053,incomparable
3769,3217,stronger
3769,3243,stronger
3769,3851,stronger
3770,95,stronger
3770,304,stronger
3770,471,stronger
3770,852,incomparable
3770,1288,incomparable
3770,2824,stronger
3770,4307,incomparable
3770,4548,incomparable
3771,106,incomparable
3771,1645,incomparable
3771,1907,stronger
3771,2234,stronger
3771,3187,stronger
3771,4043,equivalent
3772,571,incomparable
3772,1873,incomparable
3772,2840,stronger
3772,3702,weaker
3772,3743,weaker
3773,27,incomparable
3773,279,stronger
3773,576,stronger
3773,698,incomparable
3773,1038,incomparable
3773,1109,incomparable
3773,1252,incomparable
3773,1375,stronger
3773,1410,incomparable
3773,1905,stronger
3773,2153,stronger
3773,2799,stronger
3773,3306,weaker
3773,3629,equivalent
3773,3727,incomparable
3773,3984,weaker
3773,4434,incomparable
3773,4593,weaker
3773,4677,weaker
3774,1059,incomparable
3774,1492,incomparable
3774,1800,stronger
3774,2027,stronger
3774,2259,incomparable
3774,2674,incomparable
3774,2982,incomparable
3775,57,incomparable
3775,1110,incomparable
3775,2021,stronger
3775,2440,stronger
3775,3176,incomparable
3775,4179,weaker
3776,411,incomparable
3776,629,incomparable
3776,995,stronger
3776,2075,incomparable
3776,2232,incomparable
3776,2364,incomparable
3776,2572,stronger
3776,2700,incomparable
3776,2899,incomparable
3776,4049,stronger
3777,85,stronger
3777,1810,stronger
3777,1988,stronger
3777,2559,stronger
3777,2671,incomparable
3777,2954,stronger
3777,2969,stronger
3777,2978,stronger
3777,3196,stronger
3777,3487,weaker
3777,3790,weaker
3777,4108,weaker
3777,4341,incomparable
3777,4384,incomparable
3778,579,incomparable
3778,837,incomparable
3778,1754,stronger
3778,3761,weaker
3778,4435,weaker
3778,4478,weaker
3778,4567,weaker
3779,574,stronger
3779,583,incomparable
3779,1485,incomparable
3779,2129,stronger
3779,2541,incomparable
3779,2891,incomparable
3779,3208,stronger
3780,433,incomparable
3780,575,incomparable
3780,1339,stronger
3780,2259,incomparable
3780,2292,stronger
3780,2782,incomparable
3780,3108,incomparable
3780,3679,weaker
3780,3784,equivalent
3780,4340,weaker
3781,810,stronger
3781,1564,incomparable
3781,1692,incomparable
3781,2347,incomparable
3781,2564,stronger
3781,2835,stronger
3781,3386,stronger
3781,4438,weaker
3782,95,stronger
3782,254,stronger
3782,291,stronger
3782,490,stronger
3782,506,incomparable
3782,943,incomparable
3782,2348,stronger
3782,2351,incomparable
3782,2745,stronger
3782,2825,stronger
3782,2980,stronger
3782,3194,stronger
3782,3363,weaker
3782,3515,weaker
3783,209,incomparable
3783,393,equivalent
3783,484,stronger
3783,490,stronger
3783,493,stronger
3783,708,stronger
3783,827,incomparable
3783,1424,stronger
3783,1644,incomparable
3783,1646,incomparable
3783,2021,stronger
3783,2238,incomparable
3783,2317,stronger
3783,2322,incomparable
3783,2795,incomparable
3783,3698,weaker
3783,3771,equivalent
3783,3832,weaker
3783,3892,weaker
3784,10,incomparable
3784,261,incomparable
3784,266,incomparable
3784,453,incomparable
3784,797,stronger
3784,1482,incomparable
3784,2411,stronger
3784,2611,stronger
3784,3284,weaker
3784,3612,weaker
3784,4083,weaker
3785,486,stronger
3785,866,incomparable
3785,1232,incomparable
3785,1370,incomparable
3785,1865,incomparable
3785,2136,stronger
3785,2213,stronger
3785,2704,stronger
3785,3630,equivalent
3785,3639,weaker
3786,212,incomparable
3786,2388,stronger
3786,3361,stronger
3786,3381,stronger
3786,3420,stronger
3786,3610,stronger
3786,3857,stronger
3786,4050,incomparable
3786,4051,stronger
3786,4680,incomparable
3787,176,incomparable
3787,180,stronger
3787,619,incomparable
3787,631,incomparable
3787,2292,stronger
3787,3143,incomparable
3787,3672,weaker
3788,20,stronger
3788,292,stronger
3788,1447,incomparable
3788,1515,incomparable
3788,1876,incomparable
3788,1907,stronger
3788,2206,stronger
3788,2253,incomparable
3788,2677,incomparable
3788,3123,stronger
3788,3931,weaker
3789,270,incomparable
3789,856,incomparable
3789,954,stronger
3789,1544,stronger
3789,1648,incomparable
3789,1896,stronger
3789,2703,stronger
3789,4117,weaker
3789,4159,equivalent
3790,843,incomparable
3790,1225,incomparable
3790,1946,stronger
3790,2028,stronger
3790,3861,stronger
3791,116,stronger
3791,267,incomparable
3791,2093,incomparable
3791,3867,incomparable
3791,4178,stronger
3792,735,incomparable
3792,763,stronger
3792,805,stronger
3792,1121,stronger
3792,1290,stronger
3792,1544,stronger
3792,1773,stronger
3792,2301,incomparable
3792,2340,incomparable
3792,2360,stronger
3792,2479,incomparable
3792,2917,incomparable
3792,3116,incomparable
3792,3731,weaker
3792,3867,weaker
3792,4369,weaker
3792,4533,weaker
3793,329,weaker
3793,398,equivalent
3793,918,stronger
3793,942,stronger
3793,1044,incomparable
3793,1256,incomparable
3793,1626,stronger
3793,2685,incomparable
3793,2886,incomparable
3793,3044,incomparable
3793,3935,weaker
3793,4087,weaker
3793,4211,equivalent
3793,4496,weaker
3793,4566,weaker
3794,63,incomparable
3794,625,incomparable
3794,902,stronger
3794,1205,stronger
3794,1211,stronger
3794,1858,incomparable
3794,2427,stronger
3794,2509,stronger
3794,2548,stronger
3794,2799,stronger
3794,2824,stronger
3794,3519,incomparable
3794,3726,incomparable
3794,4304,incomparable
3794,4356,incomparable
3794,4432,incomparable
3795,663,incomparable
3795,2311,stronger
3795,2672,incomparable
3795,2942,incomparable
3795,3104,stronger
3795,3414,weaker
3795,3529,weaker
3795,3865,weaker
3795,3976,weaker
3795,4008,equivalent
3795,4289,weaker
3795,4523,weaker
3795,4540,weaker
3796,380,weaker
3796,421,incomparable
3796,442,incomparable
3796,589,stronger
3796,850,incomparable
3796,1001,stronger
3796,1054,incomparable
3796,1313,incomparable
3796,1545,stronger
3796,2147,stronger
3796,2410,incomparable
3796,2828,stronger
3796,4203,equivalent
3796,4596,weaker
3797,114,incomparable
3797,372,weaker
3797,564,stronger
3797,755,stronger
3797,810,stronger
3797,1077,stronger
3797,1116,stronger
3797,2966,stronger
3797,3064,incomparable
3797,3212,stronger
3797,3316,weaker
3797,3405,weaker
3797,3591,weaker
3797,4475,weaker
3797,4561,weaker
3798,877,stronger
3798,2500,stronger
3798,2870,incomparable
3798,3296,incomparable
3798,4074,incomparable
3798,4129,incomparable
3799,2697,incomparable
3799,4019,equivalent
3800,674,stronger
3800,957,stronger
3800,1801,incomparable
3800,2249,incomparable
3800,2488,incomparable
3800,2514,stronger
3800,3643,equivalent
3800,3710,weaker
3800,4113,weaker
3801,424,incomparable
3801,1301,incomparable
3801,1639,incomparable
3801,2385,incomparable
3801,3093,incomparable
3801,3413,equivalent
3801,3507,weaker
3801,3694,weaker
3801,3962,weaker
3801,4082,weaker
3802,239,stronger
3802,1093,stronger
3802,1584,stronger
3802,3111,stronger
3802,3818,equivalent
3802,4015,equivalent
3802,4348,weaker
3802,4510,weaker
3803,120,incomparable
3803,649,incomparable
3803,756,stronger
3803,914,incomparable
3803,932,stronger
3803,1165,incomparable
3803,1877,incomparable
3803,2107,incomparable
3803,2143,stronger
3803,2160,stronger
3803,2500,stronger
3803,3709,incomparable
3804,68,incomparable
3804,311,incomparable
3804,765,incomparable
3804,1609,stronger
3804,2118,stronger
3804,2886,incomparable
3804,2889,incomparable
3804,3547,stronger
3804,4096,incomparable
3804,4396,weaker
3805,1359,stronger
3805,1603,incomparable
3805,1730,stronger
3805,2112,stronger
3805,3048,stronger
3805,3532,weaker
3805,3633,equivalent
3805,3907,weaker
3805,4237,equivalent
3805,4274,weaker
3805,4404,weaker
3806,17,stronger
3806,213,incomparable
3806,315,weaker
3806,528,incomparable
3806,1142,stronger
3806,1691,incomparable
3806,2086,incomparable
3806,2511,incomparable
3806,4024,equivalent
3806,4055,weaker
3806,4493,weaker
3807,1360,stronger
3807,1514,stronger
3807,1901,stronger
3807,2101,incomparable
3807,2153,stronger
3807,2653,incomparable
3807,2812,incomparable
3807,3071,incomparable
3807,3953,stronger
3807,4207,stronger
3808,441,incomparable
3808,711,incomparable
3808,1558,incomparable
3808,2147,stronger
3808,2317,stronger
3808,3238,stronger
3808,3717,weaker
3808,4493,weaker
3808,4504,weaker
3808,4595,weaker
3809,343,weaker
3809,1007,stronger
3809,1067,incomparable
3809,1213,stronger
3809,1223,incomparable
3809,2663,incomparable
3809,2721,stronger
3809,3853,equivalent
3809,3981,equivalent
3809,4653,weaker
3810,217,incomparable
3810,688,stronger
3810,934,incomparable
3810,1659,incomparable
3810,3104,stronger
3810,3370,incomparable
3810,3686,incomparable
3810,3776,incomparable
3810,3826,stronger
3811,828,incomparable
3811,1368,incomparable
3811,1416,stronger
3811,1671,incomparable
3811,1723,stronger
3811,1920,stronger
3811,4636,incomparable
3812,139,stronger
3812,922,incomparable
3812,1672,incomparable
3812,1936,stronger
3812,2168,stronger
3812,2434,stronger
3812,2521,incomparable
3812,2585,stronger
3812,2993,stronger
3812,3766,equivalent
3812,4408,weaker
3813,502,stronger
3813,670,incomparable
3813,1190,stronger
3813,1720,stronger
3813,2034,stronger
3813,3147,incomparable
3813,3573,weaker
3813,4370,weaker
3814,11,incomparable
3814,445,incomparable
3814,452,incomparable
3814,1225,incomparable
3814,1261,incomparable
3814,1961,stronger
3814,1970,incomparable
3814,1986,stronger
3814,2060,incomparable
3814,2331,incomparable
3814,2343,incomparable
3814,2367,stronger
3814,2562,incomparable
3814,4277,weaker
3814,4507,weaker
3814,4540,weaker
3815,305,stronger
3815,582,stronger
3815,703,incomparable
3815,830,incomparable
3815,2323,stronger
3815,2409,stronger
3815,2478,incomparable
3815,2754,stronger
3815,3171,stronger
3815,3298,incomparable
3815,3411,stronger
3815,3542,incomparable
3815,3653,stronger
3815,3754,stronger
3815,3993,weaker
3815,4345,incomparable
3816,41,equivalent
3816,532,incomparable
3816,910,incomparable
3816,2173,incomparable
3816,2761,incomparable
3816,2957,stronger
3816,3163,incomparable
3816,3214,incomparable
3816,3397,weaker
3816,3741,weaker
3816,3778,equivalent
3816,4250,equivalent
3816,4264,equivalent
3817,122,stronger
3817,984,stronger
3817,1286,incomparable
3817,1892,stronger
3817,2188,stronger
3817,2424,stronger
3817,2502,stronger
3817,3697,weaker
3817,3751,weaker
3817,3782,equivalent
3817,4022,equivalent
3817,4197,weaker
3817,4664,weaker
3818,347,weaker
3818,461,incomparable
3818,485,stronger
3818,1386,stronger
3818,1443,incomparable
3818,1462,incomparable
3818,2009,incomparable
3818,4065,weaker
3818,4089,weaker
3818,4505,weaker
3819,240,stronger
3819,524,incomparable
3819,817,incomparable
3819,908,stronger
3819,1069,incomparable
3819,1674,incomparable
3819,1861,incomparable
3819,2107,incomparable
3819,2355,incomparable
3819,2476,incomparable
3819,2586,incomparable
3819,2612,stronger
3819,4102,weaker
3819,4164,weaker
3820,389,stronger
3820,442,incomparable
3820,847,incomparable
3820,867,incomparable
3820,1484,incomparable
3820,1608,incomparable
3820,2271,incomparable
3820,2466,incomparable
3820,2580,stronger
3820,4009,stronger
3820,4298,incomparable
3820,4350,incomparable
3820,4539,incomparable
3821,766,stronger
3821,1091,stronger
3821,1208,stronger
3821,1230,incomparable
3821,1506,incomparable
3821,2913,incomparable
3821,3448,equivalent
3821,4158,weaker
3821,4326,weaker
3822,317,weaker
3822,523,stronger
3822,584,stronger
3822,875,incomparable
3822,1660,incomparable
3822,2154,stronger
3822,2256,incomparable
3822,2476,incomparable
3822,3116,incomparable
3822,3167,incomparable
3822,3308,weaker
3822,3604,weaker
3822,3811,weaker
3822,3840,equivalent
3822,4232,equivalent
3822,4407,weaker
3823,219,incomparable
3823,2071,incomparable
3823,2209,stronger
3823,2895,incomparable
3823,3035,stronger
3823,3147,incomparable
3823,3274,incomparable
3823,4313,incomparable
3824,58,incomparable
3824,902,stronger
3824,1785,stronger
3824,2271,incomparable
3824,3373,stronger
3824,3396,stronger
3824,3463,incomparable
3824,3691,incomparable
3824,4524,incomparable
3825,17,stronger
3825,784,stronger
3825,1027,incomparable
3825,1118,stronger
3825,1269,incomparable
3825,1416,stronger
3825,2151,stronger
3825,2576,incomparable
3825,2770,incomparable
3825,2882,incomparable
3825,3075,incomparable
3825,4204,weaker
3825,4427,weaker
3825,4457,weaker
3826,390,equivalent
3826,560,stronger
3826,923,stronger
3826,956,stronger
3826,2181,stronger
3826,2805,incomparable
3826,3039,incomparable
3826,3360,equivalent
3826,4252,equivalent
3826,4455,weaker
3826,4542,weaker
3827,568,stronger
3827,1022,incomparable
3827,1202,incomparable
3827,1256,incomparable
3827,2140,incomparable
3827,2581,stronger
3827,2951,stronger
3827,3004,stronger
3827,3630,equivalent
3827,4454,weaker
3828,187,stronger
3828,1549,stronger
3828,1591,stronger
3828,1682,incomparable
3828,1683,stronger
3828,2707,incomparable
3828,2711,stronger
3828,3140,incomparable
3828,3399,stronger
3828,3544,incomparable
3828,3583,weaker
3828,3971,stronger
3828,4005,stronger
3828,4672,incomparable
3829,250,incomparable
3829,647,incomparable
3829,730,stronger
3829,792,stronger
3829,1352,stronger
3829,1855,incomparable
3829,2181,stronger
3829,3224,stronger
3829,4030,equivalent
3829,4246,equivalent
3829,4315,weaker
3830,170,incomparable
3830,333,weaker
3830,540,stronger
3830,1744,stronger
3830,2797,stronger
3830,3062,incomparable
3830,3271,weaker
3830,3601,weaker
3830,4606,weaker
3830,4651,weaker
3831,1587,incomparable
3831,1817,stronger
3831,2479,incomparable
3831,2591,stronger
3831,3313,weaker
3831,3946,weaker
3831,4255,equivalent
3831,4624,weaker
3832,572,incomparable
3832,925,stronger
3832,2902,incomparable
3832,2950,stronger
3832,3829,stronger
3832,4141,incomparable
3832,4267,stronger
3832,4332,incomparable
3832,4684,incomparable
3833,174,stronger
3833,1288,incomparable
3833,1292,stronger
3833,1309,stronger
3833,2750,stronger
3833,3116,incomparable
3833,3859,equivalent
3834,112,incomparable
3834,206,incomparable
3834,313,weaker
3834,375,weaker
3834,728,stronger
3834,791,incomparable
3834,1261,incomparable
3834,1356,stronger
3834,1801,incomparable
3834,2065,incomparable
3834,2662,incomparable
3834,3095,incomparable
3834,3235,stronger
3834,3324,weaker
3834,3467,weaker
3834,3482,weaker
3834,4575,weaker
3835,236,stronger
3835,999,incomparable
3835,1472,incomparable
3835,2026,stronger
3835,2365,stronger
3835,2721,stronger
3835,2970,stronger
3835,3370,weaker
3835,3581,equivalent
3835,3636,equivalent
3835,3788,equivalent
3835,4133,weaker
3835,4270,weaker
3835,4491,weaker
3836,724,stronger
3836,1179,stronger
3836,2464,incomparable
3836,2523,stronger
3836,2527,stronger
3836,2638,incomparable
3836,2890,incomparable
3836,3183,stronger
3837,161,incomparable
3837,956,stronger
3837,1143,stronger
3837,1817,stronger
3837,2170,incomparable
3837,2182,incomparable
3837,3393,stronger
3838,1911,stronger
3838,2495,stronger
3838,2834,stronger
3838,3050,incomparable
3838,4128,weaker
3838,4198,equivalent
3838,4353,weaker
3838,4374,weaker
3839,4,incomparable
3839,932,stronger
3839,1135,stronger
3839,1279,incomparable
3839,2069,incomparable
3839,2163,incomparable
3839,3329,weaker
3839,3491,weaker
3839,3593,equivalent
3839,3749,weaker
3839,3966,equivalent
3839,4365,weaker
3839,4617,weaker
3839,4662,weaker
3840,41,equivalent
3840,405,equivalent
3840,457,incomparable
3840,1200,stronger
3840,2059,incomparable
3840,2285,incomparable
3840,2709,incomparable
3840,3566,weaker
3840,4671,weaker
3841,404,equivalent
3841,421,incomparable
3841,1051,incomparable
3841,1613,incomparable
3841,1787,stronger
3841,2444,incomparable
3841,2477,incomparable
3841,2726,stronger
3841,2799,incomparable
3841,2849,incomparable
3841,3378,equivalent
3841,3803,weaker
3842,534,stronger
3842,1029,incomparable
3842,1178,stronger
3842,1803,stronger
3842,2119,incomparable
3842,2328,incomparable
3842,2620,stronger
3842,2705,stronger
3842,2787,incomparable
3842,2997,stronger
3842,3450,stronger
3842,3622,stronger
3842,3741,incomparable
3842,4144,incomparable
3843,188,stronger
3843,1221,stronger
3843,1531,incomparable
3843,1753,stronger
3843,1762,stronger
3843,2355,incomparable
3843,2642,stronger
3843,2724,incomparable
3843,3118,incomparable
3843,3390,equivalent
3843,4174,equivalent
3843,4271,weaker
3843,4650,weaker
3844,110,incomparable
3844,355,weaker
3844,976,stronger
3844,1082,incomparable
3844,1679,incomparable
3844,2698,stronger
3844,2924,stronger
3844,4077,weaker
3844,4153,weaker
3844,4233,equivalent
3844,4436,weaker
3845,13,incomparable
3845,302,incomparable
3845,619,incomparable
3845,703,incomparable
3845,982,stronger
3845,1022,incomparable
3845,2424,stronger
3845,2521,incomparable
3845,3245,stronger
3845,4069,weaker
3845,4158,weaker
3845,4321,weaker
3846,356,equivalent
3846,613,stronger
3846,1034,incomparable
3846,1448,incomparable
3846,2076,incomparable
3846,2136,stronger
3846,2659,incomparable
3846,3010,stronger
3846,3018,stronger
3846,3340,weaker
3846,4038,equivalent
3847,123,stronger
3847,400,stronger
3847,725,incomparable
3847,3572,stronger
3848,269,incomparable
3848,600,stronger
3848,963,stronger
3848,1496,incomparable
3848,1611,stronger
3848,1868,incomparable
3848,2059,incomparable
3848,2344,stronger
3848,2525,incomparable
3848,2804,incomparable
3848,3002,incomparable
3848,3381,equivalent
3848,3709,weaker
3848,4296,weaker
3848,4631,weaker
3849,167,incomparable
3849,725,incomparable
3849,875,incomparable
3849,1347,stronger
3849,2048,incomparable
3849,2501,stronger
3849,3050,incomparable
3849,3192,stronger
3849,3321,weaker
3849,3607,weaker
3849,3759,weaker
3849,3859,equivalent
3849,4166,equivalent
3849,4478,weaker
3850,245,stronger
3850,514,stronger
3850,549,incomparable
3850,1755,incomparable
3850,3565,equivalent
3850,4471,weaker
3850,4560,weaker
3850,4626,weaker
3851,185,stronger
3851,794,stronger
3851,1123,stronger
3851,2122,stronger
3851,2173,incomparable
3851,4007,weaker
3852,53,incomparable
3852,309,weaker
3852,632,incomparable
3852,764,stronger
3852,1396,stronger
3852,1479,incomparable
3852,1548,stronger
3852,1603,incomparable
3852,1769,stronger
3852,2274,incomparable
3852,2466,incomparable
3852,2850,incomparable
3852,2975,stronger
3853,78,incomparable
3853,273,incomparable
3853,991,stronger
3853,1060,incomparable
3853,1696,stronger
3853,1776,incomparable
3853,2322,incomparable
3853,3092,incomparable
3853,3457,weaker
3853,3789,equivalent
3853,3940,weaker
3853,4648,weaker
3854,359,weaker
3854,438,incomparable
3854,709,incomparable
3854,909,incomparable
3854,2358,stronger
3854,2369,stronger
3854,2436,stronger
3854,2564,stronger
3854,3205,incomparable
3854,3834,equivalent
3854,3871,weaker
3855,233,stronger
3855,254,stronger
3855,407,weaker
3855,452,incomparable
3855,1781,stronger
3855,2270,incomparable
3855,2340,incomparable
3855,2858,incomparable
3855,3013,stronger
3855,3262,weaker
3855,4226,weaker
3856,65,incomparable
3856,119,stronger
3856,404,equivalent
3856,545,incomparable
3856,930,incomparable
3856,1644,incomparable
3856,2546,incomparable
3856,3187,stronger
3856,3199,stronger
3856,3636,equivalent
3856,4151,weaker
3856,4530,weaker
3856,4604,weaker
3857,65,incomparable
3857,1117,incomparable
3857,1711,stronger
3857,4629,incomparable
3858,417,incomparable
3858,491,incomparable
3858,754,stronger
3858,1015,stronger
3858,1637,incomparable
3858,2018,stronger
3858,2142,stronger
3858,2349,incomparable
3858,2529,stronger
3858,2534,incomparable
3858,2963,stronger
3858,3311,weaker
3858,3500,weaker
3858,3802,equivalent
3858,4590,weaker
3859,641,incomparable
3859,1415,incomparable
3859,1882,incomparable
3859,2134,incomparable
3859,2250,incomparable
3859,4229,weaker
3859,4318,weaker
3859,4469,weaker
3859,4635,weaker
3860,312,weaker
3860,771,stronger
3860,1053,incomparable
3860,1715,stronger
3860,2890,incomparable
3860,2941,stronger
3860,2988,stronger
3860,3087,incomparable
3860,3422,weaker
3860,3489,weaker
3860,4629,weaker
3861,87,stronger
3861,1002,stronger
3861,1238,incomparable
3861,1443,incomparable
3861,1989,stronger
3861,2228,stronger
3861,3112,incomparable
3861,3741,weaker
3862,69,stronger
3862,179,incomparable
3862,668,stronger
3862,765,stronger
3862,968,stronger
3862,1348,stronger
3862,1789,stronger
3862,2026,stronger
3862,2306,incomparable
3862,2319,stronger
3862,2941,stronger
3862,3089,incomparable
3862,3656,stronger
3862,3823,incomparable
3862,4495,incomparable
3862,4559,incomparable
3863,302,incomparable
3863,806,incomparable
3863,1047,stronger
3863,1139,stronger
3863,1319,stronger
3863,1644,incomparable
3863,2321,stronger
3863,2428,stronger
3863,3036,stronger
3863,3551,stronger
3863,3596,stronger
3863,4387,incomparable
3864,129,stronger
3864,1227,incomparable
3864,1281,stronger
3864,1471,incomparable
3864,1501,stronger
3864,1551,stronger
3864,2582,stronger
3864,2742,stronger
3864,3001,stronger
3864,4222,stronger
3864,4452,incomparable
3864,4525,incomparable
3865,244,stronger
3865,262,incomparable
3865,301,stronger
3865,479,incomparable
3865,650,stronger
3865,711,incomparable
3865,1142,stronger
3865,1224,incomparable
3865,1379,stronger
3865,1506,incomparable
3865,2603,stronger
3865,2989,stronger
3865,4189,stronger
3866,2821,incomparable
3866,2852,incomparable
3866,2892,incomparable
3866,3488,incomparable
3866,3599,stronger
3866,4651,incomparable
3867,70,stronger
3867,512,stronger
3867,648,stronger
3867,958,stronger
3867,1149,stronger
3867,1603,stronger
3867,1997,stronger
3867,2195,stronger
3867,2366,stronger
3867,2632,stronger
3867,3197,incomparable
3868,1064,incomparable
3868,1356,stronger
3868,1466,incomparable
3868,1715,stronger
3868,1788,stronger
3868,1820,stronger
3868,1847,incomparable
3868,1934,incomparable
3868,2653,incomparable
3868,3772,stronger
3869,427,incomparable
3869,1037,incomparable
3869,1341,stronger
3869,1378,incomparable
3869,2042,incomparable
3869,2171,stronger
3869,2331,incomparable
3869,2725,incomparable
3869,3594,stronger
3869,3678,incomparable
3870,569,stronger
3870,741,stronger
3870,1382,stronger
3870,2141,stronger
3870,3267,incomparable
3870,3588,incomparable
3870,3735,stronger
3870,4019,stronger
3871,634,stronger
3871,685,stronger
3871,1233,incomparable
3871,1757,stronger
3871,1763,incomparable
3871,2234,stronger
3871,2274,incomparable
3871,2534,incomparable
3871,2875,incomparable
3871,2904,stronger
3871,3063,incomparable
3871,3071,incomparable
3871,3471,incomparable
3871,3790,incomparable
3871,3867,incomparable
3871,3896,stronger
3872,768,stronger
3872,901,incomparable
3872,1401,stronger
3872,1530,stronger
3872,1738,incomparable
3872,1823,stronger
3872,1887,incomparable
3872,2807,stronger
3872,3412,stronger
3872,4414,incomparable
3873,713,incomparable
3873,1200,stronger
3873,1343,stronger
3873,1357,stronger
3873,1358,incomparable
3873,1387,incomparable
3873,1647,incomparable
3873,1649,incomparable
3873,2586,incomparable
3873,2997,stronger
3873,3220,stronger
3873,3307,incomparable
3873,3482,incomparable
3873,3620,incomparable
3873,3853,stronger
3873,3928,incomparable
3874,288,stronger
3874,291,stronger
3874,661,incomparable
3874,913,stronger
3874,1082,incomparable
3874,1267,incomparable
3874,1864,incomparable
3874,3352,incomparable
3875,1,weaker
3875,753,stronger
3875,835,incomparable
3875,1168,stronger
3875,1182,stronger
3875,1894,incomparable
3875,1947,stronger
3875,2620,stronger
3875,3281,incomparable
3875,3370,incomparable
3875,3402,stronger
3875,3990,stronger
3876,1434,incomparable
3876,1567,stronger
3876,1845,incomparable
3876,2381,incomparable
3876,3003,stronger
3876,3803,incomparable
3876,4275,incomparable
3876,4430,incomparable
3877,350,stronger
3877,402,stronger
3877,660,incomparable
3877,777,stronger
3877,1449,incomparable
3877,1571,incomparable
3877,2032,stronger
3877,3281,incomparable
3877,3307,incomparable
3877,3666,incomparable
3877,3700,incomparable
3878,241,stronger
3878,285,stronger
3878,1579,stronger
3878,2464,incomparable
3878,2565,stronger
3878,3386,stronger
3878,3535,incomparable
3878,4356,incomparable
3879,911,stronger
3879,3088,incomparable
3879,3610,stronger
3879,3677,weaker
3879,3963,stronger
3880,655,incomparable
3880,1724,incomparable
3880,3023,stronger
3880,3108,stronger
3880,3205,stronger
3880,3234,stronger
3880,3592,stronger
3880,3597,stronger
3880,3600,incomparable
3880,3648,stronger
3880,4014,stronger
3880,4075,incomparable
3880,4512,incomparable
3881,191,stronger
3881,743,stronger
3881,779,stronger
3881,1282,stronger
3881,1589,stronger
3881,2141,stronger
3881,2402,incomparable
3881,4039,stronger
3881,4048,stronger
3882,516,incomparable
3882,2510,stronger
3882,2752,stronger
3882,3473,incomparable
3882,3662,weaker
3882,3673,incomparable
3882,4001,incomparable
3883,627,incomparable
3883,639,incomparable
3883,653,incomparable
3883,1512,stronger
3883,2165,incomparable
3883,2548,stronger
3883,2792,stronger
3883,3581,stronger
3883,4354,incomparable
3883,4390,incomparable
3883,4503,incomparable
3884,506,incomparable
3884,569,stronger
3884,579,incomparable
3884,700,stronger
3884,1013,stronger
3884,2300,incomparable
3884,3250,stronger
3884,3338,incomparable
3884,3491,incomparable
3884,3952,incomparable
3884,4057,stronger
3884,4216,incomparable
3885,77,stronger
3885,566,incomparable
3885,799,stronger
3885,2430,incomparable
3885,2756,stronger
3885,2992,incomparable
3885,3321,incomparable
3885,3530,incomparable
3885,3875,weaker
3885,4100,incomparable
3885,4305,incomparable
3885,4309,incomparable
3886,129,stronger
3886,683,stronger
3886,1039,incomparable
3886,1531,incomparable
3886,2161,incomparable
3886,2793,stronger
3886,2946,incomparable
3886,3859,stronger
3886,4213,incomparable
3886,4433,incomparable
3886,4689,incomparable
3887,823,incomparable
3887,856,incomparable
3887,1208,stronger
3887,1672,incomparable
3887,1738,incomparable
3887,1910,incomparable
3887,2707,incomparable
3887,3075,incomparable
3887,3658,stronger
3887,3702,incomparable
3887,3763,stronger
3887,3834,stronger
3887,4511,incomparable
3887,4645,incomparable
3888,1593,stronger
3888,1868,incomparable
3888,3939,incomparable
3889,78,incomparable
3889,520,incomparable
3889,2296,incomparable
3889,2394,stronger
3889,2446,incomparable
3889,2863,incomparable
3889,2874,incomparable
3889,2942,incomparable
3889,3055,incomparable
3889,3230,stronger
3890,328,incomparable
3890,1396,stronger
3890,1447,incomparable
3890,1599,stronger
3890,2359,stronger
3890,2850,incomparable
3890,2874,incomparable
3890,3832,stronger
3890,4600,incomparable
3891,1262,incomparable
3891,1328,incomparable
3891,3284,incomparable
3891,3724,incomparable
3891,4077,incomparable
3892,917,incomparable
3892,1004,incomparable
3892,1218,stronger
3892,1439,incomparable
3892,1478,incomparable
3892,1622,stronger
3892,1761,incomparable
3892,1775,stronger
3892,1838,incomparable
3892,1938,stronger
3892,2810,stronger
3892,3353,incomparable
3892,3528,incomparable
3892,3590,stronger
3892,4201,stronger
3892,4542,incomparable
3893,57,incomparable
3893,110,incomparable
3893,152,incomparable
3893,195,stronger
3893,354,stronger
3893,1355,incomparable
3893,1938,stronger
3893,2243,incomparable
3893,2374,stronger
3893,3108,incomparable
3893,3434,stronger
3893,4386,incomparable
3893,4567,incomparable
3893,4641,incomparable
3894,305,stronger
3894,1415,incomparable
3894,1548,stronger
3894,2868,incomparable
3894,3244,stronger
3894,3434,stronger
3894,4406,incomparable
3894,4490,incomparable
3895,239,stronger
3895,527,stronger
3895,964,incomparable
3895,991,stronger
3895,1012,stronger
3895,2998,incomparable
3896,1231,incomparable
3896,2072,incomparable
3896,2395,stronger
3896,3785,stronger
3896,4662,incomparable
3897,109,incomparable
3897,541,stronger
3897,1464,incomparable
3897,1524,stronger
3897,2067,incomparable
3897,3079,incomparable
3897,3328,incomparable
3897,3478,incomparable
3897,4042,stronger
3898,983,stronger
3898,1326,stronger
3898,2580,stronger
3898,3244,stronger
3899,170,incomparable
3899,557,stronger
3899,647,incomparable
3899,2253,incomparable
3899,2272,incomparable
3899,3832,incomparable
3899,4461,incomparable
3900,137,stronger
3900,1178,stronger
3900,1771,stronger
3900,1879,incomparable
3900,4507,incomparable
3900,4637,incomparable
3900,4648,incomparable
3901,113,incomparable
3901,274,incomparable
3901,321,incomparable
3901,373,stronger
3901,704,incomparable
3901,1579,stronger
3901,1675,incomparable
3901,2051,incomparable
3901,3048,stronger
3901,3682,incomparable
3901,3799,stronger
3901,3970,stronger
3901,4560,incomparable
3902,181,stronger
3902,222,incomparable
3902,871,stronger
3902,959,stronger
3902,1235,incomparable
3902,1708,stronger
3902,1884,incomparable
3902,1964,incomparable
3902,3745,incomparable
3903,687,stronger
3903,867,incomparable
3903,1432,incomparable
3903,1881,incomparable
3903,1944,stronger
3903,2011,stronger
3903,2441,incomparable
3903,2773,stronger
3903,4127,incomparable
3904,329,incomparable
3904,500,incomparable
3904,843,incomparable
3904,913,stronger
3904,1254,incomparable
3904,2207,incomparable
3904,2662,incomparable
3904,2932,stronger
3904,3334,incomparable
3904,3540,incomparable
3904,3823,incomparable
3904,4235,stronger
3904,4453,incomparable
3904,4478,incomparable
3905,229,incomparable
3905,557,stronger
3905,805,stronger
3905,923,stronger
3905,1454,incomparable
3905,1988,stronger
3905,2294,incomparable
3905,3974,stronger
3905,4055,stronger
3905,4512,incomparable
3906,222,incomparable
3906,1443,incomparable
3906,1754,stronger
3906,1948,stronger
3906,2504,incomparable
3906,2603,stronger
3906,2971,stronger
3906,3367,incomparable
3906,3439,stronger
3906,3469,incomparable
3906,3551,stronger
3906,4311,incomparable
3907,191,stronger
3907,1544,stronger
3907,2156,incomparable
3907,2936,incomparable
3907,4275,incomparable
3907,4288,incomparable
3907,4553,incomparable
3908,27,incomparable
3908,691,stronger
3908,752,incomparable
3908,771,stronger
3908,785,stronger
3908,897,incomparable
3908,1245,incomparable
3908,1333,stronger
3908,1903,stronger
3908,2004,incomparable
3908,2067,incomparable
3908,2069,incomparable
3908,2105,incomparable
3908,3037,stronger
3908,3136,stronger
3908,3259,incomparable
3908,3528,incomparable
3908,4114,incomparable
3909,123,stronger
3909,203,incomparable
3909,456,incomparable
3909,702,stronger
3909,933,stronger
3909,938,stronger
3909,1242,incomparable
3909,2677,incomparable
3909,2887,incomparable
3909,3262,incomparable
3909,3360,stronger
3909,4177,stronger
3909,4554,incomparable
3910,271,incomparable
3910,830,incomparable
3910,890,stronger
3910,2238,incomparable
3910,2920,stronger
3910,3348,stronger
3910,3369,stronger
3910,3763,stronger
3911,1738,incomparable
3911,1829,stronger
3911,2287,incomparable
3911,2489,incomparable
3911,2613,incomparable
3911,3589,stronger
3911,3666,incomparable
3911,3905,weaker
3912,126,stronger
3912,174,stronger
3912,180,stronger
3912,606,stronger
3912,794,stronger
3912,856,incomparable
3912,1283,stronger
3912,1331,stronger
3912,1492,incomparable
3912,2149,stronger
3913,665,incomparable
3913,822,incomparable
3913,1767,incomparable
3913,2425,incomparable
3913,2809,stronger
3913,4692,incomparable
3914,718,stronger
3914,920,stronger
3914,1303,incomparable
3914,1416,stronger
3914,1919,stronger
3914,2681,incomparable
3914,3057,incomparable
3914,3364,incomparable
3914,3500,incomparable
3914,3629,incomparable
3914,3746,equivalent
3914,4284,weaker
3914,4682,incomparable
3915,187,stronger
3915,752,stronger
3915,833,incomparable
3915,876,stronger
3915,1183,stronger
3915,1189,stronger
3915,1453,incomparable
3915,2513,stronger
3915,2533,incomparable
3915,2715,stronger
3915,3545,incomparable
3915,3744,stronger
3916,208,incomparable
3916,437,incomparable
3916,1619,stronger
3916,1683,stronger
3916,1815,stronger
3916,2130,incomparable
3916,2381,incomparable
3916,2700,incomparable
3916,4247,stronger
3916,4309,incomparable
3917,1287,stronger
3917,1474,incomparable
3917,1680,incomparable
3917,1829,stronger
3917,3304,incomparable
3917,3621,incomparable
3917,4018,incomparable
3917,4063,stronger
3917,4210,incomparable
3917,4415,incomparable
3917,4571,incomparable
3918,334,stronger
3918,486,stronger
3918,743,stronger
3918,775,incomparable
3918,1002,stronger
3918,1087,stronger
3918,1218,stronger
3918,1295,stronger
3918,1768,stronger
3918,2237,stronger
3918,3198,stronger
3918,3210,incomparable
3918,3219,stronger
3918,3319,incomparable
3918,3473,incomparable
3919,9,incomparable
3919,577,stronger
3919,850,incomparable
3919,1393,stronger
3919,1851,incomparable
3919,2063,incomparable
3919,2160,stronger
3919,3322,incomparable
3919,3633,stronger
3919,3857,incomparable
3919,4556,incomparable
3919,4615,incomparable
3920,369,incomparable
3920,498,stronger
3920,1593,stronger
3920,4003,stronger
3920,4418,incomparable
3920,4684,incomparable
3921,490,stronger
3921,1729,incomparable
3921,1903,stronger
3921,2472,incomparable
3921,3077,incomparable
3921,3460,incomparable
3921,3786,incomparable
3921,3814,stronger
3921,4056,stronger
3921,4239,stronger
3921,4355,incomparable
3922,398,stronger
3922,900,stronger
3922,952,incomparable
3922,1560,incomparable
3922,1716,stronger
3922,3258,weaker
3922,3617,incomparable
3922,4002,stronger
3923,801,incomparable
3923,1970,incomparable
3923,3015,incomparable
3923,3441,incomparable
3923,3898,incomparable
3923,4558,incomparable
3924,113,stronger
3924,253,stronger
3924,254,stronger
3924,1691,incomparable
3924,1826,incomparable
3924,2144,incomparable
3924,2602,incomparable
3924,2967,stronger
3924,3382,stronger
3924,3493,incomparable
3924,3716,incomparable
3924,3965,incomparable
3924,4691,incomparable
3925,519,stronger
3925,1224,incomparable
3925,1550,stronger
3925,2884,incomparable
3925,3120,incomparable
3925,3503,incomparable
3925,3625,stronger
3926,553,stronger
3926,749,incomparable
3926,867,stronger
3926,1882,incomparable
3927,12,stronger
3927,110,incomparable
3927,608,incomparable
3927,1202,incomparable
3927,1603,incomparable
3927,1849,incomparable
3927,1970,incomparable
3927,2157,stronger
3927,3269,incomparable
3927,3695,incomparable
3927,3767,stronger
3927,4123,incomparable
3928,315,incomparable
3928,598,stronger
3928,1977,incomparable
3928,3075,incomparable
3928,3499,incomparable
3928,4564,incomparable
3929,662,stronger
3929,1636,incomparable
3929,1878,incomparable
3929,1899,stronger
3929,2811,stronger
3929,2997,stronger
3929,3238,stronger
3929,3251,stronger
3929,4299,incomparable
3930,892,stronger
3930,958,stronger
3930,1009,incomparable
3930,1382,stronger
3930,1977,incomparable
3930,2335,incomparable
3930,2437,stronger
3930,2944,incomparable
3930,3024,incomparable
3930,3305,incomparable
3930,3503,incomparable
3930,3870,incomparable
3930,4148,incomparable
3931,928,incomparable
3931,1783,stronger
3931,1925,incomparable
3931,2438,stronger
3931,2723,stronger
3931,2792,stronger
3932,411,incomparable
3932,976,stronger
3932,1152,incomparable
3932,1167,incomparable
3932,1665,incomparable
3932,2496,incomparable
3932,2609,incomparable
3932,2728,incomparable
3932,3867,incomparable
3932,4223,stronger
3932,4485,incomparable
3933,348,stronger
3933,491,incomparable
3933,859,stronger
3933,1372,stronger
3933,1457,incomparable
3933,1615,stronger
3933,1898,incomparable
3933,1932,incomparable
3933,2187,stronger
3933,2280,incomparable
3933,2396,stronger
3933,2732,stronger
3933,2849,incomparable
3933,3045,stronger
3933,3154,stronger
3933,3257,weaker
3933,3505,incomparable
3933,3943,incomparable
3934,428,incomparable
3934,1425,stronger
3934,1446,incomparable
3934,2238,incomparable
3934,2422,stronger
3934,3107,stronger
3934,3214,incomparable
3934,3400,stronger
3934,3402,stronger
3934,3646,stronger
3934,4031,incomparable
3934,4352,incomparable
3934,4558,incomparable
3935,348,stronger
3935,572,incomparable
3935,1404,stronger
3935,1777,stronger
3935,2263,incomparable
3935,2487,incomparable
3935,2606,stronger
3935,3212,stronger
3935,3793,stronger
3935,4337,incomparable
3935,4549,incomparable
3936,113,stronger
3936,121,stronger
3936,625,incomparable
3936,677,incomparable
3936,680,incomparable
3936,1804,stronger
3936,2048,incomparable
3936,2569,stronger
3936,2888,incomparable
3936,3383,stronger
3936,3529,weaker
3936,4218,stronger
3936,4227,stronger
3936,4271,weaker
3936,4649,incomparable
3937,169,incomparable
3937,427,incomparable
3937,914,incomparable
3937,969,stronger
3937,1116,stronger
3937,1464,incomparable
3937,1752,stronger
3937,2286,incomparable
3937,2462,incomparable
3937,2974,stronger
3937,3047,stronger
3937,3851,stronger
3937,3875,weaker
3937,4337,incomparable
3937,4549,incomparable
3938,121,stronger
3938,1447,incomparable
3938,1598,incomparable
3938,1817,stronger
3938,2372,incomparable
3938,2789,incomparable
3938,2813,stronger
3938,2893,incomparable
3938,4114,incomparable
3939,432,incomparable
3939,1219,stronger
3939,2178,stronger
3939,2693,incomparable
3939,3330,incomparable
3939,3411,stronger
3939,3934,stronger
3939,4328,incomparable
3939,4673,incomparable
3940,1015,stronger
3940,2612,stronger
3940,2656,incomparable
3940,3712,weaker
3940,3959,incomparable
3941,838,incomparable
3941,1061,incomparable
3941,1677,incomparable
3941,1721,incomparable
3941,1752,stronger
3941,1951,stronger
3941,2492,incomparable
3941,3027,stronger
3941,3132,stronger
3941,3330,weaker
3941,4314,weaker
3941,4341,weaker
3942,166,incomparable
3942,577,stronger
3942,636,stronger
3942,687,stronger
3942,1540,stronger
3942,3056,incomparable
3942,3708,incomparable
3942,3727,weaker
3942,4070,weaker
3942,4346,incomparable
3942,4467,incomparable
3943,442,incomparable
3943,1053,stronger
3943,1425,stronger
3943,1535,stronger
3943,2490,incomparable
3943,2819,stronger
3943,2939,incomparable
3943,3148,stronger
3943,4160,stronger
3943,4472,incomparable
3943,4676,incomparable
3944,337,stronger
3944,409,stronger
3944,559,stronger
3944,1645,incomparable
3944,1758,stronger
3944,2039,incomparable
3944,2212,incomparable
3944,2333,incomparable
3944,2589,stronger
3944,2593,stronger
3944,2778,incomparable
3944,2882,incomparable
3944,3249,stronger
3944,3306,weaker
3945,407,incomparable
3945,968,incomparable
3945,1134,stronger
3945,1183,stronger
3945,1703,stronger
3945,1725,stronger
3945,2178,incomparable
3945,2520,stronger
3945,2564,stronger
3945,2583,stronger
3945,3028,stronger
3945,3444,stronger
3945,3811,incomparable
3945,4480,incomparable
3946,1207,incomparable
3946,1446,incomparable
3946,1709,incomparable
3946,2599,stronger
3946,3400,stronger
3946,3957,stronger
3946,4079,weaker
3947,548,stronger
3947,685,stronger
3947,886,stronger
3947,1202,incomparable
3947,1341,stronger
3947,1448,incomparable
3947,1517,stronger
3947,1893,stronger
3947,2184,stronger
3947,3044,stronger
3947,3557,stronger
3947,3704,incomparable
3947,4555,incomparable
3947,4587,incomparable
3948,308,weaker
3948,313,incomparable
3948,332,incomparable
3948,497,stronger
3948,1178,stronger
3948,1363,stronger
3948,1928,stronger
3948,2016,stronger
3948,3265,weaker
3948,4134,weaker
3949,583,incomparable
3949,840,incomparable
3949,913,stronger
3949,1707,incomparable
3949,2190,incomparable
3949,2441,incomparable
3949,2975,stronger
3949,3666,weaker
3949,4163,stronger
3949,4612,incomparable
3950,371,incomparable
3950,526,stronger
3950,1233,incomparable
3950,1247,incomparable
3950,1710,incomparable
3950,1788,stronger
3950,2083,incomparable
3950,3051,incomparable
3950,3060,incomparable
3950,3672,weaker
3950,3882,incomparable
3950,3890,incomparable
3950,3912,incomparable
3950,4453,incomparable
3951,45,incomparable
3951,342,stronger
3951,1391,incomparable
3951,1410,incomparable
3951,1446,incomparable
3951,1744,stronger
3951,3287,incomparable
3951,3379,stronger
3951,3822,stronger
3951,4187,incomparable
3951,4283,incomparable
3952,477,incomparable
3952,883,incomparable
3952,1084,stronger
3952,1115,stronger
3952,1339,stronger
3952,1408,stronger
3952,2583,stronger
3952,2755,incomparable
3952,2860,incomparable
3952,3698,incomparable
3952,3703,incomparable
3952,4441,incomparable
3952,4646,incomparable
3953,116,stronger
3953,376,weaker
3953,423,incomparable
3953,784,stronger
3953,1288,incomparable
3953,1363,stronger
3953,1665,incomparable
3953,1743,stronger
3953,1785,stronger
3953,3275,weaker
3953,3415,equivalent
3953,3731,weaker
3953,3761,weaker
3953,4143,weaker
3954,1311,stronger
3954,1485,incomparable
3954,1708,stronger
3954,2496,incomparable
3954,2691,incomparable
3954,3286,incomparable
3954,4282,incomparable
3954,4441,incomparable
3955,102,incomparable
3955,583,stronger
3955,2618,incomparable
3955,3006,stronger
3955,3030,stronger
3955,3105,incomparable
3955,3120,stronger
3955,3146,stronger
3955,3773,stronger
3955,4105,incomparable
3956,202,stronger
3956,377,weaker
3956,702,stronger
3956,764,stronger
3956,804,stronger
3956,849,incomparable
3956,1286,incomparable
3956,1340,incomparable
3956,1742,incomparable
3956,1745,stronger
3956,1979,incomparable
3956,2024,incomparable
3956,2876,incomparable
3956,4140,weaker
3956,4464,weaker
3956,4512,weaker
3956,4513,weaker
3956,4526,weaker
3957,856,incomparable
3957,981,incomparable
3957,1103,stronger
3957,1327,stronger
3957,1538,stronger
3957,2007,stronger
3957,2094,stronger
3957,3493,weaker
3957,3726,weaker
3957,4210,weaker
3957,4286,weaker
3957,4419,weaker
3957,4551,weaker
3957,4663,weaker
3958,957,stronger
3958,1075,incomparable
3958,1640,incomparable
3958,1926,stronger
3958,2106,stronger
3958,2315,stronger
3958,3695,incomparable
3958,4534,incomparable
3959,581,stronger
3959,1106,stronger
3959,1135,stronger
3959,1210,stronger
3959,1272,incomparable
3959,1721,incomparable
3959,2731,stronger
3959,3053,incomparable
3959,3585,stronger
3959,3704,incomparable
3960,177,incomparable
3960,354,equivalent
3960,1145,stronger
3960,1328,incomparable
3960,1934,incomparable
3960,2024,incomparable
3960,2209,stronger
3960,2355,incomparable
3960,2788,stronger
3960,2977,incomparable
3960,4109,weaker
3960,4304,weaker
3960,4457,weaker
3961,102,incomparable
3961,935,stronger
3961,1158,incomparable
3961,1270,incomparable
3961,1551,stronger
3961,1605,stronger
3961,1635,incomparable
3961,3359,incomparable
3961,3441,incomparable
3961,3588,incomparable
3961,3635,stronger
3961,4392,incomparable
3961,4527,incomparable
3961,4531,incomparable
3961,4579,incomparable
3961,4688,incomparable
3962,1049,incomparable
3962,1321,stronger
3962,1454,incomparable
3962,1583,stronger
3962,2402,incomparable
3962,3194,stronger
3962,3269,incomparable
3962,3387,stronger
3962,3597,stronger
3962,4436,incomparable
3963,520,incomparable
3963,1050,incomparable
3963,1746,incomparable
3963,2119,incomparable
3963,2143,stronger
3963,2454,incomparable
3963,3853,equivalent
3963,4413,weaker
3963,4426,weaker
3964,474,incomparable
3964,592,stronger
3964,674,stronger
3964,2331,incomparable
3964,2679,incomparable
3964,2788,stronger
3964,3110,stronger
3964,3777,incomparable
3964,4293,incomparable
3964,4642,incomparable
3965,284,stronger
3965,645,incomparable
3965,1539,stronger
3965,1560,incomparable
3965,2349,incomparable
3966,361,weaker
3966,652,incomparable
3966,1184,incomparable
3966,1664,incomparable
3966,2276,incomparable
3966,2611,stronger
3966,3480,weaker
3966,4123,weaker
3966,4466,weaker
3966,4532,weaker
3967,835,incomparable
3967,1338,stronger
3967,1566,stronger
3967,1696,stronger
3967,3332,weaker
3967,3373,equivalent
3967,3863,weaker
3967,4271,weaker
3967,4340,weaker
3967,4681,weaker
3968,656,incomparable
3968,1470,incomparable
3968,1523,incomparable
3968,1630,incomparable
3968,2085,incomparable
3968,3953,stronger
3968,4555,incomparable
3968,4593,weaker
3969,712,stronger
3969,905,stronger
3969,2027,stronger
3969,2239,incomparable
3969,2303,incomparable
3969,2831,incomparable
3969,2864,incomparable
3969,3865,weaker
3970,233,stronger
3970,257,incomparable
3970,1095,stronger
3970,1195,stronger
3970,1640,incomparable
3970,2155,stronger
3970,3009,stronger
3970,3395,equivalent
3970,3634,weaker
3970,3909,weaker
3971,46,equivalent
3971,188,stronger
3971,641,incomparable
3971,880,incomparable
3971,1155,incomparable
3971,1650,incomparable
3971,1676,incomparable
3971,2473,incomparable
3971,2593,stronger
3971,2601,incomparable
3971,3116,incomparable
3971,3151,stronger
3971,3899,weaker
3971,4327,weaker
3972,262,incomparable
3972,304,stronger
3972,419,incomparable
3972,1107,stronger
3972,1159,stronger
3972,1328,stronger
3972,1508,stronger
3972,1958,incomparable
3972,2149,stronger
3972,2868,incomparable
3972,3338,incomparable
3972,3935,incomparable
3972,4492,incomparable
3973,630,incomparable
3973,668,stronger
3973,782,incomparable
3973,1106,stronger
3973,1129,incomparable
3973,1177,stronger
3973,2958,incomparable
3973,3213,stronger
3973,3556,incomparable
3973,3923,incomparable
3973,4511,incomparable
3973,4672,incomparable
3973,4685,incomparable
3974,72,incomparable
3974,627,incomparable
3974,756,stronger
3974,1992,incomparable
3974,4076,weaker
3975,17,stronger
3975,25,incomparable
3975,434,incomparable
3975,757,incomparable
3975,907,incomparable
3975,1336,incomparable
3975,1567,stronger
3975,1906,stronger
3975,2396,stronger
3975,2731,stronger
3975,2744,incomparable
3975,3690,weaker
3975,4102,weaker
3975,4255,equivalent
3975,4281,weaker
3975,4327,weaker
3975,4537,weaker
3976,645,incomparable
3976,724,stronger
3976,1433,incomparable
3976,1930,stronger
3976,2643,stronger
3976,2670,incomparable
3976,3133,stronger
3976,3845,stronger
3977,1736,stronger
3977,1829,stronger
3977,2048,incomparable
3977,2382,stronger
3977,2546,incomparable
3977,2778,incomparable
3977,3175,stronger
3977,3737,weaker
3977,3762,weaker
3977,4042,equivalent
3978,447,incomparable
3978,538,stronger
3978,667,incomparable
3978,712,stronger
3978,2973,incomparable
3978,3333,weaker
3978,3938,weaker
3978,4302,weaker
3978,4452,weaker
3979,347,incomparable
3979,620,incomparable
3979,1022,incomparable
3979,1133,incomparable
3979,1720,stronger
3979,3437,stronger
3979,3619,stronger
3979,3825,stronger
3979,3948,incomparable
3979,4508,incomparable
3980,461,incomparable
3980,645,incomparable
3980,1204,stronger
3980,1469,incomparable
3980,2591,stronger
3980,2935,stronger
3980,3661,incomparable
3980,3869,incomparable
3980,3906,incomparable
3980,3931,weaker
3980,4084,incomparable
3981,631,incomparable
3981,903,stronger
3981,1134,stronger
3981,1350,stronger
3981,1370,incomparable
3981,1538,stronger
3981,2012,stronger
3981,2225,stronger
3981,2771,stronger
3981,3465,weaker
3982,1018,stronger
3982,1319,stronger
3982,2381,incomparable
3982,2503,incomparable
3982,2555,stronger
3982,2734,incomparable
3982,3004,stronger
3982,3302,weaker
3982,3755,weaker
3982,4471,weaker
3982,4543,weaker
3983,1090,incomparable
3983,1457,incomparable
3983,1623,incomparable
3983,2619,stronger
3983,2701,stronger
3983,2707,incomparable
3983,2744,incomparable
3983,3448,equivalent
3983,4352,weaker
3984,38,incomparable
3984,647,incomparable
3984,1561,incomparable
3984,2416,stronger
3984,2614,stronger
3984,3065,incomparable
3984,3239,stronger
3984,3423,stronger
3984,4107,incomparable
3985,5,incomparable
3985,342,equivalent
3985,751,stronger
3985,1108,stronger
3985,1287,stronger
3985,2539,stronger
3985,2566,stronger
3985,2891,incomparable
3985,3289,weaker
3985,3618,equivalent
3985,3849,equivalent
3985,4266,equivalent
3985,4283,weaker
3985,4671,weaker
3986,679,incomparable
3986,721,stronger
3986,741,stronger
3986,1069,incomparable
3986,1893,stronger
3986,1959,stronger
3986,2639,stronger
3986,2896,incomparable
3986,3109,stronger
3986,3444,equivalent
3986,4384,weaker
3987,355,weaker
3987,1395,incomparable
3987,1585,stronger
3987,2506,incomparable
3987,3008,incomparable
3987,3055,incomparable
3987,3188,incomparable
3987,3195,incomparable
3987,3372,equivalent
3987,3557,equivalent
3987,4270,weaker
3988,1846,incomparable
3988,1990,stronger
3988,2425,incomparable
3988,2569,stronger
3988,2700,incomparable
3988,2753,incomparable
3988,3063,incomparable
3989,517,stronger
3989,633,incomparable
3989,936,stronger
3989,1079,stronger
3989,1091,stronger
3989,1551,stronger
3989,2297,stronger
3989,2467,incomparable
3989,2863,incomparable
3989,3030,stronger
3989,3481,incomparable
3989,3606,stronger
3989,4369,incomparable
3989,4404,incomparable
3990,16,incomparable
3990,450,incomparable
3990,1295,incomparable
3990,1458,incomparable
3990,1833,incomparable
3990,1915,stronger
3990,2645,incomparable
3990,2756,stronger
3990,3734,weaker
3990,3759,weaker
3990,4101,weaker
3991,27,incomparable
3991,609,stronger
3991,690,incomparable
3991,2487,incomparable
3991,2544,stronger
3991,2637,stronger
3991,3117,stronger
3991,3569,equivalent
3991,4066,weaker
3992,60,incomparable
3992,78,incomparable
3992,97,stronger
3992,656,incomparable
3992,836,incomparable
3992,1170,stronger
3992,1175,incomparable
3992,1378,incomparable
3992,1758,stronger
3992,2036,incomparable
3992,2185,stronger
3992,2592,incomparable
3992,2677,incomparable
3992,3829,equivalent
3992,3920,weaker
3992,4612,weaker
3993,957,stronger
3993,1265,incomparable
3993,1690,stronger
3993,2095,stronger
3993,2214,stronger
3993,2709,incomparable
3993,2727,stronger
3993,4004,stronger
3994,22,stronger
3994,887,stronger
3994,1018,stronger
3994,1240,incomparable
3994,1395,incomparable
3994,2151,stronger
3994,2217,incomparable
3994,3142,incomparable
3994,3213,stronger
3994,3629,incomparable
3994,3697,incomparable
3994,4510,incomparable
3995,122,stronger
3995,856,incomparable
3995,2061,incomparable
3995,2287,incomparable
3995,2557,stronger
3995,3367,weaker
3995,4075,weaker
3995,4194,equivalent
3995,4286,weaker
3995,4529,weaker
3996,724,stronger
3996,1348,stronger
3996,1699,incomparable
3996,1783,stronger
3996,1784,incomparable
3996,1891,stronger
3996,2270,incomparable
3996,2532,stronger
3996,3339,weaker
3996,4265,equivalent
3996,4378,weaker
3997,536,stronger
3997,600,stronger
3997,766,stronger
3997,1979,incomparable
3997,2541,incomparable
3997,2852,incomparable
3997,2878,incomparable
3997,3434,stronger
3997,3460,incomparable
3997,3525,incomparable
3997,4151,incomparable
3998,42,weaker
3998,69,stronger
3998,225,stronger
3998,247,stronger
3998,318,weaker
3998,2076,incomparable
3998,2226,stronger
3998,2580,stronger
3998,2632,stronger
3998,3078,incomparable
3998,3244,stronger
3998,3669,weaker
3998,3979,weaker
3998,4441,weaker
3998,4663,weaker
3999,191,stronger
3999,254,stronger
3999,458,incomparable
3999,1702,stronger
3999,2155,stronger
3999,4137,weaker
4000,126,stronger
4000,153,incomparable
4000,293,stronger
4000,466,incomparable
4000,719,incomparable
4000,1672,incomparable
4000,2865,incomparable
4000,3625,weaker
4000,4348,weaker
4000,4422,weaker
4000,4426,weaker
4000,4572,weaker
4000,4619,weaker
4000,4676,weaker
4001,762,stronger
4001,983,stronger
4001,1925,incomparable
4001,3013,stronger
4001,3067,incomparable
4001,3295,incomparable
4001,3676,incomparable
4001,4044,stronger
4001,4605,incomparable
4002,1205,stronger
4002,1281,incomparable
4002,2877,incomparable
4002,3727,weaker
4002,3917,weaker
4003,20,stronger
4003,26,incomparable
4003,1186,stronger
4003,2452,incomparable
4003,2864,incomparable
4003,3439,equivalent
4003,3710,weaker
4003,4164,weaker
4004,65,incomparable
4004,384,weaker
4004,860,incomparable
4004,1416,stronger
4004,2576,incomparable
4004,3454,equivalent
4004,4292,weaker
4004,4410,weaker
4005,96,stronger
4005,363,weaker
4005,412,incomparable
4005,576,stronger
4005,768,stronger
4005,991,stronger
4005,1599,stronger
4005,1835,incomparable
4005,1912,incomparable
4005,2004,incomparable
4005,2381,incomparable
4005,2857,incomparable
4005,2971,stronger
4005,3111,stronger
4005,3626,equivalent
4005,4241,equivalent
4005,4408,weaker
4005,4502,weaker
4005,4645,weaker
4006,94,stronger
4006,207,incomparable
4006,245,stronger
4006,818,incomparable
4006,1583,stronger
4006,1665,incomparable
4006,2624,stronger
4006,2758,stronger
4006,3156,stronger
4006,3348,stronger
4007,260,incomparable
4007,1279,incomparable
4007,1657,incomparable
4007,1798,stronger
4007,2541,incomparable
4007,2602,incomparable
4007,2621,stronger
4007,2679,incomparable
4007,2784,stronger
4007,3418,incomparable
4007,3642,stronger
4007,3936,incomparable
4007,4376,incomparable
4008,204,incomparable
4008,226,stronger
4008,394,equivalent
4008,2717,stronger
4008,3056,incomparable
4008,4131,weaker
4008,4140,weaker
4008,4518,weaker
4008,4694,weaker
4009,1084,stronger
4009,2067,incomparable
4009,2254,incomparable
4009,2372,incomparable
4009,2937,incomparable
4009,3555,weaker
4009,3563,equivalent
4009,3581,equivalent
4009,3788,equivalent
4009,4495,weaker
4010,82,stronger
4010,192,stronger
4010,847,incomparable
4010,909,incomparable
4010,1671,incomparable
4010,1946,stronger
4010,1992,stronger
4010,2666,incomparable
4010,2719,stronger
4010,2911,stronger
4010,4132,incomparable
4010,4405,incomparable
4010,4640,incomparable
4011,764,stronger
4011,971,stronger
4011,1892,stronger
4011,2205,stronger
4011,2252,incomparable
4011,2376,incomparable
4011,2439,stronger
4011,2585,stronger
4011,3104,stronger
4012,171,stronger
4012,195,stronger
4012,1546,stronger
4012,1564,incomparable
4012,2027,stronger
4012,2380,stronger
4012,2398,incomparable
4012,2669,incomparable
4012,2794,stronger
4012,2879,incomparable
4012,4626,weaker
4013,198,incomparable
4013,361,incomparable
4013,514,stronger
4013,578,stronger
4013,787,stronger
4013,1386,stronger
4013,2325,stronger
4013,2639,stronger
4013,2939,incomparable
4013,3696,incomparable
4013,4061,stronger
4013,4153,incomparable
4014,684,incomparable
4014,812,stronger
4014,849,incomparable
4014,1465,incomparable
4014,1988,stronger
4014,2353,stronger
4014,3132,stronger
4014,3309,incomparable
4015,723,incomparable
4015,1031,incomparable
4015,1257,incomparable
4015,1852,incomparable
4015,1998,stronger
4015,2047,incomparable
4015,2122,stronger
4015,3207,stronger
4015,3815,weaker
4015,4172,equivalent
4015,4455,weaker
4015,4603,weaker
4016,199,stronger
4016,557,stronger
4016,599,stronger
4016,668,stronger
4016,1042,incomparable
4016,3611,equivalent
4016,4271,weaker
4017,317,weaker
4017,342,equivalent
4017,489,incomparable
4017,997,stronger
4017,1391,incomparable
4017,1531,incomparable
4017,1688,stronger
4017,2390,stronger
4017,2628,incomparable
4017,2714,incomparable
4017,3096,incomparable
4017,3130,incomparable
4017,3828,weaker
4017,4092,weaker
4018,727,incomparable
4018,885,stronger
4018,1032,incomparable
4018,1171,incomparable
4018,2069,incomparable
4018,2196,incomparable
4018,2398,incomparable
4018,2464,incomparable
4018,3179,stronger
4018,3446,stronger
4018,3609,stronger
4019,436,incomparable
4019,1434,incomparable
4019,1745,stronger
4019,1756,stronger
4019,1867,incomparable
4019,1874,incomparable
4019,3045,stronger
4019,3206,stronger
4019,4226,weaker
4020,60,incomparable
4020,975,stronger
4020,1039,incomparable
4020,1808,stronger
4020,2178,incomparable
4020,3377,equivalent
4020,3565,equivalent
4020,4185,equivalent
4020,4584,weaker
4021,362,weaker
4021,626,incomparable
4021,662,incomparable
4021,1245,incomparable
4021,1452,incomparable
4021,1859,incomparable
4021,1890,incomparable
4021,2317,stronger
4021,2337,incomparable
4021,2901,stronger
4021,3088,incomparable
4021,3549,weaker
4021,3578,weaker
4021,4055,weaker
4021,4060,weaker
4021,4361,weaker
4021,4441,weaker
4022,624,incomparable
4022,1056,incomparable
4022,1268,incomparable
4022,2238,incomparable
4022,2363,stronger
4022,2891,incomparable
4022,3414,weaker
4022,3905,weaker
4022,4302,weaker
4023,289,stronger
4023,1266,incomparable
4023,2203,incomparable
4023,2501,stronger
4023,2589,stronger
4023,2644,incomparable
4023,4080,incomparable
4023,4186,stronger
4023,4677,incomparable
4024,44,equivalent
4024,622,incomparable
4024,669,incomparable
4024,1199,stronger
4024,1801,incomparable
4024,2192,stronger
4024,3231,stronger
4024,3258,weaker
4024,4055,weaker
4024,4526,weaker
4024,4642,weaker
4025,166,incomparable
4025,844,incomparable
4025,1655,incomparable
4025,2276,incomparable
4025,2379,stronger
4025,2540,incomparable
4025,3462,weaker
4025,3844,equivalent
4025,4405,weaker
4026,533,stronger
4026,675,stronger
4026,1137,incomparable
4026,1449,incomparable
4026,2038,incomparable
4026,2651,incomparable
4026,2662,incomparable
4026,2754,stronger
4026,2939,incomparable
4026,3438,stronger
4026,3453,stronger
4026,3998,stronger
4026,4068,incomparable
4026,4554,incomparable
4027,214,incomparable
4027,223,stronger
4027,493,stronger
4027,841,incomparable
4027,1403,stronger
4027,2712,incomparable
4027,2873,incomparable
4027,3102,incomparable
4027,3474,incomparable
4028,211,incomparable
4028,413,incomparable
4028,622,incomparable
4028,645,incomparable
4028,749,incomparable
4028,1789,incomparable
4028,2740,stronger
4028,2806,stronger
4029,792,stronger
4029,822,incomparable
4029,1208,stronger
4029,1527,stronger
4029,1799,stronger
4029,1814,stronger
4029,1860,incomparable
4029,2190,incomparable
4029,2285,incomparable
4029,3351,equivalent
4029,3873,weaker
4029,4004,equivalent
4029,4064,equivalent
4029,4452,weaker
4030,453,incomparable
4030,489,incomparable
4030,490,stronger
4030,567,stronger
4030,1158,incomparable
4030,1231,incomparable
4030,1376,stronger
4030,1588,stronger
4030,1687,incomparable
4030,1746,incomparable
4030,2718,stronger
4030,3027,stronger
4030,3127,stronger
4030,3698,weaker
4030,3827,equivalent
4030,3836,equivalent
4031,143,stronger
4031,1395,stronger
4031,1518,incomparable
4031,2864,incomparable
4031,3055,incomparable
4031,3250,stronger
4032,86,incomparable
4032,206,incomparable
4032,339,weaker
4032,602,stronger
4032,683,stronger
4032,1631,incomparable
4032,1784,incomparable
4032,2165,incomparable
4032,2666,incomparable
4032,3170,stronger
4032,3925,weaker
4032,3958,weaker
4032,4139,weaker
4032,4141,weaker
4033,806,incomparable
4033,2580,stronger
4033,2899,incomparable
4033,4154,weaker
4033,4365,weaker
4034,814,stronger
4034,1579,stronger
4034,1642,incomparable
4034,2072,incomparable
4034,3202,stronger
4034,3819,equivalent
4034,3962,weaker
4034,4457,weaker
4034,4563,weaker
4035,10,incomparable
4035,199,stronger
4035,217,incomparable
4035,2257,incomparable
4035,2507,incomparable
4035,3475,incomparable
4035,4567,incomparable
4035,4599,weaker
4036,679,incomparable
4036,751,stronger
4036,912,incomparable
4036,998,stronger
4036,2028,stronger
4036,2666,incomparable
4036,3037,stronger
4036,3041,stronger
4036,3192,stronger
4036,3571,equivalent
4036,3804,weaker
4036,3847,weaker
4036,4187,weaker
4036,4492,weaker
4036,4520,weaker
4036,4600,weaker
4037,819,incomparable
4037,920,stronger
4037,1346,stronger
4037,1552,incomparable
4037,1841,incomparable
4037,2206,stronger
4037,3468,weaker
4037,3776,weaker
4038,1759,incomparable
4038,3352,weaker
4038,4552,weaker
4039,273,incomparable
4039,960,incomparable
4039,1697,incomparable
4039,1783,stronger
4039,1958,incomparable
4039,2101,incomparable
4039,2937,incomparable
4039,3910,weaker
4039,3956,equivalent
4039,4071,weaker
4039,4293,weaker
4040,66,incomparable
4040,529,stronger
4040,690,incomparable
4040,742,stronger
4040,865,incomparable
4040,1282,stronger
4040,1454,incomparable
4040,2613,stronger
4040,3591,incomparable
4040,3894,incomparable
4040,4522,incomparable
4041,1097,stronger
4041,1731,incomparable
4041,2109,stronger
4041,2263,incomparable
4041,3701,weaker
4042,95,stronger
4042,282,stronger
4042,796,incomparable
4042,983,stronger
4042,1205,stronger
4042,1219,stronger
4042,1412,stronger
4042,1419,stronger
4042,2437,stronger
4042,3139,incomparable
4042,3149,incomparable
4042,3302,weaker
4042,3939,weaker
4042,4318,weaker
4042,4679,weaker
4043,1020,incomparable
4043,1395,incomparable
4043,1601,stronger
4043,1674,incomparable
4043,1759,incomparable
4043,2031,stronger
4043,2111,incomparable
4043,2636,stronger
4043,3340,weaker
4043,3570,weaker
4043,3629,weaker
4043,4069,weaker
4043,4079,weaker
4043,4387,weaker
4043,4595,weaker
4044,332,weaker
4044,452,incomparable
4044,565,stronger
4044,834,incomparable
4044,1112,incomparable
4044,1219,stronger
4044,1394,stronger
4044,2238,incomparable
4044,2260,incomparable
4044,3000,stronger
4044,4137,weaker
4044,4390,weaker
4045,30,stronger
4045,976,stronger
4045,1353,incomparable
4045,1940,stronger
4045,2983,stronger
4045,3221,stronger
4045,4224,stronger
4045,4462,incomparable
4045,4585,incomparable
4046,898,incomparable
4046,1359,stronger
4046,2165,incomparable
4046,2197,stronger
4046,2316,incomparable
4046,3892,weaker
4046,3976,weaker
4046,4538,weaker
4047,386,equivalent
4047,1198,stronger
4047,2194,stronger
4047,2352,stronger
4047,3137,stronger
4047,3792,equivalent
4047,4653,weaker
4048,473,incomparable
4048,1055,incomparable
4048,1542,stronger
4048,2789,incomparable
4048,3961,weaker
4048,4178,equivalent
4048,4538,weaker
4049,385,weaker
4049,1228,incomparable
4049,1271,incomparable
4049,1985,stronger
4049,2260,incomparable
4049,2483,incomparable
4049,2484,incomparable
4049,2527,stronger
4049,2967,stronger
4049,3577,equivalent
4049,3702,weaker
4049,3741,weaker
4050,174,stronger
4050,524,stronger
4050,1853,incomparable
4050,3570,stronger
4051,146,incomparable
4051,193,stronger
4051,277,stronger
4051,331,weaker
4051,354,equivalent
4051,403,weaker
4051,612,stronger
4051,1038,incomparable
4051,1325,incomparable
4051,1760,stronger
4051,2557,stronger
4051,2931,incomparable
4051,3336,weaker
4051,3426,weaker
4051,3610,equivalent
4051,4094,weaker
4051,4460,weaker
4051,4655,weaker
4051,4670,weaker
4052,1256,incomparable
4052,2688,incomparable
4052,2727,stronger
4052,2774,incomparable
4053,128,stronger
4053,641,incomparable
4053,648,incomparable
4053,1068,incomparable
4053,1455,incomparable
4053,1949,incomparable
4053,2927,incomparable
4053,3518,weaker
4053,3758,weaker
4054,2027,stronger
4054,2155,stronger
4054,3012,stronger
4054,3340,weaker
4054,3673,weaker
4055,653,incomparable
4055,738,stronger
4055,1117,incomparable
4055,1154,stronger
4055,1512,stronger
4055,1929,incomparable
4055,2602,incomparable
4055,2974,stronger
4055,3247,stronger
4055,3316,incomparable
4055,3863,incomparable
4055,3898,incomparable
4055,4038,stronger
4055,4071,incomparable
4055,4096,weaker
4055,4332,incomparable
4055,4403,incomparable
4056,143,stronger
4056,423,incomparable
4056,1013,stronger
4056,1046,incomparable
4056,1053,incomparable
4056,3170,stronger
4056,3249,stronger
4056,3575,equivalent
4056,4077,weaker
4056,4146,weaker
4056,4377,weaker
4057,1721,incomparable
4057,2205,stronger
4057,2245,incomparable
4057,2694,incomparable
4057,2698,stronger
4057,2840,stronger
4057,2911,stronger
4057,3170,stronger
4057,3556,weaker
4058,157,incomparable
4058,357,equivalent
4058,622,incomparable
4058,1181,incomparable
4058,1722,incomparable
4058,2232,incomparable
4058,2329,stronger
4058,2402,incomparable
4058,2749,incomparable
4058,2914,stronger
4058,3278,weaker
4058,3662,weaker
4058,3885,weaker
4058,4303,weaker
4059,146,incomparable
4059,324,weaker
4059,486,stronger
4059,1184,incomparable
4059,1459,incomparable
4059,2808,incomparable
4059,3079,incomparable
4059,3157,stronger
4059,3325,weaker
4059,3596,equivalent
4059,3780,equivalent
4059,3898,weaker
4059,4625,weaker
4059,4651,weaker
4060,419,incomparable
4060,1305,stronger
4060,1510,stronger
4060,1549,stronger
4060,1677,incomparable
4060,2567,incomparable
4060,2670,incomparable
4060,3164,stronger
4060,3456,incomparable
4060,4330,weaker
4060,4497,incomparable
4060,4692,incomparable
4061,884,stronger
4061,1281,incomparable
4061,1720,stronger
4061,2234,stronger
4061,2790,stronger
4061,2909,incomparable
4061,2936,incomparable
4061,3917,weaker
4061,4154,weaker
4061,4627,weaker
4062,305,stronger
4062,883,incomparable
4062,1243,incomparable
4062,1603,incomparable
4062,2398,incomparable
4062,2728,incomparable
4062,2853,incomparable
4062,2939,incomparable
4062,2989,stronger
4062,3441,weaker
4062,3515,weaker
4062,4341,weaker
4062,4681,weaker
4063,87,stronger
4063,132,stronger
4063,589,stronger
4063,1789,incomparable
4063,1958,incomparable
4063,2059,incomparable
4063,3450,equivalent
4063,3499,weaker
4063,3632,equivalent
4063,3700,weaker
4063,4654,weaker
4064,115,incomparable
4064,168,incomparable
4064,417,incomparable
4064,472,stronger
4064,1413,stronger
4064,1996,incomparable
4064,2716,incomparable
4064,3063,incomparable
4064,3113,incomparable
4064,3242,incomparable
4064,3327,weaker
4064,4323,weaker
4065,273,incomparable
4065,477,incomparable
4065,2544,stronger
4065,3147,stronger
4065,3623,stronger
4065,3940,stronger
4066,150,stronger
4066,367,incomparable
4066,432,incomparable
4066,523,stronger
4066,663,stronger
4066,1399,stronger
4066,1675,stronger
4066,2232,incomparable
4066,2418,stronger
4066,2981,incomparable
4066,3350,incomparable
4067,3,incomparable
4067,1165,incomparable
4067,1365,stronger
4067,1810,stronger
4067,2309,stronger
4067,2689,incomparable
4067,4028,stronger
4067,4036,stronger
4067,4443,incomparable
4068,76,stronger
4068,1137,incomparable
4068,2485,incomparable
4068,3204,stronger
4068,4153,stronger
4068,4265,stronger
4068,4688,incomparable
4069,711,incomparable
4069,812,stronger
4069,1571,incomparable
4069,2395,stronger
4069,2597,stronger
4069,2728,incomparable
4069,3141,stronger
4069,3426,incomparable
4069,3677,incomparable
4069,3773,incomparable
4069,3855,stronger
4069,4029,stronger
4069,4161,incomparable
4069,4228,stronger
4069,4628,incomparable
4070,273,incomparable
4070,1003,stronger
4070,2481,incomparable
4070,2859,incomparable
4070,2980,stronger
4070,3264,incomparable
4070,3635,stronger
4070,4070,equivalent
4070,4320,incomparable
4071,270,incomparable
4071,736,stronger
4071,827,incomparable
4071,1114,stronger
4071,1129,incomparable
4071,1434,incomparable
4071,1582,stronger
4071,2336,stronger
4071,2381,incomparable
4071,3658,stronger
4071,3979,incomparable
4071,4050,incomparable
4071,4073,incomparable
4072,79,stronger
4072,199,stronger
4072,374,stronger
4072,418,incomparable
4072,479,incomparable
4072,579,incomparable
4072,1244,incomparable
4072,2507,incomparable
4072,3866,incomparable
4073,583,stronger
4073,912,stronger
4073,1167,incomparable
4073,1757,stronger
4073,3053,incomparable
4073,3213,stronger
4073,3792,stronger
4074,302,incomparable
4074,573,stronger
4074,672,incomparable
4074,977,incomparable
4074,2244,incomparable
4074,2320,stronger
4074,2579,incomparable
4074,3203,stronger
4074,3211,incomparable
4074,4120,incomparable
4074,4305,incomparable
4074,4572,incomparable
4074,4663,incomparable
4074,4688,incomparable
4075,1179,stronger
4075,2179,stronger
4075,2237,stronger
4075,3250,stronger
4075,3599,stronger
4075,4092,incomparable
4075,4580,incomparable
4076,471,stronger
4076,1560,incomparable
4076,1612,stronger
4076,2096,stronger
4076,2161,incomparable
4076,2464,stronger
4076,2486,stronger
4076,3351,stronger
4076,4430,incomparable
4077,86,incomparable
4077,228,incomparable
4077,433,incomparable
4077,923,stronger
4077,1160,stronger
4077,1180,incomparable
4077,1483,incomparable
4077,2430,incomparable
4077,2544,stronger
4077,2557,stronger
4077,2733,incomparable
4077,3915,incomparable
4077,4077,equivalent
4077,4287,incomparable
4078,333,incomparable
4078,452,incomparable
4078,820,incomparable
4078,866,stronger
4078,1006,stronger
4078,1216,stronger
4078,1366,incomparable
4078,1694,incomparable
4078,2429,stronger
4078,2661,incomparable
4078,2703,stronger
4078,2981,incomparable
4078,3357,stronger
4078,3857,incomparable
4079,241,stronger
4079,1213,stronger
4079,1253,incomparable
4079,2005,stronger
4079,2401,stronger
4079,3514,incomparable
4079,3538,incomparable
4079,4601,incomparable
4079,4640,incomparable
4079,4694,incomparable
4080,615,incomparable
4080,642,incomparable
4080,958,stronger
4080,1008,stronger
4080,1471,incomparable
4080,1478,incomparable
4080,1617,stronger
4080,1622,stronger
4080,1994,stronger
4080,2033,stronger
4080,2246,incomparable
4080,2807,stronger
4080,3378,stronger
4080,3793,stronger
4080,4199,stronger
4081,941,stronger
4081,1270,incomparable
4081,3501,incomparable
4081,3881,incomparable
4081,4492,incomparable
4081,4542,incomparable
4082,157,incomparable
4082,366,stronger
4082,1149,stronger
4082,1330,stronger
4082,1599,stronger
4082,2132,incomparable
4082,2474,incomparable
4082,2541,incomparable
4082,2648,incomparable
4082,2751,stronger
4082,3424,stronger
4082,3600,incomparable
4082,3650,stronger
4082,3776,incomparable
4082,3859,stronger
4082,3968,incomparable
4082,4029,stronger
4082,4036,stronger
4083,119,stronger
4083,123,stronger
4083,140,stronger
4083,968,stronger
4083,1226,incomparable
4083,1421,stronger
4083,1446,incomparable
4083,1613,stronger
4083,1722,incomparable
4083,3550,stronger
4083,3783,stronger
4083,4215,stronger
4084,454,incomparable
4084,1031,incomparable
4084,1321,stronger
4084,1335,stronger
4084,1359,stronger
4084,1519,incomparable
4084,2017,stronger
4084,2041,incomparable
4084,2074,incomparable
4084,2374,stronger
4084,2481,incomparable
4084,3204,stronger
4084,3395,stronger
4084,3584,stronger
4084,4491,incomparable
4084,4639,incomparable
4085,381,incomparable
4085,847,incomparable
4085,1176,stronger
4085,1257,incomparable
4085,1594,incomparable
4085,1602,stronger
4085,1713,incomparable
4085,2263,incomparable
4085,2434,stronger
4085,3033,stronger
4085,3392,incomparable
4085,3482,incomparable
4085,4069,weaker
4085,4328,incomparable
4085,4629,incomparable
4086,879,incomparable
4086,1096,incomparable
4086,1321,stronger
4086,1604,stronger
4086,2575,stronger
4086,3464,incomparable
4086,3555,incomparable
4086,3839,stronger
4086,3982,stronger
4087,427,incomparable
4087,723,incomparable
4087,1291,incomparable
4087,1361,incomparable
4087,1679,incomparable
4087,1795,stronger
4087,1826,incomparable
4087,1926,stronger
4087,1932,incomparable
4087,1948,stronger
4087,2238,incomparable
4087,2517,incomparable
4087,3527,incomparable
4087,4636,incomparable
4088,411,incomparable
4088,864,incomparable
4088,1034,incomparable
4088,1085,incomparable
4088,1840,incomparable
4088,1968,stronger
4088,2705,stronger
4088,2738,stronger
4088,4400,incomparable
4088,4427,incomparable
4089,166,incomparable
4089,274,incomparable
4089,461,incomparable
4089,629,incomparable
4089,640,incomparable
4089,897,incomparable
4089,1004,incomparable
4089,1052,incomparable
4089,1087,stronger
4089,1470,incomparable
4089,1663,incomparable
4089,1864,incomparable
4089,2040,incomparable
4089,2501,stronger
4089,2736,incomparable
4089,3889,incomparable
4089,3972,incomparable
4090,149,stronger
4090,762,stronger
4090,793,stronger
4090,1555,stronger
4090,2006,stronger
4090,2108,stronger
4090,2280,incomparable
4090,3014,stronger
4090,3772,stronger
4090,3973,incomparable
4090,4081,incomparable
4090,4674,incomparable
4091,214,incomparable
4091,249,stronger
4091,746,incomparable
4091,965,stronger
4091,1730,stronger
4091,2577,stronger
4091,2895,incomparable
4091,3335,incomparable
4091,3712,incomparable
4091,3902,incomparable
4091,3984,incomparable
4091,4042,stronger
4091,4158,incomparable
4091,4572,incomparable
4091,4603,incomparable
4091,4685,incomparable
4092,104,incomparable
4092,112,incomparable
4092,2996,stronger
4092,3264,incomparable
4092,3398,incomparable
4092,4152,incomparable
4092,4254,stronger
4092,4587,incomparable
4093,149,stronger
4093,558,stronger
4093,2256,incomparable
4093,2729,stronger
4093,2891,incomparable
4093,3271,incomparable
4093,3362,stronger
4093,4423,incomparable
4094,277,stronger
4094,455,incomparable
4094,541,incomparable
4094,709,incomparable
4094,727,incomparable
4094,812,stronger
4094,1030,incomparable
4094,1119,incomparable
4094,1735,stronger
4094,1752,stronger
4094,2106,stronger
4094,2649,incomparable
4094,2654,incomparable
4094,2837,stronger
4094,2938,stronger
4094,3059,incomparable
4094,3310,incomparable
4094,3483,incomparable
4094,3630,stronger
4094,3664,incomparable
4094,4138,incomparable
4094,4237,stronger
4094,4553,incomparable
4094,4561,incomparable
4094,4594,incomparable
4094,4623,incomparable
4095,12,incomparable
4095,501,incomparable
4095,582,stronger
4095,1434,incomparable
4095,1593,stronger
4095,2025,stronger
4095,2320,stronger
4095,3469,incomparable
4095,3911,stronger
4095,4052,stronger
4095,4368,incomparable
4095,4445,incomparable
4096,17,stronger
4096,62,stronger
4096,227,stronger
4096,645,incomparable
4096,1356,stronger
4096,1850,incomparable
4096,2586,incomparable
4096,3442,stronger
4096,3761,incomparable
4096,4153,incomparable
4097,400,stronger
4097,1238,incomparable
4097,1304,incomparable
4097,1314,stronger
4097,2049,incomparable
4097,2896,incomparable
4097,3778,stronger
4097,4044,stronger
4097,4342,incomparable
4097,4409,incomparable
4097,4576,incomparable
4098,261,incomparable
4098,2327,incomparable
4098,2380,stronger
4098,2490,incomparable
4098,2966,stronger
4098,3243,stronger
4099,1788,stronger
4099,1953,incomparable
4099,2252,incomparable
4099,2652,incomparable
4099,2904,stronger
4099,3170,stronger
4099,3616,stronger
4099,4022,stronger
4099,4089,stronger
4099,4215,stronger
4099,4625,incomparable
4100,369,incomparable
4100,602,stronger
4100,915,stronger
4100,1983,incomparable
4100,2309,stronger
4100,2914,stronger
4100,2918,stronger
4100,2937,incomparable
4100,3456,incomparable
4100,4005,stronger
4101,978,incomparable
4101,1771,stronger
4101,1990,stronger
4101,3188,incomparable
4101,3573,incomparable
4101,3579,stronger
4101,3993,incomparable
4101,4530,incomparable
4102,110,incomparable
4102,508,incomparable
4102,1010,stronger
4102,1239,incomparable
4102,1342,stronger
4102,1868,incomparable
4102,2122,stronger
4102,2711,stronger
4102,2757,incomparable
4102,3718,incomparable
4103,116,stronger
4103,501,incomparable
4103,910,incomparable
4103,1033,incomparable
4103,1106,stronger
4103,1387,incomparable
4103,1448,incomparable
4103,1571,incomparable
4103,1988,stronger
4103,2442,incomparable
4103,2514,stronger
4103,2832,stronger
4103,2948,stronger
4103,3111,stronger
4103,3521,incomparable
4103,3725,incomparable
4103,4072,weaker
4103,4292,incomparable
4103,4375,incomparable
4103,4515,incomparable
4104,260,incomparable
4104,364,incomparable
4104,400,stronger
4104,571,stronger
4104,846,incomparable
4104,859,incomparable
4104,2917,incomparable
4104,3297,incomparable
4104,3546,incomparable
4104,3590,stronger
4104,3698,incomparable
4104,3719,incomparable
4104,3927,incomparable
4104,4118,incomparable
4105,162,incomparable
4105,543,incomparable
4105,1194,stronger
4105,1734,incomparable
4105,2386,stronger
4105,2486,incomparable
4105,2723,stronger
4105,3374,stronger
4105,3896,incomparable
4105,4509,incomparable
4106,70,stronger
4106,1537,stronger
4106,1958,incomparable
4106,1966,incomparable
4106,2657,incomparable
4106,2924,stronger
4106,3105,incomparable
4106,3486,incomparable
4106,4027,incomparable
4107,561,stronger
4107,905,stronger
4107,1391,incomparable
4107,1407,stronger
4107,1419,stronger
4107,1657,incomparable
4107,2723,stronger
4107,3625,incomparable
4107,4108,incomparable
4107,4217,incomparable
4107,4302,incomparable
4107,4535,incomparable
4108,539,stronger
4108,569,stronger
4108,685,stronger
4108,1065,incomparable
4108,1271,incomparable
4108,1485,incomparable
4108,1879,incomparable
4108,2926,stronger
4108,3329,incomparable
4108,3470,incomparable
4108,3743,incomparable
4108,3775,stronger
4109,37,stronger
4109,51,incomparable
4109,184,stronger
4109,763,stronger
4109,2050,incomparable
4109,2329,stronger
4109,2597,stronger
4109,2656,incomparable
4109,3515,incomparable
4109,4339,incomparable
4109,4536,incomparable
4109,4655,incomparable
4110,517,stronger
4110,833,incomparable
4110,1553,stronger
4110,2592,incomparable
4110,2692,incomparable
4110,2815,stronger
4110,3023,stronger
4110,3167,incomparable
4110,3193,incomparable
4110,3466,incomparable
4110,3496,incomparable
4110,4045,incomparable
4110,4623,weaker
4111,194,incomparable
4111,256,incomparable
4111,535,stronger
4111,1157,stronger
4111,2405,stronger
4111,2813,stronger
4111,3051,incomparable
4111,3779,stronger
4111,4178,stronger
4111,4371,incomparable
4111,4392,incomparable
4111,4525,incomparable
4112,280,incomparable
4112,643,incomparable
4112,1218,stronger
4112,1389,stronger
4112,1394,stronger
4112,1553,stronger
4112,2394,stronger
4112,2734,incomparable
4112,3057,incomparable
4112,3342,incomparable
4112,3446,stronger
4112,3763,stronger
4112,4273,incomparable
4112,4461,incomparable
4112,4499,incomparable
4112,4538,incomparable
4112,4664,incomparable
4113,136,stronger
4113,249,stronger
4113,622,incomparable
4113,919,incomparable
4113,1973,stronger
4113,2698,stronger
4113,3017,stronger
4113,3629,incomparable
4113,3785,stronger
4113,3932,incomparable
4113,4012,stronger
4113,4396,incomparable
4114,141,stronger
4114,1942,stronger
4114,2264,incomparable
4114,2707,incomparable
4114,2966,stronger
4114,3606,stronger
4114,4109,incomparable
4115,166,incomparable
4115,401,stronger
4115,619,incomparable
4115,1677,incomparable
4115,2104,stronger
4115,2373,incomparable
4115,2539,stronger
4115,2773,stronger
4115,3057,incomparable
4115,3268,incomparable
4115,3470,incomparable
4115,3672,incomparable
4115,4141,incomparable
4115,4601,incomparable
4115,4685,incomparable
4116,501,incomparable
4116,580,stronger
4116,631,incomparable
4116,876,stronger
4116,1153,stronger
4116,1212,incomparable
4116,1777,stronger
4116,1793,incomparable
4116,1969,stronger
4116,2033,stronger
4116,2255,incomparable
4116,3163,incomparable
4116,3280,incomparable
4116,3448,stronger
4116,3462,incomparable
4117,29,incomparable
4117,452,incomparable
4117,2031,stronger
4117,2272,stronger
4117,2639,stronger
4117,2691,incomparable
4117,2799,incomparable
4117,3250,stronger
4117,3308,weaker
4117,3915,incomparable
4117,4186,stronger
4117,4284,weaker
4118,751,stronger
4118,988,stronger
4118,1048,incomparable
4118,1219,stronger
4118,2550,stronger
4118,2767,stronger
4118,3462,incomparable
4118,3940,stronger
4119,69,stronger
4119,966,stronger
4119,1060,incomparable
4119,1096,incomparable
4119,1164,stronger
4119,1515,incomparable
4119,1835,incomparable
4119,1916,incomparable
4119,3280,incomparable
4119,3756,incomparable
4119,4191,stronger
4119,4212,stronger
4119,4563,incomparable
4120,83,stronger
4120,427,incomparable
4120,551,stronger
4120,567,stronger
4120,881,stronger
4120,1055,incomparable
4120,1398,stronger
4120,2070,incomparable
4120,2126,incomparable
4120,2287,stronger
4120,4590,incomparable
4121,992,stronger
4121,1103,stronger
4121,1550,stronger
4121,1608,stronger
4121,1876,incomparable
4121,1959,stronger
4121,2206,stronger
4121,2228,stronger
4121,2487,stronger
4121,2762,stronger
4121,3315,incomparable
4121,4431,incomparable
4122,390,stronger
4122,547,stronger
4122,1448,incomparable
4122,1807,stronger
4122,1811,incomparable
4122,1872,incomparable
4122,2109,stronger
4122,2115,incomparable
4122,2249,incomparable
4122,2293,incomparable
4122,2810,stronger
4122,3067,incomparable
4122,3111,stronger
4122,3600,incomparable
4122,3805,stronger
4122,3987,stronger
4122,4022,stronger
4122,4049,stronger
4122,4113,incomparable
4122,4176,incomparable
4123,431,stronger
4123,462,stronger
4123,552,stronger
4123,601,stronger
4123,1005,stronger
4123,1831,stronger
4123,1863,incomparable
4123,2647,incomparable
4123,3189,stronger
4123,4210,incomparable
4123,4564,incomparable
4123,4596,incomparable
4124,17,stronger
4124,865,stronger
4124,978,incomparable
4124,1680,stronger
4124,2057,incomparable
4124,2288,stronger
4124,2639,stronger
4124,2700,incomparable
4124,2717,stronger
4124,2772,stronger
4124,3005,stronger
4124,3351,stronger
4125,61,stronger
4125,217,stronger
4125,629,incomparable
4125,1663,incomparable
4125,3055,incomparable
4125,3504,incomparable
4125,3562,incomparable
4125,4310,incomparable
4126,556,incomparable
4126,744,incomparable
4126,1251,incomparable
4126,1538,stronger
4126,2335,incomparable
4126,2429,stronger
4126,3429,stronger
4126,3440,stronger
4126,3765,incomparable
4126,3851,stronger
4126,4481,incomparable
4127,224,incomparable
4127,839,incomparable
4127,1131,incomparable
4127,1470,stronger
4127,1593,stronger
4127,1732,stronger
4127,2669,incomparable
4127,3688,incomparable
4127,3940,stronger
4127,4070,incomparable
4127,4559,incomparable
4128,56,incomparable
4128,444,incomparable
4128,586,stronger
4128,912,stronger
4128,2017,stronger
4128,2112,stronger
4128,2365,stronger
4128,2618,incomparable
4128,2791,incomparable
4128,3048,stronger
4128,3448,stronger
4128,3515,incomparable
4128,3938,stronger
4128,4603,incomparable
4129,8,incomparable
4129,450,incomparable
4129,1136,stronger
4129,2506,incomparable
4129,2826,incomparable
4129,2861,incomparable
4129,3272,incomparable
4129,3678,incomparable
4129,4052,stronger
4129,4284,incomparable
4129,4381,incomparable
4129,4508,incomparable
4129,4512,incomparable
4130,109,incomparable
4130,669,incomparable
4130,820,incomparable
4130,1231,incomparable
4130,2435,incomparable
4130,3222,incomparable
4130,4586,incomparable
4131,66,incomparable
4131,102,incomparable
4131,427,incomparable
4131,519,stronger
4131,2320,stronger
4131,2859,incomparable
4131,2881,incomparable
4131,2970,stronger
4131,3330,incomparable
4131,3836,stronger
4131,4096,incomparable
4131,4198,stronger
4131,4230,stronger
4131,4374,incomparable
4131,4461,incomparable
4132,434,incomparable
4132,814,stronger
4132,1196,stronger
4132,1247,incomparable
4132,1322,incomparable
4132,1485,incomparable
4132,2805,incomparable
4132,3117,stronger
4132,3261,incomparable
4133,79,stronger
4133,716,incomparable
4133,1008,stronger
4133,1339,stronger
4133,1666,stronger
4133,1869,incomparable
4133,1965,stronger
4133,2398,incomparable
4133,2929,stronger
4133,2956,incomparable
4133,3340,incomparable
4133,3588,incomparable
4133,3975,stronger
4133,4472,incomparable
4134,237,stronger
4134,403,stronger
4134,489,incomparable
4134,645,incomparable
4134,1489,incomparable
4134,3490,incomparable
4134,4255,stronger
4134,4345,incomparable
4134,4605,incomparable
4135,181,stronger
4135,596,stronger
4135,935,stronger
4135,939,stronger
4135,2117,stronger
4135,2432,stronger
4135,2743,incomparable
4135,2744,incomparable
4135,2834,stronger
4135,3249,stronger
4136,471,stronger
4136,688,stronger
4136,1192,incomparable
4136,1631,incomparable
4136,3374,stronger
4136,3695,incomparable
4136,4396,incomparable
4137,25,incomparable
4137,76,stronger
4137,133,stronger
4137,1266,incomparable
4137,1963,stronger
4137,2133,stronger
4137,2267,incomparable
4137,3054,incomparable
4137,3193,incomparable
4137,3438,stronger
4137,3721,incomparable
4137,4401,incomparable
4138,179,incomparable
4138,1395,stronger
4138,1544,stronger
4138,2261,stronger
4138,2447,incomparable
4138,2673,incomparable
4138,2739,stronger
4138,3814,stronger
4138,4544,incomparable
4139,852,incomparable
4139,916,incomparable
4139,1529,stronger
4139,2046,incomparable
4139,2851,incomparable
4139,3114,stronger
4139,3514,weaker
4139,3612,incomparable
4139,3902,incomparable
4139,4551,incomparable
4139,4561,incomparable
4139,4634,weaker
4140,1138,stronger
4140,1688,stronger
4140,2407,stronger
4140,3400,stronger
4140,4331,incomparable
4140,4346,incomparable
4141,676,incomparable
4141,906,incomparable
4141,1894,incomparable
4141,3878,incomparable
4141,3927,incomparable
4141,3967,stronger
4141,4238,incomparable
4141,4243,incomparable
4141,4299,incomparable
4142,56,incomparable
4142,301,stronger
4142,404,stronger
4142,1288,incomparable
4142,1763,incomparable
4142,2060,incomparable
4142,2481,incomparable
4142,2529,stronger
4142,3054,incomparable
4142,3274,incomparable
4143,419,incomparable
4143,690,incomparable
4143,750,stronger
4143,1140,stronger
4143,1175,incomparable
4143,2811,stronger
4143,3910,incomparable
4143,4016,stronger
4143,4105,incomparable
4143,4384,incomparable
4143,4605,incomparable
4143,4656,weaker
4143,4660,incomparable
4144,28,incomparable
4144,141,stronger
4144,188,stronger
4144,567,stronger
4144,1706,stronger
4144,1862,incomparable
4144,2168,stronger
4144,2419,stronger
4145,287,stronger
4145,578,stronger
4145,706,incomparable
4145,880,incomparable
4145,1292,stronger
4145,1642,stronger
4145,1767,incomparable
4145,2153,stronger
4145,2506,incomparable
4145,2992,incomparable
4145,3326,weaker
4145,3871,incomparable
4146,28,incomparable
4146,1274,stronger
4146,1531,stronger
4146,1753,stronger
4146,1820,stronger
4146,2117,stronger
4146,2370,incomparable
4146,2935,stronger
4146,3390,stronger
4146,3542,incomparable
4146,3935,incomparable
4146,4152,stronger
4146,4430,incomparable
4147,160,incomparable
4147,172,incomparable
4147,435,stronger
4147,1609,stronger
4147,1812,stronger
4147,3412,stronger
4147,3526,weaker
4147,3832,incomparable
4147,3958,incomparable
4147,4253,incomparable
4147,4343,incomparable
4148,389,stronger
4148,849,incomparable
4148,960,incomparable
4148,1467,incomparable
4148,2402,incomparable
4148,2660,incomparable
4148,2821,incomparable
4148,4265,stronger
4148,4288,weaker
4148,4382,incomparable
4148,4572,incomparable
4149,417,incomparable
4149,1365,stronger
4149,1678,stronger
4149,1912,incomparable
4149,2060,incomparable
4149,2465,stronger
4149,2666,incomparable
4149,3069,incomparable
4149,3569,stronger
4149,3733,stronger
4149,4321,incomparable
4150,249,stronger
4150,2503,incomparable
4150,2532,stronger
4150,2545,stronger
4150,3556,incomparable
4150,3921,incomparable
4150,3932,incomparable
4150,4220,stronger
4151,168,incomparable
4151,269,incomparable
4151,965,stronger
4151,1259,incomparable
4151,1458,incomparable
4151,1587,incomparable
4151,1613,incomparable
4151,2424,stronger
4151,2557,stronger
4151,2688,incomparable
4151,2748,stronger
4151,3164,stronger
4151,3695,incomparable
4151,4507,incomparable
4152,683,stronger
4152,1095,stronger
4152,1488,incomparable
4152,1773,stronger
4152,2345,stronger
4152,2543,incomparable
4152,2635,stronger
4152,2955,stronger
4152,3928,incomparable
4153,390,stronger
4153,1077,stronger
4153,2123,stronger
4153,2135,incomparable
4153,2911,stronger
4153,3120,incomparable
4153,3282,incomparable
4153,3292,incomparable
4153,4427,incomparable
4153,4520,incomparable
4154,96,stronger
4154,1219,stronger
4154,1899,stronger
4154,1974,stronger
4154,1980,stronger
4154,2076,incomparable
4154,2432,stronger
4154,2727,stronger
4154,2863,incomparable
4154,3150,incomparable
4154,3528,incomparable
4154,3658,stronger
4155,260,incomparable
4155,2369,stronger
4155,2514,stronger
4155,3414,incomparable
4155,4087,incomparable
4155,4458,incomparable
4156,630,incomparable
4156,1901,stronger
4156,3104,stronger
4156,3445,equivalent
4156,3838,equivalent
4157,368,incomparable
4157,1152,incomparable
4157,1184,incomparable
4157,1699,incomparable
4157,2475,incomparable
4157,2861,incomparable
4157,3186,stronger
4157,4058,stronger
4157,4477,incomparable
4157,4567,incomparable
4157,4659,incomparable
4158,658,incomparable
4158,810,stronger
4158,1148,stronger
4158,1737,stronger
4158,2093,incomparable
4158,2465,incomparable
4158,2538,incomparable
4158,3484,incomparable
4158,3738,incomparable
4158,4117,incomparable
4158,4129,incomparable
4158,4441,incomparable
4159,347,weaker
4159,1416,stronger
4159,1673,incomparable
4159,2607,stronger
4159,3218,incomparable
4159,3297,weaker
4160,768,stronger
4160,778,incomparable
4160,799,stronger
4160,1195,stronger
4160,2457,incomparable
4160,2532,stronger
4160,2659,incomparable
4160,3090,incomparable
4160,3603,equivalent
4160,4134,weaker
4161,148,stronger
4161,709,stronger
4161,867,incomparable
4161,1164,stronger
4161,1679,incomparable
4161,1796,stronger
4161,2992,incomparable
4161,3232,stronger
4161,3477,incomparable
4161,4090,weaker
4161,4408,incomparable
4162,568,stronger
4162,736,stronger
4162,990,stronger
4162,2171,stronger
4162,4603,incomparable
4163,440,incomparable
4163,1063,incomparable
4163,1170,stronger
4163,1215,stronger
4163,2055,incomparable
4163,2221,stronger
4163,3117,stronger
4163,3960,equivalent
4163,4005,equivalent
4163,4635,weaker
4164,221,incomparable
4164,726,stronger
4164,1913,incomparable
4164,2181,stronger
4164,2505,stronger
4164,2668,incomparable
4164,3018,stronger
4164,3075,incomparable
4164,4334,incomparable
4164,4656,incomparable
4165,432,incomparable
4165,948,stronger
4165,1467,incomparable
4165,1796,stronger
4165,1879,incomparable
4165,1921,incomparable
4165,3686,incomparable
4165,4114,incomparable
4165,4235,stronger
4165,4545,incomparable
4165,4602,incomparable
4166,866,incomparable
4166,889,incomparable
4166,1113,incomparable
4166,1197,incomparable
4166,1357,incomparable
4166,1378,incomparable
4166,1624,stronger
4166,2072,incomparable
4166,2563,stronger
4166,2973,incomparable
4166,2984,stronger
4166,3321,weaker
4166,3501,weaker
4166,3726,weaker
4166,4091,weaker
4166,4320,weaker
4167,530,stronger
4167,641,incomparable
4167,1121,stronger
4167,1625,stronger
4167,1626,stronger
4167,1968,stronger
4167,2294,incomparable
4167,2450,incomparable
4167,2465,incomparable
4167,2977,incomparable
4167,3428,stronger
4167,3568,stronger
4167,3645,stronger
4167,3778,stronger
4167,3899,incomparable
4167,4500,incomparable
4168,69,stronger
4168,1221,stronger
4168,2155,stronger
4168,2180,incomparable
4168,2502,stronger
4168,3132,stronger
4168,4269,weaker
4168,4636,incomparable
4169,23,incomparable
4169,258,incomparable
4169,529,stronger
4169,2082,incomparable
4169,2598,stronger
4169,2817,stronger
4169,2915,incomparable
4169,2973,incomparable
4169,3108,incomparable
4169,3459,weaker
4169,3868,weaker
4169,4058,equivalent
4170,678,stronger
4170,1713,incomparable
4170,2141,stronger
4170,3099,incomparable
4170,4223,equivalent
4170,4392,weaker
4170,4466,weaker
4170,4495,weaker
4171,584,stronger
4171,720,stronger
4171,1305,stronger
4171,1421,stronger
4171,1907,stronger
4171,2111,stronger
4171,2731,stronger
4171,3304,incomparable
4171,3461,incomparable
4171,3652,stronger
4172,1049,incomparable
4172,1119,incomparable
4172,1164,stronger
4172,1318,incomparable
4172,1442,incomparable
4172,1928,stronger
4172,2028,stronger
4172,2590,stronger
4172,2680,incomparable
4172,2681,incomparable
4172,2841,incomparable
4172,2856,incomparable
4172,3143,incomparable
4172,3929,weaker
4173,618,incomparable
4173,671,stronger
4173,1016,stronger
4173,1211,stronger
4173,1425,stronger
4173,1554,stronger
4173,2426,stronger
4173,2462,incomparable
4173,2908,stronger
4173,3430,equivalent
4173,4015,equivalent
4174,389,equivalent
4174,1250,incomparable
4174,1977,incomparable
4174,3305,weaker
4174,3519,weaker
4174,3640,equivalent
4174,3760,equivalent
4174,4336,weaker
4175,1765,stronger
4175,1925,incomparable
4175,2254,incomparable
4175,2450,incomparable
4175,2565,stronger
4175,2640,stronger
4175,2661,incomparable
4175,3022,stronger
4175,3148,stronger
4175,3410,stronger
4175,3657,stronger
4175,4103,incomparable
4175,4106,incomparable
4175,4151,incomparable
4176,140,stronger
4176,600,stronger
4176,1003,stronger
4176,1098,incomparable
4176,2366,stronger
4176,2421,stronger
4176,2711,stronger
4176,3064,incomparable
4176,3582,stronger
4176,4041,stronger
4176,4272,incomparable
4176,4298,incomparable
4176,4338,incomparable
4177,802,stronger
4177,1523,incomparable
4177,1767,incomparable
4177,2282,incomparable
4177,3036,stronger
4177,3838,equivalent
4177,3939,weaker
4177,4123,weaker
4177,4591,weaker
4177,4624,weaker
4178,467,incomparable
4178,565,stronger
4178,1056,incomparable
4178,1583,stronger
4178,3166,stronger
4178,4249,equivalent
4178,4667,weaker
4179,76,stronger
4179,295,stronger
4179,603,stronger
4179,636,incomparable
4179,800,stronger
4179,807,stronger
4179,1070,incomparable
4179,1508,stronger
4179,1782,stronger
4179,2025,stronger
4179,2252,incomparable
4179,2597,stronger
4179,2757,stronger
4179,2930,stronger
4179,3050,incomparable
4179,3121,stronger
4179,3919,incomparable
4179,4400,incomparable
4180,282,stronger
4180,1518,incomparable
4180,2946,incomparable
4180,3321,weaker
4180,3485,weaker
4180,3774,equivalent
4181,214,incomparable
4181,594,stronger
4181,720,stronger
4181,1094,stronger
4181,1148,stronger
4181,1307,incomparable
4181,1738,incomparable
4181,2525,incomparable
4182,79,stronger
4182,251,stronger
4182,854,incomparable
4182,1490,stronger
4182,1612,stronger
4182,2356,stronger
4182,2762,stronger
4182,3010,stronger
4182,4604,incomparable
4183,49,incomparable
4183,274,incomparable
4183,333,incomparable
4183,1572,stronger
4183,1697,incomparable
4183,1726,incomparable
4183,2131,stronger
4183,2430,incomparable
4183,3086,incomparable
4183,3818,stronger
4183,3974,stronger
4183,4376,incomparable
4183,4406,incomparable
4184,272,stronger
4184,476,incomparable
4184,1090,incomparable
4184,1173,stronger
4184,1314,stronger
4184,1329,stronger
4184,1823,stronger
4184,1885,incomparable
4184,1934,incomparable
4184,2099,stronger
4184,2643,stronger
4184,2923,incomparable
4184,3338,weaker
4184,4648,weaker
4185,341,equivalent
4185,708,stronger
4185,1884,incomparable
4185,2069,incomparable
4185,2303,incomparable
4185,3734,weaker
4185,4670,weaker
4186,958,stronger
4186,1414,stronger
4186,1549,stronger
4186,2944,incomparable
4186,3607,weaker
4186,3898,weaker
4186,3975,equivalent
4186,4008,equivalent
4186,4103,weaker
4186,4175,weaker
4186,4444,weaker
4187,467,incomparable
4187,564,stronger
4187,661,incomparable
4187,962,incomparable
4187,1079,stronger
4187,1102,stronger
4187,1408,stronger
4187,1949,incomparable
4187,2441,incomparable
4187,2626,stronger
4187,2989,stronger
4187,3291,incomparable
4187,4547,incomparable
4188,1421,stronger
4188,1527,stronger
4188,1580,stronger
4188,1876,incomparable
4188,3658,equivalent
4188,3769,weaker
4189,235,stronger
4189,1382,stronger
4189,2068,incomparable
4189,2978,stronger
4189,3728,weaker
4189,4311,weaker
4190,291,stronger
4190,707,incomparable
4190,2408,stronger
4190,2422,stronger
4190,2761,incomparable
4190,2869,incomparable
4190,3569,equivalent
4190,3608,weaker
4190,3716,weaker
4190,3790,weaker
4190,3871,weaker
4190,4308,weaker
4191,43,weaker
4191,421,incomparable
4191,638,incomparable
4191,832,incomparable
4191,857,incomparable
4191,922,incomparable
4191,1360,stronger
4191,1492,incomparable
4191,1679,incomparable
4191,2542,stronger
4191,2739,incomparable
4191,3043,stronger
4192,1206,stronger
4192,1277,stronger
4192,1461,incomparable
4192,1865,incomparable
4192,2039,incomparable
4192,2238,incomparable
4192,2363,stronger
4192,2740,stronger
4192,3180,incomparable
4192,3198,stronger
4192,3233,stronger
4192,4103,incomparable
4193,43,weaker
4193,196,stronger
4193,318,weaker
4193,411,incomparable
4193,1255,incomparable
4193,1767,incomparable
4193,1905,stronger
4193,2358,stronger
4193,2758,stronger
4193,4342,weaker
4193,4489,weaker
4194,1396,stronger
4194,2098,incomparable
4194,2291,incomparable
4194,2486,incomparable
4194,2721,stronger
4194,3740,weaker
4194,3990,equivalent
4194,4327,weaker
4195,137,stronger
4195,1221,stronger
4195,1741,stronger
4195,2925,incomparable
4195,3802,equivalent
4195,3995,equivalent
4195,4129,weaker
4195,4667,weaker
4196,5,stronger
4196,105,incomparable
4196,539,stronger
4196,735,stronger
4196,843,incomparable
4196,1079,stronger
4196,1104,stronger
4196,1147,stronger
4196,2196,incomparable
4196,2430,incomparable
4196,2729,stronger
4196,3032,stronger
4196,3615,stronger
4196,4089,incomparable
4196,4377,incomparable
4197,550,stronger
4197,586,stronger
4197,844,incomparable
4197,1640,incomparable
4197,1936,stronger
4197,2931,incomparable
4197,3828,incomparable
4197,3992,stronger
4197,4507,incomparable
4197,4532,incomparable
4197,4553,incomparable
4197,4613,incomparable
4198,140,stronger
4198,278,stronger
4198,542,stronger
4198,1117,incomparable
4198,1136,stronger
4198,1623,incomparable
4198,1776,incomparable
4198,2726,stronger
4198,3422,weaker
4198,4001,weaker
4199,1123,stronger
4199,1518,incomparable
4199,1679,incomparable
4199,1975,incomparable
4199,2460,incomparable
4199,3237,incomparable
4199,3757,equivalent
4199,3848,equivalent
4199,3976,weaker
4199,4645,weaker
4199,4646,weaker
4200,881,stronger
4200,960,incomparable
4200,1368,incomparable
4200,1376,stronger
4200,2068,incomparable
4200,2112,stronger
4200,2522,stronger
4200,2853,incomparable
4200,3063,incomparable
4200,3111,stronger
4200,4530,incomparable
4201,450,incomparable
4201,478,stronger
4201,835,incomparable
4201,982,stronger
4201,1076,incomparable
4201,1237,incomparable
4201,1673,incomparable
4201,1887,incomparable
4201,2137,incomparable
4201,2161,incomparable
4201,2579,incomparable
4201,2761,incomparable
4201,2955,stronger
4201,2960,incomparable
4201,3375,weaker
4201,3755,weaker
4201,3824,weaker
4201,3883,weaker
4201,4160,equivalent
4201,4267,equivalent
4201,4430,weaker
4201,4573,weaker
4202,479,incomparable
4202,888,stronger
4202,1986,stronger
4202,2357,stronger
4202,2413,stronger
4202,2740,stronger
4202,3332,weaker
4202,4250,equivalent
4202,4318,weaker
4202,4390,weaker
4203,26,incomparable
4203,188,stronger
4203,669,incomparable
4203,1409,stronger
4203,1573,incomparable
4203,2938,stronger
4203,3216,stronger
4203,3265,weaker
4203,3608,weaker
4203,4530,weaker
4204,712,stronger
4204,763,stronger
4204,778,incomparable
4204,1062,incomparable
4204,1178,stronger
4204,3005,stronger
4204,3220,stronger
4204,3763,stronger
4204,3838,stronger
4205,192,stronger
4205,709,incomparable
4205,1082,incomparable
4205,1953,incomparable
4205,2007,stronger
4205,2927,incomparable
4205,3000,stronger
4205,3160,stronger
4205,4174,equivalent
4205,4465,weaker
4205,4466,weaker
4205,4489,weaker
4206,115,incomparable
4206,865,incomparable
4206,1333,stronger
4206,1946,stronger
4206,2031,stronger
4206,2095,stronger
4206,2105,incomparable
4206,2515,stronger
4206,2685,incomparable
4206,3554,equivalent
4206,3823,weaker
4206,3835,equivalent
4206,4591,weaker
4206,4666,weaker
4207,155,incomparable
4207,1244,incomparable
4207,1810,stronger
4207,2601,incomparable
4207,3864,weaker
4207,4299,weaker
4207,4624,weaker
4207,4663,weaker
4208,510,incomparable
4208,1352,stronger
4208,1517,stronger
4208,2144,incomparable
4208,2870,incomparable
4208,3068,incomparable
4208,3361,equivalent
4208,3527,weaker
4208,3967,equivalent
4209,122,stronger
4209,159,incomparable
4209,491,stronger
4209,819,incomparable
4209,1196,stronger
4209,1241,incomparable
4209,1958,incomparable
4209,2096,stronger
4209,2559,stronger
4209,3283,incomparable
4210,137,stronger
4210,177,incomparable
4210,553,stronger
4210,590,stronger
4210,712,stronger
4210,1203,stronger
4210,1493,stronger
4210,1552,incomparable
4210,1580,stronger
4210,1751,stronger
4210,1895,incomparable
4210,1928,stronger
4210,2196,incomparable
4210,2926,stronger
4210,3531,incomparable
4210,3552,incomparable
4210,4419,incomparable
4211,148,stronger
4211,252,stronger
4211,1230,incomparable
4211,1435,incomparable
4211,1589,stronger
4211,3259,weaker
4211,3434,equivalent
4212,89,stronger
4212,365,weaker
4212,978,incomparable
4212,1198,stronger
4212,1211,stronger
4212,1296,stronger
4212,2088,incomparable
4212,2157,stronger
4212,2343,incomparable
4212,3185,incomparable
4212,3651,equivalent
4213,93,stronger
4213,277,stronger
4213,1143,stronger
4213,1348,stronger
4213,1738,incomparable
4213,2976,stronger
4213,3042,stronger
4213,3179,stronger
4213,3392,stronger
4213,3571,stronger
4213,3603,stronger
4214,351,weaker
4214,509,stronger
4214,712,stronger
4214,2410,incomparable
4214,3468,weaker
4214,3835,equivalent
4214,3877,weaker
4214,4062,equivalent
4214,4142,weaker
4215,197,stronger
4215,1773,stronger
4215,1872,incomparable
4215,2079,incomparable
4215,2096,stronger
4215,2302,stronger
4215,2738,stronger
4215,3203,stronger
4215,3991,equivalent
4215,4092,weaker
4215,4273,weaker
4216,8,incomparable
4216,18,stronger
4216,181,stronger
4216,562,incomparable
4216,788,stronger
4216,1177,stronger
4216,1530,stronger
4216,1599,stronger
4216,1638,incomparable
4216,2726,stronger
4216,3285,incomparable
4216,4509,incomparable
4217,151,incomparable
4217,398,stronger
4217,780,stronger
4217,2312,stronger
4217,2337,incomparable
4217,2756,stronger
4217,3426,stronger
4217,3501,incomparable
4218,1309,stronger
4218,1389,stronger
4218,1760,stronger
4218,2054,incomparable
4218,2804,incomparable
4218,3736,weaker
4218,3930,weaker
4218,3944,weaker
4218,4523,weaker
4219,817,incomparable
4219,872,incomparable
4219,901,incomparable
4219,1391,incomparable
4219,1947,stronger
4219,2278,incomparable
4219,2958,incomparable
4219,3322,weaker
4219,3473,weaker
4219,3628,equivalent
4219,3878,weaker
4220,417,incomparable
4220,890,stronger
4220,1105,stronger
4220,1675,incomparable
4220,2044,incomparable
4220,2826,incomparable
4220,2877,incomparable
4220,3161,incomparable
4220,3226,stronger
4220,3543,weaker
4220,3695,weaker
4220,3715,weaker
4220,3771,equivalent
4220,3959,weaker
4220,4453,weaker
4220,4471,weaker
4220,4487,weaker
4220,4548,weaker
4220,4640,weaker
4220,4658,weaker
4221,364,weaker
4221,2861,incomparable
4221,2862,incomparable
4221,3063,incomparable
4221,3985,stronger
4221,4209,weaker
4221,4461,incomparable
4222,109,incomparable
4222,267,incomparable
4222,926,incomparable
4222,1294,stronger
4222,1721,incomparable
4222,1725,stronger
4222,2439,stronger
4222,3740,weaker
4222,3762,weaker
4222,4631,weaker
4223,278,stronger
4223,778,incomparable
4223,1827,stronger
4223,2561,stronger
4223,2861,incomparable
4223,3563,equivalent
4223,3789,equivalent
4223,4223,equivalent
4223,4664,weaker
4224,195,stronger
4224,391,weaker
4224,552,stronger
4224,630,incomparable
4224,682,incomparable
4224,737,stronger
4224,892,stronger
4224,1154,incomparable
4224,1622,stronger
4224,2235,stronger
4224,2776,incomparable
4224,3004,stronger
4224,3916,weaker
4224,4226,weaker
4224,4340,weaker
4225,1020,incomparable
4225,1268,incomparable
4225,1826,incomparable
4225,2214,stronger
4225,2377,stronger
4225,2380,stronger
4225,2866,incomparable
4225,2931,incomparable
4225,3623,equivalent
4225,4532,weaker
4225,4640,weaker
4225,4685,weaker
4226,34,stronger
4226,363,incomparable
4226,374,incomparable
4226,631,incomparable
4226,1353,incomparable
4226,1963,stronger
4226,2990,incomparable
4226,3144,stronger
4226,3504,incomparable
4226,3644,stronger
4226,3942,incomparable
4226,3971,stronger
4226,4261,stronger
4227,409,equivalent
4227,941,stronger
4227,1457,incomparable
4227,2319,incomparable
4227,3211,incomparable
4227,3807,weaker
4227,4192,weaker
4227,4623,weaker
4228,1158,incomparable
4228,1275,incomparable
4228,2594,stronger
4228,2969,stronger
4228,3104,stronger
4228,3217,stronger
4228,3786,weaker
4229,304,stronger
4229,477,incomparable
4229,587,stronger
4229,924,stronger
4229,2025,stronger
4229,2233,stronger
4229,3207,stronger
4229,3312,incomparable
4229,3401,incomparable
4229,3543,incomparable
4229,3839,stronger
4229,3845,stronger
4229,3929,incomparable
4230,1480,incomparable
4230,2129,stronger
4230,2504,incomparable
4230,2659,incomparable
4230,2928,incomparable
4230,2986,stronger
4230,2992,incomparable
4230,3156,stronger
4230,4400,incomparable
4230,4601,incomparable
4230,4603,incomparable
4231,170,incomparable
4231,891,stronger
4231,941,stronger
4231,1328,incomparable
4231,2177,stronger
4231,2298,stronger
4231,4063,equivalent
4231,4125,weaker
4231,4276,weaker
4231,4330,weaker
4232,93,stronger
4232,312,weaker
4232,413,incomparable
4232,525,stronger
4232,644,incomparable
4232,857,incomparable
4232,930,incomparable
4232,1154,incomparable
4232,1161,stronger
4232,3161,incomparable
4233,850,incomparable
4233,983,stronger
4233,1331,stronger
4233,2421,stronger
4233,2500,stronger
4233,3000,stronger
4233,3395,equivalent
4233,3918,weaker
4233,4359,weaker
4233,4690,weaker
4234,226,stronger
4234,356,stronger
4234,1249,incomparable
4234,1339,stronger
4234,1925,incomparable
4234,2128,incomparable
4234,2140,stronger
4234,2731,stronger
4234,3761,incomparable
4235,170,incomparable
4235,234,incomparable
4235,1095,stronger
4235,1113,incomparable
4235,1494,incomparable
4235,1790,incomparable
4235,2082,incomparable
4235,2922,stronger
4235,3012,stronger
4235,3727,weaker
4235,4091,weaker
4235,4381,weaker
4235,4653,weaker
4236,1060,incomparable
4236,1571,incomparable
4236,2032,stronger
4236,2279,incomparable
4236,2566,stronger
4236,2816,incomparable
4236,2890,incomparable
4236,2905,incomparable
4236,2944,incomparable
4236,2974,stronger
4236,3758,weaker
4236,4467,weaker
4237,932,stronger
4237,1492,incomparable
4237,1601,stronger
4237,1886,stronger
4237,2208,stronger
4237,2549,stronger
4237,4152,weaker
4238,51,incomparable
4238,824,incomparable
4238,1121,stronger
4238,1580,stronger
4238,3416,stronger
4238,3757,stronger
4238,4007,incomparable
4238,4626,incomparable
4239,547,stronger
4239,765,incomparable
4239,798,stronger
4239,1353,incomparable
4239,1777,stronger
4239,2498,stronger
4239,2602,incomparable
4239,2776,incomparable
4239,4646,weaker
4240,67,stronger
4240,211,incomparable
4240,598,incomparable
4240,1033,incomparable
4240,1533,stronger
4240,2316,incomparable
4240,2465,incomparable
4240,2773,stronger
4240,2794,stronger
4240,2916,stronger
4240,2983,stronger
4240,3204,stronger
4240,3671,weaker
4240,3792,equivalent
4240,4417,weaker
4241,428,incomparable
4241,650,incomparable
4241,876,stronger
4241,950,stronger
4241,1130,stronger
4241,1145,stronger
4241,3881,weaker
4241,4178,equivalent
4242,76,stronger
4242,195,stronger
4242,1185,stronger
4242,1295,incomparable
4242,1805,stronger
4242,2216,stronger
4242,2512,stronger
4242,2945,stronger
4242,3604,weaker
4242,3691,weaker
4242,4266,equivalent
4242,4450,weaker
4242,4587,weaker
4242,4645,weaker
4243,228,incomparable
4243,797,stronger
4243,1229,incomparable
4243,1986,stronger
4243,2103,stronger
4243,2740,stronger
4243,3541,incomparable
4243,4396,incomparable
4243,4443,incomparable
4244,77,stronger
4244,422,incomparable
4244,1099,stronger
4244,1158,incomparable
4244,2353,stronger
4244,2849,incomparable
4244,2895,incomparable
4244,2946,incomparable
4244,3485,weaker
4244,3881,weaker
4244,3937,weaker
4244,4382,weaker
4245,63,incomparable
4245,595,stronger
4245,758,stronger
4245,851,incomparable
4245,955,incomparable
4245,980,stronger
4245,1250,incomparable
4245,1352,stronger
4245,1397,stronger
4245,2365,stronger
4245,3481,weaker
4245,3501,weaker
4245,3554,equivalent
4245,3662,weaker
4245,3955,weaker
4245,4366,weaker
4246,104,incomparable
4246,281,incomparable
4246,576,stronger
4246,703,incomparable
4246,868,incomparable
4246,1181,incomparable
4246,1386,stronger
4246,1841,incomparable
4246,1926,stronger
4246,2544,stronger
4246,2572,stronger
4246,2755,incomparable
4246,2808,incomparable
4246,2947,incomparable
4246,3429,equivalent
4247,103,incomparable
4247,596,stronger
4247,782,incomparable
4247,1150,incomparable
4247,1336,incomparable
4247,1634,incomparable
4247,2072,incomparable
4247,2259,incomparable
4247,2587,stronger
4247,2671,incomparable
4247,2845,stronger
4247,3287,weaker
4247,4548,weaker
4247,4587,weaker
4247,4670,weaker
4248,565,stronger
4248,1658,incomparable
4248,2769,stronger
4248,3031,stronger
4248,3612,stronger
4248,3818,stronger
4249,267,incomparable
4249,871,stronger
4249,2559,stronger
4249,2619,stronger
4249,2746,incomparable
4249,2843,stronger
4249,3015,incomparable
4249,3497,weaker
4249,4405,weaker
4249,4443,weaker
4250,325,weaker
4250,577,stronger
4250,893,incomparable
4250,1084,stronger
4250,1470,incomparable
4250,1659,incomparable
4250,1776,incomparable
4250,3171,incomparable
4250,3349,weaker
4250,3893,weaker
4250,3947,weaker
4250,4244,equivalent
4250,4672,weaker
4251,194,incomparable
4251,517,stronger
4251,2535,stronger
4251,2842,stronger
4251,3089,incomparable
4251,3150,incomparable
4251,3303,weaker
4251,3551,equivalent
4251,3593,equivalent
4251,3603,equivalent
4251,4466,weaker
4251,4562,weaker
4252,681,stronger
4252,3175,stronger
4252,4021,equivalent
4252,4127,weaker
4253,1196,stronger
4253,1373,stronger
4253,1457,incomparable
4253,1664,incomparable
4253,2369,stronger
4253,2832,stronger
4253,3040,stronger
4253,3749,incomparable
4253,3890,weaker
4253,4086,weaker
4253,4673,incomparable
4253,4685,incomparable
4254,265,incomparable
4254,547,stronger
4254,1407,stronger
4254,1453,incomparable
4254,1729,incomparable
4254,2039,incomparable
4254,2484,incomparable
4254,2689,incomparable
4254,2783,stronger
4254,2905,incomparable
4255,393,equivalent
4255,683,stronger
4255,923,stronger
4255,1047,incomparable
4255,1089,stronger
4255,1953,incomparable
4255,2396,stronger
4255,2487,incomparable
4255,2582,stronger
4255,2764,stronger
4255,2942,incomparable
4255,3050,incomparable
4255,4317,weaker
4255,4355,weaker
4255,4369,weaker
4256,70,stronger
4256,1037,incomparable
4256,1615,stronger
4256,1902,incomparable
4256,1991,stronger
4256,2185,stronger
4256,3277,weaker
4256,4626,weaker
4257,213,incomparable
4257,1745,stronger
4257,2401,stronger
4257,3126,incomparable
4257,3849,equivalent
4257,4616,weaker
4258,125,incomparable
4258,786,stronger
4258,948,stronger
4258,1903,stronger
4258,2554,incomparable
4258,2953,stronger
4258,3176,incomparable
4258,3337,incomparable
4258,4220,stronger
4258,4666,weaker
4259,666,incomparable
4259,1224,incomparable
4259,2058,incomparable
4259,2785,stronger
4259,3217,stronger
4259,3432,equivalent
4259,3971,equivalent
4259,4456,weaker
4260,468,stronger
4260,470,stronger
4260,1251,incomparable
4260,1312,incomparable
4260,2693,incomparable
4260,2821,incomparable
4260,2952,incomparable
4260,3154,stronger
4260,3199,stronger
4260,4416,weaker
4261,141,stronger
4261,999,incomparable
4261,1386,stronger
4261,1685,incomparable
4261,2221,stronger
4261,3820,weaker
4261,3922,weaker
4261,4326,weaker
4261,4422,weaker
4261,4535,weaker
4262,1380,stronger
4262,1475,incomparable
4262,1564,incomparable
4262,1842,incomparable
4262,2119,incomparable
4262,2361,stronger
4262,2509,incomparable
4262,2525,incomparable
4262,2686,incomparable
4262,3388,weaker
4262,3450,equivalent
4262,4111,weaker
4262,4169,equivalent
4262,4320,weaker
4262,4431,weaker
4263,123,stronger
4263,394,stronger
4263,1246,incomparable
4263,1382,stronger
4263,1631,incomparable
4263,1740,incomparable
4263,3083,incomparable
4263,3130,stronger
4263,3461,incomparable
4263,3502,incomparable
4263,3680,incomparable
4263,3685,incomparable
4264,23,incomparable
4264,332,weaker
4264,558,incomparable
4264,593,incomparable
4264,1523,incomparable
4264,1645,incomparable
4264,2208,stronger
4264,2691,incomparable
4264,3164,stronger
4264,3473,weaker
4264,3840,equivalent
4265,1123,stronger
4265,1276,incomparable
4265,1944,stronger
4265,2380,stronger
4265,2394,stronger
4265,2717,stronger
4265,4199,equivalent
4266,354,equivalent
4266,506,incomparable
4266,1039,incomparable
4266,1466,incomparable
4266,2077,incomparable
4266,2867,incomparable
4266,3330,weaker
4266,3375,weaker
4266,4171,weaker
4266,4463,weaker
4267,371,weaker
4267,548,stronger
4267,1083,incomparable
4267,1590,incomparable
4267,2398,incomparable
4267,2617,stronger
4267,2913,incomparable
4267,3130,incomparable
4267,3377,equivalent
4267,4360,weaker
4268,167,incomparable
4268,647,incomparable
4268,1720,stronger
4268,2416,stronger
4268,2441,incomparable
4268,2748,stronger
4268,2824,stronger
4268,2853,incomparable
4268,4000,stronger
4269,118,incomparable
4269,200,stronger
4269,485,stronger
4269,918,stronger
4269,1321,stronger
4269,1447,unknown
4269,1575,stronger
4269,1721,incomparable
4269,1736,stronger
4269,1909,stronger
4269,1963,stronger
4269,2321,stronger
4269,2902,incomparable
4269,4579,stronger
4269,4603,incomparable
4270,380,stronger
4270,538,stronger
4270,601,stronger
4270,1043,stronger
4270,1435,incomparable
4270,1580,stronger
4270,2606,stronger
4270,2782,incomparable
4270,2965,stronger
4271,579,incomparable
4271,1449,stronger
4271,1765,stronger
4271,3570,incomparable
4271,3911,incomparable
4271,4022,stronger
4271,4473,incomparable
4272,253,stronger
4272,779,stronger
4272,1329,stronger
4272,2742,stronger
4272,2764,stronger
4272,3525,incomparable
4272,3625,stronger
4272,3968,stronger
4273,40,incomparable
4273,565,stronger
4273,572,stronger
4273,586,stronger
4273,993,stronger
4273,2782,incomparable
4273,2880,incomparable
4273,3149,incomparable
4273,3431,incomparable
4273,3812,stronger
4273,3972,incomparable
4273,4009,stronger
4273,4374,incomparable
4274,53,incomparable
4274,871,stronger
4274,1201,stronger
4274,1470,incomparable
4274,1534,stronger
4274,1908,incomparable
4274,2791,incomparable
4274,2986,stronger
4274,3068,incomparable
4274,3193,incomparable
4274,3651,stronger
4274,3840,stronger
4274,4206,stronger
4274,4259,stronger
4275,113,incomparable
4275,632,incomparable
4275,1158,stronger
4275,1175,stronger
4275,1238,incomparable
4275,1755,stronger
4275,2367,stronger
4275,2796,stronger
4275,2889,incomparable
4275,3957,stronger
4275,4625,incomparable
4276,43,incomparable
4276,170,incomparable
4276,348,stronger
4276,1224,incomparable
4276,1477,incomparable
4276,2085,incomparable
4276,2614,stronger
4276,3105,incomparable
4276,3654,incomparable
4276,3966,stronger
4276,4661,incomparable
4277,897,incomparable
4277,1220,stronger
4277,1300,stronger
4277,1445,incomparable
4277,1486,incomparable
4277,1487,incomparable
4277,1794,stronger
4277,1863,incomparable
4277,1941,incomparable
4277,2704,stronger
4277,2873,incomparable
4277,3157,stronger
4277,3816,stronger
4277,3864,incomparable
4277,4413,incomparable
4278,167,incomparable
4278,944,stronger
4278,1430,incomparable
4278,2383,incomparable
4278,2451,incomparable
4278,3239,stronger
4278,4219,stronger
4278,4295,incomparable
4279,1647,incomparable
4279,3340,incomparable
4279,3677,incomparable
4279,4684,incomparable
4280,782,incomparable
4280,957,stronger
4280,1839,incomparable
4280,2740,stronger
4280,3111,stronger
4280,3304,stronger
4280,3805,stronger
4280,4423,incomparable
4281,29,incomparable
4281,131,stronger
4281,205,incomparable
4281,452,incomparable
4281,816,stronger
4281,1594,incomparable
4281,1824,stronger
4281,1905,stronger
4281,1981,stronger
4281,2558,incomparable
4281,2688,incomparable
4281,2689,incomparable
4281,3024,incomparable
4281,3273,incomparable
4281,3767,stronger
4281,3811,incomparable
4281,4393,incomparable
4281,4608,incomparable
4282,75,incomparable
4282,445,stronger
4282,2232,incomparable
4282,2850,incomparable
4282,3229,stronger
4282,3382,stronger
4282,4126,stronger
4283,974,stronger
4283,1639,stronger
4283,1983,incomparable
4283,2063,incomparable
4283,2840,stronger
4283,2928,stronger
4283,3026,stronger
4283,3284,incomparable
4283,3300,incomparable
4283,3847,incomparable
4283,4300,incomparable
4283,4553,stronger
4284,414,incomparable
4284,1678,stronger
4284,1805,stronger
4284,2096,stronger
4284,3007,incomparable
4284,3043,stronger
4284,3612,stronger
4284,3796,stronger
4284,4311,incomparable
4285,68,incomparable
4285,102,incomparable
4285,913,stronger
4285,1023,incomparable
4285,1481,incomparable
4285,2006,stronger
4285,2679,incomparable
4285,2927,incomparable
4285,3205,incomparable
4285,3229,stronger
4285,3954,incomparable
4286,19,incomparable
4286,318,incomparable
4286,561,stronger
4286,696,stronger
4286,1090,incomparable
4286,1596,stronger
4286,1776,incomparable
4286,1886,stronger
4286,1936,stronger
4286,2262,stronger
4286,2551,stronger
4286,2593,stronger
4286,3634,incomparable
4286,3742,stronger
4286,4380,incomparable
4286,4638,incomparable
4287,212,incomparable
4287,229,incomparable
4287,589,stronger
4287,598,stronger
4287,1139,stronger
4287,1505,stronger
4287,2002,stronger
4287,2214,stronger
4287,2443,incomparable
4287,3776,incomparable
4287,4119,stronger
4287,4153,stronger
4287,4180,stronger
4287,4587,incomparable
4287,4657,incomparable
4288,30,stronger
4288,1276,incomparable
4288,1506,incomparable
4288,2055,incomparable
4288,2207,incomparable
4288,2226,stronger
4288,2711,stronger
4288,3234,stronger
4288,3486,incomparable
4288,3502,incomparable
4288,4140,stronger
4288,4295,incomparable
4288,4623,incomparable
4289,19,incomparable
4289,330,stronger
4289,1289,incomparable
4289,1365,stronger
4289,1490,stronger
4289,1764,incomparable
4289,1960,stronger
4289,2965,stronger
4289,3056,incomparable
4289,3149,incomparable
4289,3603,stronger
4289,4548,stronger
4290,196,stronger
4290,289,stronger
4290,330,incomparable
4290,358,stronger
4290,1198,stronger
4290,1211,stronger
4290,1246,incomparable
4290,1430,incomparable
4290,2857,incomparable
4290,2872,incomparable
4290,3000,stronger
4290,3049,stronger
4290,3060,incomparable
4290,3256,incomparable
4290,3520,incomparable
4290,4221,incomparable
4290,4443,incomparable
4290,4680,incomparable
4291,197,stronger
4291,567,stronger
4291,855,incomparable
4291,2073,incomparable
4291,2191,stronger
4291,2225,stronger
4291,2632,stronger
4291,3207,stronger
4291,3412,stronger
4291,3620,incomparable
4291,3635,stronger
4291,3752,incomparable
4291,4374,stronger
4292,318,incomparable
4292,888,stronger
4292,1131,incomparable
4292,1213,stronger
4292,2139,stronger
4292,2392,stronger
4292,2537,stronger
4292,2587,stronger
4292,3775,stronger
4292,3874,incomparable
4292,3884,incomparable
4292,4034,stronger
4292,4090,incomparable
4292,4466,incomparable
4292,4517,incomparable
4293,629,incomparable
4293,1601,stronger
4293,2089,incomparable
4293,2636,stronger
4293,3265,incomparable
4293,3319,incomparable
4293,4333,stronger
4294,451,incomparable
4294,740,incomparable
4294,1497,stronger
4294,1653,incomparable
4294,2111,incomparable
4294,2735,stronger
4294,4115,incomparable
4294,4370,stronger
4295,757,incomparable
4295,790,stronger
4295,1009,incomparable
4295,2872,incomparable
4295,2949,incomparable
4295,2968,incomparable
4295,4069,incomparable
4295,4086,incomparable
4295,4360,weaker
4295,4662,incomparable
4296,72,incomparable
4296,1302,stronger
4296,2900,incomparable
4296,3030,stronger
4296,3238,stronger
4296,3347,stronger
4296,3461,incomparable
4296,3535,incomparable
4296,3584,stronger
4296,3829,stronger
4296,3925,incomparable
4296,4326,stronger
4296,4601,incomparable
4297,759,incomparable
4297,1697,incomparable
4297,2020,stronger
4297,2763,stronger
4297,3388,incomparable
4297,3548,incomparable
4297,3835,stronger
4298,134,incomparable
4298,859,incomparable
4298,911,stronger
4298,1589,stronger
4298,3363,incomparable
4298,3393,stronger
4298,3890,incomparable
4299,1137,incomparable
4299,1833,incomparable
4299,2185,stronger
4299,2622,stronger
4299,2897,incomparable
4299,3285,incomparable
4299,4039,stronger
4300,381,incomparable
4300,800,stronger
4300,1159,stronger
4300,1908,stronger
4300,2325,stronger
4300,2610,stronger
4300,3136,stronger
4300,3621,stronger
4300,4340,incomparable
4301,200,stronger
4301,602,stronger
4301,1218,stronger
4301,1637,incomparable
4301,2138,stronger
4301,2154,stronger
4301,2652,incomparable
4301,2739,incomparable
4301,3005,stronger
4301,3219,stronger
4301,3634,incomparable
4301,3971,stronger
4301,4162,incomparable
4301,4238,incomparable
4301,4254,stronger
4302,2167,incomparable
4302,2255,incomparable
4302,3894,incomparable
4302,4103,incomparable
4302,4228,stronger
4302,4599,incomparable
4303,453,incomparable
4303,648,incomparable
4303,2404,stronger
4303,3133,stronger
4303,3545,incomparable
4303,4238,incomparable
4303,4250,stronger
4304,298,stronger
4304,2115,incomparable
4304,2167,incomparable
4304,3208,stronger
4304,3618,stronger
4304,3682,incomparable
4304,3732,incomparable
4304,4236,stronger
4304,4342,incomparable
4305,152,incomparable
4305,232,stronger
4305,683,stronger
4305,926,incomparable
4305,1637,incomparable
4305,1803,stronger
4305,1889,stronger
4305,2100,incomparable
4305,2760,stronger
4305,4233,stronger
4305,4389,incomparable
4306,1405,incomparable
4306,1751,stronger
4306,1881,incomparable
4306,2220,stronger
4306,2749,incomparable
4306,3569,stronger
4306,3640,stronger
4307,446,incomparable
4307,792,stronger
4307,830,incomparable
4307,1181,stronger
4307,1364,stronger
4307,2285,incomparable
4307,2615,stronger
4307,2939,incomparable
4307,3001,stronger
4307,3102,incomparable
4307,4281,stronger
4308,308,incomparable
4308,433,incomparable
4308,655,incomparable
4308,801,incomparable
4308,1525,incomparable
4308,2373,incomparable
4308,2836,incomparable
4308,3444,stronger
4308,3569,stronger
4308,3757,stronger
4308,3995,stronger
4309,691,stronger
4309,763,stronger
4309,1532,stronger
4309,2786,stronger
4309,2942,incomparable
4309,3427,stronger
4309,3766,stronger
4309,3917,incomparable
4309,4289,weaker
4309,4415,incomparable
4310,519,stronger
4310,522,incomparable
4310,587,stronger
4310,3401,stronger
4310,3457,incomparable
4310,3737,incomparable
4310,4261,stronger
4310,4433,incomparable
4311,183,stronger
4311,1262,incomparable
4311,1566,stronger
4311,1675,incomparable
4311,1746,incomparable
4311,2276,incomparable
4311,2893,incomparable
4311,3343,incomparable
4311,3729,incomparable
4311,3936,incomparable
4312,879,incomparable
4312,1104,incomparable
4312,1601,stronger
4312,2149,stronger
4312,2678,incomparable
4312,2809,stronger
4312,3040,stronger
4312,3256,incomparable
4312,3870,incomparable
4312,4283,incomparable
4312,4473,incomparable
4312,4578,stronger
4313,521,stronger
4313,590,stronger
4313,1150,incomparable
4313,1270,incomparable
4313,1573,incomparable
4313,1891,stronger
4313,2374,stronger
4313,2644,incomparable
4313,2945,stronger
4313,3400,stronger
4313,3851,stronger
4313,4552,incomparable
4313,4586,incomparable
4314,312,incomparable
4314,444,incomparable
4314,1086,incomparable
4314,1179,stronger
4314,1720,stronger
4314,3447,stronger
4314,3840,stronger
4314,3871,incomparable
4314,4028,stronger
4314,4228,stronger
4314,4347,stronger
4315,297,stronger
4315,322,stronger
4315,431,stronger
4315,467,incomparable
4315,641,stronger
4315,1471,stronger
4315,1651,stronger
4315,3574,incomparable
4315,3583,incomparable
4315,3783,stronger
4315,3789,stronger
4315,3833,stronger
4315,4106,incomparable
4315,4316,incomparable
4315,4496,incomparable
4315,4586,incomparable
4315,4629,incomparable
4316,53,incomparable
4316,55,incomparable
4316,539,stronger
4316,874,stronger
4316,902,stronger
4316,1295,stronger
4316,1913,incomparable
4316,2205,stronger
4316,2296,incomparable
4316,2348,stronger
4316,2499,incomparable
4316,2518,stronger
4316,2659,incomparable
4316,2786,stronger
4316,2984,stronger
4316,3075,incomparable
4316,3612,stronger
4316,4102,incomparable
4317,549,incomparable
4317,1056,incomparable
4317,1585,stronger
4317,3342,incomparable
4317,3617,incomparable
4318,257,incomparable
4318,540,stronger
4318,2347,incomparable
4318,3107,stronger
4318,3375,incomparable
4318,3393,stronger
4318,4022,stronger
4318,4316,weaker
4318,4654,incomparable
4319,564,stronger
4319,1259,incomparable
4319,2333,incomparable
4319,2516,stronger
4319,3721,incomparable
4319,4010,incomparable
4319,4133,incomparable
4320,45,stronger
4320,312,incomparable
4320,437,incomparable
4320,571,stronger
4320,716,incomparable
4320,1803,stronger
4320,2504,incomparable
4320,2980,stronger
4320,3205,stronger
4320,3489,incomparable
4320,3775,stronger
4320,4196,stronger
4321,97,stronger
4321,263,incomparable
4321,610,stronger
4321,810,stronger
4321,946,stronger
4321,1193,stronger
4321,1265,incomparable
4321,1633,incomparable
4321,1911,stronger
4321,2058,incomparable
4321,2077,incomparable
4321,2271,incomparable
4321,2393,incomparable
4321,2570,stronger
4321,3209,stronger
4321,3569,stronger
4322,778,incomparable
4322,1095,stronger
4322,1147,stronger
4322,1184,incomparable
4322,1246,incomparable
4322,1477,incomparable
4322,1498,incomparable
4322,1940,stronger
4322,2871,incomparable
4322,3339,incomparable
4322,3697,incomparable
4322,3783,stronger
4322,3799,stronger
4322,4104,incomparable
4322,4277,weaker
4322,4278,weaker
4323,299,stronger
4323,1218,stronger
4323,1527,stronger
4323,1557,stronger
4323,1565,stronger
4323,1671,incomparable
4323,2421,stronger
4323,3276,incomparable
4323,3292,incomparable
4323,3361,stronger
4323,3841,stronger
4323,4468,incomparable
4323,4654,incomparable
4324,587,stronger
4324,691,stronger
4324,727,incomparable
4324,821,incomparable
4324,2220,stronger
4324,2560,stronger
4324,2639,stronger
4324,3183,stronger
4324,3190,stronger
4324,3934,incomparable
4324,3970,stronger
4324,4632,incomparable
4325,267,incomparable
4325,730,stronger
4325,1160,stronger
4325,1720,stronger
4325,1906,stronger
4325,2121,stronger
4325,2274,incomparable
4325,2551,stronger
4325,2734,incomparable
4325,2876,incomparable
4325,3569,stronger
4325,3772,stronger
4325,3869,incomparable
4325,4025,stronger
4325,4198,stronger
4326,320,incomparable
4326,531,stronger
4326,1290,stronger
4326,1493,stronger
4326,1614,stronger
4326,1680,incomparable
4326,2064,incomparable
4326,2266,incomparable
4326,2703,stronger
4326,2879,incomparable
4326,3066,incomparable
4326,3248,stronger
4326,3543,incomparable
4326,4102,incomparable
4326,4105,incomparable
4326,4235,stronger
4326,4470,incomparable
4326,4544,incomparable
4327,775,incomparable
4327,1060,incomparable
4327,1099,stronger
4327,1522,stronger
4327,2382,stronger
4327,2644,incomparable
4327,2775,stronger
4327,4116,incomparable
4327,4290,incomparable
4328,887,incomparable
4328,1294,stronger
4328,1872,incomparable
4328,2278,incomparable
4328,2411,stronger
4328,3125,stronger
4328,3815,incomparable
4328,4111,incomparable
4328,4216,incomparable
4329,17,stronger
4329,162,incomparable
4329,390,stronger
4329,1058,incomparable
4329,1314,stronger
4329,1807,stronger
4329,1843,incomparable
4329,1947,stronger
4329,2153,stronger
4329,3109,stronger
4329,4128,incomparable
4330,159,incomparable
4330,242,incomparable
4330,357,stronger
4330,390,stronger
4330,1391,stronger
4330,1428,incomparable
4330,2992,incomparable
4330,3228,stronger
4330,3311,incomparable
4330,3850,stronger
4330,3920,incomparable
4330,4102,incomparable
4330,4287,incomparable
4331,191,stronger
4331,207,incomparable
4331,542,stronger
4331,544,stronger
4331,2750,stronger
4331,3507,incomparable
4331,3658,stronger
4331,3975,stronger
4332,672,incomparable
4332,1199,stronger
4332,2215,stronger
4332,2716,incomparable
4332,3268,incomparable
4332,3727,incomparable
4332,4128,incomparable
4332,4131,incomparable
4332,4603,incomparable
4332,4633,incomparable
4333,429,incomparable
4333,483,incomparable
4333,901,incomparable
4333,3239,stronger
4333,3295,incomparable
4333,3297,incomparable
4333,3734,incomparable
4333,4432,incomparable
4334,234,stronger
4334,279,stronger
4334,512,stronger
4334,595,stronger
4334,660,incomparable
4334,1691,incomparable
4334,1892,stronger
4334,2608,stronger
4334,3626,stronger
4334,4079,incomparable
4334,4324,incomparable
4335,570,stronger
4335,849,incomparable
4335,1113,incomparable
4335,1715,stronger
4335,2384,stronger
4335,2402,incomparable
4335,2734,incomparable
4335,2755,incomparable
4335,2892,incomparable
4335,3750,stronger
4335,3830,stronger
4335,4508,incomparable
4336,143,stronger
4336,814,stronger
4336,1316,incomparable
4336,1723,stronger
4336,2075,incomparable
4336,2215,stronger
4336,2841,incomparable
4336,3006,stronger
4336,3142,incomparable
4336,3391,stronger
4336,3404,incomparable
4336,3522,incomparable
4336,3699,incomparable
4336,3740,incomparable
4336,4083,incomparable
4336,4483,incomparable
4336,4566,stronger
4337,117,incomparable
4337,238,incomparable
4337,263,incomparable
4337,343,incomparable
4337,586,stronger
4337,731,incomparable
4337,1863,incomparable
4337,1869,incomparable
4337,2298,stronger
4337,2623,incomparable
4337,2776,incomparable
4337,2819,stronger
4337,2957,stronger
4337,3001,stronger
4337,3072,incomparable
4337,3317,incomparable
4337,4135,incomparable
4337,4250,stronger
4337,4300,incomparable
4337,4453,incomparable
4338,184,stronger
4338,639,incomparable
4338,956,stronger
4338,1183,stronger
4338,1711,stronger
4338,2093,incomparable
4338,2118,stronger
4338,2674,incomparable
4338,3360,stronger
4338,3791,incomparable
4339,97,stronger
4339,843,incomparable
4339,859,stronger
4339,1660,incomparable
4339,2515,stronger
4339,2691,incomparable
4339,2729,stronger
4339,3717,stronger
4339,3853,stronger
4339,4194,stronger
4339,4367,incomparable
4339,4538,stronger
4339,4585,incomparable
4339,4683,incomparable
4340,424,incomparable
4340,2010,stronger
4340,2456,incomparable
4340,2825,stronger
4340,3530,stronger
4340,3698,incomparable
4340,4080,incomparable
4340,4360,equivalent
4341,87,stronger
4341,142,incomparable
4341,610,stronger
4341,1036,incomparable
4341,1413,stronger
4341,1916,incomparable
4341,2612,stronger
4341,2721,stronger
4341,2844,stronger
4341,2908,stronger
4341,3885,stronger
4341,4159,stronger
4341,4244,stronger
4341,4536,stronger
4341,4545,stronger
4342,54,stronger
4342,192,stronger
4342,807,stronger
4342,1544,stronger
4342,1767,incomparable
4342,2182,incomparable
4342,2293,incomparable
4342,2817,stronger
4342,3395,stronger
4342,3421,stronger
4342,3687,incomparable
4342,4376,incomparable
4343,534,stronger
4343,561,stronger
4343,1230,incomparable
4343,1273,incomparable
4343,1660,incomparable
4343,1861,incomparable
4343,1915,stronger
4343,2028,stronger
4343,2617,stronger
4343,2770,incomparable
4343,2821,incomparable
4343,3807,incomparable
4343,3915,incomparable
4343,4160,stronger
4343,4522,incomparable
4343,4671,incomparable
4344,453,incomparable
4344,498,stronger
4344,686,incomparable
4344,691,stronger
4344,722,stronger
4344,1144,stronger
4344,1400,incomparable
4344,1775,stronger
4344,2253,incomparable
4344,2307,stronger
4344,4448,incomparable
4345,307,incomparable
4345,1531,incomparable
4345,3049,stronger
4345,3488,incomparable
4345,3837,incomparable
4345,3873,incomparable
4345,4241,stronger
4345,4389,incomparable
4345,4647,incomparable
4346,205,incomparable
4346,832,incomparable
4346,2456,incomparable
4346,2686,incomparable
4346,3106,incomparable
4346,3143,incomparable
4346,3298,stronger
4346,3315,incomparable
4346,3570,incomparable
4347,432,incomparable
4347,495,incomparable
4347,784,stronger
4347,944,stronger
4347,1263,incomparable
4347,1822,stronger
4347,3092,incomparable
4347,3672,incomparable
4347,4374,weaker
4347,4592,incomparable
4348,252,stronger
4348,938,stronger
4348,1351,stronger
4348,1409,stronger
4348,2935,stronger
4348,4335,stronger
4349,303,stronger
4349,394,stronger
4349,514,stronger
4349,703,incomparable
4349,1563,stronger
4349,1677,incomparable
4349,1987,incomparable
4349,2803,stronger
4349,3122,incomparable
4349,3424,stronger
4349,4622,incomparable
4350,191,stronger
4350,760,stronger
4350,932,stronger
4350,1515,incomparable
4350,2277,incomparable
4350,3100,incomparable
4350,4335,equivalent
4350,4416,incomparable
4350,4488,incomparable
4350,4640,incomparable
4351,90,stronger
4351,706,incomparable
4351,2688,incomparable
4351,2757,stronger
4351,3375,stronger
4351,3711,incomparable
4351,4182,incomparable
4351,4223,stronger
4351,4512,incomparable
4352,895,incomparable
4352,1008,stronger
4352,1090,incomparable
4352,1206,stronger
4352,1436,incomparable
4352,1733,stronger
4352,2295,stronger
4352,2308,incomparable
4352,2677,incomparable
4352,2917,incomparable
4352,3018,stronger
4352,3466,incomparable
4352,3627,stronger
4352,3900,incomparable
4352,4426,incomparable
4352,4490,incomparable
4353,650,incomparable
4353,738,stronger
4353,1147,stronger
4353,1302,stronger
4353,1336,incomparable
4353,1499,stronger
4353,2055,incomparable
4353,2338,incomparable
4353,2361,stronger
4353,3971,stronger
4353,4138,incomparable
4353,4610,incomparable
4354,260,incomparable
4354,368,incomparable
4354,398,stronger
4354,631,incomparable
4354,668,stronger
4354,1133,incomparable
4354,1279,incomparable
4354,1456,incomparable
4354,1497,stronger
4354,1728,incomparable
4354,2636,stronger
4354,2948,stronger
4354,3349,stronger
4355,1369,stronger
4355,1594,incomparable
4355,2081,incomparable
4355,3470,incomparable
4355,3556,incomparable
4355,3736,incomparable
4355,3775,stronger
4355,4560,stronger
4356,935,stronger
4356,2494,incomparable
4356,2888,incomparable
4356,4085,incomparable
4356,4141,incomparable
4357,468,stronger
4357,575,incomparable
4357,769,incomparable
4357,779,stronger
4357,813,stronger
4357,1007,stronger
4357,1016,stronger
4357,1201,stronger
4357,1355,incomparable
4357,1407,stronger
4357,1470,incomparable
4357,1733,stronger
4357,2133,stronger
4357,3824,incomparable
4357,4001,incomparable
4357,4087,incomparable
4357,4428,incomparable
4358,15,stronger
4358,564,stronger
4358,2659,incomparable
4358,2735,stronger
4358,2838,stronger
4358,2988,stronger
4358,3266,incomparable
4358,4061,stronger
4358,4161,incomparable
4359,204,stronger
4359,426,incomparable
4359,452,incomparable
4359,530,stronger
4359,763,stronger
4359,1285,incomparable
4359,1889,stronger
4359,2691,incomparable
4359,3116,incomparable
4359,3287,incomparable
4359,3358,stronger
4359,3518,incomparable
4359,3619,stronger
4359,3677,incomparable
4359,4691,incomparable
4360,258,incomparable
4360,529,stronger
4360,731,incomparable
4360,767,stronger
4360,822,incomparable
4360,1179,stronger
4360,1673,incomparable
4360,2358,stronger
4360,3161,incomparable
4360,4169,stronger
4360,4418,incomparable
4361,1061,incomparable
4361,1412,stronger
4361,2421,stronger
4361,2599,stronger
4361,3420,stronger
4361,3562,incomparable
4361,3870,incomparable
4361,4385,incomparable
4361,4636,incomparable
4362,39,stronger
4362,240,stronger
4362,428,incomparable
4362,489,incomparable
4362,866,incomparable
4362,1805,stronger
4363,1135,stronger
4363,1646,incomparable
4363,1761,incomparable
4363,2130,incomparable
4363,3106,incomparable
4363,3688,incomparable
4363,3703,incomparable
4363,3999,stronger
4363,4106,incomparable
4364,296,stronger
4364,913,stronger
4364,921,stronger
4364,1275,incomparable
4364,1365,stronger
4364,1739,stronger
4364,2322,incomparable
4364,2775,stronger
4364,3224,stronger
4364,3408,stronger
4364,4575,stronger
4365,224,incomparable
4365,869,incomparable
4365,1057,incomparable
4365,1176,stronger
4365,1640,incomparable
4365,1914,stronger
4365,2325,stronger
4365,2597,stronger
4365,2799,incomparable
4365,2805,incomparable
4365,2877,incomparable
4365,3567,incomparable
4366,2257,incomparable
4366,2722,incomparable
4366,3679,incomparable
4366,3924,incomparable
4366,4107,incomparable
4367,167,incomparable
4367,1348,stronger
4367,1441,incomparable
4367,1696,stronger
4367,2781,stronger
4367,3977,stronger
4368,210,incomparable
4368,994,incomparable
4368,1341,stronger
4368,1534,stronger
4368,1857,incomparable
4368,3951,incomparable
4368,4508,incomparable
4369,1359,stronger
4369,1378,incomparable
4369,1737,stronger
4369,1898,incomparable
4369,2046,incomparable
4369,2075,incomparable
4369,3112,incomparable
4369,3405,incomparable
4369,4567,incomparable
4370,814,stronger
4370,823,incomparable
4370,960,incomparable
4370,1185,stronger
4370,1252,incomparable
4370,1738,incomparable
4370,1972,stronger
4370,2865,incomparable
4370,3033,stronger
4370,3129,stronger
4370,3421,stronger
4370,3592,stronger
4370,3765,incomparable
4370,4021,stronger
4370,4516,incomparable
4371,1005,stronger
4371,1640,incomparable
4371,1768,stronger
4371,1940,stronger
4371,1978,stronger
4371,2875,incomparable
4371,4292,stronger
4371,4532,stronger
4371,4571,stronger
4372,325,incomparable
4372,459,incomparable
4372,751,stronger
4372,904,stronger
4372,1025,incomparable
4372,1225,incomparable
4372,2004,incomparable
4372,3567,incomparable
4372,4464,incomparable
4372,4599,incomparable
4373,473,incomparable
4373,621,incomparable
4373,866,incomparable
4373,916,incomparable
4373,2332,stronger
4373,3732,incomparable
4373,3886,incomparable
4373,4036,stronger
4373,4227,stronger
4374,869,stronger
4374,1295,stronger
4374,1325,incomparable
4374,1872,incomparable
4374,2120,stronger
4374,4262,stronger
4374,4330,equivalent
4374,4447,incomparable
4375,61,incomparable
4375,202,stronger
4375,523,stronger
4375,823,incomparable
4375,2024,incomparable
4375,2279,incomparable
4375,2820,stronger
4375,3139,incomparable
4375,3311,incomparable
4375,3863,incomparable
4376,433,incomparable
4376,734,stronger
4376,791,incomparable
4376,866,incomparable
4376,1332,incomparable
4376,1497,stronger
4376,1549,stronger
4376,1661,incomparable
4376,1753,stronger
4376,2142,stronger
4376,4228,stronger
4377,625,incomparable
4377,1627,stronger
4377,1768,stronger
4377,1902,incomparable
4377,3579,stronger
4377,4235,stronger
4377,4328,weaker
4377,4461,incomparable
4378,81,stronger
4378,434,incomparable
4378,577,stronger
4378,757,stronger
4378,872,incomparable
4378,1102,stronger
4378,1605,stronger
4378,1822,stronger
4378,2004,stronger
4378,2198,stronger
4378,2232,stronger
4378,3328,incomparable
4378,4192,incomparable
4378,4489,incomparable
4379,26,incomparable
4379,386,stronger
4379,543,incomparable
4379,627,incomparable
4379,1193,stronger
4379,1474,incomparable
4379,1800,stronger
4379,2839,stronger
4379,3945,incomparable
4379,4260,stronger
4380,163,incomparable
4380,614,incomparable
4380,705,stronger
4380,750,stronger
4380,1076,unknown
4380,1233,stronger
4380,2175,stronger
4380,3034,stronger
4380,3392,incomparable
4381,321,incomparable
4381,697,stronger
4381,780,stronger
4381,996,stronger
4381,1096,incomparable
4381,1143,stronger
4381,1701,incomparable
4381,3174,stronger
4382,78,incomparable
4382,190,incomparable
4382,238,incomparable
4382,1016,stronger
4382,1568,stronger
4382,1640,incomparable
4382,1696,stronger
4382,1785,stronger
4382,1972,stronger
4382,2157,stronger
4382,2991,stronger
4382,3321,incomparable
4382,3483,incomparable
4383,331,incomparable
4383,496,stronger
4383,682,incomparable
4383,903,stronger
4383,1072,incomparable
4383,1076,incomparable
4383,1562,stronger
4383,1662,incomparable
4383,2045,incomparable
4383,2175,stronger
4383,2513,incomparable
4383,2579,incomparable
4383,3010,stronger
4383,3694,incomparable
4383,4073,incomparable
4383,4265,stronger
4384,299,stronger
4384,1495,stronger
4384,2320,stronger
4384,2606,stronger
4384,3721,incomparable
4384,3886,incomparable
4384,3938,stronger
4384,4230,incomparable
4384,4317,incomparable
4384,4342,incomparable
4385,73,incomparable
4385,571,incomparable
4385,1861,incomparable
4385,3062,incomparable
4385,3142,incomparable
4385,3176,incomparable
4385,3234,stronger
4385,3473,incomparable
4385,4465,stronger
4385,4584,incomparable
4386,51,incomparable
4386,137,stronger
4386,336,incomparable
4386,532,incomparable
4386,586,stronger
4386,869,incomparable
4386,3951,incomparable
4386,4119,incomparable
4386,4615,incomparable
4387,219,incomparable
4387,503,incomparable
4387,919,incomparable
4387,950,stronger
4387,1423,stronger
4387,1437,incomparable
4387,2617,stronger
4387,2721,stronger
4387,3256,incomparable
4387,3334,incomparable
4387,4374,incomparable
4387,4508,incomparable
4388,79,stronger
4388,356,stronger
4388,400,stronger
4388,2482,incomparable
4388,4038,stronger
4389,105,incomparable
4389,132,stronger
4389,628,incomparable
4389,713,incomparable
4389,942,stronger
4389,1424,stronger
4389,2176,stronger
4389,2473,incomparable
4389,3446,incomparable
4389,3995,stronger
4389,4019,stronger
4390,376,incomparable
4390,450,incomparable
4390,583,incomparable
4390,623,incomparable
4390,1268,incomparable
4390,1307,incomparable
4390,1663,incomparable
4390,1721,incomparable
4390,3148,stronger
4390,3191,stronger
4390,4032,stronger
4390,4044,stronger
4390,4150,incomparable
4390,4432,incomparable
4391,200,stronger
4391,284,stronger
4391,1917,stronger
4391,2162,incomparable
4391,2339,stronger
4391,2768,stronger
4391,2854,incomparable
4391,3102,incomparable
4391,4189,stronger
4391,4258,incomparable
4392,67,stronger
4392,423,incomparable
4392,765,incomparable
4392,798,stronger
4392,1148,stronger
4392,1415,incomparable
4392,2447,incomparable
4392,3237,incomparable
4392,3260,incomparable
4392,3323,incomparable
4392,3349,incomparable
4392,3903,incomparable
4392,3943,incomparable
4393,22,stronger
4393,241,stronger
4393,544,stronger
4393,744,incomparable
4393,1693,stronger
4393,1959,stronger
4393,2326,stronger
4393,2471,incomparable
4393,2631,stronger
4393,2698,stronger
4393,3027,stronger
4393,3309,incomparable
4393,3438,stronger
4393,3826,stronger
4393,3931,incomparable
4394,522,incomparable
4394,1180,incomparable
4394,1851,incomparable
4394,2666,incomparable
4394,4034,stronger
4395,1283,stronger
4395,1409,stronger
4395,2090,incomparable
4395,2429,stronger
4395,2808,incomparable
4395,3045,stronger
4395,3429,stronger
4395,3552,incomparable
4395,3936,stronger
4395,4138,incomparable
4395,4151,incomparable
4395,4557,stronger
4396,71,stronger
4396,828,incomparable
4396,863,stronger
4396,1505,stronger
4396,1717,stronger
4396,2036,incomparable
4396,2349,incomparable
4396,2516,stronger
4396,3269,incomparable
4396,3286,incomparable
4396,3774,stronger
4396,3791,stronger
4396,4094,incomparable
4396,4258,incomparable
4396,4508,stronger
4397,926,incomparable
4397,1063,incomparable
4397,1434,incomparable
4397,1641,incomparable
4397,2059,incomparable
4397,2395,stronger
4397,2558,incomparable
4397,2831,incomparable
4397,2928,incomparable
4397,2973,incomparable
4397,3573,incomparable
4397,4062,stronger
4397,4105,incomparable
4397,4524,incomparable
4398,43,stronger
4398,770,stronger
4398,943,incomparable
4398,1138,stronger
4398,2348,stronger
4398,2833,stronger
4398,3456,incomparable
4398,3487,incomparable
4399,626,incomparable
4399,953,stronger
4399,2099,stronger
4399,2529,stronger
4399,2549,stronger
4399,3036,stronger
4399,3450,stronger
4399,4188,stronger
4399,4301,incomparable
4399,4414,stronger
4399,4429,incomparable
4400,448,stronger
4400,1282,stronger
4400,1669,incomparable
4400,2168,stronger
4400,3060,incomparable
4400,3092,incomparable
4400,3706,incomparable
4400,4348,incomparable
4401,163,incomparable
4401,168,incomparable
4401,673,stronger
4401,739,stronger
4401,1484,incomparable
4401,1575,stronger
4401,1887,incomparable
4401,1934,incomparable
4401,2599,stronger
4401,2800,stronger
4401,3466,incomparable
4401,3778,stronger
4401,3804,incomparable
4401,4261,stronger
4401,4294,incomparable
4402,400,stronger
4402,653,incomparable
4402,735,incomparable
4402,859,stronger
4402,1001,stronger
4402,1062,stronger
4402,1495,stronger
4402,1800,stronger
4402,3676,incomparable
4402,3929,incomparable
4402,4451,incomparable
4403,1828,stronger
4403,2757,incomparable
4403,3560,stronger
4403,3602,stronger
4403,3786,incomparable
4403,4679,incomparable
4404,124,incomparable
4404,459,stronger
4404,681,stronger
4404,684,incomparable
4404,1625,stronger
4404,1742,incomparable
4404,2788,stronger
4404,3352,incomparable
4404,3428,stronger
4404,3496,incomparable
4404,3948,stronger
4404,4047,stronger
4404,4329,incomparable
4404,4399,weaker
4405,87,stronger
4405,615,incomparable
4405,806,incomparable
4405,1370,incomparable
4405,1575,stronger
4405,1758,stronger
4405,2228,stronger
4405,3853,stronger
4405,4570,incomparable
4406,1197,incomparable
4406,1396,stronger
4406,1450,incomparable
4406,1843,incomparable
4406,2078,incomparable
4406,2414,stronger
4406,3042,stronger
4406,3951,incomparable
4406,4160,stronger
4406,4542,stronger
4407,70,stronger
4407,192,stronger
4407,680,incomparable
4407,1280,stronger
4407,1904,incomparable
4407,2645,incomparable
4407,3094,incomparable
4407,3158,stronger
4407,3449,stronger
4407,3476,incomparable
4407,3550,stronger
4407,4157,incomparable
4407,4560,incomparable
4407,4641,weaker
4408,265,incomparable
4408,499,stronger
4408,890,stronger
4408,939,stronger
4408,1358,incomparable
4408,1596,stronger
4408,1883,incomparable
4408,3187,stronger
4408,3357,stronger
4408,3619,stronger
4408,4198,stronger
4408,4511,incomparable
4409,820,incomparable
4409,1080,stronger
4409,2852,incomparable
4409,3220,stronger
4409,3298,incomparable
4409,3371,incomparable
4409,4598,incomparable
4409,4638,incomparable
4410,128,stronger
4410,473,incomparable
4410,691,stronger
4410,1177,stronger
4410,1712,stronger
4410,1837,incomparable
4410,2117,stronger
4410,3023,stronger
4410,3378,stronger
4410,3675,incomparable
4410,3725,incomparable
4410,4171,incomparable
4411,204,incomparable
4411,308,incomparable
4411,521,stronger
4411,522,incomparable
4411,602,stronger
4411,750,stronger
4411,1679,incomparable
4411,1779,stronger
4411,2252,incomparable
4411,3353,incomparable
4411,4537,incomparable
4412,284,stronger
4412,1072,incomparable
4412,1182,stronger
4412,3170,stronger
4412,3982,stronger
4412,4186,stronger
4412,4399,incomparable
4412,4460,incomparable
4412,4652,incomparable
4413,477,incomparable
4413,1097,stronger
4413,1248,incomparable
4413,1563,stronger
4413,2172,stronger
4413,2248,incomparable
4413,3290,incomparable
4413,3610,stronger
4413,4651,incomparable
4414,633,incomparable
4414,1939,stronger
4414,2108,stronger
4414,2729,stronger
4414,2812,incomparable
4414,3880,incomparable
4414,3921,incomparable
4414,4402,weaker
4414,4569,incomparable
4415,60,incomparable
4415,813,stronger
4415,923,stronger
4415,1284,stronger
4415,2393,incomparable
4415,2420,incomparable
4415,2658,incomparable
4415,3452,stronger
4415,4343,incomparable
4415,4355,incomparable
4416,149,stronger
4416,389,stronger
4416,1900,incomparable
4416,2495,stronger
4416,2538,incomparable
4416,3550,stronger
4416,3788,stronger
4416,4197,incomparable
4417,339,incomparable
4417,417,incomparable
4417,1408,stronger
4417,1457,incomparable
4417,2407,stronger
4417,2506,incomparable
4417,3483,incomparable
4417,4127,incomparable
4418,227,stronger
4418,468,stronger
4418,974,stronger
4418,1540,stronger
4418,1596,stronger
4418,2060,incomparable
4418,2245,incomparable
4418,2470,incomparable
4418,3377,stronger
4418,4297,incomparable
4419,645,incomparable
4419,865,incomparable
4419,1328,incomparable
4419,1444,incomparable
4419,1604,stronger
4419,1891,stronger
4419,1976,stronger
4419,2186,incomparable
4419,2696,incomparable
4419,2751,stronger
4419,3063,incomparable
4419,3148,stronger
4420,36,stronger
4420,144,stronger
4420,288,stronger
4420,1802,stronger
4420,1827,stronger
4420,1874,incomparable
4420,2057,incomparable
4420,2874,incomparable
4420,2936,incomparable
4420,3269,incomparable
4420,3356,incomparable
4420,3547,stronger
4420,4028,stronger
4420,4319,incomparable
4420,4628,incomparable
4421,77,stronger
4421,882,incomparable
4421,960,incomparable
4421,1645,incomparable
4421,1932,incomparable
4421,2589,stronger
4421,3197,incomparable
4421,4039,stronger
4421,4594,incomparable
4421,4639,incomparable
4422,117,incomparable
4422,269,incomparable
4422,390,stronger
4422,478,stronger
4422,533,stronger
4422,578,stronger
4422,1222,stronger
4422,1905,stronger
4422,2756,stronger
4422,2932,stronger
4422,3025,stronger
4422,3809,stronger
4422,4136,incomparable
4422,4184,stronger
4422,4494,incomparable
4423,291,stronger
4423,340,stronger
4423,366,incomparable
4423,437,incomparable
4423,918,stronger
4423,1409,stronger
4423,1411,stronger
4423,1455,incomparable
4423,1895,incomparable
4423,2010,stronger
4423,2347,incomparable
4423,2654,incomparable
4423,3135,stronger
4423,3396,stronger
4423,4270,incomparable
4423,4396,incomparable
4423,4464,incomparable
4424,257,incomparable
4424,1007,stronger
4424,1371,stronger
4424,2120,stronger
4424,2138,stronger
4424,2546,stronger
4424,2732,stronger
4424,2847,incomparable
4424,3745,incomparable
4424,4470,incomparable
4424,4480,incomparable
4425,612,stronger
4425,1285,incomparable
4425,2919,incomparable
4425,3006,stronger
4425,3776,incomparable
4425,4286,incomparable
4425,4626,incomparable
4426,706,incomparable
4426,712,stronger
4426,1464,incomparable
4426,1750,incomparable
4426,1911,stronger
4426,3301,incomparable
4426,3722,incomparable
4426,4430,incomparable
4426,4502,incomparable
4427,474,incomparable
4427,823,incomparable
4427,1168,stronger
4427,1719,incomparable
4427,2217,incomparable
4427,2286,incomparable
4427,2710,incomparable
4427,2798,stronger
4427,3045,stronger
4427,3199,stronger
4427,3301,incomparable
4427,3836,stronger
4427,3939,incomparable
4427,4656,incomparable
4428,385,incomparable
4428,967,stronger
4428,2591,stronger
4428,2657,incomparable
4428,3185,incomparable
4428,3249,stronger
4428,3321,incomparable
4428,3613,stronger
4428,4109,incomparable
4428,4162,incomparable
4429,2408,stronger
4429,2469,incomparable
4429,3253,incomparable
4429,3318,incomparable
4429,3512,incomparable
4429,4172,stronger
4429,4439,incomparable
4430,215,incomparable
4430,2543,incomparable
4430,3067,incomparable
4430,3402,stronger
4430,3839,stronger
4430,4304,incomparable
4430,4333,incomparable
4431,19,incomparable
4431,423,incomparable
4431,460,incomparable
4431,463,incomparable
4431,730,stronger
4431,1106,stronger
4431,1207,incomparable
4431,1478,incomparable
4431,1484,incomparable
4431,1975,incomparable
4431,2988,stronger
4431,3169,stronger
4431,4140,incomparable
4432,428,stronger
4432,489,incomparable
4432,498,stronger
4432,695,incomparable
4432,1699,incomparable
4432,1960,stronger
4432,2408,stronger
4432,3368,stronger
4433,34,incomparable
4433,74,stronger
4433,1324,stronger
4433,2918,stronger
4433,3432,stronger
4434,304,stronger
4434,396,stronger
4434,1658,incomparable
4434,1695,incomparable
4434,1867,incomparable
4434,2163,incomparable
4434,2316,incomparable
4434,2653,incomparable
4434,2657,incomparable
4434,2701,stronger
4434,3022,stronger
4434,4411,incomparable
4435,553,stronger
4435,760,stronger
4435,2019,incomparable
4435,2027,stronger
4435,2446,incomparable
4435,3185,incomparable
4436,14,incomparable
4436,509,stronger
4436,640,incomparable
4436,661,incomparable
4436,707,incomparable
4436,954,stronger
4436,1133,incomparable
4436,1899,stronger
4437,12,stronger
4437,126,stronger
4437,479,incomparable
4437,713,incomparable
4437,1103,stronger
4437,1757,stronger
4437,2969,stronger
4437,3059,incomparable
4437,3132,stronger
4437,3361,stronger
4437,3561,stronger
4437,4027,incomparable
4438,766,stronger
4438,962,incomparable
4438,2137,incomparable
4438,2334,stronger
4438,2979,incomparable
4438,3677,incomparable
4438,4443,incomparable
4439,65,incomparable
4439,111,incomparable
4439,327,incomparable
4439,1049,incomparable
4439,1056,incomparable
4439,1131,incomparable
4439,1631,incomparable
4439,1679,incomparable
4439,1824,stronger
4439,3474,incomparable
4439,3696,incomparable
4439,4015,stronger
4440,50,incomparable
4440,101,incomparable
4440,467,incomparable
4440,542,stronger
4440,719,incomparable
4440,1554,stronger
4440,2484,incomparable
4440,2586,incomparable
4440,3156,stronger
4440,3480,incomparable
4440,4376,incomparable
4441,165,incomparable
4441,362,incomparable
4441,572,incomparable
4441,1044,stronger
4441,1286,incomparable
4441,1498,incomparable
4441,1644,incomparable
4441,1776,incomparable
4441,1938,stronger
4441,3509,incomparable
4442,808,stronger
4442,1737,stronger
4442,2512,stronger
4442,3953,stronger
4442,4139,incomparable
4443,15,stronger
4443,1053,incomparable
4443,1193,stronger
4443,1574,stronger
4443,2091,incomparable
4443,3156,stronger
4443,4356,incomparable
4444,571,incomparable
4444,1429,incomparable
4444,3055,incomparable
4444,3250,stronger
4444,3253,incomparable
4444,3640,stronger
4444,3838,stronger
4445,657,incomparable
4445,1454,incomparable
4445,1800,stronger
4445,2748,stronger
4445,2794,stronger
4445,3035,stronger
4445,3093,incomparable
4445,4001,incomparable
4445,4246,stronger
4446,326,incomparable
4446,338,stronger
4446,738,stronger
4446,1228,incomparable
4446,1403,stronger
4446,1725,stronger
4446,2471,incomparable
4446,2597,stronger
4446,3127,stronger
4446,3221,stronger
4446,4331,incomparable
4447,218,incomparable
4447,421,incomparable
4447,1007,stronger
4447,1359,stronger
4447,1794,stronger
4447,2157,stronger
4447,2650,incomparable
4447,2699,incomparable
4447,3336,incomparable
4447,4105,incomparable
4447,4273,weaker
4447,4652,incomparable
4448,610,stronger
4448,1139,stronger
4448,3717,incomparable
4448,3880,incomparable
4448,3950,incomparable
4448,4063,stronger
4448,4484,incomparable
4449,454,incomparable
4449,567,stronger
4449,1412,stronger
4449,1964,incomparable
4449,2439,stronger
4449,3211,incomparable
4449,4188,stronger
4450,178,stronger
4450,642,incomparable
4450,1444,incomparable
4450,1517,stronger
4450,1826,incomparable
4450,2372,incomparable
4450,2410,incomparable
4450,3588,incomparable
4450,3593,stronger
4450,3651,stronger
4451,929,stronger
4451,1359,stronger
4451,2116,incomparable
4451,2197,stronger
4451,3287,incomparable
4451,3826,stronger
4451,3894,incomparable
4451,4451,equivalent
4452,172,incomparable
4452,971,stronger
4452,1240,incomparable
4452,1244,incomparable
4452,1468,incomparable
4452,1647,incomparable
4452,1706,stronger
4452,1939,stronger
4452,3007,incomparable
4452,3156,stronger
4452,3857,stronger
4452,4433,incomparable
4452,4632,incomparable
4453,367,incomparable
4453,1944,stronger
4453,3183,stronger
4453,3289,incomparable
4453,3583,incomparable
4453,3736,incomparable
4454,183,stronger
4454,400,stronger
4454,726,stronger
4454,771,stronger
4454,1041,incomparable
4454,1158,incomparable
4454,1477,incomparable
4454,3439,stronger
4454,3748,incomparable
4454,3973,incomparable
4454,3981,stronger
4454,4343,incomparable
4455,1858,incomparable
4455,2091,incomparable
4455,2550,incomparable
4455,3349,incomparable
4455,3385,incomparable
4455,3448,stronger
4455,4173,stronger
4455,4217,incomparable
4455,4440,weaker
4456,416,incomparable
4456,447,incomparable
4456,663,incomparable
4456,748,incomparable
4456,834,incomparable
4456,848,incomparable
4456,979,stronger
4456,1346,stronger
4456,2070,incomparable
4457,1797,incomparable
4457,2332,stronger
4457,2611,stronger
4457,2722,incomparable
4457,3109,stronger
4457,3744,incomparable
4457,4207,stronger
4457,4275,incomparable
4458,111,incomparable
4458,1109,incomparable
4458,1551,stronger
4458,3024,incomparable
4458,3033,stronger
4458,3255,incomparable
4458,3375,incomparable
4458,3591,incomparable
4458,3621,incomparable
4458,3671,incomparable
4458,4114,incomparable
4459,76,stronger
4459,837,incomparable
4459,973,stronger
4459,1232,incomparable
4459,1252,incomparable
4459,1704,stronger
4459,2092,stronger
4459,2125,incomparable
4459,3506,incomparable
4459,4294,incomparable
4459,4583,weaker
4460,93,stronger
4460,465,stronger
4460,546,incomparable
4460,1058,incomparable
4460,1212,incomparable
4460,1571,incomparable
4460,1806,incomparable
4460,1958,incomparable
4460,2196,incomparable
4460,4230,incomparable
4460,4380,weaker
4460,4536,incomparable
4461,42,incomparable
4461,1736,stronger
4461,3000,stronger
4461,3770,incomparable
4461,4083,incomparable
4461,4231,stronger
4461,4433,weaker
4462,222,incomparable
4462,309,incomparable
4462,2007,stronger
4462,2359,incomparable
4462,2830,stronger
4462,3655,stronger
4462,3725,incomparable
4462,3840,stronger
4462,3902,incomparable
4463,804,stronger
4463,1435,incomparable
4463,1584,stronger
4463,2048,incomparable
4463,2126,incomparable
4463,2235,stronger
4463,2251,incomparable
4463,2805,incomparable
4463,3864,incomparable
4463,3915,incomparable
4463,3975,stronger
4463,3991,stronger
4463,4332,weaker
4464,713,incomparable
4464,724,stronger
4464,1069,incomparable
4464,2003,stronger
4464,2241,incomparable
4464,2480,incomparable
4464,2786,stronger
4464,3627,stronger
4464,4260,stronger
4465,29,incomparable
4465,187,stronger
4465,509,stronger
4465,759,incomparable
4465,1419,stronger
4465,1458,incomparable
4465,2550,incomparable
4465,3153,stronger
4465,3916,incomparable
4465,4674,weaker
4466,34,incomparable
4466,459,incomparable
4466,1850,incomparable
4466,1865,incomparable
4466,2933,stronger
4466,4102,incomparable
4467,5,incomparable
4467,413,incomparable
4467,1262,incomparable
4467,1884,incomparable
4467,2749,incomparable
4467,3265,incomparable
4467,3509,incomparable
4467,3621,incomparable
4468,51,incomparable
4468,82,incomparable
4468,1054,incomparable
4468,1434,incomparable
4468,1629,incomparable
4468,1664,incomparable
4468,1751,stronger
4468,2210,stronger
4468,2509,incomparable
4468,3198,stronger
4468,3238,stronger
4468,3990,stronger
4468,4173,stronger
4468,4553,stronger
4469,675,stronger
4469,836,incomparable
4469,1633,incomparable
4469,1780,incomparable
4469,2164,incomparable
4469,2313,stronger
4469,2504,incomparable
4469,3169,stronger
4469,3758,incomparable
4469,3862,incomparable
4470,751,stronger
4470,1225,incomparable
4470,1785,stronger
4470,1972,stronger
4470,3108,stronger
4470,3163,stronger
4470,3210,stronger
4470,3648,stronger
4470,3923,stronger
4470,3980,incomparable
4470,4107,incomparable
4470,4520,stronger
4471,179,incomparable
4471,247,stronger
4471,321,incomparable
4471,546,incomparable
4471,1031,incomparable
4471,1043,incomparable
4471,1098,incomparable
4471,1644,incomparable
4471,2416,stronger
4471,2896,incomparable
4471,3056,incomparable
4471,3326,incomparable
4471,3561,stronger
4471,3894,incomparable
4471,4498,incomparable
4472,80,stronger
4472,106,incomparable
4472,441,stronger
4472,495,incomparable
4472,561,stronger
4472,1260,incomparable
4472,1757,stronger
4472,1871,incomparable
4472,1928,stronger
4472,2249,incomparable
4472,2878,incomparable
4472,3573,incomparable
4472,4055,incomparable
4473,229,incomparable
4473,260,incomparable
4473,643,incomparable
4473,874,stronger
4473,2630,stronger
4473,2862,incomparable
4473,4604,incomparable
4474,331,incomparable
4474,1054,stronger
4474,1846,incomparable
4474,2425,incomparable
4474,2666,incomparable
4474,2822,stronger
4474,3925,incomparable
4475,424,incomparable
4475,1030,incomparable
4475,1403,stronger
4475,1486,incomparable
4475,1492,incomparable
4475,2001,stronger
4475,2019,incomparable
4475,2533,incomparable
4475,2619,stronger
4475,2799,incomparable
4475,2859,incomparable
4475,3889,incomparable
4475,3941,stronger
4476,610,stronger
4476,810,stronger
4476,1410,incomparable
4476,1558,incomparable
4476,1634,incomparable
4476,2136,stronger
4476,3372,stronger
4476,3665,incomparable
4477,264,incomparable
4477,755,stronger
4477,946,stronger
4477,1120,incomparable
4477,1216,stronger
4477,1751,stronger
4477,1759,incomparable
4477,2436,stronger
4478,6,stronger
4478,86,incomparable
4478,1221,stronger
4478,1421,stronger
4478,1986,stronger
4478,2422,stronger
4478,2730,stronger
4478,2739,incomparable
4478,3527,incomparable
4478,4066,incomparable
4479,538,stronger
4479,756,stronger
4479,920,stronger
4479,988,stronger
4479,1472,incomparable
4479,1591,stronger
4479,1667,incomparable
4479,2117,stronger
4479,2380,stronger
4479,2484,incomparable
4479,3365,stronger
4479,3374,stronger
4479,4077,incomparable
4480,449,incomparable
4480,842,incomparable
4480,958,stronger
4480,1415,incomparable
4480,1553,stronger
4480,1618,incomparable
4480,1700,stronger
4480,1833,incomparable
4480,2136,stronger
4480,2646,incomparable
4480,2657,incomparable
4480,3287,incomparable
4480,3698,incomparable
4480,4009,stronger
4480,4363,incomparable
4481,38,incomparable
4481,948,stronger
4481,1068,incomparable
4481,1405,incomparable
4481,2343,incomparable
4481,2446,incomparable
4481,2771,stronger
4481,2780,stronger
4481,3166,stronger
4481,3765,incomparable
4481,4053,stronger
4481,4062,stronger
4481,4070,incomparable
4482,151,incomparable
4482,1182,stronger
4482,1404,stronger
4482,1423,stronger
4482,1861,incomparable
4482,2570,stronger
4482,2834,stronger
4482,3894,incomparable
4482,3959,incomparable
4482,4066,incomparable
4482,4464,incomparable
4483,289,stronger
4483,655,incomparable
4483,1121,stronger
4483,1555,stronger
4483,1603,incomparable
4483,3459,incomparable
4483,3502,incomparable
4483,3865,incomparable
4483,3933,incomparable
4483,4145,incomparable
4483,4502,stronger
4484,350,stronger
4484,931,stronger
4484,1567,stronger
4484,1719,incomparable
4484,1858,incomparable
4484,2134,incomparable
4484,2155,stronger
4484,2174,stronger
4484,2181,stronger
4484,2355,incomparable
4484,2470,incomparable
4484,2596,incomparable
4484,2722,incomparable
4484,3018,stronger
4484,3561,stronger
4484,3987,stronger
4485,1,weaker
4485,298,incomparable
4485,708,stronger
4485,893,incomparable
4485,968,incomparable
4485,1416,stronger
4485,2461,incomparable
4485,3432,stronger
4485,3631,stronger
4485,3740,incomparable
4485,4208,stronger
4486,737,stronger
4486,1006,stronger
4486,1411,stronger
4486,1912,incomparable
4486,2342,stronger
4486,3191,stronger
4486,3465,incomparable
4486,3643,stronger
4486,3918,incomparable
4486,4378,incomparable
4487,239,stronger
4487,989,incomparable
4487,1014,incomparable
4487,1984,stronger
4487,2390,stronger
4487,3359,incomparable
4487,4155,incomparable
4487,4410,incomparable
4488,492,incomparable
4488,1298,stronger
4488,1359,stronger
4488,1628,stronger
4488,1869,incomparable
4488,2399,incomparable
4488,2491,incomparable
4488,2676,incomparable
4488,2999,stronger
4488,3147,incomparable
4488,3206,stronger
4488,3925,incomparable
4488,4132,incomparable
4488,4622,weaker
4489,275,stronger
4489,2610,stronger
4489,3408,stronger
4489,3752,incomparable
4489,3793,stronger
4489,3826,stronger
4489,4018,incomparable
4489,4455,incomparable
4490,685,stronger
4490,956,stronger
4490,967,stronger
4490,1823,stronger
4490,1892,stronger
4490,3161,incomparable
4490,3503,incomparable
4490,3610,stronger
4490,3691,incomparable
4490,4074,incomparable
4490,4600,incomparable
4491,95,stronger
4491,410,stronger
4491,474,incomparable
4491,2253,incomparable
4491,4159,stronger
4491,4449,incomparable
4492,8,incomparable
4492,52,incomparable
4492,343,incomparable
4492,361,incomparable
4492,643,incomparable
4492,779,stronger
4492,911,stronger
4492,1003,stronger
4492,1046,incomparable
4492,1371,stronger
4492,2128,incomparable
4492,2898,incomparable
4492,2906,stronger
4492,3400,stronger
4492,3413,stronger
4492,3666,incomparable
4492,3879,incomparable
4492,4587,weaker
4493,1145,stronger
4493,1148,stronger
4493,2800,stronger
4493,3789,stronger
4494,354,stronger
4494,1191,stronger
4494,1545,stronger
4494,2465,incomparable
4494,2865,incomparable
4494,3363,incomparable
4494,3510,incomparable
4494,4459,incomparable
4495,248,stronger
4495,377,incomparable
4495,1198,stronger
4495,1269,incomparable
4495,4462,incomparable
4495,4556,stronger
4496,227,stronger
4496,369,incomparable
4496,858,incomparable
4496,1076,incomparable
4496,1780,incomparable
4496,2377,stronger
4496,2528,stronger
4496,2529,stronger
4496,2656,incomparable
4496,3118,incomparable
4496,3601,incomparable
4496,3744,incomparable
4496,4331,incomparable
4497,796,incomparable
4497,1721,incomparable
4497,2361,stronger
4497,2635,stronger
4497,3416,stronger
4497,3906,incomparable
4497,4015,stronger
4498,306,stronger
4498,343,incomparable
4498,410,stronger
4498,696,stronger
4498,701,stronger
4498,893,incomparable
4498,1062,incomparable
4498,1842,incomparable
4498,1932,incomparable
4498,2332,stronger
4498,2664,incomparable
4498,2690,incomparable
4498,2758,stronger
4498,3028,stronger
4498,3320,incomparable
4498,3515,incomparable
4498,3581,stronger
4498,3730,incomparable
4498,4559,incomparable
4499,145,stronger
4499,531,stronger
4499,560,stronger
4499,867,incomparable
4499,1125,incomparable
4499,1505,stronger
4499,1644,incomparable
4499,2185,stronger
4499,2194,stronger
4499,3880,incomparable
4500,2210,stronger
4500,2388,stronger
4500,2838,stronger
4500,3226,stronger
4500,3273,incomparable
4500,3553,incomparable
4501,1,weaker
4501,53,incomparable
4501,490,stronger
4501,765,incomparable
4501,872,incomparable
4501,1101,incomparable
4501,1132,stronger
4501,1371,stronger
4501,1483,incomparable
4501,1515,incomparable
4501,1804,stronger
4501,2864,incomparable
4501,4138,incomparable
4501,4342,incomparable
4502,344,stronger
4502,1076,incomparable
4502,1301,incomparable
4502,2603,stronger
4502,3556,incomparable
4502,3726,incomparable
4502,4301,incomparable
4502,4679,incomparable
4503,216,incomparable
4503,1513,stronger
4503,2275,incomparable
4503,2281,incomparable
4503,2363,stronger
4503,2708,stronger
4503,4011,stronger
4503,4013,incomparable
4503,4426,incomparable
4504,1045,incomparable
4504,1575,stronger
4504,2706,incomparable
4504,2958,incomparable
4504,3133,stronger
4504,4680,incomparable
4505,903,stronger
4505,1181,incomparable
4505,2220,stronger
4505,2367,stronger
4505,2526,stronger
4505,2763,stronger
4505,3036,stronger
4505,3372,stronger
4506,6,stronger
4506,113,stronger
4506,1504,incomparable
4506,1777,stronger
4506,2052,incomparable
4506,2072,incomparable
4506,2797,stronger
4506,2807,stronger
4506,3270,incomparable
4506,3431,incomparable
4506,3707,incomparable
4506,4170,stronger
4506,4263,incomparable
4506,4662,incomparable
4507,362,incomparable
4507,1882,incomparable
4507,3299,incomparable
4507,3531,incomparable
4507,3603,stronger
4507,4166,stronger
4507,4467,incomparable
4508,926,incomparable
4508,3318,incomparable
4508,3875,incomparable
4508,4140,incomparable
4508,4296,incomparable
4508,4305,incomparable
4508,4371,incomparable
4509,502,stronger
4509,618,incomparable
4509,982,stronger
4509,1293,incomparable
4509,1373,stronger
4509,1392,stronger
4509,1768,stronger
4509,2284,incomparable
4509,4054,stronger
4509,4084,incomparable
4509,4535,incomparable
4510,1029,incomparable
4510,1251,incomparable
4510,1717,stronger
4510,1964,incomparable
4510,2195,incomparable
4510,2435,incomparable
4510,2964,incomparable
4510,3240,stronger
4510,3360,stronger
4510,3371,incomparable
4510,3795,stronger
4510,4139,incomparable
4511,427,incomparable
4511,1320,incomparable
4511,1739,stronger
4511,2266,incomparable
4511,2849,incomparable
4511,3005,stronger
4511,3692,incomparable
4511,3792,stronger
4511,3793,stronger
4511,4007,incomparable
4511,4502,incomparable
4512,218,incomparable
4512,550,stronger
4512,715,stronger
4512,799,stronger
4512,1481,incomparable
4512,1668,incomparable
4512,1768,stronger
4512,2027,stronger
4512,2515,stronger
4512,3616,stronger
4512,3666,incomparable
4512,3837,incomparable
4512,4134,incomparable
4513,121,stronger
4513,233,stronger
4513,680,incomparable
4513,2693,incomparable
4513,3386,stronger
4513,3512,incomparable
4513,3533,incomparable
4513,3546,incomparable
4513,3832,incomparable
4513,4478,incomparable
4514,52,incomparable
4514,75,incomparable
4514,431,stronger
4514,660,stronger
4514,886,stronger
4514,1102,stronger
4514,1545,stronger
4514,1712,stronger
4514,1748,stronger
4514,3159,incomparable
4514,3625,incomparable
4514,4445,incomparable
4515,968,incomparable
4515,1197,incomparable
4515,1366,incomparable
4515,1731,incomparable
4515,2182,incomparable
4515,2271,incomparable
4515,2293,incomparable
4515,2474,incomparable
4515,2763,stronger
4515,2771,stronger
4515,3266,incomparable
4515,3330,incomparable
4515,3591,incomparable
4515,4151,incomparable
4515,4517,stronger
4516,459,stronger
4516,654,stronger
4516,671,stronger
4516,837,incomparable
4516,903,stronger
4516,1677,incomparable
4516,2537,stronger
4516,3334,incomparable
4516,3543,incomparable
4516,4091,incomparable
4516,4128,incomparable
4516,4538,stronger
4516,4642,incomparable
4516,4677,incomparable
4517,797,stronger
4517,1319,stronger
4517,1708,stronger
4517,1865,incomparable
4517,2807,stronger
4517,3015,incomparable
4517,3520,incomparable
4517,4279,incomparable
4517,4383,weaker
4518,394,stronger
4518,944,stronger
4518,1497,stronger
4518,2092,stronger
4518,2474,incomparable
4518,3634,incomparable
4518,3847,incomparable
4518,4312,incomparable
4519,78,incomparable
4519,2855,incomparable
4519,2878,incomparable
4519,2936,incomparable
4519,3125,stronger
4519,4603,incomparable
4519,4694,incomparable
4520,574,stronger
4520,693,stronger
4520,712,stronger
4520,746,incomparable
4520,1159,stronger
4520,2040,incomparable
4520,2271,incomparable
4520,2336,stronger
4520,2797,stronger
4520,3360,stronger
4520,3397,incomparable
4521,273,incomparable
4521,712,stronger
4521,791,incomparable
4521,3010,stronger
4521,3173,stronger
4522,481,incomparable
4522,1317,stronger
4522,2377,stronger
4522,3523,incomparable
4522,4399,weaker
4523,109,incomparable
4523,638,incomparable
4523,1072,incomparable
4523,1265,incomparable
4523,2328,incomparable
4523,2728,incomparable
4523,3009,stronger
4523,3047,stronger
4523,3536,incomparable
4523,3570,incomparable
4523,4460,incomparable
4524,151,incomparable
4524,822,incomparable
4524,1298,stronger
4524,1990,stronger
4524,2943,stronger
4524,3446,incomparable
4524,4602,incomparable
4525,13,incomparable
4525,170,incomparable
4525,378,incomparable
4525,741,stronger
4525,1027,incomparable
4525,1245,incomparable
4525,1616,stronger
4525,2315,stronger
4525,2348,stronger
4525,4033,stronger
4525,4062,stronger
4525,4185,stronger
4525,4472,incomparable
4525,4546,incomparable
4526,50,incomparable
4526,1949,incomparable
4526,2180,incomparable
4526,3230,stronger
4526,3627,stronger
4526,3719,incomparable
4527,684,incomparable
4527,976,stronger
4527,1706,stronger
4527,2014,incomparable
4527,2451,incomparable
4527,2981,incomparable
4527,2993,stronger
4527,3833,stronger
4527,4555,incomparable
4527,4666,incomparable
4528,128,stronger
4528,316,incomparable
4528,530,stronger
4528,619,incomparable
4528,1494,incomparable
4528,2043,incomparable
4528,2204,stronger
4528,3475,incomparable
4528,3524,incomparable
4528,3680,incomparable
4528,3717,incomparable
4528,4239,stronger
4529,211,incomparable
4529,430,incomparable
4529,1883,incomparable
4529,1902,incomparable
4529,1941,incomparable
4529,3145,incomparable
4529,3420,stronger
4529,3678,incomparable
4529,3687,incomparable
4529,3918,incomparable
4529,4010,incomparable
4529,4039,stronger
4529,4549,stronger
4529,4660,incomparable
4530,913,stronger
4530,1015,stronger
4530,1637,incomparable
4530,1894,incomparable
4530,2272,incomparable
4530,3015,incomparable
4530,3036,stronger
4530,3701,incomparable
4530,3904,incomparable
4530,4509,weaker
4531,178,stronger
4531,1076,incomparable
4531,1229,incomparable
4531,1638,incomparable
4531,1918,stronger
4531,1969,stronger
4531,2218,stronger
4531,2395,stronger
4531,2593,stronger
4531,2656,incomparable
4531,3671,incomparable
4531,4520,incomparable
4531,4576,incomparable
4532,113,incomparable
4532,126,stronger
4532,682,incomparable
4532,970,stronger
4532,1193,stronger
4532,1208,stronger
4532,1459,incomparable
4532,1560,incomparable
4532,1671,incomparable
4532,1832,incomparable
4532,2029,incomparable
4532,2563,stronger
4532,3286,incomparable
4532,4591,weaker
4533,252,stronger
4533,299,stronger
4533,742,stronger
4533,896,stronger
4533,1774,incomparable
4533,1835,incomparable
4533,1891,stronger
4533,1977,incomparable
4533,2732,stronger
4533,3901,incomparable
4533,4234,incomparable
4533,4428,incomparable
4534,119,stronger
4534,181,stronger
4534,468,stronger
4534,1009,incomparable
4534,1424,stronger
4534,2406,incomparable
4534,3083,incomparable
4534,3593,stronger
4534,4595,weaker
4535,459,incomparable
4535,705,stronger
4535,737,stronger
4535,748,incomparable
4535,788,stronger
4535,1162,stronger
4535,1167,incomparable
4535,1404,stronger
4535,2007,stronger
4535,3227,incomparable
4535,3302,incomparable
4535,3459,incomparable
4535,4227,stronger
4535,4583,incomparable
4536,142,incomparable
4536,1761,incomparable
4536,2232,incomparable
4536,2344,stronger
4536,2902,incomparable
4536,2963,stronger
4536,4211,stronger
4537,276,stronger
4537,462,incomparable
4537,1404,stronger
4537,1860,incomparable
4537,2241,incomparable
4537,2378,stronger
4537,2688,incomparable
4537,3700,incomparable
4537,4232,stronger
4538,990,stronger
4538,1677,incomparable
4538,1988,stronger
4538,2457,incomparable
4538,2759,stronger
4538,2761,incomparable
4538,3029,incomparable
4538,3163,incomparable
4538,3206,stronger
4538,3354,stronger
4538,3812,stronger
4538,3922,incomparable
4538,3957,stronger
4538,4128,incomparable
4539,56,incomparable
4539,342,stronger
4539,883,incomparable
4539,1252,incomparable
4539,1855,incomparable
4539,1917,stronger
4539,2535,stronger
4539,2584,incomparable
4539,3172,stronger
4539,3430,stronger
4539,3553,incomparable
4540,270,incomparable
4540,319,incomparable
4540,654,incomparable
4540,990,stronger
4540,1612,stronger
4540,1750,incomparable
4540,2729,stronger
4540,2889,incomparable
4540,2914,stronger
4540,3166,stronger
4540,4053,stronger
4540,4557,equivalent
4540,4671,incomparable
4541,2005,stronger
4541,2181,stronger
4541,2311,stronger
4541,2661,incomparable
4541,2784,stronger
4541,3092,incomparable
4541,3173,stronger
4541,3418,incomparable
4541,3673,incomparable
4541,4550,incomparable
4542,97,stronger
4542,975,stronger
4542,1574,stronger
4542,1621,stronger
4542,1667,incomparable
4542,3075,incomparable
4542,3169,stronger
4542,3471,incomparable
4542,3569,stronger
4542,4649,incomparable
4543,470,stronger
4543,668,stronger
4543,1403,stronger
4543,1822,stronger
4543,1937,incomparable
4543,3749,incomparable
4544,947,incomparable
4544,1274,incomparable
4544,1360,stronger
4544,1604,stronger
4544,1856,incomparable
4544,2444,incomparable
4544,2482,incomparable
4544,2487,incomparable
4544,3021,stronger
4544,3347,stronger
4544,3538,incomparable
4544,4343,incomparable
4544,4401,incomparable
4544,4527,incomparable
4544,4558,stronger
4545,37,stronger
4545,495,incomparable
4545,531,stronger
4545,591,stronger
4545,657,incomparable
4545,1951,stronger
4545,2350,stronger
4545,2356,stronger
4545,2994,incomparable
4545,4339,weaker
4546,1394,stronger
4546,1727,stronger
4546,2249,incomparable
4546,2629,stronger
4546,3771,stronger
4546,4438,incomparable
4547,387,incomparable
4547,938,incomparable
4547,1115,incomparable
4547,2560,stronger
4547,2647,incomparable
4547,3412,stronger
4547,3424,stronger
4547,3786,incomparable
4548,725,incomparable
4548,810,stronger
4548,1449,incomparable
4548,1458,incomparable
4548,1798,stronger
4548,2024,incomparable
4548,2201,stronger
4548,2986,stronger
4548,3043,stronger
4548,3049,stronger
4548,3071,incomparable
4548,3268,incomparable
4548,3617,incomparable
4548,4130,incomparable
4548,4629,incomparable
4549,99,incomparable
4549,527,stronger
4549,600,stronger
4549,675,stronger
4549,948,stronger
4549,963,stronger
4549,1239,incomparable
4549,1484,incomparable
4549,1753,stronger
4549,1954,stronger
4549,3834,stronger
4550,72,incomparable
4550,1601,stronger
4550,2072,incomparable
4550,2164,incomparable
4550,2654,incomparable
4550,3057,incomparable
4550,3087,incomparable
4550,3113,incomparable
4550,3778,stronger
4550,4680,incomparable
4550,4690,incomparable
4551,1032,incomparable
4551,1738,incomparable
4551,2639,stronger
4551,3192,stronger
4551,3343,incomparable
4551,3652,stronger
4551,4467,incomparable
4552,41,stronger
4552,44,stronger
4552,109,incomparable
4552,284,stronger
4552,637,incomparable
4552,932,stronger
4552,1632,incomparable
4552,2042,incomparable
4552,2790,stronger
4552,3091,incomparable
4552,3327,incomparable
4552,3613,stronger
4552,3805,stronger
4552,4297,incomparable
4553,396,stronger
4553,1078,incomparable
4553,1395,incomparable
4553,1497,stronger
4553,1705,incomparable
4553,1965,stronger
4553,2228,stronger
4553,2810,stronger
4553,2973,incomparable
4553,3486,incomparable
4553,3704,incomparable
4553,3853,stronger
4553,4253,incomparable
4553,4466,weaker
4554,33,stronger
4554,184,stronger
4554,437,incomparable
4554,1368,incomparable
4554,1551,stronger
4554,1594,incomparable
4554,1972,stronger
4554,3707,incomparable
4554,3890,incomparable
4555,825,incomparable
4555,1047,incomparable
4555,1502,incomparable
4555,1648,incomparable
4555,2472,incomparable
4555,2680,incomparable
4555,2803,stronger
4555,3057,incomparable
4555,3519,incomparable
4555,3566,incomparable
4555,4349,weaker
4555,4454,incomparable
4555,4618,incomparable
4555,4634,incomparable
4556,173,stronger
4556,174,stronger
4556,241,stronger
4556,554,incomparable
4556,3802,stronger
4557,515,stronger
4557,774,incomparable
4557,1590,incomparable
4557,1767,incomparable
4557,1814,stronger
4557,2542,stronger
4557,2642,stronger
4557,2658,incomparable
4557,4354,incomparable
4558,32,stronger
4558,186,incomparable
4558,490,stronger
4558,512,stronger
4558,705,stronger
4558,814,stronger
4558,1672,incomparable
4558,1790,incomparable
4558,1999,stronger
4558,2408,stronger
4558,2898,incomparable
4558,3650,stronger
4558,4296,weaker
4558,4510,weaker
4559,122,stronger
4559,154,incomparable
4559,663,incomparable
4559,1116,stronger
4559,1676,incomparable
4559,1754,stronger
4559,1996,incomparable
4559,2257,incomparable
4559,2411,stronger
4559,2787,incomparable
4559,2901,stronger
4559,3160,stronger
4559,3308,incomparable
4559,3369,stronger
4559,3856,stronger
4559,4499,incomparable
4560,1269,incomparable
4560,1557,stronger
4560,3408,stronger
4560,3855,stronger
4560,4308,weaker
4560,4582,stronger
4561,617,incomparable
4561,1228,incomparable
4561,1263,incomparable
4561,1390,stronger
4561,1451,incomparable
4561,1792,stronger
4561,2013,stronger
4561,2083,incomparable
4561,2127,incomparable
4561,3062,incomparable
4561,3963,stronger
4561,4214,stronger
4561,4316,weaker
4561,4324,weaker
4562,319,incomparable
4562,404,stronger
4562,852,incomparable
4562,911,stronger
4562,1088,incomparable
4562,1157,stronger
4562,1175,incomparable
4562,1201,stronger
4562,1238,incomparable
4562,1937,incomparable
4562,3006,stronger
4562,3479,incomparable
4562,4147,incomparable
4562,4296,incomparable
4562,4446,incomparable
4563,98,stronger
4563,254,stronger
4563,2042,incomparable
4563,3127,stronger
4563,3807,incomparable
4563,4222,stronger
4563,4388,incomparable
4564,10,incomparable
4564,1563,stronger
4564,1977,incomparable
4564,2057,incomparable
4564,3639,stronger
4564,4229,incomparable
4565,204,incomparable
4565,1110,incomparable
4565,1761,incomparable
4565,1932,incomparable
4565,1966,incomparable
4565,2742,stronger
4565,4245,stronger
4565,4289,weaker
4565,4342,weaker
4566,177,incomparable
4566,566,incomparable
4566,710,stronger
4566,978,incomparable
4566,1329,stronger
4566,2904,stronger
4566,3486,incomparable
4566,3970,stronger
4566,3972,incomparable
4566,4239,stronger
4567,128,stronger
4567,662,incomparable
4567,1041,incomparable
4567,1114,stronger
4567,1903,stronger
4567,1969,stronger
4567,2088,incomparable
4567,2342,stronger
4567,2791,incomparable
4567,3474,incomparable
4567,3588,incomparable
4567,4003,stronger
4567,4120,incomparable
4567,4174,stronger
4567,4305,incomparable
4567,4506,weaker
4568,468,stronger
4568,717,stronger
4568,949,incomparable
4568,979,stronger
4568,990,stronger
4568,1178,stronger
4568,1726,incomparable
4568,1728,incomparable
4568,1990,stronger
4568,2075,incomparable
4568,2090,incomparable
4568,2165,incomparable
4568,2515,stronger
4568,2741,incomparable
4568,2927,incomparable
4568,3489,incomparable
4568,3895,incomparable
4568,4153,incomparable
4568,4543,equivalent
4569,807,stronger
4569,861,incomparable
4569,1187,stronger
4569,1321,stronger
4569,1818,stronger
4569,2017,stronger
4569,2263,incomparable
4569,2362,stronger
4569,2536,incomparable
4569,2734,incomparable
4569,2847,incomparable
4569,3359,incomparable
4569,3741,incomparable
4569,4044,stronger
4569,4402,incomparable
4569,4517,incomparable
4569,4628,incomparable
4570,889,incomparable
4570,2002,stronger
4570,2802,stronger
4570,3267,incomparable
4570,3322,incomparable
4570,4076,incomparable
4570,4387,incomparable
4570,4510,weaker
4571,245,stronger
4571,1741,stronger
4571,2942,incomparable
4571,3384,incomparable
4571,3724,incomparable
4571,4024,stronger
4572,166,incomparable
4572,175,stronger
4572,756,stronger
4572,780,stronger
4572,947,incomparable
4572,1511,stronger
4572,1548,stronger
4572,2734,incomparable
4572,3685,incomparable
4572,4501,incomparable
4573,606,stronger
4573,962,incomparable
4573,1409,stronger
4573,2017,stronger
4573,2159,stronger
4573,2259,incomparable
4573,2502,stronger
4573,2733,incomparable
4574,152,incomparable
4574,238,incomparable
4574,617,incomparable
4574,1796,stronger
4574,2011,stronger
4574,2045,incomparable
4574,2186,incomparable
4574,2260,incomparable
4574,2475,incomparable
4574,3094,incomparable
4574,3327,incomparable
4574,3679,incomparable
4574,3762,stronger
4574,4050,incomparable
4575,134,incomparable
4575,464,incomparable
4575,1352,stronger
4575,2355,incomparable
4575,2881,incomparable
4575,4435,incomparable
4575,4473,incomparable
4575,4605,incomparable
4576,114,incomparable
4576,446,incomparable
4576,554,incomparable
4576,993,stronger
4576,2395,stronger
4576,2601,incomparable
4576,2891,incomparable
4576,3042,stronger
4576,3645,stronger
4576,4354,weaker
4576,4541,incomparable
4577,50,incomparable
4577,637,incomparable
4577,1049,incomparable
4577,2140,incomparable
4577,2354,stronger
4577,2469,incomparable
4577,2561,stronger
4577,3128,incomparable
4577,3465,incomparable
4577,3999,stronger
4577,4322,incomparable
4578,174,stronger
4578,746,incomparable
4578,908,stronger
4578,1173,stronger
4578,1649,incomparable
4578,2042,incomparable
4578,2130,incomparable
4578,2395,stronger
4578,2969,stronger
4578,4224,stronger
4578,4530,weaker
4579,1454,incomparable
4579,1773,stronger
4579,3733,incomparable
4579,3816,stronger
4579,4321,incomparable
4579,4335,incomparable
4579,4684,incomparable
4579,4687,incomparable
4580,219,incomparable
4580,494,stronger
4580,874,stronger
4580,967,stronger
4580,975,stronger
4580,1112,incomparable
4580,1758,stronger
4580,1878,incomparable
4580,3668,incomparable
4580,4380,weaker
4581,54,incomparable
4581,358,stronger
4581,359,incomparable
4581,525,stronger
4581,1115,incomparable
4581,1840,incomparable
4581,2066,incomparable
4581,3850,stronger
4581,3961,incomparable
4581,4454,incomparable
4581,4460,incomparable
4582,176,incomparable
4582,1282,stronger
4582,1591,stronger
4582,1954,stronger
4582,2150,stronger
4582,2400,stronger
4582,2910,incomparable
4582,3622,stronger
4582,3896,incomparable
4582,4046,stronger
4583,62,incomparable
4583,365,incomparable
4583,892,stronger
4583,2118,stronger
4583,2867,stronger
4583,3299,incomparable
4583,3743,stronger
4583,3799,stronger
4583,4054,stronger
4583,4188,stronger
4583,4286,incomparable
4584,933,stronger
4584,1012,stronger
4584,1602,stronger
4584,1629,incomparable
4584,1725,stronger
4584,1797,incomparable
4584,1826,stronger
4584,3082,stronger
4584,3302,incomparable
4584,3380,incomparable
4584,3780,stronger
4584,3812,stronger
4584,3872,incomparable
4584,4627,incomparable
4585,1083,incomparable
4585,1577,incomparable
4585,1578,stronger
4585,1586,incomparable
4585,2038,incomparable
4585,2069,stronger
4585,2443,incomparable
4585,2763,stronger
4585,3604,incomparable
4585,3821,stronger
4585,4108,incomparable
4585,4310,incomparable
4585,4319,incomparable
4585,4521,stronger
4585,4667,stronger
4586,136,stronger
4586,343,incomparable
4586,586,stronger
4586,1626,stronger
4586,2030,stronger
4586,2522,incomparable
4586,2566,stronger
4586,3220,stronger
4586,3600,incomparable
4586,3666,incomparable
4586,3704,incomparable
4586,4017,stronger
4586,4168,incomparable
4586,4629,weaker
4586,4689,incomparable
4587,256,incomparable
4587,478,stronger
4587,923,stronger
4587,1040,incomparable
4587,1368,incomparable
4587,1589,stronger
4587,1697,incomparable
4587,1818,stronger
4587,3135,stronger
4587,4133,incomparable
4587,4325,incomparable
4587,4517,incomparable
4587,4570,incomparable
4587,4617,stronger
4588,315,incomparable
4588,651,incomparable
4588,1092,incomparable
4588,1923,stronger
4588,2156,incomparable
4588,2181,stronger
4588,2235,stronger
4588,2345,stronger
4588,3420,stronger
4588,3974,stronger
4588,4174,stronger
4588,4485,incomparable
4589,32,stronger
4589,1177,stronger
4589,1200,stronger
4589,1390,stronger
4589,2083,incomparable
4589,2132,incomparable
4589,2211,stronger
4589,2648,incomparable
4589,2763,stronger
4589,2893,incomparable
4589,3143,incomparable
4589,3358,stronger
4589,3725,incomparable
4589,3988,stronger
4589,4373,incomparable
4590,1213,stronger
4590,1529,stronger
4590,2224,stronger
4590,2373,incomparable
4590,2485,incomparable
4590,2555,stronger
4590,3637,stronger
4590,3748,incomparable
4590,4609,stronger
4591,2966,stronger
4591,4283,incomparable
4591,4509,incomparable
4591,4547,stronger
4591,4591,equivalent
4591,4636,incomparable
4592,336,incomparable
4592,553,stronger
4592,662,incomparable
4592,1247,incomparable
4592,1613,incomparable
4592,2118,stronger
4592,2355,incomparable
4592,2442,incomparable
4592,2758,stronger
4592,3153,stronger
4592,3821,stronger
4592,3992,stronger
4592,4080,incomparable
4592,4310,incomparable
4593,152,incomparable
4593,887,incomparable
4593,960,incomparable
4593,1654,incomparable
4593,2005,stronger
4593,2341,stronger
4593,3050,incomparable
4593,3129,stronger
4593,3354,stronger
4593,3531,incomparable
4593,4440,incomparable
4593,4524,incomparable
4594,100,incomparable
4594,287,stronger
4594,458,incomparable
4594,469,incomparable
4594,699,stronger
4594,1209,stronger
4594,1438,incomparable
4594,1537,incomparable
4594,1938,stronger
4594,2077,incomparable
4594,3454,stronger
4594,4231,stronger
4594,4299,incomparable
4595,93,stronger
4595,452,incomparable
4595,1104,incomparable
4595,1170,stronger
4595,1211,stronger
4595,1481,incomparable
4595,2508,stronger
4595,2551,stronger
4595,2864,incomparable
4595,4406,incomparable
4596,390,stronger
4596,466,incomparable
4596,482,stronger
4596,609,stronger
4596,699,stronger
4596,1074,stronger
4596,1398,stronger
4596,1600,stronger
4596,3301,incomparable
4596,3606,stronger
4596,3689,incomparable
4597,535,stronger
4597,992,stronger
4597,1399,stronger
4597,1439,stronger
4597,1465,incomparable
4597,1602,stronger
4597,1941,incomparable
4597,2019,incomparable
4597,2521,incomparable
4597,2738,stronger
4597,4203,stronger
4598,1377,stronger
4598,1476,stronger
4598,1494,incomparable
4598,2068,incomparable
4598,2250,stronger
4598,2369,stronger
4598,3238,stronger
4598,3843,stronger
4598,4061,stronger
4598,4440,incomparable
4598,4569,incomparable
4598,4667,stronger
4599,761,stronger
4599,927,stronger
4599,2744,incomparable
4599,2860,incomparable
4599,2959,stronger
4599,3057,stronger
4599,3094,incomparable
4599,3136,stronger
4599,3835,stronger
4599,3920,stronger
4599,4223,stronger
4600,1173,stronger
4600,1472,stronger
4600,1481,incomparable
4600,2860,incomparable
4600,3364,incomparable
4600,3395,stronger
4600,3506,incomparable
4600,3542,stronger
4600,3800,stronger
4600,4345,incomparable
4600,4529,incomparable
4601,845,incomparable
4601,1537,incomparable
4601,2408,stronger
4601,2608,stronger
4601,2627,stronger
4601,2668,stronger
4601,3302,incomparable
4601,3937,stronger
4601,4032,stronger
4602,16,incomparable
4602,196,stronger
4602,286,stronger
4602,364,incomparable
4602,774,stronger
4602,1800,stronger
4602,2145,stronger
4602,3438,stronger
4602,4492,stronger
4603,1160,stronger
4603,1602,stronger
4603,2132,incomparable
4603,2203,incomparable
4603,2285,incomparable
4603,2797,stronger
4603,3011,incomparable
4603,3218,incomparable
4603,3951,incomparable
4603,3987,stronger
4603,4358,incomparable
4603,4387,stronger
4604,1312,incomparable
4604,2094,stronger
4604,2121,stronger
4604,2179,stronger
4604,2574,stronger
4604,2811,stronger
4604,3520,incomparable
4604,3716,incomparable
4605,992,stronger
4605,2084,incomparable
4605,2414,stronger
4605,2943,stronger
4605,3591,incomparable
4606,593,stronger
4606,809,stronger
4606,1574,stronger
4606,2033,stronger
4606,2048,incomparable
4606,3044,stronger
4606,3578,stronger
4606,3621,stronger
4606,3810,incomparable
4606,4353,incomparable
4606,4486,incomparable
4607,49,incomparable
4607,240,stronger
4607,1825,stronger
4607,2537,stronger
4607,2831,incomparable
4607,2902,incomparable
4607,3065,incomparable
4607,3614,stronger
4607,4668,equivalent
4608,1288,incomparable
4608,3087,incomparable
4608,3817,stronger
4608,4147,incomparable
4608,4192,incomparable
4608,4336,incomparable
4608,4620,incomparable
4609,722,stronger
4609,778,incomparable
4609,1466,incomparable
4609,1652,incomparable
4609,1736,stronger
4609,2069,incomparable
4609,2088,incomparable
4609,3425,stronger
4609,4556,stronger
4610,436,incomparable
4610,777,stronger
4610,887,incomparable
4610,922,incomparable
4610,1401,stronger
4610,1459,incomparable
4610,2152,incomparable
4610,2263,incomparable
4610,2576,incomparable
4610,2752,stronger
4610,2834,stronger
4610,3246,stronger
4610,3294,incomparable
4610,3309,incomparable
4610,3780,stronger
4611,157,incomparable
4611,625,incomparable
4611,701,stronger
4611,732,stronger
4611,2084,incomparable
4611,2127,incomparable
4611,2633,stronger
4611,2904,stronger
4611,3569,stronger
4611,3901,incomparable
4611,4316,incomparable
4612,230,stronger
4612,249,stronger
4612,461,incomparable
4612,753,stronger
4612,917,incomparable
4612,976,stronger
4612,1862,incomparable
4612,2188,stronger
4612,2232,incomparable
4612,2249,incomparable
4612,2560,stronger
4612,3072,incomparable
4612,3124,stronger
4612,3263,incomparable
4612,3517,incomparable
4612,3538,incomparable
4612,3933,incomparable
4612,4040,incomparable
4612,4378,incomparable
4613,125,incomparable
4613,587,stronger
4613,607,stronger
4613,1063,incomparable
4613,1275,incomparable
4613,1858,incomparable
4613,2608,stronger
4613,3264,incomparable
4614,379,incomparable
4614,1091,stronger
4614,1094,stronger
4614,2221,stronger
4614,2231,stronger
4614,2528,stronger
4614,2655,incomparable
4614,2817,stronger
4614,2839,stronger
4614,3290,incomparable
4614,4051,stronger
4615,67,stronger
4615,390,stronger
4615,507,stronger
4615,706,incomparable
4615,846,incomparable
4615,1297,stronger
4615,2291,incomparable
4615,2752,stronger
4615,3002,stronger
4615,3110,stronger
4615,3660,incomparable
4615,3761,incomparable
4615,3863,incomparable
4616,2,stronger
4616,73,incomparable
4616,168,incomparable
4616,488,stronger
4616,919,incomparable
4616,1684,incomparable
4616,2271,incomparable
4616,2823,stronger
4616,2914,stronger
4616,3472,incomparable
4616,3724,incomparable
4616,4167,incomparable
4617,358,stronger
4617,666,incomparable
4617,743,stronger
4617,1013,stronger
4617,1704,stronger
4617,2272,incomparable
4617,2648,incomparable
4617,3225,stronger
4617,3344,stronger
4617,3953,stronger
4617,4660,weaker
4617,4689,weaker
4618,214,incomparable
4618,540,stronger
4618,598,incomparable
4618,707,incomparable
4618,737,stronger
4618,1165,incomparable
4618,1430,incomparable
4618,1667,incomparable
4618,1994,stronger
4618,3526,incomparable
4618,3657,stronger
4618,4233,stronger
4619,104,incomparable
4619,646,incomparable
4619,703,incomparable
4619,915,stronger
4619,990,stronger
4619,1666,incomparable
4619,1983,incomparable
4619,2111,stronger
4619,2678,incomparable
4619,3267,incomparable
4619,3536,incomparable
4619,3555,incomparable
4619,4220,stronger
4620,148,stronger
4620,183,stronger
4620,274,incomparable
4620,609,stronger
4620,611,stronger
4620,1354,stronger
4620,1482,incomparable
4620,2288,incomparable
4620,2374,stronger
4620,3641,stronger
4620,4615,incomparable
4621,189,stronger
4621,564,stronger
4621,900,stronger
4621,1269,incomparable
4621,1313,incomparable
4621,1455,incomparable
4621,2155,stronger
4621,3686,incomparable
4622,64,stronger
4622,2681,incomparable
4622,4019,stronger
4623,93,stronger
4623,199,stronger
4623,699,stronger
4623,1046,incomparable
4623,1741,stronger
4623,2212,incomparable
4623,4079,incomparable
4623,4180,stronger
4624,262,incomparable
4624,376,incomparable
4624,753,stronger
4624,1293,incomparable
4624,2545,stronger
4624,3485,incomparable
4624,4087,incomparable
4624,4184,stronger
4625,235,stronger
4625,1198,stronger
4625,1323,incomparable
4625,1435,incomparable
4625,2046,incomparable
4625,3969,stronger
4625,4657,incomparable
4626,502,stronger
4626,1039,incomparable
4626,1140,stronger
4626,1333,stronger
4626,1402,stronger
4626,1841,incomparable
4626,2465,incomparable
4626,2937,incomparable
4626,2966,stronger
4626,3088,incomparable
4626,3548,incomparable
4626,3976,incomparable
4626,4046,stronger
4626,4473,incomparable
4627,452,incomparable
4627,911,stronger
4627,1939,stronger
4627,2593,stronger
4627,2764,stronger
4627,2833,stronger
4627,2837,stronger
4627,3022,stronger
4627,3178,stronger
4627,3460,incomparable
4627,3972,incomparable
4627,4209,incomparable
4627,4359,incomparable
4627,4471,incomparable
4627,4616,incomparable
4628,516,incomparable
4628,809,stronger
4628,826,incomparable
4628,1697,incomparable
4628,1990,stronger
4628,2060,incomparable
4628,2290,incomparable
4628,2433,stronger
4628,2647,incomparable
4628,3047,stronger
4628,3327,incomparable
4628,3355,incomparable
4629,825,incomparable
4629,1102,stronger
4629,1903,stronger
4629,1977,incomparable
4629,3210,incomparable
4629,3514,stronger
4629,4115,incomparable
4629,4119,stronger
4629,4264,stronger
4629,4290,incomparable
4629,4657,stronger
4630,65,incomparable
4630,126,stronger
4630,971,stronger
4630,1139,stronger
4630,1225,incomparable
4630,1681,incomparable
4630,1945,incomparable
4630,2341,stronger
4630,2411,stronger
4630,2490,stronger
4630,2627,stronger
4630,2673,incomparable
4630,3082,stronger
4630,3529,incomparable
4630,4444,stronger
4631,311,incomparable
4631,617,incomparable
4631,1414,stronger
4631,1808,stronger
4631,2372,incomparable
4631,2485,incomparable
4631,3092,stronger
4631,4351,incomparable
4631,4679,incomparable
4632,1376,stronger
4632,1388,stronger
4632,1837,incomparable
4632,2129,stronger
4632,2199,incomparable
4632,2331,incomparable
4632,2395,stronger
4632,2729,stronger
4632,3366,stronger
4632,3540,stronger
4632,3748,incomparable
4632,4128,incomparable
4632,4344,incomparable
4632,4349,incomparable
4632,4497,incomparable
4633,765,incomparable
4633,791,incomparable
4633,1140,stronger
4633,1203,stronger
4633,1568,stronger
4633,1707,incomparable
4633,1755,incomparable
4633,1852,incomparable
4633,2222,incomparable
4633,2944,incomparable
4633,3444,stronger
4633,4108,incomparable
4633,4161,incomparable
4633,4179,incomparable
4633,4580,incomparable
4634,1244,incomparable
4634,1265,incomparable
4634,1764,incomparable
4634,1896,stronger
4634,4163,stronger
4635,345,stronger
4635,738,stronger
4635,846,incomparable
4635,851,incomparable
4635,904,stronger
4635,912,stronger
4635,1352,stronger
4635,2147,stronger
4635,2605,incomparable
4635,3389,stronger
4635,3714,incomparable
4635,3778,stronger
4635,3910,incomparable
4635,4127,incomparable
4635,4337,incomparable
4636,750,stronger
4636,1553,stronger
4636,1583,stronger
4636,1918,stronger
4636,2882,incomparable
4636,3602,stronger
4636,3790,incomparable
4636,4103,incomparable
4636,4147,incomparable
4636,4190,stronger
4636,4644,stronger
4637,1149,stronger
4637,1230,incomparable
4637,2751,stronger
4637,2800,stronger
4637,3436,incomparable
4637,3548,incomparable
4638,598,stronger
4638,688,stronger
4638,726,stronger
4638,1247,incomparable
4638,1399,stronger
4638,2305,stronger
4638,2595,stronger
4638,3291,incomparable
4638,3582,stronger
4638,3976,stronger
4638,4491,incomparable
4639,280,incomparable
4639,904,stronger
4639,1006,stronger
4639,1223,incomparable
4639,1445,incomparable
4639,1500,stronger
4639,2058,incomparable
4639,3076,incomparable
4639,3091,incomparable
4639,3314,incomparable
4639,3758,incomparable
4640,170,incomparable
4640,475,stronger
4640,1628,stronger
4640,1677,incomparable
4640,2206,stronger
4640,2535,stronger
4640,2649,incomparable
4640,3138,stronger
4640,3154,stronger
4640,3754,stronger
4640,3950,incomparable
4640,4207,stronger
4640,4625,incomparable
4641,271,incomparable
4641,840,incomparable
4641,1061,incomparable
4641,1204,stronger
4641,2716,incomparable
4641,2726,stronger
4641,3783,stronger
4641,4443,incomparable
4641,4687,equivalent
4642,7,stronger
4642,203,incomparable
4642,941,stronger
4642,2043,incomparable
4642,3731,incomparable
4642,3820,incomparable
4643,822,incomparable
4643,860,incomparable
4643,872,incomparable
4643,936,stronger
4643,1075,incomparable
4643,1971,stronger
4643,2426,stronger
4643,3271,incomparable
4643,3483,incomparable
4643,4133,incomparable
4644,338,stronger
4644,1400,incomparable
4644,1624,stronger
4644,1662,incomparable
4644,2554,incomparable
4644,3229,stronger
4644,3543,incomparable
4644,3588,incomparable
4644,3718,incomparable
4644,3772,stronger
4644,3920,incomparable
4644,4572,incomparable
4645,256,incomparable
4645,2388,stronger
4645,2629,stronger
4645,2715,stronger
4645,3692,incomparable
4646,88,stronger
4646,446,incomparable
4646,1270,incomparable
4646,1367,stronger
4646,1698,stronger
4646,2238,incomparable
4646,2579,incomparable
4646,2660,incomparable
4646,2723,stronger
4646,2874,incomparable
4646,3210,incomparable
4646,3514,incomparable
4646,3667,incomparable
4646,4284,incomparable
4647,212,incomparable
4647,529,stronger
4647,708,stronger
4647,738,stronger
4647,1287,stronger
4647,1945,incomparable
4647,1963,stronger
4647,2411,stronger
4647,2453,incomparable
4647,2736,incomparable
4647,2832,stronger
4647,3066,incomparable
4647,3534,incomparable
4647,4179,incomparable
4647,4536,stronger
4648,262,incomparable
4648,526,stronger
4648,645,incomparable
4648,887,incomparable
4648,1099,stronger
4648,2198,stronger
4648,2629,stronger
4648,2962,stronger
4648,2964,incomparable
4648,3202,stronger
4648,3478,incomparable
4648,3725,incomparable
4648,4507,incomparable
4649,75,incomparable
4649,519,stronger
4649,1002,stronger
4649,1101,incomparable
4649,1983,incomparable
4649,2258,incomparable
4649,2357,stronger
4649,2470,incomparable
4649,2794,stronger
4649,3103,incomparable
4649,3976,stronger
4650,527,stronger
4650,843,incomparable
4650,1728,incomparable
4650,1786,stronger
4650,2146,incomparable
4650,2492,incomparable
4650,2697,incomparable
4650,2863,incomparable
4650,2886,incomparable
4650,3284,incomparable
4650,3324,incomparable
4650,3412,stronger
4650,3499,incomparable
4650,3642,stronger
4650,4311,incomparable
4650,4463,incomparable
4651,404,stronger
4651,1357,incomparable
4651,1413,stronger
4651,1483,incomparable
4651,1773,stronger
4651,2008,stronger
4651,2337,incomparable
4651,3823,incomparable
4651,4304,incomparable
4651,4471,incomparable
4652,150,stronger
4652,784,stronger
4652,906,incomparable
4652,1190,stronger
4652,2310,incomparable
4652,2528,stronger
4653,759,incomparable
4653,979,stronger
4653,1328,incomparable
4653,1891,stronger
4653,2430,incomparable
4653,3742,incomparable
4653,4042,stronger
4653,4305,incomparable
4653,4426,incomparable
4653,4460,incomparable
4653,4571,stronger
4653,4647,weaker
4653,4651,weaker
4654,117,incomparable
4654,460,stronger
4654,1436,stronger
4654,1493,stronger
4654,1732,stronger
4654,2298,stronger
4654,3513,incomparable
4654,3990,stronger
4655,303,stronger
4655,1101,incomparable
4655,2258,stronger
4655,2421,stronger
4655,3858,stronger
4656,241,stronger
4656,354,stronger
4656,1352,stronger
4656,1715,stronger
4656,2307,stronger
4656,2828,stronger
4656,3465,incomparable
4656,3489,incomparable
4656,4350,incomparable
4656,4501,incomparable
4657,1923,stronger
4657,2117,stronger
4657,2383,incomparable
4657,3855,stronger
4657,4324,incomparable
4658,362,incomparable
4658,1073,incomparable
4658,1701,incomparable
4658,1921,incomparable
4658,1990,stronger
4658,2288,incomparable
4658,2463,incomparable
4658,3303,incomparable
4658,3627,stronger
4658,3681,incomparable
4658,3685,incomparable
4658,4468,stronger
4659,525,stronger
4659,590,stronger
4659,671,stronger
4659,780,stronger
4659,1381,stronger
4659,2359,incomparable
4659,2699,incomparable
4659,2794,stronger
4659,2853,incomparable
4659,2939,incomparable
4659,2959,stronger
4659,3649,incomparable
4659,4137,incomparable
4659,4606,incomparable
4659,4644,stronger
4660,134,incomparable
4660,1863,incomparable
4660,1908,incomparable
4660,2279,incomparable
4660,2690,incomparable
4660,3212,stronger
4661,80,stronger
4661,421,incomparable
4661,555,stronger
4661,918,stronger
4661,1075,incomparable
4661,1626,stronger
4661,1761,incomparable
4661,2146,incomparable
4661,2503,incomparable
4661,2646,incomparable
4661,2719,stronger
4661,3379,stronger
4661,3512,incomparable
4661,3572,stronger
4661,3740,incomparable
4661,4088,incomparable
4661,4422,stronger
4661,4424,incomparable
4661,4602,incomparable
4662,1,weaker
4662,591,stronger
4662,879,incomparable
4662,968,incomparable
4662,1847,incomparable
4662,3153,stronger
4662,3618,stronger
4662,3948,incomparable
4662,4130,incomparable
4663,1009,stronger
4663,1031,incomparable
4663,1357,stronger
4663,1832,incomparable
4663,2029,stronger
4663,2398,incomparable
4663,2767,stronger
4663,4086,incomparable
4664,208,incomparable
4664,733,stronger
4664,1355,incomparable
4664,1708,stronger
4664,1832,incomparable
4664,1879,incomparable
4664,2966,stronger
4664,4319,incomparable
4665,63,incomparable
4665,534,stronger
4665,553,stronger
4665,662,incomparable
4665,1458,incomparable
4665,2214,stronger
4665,2621,stronger
4665,3067,incomparable
4665,3228,stronger
4666,726,stronger
4666,758,stronger
4666,1472,incomparable
4666,3184,stronger
4666,3467,incomparable
4666,3557,stronger
4666,3801,stronger
4667,144,stronger
4667,1431,incomparable
4667,2028,stronger
4667,2053,incomparable
4667,2168,stronger
4667,2843,stronger
4667,3370,incomparable
4667,4322,incomparable
4668,549,incomparable
4668,638,incomparable
4668,1058,incomparable
4668,1402,stronger
4668,2000,incomparable
4668,4586,weaker
4669,83,stronger
4669,170,incomparable
4669,461,incomparable
4669,496,stronger
4669,1427,incomparable
4669,1793,incomparable
4669,2267,incomparable
4669,2950,stronger
4669,3438,stronger
4669,3992,stronger
4669,4271,incomparable
4670,62,incomparable
4670,595,stronger
4670,1318,incomparable
4670,1508,stronger
4670,2297,stronger
4670,2543,incomparable
4670,3629,incomparable
4670,4046,stronger
4670,4049,stronger
4671,791,incomparable
4671,1014,incomparable
4671,1135,stronger
4671,1351,stronger
4671,1357,incomparable
4671,2260,incomparable
4671,2535,stronger
4671,2581,stronger
4671,3827,stronger
4671,4554,incomparable
4671,4561,stronger
4672,290,incomparable
4672,654,stronger
4672,920,stronger
4672,1251,incomparable
4672,1793,incomparable
4672,1833,incomparable
4672,2749,incomparable
4672,3292,incomparable
4672,4417,incomparable
4672,4680,stronger
4673,624,incomparable
4673,1235,incomparable
4673,1518,incomparable
4673,1681,incomparable
4673,1739,stronger
4673,1990,stronger
4673,2281,incomparable
4673,2346,stronger
4673,3215,stronger
4673,3336,stronger
4673,3511,incomparable
4673,3607,incomparable
4673,4242,stronger
4673,4333,incomparable
4674,669,incomparable
4674,1306,stronger
4674,1597,stronger
4674,2908,stronger
4674,3261,incomparable
4674,3404,incomparable
4674,3450,stronger
4674,3656,stronger
4674,3884,incomparable
4674,4207,stronger
4674,4240,stronger
4674,4502,incomparable
4675,187,stronger
4675,532,stronger
4675,1761,incomparable
4675,1806,stronger
4675,2147,stronger
4675,2871,stronger
4675,3259,incomparable
4675,3307,stronger
4675,4048,stronger
4675,4368,incomparable
4675,4600,stronger
4676,1354,stronger
4676,1657,incomparable
4676,1791,stronger
4676,2307,stronger
4676,2686,stronger
4676,3204,stronger
4676,4043,stronger
4676,4170,stronger
4677,1667,incomparable
4677,1803,stronger
4677,1903,stronger
4677,1956,stronger
4677,2063,incomparable
4677,2282,incomparable
4677,2357,stronger
4677,2526,stronger
4677,2842,stronger
4677,2922,stronger
4677,3372,stronger
4677,3658,stronger
4677,3994,incomparable
4677,4180,stronger
4678,1292,stronger
4678,2214,stronger
4678,2280,incomparable
4678,2455,incomparable
4678,2678,incomparable
4678,3036,stronger
4678,3661,incomparable
4678,3903,incomparable
4678,4345,incomparable
4678,4420,incomparable
4679,651,incomparable
4679,1261,incomparable
4679,3555,incomparable
4679,3856,stronger
4679,4389,incomparable
4679,4392,incomparable
4680,815,stronger
4680,1102,stronger
4680,1371,stronger
4680,1534,stronger
4680,1685,incomparable
4680,1773,stronger
4680,2241,incomparable
4680,2561,stronger
4680,2646,incomparable
4680,3320,incomparable
4680,4068,incomparable
4680,4664,equivalent
4681,4,incomparable
4681,210,incomparable
4681,356,stronger
4681,602,stronger
4681,1522,stronger
4681,1712,stronger
4681,2109,stronger
4681,2896,incomparable
4681,3109,stronger
4681,3661,incomparable
4681,4369,incomparable
4681,4619,weaker
4681,4626,weaker
4681,4653,equivalent
4682,163,incomparable
4682,243,stronger
4682,975,stronger
4682,1150,incomparable
4682,1623,stronger
4682,2413,stronger
4682,2658,incomparable
4682,2919,incomparable
4682,3244,stronger
4682,4653,stronger
4683,139,stronger
4683,175,stronger
4683,937,stronger
4683,1350,stronger
4683,1487,incomparable
4683,2553,stronger
4683,2684,incomparable
4683,3730,incomparable
4683,3918,incomparable
4683,4308,incomparable
4683,4376,incomparable
4684,321,incomparable
4684,1136,stronger
4684,1399,stronger
4684,2682,incomparable
4684,2898,incomparable
4684,3016,stronger
4684,3157,stronger
4684,3161,incomparable
4684,3163,incomparable
4685,717,stronger
4685,744,incomparable
4685,1166,stronger
4685,1549,stronger
4685,1809,stronger
4685,2074,incomparable
4685,3559,incomparable
4685,3691,incomparable
4686,54,incomparable
4686,194,incomparable
4686,204,incomparable
4686,447,incomparable
4686,516,incomparable
4686,704,incomparable
4686,1483,incomparable
4686,1502,incomparable
4686,1574,stronger
4686,2020,stronger
4686,2215,stronger
4686,2634,stronger
4686,3045,stronger
4686,3843,stronger
4686,3945,incomparable
4687,209,incomparable
4687,1899,stronger
4687,2296,incomparable
4687,4325,incomparable
4688,974,stronger
4688,1916,incomparable
4688,2520,stronger
4688,2894,incomparable
4688,3345,incomparable
4688,3504,incomparable
4688,3766,stronger
4688,4232,stronger
4688,4252,stronger
4689,233,stronger
4689,285,stronger
4689,1341,stronger
4689,1581,stronger
4689,1827,stronger
4689,2484,incomparable
4689,2756,stronger
4689,3526,incomparable
4689,4001,incomparable
4689,4123,incomparable
4690,346,stronger
4690,604,stronger
4690,809,stronger
4690,1011,stronger
4690,1141,incomparable
4690,2323,stronger
4690,2451,incomparable
4690,2815,stronger
4690,3243,stronger
4690,3378,stronger
4690,3390,stronger
4690,3488,incomparable
4690,3689,incomparable
4690,4346,incomparable
4690,4552,incomparable
4691,288,stronger
4691,645,incomparable
4691,861,incomparable
4691,1177,stronger
4691,1331,stronger
4691,2122,stronger
4691,2160,stronger
4691,2515,stronger
4691,2645,incomparable
4691,2728,incomparable
4691,2944,incomparable
4691,3244,stronger
4691,3484,incomparable
4691,4070,incomparable
4691,4080,incomparable
4691,4624,equivalent
4692,127,incomparable
4692,905,stronger
4692,969,stronger
4692,1248,incomparable
4692,1537,incomparable
4692,1609,stronger
4692,2422,stronger
4692,2887,incomparable
4692,4210,incomparable
4693,18,stronger
4693,701,stronger
4693,2008,stronger
4693,2346,stronger
4693,4624,stronger
4694,785,stronger
4694,1077,stronger
4694,1184,incomparable
4694,1693,stronger
4694,2065,incomparable
4694,2573,incomparable
4694,3084,incomparable
4694,3235,stronger
4694,4021,stronger
4694,4275,incomparable
4694,4380,incomparable
4694,4525,incomparable
