node_a,node_b,relation
1928,2568,equivalent
498,1557,equivalent
2230,4596,weaker
3677,2770,incomparable
872,3461,incomparable
1333,2358,equivalent
2205,4539,weaker
1794,2753,weaker
512,674,equivalent
1119,3338,incomparable
3084,3195,incomparable
4302,3761,incomparable
3080,1733,stronger
1445,4262,incomparable
4492,3104,stronger
626,961,stronger
3506,3827,stronger
897,2178,incomparable
1232,4154,incomparable
3309,280,incomparable
4298,3992,stronger
2992,573,stronger
807,972,weaker
4145,552,stronger
1846,1573,incomparable
2978,675,equivalent
1436,3395,incomparable
483,94,incomparable
2188,3030,equivalent
4101,4387,incomparable
3387,3354,equivalent
2647,3544,incomparable
4053,963,stronger
539,3409,weaker
4572,1528,incomparable
1764,2702,incomparable
2708,4197,weaker
4619,3037,stronger
629,3302,incomparable
3108,2626,stronger
4079,2534,incomparable
2680,3088,incomparable
3150,3791,incomparable
2176,1865,weaker
2494,2174,stronger
4615,70,stronger
1809,2071,weaker
4078,3063,incomparable
4212,3063,incomparable
3589,3838,equivalent
2605,1224,incomparable
2763,2564,equivalent
812,161,weaker
1255,4114,incomparable
205,3132,stronger
2194,2821,weaker
4401,2935,stronger
1617,2251,weaker
3620,3309,incomparable
3730,3669,incomparable
2312,3981,weaker
4284,845,incomparable
4683,554,incomparable
4251,897,incomparable
2895,3807,incomparable
2993,932,equivalent
3526,1395,incomparable
855,4530,incomparable
3505,4490,incomparable
3890,1857,incomparable
3138,532,weaker
1336,2359,stronger
1183,3083,weaker
3180,4141,incomparable
1833,721,stronger
122,3632,weaker
1345,1132,equivalent
1161,2543,weaker
3862,3946,stronger
3122,938,incomparable
4008,3017,stronger
4455,4460,weaker
4510,4167,incomparable
2454,250,incomparable
4111,2206,stronger
580,4483,weaker
828,2333,incomparable
831,1850,incomparable
3365,4079,weaker
4244,2735,stronger
1843,3479,incomparable
1185,1035,weaker
4498,3002,stronger
3923,2505,stronger
131,311,weaker
2154,1836,weaker
3212,989,weaker
1481,804,stronger
4194,1278,incomparable
589,3606,weaker
3848,641,incomparable
2528,1488,weaker
1934,3001,stronger
91,2575,weaker
1137,4377,incomparable
3616,2735,stronger
1205,2791,weaker
1299,1672,incomparable
4071,3315,incomparable
1855,1395,incomparable
1211,3545,weaker
4124,2387,stronger
3293,15,stronger
3518,2577,stronger
2577,599,equivalent
445,70,stronger
87,362,weaker
2492,2181,stronger
2979,2299,stronger
2416,3125,equivalent
4054,867,incomparable
2534,3346,incomparable
4394,935,stronger
2833,3413,weaker
185,1836,weaker
3304,2998,incomparable
2213,3705,weaker
3677,1294,stronger
1318,3792,incomparable
3520,3562,incomparable
2162,2427,stronger
3478,3336,incomparable
2523,3372,weaker
3314,4625,incomparable
4198,3625,weaker
1252,3145,incomparable
1928,1442,weaker
519,1308,equivalent
3590,3742,weaker
636,1893,stronger
1620,1097,equivalent
2504,97,stronger
1576,236,equivalent
4043,3495,weaker
1159,3331,weaker
4237,4492,weaker
3194,3927,weaker
1277,1108,equivalent
3013,3357,weaker
2204,744,weaker
3780,1772,incomparable
175,4100,weaker
137,1364,equivalent
2852,1719,incomparable
3153,893,weaker
3301,1545,stronger
909,4095,incomparable
1022,3218,stronger
3310,2008,stronger
2498,4604,weaker
4077,4395,incomparable
4460,4133,incomparable
4486,3102,incomparable
2163,1093,stronger
1776,647,incomparable
516,2299,stronger
2878,1038,incomparable
1154,1832,weaker
4110,1310,stronger
4333,3045,stronger
1451,4270,incomparable
3605,2306,incomparable
3806,4282,weaker
1012,436,weaker
523,4409,weaker
2350,4302,weaker
4482,135,stronger
4263,3969,stronger
2971,4420,weaker
316,4116,incomparable
3084,4297,incomparable
3163,4590,weaker
2394,3850,weaker
3407,786,incomparable
253,3767,weaker
2123,2044,weaker
3983,2639,stronger
2849,458,incomparable
3179,4534,weaker
1245,4552,incomparable
765,909,incomparable
4177,1192,incomparable
2977,2895,incomparable
2867,283,incomparable
3737,2583,stronger
2624,1279,weaker
201,4516,weaker
3517,2085,stronger
1784,3517,incomparable
1104,3758,incomparable
1837,3151,stronger
3284,571,incomparable
2060,2634,stronger
3481,1839,incomparable
3956,2132,incomparable
2653,3148,stronger
3544,3127,stronger
2554,2388,stronger
1004,1083,incomparable
2750,4020,weaker
809,3059,weaker
640,3250,stronger
2359,1920,stronger
3095,1022,incomparable
2601,3897,weaker
2680,4190,incomparable
2699,1988,stronger
1042,786,incomparable
1157,544,equivalent
3411,504,incomparable
3259,864,incomparable
645,4533,incomparable
4181,156,incomparable
4239,2578,stronger
3334,4421,incomparable
3031,4420,weaker
3635,1151,stronger
980,847,weaker
4490,1665,incomparable
2119,1120,incomparable
4290,2543,incomparable
1657,2752,stronger
2727,222,weaker
1560,375,incomparable
1501,3178,equivalent
675,1150,weaker
3414,2091,incomparable
332,4194,stronger
27,3558,incomparable
3265,1968,stronger
2126,2449,incomparable
383,3193,incomparable
2615,2640,equivalent
615,4482,incomparable
2726,1690,equivalent
2189,1485,weaker
3706,1152,incomparable
2049,3168,stronger
1450,4529,incomparable
3945,3420,stronger
1128,314,weaker
4633,788,stronger
4294,1322,incomparable
3779,3128,incomparable
1728,309,incomparable
1050,4595,incomparable
1585,1721,weaker
2132,4334,incomparable
2668,1870,incomparable
987,4246,weaker
720,3902,weaker
4350,1604,stronger
3121,2569,equivalent
4632,2256,incomparable
1820,3466,weaker
2969,1983,weaker
1389,4411,weaker
1074,3087,weaker
3927,1686,stronger
3338,1291,stronger
55,1418,stronger
1708,4164,weaker
896,2034,equivalent
2331,1137,incomparable
1114,3425,weaker
2643,2163,weaker
4059,1024,incomparable
4417,732,stronger
2332,2301,weaker
4303,1384,incomparable
3427,3965,weaker
3112,2641,stronger
3695,747,stronger
3671,161,incomparable
491,1167,incomparable
49,822,incomparable
1083,2799,incomparable
1284,803,equivalent
2478,783,stronger
869,4533,incomparable
4274,3083,incomparable
2104,4514,weaker
1503,3358,weaker
1472,1039,incomparable
1816,1603,incomparable
1902,623,incomparable
790,4617,weaker
2173,1086,incomparable
4007,460,incomparable
2608,1014,weaker
2050,2184,stronger
204,2049,incomparable
727,104,incomparable
3368,4674,weaker
1487,3764,incomparable
2669,4673,incomparable
1227,4591,incomparable
3335,2282,incomparable
2445,2713,stronger
4446,4479,incomparable
344,3749,weaker
1120,3970,incomparable
2395,906,weaker
3419,475,stronger
387,4385,incomparable
1383,408,incomparable
1171,2215,stronger
3831,2863,incomparable
4689,1204,stronger
4656,1256,incomparable
2428,265,weaker
1325,3621,incomparable
628,4447,incomparable
3116,2359,incomparable
3587,3442,stronger
3358,172,incomparable
3499,1343,stronger
1266,8,weaker
1637,4647,incomparable
1318,1861,incomparable
3018,4453,weaker
1227,53,incomparable
3195,1871,incomparable
1791,2081,weaker
3095,4673,weaker
2981,1353,weaker
813,413,weaker
2903,3914,incomparable
3239,76,equivalent
3688,2154,stronger
3893,3340,incomparable
627,1162,stronger
522,2866,incomparable
1270,1039,incomparable
3462,121,stronger
4399,4609,incomparable
1794,3668,weaker
407,4047,stronger
3275,1426,incomparable
2080,3473,incomparable
1101,2923,incomparable
75,2527,stronger
3886,2519,incomparable
419,85,stronger
1339,994,weaker
2934,2072,weaker
611,4227,weaker
1922,820,incomparable
960,4381,incomparable
402,1609,stronger
4384,3146,stronger
2180,2549,stronger
3281,86,incomparable
607,3704,weaker
1185,1466,weaker
2324,1739,equivalent
3382,892,stronger
3153,3284,weaker
1739,2806,equivalent
2506,3473,incomparable
2480,2252,stronger
1706,414,weaker
2592,2493,incomparable
1979,3956,incomparable
4426,1867,incomparable
4164,1867,incomparable
2144,4023,weaker
4045,4619,weaker
514,480,equivalent
3666,1590,incomparable
2193,2195,weaker
1522,1990,equivalent
2905,4121,weaker
2624,2381,weaker
2115,60,incomparable
4157,1827,stronger
1158,1713,equivalent
3035,969,equivalent
4461,4682,incomparable
2773,1723,equivalent
1064,1297,stronger
2815,2134,weaker
998,2929,equivalent
3608,1770,stronger
1829,2857,weaker
1791,2565,equivalent
639,3750,incomparable
949,34,incomparable
2860,564,stronger
3330,1267,incomparable
680,1307,incomparable
4188,3742,weaker
162,3596,incomparable
74,1497,equivalent
1528,650,incomparable
626,2010,stronger
1500,2766,equivalent
2625,3141,equivalent
1978,3330,weaker
2623,2314,incomparable
4170,2412,stronger
746,614,weaker
1150,4639,incomparable
2089,128,stronger
2278,3033,stronger
3897,3943,incomparable
2034,229,weaker
581,3930,weaker
4382,3234,stronger
3150,518,stronger
1164,3756,weaker
3931,1083,incomparable
3492,3665,weaker
541,4531,incomparable
2131,1293,weaker
2480,1447,incomparable
95,2724,weaker
2705,1565,equivalent
1540,71,equivalent
2760,1272,weaker
3056,102,incomparable
2706,4419,incomparable
294,1621,stronger
2317,3146,equivalent
4689,883,incomparable
1234,3936,incomparable
3954,4635,incomparable
3508,2828,stronger
2273,595,stronger
473,805,stronger
2038,4670,incomparable
3666,1724,incomparable
12,2847,weaker
330,1436,stronger
4518,1186,stronger
2035,2120,stronger
2900,878,stronger
1544,2822,equivalent
2320,2289,weaker
4178,2249,incomparable
2975,4435,weaker
1738,1375,stronger
4389,2469,incomparable
3771,3588,weaker
3840,3193,incomparable
1222,3710,weaker
3448,1622,stronger
1230,1319,stronger
2704,4322,weaker
1294,2243,weaker
1991,2171,equivalent
409,1328,incomparable
3571,3126,incomparable
4648,1767,incomparable
245,1863,weaker
1828,3870,weaker
2063,4676,incomparable
191,3320,weaker
3221,2747,equivalent
3976,4343,incomparable
1154,2613,stronger
3394,2675,incomparable
3590,4307,weaker
986,2248,weaker
2101,1935,stronger
1953,3757,incomparable
4248,2964,incomparable
2605,1468,incomparable
3983,37,stronger
2434,1586,weaker
1233,4599,incomparable
4206,3492,weaker
4302,3200,stronger
1205,2551,equivalent
1494,210,incomparable
2712,776,stronger
1251,452,incomparable
41,3911,weaker
31,3223,stronger
4411,3143,incomparable
2468,3799,incomparable
1076,3080,incomparable
4039,1285,incomparable
4190,3898,weaker
155,4198,incomparable
1196,1684,weaker
547,3490,weaker
4224,284,stronger
1653,1371,stronger
3678,1279,incomparable
4094,4375,incomparable
751,287,equivalent
3330,3979,incomparable
54,1113,incomparable
1807,2777,equivalent
4639,499,stronger
4532,1568,stronger
4678,3837,incomparable
2083,3584,incomparable
3267,2876,incomparable
2742,776,equivalent
4643,618,incomparable
2420,725,incomparable
4214,4642,weaker
1153,1206,equivalent
2015,447,weaker
862,4440,weaker
2959,1942,equivalent
1216,2686,weaker
3160,3918,weaker
3671,458,incomparable
3344,63,incomparable
1527,858,weaker
4581,679,incomparable
2356,4123,weaker
3720,2794,stronger
1516,2197,stronger
697,1340,weaker
1246,2336,stronger
1478,1905,stronger
614,3557,incomparable
65,4281,incomparable
333,1817,stronger
1024,422,weaker
2006,2963,equivalent
2419,2378,equivalent
3081,1531,incomparable
1677,1741,stronger
3645,3559,weaker
2905,551,stronger
1554,2839,equivalent
3039,1305,stronger
2359,1546,stronger
2660,720,stronger
2116,1788,stronger
872,1,weaker
4444,1697,incomparable
3601,254,stronger
2040,2732,stronger
1560,2095,stronger
2406,3055,incomparable
3782,2517,incomparable
4544,2086,incomparable
4095,762,stronger
3066,95,stronger
2474,2435,incomparable
3828,418,incomparable
2764,3702,weaker
3679,295,stronger
2760,2240,weaker
322,4445,incomparable
2034,2136,equivalent
599,781,equivalent
3857,2287,incomparable
2322,2014,incomparable
2790,1890,weaker
4316,357,stronger
324,2239,stronger
3953,305,stronger
1182,2270,weaker
955,3045,stronger
2918,4519,weaker
2813,3005,equivalent
2001,875,weaker
1249,1048,incomparable
2837,1147,equivalent
920,3990,weaker
3616,885,incomparable
3707,249,stronger
1668,2163,incomparable
2713,2020,equivalent
2386,1625,equivalent
2357,695,weaker
2804,2138,stronger
8,3881,incomparable
3015,2358,stronger
3146,2841,weaker
2528,3960,weaker
23,971,stronger
3204,3011,weaker
2127,3616,incomparable
962,2122,stronger
2547,38,weaker
590,4236,weaker
3828,2646,incomparable
2391,2908,equivalent
4688,3504,incomparable
2207,1101,incomparable
388,1069,incomparable
1904,1100,stronger
1613,362,incomparable
1231,68,incomparable
3044,4227,incomparable
1778,2681,weaker
57,3184,incomparable
1318,4386,incomparable
3342,1440,incomparable
1559,1065,weaker
1144,823,weaker
1295,992,stronger
4581,4546,incomparable
3079,1969,stronger
1312,2127,incomparable
178,2198,equivalent
2406,3189,stronger
2349,403,incomparable
4539,4320,weaker
2672,3308,incomparable
2125,695,incomparable
2350,3257,weaker
2056,2810,stronger
4112,311,incomparable
3566,3750,stronger
1023,3687,incomparable
2988,3544,weaker
689,2121,equivalent
980,607,equivalent
372,2414,stronger
1230,4165,incomparable
1061,946,stronger
3960,4054,equivalent
1130,551,equivalent
2826,4125,incomparable
3229,2852,weaker
2287,3847,incomparable
1275,2595,stronger
1436,3452,incomparable
1868,3863,incomparable
3618,1092,incomparable
784,3297,weaker
3349,3119,stronger
1129,4463,incomparable
1683,1639,weaker
2667,4253,incomparable
3021,55,weaker
2575,4664,incomparable
672,3995,incomparable
3707,3766,stronger
3406,4592,weaker
1307,2291,incomparable
23,3549,incomparable
785,3118,weaker
2748,4592,weaker
754,1553,equivalent
3796,3057,incomparable
2624,4556,weaker
1825,2631,equivalent
1978,3627,weaker
3800,3176,incomparable
1842,2800,stronger
2444,2868,incomparable
3039,4017,incomparable
62,3662,incomparable
881,4519,weaker
224,48,incomparable
3684,749,incomparable
4289,3340,stronger
2691,301,stronger
2257,3981,incomparable
1386,490,equivalent
44,2332,stronger
2108,3858,weaker
303,3724,weaker
530,505,equivalent
3945,497,stronger
2747,3027,equivalent
3652,2904,stronger
73,4201,incomparable
1389,1138,equivalent
735,2600,stronger
2552,1805,stronger
861,2739,incomparable
3180,3848,incomparable
485,2425,weaker
2569,3694,weaker
2813,2334,equivalent
3938,2709,incomparable
3475,733,stronger
4103,2022,stronger
3661,1677,incomparable
1604,2231,equivalent
2554,3571,incomparable
117,4658,incomparable
3534,3033,stronger
4678,3650,stronger
872,1558,incomparable
2293,763,stronger
994,3241,stronger
832,4603,incomparable
4213,1601,stronger
3905,1256,incomparable
847,3945,incomparable
3942,3767,stronger
294,763,stronger
1956,3063,weaker
1966,3751,incomparable
2475,3628,incomparable
223,2051,weaker
3388,1114,stronger
3911,3141,stronger
3095,2555,stronger
1051,4125,incomparable
4036,2089,incomparable
290,240,stronger
4400,3305,incomparable
3292,2345,stronger
2354,76,equivalent
702,2436,equivalent
368,3314,incomparable
1509,1970,weaker
1806,3654,incomparable
2585,3392,weaker
1737,1605,equivalent
1133,2622,stronger
1145,1693,equivalent
651,1158,incomparable
859,4305,incomparable
2643,1118,equivalent
1602,1380,equivalent
2863,3336,incomparable
4112,3023,stronger
2123,328,weaker
3754,3315,weaker
3210,4383,incomparable
827,2323,stronger
4304,3193,incomparable
448,3458,weaker
3839,2864,incomparable
3376,888,stronger
363,876,stronger
1686,3710,weaker
915,3833,weaker
2419,2541,weaker
1309,1508,equivalent
4528,3840,stronger
4323,4374,weaker
3368,246,incomparable
1416,3068,weaker
3030,3634,weaker
3904,226,stronger
1333,3033,equivalent
1190,281,weaker
2327,3891,incomparable
703,2637,stronger
4087,3316,incomparable
1835,1739,stronger
2215,1206,equivalent
3540,703,incomparable
1143,2909,weaker
1262,4321,incomparable
1822,2443,weaker
4086,3091,incomparable
2699,2716,incomparable
4471,1212,incomparable
3347,3691,weaker
4147,334,stronger
2927,3105,weaker
3777,3275,incomparable
1072,1164,stronger
2672,1832,incomparable
2708,1489,weaker
139,959,equivalent
1245,1092,incomparable
1527,4188,weaker
560,235,equivalent
4565,3476,incomparable
496,2694,weaker
2953,1293,weaker
1179,472,equivalent
193,441,weaker
2359,554,weaker
2278,3598,incomparable
210,610,stronger
440,1072,incomparable
1238,1052,incomparable
575,4680,incomparable
4496,114,incomparable
860,877,stronger
2407,221,weaker
4535,42,incomparable
2887,1612,stronger
15,2771,equivalent
3535,4277,incomparable
1326,118,weaker
1231,3264,incomparable
2127,1335,stronger
2376,4291,incomparable
2240,1212,incomparable
380,425,incomparable
3688,4492,incomparable
3184,263,weaker
603,662,incomparable
114,1437,incomparable
4114,170,incomparable
456,4584,weaker
3766,2870,incomparable
2221,1909,equivalent
3995,478,stronger
3360,2182,incomparable
801,1586,weaker
2255,739,stronger
794,415,weaker
4059,1402,stronger
611,3182,weaker
1402,4435,weaker
3386,370,weaker
2320,2265,weaker
2084,4240,incomparable
3273,3876,incomparable
2091,2967,stronger
2056,3912,incomparable
3336,1192,incomparable
1875,1622,stronger
607,2659,weaker
3093,2188,stronger
2420,1156,stronger
3375,2840,stronger
4149,4678,incomparable
2490,3615,incomparable
3582,1598,incomparable
495,3357,incomparable
1880,653,incomparable
1367,3286,weaker
2704,1854,weaker
2019,997,stronger
2318,98,stronger
3605,269,incomparable
3861,1952,stronger
552,858,weaker
2160,3861,weaker
849,3481,incomparable
4493,3333,incomparable
1148,2582,equivalent
1664,3630,incomparable
4212,839,incomparable
4358,3108,incomparable
2384,2973,weaker
3134,1973,stronger
2380,2265,weaker
1964,135,stronger
993,1890,weaker
1879,3969,incomparable
3670,1953,incomparable
3352,3364,incomparable
3678,4288,incomparable
466,683,stronger
2217,3964,incomparable
605,1027,weaker
1245,421,incomparable
2446,1572,stronger
4247,4216,weaker
2464,3841,incomparable
2003,1002,equivalent
1447,2999,stronger
1015,2588,weaker
3124,3887,weaker
2613,931,stronger
30,4667,weaker
166,1330,stronger
2213,3441,weaker
1169,776,equivalent
4188,3986,equivalent
124,3548,incomparable
2058,4092,incomparable
2615,2697,weaker
2193,1284,equivalent
4297,3929,incomparable
3418,577,stronger
1976,495,weaker
1396,1906,equivalent
916,1269,incomparable
425,3661,incomparable
2680,59,stronger
2263,3154,stronger
876,1089,equivalent
456,3913,incomparable
573,1280,equivalent
2185,1019,equivalent
4247,2472,incomparable
2537,3164,equivalent
3736,3488,incomparable
2091,1357,incomparable
3111,3436,weaker
1781,377,weaker
912,1685,incomparable
4019,3776,weaker
3126,526,stronger
2429,598,weaker
1140,3764,weaker
710,2490,weaker
2286,2764,stronger
1862,4688,incomparable
4520,2257,incomparable
4597,2477,incomparable
786,233,stronger
3100,244,stronger
2107,2240,incomparable
715,1521,weaker
391,643,incomparable
1034,3718,incomparable
4263,4294,incomparable
1794,208,weaker
438,2152,incomparable
2886,4607,incomparable
3750,511,incomparable
739,1326,equivalent
687,2856,weaker
4061,2847,incomparable
1287,2097,weaker
1789,3247,stronger
2582,2883,weaker
217,3846,incomparable
4167,4182,stronger
2455,75,incomparable
3458,3493,stronger
2415,1430,incomparable
4655,738,stronger
2174,2307,equivalent
2695,3699,incomparable
2733,3991,incomparable
709,521,stronger
1597,983,equivalent
3057,116,stronger
304,243,equivalent
3533,4017,stronger
1704,2543,weaker
417,120,incomparable
3261,3329,stronger
4293,507,stronger
1177,3780,weaker
4320,3084,incomparable
2152,2898,incomparable
4053,2740,stronger
746,2281,incomparable
1260,2502,stronger
4305,3715,incomparable
2825,897,weaker
1359,229,weaker
1825,968,weaker
2921,4577,weaker
4511,1339,stronger
2742,3114,equivalent
2086,1497,stronger
4692,2848,incomparable
153,2117,stronger
4604,749,incomparable
1777,927,equivalent
3034,1421,stronger
59,1701,incomparable
164,963,stronger
2091,2780,stronger
4506,2843,stronger
3895,2689,incomparable
519,373,weaker
3160,779,equivalent
3229,384,weaker
3578,1292,stronger
2330,2015,stronger
2657,158,incomparable
4028,3972,weaker
554,367,weaker
755,2343,weaker
2155,4643,weaker
978,1826,incomparable
1255,414,incomparable
1313,3802,incomparable
4446,698,incomparable
2044,2560,stronger
2615,3315,weaker
4017,2278,incomparable
4170,3274,weaker
2520,45,weaker
2236,286,weaker
2721,2021,equivalent
3223,3171,weaker
2935,1950,equivalent
1937,3602,incomparable
3,614,weaker
3482,2119,incomparable
3970,1119,incomparable
4042,995,stronger
671,4685,weaker
688,4100,weaker
3078,723,incomparable
2947,1960,stronger
2575,102,incomparable
2922,4347,weaker
2977,4054,incomparable
4484,2279,incomparable
98,1790,weaker
2104,3900,weaker
2843,4239,weaker
3586,4512,weaker
470,615,weaker
1752,3448,weaker
3524,1190,stronger
129,322,weaker
2095,3033,equivalent
1092,4341,incomparable
1637,2155,stronger
1904,55,incomparable
1532,4613,weaker
3676,1961,stronger
3359,2254,incomparable
4661,4019,stronger
1373,3802,weaker
2140,1463,incomparable
1147,3459,weaker
2855,3660,incomparable
2714,2489,incomparable
1788,1011,equivalent
4518,2398,incomparable
2085,2695,equivalent
404,907,incomparable
402,4244,equivalent
4164,1119,incomparable
4439,3044,incomparable
1822,780,equivalent
834,3120,incomparable
2885,277,stronger
3812,2357,stronger
4430,1238,incomparable
4201,4384,weaker
4457,3815,incomparable
3151,396,weaker
1086,3341,incomparable
1635,4337,incomparable
1633,3510,incomparable
685,553,equivalent
1311,3459,weaker
67,1672,weaker
1898,775,incomparable
1886,1704,equivalent
2672,169,incomparable
4091,2711,stronger
3654,2710,incomparable
1749,652,weaker
3943,4533,incomparable
4657,3122,incomparable
696,153,weaker
1439,4398,incomparable
893,4639,incomparable
951,4055,weaker
927,3469,weaker
2637,4497,weaker
2804,1227,incomparable
2737,5,incomparable
718,851,weaker
1987,416,weaker
1459,2017,stronger
108,4305,incomparable
2933,294,weaker
818,1432,incomparable
3712,32,stronger
11,4372,incomparable
1344,724,stronger
98,2274,weaker
418,1498,incomparable
3047,581,equivalent
1777,3989,weaker
3587,2023,stronger
256,1170,stronger
1715,667,weaker
1400,1787,stronger
2705,817,weaker
3128,1674,incomparable
4427,3168,stronger
2980,2742,equivalent
2283,3568,incomparable
4616,3821,stronger
550,2556,equivalent
101,1232,incomparable
1496,3188,incomparable
4064,4247,equivalent
2166,3168,equivalent
292,985,weaker
4534,3415,stronger
2791,4159,incomparable
1466,1252,incomparable
4422,730,stronger
1249,2715,stronger
1969,3004,equivalent
3984,504,incomparable
4584,2189,stronger
2356,1952,equivalent
3789,228,incomparable
2906,4082,weaker
602,2315,equivalent
1793,2778,incomparable
1211,3362,weaker
4287,3888,incomparable
3691,2322,incomparable
410,832,incomparable
3940,3026,stronger
1323,3768,incomparable
2121,2994,weaker
4423,3934,incomparable
848,277,stronger
1204,3322,weaker
2188,2526,equivalent
405,2151,stronger
2900,4452,incomparable
3958,3605,stronger
2031,1788,equivalent
341,4610,weaker
2014,2373,incomparable
2762,546,weaker
969,1735,equivalent
1848,2835,stronger
726,1977,weaker
3902,3673,incomparable
3326,130,stronger
2956,1351,stronger
1240,2198,stronger
4201,330,weaker
1116,2162,weaker
3824,3790,weaker
3175,3344,weaker
2932,176,weaker
2863,2291,incomparable
3496,3924,incomparable
3138,4216,weaker
4117,2322,incomparable
3253,2,stronger
2155,4456,weaker
4020,2389,incomparable
1802,2840,equivalent
2552,3338,incomparable
2442,1480,incomparable
615,1587,incomparable
3684,188,stronger
1251,2737,incomparable
2600,376,weaker
4308,3021,stronger
4387,870,incomparable
4170,3087,incomparable
2731,2522,weaker
1759,3143,incomparable
2521,2712,weaker
175,3917,weaker
1319,2090,weaker
4359,2205,stronger
2654,3241,stronger
4400,516,incomparable
3899,2220,stronger
2576,140,stronger
3716,3267,incomparable
1493,2620,equivalent
4614,4417,incomparable
3062,2477,incomparable
111,899,stronger
2031,983,equivalent
3278,3041,stronger
2461,567,stronger
635,1808,stronger
64,2773,equivalent
788,360,weaker
3668,3226,stronger
2372,495,incomparable
256,499,stronger
1539,2214,stronger
4238,2036,incomparable
1891,3605,weaker
48,3179,stronger
3460,3462,incomparable
10,443,incomparable
2496,3944,incomparable
4058,4320,weaker
3036,1414,equivalent
140,3707,weaker
1752,228,weaker
2473,3960,incomparable
3560,4043,equivalent
1354,1121,equivalent
1901,3734,weaker
2699,2960,stronger
920,4047,weaker
3079,737,stronger
551,2460,weaker
709,3046,stronger
2053,341,incomparable
4434,1574,stronger
3431,2882,incomparable
2837,2143,equivalent
619,1840,incomparable
3616,1881,incomparable
2955,2364,weaker
1446,306,stronger
4223,2293,incomparable
1664,2451,stronger
2150,4596,weaker
567,2589,equivalent
3296,3596,stronger
216,1608,incomparable
1434,2174,stronger
3824,1241,incomparable
4178,4213,weaker
255,1536,stronger
81,1383,weaker
3176,1959,stronger
328,1260,incomparable
3715,3176,stronger
2734,4243,incomparable
1612,4139,weaker
4270,1708,stronger
3530,1144,stronger
2033,4546,weaker
2485,3889,incomparable
4383,1770,stronger
1747,2462,weaker
245,1383,weaker
704,1897,incomparable
3476,3540,incomparable
1177,2117,equivalent
1719,4386,incomparable
3713,1009,incomparable
516,2600,stronger
1653,2046,incomparable
4203,82,incomparable
1221,3355,weaker
3838,2586,incomparable
4583,1242,incomparable
2286,4618,incomparable
4304,1827,stronger
2864,2380,stronger
3817,19,incomparable
1133,2195,stronger
3748,1380,stronger
1050,440,incomparable
1464,3463,weaker
4272,599,stronger
2857,4592,incomparable
2403,2924,equivalent
1704,2169,weaker
916,1379,stronger
1931,3114,stronger
2165,1066,incomparable
4200,4106,incomparable
3699,148,stronger
4265,559,stronger
3831,3485,weaker
150,2785,equivalent
1616,1009,weaker
2785,3376,weaker
4134,261,incomparable
4041,4234,weaker
259,2728,incomparable
1496,4290,incomparable
1957,4685,weaker
3115,1036,incomparable
2208,2052,weaker
1366,4217,weaker
3104,123,equivalent
1989,1190,equivalent
1113,3771,incomparable
755,4063,weaker
1503,2236,equivalent
4132,1319,stronger
374,4371,incomparable
1611,1015,equivalent
2509,2165,weaker
1191,4593,weaker
1809,3474,weaker
2022,4521,weaker
976,2719,equivalent
294,3853,incomparable
3785,457,incomparable
4449,3655,stronger
3045,4619,weaker
4440,2603,stronger
2320,2643,equivalent
1723,4639,weaker
1796,3397,weaker
4358,1258,incomparable
2589,3033,equivalent
1370,2242,incomparable
3445,3957,equivalent
1640,3823,incomparable
1463,743,stronger
3859,3008,incomparable
2515,1771,equivalent
1056,2082,incomparable
101,4562,incomparable
2566,3988,weaker
145,1636,weaker
4334,1022,incomparable
4547,2069,incomparable
2790,2915,weaker
961,2195,weaker
4,3848,incomparable
59,3555,incomparable
1786,3998,weaker
1380,3310,weaker
3436,811,incomparable
2183,1190,equivalent
1904,1775,stronger
312,2688,incomparable
3056,3973,incomparable
2213,2530,weaker
86,2345,stronger
2916,3404,weaker
373,3341,incomparable
2632,3645,weaker
359,4197,incomparable
204,122,stronger
2743,2695,incomparable
1320,2663,incomparable
1743,1268,weaker
788,3556,weaker
1457,682,stronger
1677,2900,incomparable
673,3983,weaker
4250,1859,incomparable
3336,4148,stronger
977,2674,incomparable
1225,4496,incomparable
4002,2511,incomparable
760,2447,weaker
3170,4610,weaker
498,195,equivalent
4393,3830,stronger
1855,1859,stronger
1884,2597,stronger
1526,637,incomparable
2049,2664,equivalent
4007,3794,incomparable
4363,2675,incomparable
2568,3229,equivalent
3296,2470,incomparable
2852,544,stronger
271,189,stronger
596,4675,weaker
1690,2731,equivalent
3211,3860,incomparable
4558,110,incomparable
1738,2213,stronger
1903,3778,weaker
4384,2963,stronger
2949,1608,incomparable
177,4691,incomparable
1858,2315,stronger
3466,1346,stronger
4342,2737,incomparable
4565,4472,weaker
4149,3096,incomparable
2287,2428,stronger
2144,3840,incomparable
3851,1187,stronger
1476,3152,incomparable
885,2684,incomparable
4572,166,incomparable
3715,2989,stronger
1927,3024,incomparable
2574,391,weaker
2410,3178,stronger
2735,1248,weaker
3337,3568,stronger
152,1786,stronger
2901,4169,weaker
4186,3513,weaker
3649,2342,stronger
2713,4118,weaker
1307,4255,incomparable
2718,2772,equivalent
3220,3168,equivalent
3600,3389,stronger
2693,4405,incomparable
694,1022,incomparable
1585,3445,weaker
2013,4646,weaker
1416,226,equivalent
3744,135,stronger
3484,962,incomparable
1285,709,incomparable
3060,2886,incomparable
4242,3795,equivalent
1730,3045,equivalent
1028,3527,incomparable
3958,4036,stronger
3032,838,weaker
852,1581,stronger
1117,2818,stronger
31,1617,stronger
3255,4293,incomparable
194,3301,incomparable
1618,3743,incomparable
1912,1746,incomparable
1148,1350,equivalent
1996,3137,stronger
2567,3892,incomparable
934,78,stronger
3611,895,incomparable
3986,18,stronger
3960,2769,stronger
536,971,equivalent
1592,3461,weaker
1595,2978,equivalent
84,847,weaker
2264,858,incomparable
3613,1907,stronger
722,3578,weaker
3948,4637,incomparable
4243,1522,stronger
3684,1558,incomparable
3983,659,incomparable
3396,1091,stronger
359,493,stronger
247,3470,weaker
75,734,stronger
1331,1592,equivalent
582,3948,weaker
3966,3873,weaker
2235,4442,weaker
506,920,stronger
3384,2959,stronger
206,4600,incomparable
2463,4077,incomparable
1458,586,stronger
3662,4401,incomparable
3428,33,stronger
401,4287,weaker
4632,3175,stronger
34,329,weaker
3031,4534,weaker
3719,1902,incomparable
3077,2435,incomparable
2488,2040,incomparable
3713,4339,weaker
1175,2368,incomparable
204,4123,weaker
1009,2830,stronger
4056,1672,incomparable
4142,3698,incomparable
3871,1892,stronger
3496,4489,incomparable
443,3358,incomparable
2857,567,stronger
3184,2682,incomparable
400,278,stronger
2437,1701,weaker
435,464,incomparable
2506,2969,stronger
4132,3360,stronger
4586,2776,incomparable
761,634,incomparable
649,4365,incomparable
2103,3518,incomparable
1922,4638,incomparable
1741,2348,equivalent
719,1162,stronger
3360,1568,stronger
1718,2364,incomparable
1355,2312,stronger
3075,4028,incomparable
4193,3232,incomparable
4663,3935,incomparable
1139,967,equivalent
437,695,incomparable
3751,635,incomparable
2429,655,weaker
3530,4608,incomparable
739,3477,weaker
2207,2528,stronger
3334,1286,incomparable
171,3959,weaker
2900,4212,incomparable
2382,3283,weaker
3872,2093,incomparable
200,2445,weaker
797,449,weaker
3987,4295,weaker
4429,2950,stronger
4079,851,incomparable
2322,1697,incomparable
2950,2986,equivalent
4476,4459,incomparable
4474,1380,stronger
3471,1934,incomparable
986,4293,weaker
279,4431,weaker
3426,471,stronger
549,2040,incomparable
4589,1138,stronger
3797,2858,incomparable
3439,3150,incomparable
2912,3633,incomparable
4037,4008,equivalent
2151,2754,equivalent
331,1588,stronger
3902,1339,stronger
3950,3073,incomparable
1369,2718,equivalent
1237,347,incomparable
3155,358,incomparable
3590,286,incomparable
4596,215,incomparable
1903,3591,weaker
3988,332,weaker
2905,2812,weaker
4164,3941,incomparable
3691,1277,stronger
3087,2294,incomparable
4276,4182,incomparable
4281,4526,stronger
4427,379,incomparable
833,644,stronger
1378,2430,incomparable
1471,2621,stronger
934,696,stronger
724,1640,weaker
1916,3237,stronger
166,2810,stronger
1945,1723,stronger
1033,2395,stronger
4412,2730,stronger
3357,3094,incomparable
950,640,weaker
4637,2848,incomparable
4368,4121,incomparable
4075,2556,stronger
2671,3520,weaker
4261,3500,weaker
439,875,incomparable
231,1892,stronger
3092,4516,incomparable
1552,3899,incomparable
2968,2760,stronger
2319,2314,incomparable
347,1286,incomparable
4644,4177,stronger
2536,4234,incomparable
344,2708,stronger
788,3853,weaker
790,1482,weaker
838,3216,stronger
3694,1524,stronger
79,2410,weaker
227,3062,weaker
2589,81,equivalent
835,4608,incomparable
2955,2124,weaker
4011,3860,equivalent
1886,338,weaker
4099,297,stronger
1700,4120,weaker
2249,4362,incomparable
991,425,weaker
2116,800,stronger
3518,3927,incomparable
2620,333,weaker
3055,261,incomparable
1028,1246,stronger
2598,2237,equivalent
1194,2447,weaker
2266,1498,incomparable
1582,4249,weaker
250,4335,incomparable
3044,1011,stronger
589,3801,weaker
2125,2956,incomparable
4071,2571,incomparable
2446,3536,incomparable
2740,1539,weaker
73,3884,incomparable
577,3417,weaker
4558,1346,stronger
4200,1638,incomparable
4675,2685,incomparable
3467,555,stronger
1626,10,weaker
160,96,stronger
3489,4286,incomparable
4246,293,stronger
2885,1139,stronger
3750,2341,stronger
2623,1139,stronger
646,4685,incomparable
2253,108,incomparable
398,4583,weaker
123,214,weaker
2958,1617,stronger
1767,1154,equivalent
1855,1001,stronger
1641,2735,stronger
755,656,weaker
2381,293,stronger
1776,4091,incomparable
2894,3295,incomparable
1495,3849,weaker
4296,6,stronger
3186,4635,weaker
349,153,incomparable
189,2904,equivalent
2276,1970,incomparable
146,4520,incomparable
1556,2812,incomparable
3705,504,incomparable
1117,2176,stronger
1241,1488,incomparable
4291,3045,stronger
4506,1,weaker
2109,2207,weaker
404,3997,weaker
150,1606,equivalent
272,3289,weaker
1858,1807,stronger
4604,2229,stronger
4127,4519,incomparable
230,3063,weaker
3265,2834,stronger
521,1549,equivalent
1594,3454,incomparable
486,2494,weaker
307,1031,incomparable
468,1888,weaker
3615,1900,incomparable
3431,93,stronger
1500,786,weaker
4251,3804,weaker
3659,3892,stronger
1054,2951,stronger
4421,4215,stronger
3951,1068,incomparable
458,3829,incomparable
355,2950,stronger
1771,1811,weaker
2984,2033,equivalent
530,3705,weaker
16,3484,incomparable
3737,550,stronger
3260,2840,stronger
4418,3163,incomparable
1539,1653,incomparable
3430,807,stronger
2275,1,weaker
2817,2270,weaker
1977,2818,stronger
3742,1833,incomparable
1321,3645,weaker
3726,3020,stronger
2597,3435,weaker
1422,1253,weaker
340,2268,incomparable
4510,3102,incomparable
2215,889,weaker
869,3521,incomparable
513,2196,stronger
676,3126,stronger
862,98,stronger
404,3192,stronger
435,2505,stronger
3165,3892,weaker
569,2505,equivalent
2833,3153,equivalent
1928,832,weaker
205,1262,incomparable
1559,2655,weaker
2638,2685,incomparable
1700,416,weaker
2686,1413,stronger
4346,2886,incomparable
677,1257,incomparable
276,159,weaker
2738,3266,weaker
4283,1783,stronger
2664,873,incomparable
1485,3645,incomparable
2944,3142,incomparable
1846,2870,incomparable
4523,3687,incomparable
798,2715,equivalent
3701,869,incomparable
3215,3605,weaker
4070,4119,stronger
4650,264,incomparable
520,4656,incomparable
2712,2984,stronger
4064,4304,weaker
3728,1911,stronger
4311,4181,stronger
1391,196,stronger
3867,3009,stronger
2793,879,weaker
513,452,incomparable
532,4666,weaker
3608,274,incomparable
2973,1978,stronger
3319,171,stronger
3816,977,incomparable
4404,1147,stronger
820,2100,incomparable
4572,3175,stronger
501,1566,stronger
1406,4641,weaker
1139,4297,weaker
4578,2431,stronger
1515,612,stronger
1441,3881,incomparable
1219,1782,equivalent
2585,4498,weaker
3909,3770,incomparable
2576,1002,stronger
2063,3635,incomparable
4291,2374,stronger
1316,2654,incomparable
2331,4581,incomparable
4108,2667,incomparable
856,4359,incomparable
374,4615,incomparable
1334,227,stronger
239,4390,weaker
1660,1151,stronger
672,3491,incomparable
3076,12,stronger
1964,4006,incomparable
1364,2321,equivalent
3096,3108,incomparable
1826,4072,incomparable
2149,3005,equivalent
3990,1106,stronger
633,530,stronger
2809,3051,weaker
2463,2414,stronger
940,1212,weaker
2148,1090,incomparable
4097,2666,incomparable
2741,1604,stronger
3575,3493,weaker
2739,777,stronger
4382,3027,stronger
1118,3204,equivalent
4349,635,incomparable
303,776,equivalent
1667,1167,incomparable
908,361,weaker
507,17,equivalent
395,3748,incomparable
1883,4175,incomparable
2482,562,incomparable
145,2819,equivalent
3056,834,incomparable
1853,3020,stronger
2763,23,weaker
2537,3652,weaker
128,371,weaker
2982,4268,incomparable
3756,1410,incomparable
213,4616,incomparable
2971,3355,weaker
765,2877,incomparable
1971,4180,weaker
2747,4401,weaker
4299,117,incomparable
4230,4484,incomparable
4627,3366,stronger
2174,567,equivalent
630,2460,incomparable
673,844,weaker
3864,1128,stronger
3284,2539,stronger
1988,562,weaker
508,4160,incomparable
2640,3191,equivalent
964,993,stronger
1165,2969,stronger
3357,1297,stronger
2280,2656,incomparable
2223,3842,weaker
4129,4028,stronger
2467,2482,incomparable
391,4514,incomparable
4627,1272,incomparable
2499,2205,stronger
3883,1528,incomparable
3160,1133,weaker
355,1824,stronger
740,3355,incomparable
2901,3124,equivalent
1492,2990,incomparable
4055,1985,stronger
2646,1851,incomparable
409,2060,incomparable
77,567,equivalent
1159,306,equivalent
240,2251,weaker
238,1424,stronger
2535,2020,equivalent
2540,112,incomparable
2127,4669,incomparable
907,3468,incomparable
769,1814,stronger
2000,1861,incomparable
3784,1872,incomparable
3156,1549,equivalent
828,4114,incomparable
2022,4094,weaker
3787,3109,stronger
3677,497,stronger
3544,3351,stronger
527,1153,equivalent
4589,764,stronger
1779,3555,weaker
1330,1477,weaker
652,2353,stronger
3066,3726,incomparable
430,254,stronger
1925,3380,incomparable
3153,4634,weaker
3752,1021,incomparable
2093,712,stronger
4563,482,stronger
3532,2186,incomparable
4303,2063,incomparable
4241,1185,stronger
1500,2827,equivalent
3950,2699,incomparable
3697,2253,incomparable
4511,2766,stronger
92,4581,weaker
2768,1790,weaker
1623,948,stronger
301,1722,weaker
884,3992,weaker
1786,188,equivalent
1739,2062,weaker
1735,600,equivalent
78,3370,incomparable
4123,1314,stronger
67,737,equivalent
3135,1210,equivalent
898,665,incomparable
2914,1211,equivalent
4571,3167,incomparable
2284,815,stronger
2067,3032,stronger
1819,2930,equivalent
4023,329,incomparable
1275,1554,stronger
2505,4197,weaker
4155,256,incomparable
1453,1826,incomparable
1957,1359,equivalent
1308,913,equivalent
3622,924,stronger
4585,3223,stronger
3027,2966,equivalent
2576,815,stronger
356,1405,incomparable
1777,610,equivalent
75,4361,incomparable
415,4429,incomparable
485,3478,weaker
4664,3866,incomparable
712,4423,weaker
2176,4264,weaker
2127,3059,incomparable
1222,738,equivalent
167,1102,stronger
2154,718,equivalent
841,3490,incomparable
3874,3188,incomparable
3991,3773,weaker
4220,1381,stronger
2609,3742,incomparable
1341,1369,equivalent
4691,966,stronger
3626,642,incomparable
2678,4101,incomparable
2066,2002,stronger
2584,3685,incomparable
2322,3685,incomparable
3557,4420,weaker
4565,1012,stronger
3500,1442,incomparable
477,4152,incomparable
2092,190,weaker
3520,4538,incomparable
3575,4245,equivalent
4093,1956,stronger
2737,1648,incomparable
3494,873,incomparable
4332,1972,stronger
2625,4625,weaker
4228,3312,weaker
2545,4107,weaker
4553,628,incomparable
4043,3532,weaker
3742,4358,weaker
48,2699,incomparable
3926,503,incomparable
1264,3192,stronger
2435,1468,incomparable
3856,2393,incomparable
3083,191,stronger
3883,52,incomparable
3850,104,incomparable
1374,2017,stronger
3480,3045,stronger
2592,139,stronger
2062,4111,incomparable
486,831,weaker
1329,2274,weaker
4185,2834,stronger
1692,2326,stronger
3405,3625,stronger
538,2684,weaker
720,2166,equivalent
3538,4154,incomparable
1234,2387,stronger
831,1216,stronger
681,3901,weaker
4289,1844,stronger
3434,3050,incomparable
22,323,weaker
3127,1587,weaker
2435,2757,equivalent
4684,2373,incomparable
1248,1504,incomparable
3693,1998,stronger
425,3157,stronger
93,2418,equivalent
2376,3116,incomparable
3749,1341,stronger
3329,4165,incomparable
308,128,stronger
2226,139,equivalent
4363,2732,stronger
1541,36,equivalent
486,2120,equivalent
916,1704,stronger
3538,2060,incomparable
2416,1202,weaker
3625,2214,stronger
1717,1201,equivalent
337,1997,stronger
3437,2917,incomparable
2009,2541,incomparable
1842,149,stronger
2458,2367,stronger
2850,905,stronger
3992,695,incomparable
2220,509,equivalent
1898,458,incomparable
3725,1105,stronger
191,3865,weaker
3324,3979,incomparable
65,4692,incomparable
1266,3399,incomparable
2661,1383,incomparable
2642,1141,weaker
2986,1705,weaker
42,1298,stronger
1425,1931,weaker
4382,4263,incomparable
1307,929,stronger
2704,3712,weaker
4020,649,incomparable
1668,4318,incomparable
3578,304,stronger
4653,2282,incomparable
69,88,equivalent
310,3183,stronger
518,2166,equivalent
1337,17,equivalent
1877,1459,weaker
2596,1146,weaker
2016,2557,equivalent
1166,135,equivalent
1731,3327,incomparable
2708,798,equivalent
1469,3327,incomparable
423,3999,incomparable
1655,299,stronger
445,3758,incomparable
1460,1521,incomparable
1214,2808,weaker
1250,2465,incomparable
865,3563,incomparable
4592,2918,stronger
1531,1172,stronger
1390,1,weaker
1049,3872,incomparable
691,4164,weaker
276,3168,stronger
259,3753,incomparable
3688,3451,incomparable
937,1187,equivalent
1331,360,weaker
42,3526,weaker
1028,551,stronger
718,1823,equivalent
3973,3812,stronger
4510,1573,incomparable
2060,2455,incomparable
1676,1526,incomparable
3503,1419,stronger
1312,1249,incomparable
3001,3652,weaker
415,2953,stronger
2982,3410,incomparable
2884,623,incomparable
4673,4196,incomparable
3508,2702,incomparable
2140,2569,stronger
1940,4201,weaker
173,4359,weaker
3363,1789,stronger
2203,639,incomparable
2960,618,incomparable
219,2260,incomparable
4658,2575,incomparable
647,3461,incomparable
570,1551,equivalent
4491,3401,incomparable
1108,2358,equivalent
3692,2230,stronger
4599,2934,stronger
4416,3227,incomparable
4402,3329,incomparable
2948,2486,weaker
3529,3929,incomparable
1380,3985,weaker
1414,2815,equivalent
2486,1866,equivalent
3675,3754,stronger
3327,2482,incomparable
359,1489,incomparable
3891,2066,incomparable
3325,3375,incomparable
1150,3708,incomparable
1917,4375,weaker
3920,552,stronger
3431,4525,incomparable
4047,2579,incomparable
585,489,weaker
1922,23,incomparable
2586,3,incomparable
2935,157,weaker
1939,192,equivalent
3007,33,stronger
2346,3734,weaker
1534,2358,equivalent
3440,2544,stronger
3029,1512,stronger
601,4405,weaker
2158,4437,weaker
2476,3026,stronger
4656,3037,stronger
2135,4453,incomparable
4069,1025,incomparable
2742,1455,weaker
2384,993,equivalent
1838,4432,incomparable
3104,1282,equivalent
688,3246,equivalent
189,115,weaker
2026,4668,weaker
3122,1861,incomparable
1542,4289,weaker
392,1383,incomparable
4119,738,stronger
1338,2015,equivalent
1689,552,equivalent
2814,927,equivalent
1556,962,incomparable
661,3493,incomparable
2182,3868,incomparable
3863,2246,incomparable
103,4663,incomparable
1082,3523,incomparable
760,3472,weaker
2640,2467,weaker
3474,4356,incomparable
4422,897,incomparable
1908,74,stronger
4571,4403,weaker
3339,1687,incomparable
4194,2201,stronger
1208,4012,weaker
370,2913,incomparable
2161,897,incomparable
3783,2078,incomparable
4675,3413,stronger
3421,184,stronger
868,1096,incomparable
4027,3377,stronger
255,3313,incomparable
3977,1570,stronger
3040,2155,equivalent
2395,3171,weaker
3288,3977,stronger
4222,1374,incomparable
1298,4063,weaker
940,4355,weaker
2053,3407,incomparable
757,3150,incomparable
4614,3295,incomparable
3205,3161,incomparable
2682,1134,stronger
799,3561,weaker
307,1409,stronger
3457,4136,incomparable
3875,3895,incomparable
2927,938,weaker
1965,2247,weaker
2668,4619,incomparable
213,993,stronger
3229,4686,weaker
3204,4629,weaker
4453,344,stronger
1223,1795,stronger
20,3981,weaker
259,2277,incomparable
3583,461,incomparable
3772,1114,stronger
1592,1103,equivalent
2935,425,weaker
1763,4368,incomparable
3941,3552,incomparable
3918,3568,stronger
626,4141,incomparable
297,2919,weaker
483,3863,incomparable
2854,436,incomparable
2415,3772,incomparable
4672,2495,stronger
3994,3563,stronger
499,3807,weaker
1968,1740,weaker
428,1123,stronger
2033,2135,weaker
488,1174,equivalent
1257,224,incomparable
1298,225,equivalent
785,2858,weaker
2874,4471,incomparable
4070,1114,stronger
231,3238,stronger
364,1138,stronger
4018,924,stronger
434,1877,incomparable
2154,3593,weaker
864,1461,incomparable
2116,857,incomparable
1075,1873,incomparable
712,1821,weaker
1844,169,incomparable
942,2283,weaker
1902,4311,incomparable
2039,2330,incomparable
3226,3583,weaker
1540,697,equivalent
4411,1757,stronger
3279,211,incomparable
2848,3408,incomparable
1358,2346,stronger
1556,641,incomparable
4644,2490,incomparable
3880,1340,stronger
998,1811,weaker
1953,4249,incomparable
617,2119,incomparable
2028,636,weaker
3022,4692,weaker
1367,1119,weaker
3695,3280,incomparable
138,4336,incomparable
482,1894,weaker
986,3679,weaker
303,4403,weaker
141,1601,equivalent
1325,893,incomparable
3572,2126,incomparable
2458,3603,incomparable
2754,2433,equivalent
1162,3346,weaker
1686,4255,weaker
1557,1401,equivalent
2611,812,equivalent
2716,3080,incomparable
231,2433,stronger
2072,534,stronger
1808,2151,equivalent
1796,636,weaker
3487,3866,incomparable
2840,4055,weaker
3062,684,incomparable
959,893,weaker
1280,719,weaker
1464,3280,incomparable
1185,3865,weaker
4017,1587,incomparable
1045,3296,incomparable
2232,4549,incomparable
3605,330,weaker
3989,4642,incomparable
1993,776,stronger
2889,4297,incomparable
2426,2321,equivalent
3892,545,incomparable
1667,3989,incomparable
3470,3296,incomparable
466,2838,stronger
653,2664,incomparable
2807,700,equivalent
1778,3039,weaker
2810,217,weaker
4568,535,stronger
1574,765,weaker
1152,2762,stronger
1540,4564,weaker
3285,2203,incomparable
3324,1377,stronger
1492,1140,stronger
2978,740,weaker
182,3429,incomparable
307,2377,stronger
1000,4061,weaker
2438,2681,weaker
3405,4190,stronger
3107,561,equivalent
3470,4585,incomparable
1001,1253,weaker
2850,2625,stronger
2234,4379,weaker
3256,4067,incomparable
1122,2711,stronger
549,2849,incomparable
1397,4636,weaker
3725,381,incomparable
215,3727,incomparable
4031,1619,stronger
4569,4678,incomparable
3117,3908,weaker
1243,4169,incomparable
3115,3081,incomparable
2351,2685,incomparable
1301,1141,incomparable
1380,2188,equivalent
1285,4580,incomparable
370,1571,incomparable
1433,1068,incomparable
2641,946,equivalent
4478,4001,incomparable
1121,3425,weaker
3877,4535,incomparable
73,3270,incomparable
1791,4159,weaker
2116,1475,incomparable
2524,1300,equivalent
1469,1664,incomparable
1620,4277,weaker
329,1920,stronger
3906,3960,stronger
2008,3635,weaker
571,3897,weaker
3324,572,incomparable
4335,1599,stronger
3108,947,incomparable
4436,4125,incomparable
2822,2805,weaker
2371,654,weaker
2639,3852,weaker
3262,633,incomparable
3902,3437,stronger
4633,2195,incomparable
2993,4380,weaker
1821,4159,incomparable
1831,151,weaker
2999,1162,equivalent
2367,4103,weaker
2623,1814,stronger
1780,4535,incomparable
713,166,incomparable
3168,1348,equivalent
3144,762,equivalent
2946,3221,stronger
363,2039,incomparable
4680,4643,equivalent
3742,2374,stronger
4050,275,stronger
1574,2188,equivalent
1309,2671,weaker
3527,2220,stronger
662,2106,stronger
3938,4006,incomparable
1596,3667,weaker
1234,53,incomparable
4055,1558,incomparable
3494,3211,incomparable
1706,2492,weaker
1976,4073,weaker
4297,1091,stronger
3304,835,incomparable
136,3164,equivalent
3219,2225,equivalent
756,2091,weaker
2064,3139,incomparable
1248,2553,stronger
1124,797,equivalent
866,7,stronger
3314,2462,incomparable
2187,1260,weaker
377,782,incomparable
523,3051,weaker
2221,844,weaker
323,3929,incomparable
896,1347,equivalent
218,2415,stronger
3834,4191,equivalent
1685,3493,incomparable
3909,3022,stronger
3422,2934,stronger
2255,3057,weaker
797,3970,weaker
1908,2949,incomparable
2904,2190,weaker
428,4103,incomparable
414,4205,incomparable
2902,1363,stronger
2783,4115,weaker
1649,4186,incomparable
4070,122,stronger
3765,240,stronger
2748,896,equivalent
1848,3083,incomparable
3811,4557,incomparable
1380,1517,equivalent
1808,1964,weaker
2735,2354,equivalent
2878,1908,incomparable
3029,4521,incomparable
1639,465,stronger
3041,3592,weaker
2062,1322,incomparable
4622,4018,stronger
1712,3195,weaker
26,4473,incomparable
2589,3468,weaker
2300,3365,incomparable
1906,1748,equivalent
3389,1831,stronger
3246,3243,equivalent
1861,285,stronger
2403,2554,weaker
2962,4238,weaker
3306,4048,stronger
3406,1246,incomparable
3536,538,stronger
2206,697,equivalent
3973,4511,incomparable
2309,2138,equivalent
2503,3135,stronger
3764,4337,weaker
1035,1640,incomparable
887,2708,stronger
1604,4012,weaker
4653,1237,incomparable
234,3806,incomparable
1526,1877,incomparable
2188,1030,weaker
3905,3037,stronger
2136,2560,equivalent
572,603,incomparable
3631,1714,stronger
3268,1662,incomparable
437,378,incomparable
2617,389,weaker
2116,2093,incomparable
1016,3468,weaker
1759,1297,stronger
2082,230,stronger
4253,2407,stronger
4619,1976,stronger
70,557,equivalent
1410,2052,incomparable
1687,640,incomparable
2468,1205,stronger
1262,3874,incomparable
441,2190,incomparable
4507,1011,stronger
2526,4593,weaker
3283,4572,incomparable
4186,3814,equivalent
2500,928,weaker
1455,4454,incomparable
2272,512,stronger
1565,650,weaker
312,3473,stronger
2929,1041,weaker
4412,1124,stronger
3749,780,stronger
4504,4096,incomparable
426,3760,incomparable
4397,1001,stronger
1935,2812,weaker
687,3535,weaker
365,3484,incomparable
3517,4594,incomparable
4372,944,stronger
70,1846,weaker
3680,3834,stronger
629,3530,incomparable
3664,3301,stronger
1625,1051,weaker
1293,312,incomparable
4634,3573,incomparable
3541,1955,stronger
2985,3952,weaker
1612,65,weaker
4032,4636,weaker
1343,3058,weaker
2010,4275,weaker
661,220,stronger
303,512,equivalent
2519,3398,incomparable
1158,1026,incomparable
1540,1128,equivalent
975,2073,weaker
2095,1350,equivalent
3717,2531,incomparable
4063,724,stronger
2528,4615,weaker
742,4531,weaker
790,3259,weaker
1865,1827,stronger
3484,3491,incomparable
2746,3562,incomparable
2112,2458,weaker
1797,1134,stronger
40,1980,stronger
1000,4008,weaker
4522,2177,stronger
1972,1889,equivalent
1213,1083,weaker
3474,2022,stronger
191,2149,equivalent
1015,2596,weaker
1971,3916,weaker
4526,3050,incomparable
1040,374,weaker
1921,2109,stronger
4015,4066,weaker
2364,3618,incomparable
2111,3172,stronger
1997,3824,weaker
457,3207,stronger
419,2915,stronger
326,2724,incomparable
744,231,incomparable
2793,2977,weaker
518,2894,weaker
3229,3507,weaker
3948,3194,stronger
2075,3865,incomparable
1122,564,stronger
991,1047,weaker
4380,2070,incomparable
4521,1551,stronger
1952,267,weaker
969,2951,equivalent
91,2453,weaker
1987,2705,stronger
3840,1567,stronger
483,1745,stronger
2775,1997,equivalent
1696,4219,weaker
1436,2602,incomparable
2979,1238,incomparable
1976,1792,equivalent
2423,3235,equivalent
1693,1669,weaker
1727,4471,weaker
3045,545,weaker
1403,3593,weaker
586,1119,weaker
305,4075,weaker
658,3439,incomparable
897,1735,stronger
3870,4600,incomparable
1153,3418,weaker
475,4486,weaker
4532,747,stronger
638,2972,stronger
4647,1259,incomparable
4148,3790,incomparable
486,3332,weaker
937,3793,weaker
2368,3686,incomparable
4316,3374,stronger
4634,1963,stronger
835,1042,stronger
152,1766,stronger
3142,828,incomparable
1428,2310,incomparable
516,2982,incomparable
3599,3733,weaker
3165,997,equivalent
1052,2962,stronger
3863,3779,stronger
3073,1408,stronger
3474,2506,incomparable
3004,3523,weaker
3785,4088,weaker
3159,1182,stronger
4000,1798,stronger
1529,4055,weaker
3021,2938,equivalent
4635,94,stronger
1253,1905,stronger
1131,4194,incomparable
4259,746,incomparable
3020,3467,weaker
1697,633,incomparable
3137,4052,weaker
3997,1500,stronger
3369,1177,stronger
3011,1469,incomparable
4012,4252,equivalent
1901,4600,weaker
823,3260,incomparable
3669,880,incomparable
1430,1982,stronger
60,1022,weaker
3360,1064,incomparable
440,1243,incomparable
4294,1871,incomparable
911,3080,weaker
883,2752,stronger
2543,253,stronger
1275,1290,stronger
4463,4309,incomparable
2579,3882,incomparable
1530,119,equivalent
1357,1854,incomparable
1469,2095,stronger
3389,2933,stronger
4344,4617,incomparable
3970,4376,weaker
3502,2810,stronger
1502,1454,weaker
79,1422,equivalent
3188,1896,stronger
4614,1445,incomparable
911,986,equivalent
92,4101,weaker
1398,350,weaker
3538,3406,stronger
4379,4022,stronger
327,2655,incomparable
609,1587,weaker
1204,2928,weaker
3403,2989,stronger
3124,3574,weaker
1376,3974,weaker
3092,1784,incomparable
204,4692,incomparable
1938,2142,equivalent
2270,4601,incomparable
1702,1865,weaker
1127,3620,weaker
3178,777,equivalent
4558,3391,stronger
826,4446,incomparable
2651,1260,incomparable
2534,4647,incomparable
1897,3272,incomparable
2828,398,weaker
369,1726,incomparable
4629,3042,stronger
4534,2216,stronger
2908,4299,weaker
2963,4006,weaker
3577,1425,stronger
4141,1009,incomparable
4297,3966,stronger
3034,3657,incomparable
2999,2882,weaker
1084,890,equivalent
2937,3724,incomparable
3950,3858,stronger
1375,2005,equivalent
2411,1399,equivalent
1893,3688,weaker
2264,4355,incomparable
2963,1912,weaker
2381,2688,incomparable
3186,3647,weaker
1956,1758,equivalent
204,2948,stronger
2771,1153,equivalent
3827,3643,equivalent
2829,4541,weaker
2423,3853,weaker
1809,18,equivalent
1012,2892,weaker
1793,3457,incomparable
4329,2349,incomparable
203,1033,stronger
3377,1902,incomparable
2864,4535,incomparable
756,428,weaker
386,3369,equivalent
372,3471,incomparable
4484,2637,stronger
2180,870,incomparable
3013,1625,equivalent
141,2784,equivalent
2376,2502,stronger
285,1974,equivalent
1262,4171,incomparable
1133,1317,stronger
2884,2908,stronger
3744,3766,stronger
788,4288,weaker
4585,4382,incomparable
3816,2888,incomparable
2052,2755,incomparable
121,38,weaker
2796,3438,weaker
4260,4033,equivalent
2144,3283,incomparable
1452,4453,incomparable
2161,2698,stronger
547,2132,weaker
1197,3180,incomparable
839,3472,incomparable
2759,4310,weaker
3542,2504,incomparable
1768,3935,weaker
109,1906,stronger
1074,2026,equivalent
1115,2589,stronger
3004,1108,equivalent
1643,2708,stronger
3551,1277,stronger
844,783,stronger
574,922,weaker
1252,608,incomparable
4282,35,stronger
4628,672,incomparable
150,2846,equivalent
747,850,weaker
847,2774,incomparable
1482,1070,incomparable
2204,3684,weaker
800,4648,weaker
1588,3186,equivalent
3606,395,weaker
1803,896,equivalent
60,1640,weaker
3656,512,stronger
4129,2422,stronger
3678,271,incomparable
3857,4178,stronger
2735,1630,weaker
1224,1943,incomparable
2461,307,weaker
3085,2386,stronger
377,758,stronger
1335,2713,equivalent
4022,1020,incomparable
1997,2832,equivalent
3700,969,stronger
4691,3064,incomparable
3199,3427,weaker
3942,502,stronger
3181,3787,weaker
3124,3253,weaker
4540,2114,stronger
1070,4135,weaker
4186,862,incomparable
636,645,weaker
2640,430,weaker
2796,189,equivalent
2801,1287,equivalent
3463,1406,stronger
1040,4643,incomparable
4093,1021,incomparable
929,2560,equivalent
946,1975,weaker
521,1045,weaker
2157,2124,weaker
1577,3535,incomparable
73,2575,incomparable
548,2868,weaker
269,4207,incomparable
520,1574,stronger
1732,3823,weaker
4065,4076,stronger
1391,3530,incomparable
1883,3992,incomparable
1143,4182,weaker
4457,924,stronger
3837,1216,stronger
1292,518,equivalent
171,3268,weaker
1948,3074,weaker
647,753,stronger
459,1456,weaker
2239,779,stronger
3245,3906,weaker
2980,4389,weaker
1213,4547,weaker
4076,3834,stronger
4036,4435,weaker
1417,3788,weaker
1393,3202,equivalent
2339,1360,equivalent
2465,2253,weaker
569,2001,equivalent
4509,683,stronger
1967,3474,weaker
3672,186,incomparable
4503,114,incomparable
3866,991,stronger
297,2976,equivalent
3487,406,stronger
2692,2417,stronger
4266,1864,incomparable
656,3848,incomparable
3260,4564,incomparable
2228,970,equivalent
3162,1777,equivalent
1904,92,stronger
393,4377,weaker
1360,1160,equivalent
1751,816,equivalent
1271,179,incomparable
1188,2396,stronger
1752,4424,weaker
2548,3577,weaker
3267,258,incomparable
631,4,equivalent
746,708,stronger
2336,688,equivalent
302,2946,weaker
2609,4230,incomparable
3686,3625,incomparable
2850,909,incomparable
439,3217,stronger
3400,787,stronger
1029,4214,incomparable
203,2940,incomparable
822,4675,incomparable
4444,1762,stronger
1861,1334,stronger
3686,4564,incomparable
3089,144,stronger
2638,4409,weaker
253,1714,equivalent
282,200,equivalent
3064,2531,incomparable
3788,1808,stronger
3796,4143,weaker
3459,2306,incomparable
2452,2152,incomparable
3765,134,incomparable
3933,1408,stronger
1669,1514,stronger
239,503,weaker
4347,4431,incomparable
3733,596,stronger
2778,632,incomparable
3502,663,incomparable
2177,1166,equivalent
902,66,weaker
3159,3707,incomparable
1261,2628,incomparable
3329,3364,incomparable
2386,751,equivalent
2763,1263,weaker
2921,1849,weaker
751,3280,weaker
677,887,incomparable
345,148,stronger
386,149,stronger
2538,4528,incomparable
3966,1706,stronger
4439,1926,stronger
466,1606,stronger
770,4461,weaker
2582,3322,weaker
3287,3111,stronger
3266,2234,stronger
1485,242,incomparable
4601,1695,incomparable
1318,1068,incomparable
2479,1854,equivalent
72,2618,incomparable
256,1207,incomparable
949,3645,incomparable
4177,1367,stronger
4421,7,stronger
228,3131,incomparable
3686,3759,incomparable
1043,2526,stronger
3254,1850,incomparable
1879,2798,stronger
4026,417,incomparable
1352,4035,weaker
800,1078,weaker
163,1955,stronger
2126,3429,incomparable
753,2952,weaker
338,2710,incomparable
4644,2681,incomparable
425,4584,incomparable
2760,1500,equivalent
3890,3939,incomparable
1653,4148,weaker
567,2947,weaker
863,1777,stronger
1651,1069,stronger
1040,3167,incomparable
369,2962,stronger
2392,4487,weaker
2841,3559,weaker
3772,1439,incomparable
2517,3435,incomparable
4091,2882,incomparable
662,740,incomparable
3807,3123,stronger
1465,1064,incomparable
2879,3262,weaker
1038,3471,incomparable
3082,1901,stronger
4548,125,incomparable
577,632,weaker
4360,828,incomparable
170,4415,incomparable
1174,4271,weaker
3125,1224,weaker
2631,689,equivalent
3663,4283,incomparable
181,817,weaker
3212,2132,weaker
762,3014,equivalent
1966,3682,incomparable
3552,2954,stronger
3612,3005,stronger
3619,1732,stronger
2454,238,incomparable
1055,792,stronger
702,1428,weaker
2963,115,weaker
1089,376,weaker
4449,3879,incomparable
2135,1424,stronger
2775,818,weaker
2415,4447,incomparable
400,2783,stronger
3958,4581,incomparable
2169,1008,stronger
1406,3466,weaker
3937,1260,incomparable
293,2162,weaker
4155,2651,incomparable
2847,3323,incomparable
2755,3734,incomparable
2824,3339,weaker
1912,2291,incomparable
3538,2682,stronger
1005,3307,weaker
3720,444,incomparable
3197,2389,incomparable
2449,4216,incomparable
1741,2409,equivalent
2543,3851,incomparable
3527,49,incomparable
4148,2611,stronger
2324,2235,equivalent
3263,4140,stronger
140,1516,weaker
527,3682,weaker
3369,2092,stronger
4446,1487,incomparable
3080,1989,stronger
2216,423,weaker
3737,798,stronger
4332,2139,stronger
3332,2964,incomparable
966,4483,weaker
694,3795,incomparable
2114,2775,equivalent
3826,466,incomparable
3062,70,stronger
4569,547,stronger
343,4477,incomparable
65,3220,stronger
841,3441,incomparable
505,3492,weaker
1431,274,incomparable
2017,2815,equivalent
107,4385,incomparable
91,1408,equivalent
2362,783,equivalent
2446,2174,stronger
519,4329,weaker
3879,450,incomparable
2131,850,weaker
434,1747,stronger
493,2327,weaker
1131,4304,incomparable
3681,3094,incomparable
1876,2960,incomparable
735,1860,incomparable
4085,1457,incomparable
4188,2144,incomparable
1523,1152,incomparable
912,998,stronger
1128,4006,weaker
309,705,stronger
830,2097,incomparable
1527,2025,equivalent
2368,2641,stronger
4536,4547,stronger
3469,178,stronger
4651,1087,stronger
860,4191,incomparable
175,4088,weaker
409,2040,incomparable
504,2866,incomparable
1202,922,incomparable
1725,2949,weaker
378,4447,incomparable
357,1126,stronger
2464,3288,incomparable
2161,3479,incomparable
2094,2257,weaker
4378,3557,stronger
3652,3453,equivalent
3614,3161,incomparable
2239,4109,incomparable
4106,3623,stronger
2103,1030,incomparable
4369,61,incomparable
287,4679,weaker
3871,1282,stronger
667,2456,incomparable
2747,4515,weaker
961,459,weaker
4053,764,stronger
3395,764,stronger
530,1404,equivalent
36,1835,weaker
4482,123,stronger
824,1127,stronger
3220,3392,weaker
1417,1641,weaker
1539,3324,incomparable
2055,208,incomparable
3789,1822,stronger
477,265,incomparable
1184,881,stronger
2606,2940,weaker
2558,1960,stronger
3535,3403,stronger
1283,2580,equivalent
345,311,weaker
445,1481,incomparable
1606,1513,equivalent
3884,1867,incomparable
3067,1837,incomparable
4281,749,incomparable
2476,615,incomparable
2956,2006,stronger
3152,3638,incomparable
3472,610,stronger
3700,2689,incomparable
768,1353,weaker
1010,3330,weaker
513,834,incomparable
320,2883,incomparable
1688,764,equivalent
251,834,weaker
2307,2499,weaker
762,1538,equivalent
3387,1411,stronger
1042,3807,incomparable
689,4443,weaker
1561,4372,incomparable
398,1261,incomparable
1232,3150,incomparable
2939,497,stronger
2414,4059,weaker
4418,3090,incomparable
2069,4024,incomparable
2262,1975,incomparable
1866,1975,incomparable
3695,251,stronger
2363,2781,equivalent
3562,3105,incomparable
2435,1903,stronger
1399,3263,weaker
1948,3505,weaker
995,204,weaker
1846,1508,stronger
1249,3504,incomparable
4289,4373,stronger
3238,3947,weaker
605,3402,weaker
1858,579,incomparable
1336,2160,stronger
266,1492,incomparable
1947,4034,weaker
4469,3028,stronger
4159,2048,incomparable
4379,4266,stronger
4564,3265,incomparable
735,3633,incomparable
2385,446,incomparable
2110,241,equivalent
2717,2905,weaker
573,3305,weaker
3348,3711,weaker
3766,252,stronger
3656,2366,stronger
2668,3952,incomparable
4084,2813,stronger
1957,2628,weaker
3834,2638,incomparable
2218,4655,weaker
4326,2346,stronger
1525,4691,incomparable
1213,2884,weaker
4081,263,incomparable
705,199,equivalent
2374,472,equivalent
3836,4404,weaker
2960,3013,stronger
4419,258,incomparable
3271,2151,stronger
2257,3270,incomparable
4153,2768,stronger
1058,502,stronger
2028,3218,weaker
3308,1252,incomparable
2826,3198,stronger
3380,4538,incomparable
252,1570,equivalent
3146,170,weaker
517,1087,equivalent
4274,4226,incomparable
1600,3680,weaker
3343,4656,incomparable
385,2853,incomparable
2599,940,equivalent
909,3762,incomparable
1895,595,stronger
2703,2983,equivalent
2574,883,weaker
3606,4477,weaker
755,851,weaker
2737,2567,incomparable
3268,2203,incomparable
1540,1535,weaker
4195,1839,incomparable
4109,375,incomparable
2120,4096,weaker
1548,3870,weaker
4631,4621,stronger
101,3444,incomparable
759,4353,incomparable
3395,4415,weaker
4042,2536,incomparable
4174,1901,stronger
533,2320,equivalent
3532,2434,stronger
4476,2239,incomparable
1700,3860,weaker
1664,1951,stronger
3947,1895,incomparable
1559,3655,weaker
3751,2737,incomparable
3845,4062,equivalent
4186,1911,stronger
2114,3877,weaker
3384,1223,incomparable
2871,3856,incomparable
1835,2772,stronger
386,1519,incomparable
2476,4266,incomparable
752,1088,incomparable
98,298,weaker
294,1930,stronger
1118,3131,weaker
1887,4625,incomparable
244,123,equivalent
149,3269,weaker
1116,52,weaker
2690,2505,stronger
3872,1162,stronger
298,2803,stronger
2946,1936,stronger
3933,4067,weaker
304,3557,weaker
3380,1639,incomparable
3670,4596,incomparable
3150,4560,incomparable
3372,997,stronger
4063,4298,weaker
1952,674,equivalent
2793,1290,equivalent
546,57,incomparable
2762,3697,weaker
1337,3030,equivalent
1676,3250,stronger
4415,4191,stronger
1746,3989,incomparable
1932,961,stronger
4635,2245,incomparable
2914,2748,equivalent
2135,566,incomparable
3170,4431,weaker
3478,2332,stronger
195,2459,weaker
2746,4103,incomparable
3186,4375,weaker
4036,4545,weaker
1204,407,weaker
1586,1263,incomparable
2217,4513,incomparable
1269,1556,incomparable
4454,4304,incomparable
693,457,weaker
66,3742,incomparable
2416,3410,weaker
107,1299,incomparable
296,4204,weaker
3866,1101,incomparable
1113,4426,incomparable
2725,4165,weaker
836,3394,incomparable
2988,1357,weaker
2365,1378,weaker
4168,1439,incomparable
764,3491,weaker
3532,2918,stronger
1710,3369,incomparable
4678,1918,stronger
2837,2127,weaker
2035,685,stronger
1918,4072,weaker
2231,2317,equivalent
2164,1095,stronger
4170,3205,incomparable
3994,4669,incomparable
1449,4533,incomparable
3381,3688,weaker
3324,3154,stronger
3262,2276,stronger
2101,2244,incomparable
4587,3493,incomparable
4602,4525,incomparable
3253,4442,incomparable
789,1454,weaker
990,3430,weaker
2415,1845,incomparable
1291,160,incomparable
2251,2188,stronger
4061,1168,stronger
2777,3924,weaker
2292,2943,equivalent
2466,4062,incomparable
4353,2508,stronger
4430,1974,stronger
3530,4161,incomparable
3957,64,stronger
4683,168,incomparable
3623,942,stronger
3389,2990,incomparable
1434,3097,incomparable
2798,1768,equivalent
546,191,stronger
1743,4606,weaker
2830,4689,weaker
1691,4416,incomparable
3133,2246,weaker
1075,3918,incomparable
3012,4171,weaker
1073,3091,incomparable
3963,229,incomparable
2507,1969,stronger
1507,2794,stronger
824,3518,incomparable
3386,3631,equivalent
891,2296,weaker
674,4513,weaker
2324,572,weaker
3662,4438,incomparable
4275,2975,stronger
4218,2441,incomparable
782,3292,incomparable
2843,1137,weaker
2363,500,weaker
3691,480,stronger
3200,1374,weaker
741,2702,weaker
63,3578,incomparable
4034,819,incomparable
1649,4540,incomparable
4588,2159,stronger
1527,1167,weaker
4465,1005,stronger
2548,438,weaker
1784,3452,incomparable
21,2763,equivalent
938,4155,weaker
3137,1210,equivalent
4553,71,stronger
3973,1482,incomparable
1361,2568,stronger
2068,178,stronger
2446,3544,incomparable
2172,4473,weaker
3595,2061,incomparable
30,3256,weaker
1244,4612,incomparable
3013,2837,equivalent
3364,1374,incomparable
4233,4038,equivalent
1409,4679,weaker
2457,2390,stronger
165,448,stronger
789,2527,equivalent
1427,4504,incomparable
4174,1364,stronger
1235,1301,incomparable
3847,969,stronger
3698,846,incomparable
4417,533,stronger
4269,1601,stronger
659,3585,incomparable
1626,368,weaker
2727,157,weaker
251,2070,weaker
724,2482,weaker
4168,3212,stronger
2749,2390,stronger
4001,4038,stronger
754,3822,weaker
1162,3647,weaker
1318,3406,incomparable
2405,3489,weaker
3695,1487,incomparable
1260,3401,incomparable
2812,3089,incomparable
3254,1744,stronger
1963,111,weaker
399,2318,incomparable
2708,1985,equivalent
122,1286,weaker
1656,368,incomparable
2423,2755,weaker
146,1845,incomparable
1510,1482,incomparable
1315,3458,incomparable
3860,1904,incomparable
3013,2971,equivalent
3304,1457,incomparable
1786,599,equivalent
857,1856,weaker
3116,2160,stronger
4681,2053,incomparable
2458,2160,stronger
944,2764,equivalent
1916,3863,incomparable
2552,1041,incomparable
1850,1523,incomparable
3860,2843,stronger
1401,3417,weaker
267,4242,incomparable
2997,3377,weaker
3554,4234,weaker
1216,1385,equivalent
4148,277,stronger
1042,4238,incomparable
1264,3119,stronger
517,1384,weaker
1627,727,weaker
1869,2704,stronger
3822,3490,weaker
360,1400,incomparable
3982,739,stronger
903,107,weaker
3253,2027,stronger
1839,1549,stronger
3322,2386,stronger
2102,431,weaker
3175,2336,equivalent
1095,4249,weaker
2368,1112,incomparable
2591,595,equivalent
2068,2540,incomparable
1579,2349,weaker
2174,3690,weaker
1107,2539,equivalent
2614,1518,weaker
169,1990,stronger
451,922,incomparable
1067,3140,incomparable
2894,3787,incomparable
972,2314,incomparable
2658,2756,stronger
2649,950,stronger
391,4254,stronger
749,1518,incomparable
3135,3849,weaker
2044,2304,incomparable
3914,581,stronger
445,4490,incomparable
403,4264,stronger
1218,3659,weaker
3902,2449,incomparable
2547,831,weaker
3832,3373,stronger
4269,930,stronger
2159,2412,equivalent
2680,3804,incomparable
1543,1914,stronger
3855,4296,weaker
3881,3265,incomparable
840,1205,stronger
1747,1909,equivalent
4632,2675,incomparable
2713,719,weaker
946,877,equivalent
3869,407,incomparable
3215,1869,weaker
3110,4327,weaker
3090,4614,incomparable
1677,3018,stronger
209,3967,incomparable
264,1422,stronger
128,4567,weaker
2688,4045,incomparable
250,2278,incomparable
4279,3661,incomparable
1246,1519,incomparable
4055,3953,stronger
4447,2491,incomparable
2558,1720,stronger
2213,3937,weaker
2533,909,incomparable
84,2925,weaker
1708,2489,weaker
3010,4446,weaker
2812,3707,incomparable
551,3330,weaker
3780,4098,weaker
1717,1262,weaker
836,3691,incomparable
3291,709,incomparable
3936,4611,incomparable
3506,2583,stronger
3767,638,incomparable
4232,997,stronger
2719,483,weaker
21,3515,weaker
828,3049,stronger
1184,1930,stronger
4620,2799,incomparable
4007,4262,stronger
3794,771,stronger
3109,668,equivalent
3434,4400,weaker
3372,3522,weaker
495,4337,incomparable
727,3906,incomparable
3633,1577,incomparable
3604,647,incomparable
4230,3553,incomparable
1589,3147,weaker
1310,3732,weaker
4314,4190,stronger
3907,648,incomparable
2182,3661,incomparable
3275,3589,stronger
3813,232,stronger
1653,4071,weaker
2663,1490,stronger
958,2526,equivalent
3642,350,equivalent
1665,3142,incomparable
2811,4394,weaker
4127,3051,incomparable
4383,762,stronger
2103,4307,weaker
4159,1808,stronger
2307,3548,weaker
428,3465,incomparable
564,128,equivalent
2804,4354,incomparable
2138,329,weaker
154,1950,stronger
601,3393,weaker
81,2603,equivalent
965,3855,weaker
2376,2372,weaker
2713,1203,equivalent
727,2751,stronger
4206,2004,incomparable
1241,720,stronger
2051,2023,stronger
1048,2577,stronger
4688,2687,incomparable
4208,2050,incomparable
1383,3055,incomparable
3234,1090,weaker
3645,2876,incomparable
1238,422,incomparable
422,3054,incomparable
1425,4220,weaker
3396,3303,weaker
3556,4524,incomparable
3055,566,incomparable
135,745,equivalent
2394,1049,weaker
3156,618,weaker
1272,191,stronger
1339,1413,equivalent
4360,2040,incomparable
692,1602,stronger
4255,3744,weaker
762,843,weaker
2472,4123,incomparable
1369,3507,weaker
1367,428,weaker
1408,4401,weaker
546,2716,incomparable
3999,3000,stronger
3226,798,equivalent
4186,2826,incomparable
170,4122,incomparable
337,98,stronger
1722,3810,incomparable
2051,4251,incomparable
700,3533,weaker
2875,3200,stronger
2407,880,weaker
2539,3251,equivalent
963,725,weaker
2224,1927,weaker
1842,1633,weaker
68,812,stronger
300,4353,weaker
331,3666,incomparable
2927,2609,weaker
3598,562,incomparable
1225,910,incomparable
392,155,incomparable
2429,1578,equivalent
1242,325,incomparable
454,1787,stronger
2950,2970,equivalent
4299,609,stronger
4440,2534,incomparable
1424,4503,weaker
718,1079,equivalent
2791,2159,stronger
1034,3759,incomparable
1908,4323,weaker
1543,2882,incomparable
2295,2517,weaker
2300,2861,incomparable
2317,2276,weaker
3668,742,stronger
3162,2102,equivalent
3449,1378,incomparable
4287,2477,incomparable
3117,639,weaker
3316,4232,stronger
4376,4212,stronger
2965,3251,equivalent
3844,4351,weaker
1607,1362,equivalent
504,1500,stronger
1025,2892,incomparable
2375,3385,weaker
4421,198,incomparable
3591,3124,stronger
2421,1286,weaker
2533,1527,stronger
2750,64,equivalent
3066,1990,stronger
4389,660,incomparable
2723,1624,equivalent
1967,4499,incomparable
634,1731,incomparable
167,2265,incomparable
203,2676,incomparable
3097,1276,incomparable
707,1455,incomparable
2145,829,weaker
1570,2584,weaker
2898,3318,weaker
2622,1168,equivalent
3551,1631,incomparable
1668,4058,incomparable
350,2322,incomparable
128,3441,weaker
2260,1718,incomparable
3753,45,weaker
1690,1373,equivalent
296,3025,equivalent
1667,4587,incomparable
90,4088,incomparable
482,2626,equivalent
100,2332,stronger
3541,3545,incomparable
521,110,weaker
2067,4679,incomparable
897,397,incomparable
1762,1599,equivalent
3004,307,weaker
239,2117,equivalent
161,4678,incomparable
4163,4238,weaker
1885,1440,incomparable
3390,1282,stronger
4608,1848,incomparable
2997,2519,weaker
3680,297,stronger
1388,4017,weaker
4247,1842,incomparable
1496,3550,incomparable
587,3739,weaker
124,1763,incomparable
1650,3236,stronger
781,572,weaker
2608,2185,equivalent
3764,1873,incomparable
1601,2031,equivalent
18,778,weaker
4293,682,incomparable
4145,2504,incomparable
3701,1524,stronger
2627,1646,weaker
2632,3710,weaker
2456,1764,incomparable
1104,2164,incomparable
1217,2041,incomparable
3471,1247,incomparable
4100,4424,incomparable
1704,3068,weaker
2836,2170,incomparable
4393,2956,incomparable
356,4341,weaker
2668,3525,weaker
2666,1200,stronger
1902,50,incomparable
4451,3311,incomparable
3159,4516,incomparable
4473,626,incomparable
4485,451,incomparable
240,1133,weaker
1945,4069,incomparable
2583,384,weaker
707,3228,stronger
1825,2432,equivalent
3045,2135,weaker
3666,533,stronger
3308,825,incomparable
524,1831,stronger
2924,3306,weaker
3466,1411,stronger
4137,118,incomparable
372,4443,incomparable
3765,4676,incomparable
3039,3818,incomparable
2158,2083,weaker
842,420,incomparable
4556,3485,incomparable
2907,3110,equivalent
4318,1627,stronger
4261,2813,stronger
971,4213,weaker
4255,524,incomparable
3314,2710,incomparable
3185,610,stronger
1636,4603,incomparable
4084,642,incomparable
552,1785,equivalent
722,476,weaker
3738,5,incomparable
3717,3100,incomparable
773,2693,weaker
1289,3741,incomparable
143,2489,weaker
2046,3720,incomparable
2334,3598,weaker
2205,1498,weaker
4115,894,stronger
1704,3202,equivalent
553,1606,equivalent
1475,4096,incomparable
2824,981,weaker
1050,2412,stronger
1846,1565,stronger
4021,1232,incomparable
2563,4589,weaker
2568,2489,weaker
835,3921,incomparable
611,2715,equivalent
2404,1334,weaker
3833,4564,weaker
240,1267,weaker
4252,3235,stronger
1184,1072,stronger
1805,3634,weaker
196,3412,weaker
1335,3685,weaker
1311,2345,equivalent
1302,1293,weaker
3819,3353,weaker
3665,2886,incomparable
1320,1118,stronger
1473,2114,stronger
4518,2573,incomparable
4377,1402,stronger
2496,4656,incomparable
2529,4604,weaker
1658,3557,incomparable
2293,1853,incomparable
2360,631,weaker
913,205,weaker
3093,216,stronger
3387,4635,weaker
238,790,stronger
3287,3465,incomparable
3629,196,stronger
1840,595,stronger
4190,263,incomparable
4279,1998,stronger
3868,212,incomparable
3250,1331,equivalent
270,1267,incomparable
1935,832,weaker
2961,447,weaker
1977,1997,stronger
1801,1017,stronger
3927,4175,incomparable
3810,1146,incomparable
1757,3162,equivalent
3849,320,weaker
1218,4574,weaker
4207,4000,equivalent
1141,2664,incomparable
733,2839,equivalent
3508,3999,stronger
1629,3916,incomparable
3143,3312,incomparable
3785,335,weaker
4015,3241,stronger
1415,2644,incomparable
3696,263,incomparable
936,2417,equivalent
260,1868,incomparable
4652,1583,stronger
1968,4513,weaker
2911,2962,equivalent
1006,1658,weaker
1340,780,stronger
2933,469,weaker
815,2090,weaker
1475,2136,stronger
4093,838,incomparable
2830,2973,weaker
1703,1771,equivalent
1744,1772,weaker
4483,3467,incomparable
3122,4313,incomparable
4433,1660,incomparable
4691,4170,stronger
3942,4052,stronger
2755,2799,incomparable
2493,1109,incomparable
1715,4225,weaker
77,67,equivalent
1263,1849,incomparable
430,1848,incomparable
2899,2928,incomparable
1958,950,stronger
15,2572,equivalent
2656,2978,stronger
4533,3180,incomparable
1892,2582,equivalent
44,1812,stronger
80,1469,weaker
2162,191,stronger
2533,1824,stronger
3949,685,stronger
2982,3902,incomparable
506,3563,incomparable
3584,3970,equivalent
3553,4657,incomparable
3455,1870,incomparable
1791,1187,equivalent
3018,4498,weaker
2622,4498,weaker
43,2526,stronger
3716,3308,incomparable
3243,644,weaker
3489,4083,incomparable
3583,3718,incomparable
3146,711,weaker
3040,1224,weaker
2405,484,equivalent
2188,2701,equivalent
1787,1603,weaker
2692,4678,incomparable
2783,4042,weaker
4378,4366,stronger
1016,4200,weaker
3674,49,incomparable
2728,1891,stronger
2170,3061,incomparable
1984,427,weaker
3312,2851,stronger
4157,2677,incomparable
4530,1727,stronger
3731,1522,stronger
329,237,stronger
260,2352,stronger
1459,2676,incomparable
4129,4012,stronger
2954,1830,equivalent
2138,1244,weaker
1995,2656,weaker
2900,2533,incomparable
4164,4006,incomparable
4016,1856,incomparable
2206,624,weaker
1499,3014,equivalent
294,4565,incomparable
2548,361,weaker
2610,1239,weaker
915,2963,equivalent
4487,4659,incomparable
4671,804,stronger
2976,2528,equivalent
378,3512,incomparable
4065,994,stronger
2776,4160,incomparable
3734,1389,stronger
2435,3867,weaker
2356,1322,weaker
1974,274,weaker
2815,890,equivalent
3773,3037,stronger
1051,1511,stronger
2006,3195,weaker
1882,1439,equivalent
3513,1420,incomparable
3306,4325,incomparable
2673,248,stronger
3774,3447,equivalent
1546,3210,weaker
2900,439,incomparable
3256,2518,stronger
1410,1629,weaker
1753,1968,equivalent
2386,3601,weaker
3399,1291,incomparable
2442,2944,incomparable
1146,2687,incomparable
1834,4027,incomparable
3642,4432,weaker
3630,3109,stronger
2279,4643,incomparable
496,1824,equivalent
2896,4053,incomparable
1843,2800,stronger
373,670,incomparable
1018,4380,weaker
2786,660,weaker
3896,3,incomparable
1019,818,weaker
2473,4135,weaker
4644,4592,weaker
769,643,incomparable
2837,1379,equivalent
1044,2568,stronger
3678,1995,stronger
4466,1287,stronger
3786,774,incomparable
2172,208,weaker
2289,793,stronger
3722,3233,stronger
57,3066,weaker
2968,1081,stronger
877,2805,weaker
2799,2026,stronger
2797,1199,equivalent
1728,167,incomparable
1167,1820,stronger
2841,2437,stronger
4023,3346,incomparable
3462,1589,stronger
4183,1349,stronger
585,2404,equivalent
1483,3554,incomparable
1094,2281,weaker
2651,2313,stronger
3141,4392,weaker
1123,767,equivalent
2315,112,weaker
2900,3017,stronger
3636,2119,incomparable
1852,2862,incomparable
2065,3909,incomparable
3381,846,incomparable
1693,2051,weaker
1047,1122,incomparable
2165,4490,incomparable
3471,739,stronger
3655,3300,weaker
1631,4556,incomparable
975,2939,weaker
2637,4485,weaker
35,1563,equivalent
4455,882,incomparable
1795,234,weaker
2058,3088,incomparable
3358,4218,equivalent
2964,1847,incomparable
94,2143,stronger
2900,4306,incomparable
3552,2771,stronger
4507,4455,incomparable
1833,3909,incomparable
4388,3043,stronger
905,4048,weaker
1108,435,weaker
2460,4007,incomparable
3308,3350,incomparable
4679,4158,incomparable
1582,3509,weaker
2005,3612,weaker
4639,3793,stronger
164,1569,incomparable
714,3699,incomparable
3192,923,equivalent
1727,3109,equivalent
2071,2919,incomparable
2773,3191,equivalent
1047,3350,incomparable
4352,2982,incomparable
3552,677,incomparable
2845,61,weaker
935,665,weaker
1869,1472,stronger
2217,2155,stronger
4115,36,stronger
4068,190,incomparable
405,850,incomparable
589,3411,weaker
2487,3736,incomparable
2201,3150,weaker
3944,154,incomparable
924,3135,equivalent
1846,707,incomparable
4506,1355,incomparable
4666,3522,incomparable
2286,2699,incomparable
123,2857,weaker
4584,2177,stronger
4384,3809,stronger
3949,1437,incomparable
452,1046,incomparable
3115,1211,stronger
2893,2330,incomparable
586,1046,weaker
775,3951,incomparable
4042,1601,stronger
2529,2807,equivalent
2307,3926,weaker
3702,1910,incomparable
2179,708,equivalent
393,624,incomparable
4689,2351,incomparable
3333,3541,weaker
4207,4297,weaker
3104,3681,weaker
3376,1925,incomparable
425,2791,incomparable
2249,3167,incomparable
1072,912,incomparable
4236,2783,stronger
3124,3367,weaker
2854,3506,incomparable
4361,1731,incomparable
3086,631,stronger
2083,1185,stronger
3127,4604,weaker
3268,113,incomparable
2027,2007,equivalent
4009,3531,weaker
4396,1725,stronger
1916,2176,stronger
49,1164,stronger
2129,3223,equivalent
3495,277,stronger
3725,739,stronger
1201,918,equivalent
3876,2598,stronger
1404,3721,weaker
3417,586,stronger
2685,4609,incomparable
467,1862,incomparable
2165,3819,incomparable
2168,3336,weaker
2913,1992,incomparable
987,1339,equivalent
2203,1078,stronger
3667,919,incomparable
4544,1192,incomparable
2856,2397,stronger
2013,954,equivalent
2066,26,incomparable
1634,2089,incomparable
3416,519,stronger
1540,1673,weaker
2670,140,stronger
254,2104,equivalent
3542,4041,stronger
2826,4625,weaker
2592,257,incomparable
3409,479,incomparable
2666,960,incomparable
4240,407,weaker
845,4265,incomparable
2870,201,stronger
2517,837,incomparable
2173,273,incomparable
2047,1854,incomparable
3635,4205,equivalent
1901,339,weaker
3898,643,incomparable
472,4434,weaker
554,2746,incomparable
3441,175,stronger
917,354,incomparable
1464,2967,stronger
3377,2634,stronger
636,4276,incomparable
1868,1330,stronger
1197,2623,incomparable
4065,2,stronger
2365,1382,equivalent
3233,4575,weaker
163,4029,incomparable
4387,3436,incomparable
2133,4230,weaker
2506,2526,stronger
975,1463,weaker
987,534,equivalent
3251,1182,equivalent
3175,3816,weaker
80,1550,equivalent
3302,3399,stronger
3221,27,weaker
1011,339,weaker
3172,3518,weaker
853,719,incomparable
636,2182,incomparable
2224,4533,weaker
317,2402,incomparable
2134,1607,stronger
470,2644,weaker
2784,2655,weaker
869,2915,stronger
3078,658,incomparable
2369,161,weaker
3112,4406,incomparable
3153,243,equivalent
2926,1018,equivalent
1176,591,equivalent
4476,633,incomparable
2702,2064,incomparable
1573,227,stronger
4501,4073,incomparable
1664,345,incomparable
3890,3919,incomparable
227,4579,weaker
3677,428,incomparable
2071,3887,incomparable
2088,4056,incomparable
2315,4247,weaker
2463,735,incomparable
3829,4205,equivalent
145,3234,equivalent
379,1186,stronger
1504,1561,stronger
3376,4637,weaker
126,740,weaker
915,1166,equivalent
4024,1640,incomparable
2033,4534,weaker
416,2007,stronger
1677,3209,stronger
240,3471,weaker
290,2834,stronger
3261,4098,incomparable
4226,54,incomparable
4400,1927,incomparable
3304,38,incomparable
2978,777,equivalent
719,2947,incomparable
2669,961,stronger
3538,1373,stronger
4405,3210,incomparable
3190,2353,equivalent
4451,3555,incomparable
181,797,equivalent
2908,3421,weaker
1874,4662,incomparable
2925,392,incomparable
1125,602,stronger
3105,1491,incomparable
3919,2004,incomparable
686,3938,incomparable
2700,3657,incomparable
3268,731,incomparable
2755,3364,incomparable
3536,3929,incomparable
2741,1214,stronger
2012,58,weaker
482,4293,weaker
2932,1721,weaker
3811,2821,incomparable
1189,2465,weaker
915,3394,weaker
1376,2291,weaker
1851,2584,incomparable
3404,4160,stronger
2470,1101,incomparable
708,1603,weaker
3005,2199,weaker
4615,3555,incomparable
2103,3559,incomparable
2619,443,weaker
869,16,incomparable
2432,1748,equivalent
966,1080,equivalent
95,4005,weaker
2841,3673,incomparable
1535,1008,stronger
263,3589,incomparable
1378,3276,incomparable
1409,2589,equivalent
4538,1995,stronger
2253,470,stronger
4266,1307,incomparable
2810,1327,equivalent
3961,671,stronger
3732,3817,stronger
2054,2512,stronger
1901,18,equivalent
502,572,weaker
2983,2975,equivalent
278,864,weaker
11,1274,stronger
2777,2318,weaker
936,2527,equivalent
2527,2143,equivalent
884,4057,weaker
1531,1424,stronger
2322,2677,incomparable
3661,2072,incomparable
3172,2847,weaker
1145,3832,weaker
4684,2170,incomparable
1640,3811,incomparable
1626,1661,weaker
2641,178,equivalent
2298,3222,weaker
697,2137,weaker
666,572,incomparable
344,521,stronger
4525,1544,stronger
2658,532,incomparable
2331,137,stronger
2284,4263,incomparable
3299,2780,stronger
553,4078,weaker
629,1444,incomparable
725,1152,weaker
1780,34,stronger
749,1738,incomparable
1311,2939,weaker
547,2543,weaker
746,1440,incomparable
1226,2831,incomparable
3664,4598,incomparable
3640,40,weaker
3774,40,weaker
1061,320,incomparable
1763,4002,incomparable
1261,2071,incomparable
3694,276,stronger
54,3549,incomparable
641,865,equivalent
2731,3612,weaker
3963,3884,weaker
1067,2205,stronger
3410,3900,weaker
1168,3011,weaker
1648,4402,incomparable
4322,784,stronger
3607,1970,incomparable
1912,3694,incomparable
66,3559,incomparable
3306,2796,stronger
3687,3427,stronger
3766,3720,weaker
3831,1863,incomparable
2401,3858,weaker
3134,2689,incomparable
3060,296,stronger
771,3725,weaker
2593,4028,weaker
778,2452,incomparable
363,2210,stronger
1564,917,incomparable
550,2036,weaker
3633,1097,stronger
2181,327,weaker
1885,1497,stronger
3447,1873,incomparable
2678,1133,incomparable
4144,1801,incomparable
3285,3797,stronger
2010,445,weaker
179,1342,stronger
4219,4604,weaker
236,1876,weaker
1999,4228,weaker
554,465,stronger
3950,215,incomparable
2876,4501,incomparable
307,3971,stronger
3836,867,incomparable
1900,3468,incomparable
4350,1088,incomparable
3419,764,stronger
2082,2950,stronger
2906,4151,weaker
934,871,stronger
3747,2515,stronger
1386,214,weaker
4142,1324,stronger
1604,1605,equivalent
3686,4491,incomparable
4422,3593,stronger
3018,3803,weaker
1504,4407,incomparable
4556,4347,weaker
3324,877,stronger
4019,4142,weaker
3630,2869,incomparable
3969,2335,incomparable
1035,2616,stronger
1071,2273,weaker
787,2514,equivalent
1439,979,stronger
2545,4522,weaker
2784,374,weaker
370,3165,stronger
547,583,weaker
4155,4188,stronger
3241,61,weaker
421,2164,incomparable
4643,3188,incomparable
847,286,incomparable
186,3987,incomparable
2605,2294,incomparable
1793,164,incomparable
108,886,stronger
1443,2037,incomparable
3106,775,incomparable
2495,621,weaker
2746,4404,incomparable
3159,4573,incomparable
4374,1458,incomparable
2919,4332,incomparable
1326,2391,equivalent
3628,3331,weaker
4020,1869,incomparable
881,3438,weaker
2767,2248,weaker
3438,201,stronger
4673,3188,incomparable
740,3233,stronger
4482,3620,incomparable
2853,2022,stronger
839,3212,stronger
101,1785,stronger
2227,4189,incomparable
1704,1970,weaker
4274,3856,stronger
2734,3239,stronger
1557,2674,weaker
4105,637,incomparable
874,954,equivalent
1166,2294,weaker
1678,4132,weaker
3550,3798,weaker
4293,3317,incomparable
3562,2869,incomparable
993,1585,equivalent
3573,4159,stronger
4554,1402,stronger
3130,3589,incomparable
3197,3121,stronger
2744,1833,incomparable
965,2920,equivalent
2949,3019,stronger
1273,821,weaker
3353,3634,stronger
2293,3654,incomparable
2842,678,equivalent
3757,1243,incomparable
1320,2330,incomparable
1247,539,stronger
1321,1242,weaker
2026,277,equivalent
3688,2577,stronger
1496,1997,stronger
1477,1755,incomparable
2559,740,weaker
3232,82,weaker
3176,150,stronger
41,2427,stronger
72,1740,incomparable
1615,2628,weaker
2828,2850,weaker
1637,2387,stronger
2246,3434,incomparable
749,1201,stronger
3283,1710,incomparable
4675,4149,stronger
845,1663,incomparable
1163,252,stronger
4162,366,incomparable
2252,2690,incomparable
321,1663,incomparable
4168,4318,incomparable
1515,2397,stronger
1320,1175,incomparable
673,1556,weaker
1535,3049,stronger
1776,2172,stronger
3374,2013,stronger
4217,3456,incomparable
3338,104,incomparable
3353,1890,stronger
2040,1464,incomparable
2152,2459,incomparable
940,1119,weaker
4221,1885,incomparable
1903,4384,weaker
4618,1521,incomparable
860,4573,incomparable
2023,2988,equivalent
4060,4411,incomparable
2690,2485,incomparable
1379,2886,weaker
823,719,incomparable
2096,1746,weaker
2034,868,weaker
2113,1161,stronger
2999,3240,equivalent
2388,3086,weaker
4026,828,incomparable
2854,2327,incomparable
2945,1691,weaker
4046,1480,incomparable
2711,2049,weaker
1848,2583,stronger
3472,4591,incomparable
948,606,equivalent
2782,4144,incomparable
3751,1562,stronger
3523,392,stronger
2330,4020,incomparable
1005,4523,weaker
3772,1850,incomparable
4312,2538,incomparable
475,2079,weaker
4455,1126,stronger
1970,1233,incomparable
234,2956,weaker
2462,941,stronger
1481,2008,stronger
4380,952,incomparable
2372,4431,incomparable
1632,2177,stronger
23,3675,incomparable
927,4051,weaker
4692,3698,incomparable
798,1951,equivalent
3241,4062,weaker
848,1314,stronger
3549,1963,stronger
4548,3919,incomparable
343,2310,incomparable
2382,4560,weaker
995,4185,weaker
2227,4457,incomparable
551,3013,equivalent
2082,1824,stronger
599,1741,equivalent
456,3153,stronger
2436,4042,weaker
1505,500,weaker
3850,2076,incomparable
1415,3990,incomparable
3222,2507,incomparable
4596,3586,stronger
3722,578,stronger
3061,869,incomparable
2378,1593,equivalent
3868,403,incomparable
3,3558,incomparable
3191,161,weaker
2351,3153,stronger
687,4190,weaker
928,869,incomparable
3225,1465,weaker
1542,2260,weaker
3646,741,stronger
2627,1516,weaker
4325,3473,incomparable
1159,4185,weaker
1092,2963,stronger
3800,4591,weaker
4118,3934,stronger
278,6,equivalent
472,3255,weaker
1083,1157,stronger
3106,2682,incomparable
726,4303,weaker
3949,1681,incomparable
2591,2990,weaker
2018,3128,weaker
880,1737,stronger
3645,4653,weaker
930,1854,incomparable
3046,3570,weaker
2841,4104,weaker
3882,3842,incomparable
3921,3016,stronger
1839,4294,incomparable
4067,2841,stronger
4151,4232,stronger
435,2814,stronger
4600,3304,incomparable
4276,2426,stronger
1222,161,weaker
4028,3078,incomparable
2216,1773,equivalent
4064,291,stronger
3963,1148,stronger
3096,3283,incomparable
2258,2184,stronger
322,1567,stronger
396,1516,incomparable
1137,2682,incomparable
1990,2369,equivalent
2451,3518,weaker
1513,2969,equivalent
3304,953,stronger
291,941,equivalent
788,1747,equivalent
1710,1039,incomparable
1909,4632,weaker
2909,1363,stronger
2518,1707,weaker
3327,1876,incomparable
2489,777,stronger
513,761,incomparable
3173,1409,equivalent
5,1486,incomparable
387,1588,stronger
1426,4663,incomparable
1617,1979,weaker
1608,2425,incomparable
1763,1050,incomparable
3954,4603,incomparable
3830,2847,incomparable
3453,645,incomparable
1421,1286,weaker
1875,3708,incomparable
4039,4152,weaker
4206,882,incomparable
1933,680,weaker
1460,1399,stronger
4168,3781,stronger
2757,3012,stronger
3373,1066,incomparable
4369,3505,incomparable
3827,1236,incomparable
582,1655,weaker
2046,1496,incomparable
421,2461,incomparable
693,705,equivalent
2761,3693,incomparable
3451,1888,incomparable
2547,2421,equivalent
4259,112,incomparable
3634,4224,stronger
3047,492,weaker
3145,1589,stronger
1001,1989,equivalent
3752,2001,stronger
2764,4341,weaker
4237,3736,weaker
3122,1605,stronger
2798,727,weaker
4479,3269,incomparable
1557,2621,equivalent
3236,4336,weaker
2775,1497,equivalent
1792,4181,weaker
285,506,weaker
3421,1083,incomparable
2187,3956,weaker
1454,2873,incomparable
3510,374,stronger
3615,1888,incomparable
404,4335,weaker
4124,4209,incomparable
626,18,stronger
3542,2541,incomparable
302,3304,incomparable
2432,1508,equivalent
300,3231,equivalent
639,2697,incomparable
2860,1955,stronger
265,4176,incomparable
3516,4511,incomparable
3702,1483,incomparable
1353,4669,incomparable
2461,3377,incomparable
448,96,stronger
3598,2823,stronger
2617,3890,weaker
3538,328,equivalent
4568,3849,stronger
1345,4027,weaker
1154,4459,incomparable
2728,4660,incomparable
964,363,incomparable
2177,4557,weaker
3281,4055,incomparable
2402,703,incomparable
36,4474,weaker
2656,4003,incomparable
3604,1298,stronger
985,4623,incomparable
1553,1697,weaker
1312,2766,stronger
2370,1919,stronger
1341,3504,weaker
1205,4397,weaker
2724,4137,incomparable
4546,3686,incomparable
3692,364,incomparable
1063,3001,stronger
1345,1933,equivalent
376,4515,weaker
152,2555,stronger
2096,3787,weaker
945,2191,equivalent
3381,3131,incomparable
611,625,weaker
3002,2546,equivalent
4064,909,incomparable
2978,1960,equivalent
4072,770,stronger
961,4387,weaker
3284,3198,stronger
3819,324,weaker
3664,3419,stronger
2021,1169,equivalent
1625,1169,equivalent
405,3940,weaker
2757,4435,weaker
2616,2510,equivalent
3263,631,stronger
2638,3023,stronger
3476,1678,incomparable
3436,559,stronger
991,1031,weaker
2706,4655,incomparable
2823,2022,equivalent
2577,2555,equivalent
3253,852,incomparable
1353,3864,incomparable
2377,1935,equivalent
3980,2120,stronger
3419,3773,weaker
47,2919,incomparable
1208,2951,equivalent
2027,3808,weaker
4379,139,stronger
311,4655,incomparable
1784,4050,weaker
4678,2650,incomparable
1071,1899,stronger
818,3705,incomparable
2745,3270,weaker
2611,72,weaker
895,1673,weaker
4422,4158,incomparable
2058,2340,incomparable
3634,170,incomparable
4014,391,equivalent
1398,3233,equivalent
3774,4122,weaker
1451,3059,incomparable
4407,2537,stronger
3023,1679,weaker
72,4265,incomparable
1328,1713,equivalent
433,4244,incomparable
1887,3397,incomparable
4129,3532,incomparable
1765,1714,equivalent
2274,1591,stronger
2014,2418,stronger
326,1903,stronger
1587,3105,incomparable
2239,816,stronger
670,3433,incomparable
866,1093,stronger
3877,278,stronger
224,1626,stronger
2163,1760,stronger
2399,539,stronger
1681,4460,incomparable
2935,519,equivalent
2572,467,weaker
523,1693,equivalent
2486,3167,incomparable
1868,4286,incomparable
3483,3542,incomparable
4317,3933,incomparable
957,1396,equivalent
1123,2597,equivalent
3172,3091,weaker
911,2714,weaker
336,2217,incomparable
2347,4671,incomparable
2411,3932,weaker
4494,1536,stronger
1824,200,equivalent
4064,4426,weaker
349,4142,weaker
361,3213,stronger
2682,4395,incomparable
4671,674,stronger
4332,1208,stronger
3518,4667,incomparable
4185,4164,weaker
1270,2243,incomparable
532,816,stronger
2373,4579,incomparable
136,4034,weaker
2013,72,weaker
798,3187,equivalent
1027,795,stronger
3021,828,weaker
4389,961,stronger
3630,2629,stronger
1341,1894,weaker
4314,787,stronger
181,2464,weaker
3890,459,incomparable
4015,3379,equivalent
3338,885,incomparable
3964,2101,incomparable
3005,2927,weaker
847,3429,incomparable
2733,2239,incomparable
369,421,incomparable
2955,1120,weaker
4092,566,incomparable
3553,1978,stronger
3732,4195,stronger
530,1278,weaker
2247,3285,incomparable
3200,4334,weaker
3447,4211,equivalent
866,4610,incomparable
2554,961,stronger
372,3321,incomparable
4548,4000,stronger
4054,1213,stronger
2650,1423,stronger
662,1582,stronger
2322,3055,incomparable
4010,4324,incomparable
3278,4375,incomparable
902,1042,weaker
4126,3718,incomparable
3040,2517,weaker
1612,2895,weaker
306,3640,weaker
4585,1788,stronger
4542,1152,incomparable
2558,2773,stronger
4595,4196,incomparable
362,539,stronger
2965,653,weaker
4178,875,incomparable
666,3394,incomparable
260,2706,incomparable
1015,3548,weaker
1426,638,stronger
903,2583,equivalent
3683,115,incomparable
3879,1747,stronger
4381,2897,incomparable
656,1925,incomparable
1595,3076,weaker
1387,683,stronger
2225,1028,weaker
2364,2126,incomparable
2858,3415,incomparable
1970,509,stronger
1567,3502,weaker
4662,3324,incomparable
1195,890,equivalent
4030,4545,weaker
658,3691,incomparable
2147,556,weaker
3425,1927,incomparable
139,93,equivalent
2251,2599,stronger
2382,3836,weaker
357,1484,incomparable
3937,3041,stronger
1798,3785,weaker
2044,808,stronger
3823,3693,incomparable
1101,2167,incomparable
108,4163,incomparable
567,3923,weaker
3795,1645,incomparable
3869,1594,incomparable
3542,1199,stronger
1269,1751,stronger
3739,23,incomparable
3635,1363,stronger
254,201,equivalent
2731,1896,equivalent
2980,2600,equivalent
822,3102,incomparable
901,3395,incomparable
466,1777,stronger
3511,2236,stronger
3764,4402,weaker
3561,1599,stronger
3693,1718,incomparable
3316,1768,stronger
3178,4278,weaker
3402,788,stronger
2445,2441,weaker
556,3922,incomparable
2813,1147,equivalent
4466,1641,incomparable
2604,4191,weaker
4156,4633,weaker
2292,3138,equivalent
1564,1645,incomparable
504,2419,stronger
1304,3226,stronger
599,212,weaker
2937,809,stronger
908,3411,weaker
2367,2908,equivalent
1620,1927,weaker
591,1260,weaker
4225,424,incomparable
3330,2955,stronger
639,2994,incomparable
3379,1127,stronger
3045,3725,weaker
1553,4088,weaker
2098,3622,incomparable
2709,1332,incomparable
1093,3349,weaker
4331,2513,incomparable
685,1834,weaker
1074,855,weaker
2247,2964,incomparable
3527,4408,incomparable
320,1147,stronger
865,2933,stronger
1418,1419,equivalent
464,2589,stronger
3276,625,incomparable
2172,2790,equivalent
3366,2770,incomparable
1835,1707,incomparable
2611,1174,equivalent
2280,2323,stronger
367,212,incomparable
9,504,incomparable
1628,1414,equivalent
2130,2564,stronger
4576,2694,incomparable
4309,2350,stronger
2057,773,stronger
3841,784,stronger
4369,903,stronger
4520,318,incomparable
3823,1144,stronger
924,2200,equivalent
1328,2815,stronger
1037,2077,incomparable
4030,3874,weaker
558,1850,incomparable
1053,4273,incomparable
2273,3222,stronger
1944,2000,weaker
1175,506,weaker
4029,4403,weaker
1505,4582,weaker
3883,2134,incomparable
3148,2668,weaker
1274,485,stronger
1876,553,stronger
2034,4145,weaker
4644,2986,stronger
4403,4055,incomparable
3204,1287,equivalent
1631,722,stronger
1385,1255,weaker
1923,2062,weaker
2614,3673,weaker
2060,81,stronger
2605,1867,incomparable
415,1168,stronger
2756,2036,weaker
4313,2068,incomparable
2993,3669,weaker
467,3021,stronger
2141,4392,weaker
269,3036,stronger
2939,4372,incomparable
4434,3526,incomparable
363,4361,incomparable
164,768,stronger
903,3551,weaker
2030,4561,weaker
932,2037,weaker
4576,1889,stronger
1591,1481,weaker
3034,4609,incomparable
4030,2130,incomparable
3469,4537,incomparable
181,3566,weaker
1683,4453,weaker
1167,1153,stronger
3844,1216,stronger
2443,943,incomparable
2644,2919,incomparable
1130,1271,weaker
2649,1011,stronger
3960,2330,incomparable
1043,2026,stronger
1418,1903,equivalent
31,1528,incomparable
3599,4014,weaker
1782,2365,equivalent
715,2160,equivalent
1429,749,incomparable
3058,657,incomparable
1984,1533,equivalent
542,1451,weaker
730,2015,equivalent
3960,2680,incomparable
586,245,equivalent
1384,225,stronger
1229,3320,incomparable
1992,81,stronger
698,2903,incomparable
2921,544,equivalent
1988,2591,equivalent
2509,3983,incomparable
849,66,incomparable
1592,4311,weaker
1991,610,equivalent
69,3109,equivalent
1903,1729,weaker
668,1159,equivalent
3259,3922,stronger
4386,2680,incomparable
793,4079,weaker
3770,3845,stronger
2080,3469,weaker
3205,1592,stronger
4363,1915,stronger
1582,3192,equivalent
1035,579,incomparable
713,528,incomparable
4555,2085,incomparable
2499,4584,weaker
293,1662,weaker
2364,195,stronger
7,3520,weaker
4339,740,incomparable
3742,2736,incomparable
1302,4306,weaker
2381,1330,stronger
323,3002,stronger
2903,2166,stronger
4269,2630,stronger
2705,1427,weaker
2443,1427,incomparable
3434,3522,weaker
3482,4502,incomparable
1025,241,stronger
3232,4327,weaker
2979,3881,incomparable
305,3335,weaker
2294,3024,incomparable
2528,976,equivalent
1707,46,incomparable
764,1405,weaker
1918,4430,weaker
4392,1690,stronger
4287,176,stronger
4070,1639,stronger
1069,698,incomparable
4271,3615,stronger
1344,2623,incomparable
303,3639,weaker
3976,1977,incomparable
448,3239,stronger
551,4680,weaker
67,1827,equivalent
4491,356,stronger
3890,890,stronger
1710,1633,incomparable
1304,945,stronger
1204,2993,equivalent
4115,1008,stronger
1928,580,equivalent
1668,1407,stronger
1045,2182,incomparable
3801,3292,weaker
4417,1346,stronger
1435,647,incomparable
4649,2635,stronger
2639,1315,weaker
903,786,weaker
3955,2978,stronger
686,3003,stronger
3724,2291,incomparable
2659,2721,stronger
1193,2053,weaker
4586,1532,stronger
1038,4394,incomparable
2593,4353,weaker
3470,4626,incomparable
3219,843,weaker
2367,4010,weaker
3919,4452,incomparable
1123,2223,equivalent
3657,4452,weaker
3769,4693,incomparable
2470,3199,stronger
1568,4559,weaker
4517,2866,incomparable
4217,2574,stronger
349,3768,equivalent
1275,550,stronger
1901,4210,weaker
4420,2933,stronger
2067,2967,stronger
4501,3272,incomparable
2113,868,incomparable
105,4347,incomparable
132,508,weaker
4655,706,incomparable
3418,4062,stronger
1821,2911,stronger
840,3978,incomparable
2213,1449,weaker
1550,2825,equivalent
1954,3440,weaker
3444,2250,incomparable
1291,3096,incomparable
579,2136,stronger
1076,2942,incomparable
3151,685,equivalent
3895,1368,incomparable
3564,4237,equivalent
3994,3067,incomparable
4271,1655,incomparable
1475,4344,incomparable
301,3296,weaker
3849,4406,weaker
1273,4395,weaker
4647,4386,stronger
2400,3153,equivalent
1741,299,equivalent
10,114,stronger
189,2331,weaker
4251,1942,stronger
1166,3774,weaker
2403,1172,equivalent
350,3188,incomparable
3958,377,incomparable
28,3137,stronger
3032,3595,weaker
2320,2635,equivalent
1098,1361,incomparable
3728,3298,incomparable
853,2496,incomparable
3578,4293,incomparable
4691,901,incomparable
1344,1013,stronger
556,31,incomparable
3493,3431,incomparable
2565,3570,weaker
2207,3862,weaker
316,1510,incomparable
3000,3498,weaker
2585,2502,equivalent
2375,3446,weaker
1262,2142,stronger
355,1438,incomparable
2230,4031,weaker
1863,3271,incomparable
2171,1172,equivalent
719,402,incomparable
4337,2251,incomparable
226,1967,weaker
1054,2378,stronger
16,2911,stronger
4116,3006,stronger
1960,1137,weaker
2942,3678,incomparable
4260,2004,incomparable
2049,428,incomparable
4344,389,stronger
662,53,weaker
3666,1265,incomparable
1587,2060,incomparable
2848,3262,weaker
1840,4226,incomparable
1193,443,weaker
2547,4088,weaker
4439,434,incomparable
3613,2570,stronger
4671,1723,stronger
2656,59,stronger
4612,4526,stronger
553,4432,weaker
496,1454,weaker
3245,3837,weaker
2211,2826,weaker
2964,1343,stronger
4285,3350,incomparable
2353,1189,equivalent
1701,1034,incomparable
1903,1892,equivalent
3518,3622,stronger
82,3507,incomparable
1649,4227,incomparable
2005,3108,weaker
2728,2005,stronger
3994,3551,stronger
3084,886,stronger
3693,4377,incomparable
4273,2966,stronger
165,4673,weaker
1999,3293,weaker
3754,1620,stronger
3433,4423,weaker
1394,4647,weaker
3049,1050,weaker
229,3153,stronger
3603,2390,stronger
2404,2066,weaker
342,2276,incomparable
1522,860,weaker
3258,2355,incomparable
4039,2920,stronger
4483,4654,incomparable
749,1876,incomparable
4257,4311,weaker
229,120,incomparable
1127,1270,weaker
2044,2662,incomparable
3577,2108,stronger
3033,3930,weaker
1594,3365,incomparable
3406,2226,stronger
324,4329,incomparable
558,2281,incomparable
351,4432,weaker
3956,2104,stronger
2686,3068,incomparable
3207,296,equivalent
4458,810,stronger
3422,2170,incomparable
2324,1898,weaker
4003,3613,equivalent
1684,814,stronger
3077,4387,incomparable
47,2708,stronger
329,1640,incomparable
2538,137,stronger
1273,691,stronger
3506,3746,incomparable
1064,4489,incomparable
190,1481,incomparable
109,361,incomparable
1564,2560,stronger
3682,1693,stronger
629,2282,incomparable
1971,4412,weaker
1534,2159,equivalent
1735,3381,weaker
2043,2036,incomparable
248,2590,equivalent
19,2538,incomparable
4396,1221,stronger
253,490,equivalent
142,3103,incomparable
3511,1996,incomparable
1670,2205,stronger
2041,4592,incomparable
527,2190,weaker
1676,3905,incomparable
1926,1636,weaker
530,2461,weaker
573,845,weaker
2128,50,incomparable
650,311,weaker
4392,698,incomparable
507,2477,weaker
2766,2781,equivalent
2046,1903,stronger
1886,3900,weaker
3075,3536,incomparable
2717,3828,weaker
4389,400,stronger
222,3247,incomparable
1120,425,incomparable
841,1010,stronger
225,2764,equivalent
531,2282,weaker
2114,1283,equivalent
2754,677,weaker
780,542,equivalent
3610,4045,weaker
4522,929,stronger
308,3930,stronger
4339,1976,stronger
1328,347,incomparable
693,2051,weaker
2136,2735,equivalent
4230,528,incomparable
4472,2505,stronger
1523,1754,stronger
2976,3126,weaker
328,1549,stronger
4452,2792,stronger
4225,3567,weaker
3258,3778,stronger
247,429,weaker
3731,26,incomparable
1604,2093,weaker
223,4007,weaker
2707,457,incomparable
3944,1073,incomparable
2144,1283,stronger
1095,903,equivalent
4639,3557,stronger
3056,1550,stronger
1051,3048,stronger
2844,1667,weaker
2391,4543,weaker
3685,31,incomparable
4044,2593,stronger
3777,3003,stronger
1977,3213,stronger
573,3423,weaker
4609,1813,stronger
2176,4362,weaker
1500,3059,weaker
3260,1730,stronger
2606,3192,equivalent
259,789,stronger
1577,3279,incomparable
4316,4220,stronger
1885,1180,incomparable
2150,697,equivalent
2404,1745,equivalent
2342,867,weaker
4501,3219,stronger
2928,210,incomparable
2308,4666,incomparable
1620,882,weaker
2619,2838,equivalent
3395,2305,stronger
45,1210,stronger
2600,344,weaker
1316,3854,incomparable
4157,376,incomparable
3264,3542,stronger
1543,4045,incomparable
3339,683,stronger
2315,360,weaker
2619,3777,weaker
3739,1556,incomparable
3188,3897,weaker
1743,4106,weaker
1464,4691,incomparable
4184,1418,stronger
872,615,incomparable
3191,970,equivalent
691,2489,weaker
89,4141,weaker
3406,2844,stronger
2597,231,weaker
1214,1483,weaker
3812,499,stronger
3600,3060,incomparable
367,2550,incomparable
1809,380,weaker
2077,3578,incomparable
777,4111,weaker
2699,2578,stronger
4660,3225,stronger
2177,1715,equivalent
4343,1828,stronger
3871,4462,incomparable
4635,3168,stronger
1488,4122,incomparable
2565,3517,weaker
4361,1845,incomparable
3406,4133,weaker
2718,349,weaker
854,3018,stronger
3947,4457,incomparable
1709,3532,incomparable
2249,4220,incomparable
45,405,stronger
762,3429,weaker
550,2792,equivalent
2819,3784,weaker
2778,1531,incomparable
2191,4215,weaker
4082,3369,stronger
1281,1550,stronger
942,2084,weaker
2602,3557,incomparable
2867,68,incomparable
1093,1499,equivalent
539,913,equivalent
3412,2608,stronger
79,174,equivalent
3398,458,incomparable
2842,2455,weaker
2649,2060,incomparable
2847,355,incomparable
3344,1161,stronger
1174,2592,weaker
4197,3292,incomparable
1181,1319,stronger
761,4143,incomparable
2946,4498,incomparable
484,1391,weaker
358,2972,stronger
2804,658,incomparable
3664,1516,incomparable
1955,3342,weaker
4183,2081,incomparable
563,3377,weaker
4116,859,incomparable
3627,4078,weaker
2834,1998,equivalent
2193,2167,weaker
3387,2147,stronger
3275,3626,stronger
4634,1199,stronger
2793,1408,equivalent
212,1053,incomparable
1912,3645,incomparable
1241,3440,incomparable
4405,1901,stronger
3777,2332,stronger
2860,186,incomparable
2197,596,equivalent
1834,3954,incomparable
3095,1746,incomparable
3838,1265,incomparable
590,2167,weaker
4268,849,incomparable
4168,3651,stronger
240,4040,weaker
1742,201,stronger
2459,3225,stronger
1227,509,stronger
2863,1588,stronger
1264,1330,stronger
1437,1258,incomparable
4670,3488,incomparable
3304,18,stronger
1598,3835,incomparable
2047,2907,stronger
4170,2384,stronger
4521,921,stronger
3385,4329,incomparable
2638,3348,incomparable
3429,4601,weaker
1072,1510,incomparable
1235,2440,stronger
877,2732,equivalent
824,1408,stronger
2061,2024,incomparable
1079,237,equivalent
657,2234,stronger
2169,1557,stronger
3758,346,stronger
3040,3513,weaker
879,4498,incomparable
4390,1754,stronger
3290,1409,stronger
630,761,incomparable
4467,1974,stronger
1707,4128,incomparable
3392,373,incomparable
479,1531,incomparable
4381,3893,incomparable
3276,198,incomparable
1872,408,incomparable
1766,1675,weaker
3135,2410,weaker
2409,1552,weaker
1409,125,weaker
2878,4474,incomparable
1608,3718,incomparable
2322,2307,stronger
4471,753,stronger
1675,2496,incomparable
178,2707,weaker
3533,2456,incomparable
1248,931,stronger
4149,4674,weaker
1512,223,equivalent
698,4436,incomparable
2723,372,weaker
3012,2195,weaker
3041,681,equivalent
2686,4654,weaker
685,2696,weaker
1423,2625,equivalent
2839,1486,weaker
3596,711,incomparable
1387,2968,stronger
1875,1968,stronger
70,1834,weaker
1892,1383,weaker
142,956,stronger
3755,2653,incomparable
3743,1138,stronger
2676,3185,incomparable
3058,1035,incomparable
3204,3304,weaker
3873,430,incomparable
3219,1892,equivalent
2209,4473,weaker
3928,137,stronger
1240,3857,incomparable
2606,3355,weaker
2205,567,equivalent
606,2753,weaker
1217,4627,incomparable
3987,717,stronger
2151,1270,weaker
3223,321,weaker
3376,563,stronger
2519,3386,incomparable
4341,3689,stronger
1982,2215,equivalent
433,3764,incomparable
3870,3515,incomparable
4137,1415,incomparable
3744,2652,incomparable
4423,466,incomparable
2446,4012,incomparable
1405,1830,stronger
3414,1205,stronger
100,2019,incomparable
580,3410,weaker
907,1553,stronger
4532,4573,incomparable
4480,4383,incomparable
2572,3370,weaker
1861,2046,incomparable
2289,2493,incomparable
3965,2247,incomparable
1587,531,stronger
1475,2010,stronger
2202,3278,weaker
4545,4219,stronger
4674,3875,incomparable
2669,3653,incomparable
4670,3167,incomparable
3209,2843,equivalent
4644,1754,stronger
3644,2017,stronger
3553,209,incomparable
874,3483,weaker
1247,4223,incomparable
4643,1529,stronger
1095,2139,equivalent
2244,656,stronger
425,624,weaker
874,450,weaker
1388,671,equivalent
4180,3690,weaker
1183,1205,equivalent
3609,4655,weaker
1891,4675,weaker
1729,183,stronger
4040,677,incomparable
1543,959,stronger
3852,626,incomparable
4614,949,incomparable
3413,3962,weaker
4428,1725,stronger
2578,128,equivalent
3665,4183,incomparable
1256,902,stronger
3849,328,weaker
4291,1427,incomparable
1822,1313,weaker
122,2693,weaker
4115,447,incomparable
1348,3874,weaker
35,4202,weaker
2734,4024,incomparable
112,3668,weaker
2455,2165,incomparable
1975,1528,incomparable
1376,2889,weaker
1875,358,incomparable
2916,1062,weaker
2490,2351,incomparable
1590,374,incomparable
3020,3105,weaker
327,2509,incomparable
86,3386,incomparable
1397,733,equivalent
1096,1559,stronger
3255,3911,incomparable
2708,1298,equivalent
1386,4516,weaker
2881,1226,incomparable
2781,56,weaker
876,2724,weaker
2940,1806,incomparable
443,2842,stronger
1016,4424,weaker
388,691,stronger
4309,2541,incomparable
1226,1790,incomparable
1876,2838,stronger
1408,518,equivalent
370,1051,incomparable
380,1739,stronger
1736,4521,weaker
2706,821,incomparable
667,3489,incomparable
278,1462,weaker
3337,2381,incomparable
343,2611,stronger
1833,1421,stronger
1329,3608,weaker
324,117,incomparable
949,4141,incomparable
4075,1556,incomparable
3118,765,weaker
1363,2438,equivalent
3546,1966,incomparable
4099,452,incomparable
3751,3152,incomparable
4024,278,stronger
4349,4010,incomparable
4364,2598,stronger
2628,2823,stronger
2165,847,incomparable
4510,2423,stronger
2087,3408,incomparable
1794,1843,weaker
3671,1853,incomparable
3834,3537,weaker
978,2977,incomparable
1383,1750,equivalent
2444,4584,incomparable
4560,2136,stronger
1516,559,stronger
4642,448,incomparable
1887,2946,incomparable
3504,3029,incomparable
2095,2895,weaker
428,1005,stronger
3886,1633,incomparable
386,3223,stronger
2442,724,stronger
1239,2910,incomparable
3720,2095,stronger
2094,3424,weaker
2708,843,weaker
56,2530,incomparable
4622,920,stronger
4419,3035,stronger
4348,351,stronger
2670,1490,stronger
4148,1229,incomparable
364,1370,incomparable
491,2643,stronger
2110,4307,weaker
465,1422,equivalent
840,3551,incomparable
346,10,incomparable
1664,2500,stronger
2225,93,equivalent
1931,2090,incomparable
1444,282,stronger
1793,4600,incomparable
1254,3568,incomparable
949,3686,incomparable
4199,1167,incomparable
1217,4440,incomparable
2053,740,incomparable
334,1878,incomparable
3572,4452,weaker
2254,2716,incomparable
4427,802,stronger
1975,3301,incomparable
335,2480,incomparable
1763,412,incomparable
4440,1229,incomparable
3791,3035,stronger
3982,3569,equivalent
3242,3759,weaker
2789,27,incomparable
2562,1556,weaker
2825,4410,weaker
3652,2876,incomparable
1609,884,equivalent
69,267,weaker
4339,3025,stronger
3088,4231,incomparable
3656,1305,stronger
3329,156,incomparable
3979,238,incomparable
2642,1670,weaker
3864,3698,incomparable
4669,685,stronger
404,2997,stronger
825,21,stronger
2750,1203,equivalent
635,2341,stronger
3725,2573,incomparable
4100,1696,stronger
4432,4155,incomparable
3045,4534,weaker
4206,4566,weaker
4478,2810,stronger
3220,371,weaker
1888,2901,stronger
1544,3091,weaker
4173,2174,stronger
1060,4210,incomparable
2741,336,incomparable
4494,4252,stronger
516,3588,incomparable
4039,2359,incomparable
4020,2117,stronger
3500,361,incomparable
4076,1460,incomparable
2299,930,weaker
2567,4128,incomparable
917,899,stronger
3551,326,weaker
1352,827,weaker
2021,4369,weaker
1976,654,weaker
367,432,incomparable
3338,218,incomparable
461,1787,stronger
779,376,weaker
672,4451,incomparable
1684,253,stronger
761,736,stronger
1609,79,equivalent
1060,3055,incomparable
1865,4206,incomparable
3541,2240,incomparable
3554,4165,weaker
3069,3184,incomparable
92,2829,equivalent
4497,1116,stronger
4232,1599,stronger
495,1556,incomparable
3948,4284,weaker
2676,4421,incomparable
1167,3117,stronger
3372,4124,weaker
2783,3729,weaker
178,2788,equivalent
4481,1522,stronger
4149,783,stronger
2215,4211,weaker
3610,2195,incomparable
4620,368,incomparable
924,4298,weaker
3716,901,incomparable
493,1079,equivalent
338,4174,equivalent
4003,1897,incomparable
3027,3308,weaker
4252,2601,incomparable
2736,126,stronger
208,1849,stronger
3432,4525,weaker
4301,773,stronger
2775,54,weaker
4027,3422,stronger
4157,2714,incomparable
2106,3113,weaker
1928,4504,weaker
1503,3574,weaker
2167,356,incomparable
4257,851,incomparable
1581,3642,incomparable
3198,4479,weaker
1104,4242,incomparable
3776,3961,incomparable
168,356,incomparable
1821,3102,incomparable
4216,4233,stronger
3536,4474,incomparable
1449,1244,incomparable
1886,1245,weaker
1196,798,equivalent
2245,4561,incomparable
1639,2307,stronger
1281,2599,stronger
4143,4105,incomparable
4035,630,incomparable
1557,962,weaker
4488,2827,stronger
1234,1440,incomparable
258,407,incomparable
3814,1570,stronger
2718,2687,weaker
753,4550,weaker
1773,3411,weaker
4225,912,incomparable
4536,2494,incomparable
353,644,incomparable
619,763,stronger
1092,983,stronger
3707,168,incomparable
2953,460,weaker
3562,1507,incomparable
581,3662,weaker
2966,4105,weaker
1546,4536,weaker
2239,2056,incomparable
651,459,equivalent
1010,3021,equivalent
4644,2185,stronger
4384,3012,stronger
4275,4008,stronger
1393,4479,weaker
4691,1442,incomparable
3648,877,stronger
3295,1513,stronger
413,1984,stronger
2952,4557,incomparable
3176,1821,incomparable
1161,157,weaker
77,3755,weaker
1582,4351,weaker
123,2410,weaker
1685,2786,stronger
1618,1564,equivalent
2146,3935,incomparable
152,896,stronger
3336,2453,stronger
2125,614,incomparable
4611,143,stronger
3128,60,incomparable
2756,4618,weaker
2429,3469,weaker
2792,1831,equivalent
1761,2781,stronger
1398,2729,equivalent
231,4572,incomparable
2407,677,weaker
977,1918,stronger
3174,1344,weaker
390,660,incomparable
3356,826,incomparable
3318,4506,incomparable
3829,1046,incomparable
3808,169,incomparable
3412,4141,weaker
2393,4162,incomparable
1096,1051,incomparable
965,3786,weaker
4394,3676,incomparable
4604,1042,incomparable
37,4679,weaker
3485,3865,incomparable
3709,1129,incomparable
2690,4156,incomparable
73,1892,stronger
2540,2145,stronger
2703,3829,weaker
4532,2105,incomparable
1555,1750,weaker
4213,2325,stronger
1701,1575,stronger
4281,3957,stronger
4286,2803,stronger
1691,2550,stronger
571,75,incomparable
1522,1051,weaker
914,414,weaker
955,415,incomparable
2641,857,weaker
4292,524,incomparable
997,1580,equivalent
1150,1822,stronger
3447,2418,stronger
1539,3849,incomparable
3462,1760,stronger
632,366,incomparable
1173,2745,equivalent
4013,2048,incomparable
792,3053,weaker
2426,3305,weaker
1746,3546,incomparable
550,487,weaker
4098,1597,stronger
3786,2234,stronger
2019,2392,stronger
3676,4348,incomparable
1253,1169,stronger
499,3181,equivalent
774,1134,stronger
392,86,incomparable
1467,2818,stronger
3222,1145,stronger
2222,4414,incomparable
4478,2757,incomparable
4190,1536,stronger
148,857,weaker
1440,4378,incomparable
265,2196,incomparable
3883,73,incomparable
438,2124,incomparable
2845,2326,equivalent
4558,2871,incomparable
3493,3301,incomparable
984,4512,weaker
3520,960,incomparable
4234,303,stronger
1845,118,incomparable
3920,1833,incomparable
3660,2660,incomparable
1211,4676,weaker
1982,4553,weaker
3176,4533,incomparable
270,446,incomparable
2505,164,weaker
108,2370,incomparable
1560,888,stronger
2057,940,stronger
961,2057,weaker
938,4517,incomparable
4223,2773,stronger
451,1955,stronger
1717,4255,weaker
3154,1741,equivalent
3756,4061,stronger
497,610,equivalent
4487,2065,incomparable
1911,2808,weaker
4180,1356,stronger
1599,1001,equivalent
4037,2768,stronger
2444,827,incomparable
1277,950,equivalent
3295,2131,stronger
4236,1665,incomparable
2954,3558,weaker
3480,2850,incomparable
3149,3245,stronger
2093,3229,stronger
3051,458,incomparable
914,1837,incomparable
3653,2778,incomparable
4293,1418,stronger
2060,837,incomparable
3326,2383,incomparable
3918,43,incomparable
4497,1413,stronger
423,287,stronger
3471,4427,incomparable
3734,3117,stronger
3827,4062,equivalent
1506,2880,incomparable
2865,1207,incomparable
2500,3738,weaker
3107,740,weaker
4617,2646,incomparable
1816,827,incomparable
2564,4662,weaker
966,2377,equivalent
4147,253,stronger
4357,1029,incomparable
2230,3096,weaker
3858,150,stronger
4642,4396,incomparable
1425,447,weaker
4649,3123,stronger
1161,2064,weaker
3241,4123,weaker
2424,1649,weaker
3284,2507,incomparable
2150,3332,weaker
3072,2624,stronger
2817,3795,weaker
4080,2414,stronger
1373,3640,weaker
1650,2228,stronger
2431,2039,weaker
3116,4616,incomparable
10,1407,stronger
538,3778,weaker
1510,905,stronger
3511,2671,stronger
276,3778,incomparable
2717,3564,weaker
3888,1840,incomparable
4411,1615,stronger
1930,3184,weaker
1410,674,stronger
455,2962,stronger
4323,3488,incomparable
61,1345,stronger
1807,4282,weaker
4157,3950,incomparable
838,4420,incomparable
1557,3353,weaker
3025,2404,equivalent
1798,32,equivalent
1161,909,weaker
3919,2846,stronger
1143,2023,equivalent
2934,7,equivalent
2373,1660,incomparable
2390,1075,weaker
1664,971,stronger
4064,2446,incomparable
213,1335,stronger
2049,782,incomparable
2916,367,weaker
670,2742,stronger
1451,3307,incomparable
1590,3651,incomparable
4601,3590,stronger
356,4272,weaker
153,2223,stronger
4566,4535,weaker
3370,3728,incomparable
3227,1168,stronger
3640,1337,stronger
2575,1013,stronger
3616,751,stronger
1317,3492,weaker
1114,689,equivalent
3239,239,equivalent
1233,2855,incomparable
3180,1352,stronger
2684,3400,incomparable
2538,1885,incomparable
1135,977,weaker
4660,383,incomparable
648,889,incomparable
3920,4545,incomparable
2416,3585,weaker
4472,1086,incomparable
654,4087,incomparable
1827,3190,equivalent
4014,1928,stronger
1228,4359,incomparable
2887,726,stronger
3642,2322,incomparable
452,2640,stronger
428,4498,incomparable
154,2983,stronger
3843,1292,stronger
183,1469,weaker
4560,152,incomparable
3476,4504,incomparable
2170,1085,incomparable
1442,346,incomparable
745,418,weaker
872,2445,incomparable
939,3667,weaker
2107,736,stronger
2566,496,equivalent
1840,392,incomparable
1463,4606,incomparable
699,3456,weaker
3259,2934,stronger
3720,4083,incomparable
2634,2882,weaker
3864,2519,incomparable
3366,4494,weaker
1256,1280,stronger
2262,4407,incomparable
1008,1932,weaker
1686,864,weaker
1043,3616,incomparable
4615,1148,stronger
694,3462,incomparable
921,243,equivalent
1065,1685,incomparable
3857,1698,stronger
2553,3832,weaker
3936,301,stronger
1248,4021,incomparable
2142,3709,weaker
3142,1194,stronger
2828,2724,weaker
529,1301,weaker
2351,1604,stronger
3292,1138,stronger
3837,2924,stronger
554,3051,incomparable
633,3344,incomparable
1166,3807,weaker
717,2291,weaker
3700,1872,incomparable
1276,3975,incomparable
3495,3160,stronger
3913,2919,incomparable
1487,223,stronger
3543,1888,incomparable
3175,738,equivalent
143,4648,weaker
4520,3331,incomparable
2868,29,incomparable
3000,4120,weaker
3435,3294,weaker
3595,1297,stronger
892,13,weaker
3934,763,stronger
1449,870,incomparable
4551,1863,incomparable
3553,3515,incomparable
4620,2222,incomparable
4088,4613,incomparable
4191,3048,stronger
4662,2633,incomparable
2604,4305,weaker
1916,521,stronger
1819,3032,equivalent
819,3857,incomparable
1528,2102,stronger
621,3118,incomparable
2276,275,stronger
2486,1805,stronger
2281,2339,stronger
1933,3319,weaker
54,3236,stronger
1114,2462,weaker
2762,2612,equivalent
2903,373,incomparable
872,3868,incomparable
1063,1184,incomparable
4537,1591,stronger
1806,4675,weaker
266,4058,incomparable
1343,3453,weaker
4564,2448,incomparable
3790,610,stronger
3881,728,stronger
2382,4084,weaker
1007,1060,weaker
1855,4567,incomparable
4403,2530,incomparable
2820,1277,equivalent
4526,3095,incomparable
2243,2205,stronger
4075,190,incomparable
80,111,weaker
2153,3443,weaker
2872,3130,stronger
3262,841,incomparable
4640,3382,stronger
1471,4577,incomparable
3919,1370,incomparable
741,3011,weaker
87,4473,weaker
1804,2508,equivalent
3836,3587,weaker
4656,3326,incomparable
2765,974,stronger
1641,4207,incomparable
397,2420,incomparable
1548,1764,weaker
4065,3824,stronger
1305,2006,equivalent
283,2318,incomparable
61,4191,incomparable
9,4001,incomparable
4417,1997,stronger
1879,2278,incomparable
2951,1329,equivalent
410,2093,incomparable
3116,1396,stronger
3401,1565,stronger
1372,4167,weaker
1267,2653,incomparable
1322,2360,stronger
4178,4640,weaker
2261,4265,incomparable
3028,4178,weaker
2598,2904,equivalent
464,1548,stronger
4115,3537,incomparable
2179,2920,equivalent
1635,3988,incomparable
2943,1626,equivalent
2617,4085,weaker
2044,251,stronger
218,3212,stronger
2547,4255,weaker
2067,1174,stronger
1177,4049,weaker
2577,3905,weaker
4139,4281,incomparable
2635,3321,weaker
247,917,weaker
223,4495,weaker
873,4577,incomparable
37,4305,weaker
3299,857,incomparable
639,209,incomparable
491,1277,stronger
1616,1652,weaker
3139,2854,incomparable
962,862,incomparable
647,1790,incomparable
2938,4261,weaker
3784,3531,weaker
2707,1884,incomparable
824,4311,incomparable
289,769,weaker
3260,1279,incomparable
2723,4080,weaker
4170,2254,incomparable
3184,2223,stronger
3722,3030,stronger
2225,3049,equivalent
3784,498,stronger
3393,1808,stronger
2015,3993,weaker
2758,3512,weaker
731,1087,stronger
4050,4589,incomparable
910,2550,incomparable
3779,2783,stronger
1957,3234,equivalent
1563,1617,equivalent
1824,3644,weaker
217,1805,stronger
2970,2644,weaker
3553,750,stronger
3995,1849,incomparable
3300,304,stronger
3568,3502,weaker
684,3900,incomparable
4655,1141,stronger
4495,3892,incomparable
603,528,weaker
2552,1350,stronger
4035,3907,incomparable
996,1920,equivalent
4375,2255,incomparable
2233,3290,weaker
2317,3927,weaker
4328,4129,incomparable
2301,950,stronger
1648,3768,incomparable
958,2567,weaker
886,1001,equivalent
2178,4522,incomparable
3327,3039,incomparable
2996,1182,equivalent
35,1360,equivalent
4226,3071,incomparable
1599,2371,equivalent
217,3094,weaker
2087,1371,stronger
2579,1833,incomparable
1629,4465,incomparable
3138,3517,weaker
3694,1520,stronger
3112,2296,incomparable
2152,4240,incomparable
4540,2480,incomparable
1246,4138,incomparable
2722,3050,weaker
1600,2192,equivalent
129,1180,weaker
4000,4421,weaker
841,3860,incomparable
746,3034,incomparable
1221,3327,weaker
3277,1582,stronger
431,2649,weaker
849,2408,stronger
3099,3158,stronger
3130,2471,incomparable
2459,4518,incomparable
4107,4668,incomparable
1724,2608,stronger
3422,4565,incomparable
3188,197,stronger
746,940,stronger
1429,4380,incomparable
4373,2343,incomparable
541,1474,incomparable
4556,3713,incomparable
4315,2338,incomparable
311,1951,stronger
2604,1085,weaker
3292,3179,stronger
4670,1748,stronger
3961,305,stronger
4367,1747,stronger
1650,565,stronger
4568,3723,incomparable
24,1894,incomparable
2591,99,weaker
980,3214,weaker
1109,2870,incomparable
534,4625,weaker
2992,3826,incomparable
1476,3795,incomparable
3222,4288,incomparable
2100,4184,incomparable
3626,2651,incomparable
4450,3852,incomparable
2552,2773,stronger
322,4153,stronger
3713,3559,incomparable
3835,2236,stronger
3463,4350,incomparable
1126,2635,equivalent
1613,2753,incomparable
2132,3318,incomparable
1459,2286,stronger
3828,4448,weaker
3141,3518,weaker
4569,1450,incomparable
2984,3534,weaker
3562,1296,stronger
2184,2727,equivalent
115,268,incomparable
3387,1480,incomparable
3199,2183,equivalent
3505,3421,stronger
4040,547,stronger
3551,3766,equivalent
1688,4216,weaker
3835,1081,stronger
3580,2252,incomparable
2117,1855,weaker
429,2306,incomparable
1554,2681,weaker
401,258,incomparable
4549,3807,incomparable
2161,649,incomparable
3953,2241,incomparable
4512,3925,incomparable
1533,2743,weaker
1662,3153,stronger
1462,4031,incomparable
2059,2035,weaker
2821,4078,incomparable
813,1141,weaker
1524,4250,weaker
3889,1667,incomparable
3314,3422,incomparable
4076,3745,stronger
2968,2785,stronger
3821,2472,incomparable
3731,3710,incomparable
4414,3740,incomparable
1456,1183,stronger
1093,377,weaker
1674,2574,stronger
2784,1163,weaker
504,736,stronger
218,4314,incomparable
3516,2775,stronger
2432,3155,weaker
47,4432,incomparable
465,4191,weaker
2230,3206,equivalent
4496,2237,stronger
2887,3735,incomparable
4408,4110,incomparable
1765,2877,weaker
669,988,stronger
151,59,stronger
579,4478,incomparable
431,2328,incomparable
1133,1846,incomparable
3829,2713,stronger
2571,4438,incomparable
4584,1303,stronger
554,449,incomparable
3398,3658,stronger
3544,2729,stronger
1099,3955,weaker
2312,13,weaker
2186,4038,incomparable
3172,871,equivalent
760,325,weaker
801,326,incomparable
975,2199,weaker
744,1512,stronger
3638,112,incomparable
2759,1456,weaker
322,99,incomparable
3800,3823,weaker
593,562,weaker
2465,4392,incomparable
3148,3668,weaker
2580,178,equivalent
2220,3807,weaker
1795,2877,weaker
2879,245,stronger
3185,517,stronger
3622,518,stronger
3883,2545,stronger
4368,4280,weaker
4597,1888,incomparable
4423,3987,stronger
4270,1493,stronger
4580,2473,incomparable
1801,1379,stronger
1004,1035,incomparable
212,4253,incomparable
3963,30,stronger
2762,3043,equivalent
3147,1164,stronger
2527,1456,weaker
1925,3108,incomparable
3389,697,stronger
168,1702,stronger
1472,3540,weaker
3480,61,incomparable
4244,1211,stronger
629,2851,incomparable
1283,1389,equivalent
4168,435,incomparable
1343,1440,weaker
4000,4234,weaker
2558,1708,stronger
1541,3118,weaker
4615,2063,incomparable
673,1056,weaker
1082,2015,stronger
1132,1378,weaker
2904,3284,weaker
4631,2007,stronger
3222,1873,incomparable
4010,1165,incomparable
2647,4382,incomparable
3383,2730,stronger
441,706,incomparable
2070,3058,incomparable
3254,2350,stronger
1044,2662,weaker
555,3437,weaker
228,3042,stronger
2456,4033,incomparable
4088,1206,stronger
344,4156,equivalent
1046,4428,incomparable
1261,1384,incomparable
2691,143,stronger
650,1230,weaker
4065,1222,stronger
3242,3629,weaker
1000,2740,equivalent
3089,189,stronger
2698,533,equivalent
3567,945,stronger
1609,3787,weaker
776,3786,weaker
2992,2700,incomparable
1860,1154,stronger
1729,671,stronger
1400,3613,incomparable
1990,446,weaker
4330,1678,incomparable
11,3165,stronger
2810,4157,weaker
3660,4327,incomparable
3128,3500,incomparable
2149,2196,weaker
4375,108,incomparable
1596,2212,weaker
3602,4322,weaker
3908,1396,stronger
4474,1807,stronger
826,3499,incomparable
241,594,equivalent
487,4033,incomparable
263,4325,incomparable
48,199,stronger
1913,1138,stronger
4007,3095,incomparable
1474,3720,incomparable
2651,313,incomparable
4192,4538,incomparable
3101,2993,stronger
3452,1530,stronger
4243,339,stronger
382,2704,stronger
3028,3454,weaker
597,414,weaker
1440,1857,weaker
220,4628,weaker
158,3750,incomparable
721,2170,weaker
2405,4229,weaker
3136,2987,equivalent
4060,3106,incomparable
715,2355,weaker
4042,2500,stronger
4470,4667,incomparable
1920,215,weaker
4306,1792,stronger
4648,2495,stronger
2213,4409,weaker
1260,1108,stronger
2547,3531,weaker
3854,3388,weaker
4029,4143,weaker
3423,4333,weaker
2107,980,stronger
3872,1715,stronger
2512,2197,equivalent
1882,1801,incomparable
629,4624,incomparable
443,1236,incomparable
1625,2145,equivalent
2781,1833,weaker
2129,1678,weaker
3963,298,incomparable
2581,1021,weaker
2452,2331,incomparable
833,1421,stronger
850,836,incomparable
4043,4199,equivalent
1309,1350,equivalent
3858,2167,incomparable
4114,3850,stronger
4071,3214,incomparable
4515,1942,stronger
4210,3558,incomparable
3935,3353,incomparable
2605,2546,stronger
3467,4231,stronger
1230,1242,incomparable
3183,4472,weaker
1498,4440,incomparable
3779,4503,weaker
381,2428,stronger
133,4578,weaker
2394,3265,weaker
391,672,stronger
4644,4015,stronger
146,841,incomparable
4026,2690,incomparable
149,2078,weaker
2910,3532,incomparable
1758,3963,weaker
3957,1772,incomparable
82,4239,incomparable
3473,2891,incomparable
1312,3876,incomparable
1786,534,equivalent
2854,4539,incomparable
2787,3317,incomparable
3950,3984,incomparable
3272,4298,incomparable
3965,320,incomparable
1088,1135,stronger
2807,3969,weaker
4307,3467,incomparable
938,4574,incomparable
4309,130,incomparable
3414,217,incomparable
984,2475,weaker
153,857,stronger
4284,73,incomparable
3750,1829,stronger
3576,2430,incomparable
1840,4153,incomparable
2221,812,equivalent
2811,4061,weaker
2899,3908,incomparable
2926,1567,equivalent
4478,2009,incomparable
3122,3199,stronger
2877,3368,incomparable
2569,3215,equivalent
1507,2408,stronger
3131,4416,incomparable
2367,3266,weaker
359,1083,incomparable
2222,4605,incomparable
3053,561,stronger
101,293,stronger
2210,838,weaker
1515,1710,stronger
765,458,incomparable
1673,2296,incomparable
1262,1264,incomparable
1912,4564,incomparable
2058,417,incomparable
1488,4236,incomparable
794,4579,weaker
596,622,weaker
3932,3539,incomparable
1826,4231,incomparable
3839,1096,incomparable
3541,1439,stronger
2438,823,weaker
1834,1840,incomparable
2813,700,equivalent
2906,3143,weaker
2099,1357,weaker
385,1341,stronger
2532,4622,weaker
3220,4242,weaker
1945,890,stronger
536,756,equivalent
3836,798,stronger
914,150,stronger
370,1218,stronger
1316,4102,incomparable
3971,4406,weaker
1278,1366,stronger
3716,3133,stronger
3112,4150,incomparable
175,750,equivalent
469,2917,incomparable
2155,1639,weaker
1450,1850,weaker
1154,3020,stronger
3987,3596,equivalent
1540,3995,weaker
2581,3733,weaker
265,643,incomparable
2782,3457,incomparable
3645,3832,weaker
2570,2820,equivalent
1675,1187,stronger
111,4148,incomparable
496,3959,weaker
3796,4001,weaker
3469,3606,stronger
4381,490,stronger
3851,1456,incomparable
2791,1476,incomparable
2729,598,weaker
1185,2491,weaker
1462,1079,stronger
1899,1834,weaker
1706,3883,weaker
89,1356,equivalent
3492,1523,incomparable
1661,2420,incomparable
1778,3759,weaker
2594,4345,weaker
4441,1672,incomparable
716,700,stronger
4611,4335,incomparable
2237,1075,weaker
3525,4073,incomparable
1766,2594,equivalent
4069,4136,stronger
1385,2902,weaker
3384,1589,stronger
3036,2569,equivalent
1876,3139,incomparable
1898,2898,incomparable
3097,3976,incomparable
2825,3288,weaker
1046,4375,incomparable
961,1793,weaker
2772,429,weaker
2701,4161,weaker
2068,4248,incomparable
3421,2006,stronger
606,289,equivalent
883,3041,stronger
4126,1795,stronger
943,3092,incomparable
3895,1108,stronger
4165,2689,incomparable
3206,4269,weaker
2011,1620,equivalent
903,660,weaker
1670,1327,stronger
1193,4371,weaker
2986,2990,weaker
2974,1667,weaker
2774,2545,stronger
656,2,stronger
3590,3104,stronger
1834,4552,incomparable
3174,2637,equivalent
4637,1344,incomparable
4079,2514,stronger
82,4052,incomparable
3779,2222,incomparable
818,2400,stronger
3134,3238,stronger
4333,3562,incomparable
3206,3114,equivalent
1399,4597,weaker
403,3878,incomparable
4281,928,incomparable
2643,3940,weaker
2970,2083,weaker
4549,2628,incomparable
2059,3889,incomparable
1347,3683,weaker
1789,4028,incomparable
4614,3023,stronger
2336,225,equivalent
3530,205,incomparable
1714,4608,weaker
1717,4125,weaker
3197,2247,incomparable
1793,2457,incomparable
1519,3386,incomparable
1223,4556,incomparable
3964,662,incomparable
569,3766,weaker
4203,2176,stronger
992,4623,weaker
3676,3413,stronger
1191,3520,weaker
2244,1575,stronger
1860,646,incomparable
726,717,equivalent
4537,709,incomparable
2264,1261,incomparable
3289,2186,incomparable
3012,1154,weaker
2619,671,equivalent
3230,2545,equivalent
3369,2889,incomparable
4284,236,stronger
2300,1857,incomparable
416,1430,incomparable
4297,2161,incomparable
732,3356,weaker
3165,615,weaker
1007,1117,weaker
2268,3073,weaker
1953,1749,stronger
3771,3808,equivalent
2778,3552,incomparable
2174,405,weaker
3545,4219,stronger
770,615,weaker
3733,1072,incomparable
2274,1575,stronger
394,1267,incomparable
3188,2669,weaker
4172,1119,incomparable
4392,3337,incomparable
2556,3890,weaker
4609,1874,incomparable
3707,3234,stronger
4285,996,stronger
4421,2577,stronger
731,660,incomparable
329,91,stronger
1151,4629,weaker
3240,2078,weaker
800,3648,weaker
2551,513,weaker
13,794,stronger
398,3079,incomparable
680,2011,stronger
3825,4394,weaker
3304,750,stronger
4524,1951,stronger
162,4300,incomparable
4348,4169,stronger
3057,92,stronger
4459,3219,stronger
486,2145,equivalent
4168,2289,incomparable
951,3413,incomparable
65,1334,incomparable
3131,3424,incomparable
1259,2068,incomparable
1202,780,stronger
2274,3803,incomparable
1398,2412,equivalent
4366,961,stronger
1821,3269,incomparable
4629,3815,incomparable
3892,1078,incomparable
3849,442,incomparable
2519,601,stronger
139,2976,equivalent
495,1857,incomparable
2468,4019,incomparable
3177,2264,weaker
2745,355,weaker
1912,3572,incomparable
4305,4630,incomparable
3794,1674,incomparable
4212,1433,incomparable
1177,1662,weaker
354,3315,weaker
2969,2500,equivalent
3593,3081,incomparable
2624,3219,equivalent
1969,4456,weaker
4001,1371,stronger
1234,2546,stronger
4651,3173,stronger
728,3906,weaker
1239,446,incomparable
1538,2957,equivalent
1956,3470,weaker
1104,221,incomparable
536,703,weaker
2251,4327,incomparable
4321,1726,incomparable
1730,683,equivalent
2996,2983,equivalent
4183,4236,stronger
131,2869,weaker
4367,381,incomparable
4028,915,stronger
4585,1772,incomparable
4325,2599,stronger
1849,4512,incomparable
3439,4492,weaker
3452,2445,incomparable
2449,3753,incomparable
2225,4045,weaker
3312,4128,incomparable
2758,4508,weaker
533,3788,weaker
3573,3903,incomparable
961,2545,equivalent
1728,960,incomparable
1642,2906,stronger
4415,3431,incomparable
1930,1094,equivalent
978,3091,incomparable
2318,1176,stronger
1867,4687,incomparable
1516,3706,incomparable
3248,4493,weaker
2730,1120,weaker
218,370,incomparable
111,4445,incomparable
44,3223,stronger
3168,3975,weaker
1112,58,incomparable
3944,1752,stronger
2686,4231,incomparable
303,2171,equivalent
722,1566,equivalent
85,4163,weaker
1802,2198,equivalent
2576,1592,stronger
3104,957,equivalent
1705,2265,incomparable
3902,937,stronger
3809,746,incomparable
2341,3415,weaker
3065,3446,incomparable
3194,3102,weaker
3168,1881,weaker
484,647,weaker
766,3743,weaker
3803,931,stronger
1717,555,equivalent
2343,3461,weaker
4399,2682,incomparable
2100,2013,stronger
2893,895,incomparable
1917,2306,weaker
234,3855,incomparable
1337,1465,weaker
2130,3353,weaker
2784,1891,equivalent
1101,3440,incomparable
3777,649,incomparable
1996,909,incomparable
1474,1736,stronger
569,3579,weaker
1309,4143,weaker
1238,1459,incomparable
381,4282,incomparable
2702,1300,stronger
3194,1008,equivalent
2497,1834,incomparable
1377,1803,equivalent
3013,2882,weaker
9,4676,incomparable
4503,1692,incomparable
2546,4170,incomparable
1309,1110,weaker
2353,3775,weaker
3984,346,stronger
4288,3201,incomparable
606,3619,weaker
2877,2994,incomparable
492,4271,incomparable
743,1638,weaker
4038,582,stronger
3716,531,stronger
2871,2425,incomparable
1627,638,weaker
1701,587,stronger
4509,167,incomparable
527,3703,weaker
2521,326,weaker
1788,3215,equivalent
2997,4227,weaker
3866,475,stronger
1875,4123,incomparable
4423,1332,incomparable
1493,823,weaker
2940,1249,incomparable
586,1839,weaker
1095,4160,weaker
713,3866,incomparable
3273,3344,stronger
4047,2738,stronger
4575,2857,incomparable
4582,830,incomparable
643,4036,incomparable
1987,1331,stronger
3883,829,incomparable
1548,4667,weaker
383,3173,stronger
3825,824,incomparable
1249,813,stronger
2490,639,incomparable
4052,1769,stronger
1335,587,equivalent
2549,3663,weaker
3234,1322,weaker
3719,3057,incomparable
183,1018,equivalent
3445,3986,equivalent
288,3286,weaker
3875,3570,incomparable
4079,2811,stronger
818,2697,incomparable
4588,2688,incomparable
2234,1558,weaker
4168,2102,stronger
2219,526,equivalent
3363,1143,stronger
3745,1245,incomparable
147,48,weaker
1516,3035,stronger
1843,1178,stronger
893,3810,incomparable
492,3466,incomparable
3183,3427,weaker
2990,1312,incomparable
839,541,incomparable
4018,1754,stronger
302,336,weaker
202,3138,equivalent
931,3513,weaker
3961,2940,incomparable
1708,172,weaker
4401,768,stronger
3434,1733,stronger
982,68,weaker
3461,1836,stronger
1498,362,incomparable
336,859,incomparable
2612,578,equivalent
2056,2575,stronger
4131,4290,incomparable
691,269,weaker
1310,2004,weaker
1416,3154,equivalent
2051,1450,incomparable
2481,280,incomparable
1677,2929,stronger
4604,1477,stronger
3373,4059,equivalent
3893,153,incomparable
627,1947,stronger
541,3893,weaker
1544,3339,weaker
3426,687,stronger
4377,3915,incomparable
3754,4690,weaker
2510,2903,weaker
3845,4054,equivalent
4074,1662,incomparable
712,1496,weaker
99,2959,stronger
4693,3397,incomparable
3881,2021,stronger
2007,1528,weaker
2260,3694,incomparable
2504,2334,stronger
3691,3587,incomparable
4553,2828,stronger
1963,3673,weaker
2751,2211,equivalent
4487,4460,incomparable
1140,2882,weaker
3000,1225,weaker
1069,198,incomparable
2810,2791,weaker
3058,641,stronger
1062,3191,stronger
2677,3201,incomparable
1586,2410,stronger
4540,1061,incomparable
691,2497,weaker
4075,2422,stronger
4180,4690,weaker
4455,2643,stronger
2172,1753,equivalent
3438,1047,incomparable
1191,568,equivalent
1657,2061,incomparable
2407,307,weaker
342,3252,stronger
2613,2627,stronger
3291,1559,stronger
3934,4634,weaker
4285,3171,incomparable
1575,716,weaker
2237,3279,weaker
1432,2882,incomparable
661,753,stronger
1789,2365,stronger
4113,3064,incomparable
333,3139,incomparable
746,2554,incomparable
1654,4392,incomparable
3447,3203,stronger
2559,297,equivalent
2489,1810,stronger
3715,3957,stronger
623,1400,incomparable
3759,4229,incomparable
4401,1252,incomparable
2169,3525,incomparable
2685,409,incomparable
3631,287,stronger
3543,4604,weaker
898,2544,stronger
2116,3110,stronger
1280,394,weaker
667,2611,stronger
2983,251,equivalent
3535,3208,stronger
1365,4639,weaker
3727,4132,incomparable
163,4017,incomparable
1168,1092,weaker
3756,174,stronger
3895,2962,stronger
63,403,incomparable
3229,657,weaker
558,4546,incomparable
2918,2458,weaker
4038,2489,incomparable
2620,549,weaker
4672,560,stronger
2201,2817,equivalent
1103,3299,weaker
4212,3019,incomparable
2541,3639,incomparable
2840,1986,equivalent
1737,1370,weaker
1866,1780,incomparable
4500,1207,incomparable
436,769,incomparable
2151,4393,weaker
3292,3049,stronger
4076,3131,incomparable
3967,4127,weaker
2761,2632,stronger
3072,4214,incomparable
1594,4475,incomparable
319,1123,stronger
4023,4436,incomparable
4343,4414,incomparable
585,3494,weaker
2323,154,weaker
4630,1438,stronger
3684,2526,stronger
3334,1181,stronger
2179,4347,weaker
2917,4276,incomparable
4615,1315,incomparable
1317,410,weaker
907,4676,incomparable
2330,4516,incomparable
1681,4070,incomparable
390,4157,weaker
3652,709,incomparable
2815,2464,weaker
1363,1694,weaker
551,2570,equivalent
504,4444,incomparable
4542,1217,incomparable
624,2294,incomparable
4548,4415,incomparable
1496,2977,incomparable
30,2309,equivalent
3731,1941,incomparable
3096,3645,incomparable
3978,4262,equivalent
1954,2391,equivalent
2624,4589,weaker
3212,3039,weaker
366,3167,incomparable
2899,98,stronger
452,2941,stronger
989,702,stronger
4333,1228,incomparable
2120,2023,equivalent
2999,2931,weaker
2987,1608,weaker
3020,1556,weaker
1770,3896,weaker
158,1713,incomparable
2281,4600,incomparable
4576,4369,weaker
1673,3963,incomparable
2798,4338,weaker
1227,2156,incomparable
1764,4081,incomparable
169,559,stronger
2682,1911,stronger
2959,499,equivalent
1400,3804,incomparable
1176,124,weaker
856,708,stronger
3657,3281,weaker
446,2530,incomparable
3085,2301,incomparable
4346,4257,stronger
4630,1572,stronger
1118,4091,weaker
165,790,stronger
2309,390,weaker
4657,3395,stronger
3048,3173,equivalent
3559,3877,weaker
2048,1746,incomparable
3481,22,stronger
1144,2279,weaker
4289,4662,incomparable
2333,1915,stronger
4456,638,incomparable
1457,524,incomparable
3437,1413,stronger
3850,828,incomparable
3981,2065,incomparable
493,1006,equivalent
1510,3568,incomparable
2796,104,weaker
824,3994,incomparable
961,4265,weaker
943,4625,weaker
2438,3779,weaker
2677,2075,stronger
2315,2625,equivalent
1484,1007,stronger
2590,4550,weaker
1210,1936,equivalent
2280,160,weaker
3541,1362,stronger
2877,2136,stronger
1187,1952,equivalent
1813,694,weaker
1371,4513,weaker
3203,2306,weaker
1472,2121,stronger
928,3943,weaker
1652,3220,stronger
2717,1100,weaker
1378,2459,incomparable
1419,2460,weaker
4298,28,incomparable
2580,48,weaker
1914,4159,weaker
1473,2696,incomparable
761,1736,stronger
1624,2865,weaker
755,201,equivalent
3210,1383,incomparable
3580,162,incomparable
3741,1019,stronger
2860,3256,weaker
4594,1460,incomparable
3212,1429,weaker
3761,2425,incomparable
920,2897,weaker
834,1433,incomparable
4256,2404,stronger
2513,3148,stronger
2767,4196,weaker
3330,926,incomparable
2311,1701,weaker
609,2254,weaker
2551,2851,weaker
841,3543,incomparable
116,2321,equivalent
899,1269,weaker
1690,1768,equivalent
162,222,incomparable
585,1079,equivalent
4016,1604,stronger
1638,1608,incomparable
3501,1158,incomparable
4368,2995,stronger
3492,3324,incomparable
713,1264,incomparable
4254,3647,equivalent
1647,2071,incomparable
950,2897,weaker
2299,536,equivalent
4446,3817,stronger
4162,4058,stronger
2493,1341,stronger
891,3256,weaker
4256,3693,weaker
1582,895,weaker
1694,1136,stronger
4522,3812,stronger
2614,2799,weaker
3992,614,incomparable
100,3666,incomparable
1201,1203,equivalent
344,4026,weaker
843,1495,stronger
4136,3776,incomparable
13,4421,incomparable
180,1151,equivalent
1952,3057,weaker
3762,1091,stronger
1327,3005,equivalent
2815,988,equivalent
2240,1245,incomparable
3539,2739,incomparable
204,2676,incomparable
1833,2584,incomparable
2277,1312,incomparable
2683,2754,stronger
324,1280,stronger
502,3272,weaker
551,1444,weaker
3963,973,stronger
4489,2709,incomparable
3940,3433,stronger
1920,2179,equivalent
270,2922,stronger
4072,3360,stronger
3957,1158,incomparable
428,4262,incomparable
2850,3052,incomparable
2669,762,stronger
1468,3775,incomparable
1282,387,weaker
2706,3273,incomparable
4234,3129,stronger
3636,928,incomparable
3452,2339,stronger
2985,3627,incomparable
3556,4382,incomparable
1240,3544,incomparable
502,2117,equivalent
3975,3777,weaker
3550,2847,incomparable
2657,3761,incomparable
2433,4053,weaker
2942,3930,incomparable
3155,1005,stronger
4533,3546,incomparable
4374,2735,stronger
1872,2673,incomparable
3350,2412,stronger
4098,585,stronger
72,439,incomparable
173,1245,weaker
3056,1184,incomparable
1562,912,weaker
4649,1627,stronger
492,998,stronger
1361,3662,incomparable
910,757,incomparable
3279,667,incomparable
1190,3026,equivalent
1577,1974,stronger
3292,3346,incomparable
4515,1812,stronger
4685,4475,incomparable
239,3935,weaker
3179,436,weaker
4347,1447,incomparable
4376,687,stronger
1038,4325,incomparable
4102,3336,incomparable
387,3052,incomparable
805,3565,weaker
1586,4130,incomparable
925,1415,weaker
1971,1497,equivalent
3898,1062,incomparable
816,2411,equivalent
637,948,stronger
2438,3592,weaker
731,583,incomparable
862,1066,equivalent
4580,867,incomparable
1529,4535,weaker
4490,2105,incomparable
1933,2144,weaker
4478,590,stronger
2552,3879,incomparable
2951,4342,weaker
2755,266,incomparable
2340,4188,incomparable
2586,1211,stronger
2116,4480,incomparable
476,2693,incomparable
3511,20,stronger
4471,2802,stronger
343,3103,incomparable
4529,2218,stronger
2707,2669,incomparable
1010,3566,weaker
57,265,weaker
263,2585,stronger
681,2344,equivalent
3964,719,incomparable
4511,888,stronger
1804,394,weaker
959,2288,weaker
3708,1473,incomparable
2109,3659,weaker
2940,3587,incomparable
2680,4414,incomparable
1670,579,incomparable
37,3935,weaker
3924,539,stronger
4309,4322,equivalent
3302,4168,incomparable
341,4346,weaker
4501,4492,stronger
4319,314,stronger
738,1538,equivalent
3133,2669,weaker
4058,3922,weaker
677,3514,incomparable
3368,3475,weaker
584,1071,weaker
2616,1396,equivalent
1867,2032,stronger
3352,498,stronger
117,1605,stronger
3491,1596,stronger
1108,3700,weaker
4569,3845,stronger
1596,256,weaker
1623,359,weaker
2813,3603,weaker
1157,4501,weaker
1019,4567,weaker
3324,2772,stronger
4260,996,stronger
621,1488,incomparable
879,3998,incomparable
3,163,incomparable
2503,3562,incomparable
2403,2392,equivalent
1465,3341,incomparable
1069,3341,weaker
3325,1684,incomparable
3715,1839,incomparable
3285,565,stronger
2292,2561,equivalent
477,985,incomparable
3140,1904,incomparable
3740,3589,stronger
3728,2074,incomparable
2926,632,weaker
1520,769,weaker
1033,2371,stronger
1329,1201,equivalent
1500,4466,weaker
2553,3275,weaker
4402,2927,stronger
651,1488,incomparable
3576,3373,equivalent
4121,1187,stronger
2693,811,incomparable
19,4429,incomparable
2295,4148,weaker
2911,2202,equivalent
784,2017,equivalent
2611,3630,weaker
1243,87,stronger
2989,3024,weaker
3722,1855,incomparable
2158,652,weaker
2715,3953,weaker
2452,2819,stronger
3025,237,equivalent
3644,4416,weaker
492,1616,stronger
3183,1577,weaker
1982,426,weaker
4430,2881,incomparable
4659,489,incomparable
2078,134,stronger
2479,1232,incomparable
801,2371,stronger
3294,627,incomparable
410,4435,weaker
2999,4651,weaker
4193,4631,weaker
4157,2722,incomparable
1108,801,weaker
1436,4050,incomparable
2909,3445,incomparable
3955,3527,incomparable
1484,3532,incomparable
4495,2717,stronger
4199,3887,weaker
3827,2029,incomparable
993,3480,weaker
4377,4159,stronger
4487,3765,incomparable
3353,4590,incomparable
2818,1048,weaker
5,1124,stronger
426,3598,incomparable
2737,4092,incomparable
378,174,stronger
383,518,stronger
3232,4071,incomparable
735,4353,incomparable
742,3080,weaker
4541,4001,incomparable
2201,2577,equivalent
3458,3071,incomparable
2689,1577,incomparable
1206,1494,weaker
24,585,stronger
958,1392,equivalent
3322,3964,incomparable
753,2680,weaker
987,632,weaker
2007,2711,equivalent
3703,3841,stronger
3978,1794,stronger
284,3141,equivalent
31,2695,incomparable
4389,1136,stronger
1407,437,weaker
3561,2445,incomparable
4051,4524,weaker
1052,1966,incomparable
2082,3235,stronger
4269,1219,stronger
3682,4657,incomparable
1789,1670,incomparable
1765,1084,equivalent
1760,740,weaker
2809,4503,weaker
321,175,stronger
2504,3867,incomparable
3703,1747,stronger
661,997,stronger
3071,1470,incomparable
2718,2106,equivalent
259,2680,equivalent
4469,2943,stronger
4586,1276,incomparable
3395,813,stronger
1425,3086,weaker
4336,1101,incomparable
788,3963,weaker
3718,2220,stronger
4057,1686,stronger
1409,109,weaker
3496,3339,incomparable
3883,3785,stronger
2858,1362,stronger
3609,3216,stronger
2425,1480,incomparable
3789,1871,incomparable
34,4440,incomparable
239,1654,weaker
4005,2435,incomparable
4087,747,stronger
1473,4416,incomparable
798,2557,equivalent
1158,648,incomparable
877,2850,weaker
1398,1798,equivalent
226,1577,weaker
522,4379,incomparable
2659,3754,incomparable
3244,243,equivalent
4448,911,stronger
1702,2963,equivalent
2300,3821,incomparable
3439,1650,incomparable
4533,460,incomparable
1312,1465,incomparable
1523,4129,incomparable
1206,1978,equivalent
1946,2542,equivalent
3885,424,incomparable
868,2922,stronger
185,3646,weaker
1100,4211,incomparable
1814,3554,weaker
4101,4371,incomparable
4352,1738,incomparable
641,1418,stronger
4044,1585,stronger
150,3810,weaker
1494,1105,stronger
3324,4679,incomparable
2973,3698,incomparable
490,4632,weaker
2680,2133,stronger
2814,2887,weaker
2482,2148,incomparable
1045,2410,stronger
1757,926,weaker
2581,2127,weaker
1512,341,weaker
4351,3206,stronger
3616,3740,weaker
1787,2266,weaker
2558,2143,stronger
3175,3243,equivalent
3457,2929,stronger
76,3487,weaker
22,218,weaker
3048,1189,equivalent
2883,2842,stronger
3614,1600,stronger
718,2173,weaker
1566,3960,weaker
1869,1517,stronger
3290,722,stronger
217,4631,weaker
4141,3746,stronger
1930,2924,equivalent
1938,341,weaker
3880,938,stronger
1795,2507,weaker
866,3175,stronger
1623,2400,stronger
3761,4629,incomparable
1863,4304,incomparable
3642,773,stronger
421,1778,stronger
1930,830,weaker
925,3001,equivalent
818,660,stronger
2469,2047,incomparable
3871,1010,stronger
2558,1338,stronger
3566,1128,stronger
2458,168,incomparable
2012,1579,equivalent
4677,3325,incomparable
1871,408,incomparable
1807,2867,weaker
1208,4228,weaker
647,1717,stronger
2727,3776,weaker
2137,527,stronger
2083,3674,incomparable
2157,4377,weaker
946,1784,weaker
431,2092,stronger
295,1265,weaker
897,3585,incomparable
2176,1394,equivalent
2098,1703,stronger
3156,102,weaker
358,1964,incomparable
3364,805,stronger
638,4233,incomparable
1304,2596,incomparable
1660,1477,stronger
177,1394,stronger
2675,3212,stronger
4010,1145,stronger
727,3524,incomparable
4404,318,incomparable
171,3077,weaker
2377,2057,weaker
2540,2987,stronger
3393,2674,incomparable
4663,20,stronger
807,2729,equivalent
4253,4286,incomparable
4535,3218,incomparable
1892,1985,equivalent
3000,4665,weaker
3153,743,equivalent
2265,2001,stronger
4176,3285,incomparable
4461,1202,incomparable
476,4063,incomparable
1699,2529,stronger
436,4664,incomparable
4610,544,stronger
3068,3264,incomparable
4599,2829,stronger
3265,3778,stronger
2360,1457,weaker
3984,1021,incomparable
3922,4307,incomparable
842,2319,stronger
2397,2278,weaker
2347,471,stronger
2446,4614,incomparable
3124,3546,weaker
1302,3997,weaker
1271,2432,stronger
3635,4250,equivalent
902,91,equivalent
2991,1704,equivalent
2135,965,stronger
1216,2910,weaker
144,4613,weaker
1596,3131,weaker
1534,2253,weaker
1109,569,stronger
4039,2798,stronger
3144,1165,weaker
3295,1334,incomparable
2770,2644,weaker
741,3556,weaker
181,1647,weaker
3670,3840,stronger
1084,3895,weaker
1696,487,weaker
1352,677,weaker
2207,1191,stronger
204,2570,stronger
954,1570,equivalent
2698,3680,weaker
1148,2375,equivalent
2414,3921,weaker
1576,570,equivalent
927,2376,weaker
3723,4605,incomparable
3730,3332,incomparable
3946,3896,incomparable
3457,1453,incomparable
988,1339,equivalent
2132,1956,stronger
4592,4236,stronger
4275,2085,incomparable
3974,2911,stronger
1035,2848,incomparable
1792,2827,equivalent
283,769,incomparable
1234,1745,stronger
2250,3116,incomparable
1983,2772,stronger
3993,4092,incomparable
732,3978,weaker
2487,2305,stronger
1554,4352,weaker
3813,4656,weaker
3710,771,stronger
3799,2506,incomparable
1827,3198,equivalent
3905,1212,stronger
2840,888,equivalent
4657,4257,stronger
1052,169,incomparable
4154,1916,incomparable
1045,3162,stronger
2230,3588,weaker
3942,1279,incomparable
2727,4394,weaker
2383,4584,incomparable
877,2797,equivalent
2840,4271,weaker
3289,4097,incomparable
302,2300,weaker
3776,3461,incomparable
178,544,equivalent
4097,2321,stronger
2343,432,weaker
1968,3029,weaker
1892,2253,weaker
445,1827,stronger
4538,751,stronger
816,3460,weaker
4207,2866,incomparable
3164,3055,weaker
2899,3538,incomparable
41,431,incomparable
4067,4549,incomparable
3126,2763,stronger
1651,4261,incomparable
1348,288,equivalent
1544,1920,equivalent
4560,1449,incomparable
2374,4067,weaker
218,2952,stronger
555,1591,equivalent
1174,108,weaker
355,3223,stronger
396,3224,stronger
967,3979,weaker
67,2002,equivalent
1543,2634,stronger
724,2531,weaker
2742,3712,weaker
1040,293,stronger
2285,992,stronger
1883,2675,incomparable
885,4327,weaker
1697,3451,incomparable
1504,2090,weaker
1241,956,stronger
1731,3035,stronger
599,1489,weaker
3064,4113,incomparable
3119,3820,weaker
4153,1825,stronger
3592,68,incomparable
853,2537,stronger
173,2778,weaker
3901,823,incomparable
3194,207,weaker
1547,1413,stronger
3171,3421,incomparable
4009,356,equivalent
5,4133,incomparable
4602,870,incomparable
3267,685,stronger
2331,3215,stronger
787,1136,equivalent
4314,3621,incomparable
207,2547,stronger
1279,1598,incomparable
4233,249,stronger
1714,1526,weaker
1528,4554,incomparable
2278,3554,incomparable
91,2372,weaker
3974,4684,weaker
989,4276,incomparable
2016,1110,weaker
1178,11,weaker
4426,4027,incomparable
4142,4268,incomparable
911,421,weaker
1780,79,stronger
4309,244,stronger
4209,3046,stronger
2834,4186,weaker
2106,1003,equivalent
1130,2414,equivalent
1448,1003,stronger
4691,2231,stronger
4553,3987,stronger
1327,484,equivalent
4307,4520,incomparable
2777,4591,weaker
241,37,equivalent
3028,1958,weaker
4580,2400,stronger
578,2840,equivalent
886,741,equivalent
3809,79,stronger
3282,1316,incomparable
1952,1475,weaker
3514,2605,incomparable
1996,1747,stronger
1232,597,stronger
3529,1193,stronger
506,4657,incomparable
3976,192,stronger
963,4344,weaker
1973,1763,weaker
3912,2651,incomparable
381,2676,incomparable
2399,3857,incomparable
4596,2529,stronger
3357,1086,incomparable
2670,4320,incomparable
2200,1927,weaker
3955,254,stronger
3795,2251,incomparable
3199,3883,weaker
2019,603,weaker
909,2014,incomparable
189,412,weaker
4354,902,stronger
3196,4551,weaker
3633,1142,stronger
1556,2764,stronger
2443,1281,incomparable
688,510,weaker
3036,105,weaker
517,628,weaker
656,1726,incomparable
3094,3493,incomparable
931,3651,weaker
4298,2663,incomparable
1285,1897,incomparable
4659,1888,incomparable
2770,363,incomparable
1679,1824,stronger
1708,310,weaker
1718,2718,stronger
90,2,stronger
1714,2010,equivalent
3235,2385,weaker
1134,3421,weaker
3035,3263,weaker
3859,4464,weaker
511,4196,incomparable
3227,989,incomparable
703,1922,incomparable
823,4468,incomparable
190,4555,incomparable
3366,2087,incomparable
525,3313,weaker
902,3071,weaker
623,1404,stronger
3370,2960,incomparable
3279,4562,incomparable
1978,2241,weaker
1271,2379,stronger
1341,3118,weaker
3132,1102,equivalent
1893,1379,equivalent
4152,1683,stronger
356,4443,weaker
1402,4525,weaker
953,3,weaker
1104,2616,stronger
3616,922,incomparable
3101,476,incomparable
704,2682,incomparable
2774,81,stronger
1201,3488,weaker
960,393,incomparable
3943,2448,incomparable
1104,3555,incomparable
648,1060,weaker
675,1163,weaker
2733,3463,incomparable
468,1624,equivalent
573,886,equivalent
657,1523,incomparable
2627,3976,weaker
796,2621,stronger
4459,271,incomparable
4390,1632,incomparable
4694,1077,stronger
4028,1216,stronger
2042,4454,incomparable
549,3683,incomparable
2469,3767,incomparable
3037,841,weaker
1495,1841,weaker
4666,749,incomparable
1658,1081,stronger
4060,939,stronger
3640,353,equivalent
3230,4619,weaker
740,3628,incomparable
103,4505,incomparable
874,4382,weaker
3684,1591,stronger
1528,2139,stronger
3737,636,stronger
793,229,weaker
1419,3135,equivalent
2133,2478,weaker
3241,240,equivalent
2375,2011,equivalent
3268,2817,stronger
1647,4490,incomparable
4575,2674,incomparable
4306,3947,incomparable
1472,3146,stronger
4452,3772,stronger
2654,1611,stronger
648,255,weaker
3517,488,stronger
4000,1396,stronger
2228,1210,equivalent
428,1420,incomparable
102,3879,incomparable
57,2416,stronger
1970,2083,incomparable
3654,4142,weaker
237,1071,weaker
4242,4312,weaker
418,2580,stronger
2376,3710,incomparable
1521,944,stronger
4683,2742,stronger
1751,1406,equivalent
653,1888,incomparable
479,3987,incomparable
2912,1438,incomparable
3848,3634,weaker
1786,3844,weaker
301,2934,equivalent
1152,1986,stronger
1785,4373,weaker
3012,329,weaker
2220,3547,weaker
3589,4282,weaker
1727,1170,equivalent
27,2550,incomparable
2852,1545,stronger
4103,2059,incomparable
1303,3094,incomparable
4644,3137,stronger
3880,1987,stronger
1294,1288,weaker
812,3988,weaker
4224,3517,weaker
2799,3604,weaker
3630,3532,weaker
4369,3871,incomparable
3990,3286,weaker
4499,2409,stronger
1008,143,equivalent
3542,1618,incomparable
1329,2413,equivalent
1361,1170,stronger
4274,3230,stronger
2538,1735,stronger
2407,2218,equivalent
1643,1822,stronger
3119,734,equivalent
868,4455,incomparable
830,1719,incomparable
3766,3928,weaker
4413,1295,incomparable
3790,2070,incomparable
3301,3599,stronger
2198,2983,equivalent
3096,4133,incomparable
3006,1207,weaker
4553,551,stronger
4157,551,stronger
93,113,weaker
1937,175,stronger
2945,931,equivalent
469,2844,stronger
4103,1254,incomparable
2303,1464,incomparable
3344,1202,incomparable
1267,380,incomparable
2092,4435,weaker
2121,2921,equivalent
1534,4107,weaker
2428,1351,equivalent
2426,524,weaker
1727,4687,weaker
1935,1418,equivalent
4612,1481,incomparable
413,626,incomparable
798,1191,equivalent
1280,211,weaker
2472,2562,stronger
3169,1736,equivalent
1625,3629,weaker
2800,3559,weaker
2509,2629,stronger
3104,3970,weaker
1963,3624,weaker
3403,3071,incomparable
2489,2916,stronger
708,3368,weaker
123,4435,weaker
549,2557,stronger
2493,3789,incomparable
320,2505,stronger
60,3332,weaker
2823,1449,weaker
2720,3980,weaker
584,2551,equivalent
1583,3753,weaker
4608,2836,incomparable
991,3841,weaker
3861,1855,incomparable
3761,685,stronger
2919,2096,stronger
1799,2819,equivalent
3411,2558,incomparable
820,1515,incomparable
2256,3472,incomparable
2058,1767,incomparable
217,1976,stronger
4023,870,incomparable
1855,3128,incomparable
3735,403,incomparable
3819,1040,incomparable
1479,3780,incomparable
720,3728,weaker
4493,3236,stronger
3342,1640,incomparable
3853,4596,weaker
4111,690,incomparable
2401,3045,equivalent
3337,515,stronger
4355,2713,stronger
4436,1389,stronger
4630,4638,incomparable
1208,1223,weaker
612,2101,weaker
3843,3504,weaker
3798,2041,incomparable
4204,3483,incomparable
1284,1218,equivalent
1058,1629,weaker
2591,1075,weaker
1187,1285,weaker
1751,3313,weaker
2819,3154,equivalent
1917,4514,weaker
1081,1798,equivalent
1014,576,stronger
1597,2846,equivalent
3130,2292,stronger
4160,3561,equivalent
4509,2025,stronger
4121,3606,stronger
139,1480,weaker
3764,4500,weaker
2148,855,incomparable
198,2060,weaker
2851,1537,incomparable
2171,1778,equivalent
4220,2272,incomparable
1644,2261,stronger
4400,3371,incomparable
2566,1553,equivalent
2755,4458,weaker
4422,686,incomparable
1158,1055,weaker
4568,511,incomparable
3222,137,stronger
3511,4212,stronger
352,433,incomparable
1322,3149,incomparable
2160,4248,weaker
3321,1836,stronger
2963,2128,weaker
3467,4105,incomparable
4568,3894,incomparable
1707,1270,incomparable
2109,4468,weaker
1555,876,equivalent
3033,1369,equivalent
712,187,equivalent
3435,4567,weaker
340,2301,incomparable
3311,2811,stronger
1802,1507,weaker
4541,2448,incomparable
1814,578,equivalent
3765,537,incomparable
1094,3672,weaker
2209,3359,weaker
2539,1019,equivalent
3285,2529,stronger
4207,4265,equivalent
659,711,incomparable
1932,1738,incomparable
2887,3422,incomparable
3725,357,stronger
3518,256,stronger
4177,3864,weaker
3282,2231,stronger
1878,2441,weaker
2449,3196,stronger
1642,1410,incomparable
3032,1302,equivalent
3882,1472,incomparable
2162,3139,incomparable
4625,2684,incomparable
1543,4033,incomparable
3702,723,incomparable
1317,2000,weaker
2385,1841,incomparable
940,2050,weaker
4152,3403,stronger
566,3529,incomparable
805,1825,equivalent
540,2308,weaker
4375,2694,incomparable
307,1548,stronger
424,2133,stronger
3283,3930,incomparable
616,2303,incomparable
4095,3808,stronger
907,789,stronger
1208,3935,weaker
3002,1436,incomparable
1159,1010,equivalent
1493,132,equivalent
1253,4617,incomparable
1487,2569,stronger
425,1954,stronger
2500,3669,weaker
487,1142,stronger
2109,1569,weaker
101,3550,incomparable
403,3134,stronger
938,260,incomparable
3264,1786,stronger
652,2118,stronger
1853,825,incomparable
2223,358,weaker
3761,148,stronger
175,2718,equivalent
2786,4413,weaker
3426,801,incomparable
2762,1575,equivalent
2641,3500,weaker
4613,364,incomparable
2636,3156,equivalent
669,220,stronger
2794,332,weaker
1128,542,equivalent
3070,1139,stronger
2764,1621,equivalent
386,4069,weaker
4121,3285,incomparable
4073,2305,stronger
4239,1062,incomparable
4168,2350,stronger
2800,2217,weaker
4506,4035,incomparable
2011,3454,weaker
1237,1616,stronger
1137,446,incomparable
2742,2212,weaker
4681,2346,stronger
908,394,weaker
180,1907,equivalent
2234,2745,equivalent
209,393,incomparable
1305,30,equivalent
1056,2709,incomparable
2033,4152,weaker
1460,318,incomparable
4304,3527,incomparable
398,4429,weaker
4283,206,incomparable
2932,2494,weaker
2027,4337,weaker
831,3530,incomparable
346,1795,stronger
2595,1411,equivalent
2082,4044,incomparable
3945,4348,incomparable
1001,3941,weaker
4356,2936,incomparable
2993,3901,weaker
1126,2135,weaker
1640,2356,stronger
2199,4040,incomparable
3658,3537,weaker
1946,184,equivalent
1965,4398,weaker
3181,4137,weaker
3807,627,incomparable
1489,3880,incomparable
1773,1195,equivalent
34,4310,weaker
2288,4270,weaker
762,3551,weaker
2496,1001,stronger
2711,2875,weaker
3468,2100,incomparable
1298,3531,weaker
207,1986,stronger
3963,2079,incomparable
3703,2906,stronger
3011,4076,incomparable
1351,159,weaker
3954,273,incomparable
3775,2782,incomparable
1641,3870,incomparable
4318,1489,incomparable
2898,1920,stronger
3748,1336,incomparable
570,3731,weaker
666,3439,incomparable
4367,3825,stronger
3498,1161,stronger
1534,216,weaker
1625,1832,weaker
78,4208,incomparable
713,2504,incomparable
1468,1848,weaker
1991,3875,weaker
606,163,weaker
1003,3209,equivalent
3751,294,incomparable
3018,709,weaker
2832,4491,weaker
3634,2927,stronger
2830,1412,equivalent
4078,1628,stronger
2584,1356,stronger
4683,3657,stronger
2038,1597,stronger
1632,909,incomparable
968,1683,stronger
1210,3660,weaker
3619,525,stronger
3524,3671,incomparable
4121,1675,stronger
4551,505,stronger
435,2351,incomparable
2374,2485,weaker
818,1335,stronger
3335,4149,stronger
1143,3377,weaker
1306,4307,weaker
3905,1269,incomparable
1233,3270,incomparable
3774,1752,stronger
4144,1285,incomparable
1036,3665,incomparable
4085,4088,incomparable
847,1514,stronger
2579,2301,incomparable
853,16,incomparable
3038,371,weaker
1735,633,weaker
1282,4071,weaker
881,1283,equivalent
2297,144,equivalent
3341,3563,stronger
823,524,incomparable
1007,3085,weaker
1783,3306,weaker
2321,4113,weaker
4461,3971,stronger
2852,1305,stronger
174,1017,equivalent
4021,3672,weaker
3997,3086,incomparable
3400,2076,incomparable
3852,1419,stronger
115,2130,incomparable
1983,2024,incomparable
223,909,weaker
661,4518,incomparable
2087,4067,incomparable
2309,504,weaker
1643,643,incomparable
698,3619,incomparable
163,77,stronger
221,3465,incomparable
52,4410,incomparable
1179,3168,equivalent
2784,4180,weaker
2543,1839,incomparable
1855,1465,incomparable
3157,3230,equivalent
2866,2492,incomparable
1472,3390,incomparable
3232,371,incomparable
787,843,weaker
1611,2044,weaker
2373,115,incomparable
115,3419,incomparable
3177,3293,weaker
4672,2447,incomparable
4679,1174,stronger
1033,1249,incomparable
312,1489,incomparable
4297,4263,incomparable
3781,963,stronger
2728,2908,stronger
1957,587,equivalent
2602,325,incomparable
3020,4248,weaker
3872,1081,stronger
4541,4623,incomparable
3897,2077,incomparable
1543,947,incomparable
2184,3195,weaker
90,2958,incomparable
647,3815,incomparable
1767,3846,incomparable
2937,3432,incomparable
3259,3483,incomparable
1693,1645,weaker
3074,3703,incomparable
435,1680,weaker
3779,486,stronger
1086,3862,incomparable
4433,3750,stronger
2643,4648,weaker
1948,3103,weaker
3068,3134,stronger
766,2194,equivalent
1629,879,incomparable
3413,4300,weaker
950,1722,weaker
771,3477,weaker
3627,1785,stronger
380,3821,stronger
4155,4156,stronger
2104,583,weaker
2880,804,stronger
3210,2436,stronger
2081,1353,incomparable
4178,2827,stronger
2633,1866,incomparable
2452,2986,stronger
4085,384,incomparable
3918,1210,stronger
4642,1241,incomparable
2813,521,equivalent
4677,3679,incomparable
2540,2052,incomparable
279,1675,weaker
3890,2545,stronger
289,4083,weaker
4301,4331,incomparable
1909,4437,weaker
3194,3781,weaker
998,3991,weaker
3285,3899,incomparable
716,2615,stronger
4439,2760,stronger
3252,1507,weaker
1223,4109,incomparable
3114,4017,weaker
1388,4176,weaker
6,4145,weaker
2482,2986,stronger
3096,4377,incomparable
4154,3530,incomparable
11,2799,incomparable
4577,3633,stronger
893,3416,incomparable
2154,4618,weaker
210,1696,stronger
2393,470,stronger
1832,2123,stronger
3795,3597,equivalent
2546,1466,incomparable
1283,3601,weaker
1455,3304,incomparable
1930,4351,weaker
2864,994,incomparable
689,2081,weaker
1575,4160,weaker
1606,3473,weaker
489,2959,stronger
4438,1195,stronger
1344,3473,incomparable
2631,234,weaker
2646,2986,stronger
1237,2852,weaker
901,2903,incomparable
1140,1199,equivalent
2673,1399,stronger
3533,2257,incomparable
990,2194,equivalent
2685,470,stronger
539,43,weaker
4073,1447,incomparable
334,577,stronger
1724,4633,incomparable
831,1383,incomparable
430,1039,incomparable
3174,2324,equivalent
4432,4009,stronger
2556,3443,weaker
3279,1586,incomparable
3463,4147,stronger
1708,1656,weaker
2871,71,stronger
1168,214,weaker
4598,2766,stronger
3108,1704,stronger
308,2739,incomparable
2001,4352,weaker
2844,1631,weaker
671,347,weaker
3193,3505,incomparable
1830,2026,equivalent
3331,4378,incomparable
3988,3187,stronger
1169,1728,weaker
6,4279,weaker
2401,2000,weaker
1055,1626,stronger
4370,4420,incomparable
1524,384,weaker
3604,3197,incomparable
3397,652,incomparable
2103,3474,incomparable
4238,1268,incomparable
1831,2786,equivalent
4685,267,incomparable
4564,2192,stronger
1178,686,weaker
2797,2350,equivalent
1107,4418,weaker
2883,3814,incomparable
4337,2967,stronger
3669,2279,incomparable
1126,2216,equivalent
2862,493,stronger
826,2678,incomparable
2734,1247,incomparable
201,2626,equivalent
4086,2567,incomparable
1247,3674,incomparable
3635,416,incomparable
3673,708,stronger
937,3448,weaker
3404,1981,stronger
1917,4408,weaker
2113,2068,weaker
1759,1570,stronger
1144,2206,equivalent
4256,2197,stronger
741,2755,weaker
4421,2264,incomparable
4495,2213,stronger
1224,3663,incomparable
648,312,incomparable
1838,1082,incomparable
133,2118,equivalent
4205,165,incomparable
3938,575,incomparable
2403,2022,equivalent
3139,370,incomparable
3562,1227,incomparable
1124,3432,weaker
4317,4543,stronger
941,1473,weaker
2534,1724,incomparable
3502,2115,incomparable
3859,3850,equivalent
2333,3131,incomparable
4272,4019,stronger
3133,1494,weaker
2964,3937,incomparable
896,949,weaker
4075,2162,incomparable
4481,3604,incomparable
1781,3557,weaker
4406,3430,stronger
1665,3382,incomparable
111,615,incomparable
3813,3855,equivalent
3562,72,incomparable
2299,2207,weaker
3240,21,equivalent
2237,575,weaker
1676,2982,incomparable
3868,1310,stronger
1669,4255,incomparable
1159,1709,weaker
1964,2860,incomparable
4629,1408,stronger
986,1000,equivalent
368,2119,incomparable
2235,1633,weaker
24,2309,stronger
1077,1118,equivalent
755,1067,weaker
2976,4297,weaker
2805,4415,incomparable
771,257,weaker
4057,4565,weaker
1430,3865,incomparable
2250,3604,incomparable
182,4588,incomparable
4418,1346,stronger
3616,658,incomparable
240,4004,weaker
2912,3723,incomparable
3445,22,stronger
1802,2690,weaker
1466,2741,incomparable
4486,1480,incomparable
3075,2963,stronger
2202,3563,weaker
2150,3373,weaker
519,4358,weaker
1945,3907,incomparable
2919,1669,incomparable
3710,4642,incomparable
1289,2290,incomparable
2700,807,stronger
2361,1341,equivalent
654,1550,stronger
3076,3538,incomparable
3511,2712,incomparable
3091,3846,incomparable
2143,889,weaker
3302,94,incomparable
2851,4359,weaker
4157,608,incomparable
1058,3296,incomparable
3928,556,incomparable
3852,3944,incomparable
264,3435,incomparable
3898,2599,stronger
183,2315,equivalent
1437,3100,incomparable
3259,397,stronger
303,919,weaker
783,2310,weaker
191,4650,weaker
4616,1124,stronger
2713,638,weaker
2312,294,weaker
4449,2887,incomparable
4344,1373,stronger
2169,2460,incomparable
2348,3923,weaker
1294,1479,weaker
2104,530,equivalent
4000,782,incomparable
3416,731,incomparable
92,857,weaker
3323,2260,incomparable
1762,766,equivalent
3832,2137,incomparable
4327,4560,stronger
3501,280,incomparable
2995,1640,weaker
500,3311,incomparable
4128,4350,incomparable
1886,3461,weaker
3863,669,incomparable
3783,151,incomparable
1978,17,equivalent
510,966,stronger
1902,3405,incomparable
419,3322,incomparable
1386,2357,equivalent
1244,961,stronger
4179,3534,incomparable
4423,2174,stronger
1283,2609,weaker
3999,1846,incomparable
981,1490,stronger
1728,781,stronger
1232,2829,stronger
2648,1690,stronger
2309,2224,equivalent
1729,3635,incomparable
2947,4201,incomparable
3477,983,stronger
1937,366,incomparable
3272,1517,stronger
791,3086,incomparable
4497,3816,stronger
4065,1153,stronger
3513,4612,incomparable
118,2054,incomparable
4116,152,incomparable
2787,3919,incomparable
2945,4505,weaker
2210,2595,equivalent
2807,4571,weaker
1585,2543,weaker
4308,1261,incomparable
1770,1542,equivalent
1844,1491,incomparable
3666,1794,stronger
4189,3821,equivalent
3227,4376,incomparable
1834,803,stronger
579,2799,stronger
1324,3707,weaker
4530,1081,stronger
4115,4249,stronger
1739,916,weaker
350,468,stronger
2798,2923,weaker
3187,2698,equivalent
1690,1963,equivalent
4644,1368,incomparable
351,3322,weaker
2701,2990,weaker
1056,859,stronger
1983,495,incomparable
883,4314,incomparable
711,824,incomparable
919,3779,incomparable
4109,1209,stronger
3787,1158,incomparable
1204,4140,weaker
1357,972,incomparable
228,3107,stronger
3497,830,incomparable
2979,3873,incomparable
4653,518,stronger
4011,1051,incomparable
3997,1907,stronger
3272,4095,incomparable
4523,1199,stronger
3143,1995,stronger
3339,3627,stronger
4622,4588,incomparable
3891,168,incomparable
1766,618,weaker
2060,2785,stronger
2712,496,stronger
611,1532,equivalent
2472,1009,incomparable
4287,3551,stronger
2967,2708,equivalent
1864,2092,stronger
4515,934,incomparable
4575,1739,stronger
3871,640,incomparable
4497,4300,incomparable
2503,1261,incomparable
3370,3098,incomparable
3702,1585,stronger
4672,4301,incomparable
1639,2913,incomparable
4242,3027,stronger
4221,2150,stronger
2337,1723,stronger
2980,1600,equivalent
3306,2524,stronger
1360,465,equivalent
4004,4552,weaker
4059,1041,incomparable
3978,3331,weaker
3620,3623,stronger
564,531,equivalent
4480,2037,incomparable
3740,2227,incomparable
1157,1045,weaker
3748,3808,stronger
2571,3243,stronger
3643,2294,incomparable
3414,4686,incomparable
4618,3664,incomparable
4425,3269,incomparable
1469,3791,incomparable
1923,3961,weaker
388,3688,incomparable
1677,522,incomparable
104,3929,incomparable
455,2466,incomparable
3813,1924,incomparable
3629,3335,incomparable
594,1312,weaker
3968,549,stronger
1836,2272,equivalent
473,3237,stronger
767,1240,weaker
2969,256,weaker
4265,2987,stronger
1983,979,stronger
2143,702,equivalent
1874,1975,incomparable
1986,2216,equivalent
1029,3869,incomparable
1963,1266,weaker
2820,163,weaker
3738,2689,incomparable
2819,4634,weaker
4371,4322,stronger
1174,59,weaker
1272,594,stronger
138,665,incomparable
3811,3167,incomparable
3343,847,incomparable
4194,4625,weaker
3394,3818,equivalent
3010,2889,weaker
1902,1929,incomparable
3435,1375,stronger
2671,979,stronger
2464,3130,incomparable
1299,1636,incomparable
243,1620,equivalent
3506,3470,incomparable
1761,3387,incomparable
4008,2176,stronger
2325,3725,weaker
737,1374,weaker
1731,2986,stronger
2680,2381,incomparable
3630,503,incomparable
2671,1329,stronger
2137,641,incomparable
1158,2535,stronger
3520,3526,incomparable
4186,1135,stronger
294,4187,weaker
2337,3146,stronger
2613,1509,stronger
789,1133,weaker
978,1786,stronger
162,4418,incomparable
418,2129,stronger
535,3468,weaker
4198,4528,weaker
2613,2448,incomparable
359,3242,stronger
123,2211,equivalent
3271,1859,incomparable
2273,3511,incomparable
3092,3614,incomparable
2285,2582,stronger
1543,1191,stronger
3797,1151,stronger
3847,514,stronger
3879,1715,stronger
703,1739,stronger
30,3151,equivalent
3532,853,stronger
4346,1366,incomparable
1808,1647,weaker
2381,3229,stronger
4394,94,incomparable
2040,2936,incomparable
4672,1536,stronger
3588,1916,incomparable
1931,3932,incomparable
3758,4579,incomparable
4133,3702,incomparable
3928,4236,stronger
84,1852,weaker
2474,2639,stronger
2568,2274,weaker
868,3654,incomparable
4459,2182,incomparable
1472,385,incomparable
2822,3322,weaker
1659,211,incomparable
2536,1238,incomparable
4659,3933,incomparable
975,3716,weaker
290,2859,incomparable
835,4645,incomparable
2838,822,weaker
792,1565,equivalent
1036,205,incomparable
1313,2957,stronger
1318,3301,incomparable
1017,4127,weaker
788,857,weaker
1278,492,incomparable
2040,4225,incomparable
2933,1059,weaker
2170,3517,incomparable
3899,4595,incomparable
3102,4251,incomparable
805,1211,equivalent
1708,2705,equivalent
4686,1942,stronger
3998,2322,incomparable
173,4152,weaker
2676,3096,incomparable
1253,3064,incomparable
3944,3025,stronger
1579,3988,weaker
1168,2202,equivalent
194,4440,incomparable
2257,668,stronger
2929,2229,equivalent
3211,1161,stronger
317,2561,stronger
2901,181,equivalent
2421,2762,equivalent
136,1237,weaker
4475,3600,incomparable
4227,4252,equivalent
2902,591,stronger
2236,730,equivalent
552,2054,weaker
3367,361,weaker
3153,1341,equivalent
1081,863,weaker
1795,206,weaker
1282,2839,equivalent
2524,2301,weaker
4279,628,incomparable
505,3147,weaker
109,703,incomparable
3863,161,incomparable
2841,4637,incomparable
1762,1197,weaker
4432,4253,incomparable
1648,1849,incomparable
27,3522,weaker
2625,3292,weaker
4005,2496,incomparable
352,1592,stronger
460,2623,incomparable
3682,2974,stronger
1309,3322,weaker
87,1294,equivalent
1725,2254,weaker
4584,4243,incomparable
4032,1286,incomparable
1494,2321,stronger
1511,1736,equivalent
654,4559,incomparable
3247,3985,incomparable
4563,922,incomparable
871,3096,weaker
3973,1645,incomparable
2505,3348,weaker
2551,1249,weaker
3678,7,stronger
536,1305,equivalent
3323,3980,incomparable
3643,952,incomparable
3304,1486,incomparable
2127,921,stronger
4248,537,stronger
1598,1331,stronger
199,1885,weaker
2792,1311,equivalent
3442,2359,incomparable
4257,1754,stronger
599,2758,equivalent
1554,278,equivalent
4023,1358,incomparable
4085,2990,incomparable
1947,172,weaker
1690,4488,weaker
1440,4313,incomparable
2013,1731,weaker
3938,2913,incomparable
829,4159,incomparable
209,4451,incomparable
4378,4151,incomparable
152,1665,stronger
38,4569,incomparable
2146,2260,incomparable
351,2814,stronger
3486,4509,incomparable
1843,2451,stronger
1430,592,stronger
1463,2984,stronger
4573,2148,incomparable
2255,4647,incomparable
1465,2276,stronger
2013,2081,weaker
12,4287,weaker
1084,3338,weaker
812,2650,weaker
3580,4521,weaker
2618,1666,incomparable
3215,3642,weaker
1341,3903,weaker
4603,4619,incomparable
1372,772,equivalent
4460,2621,stronger
3488,3242,incomparable
907,2887,incomparable
4594,3375,incomparable
2118,2282,weaker
2128,526,stronger
2477,1434,incomparable
3974,1415,incomparable
1350,4396,weaker
3752,2534,incomparable
2148,4376,incomparable
245,2953,equivalent
2377,1984,equivalent
1714,1640,weaker
4217,3802,stronger
1717,1157,equivalent
2407,3324,weaker
590,4119,weaker
655,4514,incomparable
1008,4632,weaker
4268,2801,stronger
452,213,incomparable
1097,3169,equivalent
3944,3643,stronger
1919,1291,weaker
112,330,weaker
4021,3863,weaker
1610,3919,weaker
593,4575,incomparable
2005,1974,equivalent
300,3764,weaker
4443,4495,incomparable
4044,1780,incomparable
4013,2467,incomparable
4314,1641,incomparable
4512,4100,incomparable
2440,3622,weaker
1946,3087,weaker
1975,1573,incomparable
3606,1554,stronger
3862,19,stronger
4526,3217,stronger
3430,1328,incomparable
2750,1569,weaker
2614,742,equivalent
4250,1067,incomparable
1590,419,incomparable
2784,399,weaker
1786,2051,weaker
983,1727,equivalent
2176,516,weaker
4614,2283,incomparable
902,3990,weaker
4551,1180,incomparable
4183,784,stronger
676,3647,incomparable
430,962,incomparable
945,2374,equivalent
506,1738,incomparable
3622,2437,stronger
3343,3022,stronger
898,2528,stronger
2559,4603,weaker
1673,2524,stronger
3891,2827,stronger
3939,1555,stronger
2442,1574,stronger
3065,799,stronger
1508,767,equivalent
345,100,incomparable
79,2610,equivalent
2089,3930,incomparable
19,115,incomparable
4652,2925,incomparable
454,43,incomparable
4115,2720,incomparable
3208,3736,weaker
4118,2991,stronger
1241,1554,stronger
420,3842,incomparable
805,4407,weaker
2739,4197,incomparable
435,932,stronger
1303,1651,incomparable
1986,2647,weaker
1346,4007,weaker
2356,2180,weaker
4474,559,stronger
3333,1903,stronger
3242,287,stronger
924,342,weaker
41,4196,weaker
1622,3124,equivalent
3621,91,stronger
2726,2622,equivalent
3029,179,weaker
3519,2258,stronger
2144,954,stronger
1213,3828,weaker
1658,2000,incomparable
3349,2786,stronger
2709,4146,incomparable
4448,1940,stronger
4596,1838,incomparable
1874,312,incomparable
3959,2715,stronger
468,449,weaker
203,932,stronger
347,1620,stronger
2458,3746,incomparable
2542,4383,weaker
4603,3948,stronger
3280,1868,incomparable
1941,2473,incomparable
1397,4295,weaker
4167,385,incomparable
3809,677,incomparable
889,856,weaker
3661,2499,incomparable
2155,712,equivalent
4684,2597,stronger
4379,1961,stronger
3362,2617,stronger
781,3016,equivalent
3823,1514,stronger
2830,3510,weaker
1625,897,weaker
2759,826,weaker
3099,3146,stronger
1695,4110,incomparable
3954,3660,incomparable
4200,683,stronger
2992,2525,incomparable
1567,2612,equivalent
2709,2402,incomparable
2626,4619,weaker
3913,626,incomparable
129,2457,weaker
1698,2314,weaker
4676,1551,stronger
3769,2567,incomparable
212,3623,incomparable
4507,52,incomparable
3376,3804,weaker
4038,2957,stronger
4146,1736,stronger
1806,4476,incomparable
1471,56,incomparable
2088,4162,incomparable
1694,1791,stronger
3017,4625,weaker
4378,581,stronger
2910,2284,incomparable
3935,2455,incomparable
1115,394,incomparable
2027,1442,weaker
74,656,weaker
1973,4589,weaker
89,1718,weaker
1602,3141,equivalent
922,3382,incomparable
294,3813,incomparable
2651,488,stronger
3121,1191,equivalent
1488,3793,incomparable
2009,1021,incomparable
1104,2864,incomparable
2422,1190,equivalent
2616,1433,weaker
1679,328,weaker
4064,771,stronger
977,56,incomparable
4238,3553,incomparable
1177,2561,equivalent
470,1945,weaker
3649,3912,incomparable
2823,1884,weaker
1921,3244,stronger
173,3644,weaker
1312,3917,incomparable
4531,2085,incomparable
861,1012,stronger
3232,4563,incomparable
2592,1197,incomparable
1105,3624,weaker
2204,334,weaker
4506,1274,stronger
1643,2741,incomparable
208,3638,incomparable
3291,417,incomparable
1646,2258,equivalent
1739,2449,weaker
1032,867,stronger
3361,3630,equivalent
1790,1448,incomparable
66,2242,incomparable
931,3444,weaker
907,606,stronger
2297,498,equivalent
1717,1909,equivalent
3838,3969,equivalent
903,3116,weaker
1554,3608,weaker
3340,1248,incomparable
2595,1094,equivalent
4530,520,incomparable
160,564,stronger
1193,1350,equivalent
1074,904,equivalent
595,3121,equivalent
2095,2619,equivalent
1754,3080,weaker
3275,1203,stronger
1103,1807,equivalent
3598,4108,weaker
1299,2685,incomparable
3937,3574,incomparable
4606,1454,incomparable
3804,12,incomparable
1080,1823,equivalent
1923,822,weaker
3084,854,incomparable
899,1253,weaker
728,617,weaker
2495,4431,weaker
827,596,stronger
1233,3758,incomparable
4349,3868,incomparable
990,3219,equivalent
1420,2049,incomparable
1912,2511,incomparable
1184,1772,stronger
2999,150,equivalent
1421,961,equivalent
135,1392,equivalent
1678,1526,incomparable
4190,3996,equivalent
2306,3569,incomparable
475,4466,weaker
3775,3754,equivalent
4286,4458,incomparable
862,2660,weaker
1517,4052,weaker
3129,4545,weaker
4624,3699,incomparable
3729,2066,incomparable
2454,2686,incomparable
131,869,weaker
4346,1476,incomparable
4552,3796,stronger
646,2254,incomparable
2457,3334,incomparable
3488,2384,stronger
2324,3744,weaker
2219,2230,equivalent
4266,1897,incomparable
2392,2158,equivalent
1117,2778,incomparable
4590,1994,stronger
244,2624,equivalent
1042,2604,stronger
1484,3703,incomparable
4381,1820,stronger
307,694,incomparable
2633,2220,stronger
4159,2939,incomparable
1556,2825,stronger
2679,121,stronger
447,4646,incomparable
3599,1030,incomparable
3210,3729,incomparable
1558,2871,incomparable
118,1172,stronger
3306,4191,stronger
4560,250,incomparable
2691,131,stronger
1510,2076,incomparable
4593,3581,stronger
3344,1450,incomparable
2791,712,stronger
950,921,equivalent
4434,2770,incomparable
2445,75,incomparable
3247,1517,stronger
4379,619,incomparable
1507,1778,stronger
2271,2928,incomparable
3341,1152,incomparable
2670,193,stronger
1450,2964,incomparable
3392,3561,stronger
2742,69,equivalent
3421,2047,incomparable
4405,1251,incomparable
3507,4073,incomparable
3297,291,stronger
437,4493,incomparable
2104,721,equivalent
3224,752,weaker
1935,1666,weaker
3332,285,stronger
4588,1143,stronger
1193,1029,weaker
1926,3832,weaker
2051,1060,incomparable
4582,3018,stronger
1411,2420,weaker
3047,301,equivalent
4423,4459,incomparable
669,2749,stronger
3351,3910,weaker
808,3847,weaker
54,1695,incomparable
3942,1153,stronger
1559,3257,weaker
3081,3268,incomparable
1582,208,weaker
300,2101,weaker
4620,1970,incomparable
3202,2282,weaker
2267,3694,incomparable
4423,2365,stronger
4163,3946,weaker
4029,748,incomparable
435,3457,weaker
1988,1835,weaker
4424,3721,incomparable
1024,65,incomparable
733,1579,equivalent
4102,1226,incomparable
2249,1610,stronger
1280,1748,equivalent
3496,1416,stronger
3981,3151,stronger
1235,285,stronger
1866,4289,weaker
3907,758,stronger
4199,4542,weaker
140,4448,weaker
1697,2036,incomparable
4262,1858,incomparable
4539,446,incomparable
2512,2185,equivalent
698,2497,incomparable
1481,691,stronger
1462,449,stronger
548,486,equivalent
2963,1303,weaker
4078,990,stronger
1065,978,incomparable
3327,2519,incomparable
2334,3761,weaker
2064,3900,incomparable
3602,4444,weaker
2461,1092,incomparable
4594,1257,incomparable
1005,1112,weaker
3966,934,incomparable
3095,4613,incomparable
93,1784,weaker
34,2867,incomparable
3124,3099,weaker
3165,656,weaker
2282,2258,stronger
4054,754,stronger
4348,2921,stronger
275,2929,equivalent
3207,1821,weaker
4618,338,stronger
3835,3110,stronger
1154,1585,stronger
4643,3778,stronger
3725,471,stronger
440,3935,incomparable
2649,1678,incomparable
3151,2828,equivalent
1440,2329,stronger
2357,3721,weaker
2794,312,weaker
2718,3700,weaker
2303,4424,incomparable
2828,862,weaker
501,3807,incomparable
4489,1217,incomparable
208,2996,stronger
1972,877,equivalent
972,948,stronger
4607,3158,stronger
2988,2248,weaker
1353,4023,incomparable
2561,3901,weaker
1962,1098,incomparable
2093,2335,incomparable
4464,1160,stronger
2277,4142,incomparable
879,1888,incomparable
3102,2535,stronger
2899,3896,incomparable
4626,175,stronger
2489,1554,stronger
121,4690,weaker
553,4347,weaker
1762,3669,weaker
2409,1036,weaker
877,4444,weaker
256,3602,incomparable
3074,1426,incomparable
2857,2889,equivalent
3411,257,incomparable
2685,153,incomparable
4230,1114,stronger
35,1913,weaker
3235,31,weaker
1177,1703,equivalent
2323,703,weaker
3811,1130,stronger
2185,2459,weaker
4050,3398,incomparable
1708,1339,equivalent
1772,600,stronger
2310,3659,incomparable
3184,4415,incomparable
1780,4625,incomparable
2418,3192,equivalent
749,3885,incomparable
2407,2279,weaker
2212,4255,incomparable
686,3536,incomparable
2117,985,weaker
3077,3013,stronger
4295,3579,stronger
1590,1468,incomparable
2483,2274,weaker
3725,3988,stronger
1397,1827,equivalent
4437,1942,stronger
373,1504,incomparable
1942,3613,weaker
2754,3491,weaker
1350,3701,weaker
3530,2958,incomparable
4142,4276,incomparable
3123,4297,weaker
3092,2732,stronger
239,2443,weaker
1354,2130,weaker
2880,2849,incomparable
4557,1485,incomparable
188,2663,weaker
68,117,incomparable
568,2884,weaker
3708,4169,stronger
2,4193,weaker
1576,3640,weaker
3078,3773,incomparable
60,1165,incomparable
2623,4132,incomparable
1231,195,stronger
295,2725,weaker
4106,2717,stronger
3390,2547,stronger
3827,3302,weaker
2263,1345,stronger
191,1621,equivalent
1039,3408,incomparable
2025,241,equivalent
2472,1684,incomparable
122,2982,weaker
2317,1581,weaker
4459,1300,stronger
1270,308,incomparable
618,153,incomparable
3030,699,equivalent
934,2079,incomparable
230,1734,weaker
3719,1675,incomparable
1470,369,incomparable
3111,1038,weaker
2540,2003,stronger
4551,4457,incomparable
2875,761,incomparable
2954,1054,weaker
3637,1084,stronger
1744,4513,weaker
3554,2547,stronger
1978,21,equivalent
3822,4247,equivalent
2215,1654,weaker
4195,2543,incomparable
470,1571,weaker
3653,274,incomparable
2851,3558,incomparable
3923,1855,incomparable
2240,3404,incomparable
516,226,stronger
2331,2768,stronger
3547,3261,weaker
3963,2193,stronger
1936,3178,equivalent
2877,1746,incomparable
2010,3881,weaker
81,3681,weaker
4200,3826,stronger
650,3609,incomparable
3798,3257,incomparable
1255,3948,incomparable
1215,2829,equivalent
2225,248,equivalent
2354,658,weaker
616,1746,incomparable
3431,53,incomparable
1644,2188,stronger
1398,2721,equivalent
4080,3882,incomparable
1131,2377,stronger
3061,3903,incomparable
909,278,stronger
1686,3353,weaker
4229,218,incomparable
165,534,stronger
1686,909,weaker
1691,1253,incomparable
205,3316,incomparable
995,237,equivalent
2853,197,stronger
2844,643,weaker
700,289,equivalent
1077,801,weaker
4248,1399,stronger
1240,1731,incomparable
3358,864,incomparable
127,1181,incomparable
4022,4062,equivalent
2623,4616,incomparable
1011,2433,equivalent
3002,1229,incomparable
2453,263,incomparable
4426,2425,incomparable
2282,2071,incomparable
219,3399,incomparable
2889,3045,stronger
1907,3887,weaker
637,879,incomparable
2961,1578,equivalent
4408,3724,incomparable
4055,4360,weaker
803,3800,weaker
1921,3004,stronger
1066,238,incomparable
2989,4565,weaker
4374,1861,incomparable
2868,74,stronger
1242,1403,stronger
3043,829,weaker
4046,3493,weaker
18,3466,weaker
832,3225,stronger
2239,2532,stronger
3445,4027,weaker
4008,757,incomparable
1845,915,stronger
2733,3821,incomparable
320,3050,incomparable
2636,3888,weaker
3505,136,stronger
3133,4694,weaker
3673,2164,incomparable
1705,346,incomparable
1369,397,weaker
383,1120,incomparable
1503,1151,equivalent
2704,2302,equivalent
4178,4551,weaker
871,4092,weaker
3223,423,weaker
2204,444,weaker
2025,2953,equivalent
37,3866,weaker
2000,4586,incomparable
3803,2395,stronger
3044,1589,stronger
4374,3150,incomparable
1540,4601,weaker
4401,809,stronger
3788,2272,incomparable
2616,3771,weaker
3695,3801,stronger
2389,1136,stronger
1549,3374,weaker
4529,994,incomparable
3424,2749,incomparable
1462,4129,weaker
3358,4381,weaker
2272,3180,incomparable
2491,100,incomparable
4299,3915,incomparable
770,603,weaker
1045,2528,stronger
129,3990,weaker
41,1891,stronger
2649,4069,incomparable
1164,3159,weaker
2308,3776,weaker
525,1711,equivalent
167,1249,incomparable
3190,2703,equivalent
3253,19,stronger
858,608,incomparable
2816,1738,weaker
4536,3454,stronger
876,3631,weaker
4339,4603,incomparable
621,2358,stronger
3532,373,incomparable
4375,1816,incomparable
1192,3113,incomparable
3163,2196,incomparable
3540,2708,stronger
331,2784,stronger
3216,1830,equivalent
475,4226,weaker
3986,3926,weaker
2052,938,incomparable
501,1660,incomparable
3073,209,incomparable
3128,670,incomparable
1605,3632,weaker
2790,4058,weaker
1780,3633,incomparable
1921,1394,stronger
4232,1888,incomparable
2453,2975,stronger
133,675,equivalent
3626,2078,incomparable
2569,117,weaker
17,500,weaker
1211,480,equivalent
3649,3001,stronger
4019,1780,incomparable
4471,3567,incomparable
3334,1677,stronger
1897,1939,stronger
1305,4279,weaker
4464,2396,stronger
849,1030,incomparable
1759,4449,incomparable
3624,4634,weaker
3211,2775,stronger
47,4314,incomparable
4124,2705,stronger
4143,2755,incomparable
3482,3238,stronger
4671,2874,incomparable
2766,1570,equivalent
4361,1894,incomparable
3609,569,stronger
3235,4300,weaker
1215,2292,equivalent
4637,1011,stronger
1839,2119,incomparable
839,2944,incomparable
2026,4197,weaker
821,4058,incomparable
105,3888,incomparable
3789,2607,stronger
1578,3283,weaker
3037,528,weaker
707,3956,incomparable
3890,2659,incomparable
84,567,equivalent
3222,1971,stronger
906,1133,incomparable
3853,3531,weaker
4562,1776,incomparable
1544,1420,weaker
2719,3602,weaker
2282,595,stronger
210,871,stronger
2209,1810,equivalent
2240,1123,stronger
108,2846,stronger
3721,379,stronger
708,4531,weaker
2571,1637,weaker
1511,2411,equivalent
2520,359,weaker
2050,3628,incomparable
2105,117,incomparable
3762,1319,stronger
1434,3130,stronger
3646,1144,stronger
1610,1077,equivalent
4686,657,incomparable
2122,471,equivalent
4408,2598,stronger
3766,3131,incomparable
2319,2705,stronger
3998,4420,weaker
3463,878,stronger
2136,3752,weaker
2270,3752,incomparable
4099,2782,incomparable
2638,2458,incomparable
3233,3799,weaker
2569,4573,weaker
1891,723,weaker
3329,3507,incomparable
2969,2972,equivalent
1909,3746,weaker
4144,1212,incomparable
1563,857,weaker
661,2217,incomparable
1770,3587,weaker
3914,935,stronger
1909,713,weaker
3368,4374,weaker
2136,1658,weaker
1470,1605,stronger
3760,468,stronger
1439,40,incomparable
895,1108,stronger
4131,2855,incomparable
786,2104,stronger
4609,3419,stronger
3609,4436,weaker
863,1570,stronger
1924,4404,incomparable
1076,2617,stronger
4529,2901,stronger
3426,2285,incomparable
504,2391,stronger
1459,4075,incomparable
4005,3655,equivalent
1008,1924,weaker
1930,3660,weaker
4349,1213,stronger
1293,4537,incomparable
4223,2794,stronger
2547,596,equivalent
3106,2280,incomparable
1050,2335,incomparable
3469,642,incomparable
1473,3192,stronger
1170,3383,weaker
2292,77,equivalent
683,821,weaker
2288,2587,stronger
545,3331,incomparable
4232,1567,stronger
3017,4682,weaker
1348,1211,equivalent
1783,1139,equivalent
2841,3702,weaker
2677,827,incomparable
1664,1447,incomparable
3730,3800,stronger
213,1811,incomparable
1837,1375,stronger
539,2735,equivalent
2041,616,incomparable
2371,4692,weaker
1832,3660,incomparable
4550,4478,incomparable
2308,3589,incomparable
4211,2568,stronger
718,1165,weaker
224,2350,stronger
1302,4599,weaker
4633,3200,stronger
4499,2,stronger
3948,3097,incomparable
1966,1381,stronger
3349,4266,stronger
670,1124,stronger
2808,3353,incomparable
191,3341,weaker
1362,1617,equivalent
2334,2716,weaker
949,3922,incomparable
2704,2249,weaker
4314,3605,stronger
3017,494,equivalent
785,293,equivalent
3703,3451,incomparable
2115,1854,incomparable
4271,525,stronger
2316,3830,incomparable
1794,2213,equivalent
4397,2327,incomparable
2508,1556,weaker
3669,1588,stronger
2733,4118,weaker
2552,1074,stronger
1914,817,weaker
644,4225,incomparable
2631,2121,equivalent
2548,4338,weaker
1836,3378,incomparable
1230,3568,incomparable
786,2588,incomparable
550,3809,weaker
1955,37,equivalent
665,2069,weaker
3966,4211,equivalent
1841,689,stronger
1822,4611,weaker
3713,355,incomparable
3355,4057,stronger
423,3475,incomparable
1362,462,weaker
99,2597,stronger
639,67,stronger
3507,1418,stronger
4486,3688,incomparable
346,2474,incomparable
4675,177,incomparable
1284,4154,weaker
2060,4375,incomparable
1554,1571,weaker
1726,2809,stronger
3374,4457,weaker
2094,761,weaker
1371,366,weaker
2656,1962,incomparable
3088,2373,incomparable
128,1433,weaker
470,4580,weaker
709,432,incomparable
4687,3570,incomparable
924,2306,weaker
1230,1824,stronger
1861,3384,incomparable
3688,3277,stronger
880,3697,incomparable
343,2526,stronger
3082,3467,weaker
1750,3553,incomparable
3852,3119,stronger
1875,2501,stronger
58,2542,stronger
3666,485,stronger
286,4651,incomparable
4257,1892,stronger
3009,2615,equivalent
2088,515,stronger
2693,100,incomparable
2366,3677,weaker
891,1203,equivalent
2821,285,stronger
4402,711,incomparable
2731,3775,weaker
2077,2985,incomparable
1478,4154,incomparable
3462,4538,incomparable
4299,3407,stronger
598,577,stronger
2499,1173,stronger
2879,640,incomparable
1160,2532,equivalent
2648,2959,stronger
4412,840,incomparable
850,1552,incomparable
2546,2682,incomparable
858,3133,stronger
1035,551,stronger
1651,2769,stronger
3208,2801,equivalent
1372,3354,weaker
2812,2801,stronger
537,274,incomparable
4138,2708,stronger
2405,4140,weaker
3811,2313,stronger
860,3179,stronger
2209,818,weaker
1156,2009,weaker
3370,850,incomparable
3183,2744,weaker
2635,4602,weaker
3117,404,weaker
2802,1332,weaker
2105,2158,stronger
653,1388,stronger
2549,886,equivalent
479,3487,incomparable
4646,3114,stronger
530,2486,weaker
537,1213,stronger
282,2384,equivalent
1259,4581,incomparable
1500,506,weaker
2673,2615,stronger
3609,1805,stronger
2225,3391,weaker
3858,789,stronger
2774,4387,incomparable
874,983,equivalent
309,3426,incomparable
1555,3596,weaker
3401,2041,incomparable
524,2856,incomparable
3720,4238,incomparable
1774,2179,stronger
1366,664,incomparable
3986,1913,incomparable
3392,3618,stronger
1405,1558,incomparable
2573,2569,stronger
3763,1841,incomparable
3161,3493,incomparable
3515,1739,stronger
566,988,stronger
645,1281,incomparable
275,2502,equivalent
1140,1260,weaker
2193,69,equivalent
3428,50,incomparable
577,588,weaker
996,3201,weaker
4451,148,stronger
201,3492,weaker
1087,3319,weaker
3449,4310,weaker
92,4488,weaker
2995,1888,weaker
1169,3883,weaker
2368,4207,incomparable
2936,1281,incomparable
513,2266,incomparable
4594,2119,incomparable
1411,3416,weaker
1151,4243,weaker
1502,2780,stronger
3455,3566,weaker
1961,850,weaker
3385,3736,incomparable
618,747,stronger
4183,1272,incomparable
4160,3732,weaker
1185,4012,weaker
426,3960,incomparable
168,3170,stronger
18,193,equivalent
3204,133,equivalent
3441,4018,weaker
4671,3655,stronger
2009,2180,incomparable
2513,1713,incomparable
276,1168,stronger
2520,440,weaker
1126,1338,equivalent
2762,2417,equivalent
2526,3638,weaker
3245,3325,weaker
3105,2756,stronger
2126,486,stronger
754,2863,weaker
1874,2894,incomparable
1268,3084,weaker
3517,2700,incomparable
3983,4193,equivalent
2290,328,incomparable
3928,1288,incomparable
1073,2616,stronger
3941,3967,stronger
1618,2150,stronger
2301,1426,incomparable
1838,204,stronger
2877,3279,incomparable
1826,2853,incomparable
167,70,stronger
2865,1764,incomparable
776,4315,weaker
3238,4224,weaker
4308,2448,incomparable
2018,579,weaker
3165,713,weaker
664,4259,incomparable
3854,1689,stronger
3481,949,incomparable
1946,676,weaker
4546,519,stronger
2285,4306,incomparable
2706,3582,incomparable
2644,2704,stronger
99,2760,stronger
923,3961,weaker
4390,3389,stronger
3836,359,weaker
205,1466,stronger
1387,2375,stronger
2421,4352,weaker
4155,1802,stronger
2861,4624,incomparable
3386,1062,incomparable
4029,3383,equivalent
4237,4086,weaker
4562,1402,stronger
3440,544,stronger
2356,924,equivalent
310,1667,stronger
2414,148,equivalent
2589,903,equivalent
2374,749,weaker
2422,2483,weaker
1338,2109,equivalent
233,666,weaker
3693,2121,stronger
152,3710,incomparable
2072,2104,stronger
2853,2669,incomparable
4138,293,stronger
607,318,weaker
3019,3870,weaker
3279,37,stronger
2804,3716,incomparable
4511,1063,incomparable
3301,4522,incomparable
3798,4574,incomparable
2074,2150,stronger
3001,4230,weaker
852,122,stronger
1241,3115,incomparable
3794,1422,stronger
1636,1924,incomparable
3606,1371,stronger
4382,1592,stronger
2945,1854,weaker
908,431,weaker
787,2356,equivalent
4094,371,stronger
2258,924,stronger
551,4331,weaker
4006,2244,incomparable
2956,3706,incomparable
3756,2069,incomparable
982,353,weaker
4318,3270,incomparable
3678,4630,incomparable
660,4274,incomparable
3184,1089,stronger
2148,2449,incomparable
2936,3993,incomparable
226,784,equivalent
641,4224,incomparable
2805,4476,incomparable
4042,1874,incomparable
3080,2429,stronger
2657,2326,stronger
2772,2084,weaker
1225,488,stronger
3747,3646,stronger
2336,2685,weaker
25,2945,stronger
875,2361,stronger
2793,2372,weaker
162,210,stronger
1079,2356,equivalent
1244,3921,incomparable
259,3526,weaker
1882,236,stronger
3623,2829,stronger
2040,822,incomparable
1460,2233,stronger
596,667,weaker
2664,3655,incomparable
1499,2161,weaker
1611,2402,weaker
1645,1232,incomparable
3620,1777,stronger
397,2709,incomparable
2439,4476,weaker
2456,3891,incomparable
973,3808,weaker
3710,1670,incomparable
1910,1880,incomparable
2689,1618,incomparable
3649,4400,incomparable
2207,1874,incomparable
1885,1823,stronger
4598,3795,stronger
536,1740,weaker
3794,4000,stronger
3522,3312,incomparable
1328,185,stronger
1722,3522,incomparable
2985,1387,weaker
1646,2746,incomparable
2224,4672,weaker
2184,1109,weaker
14,4260,incomparable
3314,3548,incomparable
4174,4406,weaker
1748,1710,weaker
2524,1931,weaker
3508,381,incomparable
1947,607,equivalent
1632,1535,incomparable
4089,3544,incomparable
3860,274,incomparable
45,2792,stronger
2538,1048,incomparable
965,3701,weaker
2474,2753,incomparable
1070,3717,weaker
3422,48,incomparable
3556,48,incomparable
3867,4636,incomparable
1950,3507,weaker
4376,541,incomparable
2060,1423,stronger
652,2423,stronger
4239,3461,weaker
4213,2240,incomparable
2064,1542,stronger
1422,2075,weaker
3863,4113,incomparable
3555,3960,stronger
3753,1501,stronger
1272,3070,weaker
611,3553,weaker
659,4533,incomparable
3295,623,incomparable
4440,4124,incomparable
3939,1856,incomparable
1782,2768,equivalent
517,4076,weaker
4439,3118,incomparable
1756,2486,weaker
2480,2517,incomparable
3521,2255,stronger
3041,2584,weaker
1029,4601,incomparable
4673,4453,stronger
36,181,equivalent
4207,516,incomparable
4535,4519,incomparable
4034,2251,incomparable
1553,3820,weaker
4249,4125,weaker
989,1792,stronger
4387,1615,stronger
2957,2856,weaker
3774,634,incomparable
1466,4575,incomparable
2003,84,equivalent
4590,3637,stronger
115,2167,incomparable
3329,3401,incomparable
1297,3076,weaker
2076,2060,weaker
3668,3621,incomparable
3094,4258,incomparable
2745,4104,weaker
4075,747,stronger
2098,4293,incomparable
236,3625,weaker
3759,4648,incomparable
1999,3533,weaker
2515,4581,weaker
3609,3391,equivalent
4605,912,incomparable
3079,193,stronger
341,2106,stronger
2383,3873,incomparable
790,1178,equivalent
3023,2513,weaker
242,1346,stronger
3628,408,equivalent
2987,1543,weaker
3976,1091,stronger
251,119,equivalent
2068,3488,incomparable
1987,2368,incomparable
4678,2329,stronger
4253,3843,stronger
4268,2431,stronger
1541,561,equivalent
2775,4104,weaker
2246,3760,incomparable
4072,799,stronger
3083,2005,stronger
809,2332,equivalent
2029,3533,incomparable
2774,1435,incomparable
3228,3857,weaker
3873,589,stronger
263,2573,incomparable
1101,3672,incomparable
3537,640,incomparable
2732,3653,weaker
4430,1446,incomparable
1796,2019,weaker
1221,1522,equivalent
1670,3600,incomparable
2781,1825,equivalent
897,1398,stronger
3980,2149,stronger
3870,291,stronger
989,4370,incomparable
1782,3252,equivalent
457,4509,weaker
3764,2524,stronger
2869,891,stronger
3151,3987,weaker
1102,1049,weaker
3287,1404,stronger
1045,4679,incomparable
723,464,incomparable
864,2389,incomparable
704,4386,incomparable
1382,3318,weaker
189,4694,weaker
2221,1609,equivalent
1761,3314,incomparable
3590,2344,stronger
567,890,equivalent
109,12,stronger
1780,1112,incomparable
169,4227,incomparable
262,1008,stronger
3749,122,stronger
807,4514,weaker
1173,4083,weaker
3666,2339,stronger
3451,2185,stronger
1795,3837,weaker
1719,809,stronger
3620,651,incomparable
1915,1687,weaker
4239,3140,incomparable
2720,394,incomparable
2085,2098,incomparable
3554,2283,incomparable
3996,938,incomparable
823,2923,incomparable
2029,2728,stronger
2490,871,stronger
4439,2447,incomparable
540,4520,weaker
216,3642,incomparable
961,4550,weaker
3633,4269,weaker
2588,1379,stronger
289,1676,weaker
576,952,weaker
760,3513,weaker
452,3360,incomparable
51,2262,incomparable
2981,3525,weaker
3542,2838,stronger
4648,2971,stronger
2208,4541,weaker
3557,2180,incomparable
1074,2360,equivalent
2472,4587,incomparable
4566,128,stronger
2284,4536,incomparable
2313,3776,weaker
4665,107,incomparable
451,2354,stronger
1098,475,stronger
527,686,weaker
3353,3289,incomparable
1560,2226,stronger
4304,3511,incomparable
517,1661,weaker
4302,4404,incomparable
3677,380,incomparable
881,2877,weaker
2395,2273,weaker
3541,3525,weaker
1090,2462,incomparable
2898,4587,incomparable
2091,2801,stronger
4229,4276,incomparable
81,3201,weaker
1471,841,incomparable
689,3057,weaker
1981,3572,weaker
3273,677,incomparable
444,4192,incomparable
2467,2499,incomparable
2295,2981,weaker
736,2314,weaker
4533,2408,stronger
433,2313,stronger
2365,1468,weaker
2983,349,weaker
3715,1961,stronger
3314,1617,stronger
3405,1735,stronger
3465,1786,stronger
4487,4692,incomparable
719,3838,incomparable
2953,1611,equivalent
95,224,weaker
1158,3885,incomparable
442,4469,incomparable
4669,3393,stronger
4366,3584,stronger
178,1390,equivalent
1451,2417,stronger
1162,2314,weaker
2027,3516,weaker
2072,2535,stronger
1082,4048,incomparable
3329,2275,stronger
1025,1262,incomparable
4514,3455,stronger
1687,3633,incomparable
3282,739,stronger
3982,3594,equivalent
2616,4096,weaker
923,3237,weaker
914,1431,incomparable
4405,2007,stronger
1194,3700,weaker
3809,2885,incomparable
626,4182,incomparable
96,984,equivalent
2881,580,stronger
2399,3280,incomparable
1592,1494,weaker
1530,616,weaker
2471,2402,incomparable
2132,2936,incomparable
3985,1798,stronger
614,2078,incomparable
2099,544,equivalent
1001,1026,weaker
447,3658,incomparable
512,1801,weaker
3041,3686,weaker
1628,4342,weaker
193,2987,equivalent
2698,2566,equivalent
4152,1911,stronger
4081,3199,stronger
636,4496,incomparable
773,795,equivalent
1525,4594,incomparable
3641,2146,incomparable
375,1688,stronger
571,3320,incomparable
3186,2505,equivalent
1011,3592,weaker
3523,1336,incomparable
3683,3311,incomparable
2105,2402,incomparable
3217,1818,equivalent
1260,4296,incomparable
852,2781,stronger
809,2145,equivalent
21,409,weaker
738,3433,weaker
1710,560,stronger
459,4018,incomparable
3021,1125,weaker
1465,3947,incomparable
1881,1381,stronger
979,2741,weaker
1746,3408,incomparable
528,590,stronger
452,3978,incomparable
4598,4226,incomparable
3984,391,equivalent
1353,4645,incomparable
2726,2870,weaker
2251,1823,stronger
2628,83,stronger
1499,498,equivalent
4312,1388,stronger
4076,3363,incomparable
3818,2573,incomparable
3735,818,incomparable
3974,3086,incomparable
399,4502,incomparable
2276,4512,incomparable
4050,3081,incomparable
1961,3188,weaker
2026,3583,weaker
3946,4421,incomparable
1233,2449,weaker
4206,1342,stronger
183,713,weaker
2363,724,equivalent
3407,3389,equivalent
1189,3840,weaker
146,4029,incomparable
2328,1669,incomparable
383,3218,incomparable
3378,1870,incomparable
4410,3774,stronger
960,755,stronger
2859,4688,incomparable
65,842,incomparable
89,2182,weaker
787,4210,weaker
2208,3415,weaker
283,2233,stronger
1449,919,incomparable
3854,2738,stronger
1404,3620,weaker
2452,1331,stronger
2524,3651,weaker
2570,1552,weaker
44,1658,incomparable
3920,2045,incomparable
200,1417,equivalent
3648,1357,incomparable
3722,1306,stronger
714,1638,incomparable
4150,2507,incomparable
4576,629,incomparable
2028,222,weaker
3368,2471,incomparable
2826,202,stronger
1465,1048,incomparable
2361,2317,equivalent
2543,4051,incomparable
3661,1003,stronger
3855,4252,equivalent
1565,2383,weaker
2458,3189,stronger
4507,3683,incomparable
4266,588,incomparable
1998,3204,equivalent
3371,675,stronger
3454,4093,weaker
4225,3970,equivalent
3697,1599,stronger
4679,3386,stronger
1028,3117,stronger
4419,2523,stronger
3412,4621,weaker
236,673,equivalent
2627,2594,equivalent
3102,3641,incomparable
4590,4068,incomparable
1119,4144,incomparable
1133,1598,incomparable
663,1649,weaker
1115,992,stronger
4048,486,stronger
3559,2015,stronger
704,145,stronger
941,1778,equivalent
655,3636,incomparable
4165,4454,incomparable
3279,2375,stronger
2947,3888,incomparable
3121,1789,weaker
1369,535,equivalent
1890,1927,equivalent
2289,1444,weaker
2251,1152,incomparable
1914,69,equivalent
1296,1188,weaker
1134,3112,weaker
3231,614,weaker
3675,2348,stronger
2725,1974,stronger
1426,4452,incomparable
2628,2795,weaker
4255,3566,weaker
2063,2794,stronger
433,3415,incomparable
3401,1964,incomparable
1930,952,weaker
4581,2046,incomparable
1219,1880,weaker
2057,2225,stronger
3562,2821,incomparable
2141,3616,weaker
1690,711,weaker
4646,943,incomparable
3603,378,weaker
3823,2596,incomparable
1178,536,equivalent
4258,80,stronger
4404,1595,stronger
3984,1009,stronger
3786,2714,incomparable
986,3749,weaker
4472,9,incomparable
1776,3868,incomparable
86,3492,incomparable
3212,1661,weaker
3422,3191,stronger
2035,2816,stronger
4127,3946,stronger
2265,3278,incomparable
2492,59,stronger
618,320,incomparable
1578,2348,equivalent
334,561,stronger
4322,4387,incomparable
3470,1138,stronger
1681,1537,incomparable
1106,3292,weaker
851,4463,incomparable
2632,1759,weaker
2136,4561,weaker
1649,1999,stronger
508,1091,stronger
1826,3581,incomparable
661,2087,incomparable
981,1311,stronger
3240,1615,equivalent
1659,4407,incomparable
2113,413,incomparable
1013,4232,weaker
3618,1975,incomparable
1888,3678,incomparable
3294,1851,incomparable
3101,3900,incomparable
350,1444,incomparable
3077,3314,weaker
33,1737,equivalent
2283,4207,incomparable
4329,1020,incomparable
3878,4531,incomparable
1352,665,weaker
2809,3499,weaker
1590,2708,stronger
2926,1051,weaker
2441,70,stronger
371,2671,incomparable
4612,3937,incomparable
1857,19,stronger
816,4253,weaker
2815,1220,equivalent
1557,3699,weaker
700,106,weaker
1180,1497,stronger
610,4350,weaker
2434,2282,weaker
4555,4342,weaker
4414,3171,incomparable
3306,2211,stronger
1399,80,equivalent
1647,1148,stronger
4148,3429,stronger
440,2626,stronger
3318,4665,incomparable
2893,2981,incomparable
171,1455,weaker
150,578,equivalent
107,3914,incomparable
3746,3422,incomparable
93,1764,weaker
134,2327,incomparable
4387,2664,incomparable
3337,4126,stronger
3208,2992,weaker
757,2683,incomparable
48,1240,incomparable
4371,3070,incomparable
3972,3361,stronger
1880,3951,incomparable
4376,1724,incomparable
3476,3911,incomparable
3973,3963,stronger
1669,2950,stronger
2087,2709,incomparable
683,2919,weaker
3555,1760,stronger
3119,641,weaker
2914,1175,weaker
791,2452,incomparable
1142,989,weaker
3702,467,incomparable
2831,3392,weaker
4118,153,incomparable
2232,2309,stronger
4694,1252,incomparable
2908,1360,equivalent
229,470,stronger
1485,1328,incomparable
4033,1735,stronger
915,3427,weaker
657,2637,stronger
2859,2407,stronger
4464,4173,stronger
1496,928,incomparable
3440,1406,stronger
701,465,equivalent
2693,425,incomparable
4069,2331,incomparable
2519,272,stronger
834,3438,incomparable
4308,4599,incomparable
4098,817,incomparable
4163,1966,incomparable
240,2699,weaker
441,4675,weaker
4193,3306,weaker
3202,3685,weaker
337,3571,equivalent
2823,3100,weaker
3320,3906,incomparable
3468,3804,incomparable
1302,281,weaker
2783,3701,weaker
3619,3973,weaker
2894,2751,stronger
4374,873,incomparable
769,3201,incomparable
2161,914,incomparable
3487,821,incomparable
2291,4178,incomparable
1245,686,incomparable
1484,3146,stronger
679,1995,stronger
4080,2089,incomparable
2041,4003,incomparable
3094,2058,incomparable
47,964,incomparable
2022,1509,equivalent
3541,1057,stronger
1760,1509,equivalent
767,3505,weaker
4480,2208,stronger
626,1580,stronger
58,2062,incomparable
1529,3828,weaker
2439,4049,weaker
3652,4271,weaker
3170,2053,weaker
1248,1334,stronger
99,373,incomparable
1845,3310,incomparable
2079,1262,incomparable
1561,3551,incomparable
4116,2685,incomparable
3811,2049,incomparable
571,2812,incomparable
2926,380,weaker
959,4614,weaker
1843,3614,incomparable
3754,2454,incomparable
2730,441,weaker
3731,2470,incomparable
4529,2450,incomparable
4183,1813,stronger
3245,3516,weaker
659,2817,stronger
3959,2105,incomparable
1932,3844,incomparable
650,1011,stronger
3396,1433,incomparable
223,3418,weaker
3597,3409,weaker
2160,3671,weaker
1626,2983,equivalent
3319,432,incomparable
4442,4144,incomparable
2563,1617,equivalent
4120,1649,stronger
2119,637,incomparable
3180,3471,incomparable
2192,2613,weaker
1225,3578,incomparable
3355,1028,incomparable
619,3768,incomparable
2348,874,equivalent
221,2941,stronger
3468,905,stronger
3289,3414,incomparable
1553,1165,weaker
4055,3856,stronger
3408,4045,weaker
1360,4153,weaker
481,801,incomparable
2459,863,stronger
1206,3686,weaker
2438,3958,weaker
86,1211,stronger
3506,1547,incomparable
2563,2906,equivalent
1102,2582,equivalent
1537,2510,stronger
1826,4333,incomparable
1805,3456,weaker
1452,1648,incomparable
3458,3758,incomparable
2601,165,incomparable
4496,192,stronger
509,2418,equivalent
2985,4477,incomparable
2873,4236,incomparable
798,77,equivalent
1935,3687,weaker
662,216,weaker
3010,2255,weaker
1045,4118,incomparable
81,4600,weaker
852,313,incomparable
3104,2856,weaker
1065,1360,stronger
3002,859,incomparable
4079,254,stronger
1734,2650,incomparable
2163,289,stronger
3815,1901,stronger
3851,1558,incomparable
4680,3103,incomparable
1662,2747,stronger
2221,4431,weaker
299,514,equivalent
3143,3723,incomparable
3513,2502,stronger
4299,3411,stronger
1577,1885,incomparable
3516,2019,incomparable
1132,488,equivalent
4246,1306,stronger
1998,602,equivalent
4102,3247,incomparable
654,863,equivalent
2913,1167,incomparable
4329,28,incomparable
576,3424,weaker
3528,1440,stronger
2931,3436,weaker
2260,3231,stronger
4517,2708,stronger
162,3784,incomparable
597,3712,weaker
4367,3703,incomparable
3842,849,incomparable
4062,3067,incomparable
2295,3225,equivalent
1493,1783,equivalent
3160,4427,weaker
2952,1280,stronger
4113,1312,incomparable
371,1679,incomparable
2172,4323,weaker
1423,263,weaker
2782,2754,stronger
1402,3358,weaker
4452,2471,incomparable
909,3425,incomparable
2879,2872,weaker
4625,147,stronger
3185,700,stronger
1631,4349,incomparable
736,464,weaker
432,238,incomparable
819,1438,incomparable
377,4503,incomparable
1140,3708,weaker
4452,2821,incomparable
1711,4463,weaker
3870,1153,stronger
3455,2631,stronger
4659,3299,incomparable
2078,2944,incomparable
2209,17,equivalent
428,469,incomparable
169,1706,stronger
2495,3232,weaker
3959,3073,incomparable
2560,4381,weaker
1482,3071,incomparable
3937,281,incomparable
3111,4669,weaker
752,751,stronger
2863,2877,stronger
141,597,equivalent
3370,4371,incomparable
381,249,stronger
2086,3185,incomparable
697,4427,weaker
1831,4356,weaker
336,2758,stronger
711,1881,incomparable
4646,219,incomparable
2951,1943,weaker
1411,1326,equivalent
2285,2082,incomparable
1643,2615,stronger
1524,449,weaker
2551,4453,weaker
3924,2678,incomparable
3521,1507,incomparable
2263,3232,stronger
1795,1666,weaker
102,1773,stronger
3092,81,stronger
1827,1389,equivalent
698,2558,incomparable
2384,4690,weaker
959,2333,weaker
3313,3463,weaker
3789,3392,weaker
3169,3684,weaker
3233,2945,equivalent
225,3277,weaker
3416,3561,equivalent
3880,1975,incomparable
4028,2627,stronger
167,74,stronger
3771,2971,stronger
1825,912,weaker
2749,1785,stronger
1367,1754,equivalent
4242,112,incomparable
2960,2005,stronger
747,2046,weaker
626,1527,stronger
4041,1519,incomparable
2365,1041,weaker
2227,3551,incomparable
2874,918,stronger
126,4587,weaker
4422,2150,stronger
427,1317,stronger
225,4566,weaker
3465,1359,stronger
4184,292,stronger
3845,826,incomparable
2926,2771,equivalent
1727,2447,weaker
3647,841,incomparable
2955,2011,equivalent
3579,4090,weaker
3032,1477,weaker
114,39,weaker
2161,2150,stronger
838,70,stronger
803,1015,equivalent
1904,804,stronger
3960,2469,incomparable
4025,2864,incomparable
3708,713,incomparable
1397,2693,weaker
3843,2069,incomparable
1181,1348,stronger
668,3981,weaker
384,4222,stronger
2373,4665,incomparable
2970,2669,weaker
3379,3628,equivalent
3305,4645,incomparable
3768,205,incomparable
459,1363,stronger
204,2534,incomparable
722,4217,weaker
4208,477,incomparable
1599,4490,weaker
260,1153,stronger
4172,3449,equivalent
1961,2627,equivalent
1338,3402,weaker
4681,3326,incomparable
4490,4512,incomparable
1862,1867,incomparable
3520,2705,stronger
1818,1760,equivalent
2491,348,incomparable
264,4655,incomparable
2953,379,weaker
4006,2598,stronger
521,3530,weaker
1531,949,incomparable
1049,3649,incomparable
2169,3680,incomparable
3182,616,incomparable
4001,1473,incomparable
3863,3983,stronger
4510,1350,stronger
4028,4050,weaker
640,1909,stronger
4575,247,stronger
342,2252,incomparable
1254,3300,incomparable
2775,4429,weaker
572,2714,incomparable
4185,1001,stronger
1015,251,equivalent
2963,693,equivalent
456,287,stronger
1983,4614,incomparable
3368,1910,incomparable
3552,4471,incomparable
665,4598,weaker
3175,1515,weaker
3519,2079,incomparable
1308,503,weaker
3510,273,incomparable
4131,391,stronger
2525,3850,incomparable
283,2961,stronger
1083,1324,stronger
3491,3414,incomparable
1872,3470,incomparable
4630,1243,incomparable
215,2268,stronger
1632,3983,incomparable
2845,4205,weaker
1830,26,weaker
2721,2449,weaker
4634,1362,stronger
4331,2115,incomparable
1960,2536,weaker
850,3947,incomparable
2531,2325,stronger
1485,2243,incomparable
2598,1103,equivalent
3637,206,incomparable
2500,6,equivalent
4688,1598,incomparable
1971,416,weaker
2441,1119,incomparable
2515,1068,weaker
4070,2717,stronger
2439,292,equivalent
3922,4539,incomparable
1386,1483,weaker
4486,151,incomparable
4288,1664,incomparable
189,2925,weaker
3272,3676,incomparable
211,2684,incomparable
4096,905,stronger
1565,667,weaker
137,2735,equivalent
2172,3331,weaker
2184,2402,weaker
1055,565,stronger
2989,1109,weaker
819,2540,incomparable
2954,4498,weaker
820,3142,incomparable
4313,381,incomparable
142,4018,weaker
4232,3425,equivalent
4037,4647,weaker
2125,2172,stronger
1581,796,equivalent
3891,99,incomparable
1088,863,incomparable
4524,1732,stronger
952,36,stronger
3247,3969,incomparable
4522,905,stronger
4403,3657,stronger
2753,428,incomparable
368,3957,stronger
492,51,incomparable
1524,3645,weaker
3243,63,weaker
538,4368,weaker
2740,4138,weaker
3563,3451,weaker
1267,47,incomparable
4424,1501,stronger
4114,2773,stronger
1669,3999,incomparable
2450,3810,incomparable
3362,694,incomparable
3472,1054,incomparable
2391,4169,weaker
699,3912,weaker
3870,1100,stronger
1791,1895,weaker
867,3496,incomparable
3539,3215,stronger
435,1587,incomparable
2434,2526,equivalent
4555,4586,incomparable
73,4389,incomparable
1318,2614,stronger
3959,3020,stronger
2431,1474,weaker
2837,664,weaker
4418,1090,incomparable
4381,4406,incomparable
1246,4431,incomparable
3562,1105,stronger
1055,699,stronger
910,4482,incomparable
136,2644,weaker
3231,3220,equivalent
2790,1757,equivalent
1737,504,weaker
1429,351,incomparable
2671,2065,weaker
4503,4022,stronger
1707,2547,stronger
4105,3195,incomparable
3203,4555,weaker
3833,2507,incomparable
598,1362,stronger
2232,1614,stronger
2626,1541,equivalent
2013,3004,equivalent
2159,4519,weaker
3883,1281,stronger
3805,3842,weaker
820,1182,stronger
642,2573,incomparable
1155,3912,incomparable
3426,2533,incomparable
817,884,stronger
2854,2307,stronger
3241,2753,weaker
1069,1105,stronger
861,2122,stronger
1566,1911,equivalent
3178,2404,equivalent
2274,685,stronger
2494,2903,incomparable
1499,4072,weaker
4025,1522,stronger
1506,2799,stronger
890,581,equivalent
4200,2277,incomparable
433,4277,incomparable
3344,2292,stronger
2347,382,incomparable
1738,1055,incomparable
1237,2759,stronger
516,2999,stronger
1505,3513,weaker
2253,1686,stronger
972,2461,incomparable
1949,4658,incomparable
4113,938,incomparable
2341,752,weaker
1993,3452,incomparable
2695,3724,incomparable
281,99,incomparable
2598,2071,weaker
1775,3724,weaker
1154,2882,incomparable
2766,3375,weaker
1578,177,weaker
4651,994,incomparable
3878,4454,incomparable
3226,327,weaker
2355,3252,stronger
1617,1825,equivalent
2573,4643,incomparable
3736,3058,incomparable
2998,3883,incomparable
3354,2764,stronger
735,2117,stronger
732,2600,equivalent
1934,2441,incomparable
3825,2349,incomparable
3820,2005,stronger
2359,1681,weaker
330,4283,weaker
3451,3828,stronger
1032,2111,incomparable
4320,76,stronger
3518,2606,stronger
1286,3159,incomparable
2014,1646,incomparable
4259,2052,incomparable
2912,2796,stronger
3416,609,stronger
2537,3673,weaker
1425,2005,equivalent
2194,301,equivalent
2610,2431,equivalent
2436,2278,weaker
2386,471,equivalent
2857,2308,incomparable
4478,2355,incomparable
1671,3909,incomparable
2411,2221,equivalent
4302,1375,stronger
1046,2359,incomparable
817,2307,stronger
2971,343,weaker
1214,1943,weaker
4244,1370,incomparable
2291,4556,incomparable
1145,3304,weaker
3731,4003,stronger
1257,2579,incomparable
3889,2899,incomparable
3421,579,incomparable
1996,2918,stronger
4210,1005,stronger
4086,3413,stronger
4382,2243,incomparable
4394,1314,stronger
3666,2827,stronger
3038,3258,weaker
161,4073,incomparable
3306,40,incomparable
3942,1190,stronger
3636,1672,incomparable
2684,3669,incomparable
4570,2479,incomparable
671,388,weaker
3601,2617,stronger
447,1434,weaker
4461,3475,incomparable
4603,1838,incomparable
2404,2339,equivalent
3476,1390,stronger
1808,3217,equivalent
1622,2303,weaker
4662,2418,stronger
1541,1183,equivalent
1823,4279,weaker
3822,2966,stronger
1769,1010,equivalent
2600,938,weaker
468,2661,weaker
4348,2258,incomparable
4423,3341,incomparable
2048,1364,stronger
659,2606,stronger
4145,2838,stronger
1495,2878,weaker
1868,3648,incomparable
563,3837,weaker
1874,430,incomparable
2593,117,weaker
602,3011,weaker
531,4299,weaker
806,2252,incomparable
2217,769,incomparable
1706,1785,equivalent
2445,4568,incomparable
4239,2823,stronger
2608,3808,weaker
1586,902,stronger
3661,2617,stronger
729,3725,weaker
2167,2345,stronger
3870,2202,stronger
2700,364,incomparable
2975,2289,weaker
3514,4260,stronger
1167,1857,incomparable
1953,2766,stronger
3558,3778,stronger
2856,4260,incomparable
4539,267,incomparable
4427,26,incomparable
160,1703,stronger
901,4367,weaker
2145,492,weaker
794,2026,equivalent
450,2216,stronger
4504,1966,incomparable
3060,1057,stronger
3860,1864,incomparable
1570,2247,weaker
1782,3069,weaker
892,4254,weaker
4328,4369,incomparable
2731,3218,weaker
3891,4368,incomparable
699,3859,weaker
43,2242,incomparable
2641,2012,equivalent
2006,3716,weaker
144,3048,equivalent
1780,3373,incomparable
2265,2664,incomparable
2953,3038,equivalent
3488,4328,incomparable
910,1046,incomparable
427,3521,incomparable
4066,3029,incomparable
2906,1879,weaker
1860,1797,stronger
921,4029,weaker
1193,2273,weaker
3664,16,incomparable
714,3736,incomparable
3377,2403,stronger
1324,4419,weaker
2850,2886,incomparable
4469,386,stronger
883,4676,incomparable
1747,580,equivalent
2459,786,incomparable
3412,2397,stronger
2360,26,weaker
419,785,stronger
1384,3157,stronger
343,9,incomparable
4653,880,incomparable
1005,2572,equivalent
403,4224,stronger
2182,3137,stronger
3737,3096,incomparable
2560,2531,weaker
3339,3989,incomparable
3936,1993,incomparable
3313,2768,stronger
937,1879,weaker
1252,759,incomparable
3094,3404,incomparable
2397,4230,weaker
1275,1120,incomparable
3699,3743,incomparable
159,1770,stronger
3490,371,incomparable
1769,1628,equivalent
2051,560,stronger
1750,1386,stronger
2326,2485,weaker
4649,2050,incomparable
2269,3671,incomparable
1453,2331,incomparable
3363,2481,incomparable
4416,536,stronger
3397,1311,stronger
21,1247,weaker
976,2931,weaker
4293,1634,incomparable
380,3809,stronger
3200,4180,weaker
4277,3575,stronger
1381,4148,weaker
3105,910,incomparable
2045,930,incomparable
629,2823,stronger
2934,1028,weaker
1313,2701,stronger
3854,1937,incomparable
2059,47,incomparable
2303,407,incomparable
264,2321,stronger
725,3470,incomparable
3082,145,stronger
1774,817,weaker
1495,1402,equivalent
2455,3430,incomparable
2835,3651,weaker
2957,4580,weaker
1018,4446,weaker
1219,3978,weaker
976,4220,weaker
644,3481,incomparable
494,504,weaker
2646,4129,incomparable
1242,4339,incomparable
3417,4006,incomparable
1201,4338,weaker
1775,638,weaker
3483,839,incomparable
2924,875,weaker
1903,823,weaker
2789,2902,weaker
3935,1902,incomparable
1464,4159,incomparable
953,1203,equivalent
1099,1028,weaker
780,494,equivalent
2394,1814,equivalent
1012,1783,equivalent
1158,1608,incomparable
4198,1723,stronger
2352,1588,equivalent
2489,4303,incomparable
2372,520,incomparable
3638,4540,weaker
4651,2230,stronger
1991,1582,equivalent
4002,1784,incomparable
146,329,incomparable
1558,1700,stronger
4428,3124,stronger
3920,439,incomparable
389,2716,incomparable
910,4108,incomparable
4470,4289,incomparable
3673,3945,stronger
4165,3653,stronger
1075,1731,incomparable
751,3297,weaker
3103,3600,incomparable
4037,4407,weaker
4410,3457,incomparable
938,679,weaker
4384,2236,stronger
1149,3343,weaker
4456,1358,incomparable
822,504,incomparable
4488,4279,incomparable
3552,393,stronger
152,3153,stronger
1986,1773,equivalent
869,2013,stronger
1877,2769,stronger
2966,1235,weaker
1885,1132,stronger
2289,993,stronger
1286,2301,incomparable
1117,3246,stronger
3744,1502,incomparable
3517,2277,incomparable
4640,4269,incomparable
1491,4396,incomparable
3757,3427,equivalent
3277,2790,stronger
1520,3636,weaker
593,802,stronger
624,115,incomparable
1470,1829,stronger
2805,2980,stronger
3899,1790,incomparable
193,1060,weaker
3725,4643,incomparable
4016,3129,stronger
1647,213,stronger
60,1470,weaker
1026,1034,stronger
2526,532,weaker
826,2666,incomparable
3396,2108,stronger
1221,2441,weaker
1983,2764,stronger
3277,696,stronger
3046,9,weaker
4281,2242,incomparable
4092,4063,stronger
2758,2760,equivalent
2295,1538,equivalent
1309,2261,weaker
830,3724,incomparable
3296,1877,incomparable
4586,1565,stronger
3041,604,equivalent
124,300,stronger
547,1157,equivalent
3897,3972,incomparable
3712,4192,incomparable
4483,4069,incomparable
2497,891,stronger
2977,2282,incomparable
2856,4207,incomparable
275,3852,weaker
3453,2211,stronger
3587,2211,stronger
3991,574,stronger
1553,2779,weaker
3700,2088,incomparable
692,4140,incomparable
324,3744,incomparable
167,1286,incomparable
1418,2554,weaker
4102,1344,incomparable
3038,656,weaker
309,3621,stronger
2448,1379,stronger
3974,2098,incomparable
2217,2944,incomparable
968,3257,incomparable
4629,3490,incomparable
525,2687,weaker
1781,3545,weaker
1103,449,weaker
1213,55,weaker
2651,2647,weaker
3776,770,stronger
1088,2046,weaker
582,188,equivalent
3906,4034,stronger
1387,1147,stronger
2028,389,weaker
894,460,weaker
2188,2364,weaker
3585,1175,incomparable
3269,1878,incomparable
3159,20,stronger
2138,3940,weaker
696,3858,weaker
1458,4181,incomparable
1456,1102,stronger
2411,2786,equivalent
4513,4604,incomparable
492,1584,stronger
2940,4039,incomparable
3544,770,stronger
3456,2643,stronger
495,2821,incomparable
217,598,incomparable
3935,3809,stronger
1144,2678,weaker
1127,819,weaker
1285,1405,incomparable
2819,487,weaker
3648,3752,weaker
2423,2207,weaker
451,1179,stronger
969,2862,weaker
3739,3870,weaker
3567,380,incomparable
4575,4142,incomparable
1963,4474,weaker
2374,3254,weaker
2945,4009,weaker
858,779,stronger
4517,3383,stronger
2086,343,incomparable
2337,4126,incomparable
1182,876,equivalent
960,1995,stronger
2682,4538,incomparable
1736,2216,equivalent
3014,2833,equivalent
2773,492,weaker
1374,1046,incomparable
4543,1571,incomparable
1265,2042,incomparable
1234,4449,incomparable
2211,1920,equivalent
455,3930,incomparable
2270,2500,stronger
83,2072,weaker
1499,933,equivalent
3796,1529,stronger
537,2242,incomparable
948,830,weaker
2307,3321,weaker
3260,206,incomparable
3064,3300,incomparable
2608,51,weaker
3031,908,equivalent
2766,1391,weaker
1243,189,stronger
240,743,equivalent
3822,3881,weaker
747,2237,equivalent
530,4454,weaker
4477,1109,incomparable
3545,4512,incomparable
2347,626,incomparable
1349,2278,incomparable
1228,3449,incomparable
3611,3819,equivalent
3580,1500,stronger
2198,2223,equivalent
1392,1601,equivalent
1710,190,incomparable
760,2822,equivalent
94,2961,stronger
216,3890,incomparable
4051,304,stronger
3898,1782,stronger
2509,3024,weaker
2215,2577,equivalent
3863,1007,stronger
420,3131,incomparable
50,4352,incomparable
4312,4051,stronger
2620,3794,weaker
3690,2018,stronger
4526,2290,incomparable
2466,3327,incomparable
496,682,weaker
3020,4667,weaker
759,3536,incomparable
1514,2880,weaker
2512,1982,equivalent
3608,673,stronger
134,266,incomparable
3570,381,weaker
2028,3101,weaker
2451,3958,incomparable
4511,669,incomparable
4051,4626,weaker
2458,2685,incomparable
4631,771,stronger
1575,123,equivalent
2526,345,weaker
604,3598,weaker
4203,2953,stronger
4674,2538,incomparable
2339,1458,weaker
3717,27,incomparable
1086,4281,incomparable
1248,667,incomparable
57,4368,incomparable
714,2423,stronger
4367,1829,stronger
1005,909,weaker
3584,4601,weaker
1595,4158,weaker
1819,1422,equivalent
832,4364,incomparable
3710,3959,incomparable
2615,1706,equivalent
3851,2851,incomparable
3187,3625,weaker
468,1616,equivalent
3004,3918,weaker
3766,4241,equivalent
1598,83,stronger
1890,1423,stronger
3674,4652,incomparable
4123,4478,incomparable
2719,524,weaker
699,2680,weaker
2727,4549,weaker
1836,2126,incomparable
1077,2074,weaker
865,3881,incomparable
2044,2829,stronger
743,508,weaker
619,2162,incomparable
2451,709,incomparable
1312,4600,incomparable
592,3722,weaker
2789,2394,stronger
2968,4611,weaker
3016,3339,weaker
2825,361,weaker
1617,2203,weaker
3571,4123,weaker
4342,3246,stronger
2991,3282,weaker
119,1997,equivalent
2071,838,incomparable
3621,453,incomparable
3375,1178,stronger
4668,1137,incomparable
3011,3153,stronger
886,3795,weaker
2109,4513,weaker
1123,1264,weaker
1667,1916,incomparable
758,4549,weaker
2045,556,incomparable
3289,3097,incomparable
983,4667,weaker
3149,4026,incomparable
3457,2681,stronger
998,3255,weaker
4434,4124,incomparable
3074,4606,incomparable
1001,1274,weaker
682,2460,incomparable
3443,3914,weaker
1893,1855,weaker
1920,268,weaker
672,3435,incomparable
3401,3688,incomparable
199,771,equivalent
2881,1178,stronger
2454,3585,incomparable
1416,4118,weaker
2987,1604,equivalent
120,3861,incomparable
1797,2497,incomparable
3932,4263,incomparable
4207,2216,stronger
3505,2698,stronger
84,417,weaker
2618,2646,incomparable
1995,3421,weaker
752,4488,incomparable
4677,2138,stronger
1824,3539,weaker
1267,238,incomparable
3469,8,incomparable
4343,3016,stronger
1263,2748,stronger
2018,2092,equivalent
3905,2790,stronger
820,4622,incomparable
1885,2502,stronger
723,525,stronger
1065,4426,incomparable
55,4001,incomparable
523,3877,weaker
244,4462,weaker
1080,762,equivalent
2004,3133,stronger
3840,2580,stronger
2993,429,weaker
3511,1358,incomparable
1372,2102,equivalent
1370,1275,stronger
754,777,equivalent
2727,2939,weaker
2194,224,weaker
3983,4551,weaker
1299,2563,stronger
3749,183,stronger
2023,342,weaker
3738,3966,stronger
2353,1974,equivalent
2432,3021,equivalent
4691,3325,incomparable
2180,1265,incomparable
1354,4155,weaker
543,3159,incomparable
2350,1676,weaker
500,79,stronger
4242,466,incomparable
3349,3632,stronger
2475,624,incomparable
1004,2056,incomparable
3199,655,weaker
2456,382,incomparable
3791,2287,incomparable
2528,3668,weaker
4465,3921,incomparable
3066,4475,incomparable
2906,3062,weaker
1275,75,incomparable
3427,4454,weaker
2185,296,equivalent
1904,3252,stronger
3358,2405,stronger
2826,2544,stronger
1480,480,stronger
425,844,incomparable
2606,3709,weaker
823,3334,incomparable
4113,1934,incomparable
3163,2314,weaker
3638,3361,equivalent
926,2523,stronger
1545,4258,weaker
1084,1419,equivalent
572,490,stronger
2129,1276,weaker
3808,2991,stronger
2700,2031,stronger
2884,4592,incomparable
339,3894,incomparable
327,2379,stronger
46,4581,weaker
1892,3026,equivalent
2279,1220,stronger
2217,342,incomparable
4545,251,stronger
1969,240,equivalent
2934,3366,weaker
4694,2037,incomparable
4090,610,stronger
1778,645,weaker
4670,2582,stronger
2555,3720,weaker
1992,4546,incomparable
60,2385,incomparable
4578,549,incomparable
87,798,equivalent
1867,2565,stronger
2115,4387,incomparable
3906,2371,stronger
3214,3541,incomparable
633,3186,stronger
1681,1651,incomparable
2942,2853,incomparable
2584,3145,incomparable
4103,2885,incomparable
1388,86,weaker
4316,3932,incomparable
2622,2848,weaker
454,2662,incomparable
3756,333,incomparable
27,4315,weaker
2620,3741,weaker
1830,2124,weaker
3497,4014,incomparable
866,2606,stronger
3063,1278,incomparable
1227,1831,stronger
733,2262,weaker
4174,3475,weaker
258,1969,stronger
478,4187,weaker
3119,4593,weaker
3501,2443,incomparable
2038,1292,stronger
3072,51,incomparable
3958,2130,stronger
4266,31,incomparable
3698,2957,stronger
1115,85,stronger
3148,46,weaker
2487,4501,incomparable
147,825,weaker
1112,3197,incomparable
4006,1797,stronger
3500,2191,stronger
286,1923,stronger
3543,575,incomparable
1480,1903,stronger
1151,3125,equivalent
552,2042,weaker
1605,851,weaker
2673,692,incomparable
2614,1051,weaker
1657,2704,stronger
4055,3352,incomparable
3194,2269,weaker
797,4475,weaker
4689,2177,stronger
1759,1668,weaker
2215,1719,weaker
991,3028,equivalent
227,2632,equivalent
2195,4450,incomparable
941,1221,equivalent
4597,144,stronger
266,1806,incomparable
579,4023,weaker
3091,2521,incomparable
4577,2121,stronger
1067,3023,stronger
3020,3809,weaker
3801,4374,weaker
456,2869,weaker
3809,4235,equivalent
521,4018,weaker
2045,1658,incomparable
2580,2756,equivalent
2480,1586,incomparable
3061,3029,stronger
1881,503,incomparable
4454,1906,stronger
1154,2618,incomparable
2348,2598,equivalent
4466,1731,incomparable
176,3202,stronger
4553,3605,stronger
716,2392,stronger
418,2735,stronger
3868,3502,incomparable
4108,4652,incomparable
2460,2812,incomparable
1973,442,weaker
424,1991,stronger
4156,1690,stronger
9,1749,stronger
4286,982,stronger
4167,2788,stronger
443,1452,incomparable
2542,3753,weaker
2057,2018,stronger
2950,2824,equivalent
1215,4183,weaker
3710,68,incomparable
2321,2064,weaker
4680,3538,incomparable
2190,3301,incomparable
741,2048,weaker
2637,1546,equivalent
2040,3542,incomparable
1166,534,equivalent
1365,4127,weaker
2141,4348,weaker
3557,3209,stronger
4393,3481,incomparable
38,4557,incomparable
1843,2439,stronger
2667,3640,incomparable
4040,1865,incomparable
3481,181,stronger
1829,2541,weaker
506,4625,weaker
3885,1762,stronger
3955,3255,incomparable
3279,1952,stronger
1037,1817,stronger
2876,781,stronger
2120,4410,weaker
3257,3856,stronger
1905,4256,weaker
1447,3378,incomparable
755,2104,equivalent
3419,2871,incomparable
1409,4025,weaker
1562,103,weaker
163,1411,stronger
2169,1269,incomparable
42,3336,equivalent
4357,2107,incomparable
1017,1700,equivalent
855,3624,incomparable
4592,3667,incomparable
3126,2999,stronger
1882,1212,incomparable
2900,212,incomparable
4541,1635,incomparable
3471,967,stronger
3061,1069,stronger
2159,2429,equivalent
4365,1409,stronger
1111,2274,weaker
1548,3029,weaker
1746,570,stronger
2520,4128,weaker
3301,4693,incomparable
2365,53,weaker
1174,344,weaker
348,2480,incomparable
4150,2918,stronger
3866,3159,incomparable
4138,1403,stronger
2161,4195,incomparable
1920,1854,weaker
3890,1301,incomparable
894,704,weaker
3993,490,stronger
1042,1356,stronger
2995,1388,equivalent
3514,2707,incomparable
2113,2434,stronger
4570,4443,weaker
454,4569,incomparable
1242,3107,stronger
3735,1363,stronger
4511,1584,stronger
2453,3256,weaker
2138,4184,weaker
4280,3149,incomparable
2900,1501,stronger
3199,602,equivalent
3918,1255,incomparable
1705,2050,incomparable
2324,3785,weaker
4110,1425,stronger
3320,2060,incomparable
1505,484,equivalent
2365,1342,equivalent
3426,4176,incomparable
4259,767,stronger
3126,2194,stronger
1421,3230,equivalent
177,1443,incomparable
1863,165,stronger
3349,3929,incomparable
481,4298,incomparable
689,3281,weaker
1544,1351,equivalent
3118,798,stronger
2421,1624,equivalent
4078,3580,stronger
1139,3517,weaker
2228,1983,weaker
216,4000,incomparable
1384,315,incomparable
4190,3232,incomparable
403,1382,stronger
4520,892,stronger
4091,2472,incomparable
1092,2358,stronger
4598,3966,stronger
627,309,incomparable
646,4523,incomparable
3767,1594,incomparable
2447,3195,incomparable
262,3594,incomparable
971,1839,weaker
3495,1660,incomparable
150,155,weaker
1122,4452,incomparable
4289,4150,incomparable
1228,2404,stronger
3850,316,weaker
1957,4499,weaker
3669,2190,incomparable
4302,3823,incomparable
3860,3478,weaker
4166,552,stronger
3073,624,incomparable
3825,259,incomparable
3914,2960,incomparable
240,3431,weaker
1377,2877,weaker
546,505,stronger
4665,1404,stronger
2670,4556,incomparable
4425,2883,incomparable
1040,1013,stronger
3332,1265,incomparable
2449,2867,incomparable
1954,2107,weaker
1727,2882,weaker
4285,1533,stronger
3676,2206,stronger
3017,3324,weaker
1635,3293,incomparable
1904,3683,incomparable
4435,1477,incomparable
214,1055,incomparable
2996,3386,weaker
418,2548,stronger
3005,2159,equivalent
2506,526,stronger
3027,1918,equivalent
3490,3140,incomparable
945,752,weaker
4666,4234,stronger
4258,2719,stronger
211,1696,stronger
2485,588,incomparable
615,59,stronger
4260,2765,incomparable
2630,2632,equivalent
3449,3489,weaker
1059,4422,incomparable
512,1809,equivalent
1740,1373,stronger
3484,1231,incomparable
3506,990,stronger
1190,152,weaker
1923,3709,weaker
3841,3720,weaker
145,3678,weaker
4144,1277,stronger
243,2523,equivalent
1761,4290,incomparable
1009,2965,stronger
4440,3490,incomparable
3686,3028,stronger
1568,4649,weaker
4579,3834,stronger
2743,4387,incomparable
2438,3751,weaker
289,3807,weaker
1311,2549,equivalent
1147,3838,weaker
237,1173,equivalent
4676,734,stronger
3253,702,stronger
1898,3248,stronger
2576,2934,stronger
1466,3591,incomparable
2144,271,incomparable
516,3971,incomparable
3632,698,incomparable
3818,1642,incomparable
1438,3263,weaker
963,2970,equivalent
3719,3326,weaker
4194,4373,weaker
3622,3393,equivalent
2378,1606,equivalent
3775,225,stronger
3431,415,incomparable
2407,92,equivalent
3355,3049,stronger
4614,4178,stronger
3444,2340,incomparable
2014,1329,stronger
1360,2791,weaker
4655,1735,stronger
2370,964,incomparable
2275,3356,incomparable
4092,3315,incomparable
4138,1216,stronger
2407,1031,weaker
3754,287,stronger
3136,1406,equivalent
2116,2545,stronger
3924,698,incomparable
1394,3314,weaker
2789,544,stronger
1514,1164,equivalent
1156,1456,weaker
3255,3757,stronger
3838,1863,incomparable
849,4157,incomparable
340,2590,stronger
2619,1826,weaker
160,902,stronger
2386,4476,weaker
2680,2479,incomparable
1837,1790,incomparable
4581,3075,incomparable
2494,4009,incomparable
4521,580,stronger
2143,3028,equivalent
1353,2909,incomparable
2160,2443,weaker
1033,1241,incomparable
1490,928,weaker
2384,616,weaker
3931,714,incomparable
3879,4496,incomparable
849,2063,incomparable
272,3745,weaker
2624,4240,weaker
2199,2556,stronger
2332,456,weaker
2256,3090,incomparable
1032,989,incomparable
2866,3773,incomparable
4175,293,stronger
4213,585,stronger
2179,2843,equivalent
126,2607,equivalent
3610,4456,weaker
3813,3095,incomparable
4415,3163,incomparable
1794,1689,equivalent
4688,289,stronger
2682,2151,stronger
4383,3625,incomparable
2610,2248,weaker
807,497,equivalent
469,3885,incomparable
4130,3152,incomparable
4431,2326,stronger
852,3623,incomparable
100,1544,stronger
3758,1294,stronger
2481,2777,stronger
117,959,stronger
1965,231,weaker
4402,4025,stronger
3201,622,incomparable
4582,428,incomparable
860,2171,stronger
3570,2182,incomparable
2309,980,equivalent
3534,273,incomparable
2498,1633,weaker
1003,1725,equivalent
3710,3882,incomparable
1243,1185,stronger
1566,118,weaker
4114,4497,incomparable
4692,7,stronger
1591,1868,weaker
2625,3845,weaker
1037,2248,incomparable
2635,4533,weaker
1341,939,equivalent
546,4640,incomparable
3669,848,incomparable
3753,1485,incomparable
391,1319,stronger
4589,1757,stronger
3944,2773,stronger
3140,1258,incomparable
1345,1812,equivalent
2873,914,incomparable
4294,4283,incomparable
194,4188,incomparable
13,1144,stronger
2107,3855,incomparable
3602,3009,stronger
2850,930,incomparable
3292,2029,stronger
396,2602,incomparable
7,1329,equivalent
3145,2541,incomparable
1715,1530,equivalent
3783,4518,weaker
4251,422,incomparable
3267,1218,stronger
3492,3780,stronger
2661,1408,stronger
4340,3123,stronger
3240,2778,weaker
1390,1181,weaker
471,3126,weaker
1044,544,stronger
1670,3450,incomparable
3638,572,incomparable
969,370,weaker
4541,2066,incomparable
923,25,weaker
2094,2465,weaker
3394,1151,stronger
4223,444,incomparable
1499,4507,weaker
1243,380,incomparable
2906,1562,equivalent
3047,289,equivalent
3864,511,incomparable
820,2906,stronger
3836,3189,stronger
2017,3157,equivalent
2963,3035,equivalent
3952,331,incomparable
2257,2055,incomparable
2873,109,incomparable
237,4019,weaker
1909,591,equivalent
3005,4200,weaker
536,114,weaker
1377,730,equivalent
1623,4169,incomparable
1516,1828,stronger
1507,22,stronger
4351,3231,stronger
2472,704,incomparable
1052,381,incomparable
2893,4144,incomparable
1785,3938,weaker
771,4303,weaker
1351,448,weaker
630,688,stronger
3135,4431,weaker
612,3492,weaker
2491,4329,incomparable
1655,1613,incomparable
4385,3000,stronger
3229,1060,weaker
1732,1079,equivalent
3874,798,stronger
3863,4581,incomparable
4288,3067,stronger
215,1577,incomparable
1469,1608,stronger
3131,3908,incomparable
342,406,equivalent
4669,3698,incomparable
423,2280,incomparable
3215,4545,weaker
4003,3837,weaker
193,4447,weaker
475,1689,equivalent
3453,926,incomparable
2892,2579,incomparable
1488,2789,stronger
801,4303,incomparable
2949,3113,incomparable
2568,1701,weaker
3146,3627,weaker
806,2203,incomparable
1250,1685,incomparable
2375,2060,weaker
4059,4119,weaker
2311,4519,weaker
437,4026,incomparable
664,807,stronger
540,3215,equivalent
2637,4689,weaker
1477,4293,incomparable
653,648,stronger
394,4329,weaker
3424,346,equivalent
3861,347,weaker
3800,2323,stronger
2881,4268,weaker
3669,3560,stronger
4180,100,incomparable
520,4441,incomparable
4016,1389,stronger
34,761,weaker
3260,1820,stronger
350,997,stronger
4023,2745,stronger
2722,424,incomparable
284,2629,equivalent
325,2630,stronger
4513,2380,stronger
1385,166,weaker
70,2111,weaker
4008,3376,equivalent
766,1060,weaker
3515,999,incomparable
4043,3370,weaker
1340,2086,incomparable
1832,1794,stronger
2338,434,incomparable
2407,39,weaker
4215,4608,weaker
252,1778,equivalent
1867,4232,incomparable
1905,2272,weaker
3431,3745,incomparable
265,4457,incomparable
3503,2867,incomparable
141,1947,equivalent
1746,3713,incomparable
128,3405,weaker
1883,1732,stronger
4199,2570,stronger
3445,2108,stronger
4243,2088,incomparable
3195,1933,stronger
623,1132,stronger
3210,4685,incomparable
3191,4443,weaker
538,2522,weaker
2198,4187,weaker
2480,3119,stronger
1511,3257,weaker
945,4566,weaker
2440,3720,weaker
3625,4146,weaker
3615,3458,weaker
3584,1893,stronger
4640,2663,incomparable
793,762,equivalent
1032,3030,stronger
1617,3683,weaker
3241,773,equivalent
3547,2765,incomparable
1315,2564,stronger
1549,516,weaker
3598,1010,stronger
1982,3781,weaker
3508,4500,incomparable
2761,3519,incomparable
2892,4002,incomparable
2422,4053,weaker
1171,4505,incomparable
2981,3293,incomparable
441,2939,incomparable
3648,3756,weaker
4694,3838,stronger
4620,1637,incomparable
4336,1878,incomparable
554,372,incomparable
237,665,weaker
3119,4166,weaker
3688,122,stronger
4657,1704,stronger
4185,928,incomparable
3421,3942,weaker
2848,2360,stronger
1934,2205,stronger
2808,3715,incomparable
2600,568,equivalent
650,3463,weaker
884,1415,weaker
4482,4332,incomparable
4146,4383,incomparable
1425,1769,equivalent
4668,523,stronger
437,3355,incomparable
2236,3674,weaker
507,152,weaker
2248,2745,stronger
1250,4397,incomparable
608,958,stronger
4589,2859,incomparable
2643,1554,equivalent
4441,4681,incomparable
2139,3741,weaker
955,2005,stronger
4649,1412,stronger
2884,4649,incomparable
1046,2123,stronger
4055,2925,incomparable
3098,2134,incomparable
2463,3838,incomparable
1193,830,weaker
418,3463,incomparable
4439,821,incomparable
2140,1118,stronger
729,3355,weaker
1398,481,weaker
460,2184,stronger
1900,1631,weaker
2626,45,weaker
2572,3192,equivalent
795,2662,weaker
1101,2180,incomparable
3241,318,weaker
901,3058,incomparable
550,2077,weaker
3449,1021,incomparable
4287,2120,stronger
3165,1262,weaker
2754,230,equivalent
2241,2863,incomparable
3934,2756,stronger
1931,1883,incomparable
4298,1720,stronger
4067,3285,incomparable
1735,3634,weaker
2989,4419,weaker
2626,4367,weaker
1086,2996,stronger
2299,3972,weaker
532,158,incomparable
1280,3993,weaker
1547,1893,stronger
1349,188,stronger
3527,2782,incomparable
2589,513,weaker
3265,2782,incomparable
4201,1006,stronger
919,3987,incomparable
883,2078,incomparable
2923,3018,stronger
4415,211,incomparable
2033,3449,weaker
421,1266,incomparable
2723,2206,equivalent
3874,1550,stronger
3220,2258,weaker
1291,368,incomparable
1463,1606,stronger
4319,3132,stronger
3154,2392,equivalent
430,39,incomparable
2969,1858,weaker
4058,324,weaker
2721,2510,equivalent
343,794,stronger
152,1226,incomparable
1112,3254,incomparable
4429,2711,stronger
375,2961,stronger
1843,2012,stronger
1726,1427,incomparable
3025,2921,equivalent
4040,1438,incomparable
146,3663,incomparable
323,4491,incomparable
4265,1556,incomparable
3361,4533,weaker
3948,1849,incomparable
2031,4692,weaker
1723,1314,equivalent
3760,2737,incomparable
2631,3906,weaker
4109,3645,stronger
2445,4682,incomparable
3839,3784,equivalent
2254,1704,stronger
2708,1120,weaker
2056,965,stronger
3609,4261,equivalent
23,415,stronger
1048,2838,stronger
1860,2716,incomparable
1337,4661,weaker
58,2099,stronger
4587,2896,incomparable
22,190,weaker
646,3023,stronger
1883,3639,incomparable
3101,4205,incomparable
3471,2984,stronger
2662,1125,incomparable
4324,3425,stronger
241,2745,equivalent
3692,4646,incomparable
3778,3666,weaker
3573,4200,incomparable
3103,4251,incomparable
1486,970,stronger
2007,2362,equivalent
3750,1618,incomparable
2566,4046,weaker
1565,2017,equivalent
2437,1946,equivalent
2984,4559,weaker
702,2551,equivalent
1869,2428,stronger
1843,1207,stronger
1922,1500,stronger
4453,48,incomparable
3821,1269,incomparable
526,2325,equivalent
2666,2937,incomparable
1724,734,stronger
879,2628,stronger
3580,3277,weaker
1128,1612,equivalent
438,1165,incomparable
3394,643,incomparable
190,1063,weaker
3505,1413,stronger
4432,3493,incomparable
2317,4631,weaker
2942,2239,incomparable
801,2156,incomparable
2783,3872,weaker
37,1760,equivalent
322,4373,incomparable
2862,1721,incomparable
4219,3385,weaker
1091,1171,weaker
4349,2677,incomparable
3912,2676,incomparable
741,3044,weaker
715,1823,equivalent
4469,3533,incomparable
570,3162,equivalent
592,2921,equivalent
4451,3893,incomparable
1261,47,incomparable
4074,1691,incomparable
2073,3897,incomparable
4535,2840,stronger
127,2592,incomparable
3492,23,incomparable
4297,982,stronger
1372,817,weaker
687,714,weaker
1261,3430,incomparable
3818,947,incomparable
2770,38,incomparable
1699,4595,incomparable
1109,1346,stronger
940,4543,weaker
766,4390,weaker
3698,3282,incomparable
1387,3542,incomparable
2557,3128,weaker
3810,305,stronger
4515,3504,incomparable
587,483,weaker
2644,838,incomparable
610,3850,weaker
1947,3384,weaker
2997,3585,weaker
3522,23,stronger
2128,921,stronger
872,4035,incomparable
3205,4288,incomparable
4208,3734,weaker
619,3589,incomparable
3387,2050,incomparable
1138,4154,weaker
3214,3061,incomparable
3472,1599,stronger
2632,3837,weaker
3146,4058,weaker
3583,649,incomparable
835,1120,incomparable
14,4354,incomparable
4318,3498,incomparable
799,2594,equivalent
3318,2071,stronger
938,3692,incomparable
1129,1008,stronger
3625,4443,incomparable
3801,727,incomparable
3116,624,incomparable
239,1439,weaker
913,2881,weaker
1575,2034,equivalent
1009,3343,incomparable
1685,1640,incomparable
133,1952,equivalent
1468,3857,incomparable
392,900,stronger
915,2927,weaker
1965,2219,equivalent
3332,4571,incomparable
338,2357,stronger
3650,716,incomparable
871,376,weaker
3235,2194,equivalent
358,3009,stronger
3157,783,equivalent
1459,546,incomparable
2981,557,stronger
3093,798,stronger
2198,3329,weaker
2038,1162,stronger
3631,1605,stronger
2232,2159,stronger
1113,3292,incomparable
2966,2154,equivalent
2582,1225,weaker
2239,105,incomparable
205,3117,stronger
2677,3714,incomparable
822,1773,stronger
3721,4689,incomparable
1314,2235,equivalent
1737,2338,weaker
4268,886,stronger
1900,1578,stronger
3660,4413,incomparable
3770,609,stronger
626,1080,stronger
3704,2241,incomparable
2976,748,weaker
4285,3684,incomparable
4111,4285,incomparable
1475,1779,stronger
3118,3083,incomparable
989,2825,stronger
1739,1071,weaker
1842,2512,stronger
1293,3236,stronger
1284,1430,weaker
4689,2986,stronger
3818,3659,weaker
1149,3457,weaker
4038,1713,incomparable
2285,1769,stronger
113,2373,incomparable
4070,3880,incomparable
4156,3654,weaker
364,1460,incomparable
3772,281,incomparable
3226,2966,equivalent
3443,1503,stronger
277,2215,equivalent
819,320,incomparable
3276,2329,stronger
72,2749,stronger
2534,1692,incomparable
533,3898,weaker
176,3072,incomparable
1449,4099,incomparable
1852,2826,incomparable
4395,2889,incomparable
556,849,incomparable
3374,2083,incomparable
1913,2513,incomparable
2758,1585,equivalent
2016,948,equivalent
175,1157,equivalent
4127,2320,stronger
3571,907,incomparable
1396,2960,weaker
680,3544,incomparable
1120,1564,incomparable
1519,1081,stronger
3740,1093,stronger
4220,2484,incomparable
3642,558,incomparable
1331,1784,weaker
54,4021,incomparable
4209,3823,incomparable
4497,4455,incomparable
2766,4270,weaker
2377,553,equivalent
2084,1240,incomparable
1858,897,incomparable
4547,785,stronger
125,639,incomparable
3237,630,incomparable
3901,3828,stronger
2034,2816,weaker
1793,1441,incomparable
2142,1595,equivalent
917,50,incomparable
1013,4484,weaker
4177,693,stronger
2482,2417,stronger
4670,4009,stronger
2686,1658,incomparable
3651,4030,equivalent
1834,2381,incomparable
2016,143,equivalent
593,111,incomparable
3922,2803,stronger
3060,1118,stronger
603,3273,incomparable
2034,722,equivalent
523,2755,weaker
4454,2849,incomparable
3554,872,incomparable
3497,4502,incomparable
1309,1220,equivalent
121,4438,weaker
116,4094,weaker
138,3853,incomparable
2827,3741,weaker
809,116,equivalent
490,3746,weaker
1923,2022,equivalent
3337,56,incomparable
1305,697,equivalent
556,1333,stronger
2751,898,weaker
2656,4044,incomparable
4001,221,incomparable
2239,723,incomparable
4097,683,stronger
840,2031,stronger
1153,276,weaker
4102,2747,stronger
2548,2232,weaker
2770,2079,incomparable
3484,1422,stronger
1474,102,incomparable
3220,3039,weaker
4277,1058,incomparable
634,3094,weaker
842,3043,stronger
4579,3086,incomparable
1934,1026,incomparable
2949,3707,incomparable
979,1062,weaker
4365,124,incomparable
2797,3875,weaker
1990,2089,weaker
1718,1401,stronger
2805,1484,incomparable
1903,2844,equivalent
3488,3234,stronger
2691,2136,stronger
308,76,stronger
4034,3902,weaker
3556,894,stronger
180,830,weaker
1854,2201,stronger
1219,3905,weaker
2370,3249,stronger
2277,52,incomparable
2175,4471,weaker
771,4681,weaker
3956,1767,incomparable
4265,3276,weaker
748,1287,stronger
192,3284,weaker
4511,299,stronger
4370,1757,stronger
1510,1987,incomparable
3153,4045,weaker
3767,1464,incomparable
4063,294,incomparable
947,3567,incomparable
1589,590,equivalent
1136,56,weaker
1461,3788,incomparable
478,1776,weaker
2090,1515,incomparable
4330,1577,incomparable
1264,241,stronger
3717,3040,stronger
2809,1202,weaker
3685,2593,stronger
1885,2803,stronger
131,914,weaker
537,2356,stronger
373,447,incomparable
4397,3738,incomparable
2740,2536,weaker
2700,3137,stronger
1874,1109,incomparable
4169,1070,incomparable
712,4050,weaker
4399,1532,stronger
13,3295,incomparable
2711,2737,weaker
2437,3666,weaker
2807,2445,weaker
2113,2788,stronger
4021,2111,incomparable
4117,1819,stronger
1593,2752,equivalent
3150,2784,stronger
3088,1906,stronger
1183,3820,weaker
3150,340,incomparable
2041,4605,incomparable
2189,4503,weaker
3407,905,stronger
2645,1336,incomparable
3195,3466,incomparable
3369,4585,weaker
2010,596,equivalent
2669,1730,stronger
939,4399,weaker
1355,4277,incomparable
911,3105,weaker
3879,1654,incomparable
3815,4113,incomparable
4384,69,stronger
4635,1408,stronger
2792,982,equivalent
1056,2705,stronger
4113,2235,stronger
2528,1875,weaker
2999,3712,weaker
2068,4334,incomparable
1058,499,stronger
4294,2246,incomparable
2819,2024,weaker
1506,2352,stronger
55,4436,incomparable
278,3727,weaker
553,1680,weaker
3775,4283,weaker
3116,3149,incomparable
1624,3512,weaker
2737,120,incomparable
2346,3682,weaker
3029,1460,incomparable
981,3820,incomparable
3574,3246,stronger
2687,942,stronger
4693,3052,incomparable
3406,629,incomparable
424,3902,incomparable
489,4297,incomparable
1893,1835,weaker
2385,4549,incomparable
4656,3924,incomparable
578,1336,weaker
2362,4565,weaker
4079,2600,stronger
3086,4596,incomparable
1226,2311,stronger
2731,2153,equivalent
1714,1311,equivalent
215,4667,incomparable
4458,152,incomparable
27,4616,incomparable
1123,89,equivalent
932,521,equivalent
2391,18,equivalent
2095,1188,weaker
2222,3215,stronger
2775,1701,weaker
2652,2799,stronger
1554,2527,equivalent
3271,2282,incomparable
3658,2728,incomparable
4291,1143,stronger
3305,1112,incomparable
4129,2313,stronger
700,171,equivalent
727,1028,incomparable
3963,2775,stronger
892,1095,equivalent
596,2265,weaker
2029,541,weaker
184,3260,weaker
1266,3965,incomparable
1670,608,incomparable
3769,2909,incomparable
851,3723,incomparable
4548,2647,incomparable
4237,2785,stronger
2702,2512,stronger
1193,1208,equivalent
407,299,stronger
3863,100,incomparable
550,1516,weaker
1510,3544,incomparable
1744,1496,weaker
2100,3575,incomparable
1324,910,weaker
3201,358,incomparable
3313,1353,incomparable
885,4246,incomparable
4290,2796,stronger
193,2410,weaker
4150,507,stronger
1454,1922,incomparable
4160,2915,incomparable
4270,3083,incomparable
226,4021,weaker
524,1234,incomparable
2607,1312,weaker
4575,3130,incomparable
2376,2877,incomparable
3675,1153,stronger
2405,1363,equivalent
1298,4011,weaker
417,2276,incomparable
1707,2718,stronger
2956,2405,stronger
4483,4480,incomparable
1468,1389,stronger
4140,1108,stronger
676,4607,incomparable
1523,1096,incomparable
84,531,equivalent
4062,3669,weaker
3817,3838,equivalent
2981,1122,weaker
3638,3341,weaker
3280,3633,stronger
1893,3258,weaker
3629,1343,stronger
530,4031,weaker
325,593,incomparable
2049,3771,incomparable
4480,395,incomparable
2462,3186,stronger
3823,2340,incomparable
2557,794,equivalent
1061,3667,incomparable
1591,449,weaker
2448,1790,incomparable
367,1758,stronger
262,4216,incomparable
2708,3592,weaker
3475,4259,stronger
889,3560,incomparable
1252,1922,incomparable
6,2718,equivalent
386,2939,incomparable
503,3524,incomparable
1022,4089,incomparable
2015,2847,weaker
4052,4270,weaker
4229,934,incomparable
2737,3771,incomparable
3354,707,incomparable
692,3396,incomparable
4219,3629,weaker
368,2518,stronger
1672,2858,incomparable
1185,296,equivalent
4268,1801,incomparable
3697,2766,stronger
3499,307,weaker
1871,4007,incomparable
2480,1082,incomparable
3669,718,stronger
1979,2786,stronger
1754,978,weaker
2550,4295,incomparable
265,2770,incomparable
1956,3556,weaker
3494,3346,incomparable
3358,2519,incomparable
3370,1590,incomparable
89,2544,equivalent
634,4330,incomparable
1678,579,incomparable
341,2765,incomparable
4154,3392,incomparable
4011,832,incomparable
427,1785,stronger
1583,3725,weaker
2624,1211,equivalent
4109,4373,incomparable
3092,2777,stronger
4066,1293,incomparable
3040,143,equivalent
3683,3218,incomparable
1794,1693,equivalent
1909,4649,weaker
4471,2510,stronger
1735,4496,weaker
935,4443,weaker
794,2518,equivalent
1085,1004,incomparable
3715,2941,stronger
2132,1688,stronger
2058,1739,stronger
160,3134,incomparable
2424,3028,equivalent
1001,3750,weaker
2461,3849,incomparable
931,3920,weaker
3335,441,stronger
3254,3485,incomparable
700,3233,equivalent
1696,1508,equivalent
3233,164,weaker
4394,196,stronger
4432,488,stronger
3982,1191,stronger
3538,211,incomparable
761,2196,incomparable
1141,2417,stronger
4608,4097,stronger
93,1508,equivalent
578,3243,equivalent
3104,693,equivalent
289,3140,weaker
4076,826,incomparable
3897,329,incomparable
4542,67,stronger
3327,3182,incomparable
4624,4041,stronger
1940,2807,equivalent
2781,3423,weaker
434,1020,weaker
2624,3439,weaker
642,1723,stronger
4530,4379,weaker
4100,2351,incomparable
4384,2110,stronger
2708,1632,weaker
2854,3901,incomparable
3974,3932,weaker
1742,3731,incomparable
3105,1268,incomparable
2451,2730,stronger
1391,2750,stronger
2534,513,incomparable
2363,631,weaker
4641,4395,incomparable
1914,2525,weaker
4066,488,stronger
81,343,weaker
3878,437,incomparable
1839,2351,incomparable
2221,3207,equivalent
934,30,stronger
3215,93,equivalent
4242,4097,weaker
4192,2290,incomparable
3118,160,incomparable
4527,4266,stronger
764,3756,weaker
2884,518,stronger
581,4049,weaker
3871,2649,incomparable
3661,3593,stronger
194,1159,stronger
2470,878,stronger
1035,1775,stronger
3712,1838,incomparable
4527,1233,incomparable
2832,3711,weaker
3178,1904,weaker
4501,3984,incomparable
4275,4395,incomparable
1648,3695,incomparable
3783,1489,incomparable
1625,1991,equivalent
3557,1900,incomparable
413,2371,stronger
3159,2793,stronger
874,1268,weaker
1230,149,stronger
454,682,incomparable
58,3900,incomparable
1524,4568,weaker
2508,1520,equivalent
2542,4322,weaker
4037,3476,weaker
2745,709,weaker
4542,2645,incomparable
2532,3045,equivalent
1665,1016,stronger
4490,4175,incomparable
185,4614,weaker
3089,3902,incomparable
1124,2355,weaker
463,2084,incomparable
814,1375,equivalent
549,1858,incomparable
327,2977,incomparable
1514,4230,weaker
3678,1264,incomparable
3172,2624,equivalent
1763,2490,incomparable
2652,868,stronger
2614,4548,weaker
1802,2418,equivalent
597,3777,weaker
3152,2911,stronger
4346,2891,incomparable
3176,1053,incomparable
220,1575,equivalent
956,677,weaker
2112,365,weaker
3029,1757,stronger
1253,2361,stronger
1072,1791,stronger
8,349,incomparable
3076,822,incomparable
2680,68,incomparable
1751,1325,weaker
2396,1063,weaker
3383,3194,stronger
1802,324,weaker
2325,2351,weaker
1562,83,equivalent
220,1925,weaker
275,1632,weaker
712,2387,equivalent
2810,299,equivalent
4434,2307,stronger
1411,1607,equivalent
4673,4575,incomparable
1825,3876,weaker
2599,1018,equivalent
4426,1665,incomparable
1783,432,weaker
374,298,incomparable
3977,3559,weaker
4639,2712,incomparable
4346,1147,stronger
1739,3543,weaker
2016,2131,equivalent
3597,3503,weaker
1257,2079,incomparable
2310,134,incomparable
271,2048,incomparable
3363,3107,stronger
3283,869,incomparable
3259,4447,incomparable
828,1407,stronger
3004,3174,equivalent
1825,1782,equivalent
638,529,stronger
2971,782,weaker
1076,4138,incomparable
1649,1556,incomparable
3753,4201,equivalent
1666,971,stronger
3624,2101,incomparable
2674,2481,incomparable
4222,3713,weaker
3379,2270,incomparable
1851,4134,incomparable
2152,4062,incomparable
996,3620,weaker
753,4616,weaker
636,833,weaker
1381,1741,equivalent
307,365,incomparable
852,2151,stronger
2335,2234,stronger
3450,1921,incomparable
4673,2831,incomparable
817,3096,incomparable
2040,4006,incomparable
3592,284,stronger
932,602,equivalent
1432,4123,incomparable
1604,443,weaker
3216,936,equivalent
2261,972,incomparable
4067,3960,stronger
796,3158,stronger
3368,1707,incomparable
2290,2841,stronger
1374,1859,incomparable
1523,1393,stronger
2978,3400,weaker
2875,269,stronger
913,4093,weaker
211,4575,incomparable
3721,1229,incomparable
3404,1522,stronger
4314,1743,stronger
4677,2549,stronger
3383,4617,weaker
4289,4130,incomparable
1044,4549,incomparable
1849,3256,incomparable
2422,674,equivalent
2630,3067,weaker
462,2881,weaker
3022,2359,weaker
2347,500,incomparable
1703,4370,weaker
2780,3765,weaker
3114,2887,weaker
2685,495,incomparable
2425,1322,incomparable
1563,3801,weaker
1835,2045,incomparable
3636,717,stronger
35,2255,weaker
3056,2128,incomparable
1906,4140,weaker
2331,2626,stronger
297,720,equivalent
4275,3858,stronger
4113,1056,incomparable
460,2404,stronger
314,2609,incomparable
1614,2985,weaker
1208,2297,equivalent
3695,2236,stronger
4586,2407,stronger
3846,2405,stronger
4613,820,incomparable
232,4647,weaker
1247,2410,incomparable
629,4283,incomparable
1479,3699,incomparable
2145,4314,weaker
3848,199,stronger
2576,2780,stronger
3154,2262,weaker
1287,496,equivalent
2856,2605,incomparable
3642,3514,weaker
4048,1950,stronger
1364,716,weaker
1644,2985,stronger
1081,3811,weaker
496,906,weaker
3273,2893,incomparable
4338,2463,incomparable
4042,4387,weaker
1209,24,weaker
3064,275,stronger
1338,434,weaker
911,1121,equivalent
3313,979,stronger
2834,2442,weaker
2015,2339,equivalent
3543,1441,incomparable
3918,564,stronger
1411,3164,equivalent
2154,2683,weaker
900,208,weaker
2221,2215,equivalent
3172,2437,equivalent
2064,1477,incomparable
1766,2574,equivalent
2041,527,stronger
2194,769,weaker
2818,3602,weaker
2383,1230,incomparable
3971,3581,equivalent
4067,3289,incomparable
39,2508,stronger
3377,2842,stronger
3824,3531,incomparable
2659,2791,stronger
2492,3617,incomparable
3285,3253,weaker
4527,241,stronger
105,95,stronger
377,2503,incomparable
2581,2908,equivalent
1810,779,equivalent
1474,830,incomparable
252,522,weaker
276,916,weaker
2977,2319,incomparable
2712,2802,stronger
2700,1287,stronger
2221,3504,weaker
2450,358,incomparable
1235,3473,incomparable
2035,4280,incomparable
2351,2796,stronger
2860,1919,stronger
909,270,incomparable
1695,1179,stronger
1024,4192,incomparable
3699,210,incomparable
1885,2242,incomparable
4197,3870,weaker
1484,1898,incomparable
716,3258,incomparable
4658,323,incomparable
1163,2257,incomparable
4659,3177,stronger
3556,2561,stronger
1955,3920,weaker
3586,4655,weaker
401,1153,stronger
241,3904,weaker
700,3664,weaker
628,2098,incomparable
1722,908,stronger
3176,61,incomparable
3248,1627,equivalent
4309,4461,incomparable
932,2509,weaker
512,1923,equivalent
1298,2832,equivalent
2074,3053,incomparable
1009,2729,stronger
2177,1488,weaker
680,1507,stronger
3197,349,incomparable
2116,3464,incomparable
1999,435,weaker
1221,3551,weaker
1704,487,weaker
1014,40,incomparable
1817,4336,weaker
368,3083,incomparable
4673,200,stronger
4131,2095,stronger
3551,3506,weaker
2857,3849,incomparable
424,4146,incomparable
4255,3070,incomparable
3312,457,stronger
1316,3761,incomparable
354,4316,weaker
4618,1432,incomparable
1154,2679,incomparable
1087,1457,weaker
4156,812,stronger
214,1303,incomparable
902,1677,weaker
1112,2453,incomparable
3474,226,stronger
3873,3907,incomparable
1141,1693,stronger
2300,898,incomparable
3489,534,stronger
763,3962,weaker
1503,4526,weaker
2910,1581,incomparable
1566,1842,weaker
2930,2233,equivalent
2596,3111,stronger
440,1996,incomparable
1259,2853,incomparable
2981,1232,incomparable
2047,1391,incomparable
1558,1200,stronger
4022,216,incomparable
1711,1442,weaker
2012,616,weaker
410,3285,weaker
2861,3567,incomparable
3673,3445,stronger
3907,1397,stronger
2842,1073,weaker
3967,1448,incomparable
4521,2788,stronger
2788,1776,weaker
2009,3701,incomparable
3337,4435,incomparable
3373,1648,incomparable
1936,1910,weaker
3899,3384,incomparable
1206,344,weaker
58,4681,incomparable
387,3459,incomparable
46,3166,stronger
2512,1319,equivalent
557,3870,weaker
502,1719,weaker
1885,632,incomparable
106,1719,incomparable
1774,801,incomparable
3431,2757,stronger
3732,1931,incomparable
3594,3687,weaker
4575,3374,stronger
655,3624,incomparable
3241,1879,weaker
3537,709,incomparable
607,200,equivalent
3784,1340,incomparable
2970,2547,equivalent
4038,2388,stronger
1636,4250,incomparable
2054,4009,incomparable
4191,2630,stronger
1971,2254,weaker
937,1997,equivalent
4213,699,stronger
4001,2506,incomparable
1632,344,incomparable
840,4316,weaker
1652,3440,incomparable
4262,2281,incomparable
3608,3743,incomparable
2868,3933,incomparable
1313,1530,stronger
1676,2336,stronger
2658,4123,incomparable
4212,474,incomparable
3245,3691,weaker
3558,1936,stronger
834,3747,incomparable
3945,884,stronger
188,2818,equivalent
3662,3979,incomparable
2392,971,equivalent
2639,848,weaker
824,26,incomparable
4349,1876,incomparable
782,2244,incomparable
4560,2096,stronger
3237,16,weaker
1060,3686,incomparable
2089,2101,incomparable
2961,4282,weaker
143,42,weaker
3615,2820,stronger
1235,4441,incomparable
4043,1577,incomparable
177,3598,incomparable
786,673,stronger
1973,1926,equivalent
245,1258,weaker
1506,3214,incomparable
4037,1008,stronger
1931,1700,stronger
47,1273,stronger
4207,1419,stronger
4124,3636,stronger
1834,1767,stronger
2145,2383,weaker
483,4055,weaker
3953,3754,equivalent
1788,833,weaker
3842,3923,incomparable
3768,1722,incomparable
793,2002,equivalent
1414,4564,weaker
1655,1243,incomparable
32,4533,weaker
1541,175,equivalent
259,1314,stronger
4567,2112,stronger
933,3702,weaker
2979,515,stronger
909,3116,incomparable
2483,2563,stronger
3080,567,stronger
3517,1322,incomparable
3959,1475,incomparable
1175,3235,stronger
3530,3247,incomparable
2888,3780,incomparable
3189,2954,equivalent
964,2234,stronger
3362,2882,incomparable
1411,1233,weaker
2,1099,equivalent
4286,3755,incomparable
2242,1161,stronger
542,2541,weaker
170,683,stronger
627,370,incomparable
4424,4628,incomparable
4362,3750,stronger
4236,4577,weaker
1667,4047,incomparable
1247,2707,incomparable
1782,3805,weaker
3716,377,incomparable
2692,808,stronger
797,3410,weaker
2122,463,weaker
745,2496,weaker
645,1326,stronger
3418,1851,incomparable
1718,3231,stronger
2179,4380,weaker
3411,680,incomparable
1019,3230,equivalent
2098,1008,stronger
2431,4601,weaker
2102,1127,equivalent
741,2727,equivalent
393,3707,weaker
1902,2759,stronger
2222,1983,weaker
2805,4253,incomparable
4562,963,stronger
4196,3057,incomparable
2456,3318,incomparable
3082,3780,incomparable
1055,793,stronger
2832,3605,weaker
4389,3637,stronger
65,4026,incomparable
600,1152,weaker
2591,2230,equivalent
1159,2836,weaker
4430,1194,stronger
189,120,weaker
512,3025,equivalent
2322,3503,incomparable
2464,1866,equivalent
2739,3791,incomparable
3522,2739,stronger
4306,2821,incomparable
4380,2770,incomparable
3757,3545,weaker
2981,4078,incomparable
4577,3284,incomparable
4639,2472,incomparable
4403,1441,incomparable
1598,4576,incomparable
4671,4639,weaker
189,4442,weaker
3370,2318,incomparable
1424,259,weaker
3857,1682,incomparable
1412,1188,weaker
2858,3863,incomparable
4048,2381,incomparable
724,2507,weaker
502,3626,weaker
2580,886,equivalent
188,3436,weaker
756,510,weaker
3870,1328,stronger
2674,4685,incomparable
2,2522,weaker
492,4601,incomparable
2751,4151,weaker
4131,1103,stronger
4669,4162,incomparable
2276,1414,stronger
1629,4047,incomparable
2460,3975,incomparable
2164,2893,incomparable
2002,91,equivalent
1682,675,stronger
2026,3868,weaker
1324,4350,weaker
2747,1938,equivalent
3867,1969,stronger
2005,547,equivalent
3576,1231,incomparable
790,1410,weaker
4085,1108,stronger
4028,574,stronger
4544,3120,stronger
3403,522,incomparable
390,2230,stronger
3103,4202,incomparable
2155,1245,weaker
2793,3222,weaker
207,2523,stronger
3022,830,weaker
2464,2000,incomparable
4162,3957,stronger
3515,4146,incomparable
3623,3679,weaker
1689,691,equivalent
3039,3628,incomparable
2760,4213,weaker
1246,2565,stronger
3185,3453,incomparable
354,2169,incomparable
2589,1887,weaker
481,1944,stronger
1687,3247,stronger
3841,2037,incomparable
954,2164,weaker
1494,3606,incomparable
1748,4654,weaker
247,3211,weaker
2157,917,weaker
1945,2724,incomparable
2769,3925,weaker
393,3036,stronger
3791,1169,stronger
2096,2893,weaker
2101,3237,incomparable
3259,1308,stronger
3904,292,stronger
2142,794,equivalent
1887,2719,stronger
1978,2083,weaker
4397,3608,incomparable
3855,2093,incomparable
2537,3767,weaker
756,4027,weaker
2668,86,incomparable
2866,2545,stronger
3306,2817,stronger
2516,446,weaker
3123,3110,equivalent
3546,3967,stronger
1569,343,incomparable
1808,2611,equivalent
3327,3105,incomparable
1193,1749,equivalent
3251,4049,weaker
1711,2678,weaker
3409,4635,weaker
699,2180,weaker
2827,2001,equivalent
3672,1073,incomparable
843,3622,incomparable
4286,3218,incomparable
3004,385,weaker
1433,455,incomparable
2878,1966,incomparable
4268,1858,incomparable
56,3242,incomparable
4032,827,incomparable
3689,3871,incomparable
2744,431,incomparable
2653,2787,incomparable
891,3289,weaker
2078,4542,incomparable
171,2411,equivalent
99,845,incomparable
1656,877,stronger
725,3751,incomparable
3566,3279,incomparable
2905,3008,incomparable
1451,2165,incomparable
4116,3157,stronger
33,2477,weaker
2318,30,stronger
4394,2347,incomparable
3129,3655,weaker
1522,1816,weaker
1508,1918,equivalent
1728,4136,incomparable
3175,1556,weaker
2941,4358,weaker
298,3125,stronger
556,1471,incomparable
4274,4682,incomparable
246,491,incomparable
4308,4266,stronger
2811,4285,weaker
2622,1380,equivalent
1171,3464,incomparable
2979,1617,stronger
718,486,equivalent
817,4629,incomparable
2802,3418,weaker
870,1257,incomparable
1300,841,weaker
2437,287,equivalent
2526,1268,weaker
986,651,weaker
3594,2829,stronger
345,2540,incomparable
775,1370,incomparable
2196,575,weaker
31,4070,incomparable
3973,381,incomparable
1369,3048,equivalent
3650,3111,stronger
3815,3178,stronger
1136,2288,weaker
1203,3510,weaker
1385,2992,weaker
442,379,incomparable
299,1791,equivalent
2596,2387,stronger
134,34,stronger
3673,1782,stronger
2966,1166,equivalent
1947,1941,weaker
2341,3558,weaker
1997,1304,weaker
1780,2767,stronger
4156,438,incomparable
510,2011,stronger
4271,196,stronger
1733,1231,weaker
1836,2110,stronger
3806,2311,stronger
4248,212,incomparable
1727,662,weaker
3099,3358,incomparable
1945,2053,weaker
4178,1136,stronger
3180,2788,stronger
2280,811,incomparable
575,1847,incomparable
3326,1859,stronger
2787,4025,incomparable
3676,3369,stronger
159,1380,stronger
3552,1613,incomparable
1499,3629,weaker
2251,2510,stronger
1093,2187,equivalent
2758,1752,equivalent
3276,3435,stronger
2309,236,equivalent
3031,3604,weaker
1460,668,stronger
25,2319,incomparable
2742,3501,weaker
3330,3671,incomparable
3130,4549,incomparable
3722,2209,stronger
2801,4081,weaker
4107,330,incomparable
206,1576,stronger
2260,2414,stronger
3939,4129,incomparable
4018,258,incomparable
2760,2737,weaker
2371,1464,weaker
3288,2856,incomparable
3429,617,incomparable
1029,2552,incomparable
3838,2542,stronger
2208,3163,weaker
3923,4535,incomparable
1394,960,weaker
2712,2696,incomparable
500,3901,incomparable
2427,3466,weaker
388,1216,stronger
498,822,weaker
704,3142,incomparable
3689,1106,stronger
2686,2414,stronger
1404,335,weaker
115,3501,incomparable
1875,2172,stronger
1314,3825,weaker
4411,2030,stronger
1871,4682,incomparable
2470,1069,stronger
367,1278,incomparable
2648,1341,stronger
4026,3882,incomparable
3425,4416,weaker
651,4420,incomparable
1938,427,weaker
1807,1664,weaker
3856,2158,stronger
3036,4082,weaker
921,2968,weaker
420,4672,incomparable
1091,3379,weaker
850,4256,incomparable
1101,1623,incomparable
4480,1204,stronger
1113,694,incomparable
361,1059,incomparable
266,4205,incomparable
4251,4350,weaker
3779,4540,weaker
2681,2578,stronger
2431,1649,weaker
2768,1234,weaker
3785,3796,equivalent
2837,839,weaker
3112,2764,stronger
3597,4499,weaker
4185,2949,incomparable
630,2388,stronger
3400,198,incomparable
1569,1095,stronger
3835,126,stronger
2453,849,incomparable
739,2331,weaker
2867,3118,incomparable
255,4204,incomparable
1327,2501,equivalent
988,3035,equivalent
1490,4185,weaker
2130,2825,stronger
4162,3904,incomparable
499,4564,weaker
3972,3780,stronger
300,2634,equivalent
2110,860,weaker
1384,2,stronger
4539,3073,incomparable
3899,4433,incomparable
1256,3200,stronger
2476,4401,incomparable
1521,4437,incomparable
299,2409,equivalent
3819,3915,weaker
1383,531,stronger
3079,1661,stronger
95,135,equivalent
1127,4483,weaker
3013,3293,weaker
2825,3996,weaker
3413,4166,equivalent
1544,2327,weaker
193,1609,equivalent
136,1075,weaker
943,2861,incomparable
4043,3781,weaker
3511,3920,stronger
1956,2271,weaker
1948,3319,weaker
2287,3539,weaker
1636,2266,incomparable
2195,3950,incomparable
4547,281,incomparable
2446,1317,stronger
1386,1337,equivalent
3860,3515,weaker
448,788,stronger
2812,2606,stronger
1045,2764,stronger
257,439,incomparable
2325,4181,weaker
1212,2877,incomparable
1098,1809,stronger
3588,3766,stronger
1676,1291,stronger
2636,3319,weaker
361,2482,incomparable
2205,100,weaker
4455,2570,stronger
1774,1045,weaker
4234,3325,incomparable
905,2353,equivalent
1574,2677,weaker
2267,4361,incomparable
2556,2020,equivalent
1025,957,stronger
3435,3120,incomparable
2380,1794,equivalent
4601,1806,incomparable
3130,40,incomparable
3192,1672,weaker
2107,4079,incomparable
276,4222,incomparable
3220,2185,equivalent
1778,2857,weaker
873,536,stronger
1310,537,weaker
1052,1999,stronger
4458,4157,incomparable
3097,1785,stronger
4000,3279,weaker
1775,1805,equivalent
1634,2354,stronger
3473,1318,incomparable
3989,2366,stronger
434,85,stronger
3242,1385,stronger
293,634,weaker
4401,590,stronger
4270,1827,stronger
2071,1574,stronger
3144,3479,weaker
933,2657,weaker
3032,794,equivalent
231,2385,stronger
3801,36,stronger
2505,2031,equivalent
2405,4079,weaker
2856,568,stronger
1419,830,weaker
4375,308,incomparable
132,2379,equivalent
4692,3398,incomparable
2968,220,stronger
1777,1477,weaker
2477,922,incomparable
3831,2315,stronger
2915,4531,incomparable
2411,302,weaker
2684,3844,incomparable
2020,4618,weaker
681,1251,weaker
2665,1350,stronger
2694,2088,incomparable
1381,2416,equivalent
173,286,weaker
806,4171,weaker
1035,1779,stronger
3836,4352,weaker
4457,498,stronger
1998,1826,weaker
277,2329,equivalent
1736,1826,weaker
4074,2423,stronger
2737,4609,incomparable
4554,3814,stronger
2396,4316,weaker
4065,4589,incomparable
3182,2027,stronger
1513,3474,weaker
4355,1884,incomparable
3321,873,incomparable
1478,255,incomparable
506,876,stronger
660,3006,stronger
961,2180,weaker
2690,3258,weaker
751,1106,equivalent
4295,2018,stronger
771,3022,equivalent
2211,2469,weaker
4451,2531,incomparable
2372,3326,incomparable
3050,760,stronger
4416,3476,incomparable
488,455,weaker
911,1312,weaker
3127,226,equivalent
598,61,incomparable
2386,4163,weaker
1966,3577,incomparable
144,4028,weaker
2833,3162,equivalent
1661,2941,stronger
1527,497,equivalent
618,3130,incomparable
140,122,equivalent
1697,154,incomparable
668,2493,weaker
4121,2777,stronger
19,2047,incomparable
908,1391,weaker
515,2628,weaker
193,133,equivalent
2694,4666,incomparable
559,456,weaker
3955,4178,stronger
1665,2309,stronger
4051,3886,weaker
701,2791,weaker
1962,3993,weaker
379,2740,stronger
1260,4475,incomparable
811,2397,stronger
1812,1016,equivalent
2423,2890,weaker
1160,3305,weaker
3622,3214,incomparable
4682,3194,stronger
1068,3716,incomparable
1063,3372,incomparable
2988,2110,equivalent
651,4367,incomparable
234,1046,incomparable
3859,4066,weaker
1424,3536,weaker
3717,2670,incomparable
3848,3907,weaker
3755,710,stronger
3476,2049,incomparable
4362,4128,incomparable
2650,21,stronger
196,1693,equivalent
3833,3784,equivalent
22,1540,equivalent
1985,3014,equivalent
362,4614,incomparable
2544,2254,weaker
2726,16,weaker
978,416,incomparable
2994,3214,incomparable
265,4681,incomparable
4585,386,stronger
1923,3075,weaker
1503,2489,weaker
118,2941,stronger
4612,2209,stronger
3889,1814,stronger
2254,4343,incomparable
3343,2055,incomparable
3391,3789,equivalent
3675,1104,incomparable
350,3449,equivalent
4440,2856,incomparable
3798,2635,stronger
656,523,stronger
2841,1844,incomparable
1123,2618,weaker
390,1535,incomparable
3781,187,stronger
3201,1598,incomparable
4161,4380,incomparable
800,652,weaker
2630,1782,equivalent
2396,4584,weaker
2189,4483,weaker
1941,217,incomparable
2459,1900,incomparable
752,4553,incomparable
609,303,equivalent
1247,2280,incomparable
548,27,weaker
2588,1721,incomparable
4267,2682,incomparable
2827,3989,weaker
1390,4251,weaker
1006,878,equivalent
1250,1238,incomparable
1372,2167,weaker
2418,2249,weaker
2148,2388,stronger
250,2063,weaker
2041,47,incomparable
2968,2127,weaker
4379,644,incomparable
3398,1711,stronger
1925,2316,incomparable
1102,3969,weaker
1262,3692,incomparable
1313,1937,incomparable
2762,746,weaker
1208,4395,weaker
3496,3185,incomparable
2047,1932,incomparable
3917,3215,stronger
803,145,equivalent
4027,2821,incomparable
1283,1536,equivalent
2225,2204,equivalent
4312,2990,incomparable
4429,357,stronger
1622,4385,weaker
237,673,equivalent
418,4626,incomparable
3223,2245,weaker
258,961,stronger
4556,3323,incomparable
2703,1455,weaker
4124,660,stronger
3687,659,incomparable
898,3573,incomparable
2508,3431,weaker
216,735,incomparable
3252,4114,weaker
1862,58,incomparable
661,3071,incomparable
265,3071,incomparable
72,2676,incomparable
254,4410,weaker
1522,1121,equivalent
3980,1820,stronger
4368,1178,stronger
3468,3365,stronger
2721,2384,equivalent
4443,763,stronger
4691,2585,stronger
4599,2996,stronger
36,925,equivalent
1961,2107,weaker
610,4395,weaker
4576,1292,stronger
1529,6,equivalent
3050,4545,incomparable
3029,3668,incomparable
1823,2173,weaker
1537,4031,incomparable
606,489,weaker
1339,3292,weaker
915,1244,weaker
2625,2272,weaker
709,2307,stronger
4181,389,equivalent
3126,1507,incomparable
3618,1215,stronger
3981,2021,stronger
3045,4551,weaker
428,4539,incomparable
4063,1831,stronger
2711,2985,weaker
345,340,equivalent
1950,1352,equivalent
1399,4447,weaker
2194,1712,equivalent
2099,886,equivalent
2288,3791,incomparable
3160,1276,weaker
2481,4371,incomparable
4088,4520,incomparable
1624,1532,equivalent
3403,4417,weaker
579,4304,weaker
4400,3294,incomparable
3135,4602,weaker
3467,3089,incomparable
3744,1677,incomparable
655,4299,incomparable
2720,1354,stronger
1861,4104,incomparable
1577,4345,incomparable
1868,2831,incomparable
3380,1400,stronger
1876,440,incomparable
3402,1159,stronger
4536,1088,incomparable
1294,1024,weaker
2617,3858,weaker
3811,3838,stronger
2412,4392,weaker
3489,3787,stronger
2069,1020,incomparable
787,2913,weaker
1480,1379,stronger
1817,18,equivalent
3787,219,incomparable
3164,994,weaker
3597,4259,equivalent
2430,1938,stronger
1557,1784,weaker
2381,733,stronger
3902,1108,stronger
2768,1933,equivalent
4304,1088,stronger
3781,3033,stronger
4574,2669,incomparable
762,3206,equivalent
4547,4229,incomparable
784,2965,equivalent
2078,4115,incomparable
2608,897,weaker
1087,522,weaker
3220,3905,weaker
3590,3438,equivalent
519,1004,weaker
4543,323,incomparable
3232,3730,incomparable
2509,137,stronger
4423,2658,incomparable
2152,1785,stronger
197,4336,weaker
3650,456,incomparable
1864,4536,incomparable
4350,4065,incomparable
3808,1796,stronger
4644,2068,incomparable
3101,1180,incomparable
3393,2520,stronger
3074,2740,stronger
1961,1436,weaker
4664,2720,incomparable
801,286,stronger
3571,3546,weaker
2520,3120,weaker
2972,2463,weaker
4049,1104,incomparable
492,470,stronger
1889,2499,weaker
1517,641,weaker
3129,1134,equivalent
1994,1734,weaker
3515,2109,stronger
2620,4640,weaker
1407,4418,weaker
4652,1555,stronger
3680,2176,stronger
1890,3074,incomparable
383,2405,stronger
245,4161,weaker
3545,4203,stronger
1327,3900,weaker
3994,3275,incomparable
2681,1883,incomparable
3297,4101,incomparable
2655,4634,incomparable
2206,2556,equivalent
525,768,equivalent
2264,2534,incomparable
2372,3757,incomparable
4306,4301,weaker
4347,4302,equivalent
2972,3752,weaker
3846,344,equivalent
995,4100,weaker
962,4152,incomparable
2707,1791,stronger
4396,4194,stronger
2517,4111,incomparable
2419,570,equivalent
1137,2463,incomparable
2553,1324,equivalent
99,2996,stronger
2191,4126,weaker
4503,3502,incomparable
3856,3691,weaker
3314,1422,stronger
2316,3074,incomparable
2837,4466,weaker
2608,4414,weaker
1477,2504,incomparable
761,82,equivalent
3424,1001,stronger
678,2299,equivalent
2431,2243,weaker
2577,2068,weaker
2228,1914,equivalent
4234,4024,stronger
2331,2793,stronger
454,3345,incomparable
3022,4404,weaker
2960,3526,incomparable
3231,3989,weaker
3723,4451,incomparable
3415,134,incomparable
3962,2747,stronger
412,2530,incomparable
4478,1351,stronger
2865,3639,incomparable
2791,4656,incomparable
4217,4205,stronger
1922,1992,incomparable
4628,1295,incomparable
856,477,incomparable
2425,334,incomparable
317,199,stronger
4374,3630,stronger
69,97,equivalent
3634,3066,incomparable
1987,108,incomparable
3122,2891,incomparable
3351,499,stronger
154,1898,incomparable
1226,949,incomparable
2991,4128,weaker
2590,3030,equivalent
3999,720,stronger
2378,3147,weaker
1905,483,weaker
3154,3368,weaker
554,2771,stronger
3470,1130,stronger
2061,996,stronger
2682,3558,incomparable
4519,2449,incomparable
64,4075,weaker
2491,3963,incomparable
4146,366,incomparable
113,2247,weaker
13,323,incomparable
297,4054,weaker
3039,3014,stronger
749,1145,stronger
530,2535,equivalent
3498,1084,stronger
4463,3456,incomparable
573,919,weaker
3602,3127,stronger
1368,601,stronger
2362,1459,weaker
1292,791,weaker
1613,3815,incomparable
2504,3794,incomparable
4506,4442,incomparable
1404,1197,weaker
3475,3702,incomparable
161,2264,weaker
4540,1582,stronger
2074,1931,incomparable
331,2675,incomparable
3992,1188,incomparable
2657,1757,stronger
2600,1223,weaker
394,3963,equivalent
1395,2582,stronger
2859,171,stronger
3418,1855,incomparable
4538,1886,stronger
3060,2147,stronger
2511,2871,incomparable
2671,874,stronger
3846,612,stronger
1010,1428,weaker
3672,459,stronger
1097,4056,weaker
3826,4309,weaker
3487,679,incomparable
1295,2351,incomparable
1751,150,equivalent
1174,4276,weaker
1380,1900,weaker
3391,4354,weaker
4043,2065,incomparable
182,4430,incomparable
2190,951,incomparable
4416,4525,incomparable
3100,1172,stronger
911,2361,equivalent
4168,1013,stronger
2246,3512,incomparable
105,3429,incomparable
2280,3096,weaker
955,3599,incomparable
1557,1947,equivalent
222,2516,stronger
857,812,stronger
1249,1602,stronger
1816,1649,incomparable
402,1171,incomparable
4185,3811,weaker
118,1412,stronger
4108,1147,stronger
1282,961,equivalent
2889,1110,incomparable
1292,3369,weaker
1500,4072,weaker
6,3800,weaker
2581,176,weaker
1061,2655,incomparable
1587,1947,stronger
1162,2737,weaker
821,2444,incomparable
4341,3950,stronger
2942,4504,incomparable
3071,942,stronger
2527,4262,weaker
2573,2163,incomparable
696,463,weaker
1690,1321,equivalent
3505,4617,incomparable
3186,4083,weaker
77,1357,weaker
715,4088,weaker
3595,2790,stronger
4322,4058,stronger
277,3862,weaker
2703,142,weaker
1889,3601,weaker
2304,433,incomparable
4678,687,stronger
1839,1794,stronger
3592,48,incomparable
207,1588,stronger
1253,1670,incomparable
2578,2133,equivalent
1148,4128,weaker
2901,1820,equivalent
1091,1342,equivalent
2837,4279,weaker
1285,1393,stronger
2028,1666,weaker
4523,557,stronger
1421,2974,equivalent
4127,1523,incomparable
3954,3258,incomparable
2657,147,stronger
3166,2276,weaker
943,1629,incomparable
4143,3719,stronger
3222,2585,stronger
438,181,stronger
1797,2672,incomparable
4147,4592,incomparable
3980,1446,incomparable
382,249,stronger
1280,1399,equivalent
4289,2955,stronger
1959,3939,weaker
4293,630,incomparable
3221,81,equivalent
4625,3843,stronger
1804,4001,weaker
4624,3618,stronger
1248,3554,incomparable
3111,3104,equivalent
1630,1404,stronger
117,890,stronger
2366,506,weaker
4540,4644,incomparable
1961,2672,weaker
760,1521,weaker
87,2933,equivalent
3045,794,equivalent
3492,1483,incomparable
2141,3771,weaker
930,1932,incomparable
2831,1774,incomparable
3416,707,incomparable
2478,158,equivalent
3777,2406,incomparable
3135,2939,weaker
2350,912,weaker
2756,2354,equivalent
877,1517,equivalent
4583,3967,stronger
1030,69,stronger
1293,2923,incomparable
4376,4428,incomparable
3987,2401,stronger
3930,1867,incomparable
2211,753,equivalent
3747,4634,weaker
1622,1112,weaker
1436,4140,weaker
1727,2626,equivalent
3803,3977,stronger
4226,4080,incomparable
3457,3340,stronger
3780,3993,weaker
858,3345,incomparable
1868,1518,incomparable
3396,620,incomparable
1420,4546,incomparable
197,1384,weaker
2805,1842,incomparable
4429,1406,stronger
1542,1533,equivalent
2438,4300,weaker
1144,706,weaker
1106,414,weaker
4654,1524,stronger
1734,1703,stronger
2025,2441,weaker
547,2702,weaker
1868,2457,incomparable
197,2323,equivalent
446,1307,stronger
921,2354,equivalent
4257,1299,incomparable
1356,1528,weaker
2089,1113,incomparable
4348,1417,stronger
2782,3551,incomparable
2040,2160,stronger
2279,456,stronger
2711,867,weaker
3984,3392,stronger
1577,938,stronger
3827,3408,equivalent
2156,3274,weaker
3582,2823,stronger
3620,3115,incomparable
2615,3788,weaker
1516,470,stronger
4129,2992,incomparable
2498,759,weaker
3981,842,incomparable
3179,3372,weaker
4567,185,stronger
4302,668,stronger
2383,3438,incomparable
3200,3660,weaker
3162,924,equivalent
556,2764,stronger
1858,3967,incomparable
3787,195,stronger
3176,41,incomparable
4196,2874,incomparable
3473,1725,stronger
830,4464,incomparable
1840,2637,stronger
3397,2669,incomparable
2952,3716,incomparable
772,4459,weaker
1944,4680,weaker
2553,1755,weaker
2286,1411,stronger
1661,1359,stronger
2794,97,equivalent
822,789,stronger
646,563,stronger
3027,1796,equivalent
3340,41,stronger
3584,401,equivalent
4069,2136,stronger
2202,1124,equivalent
2668,1863,incomparable
3779,88,stronger
2815,570,equivalent
4410,1648,incomparable
86,2037,incomparable
3436,1442,incomparable
3169,1098,weaker
815,4132,weaker
4404,1079,stronger
3922,3779,stronger
484,2083,weaker
2540,3748,incomparable
1776,3352,incomparable
279,3371,weaker
4350,2536,incomparable
2507,1356,stronger
253,2150,equivalent
2674,4502,incomparable
841,2320,stronger
3150,1987,incomparable
4569,365,incomparable
3590,2259,incomparable
2504,1058,incomparable
799,2094,equivalent
2275,1006,stronger
1060,4121,incomparable
1430,3654,incomparable
2049,1417,stronger
3539,227,stronger
373,939,stronger
99,2622,stronger
238,2966,stronger
3784,31,incomparable
927,3942,weaker
2605,359,incomparable
1297,1031,weaker
1918,3593,weaker
4180,3414,weaker
3385,699,stronger
3245,2382,equivalent
2142,1766,equivalent
1709,975,stronger
1223,3711,incomparable
1588,2146,weaker
3780,1228,incomparable
2023,2074,weaker
3081,1227,incomparable
3270,4132,incomparable
1133,2505,stronger
1845,3465,incomparable
4433,2547,stronger
1434,1679,stronger
893,3018,stronger
4324,3543,incomparable
2832,3906,weaker
1822,3481,weaker
3057,52,incomparable
932,3912,weaker
3346,1875,incomparable
3764,1634,incomparable
2847,242,incomparable
4156,926,incomparable
178,1760,equivalent
3920,2147,stronger
1542,4595,weaker
2917,3455,incomparable
4190,3728,weaker
4489,2075,incomparable
2560,185,equivalent
2899,3815,incomparable
583,2977,stronger
242,2684,incomparable
674,3095,weaker
4636,782,incomparable
3222,304,stronger
3717,2727,stronger
686,2166,stronger
4524,2261,incomparable
732,67,equivalent
883,2680,incomparable
1187,3091,weaker
2536,730,stronger
2057,2193,stronger
2131,2896,weaker
3299,3907,incomparable
4376,3302,incomparable
909,868,incomparable
1833,3239,stronger
3629,1567,stronger
606,867,weaker
814,4014,weaker
3825,3199,stronger
599,3860,weaker
2161,4236,incomparable
35,4276,weaker
1987,673,stronger
598,3635,incomparable
1656,2788,stronger
890,4009,weaker
620,4148,incomparable
3335,4503,incomparable
3844,4380,weaker
831,4368,incomparable
2056,3661,incomparable
3931,3036,stronger
1665,1561,incomparable
3239,1008,equivalent
622,1750,incomparable
861,3456,incomparable
35,2182,weaker
3385,833,incomparable
3262,4375,incomparable
2846,2999,equivalent
3830,1449,incomparable
3525,813,stronger
1703,1264,weaker
1488,1110,incomparable
4332,4319,incomparable
4679,1394,stronger
3080,3580,incomparable
2462,2255,stronger
1598,689,stronger
4554,167,incomparable
4251,166,incomparable
32,2069,weaker
4278,1989,stronger
1339,1926,equivalent
3630,2707,incomparable
28,2300,incomparable
2335,3584,incomparable
3775,587,stronger
1681,350,incomparable
2795,2256,incomparable
4326,3319,incomparable
2304,2958,incomparable
2393,3939,weaker
345,2357,stronger
3602,1009,incomparable
1823,2096,equivalent
3056,1250,incomparable
439,1238,incomparable
2956,4052,incomparable
4625,1107,stronger
1738,1234,incomparable
308,2475,stronger
4342,4202,stronger
3869,1538,stronger
3024,22,stronger
603,1834,incomparable
2774,3257,incomparable
2619,2188,equivalent
2512,4011,weaker
165,1608,incomparable
1018,1295,weaker
849,1486,incomparable
1293,3220,stronger
2504,2615,stronger
2562,341,incomparable
2402,2338,incomparable
3174,3349,weaker
4198,666,incomparable
22,3959,weaker
1976,3627,weaker
902,4503,weaker
568,2937,weaker
3488,506,incomparable
4463,3566,incomparable
3551,4238,weaker
2470,4135,incomparable
2554,2328,incomparable
1785,1588,equivalent
3890,671,stronger
3957,2647,incomparable
2955,393,weaker
4035,1025,incomparable
2980,1389,equivalent
368,1721,incomparable
113,3646,incomparable
3203,3124,equivalent
2840,3072,weaker
3246,1508,equivalent
4528,4341,weaker
653,392,incomparable
83,2491,weaker
2364,2554,stronger
2956,4186,incomparable
4372,3047,stronger
977,2179,stronger
139,3554,weaker
510,1023,incomparable
603,1968,stronger
2383,3735,incomparable
1435,778,incomparable
1662,3975,incomparable
4306,1646,incomparable
1794,896,equivalent
2876,635,incomparable
832,2205,stronger
1377,3991,weaker
3025,4141,weaker
205,2080,incomparable
444,3786,incomparable
4422,2760,stronger
2963,3263,weaker
4184,3346,weaker
4413,954,stronger
2749,2745,stronger
3461,507,stronger
4617,195,stronger
3428,4531,weaker
2831,111,incomparable
448,2215,stronger
2750,3155,weaker
3567,3377,stronger
2734,178,stronger
3007,4474,incomparable
712,2261,weaker
2964,640,incomparable
221,4653,incomparable
4177,1616,stronger
3022,810,equivalent
4321,2304,incomparable
4596,4229,incomparable
3429,2662,incomparable
2118,3063,weaker
4347,492,incomparable
840,4109,incomparable
1212,1271,incomparable
3500,2313,stronger
1767,3745,incomparable
1717,1938,equivalent
125,2851,incomparable
209,3488,incomparable
132,1578,equivalent
3220,2673,weaker
2618,353,incomparable
4455,3408,stronger
1721,367,incomparable
4491,621,incomparable
358,578,stronger
2801,3443,weaker
3109,1344,weaker
2651,3684,incomparable
209,4427,incomparable
1713,3135,stronger
376,1157,stronger
854,1913,incomparable
2399,430,incomparable
2380,188,equivalent
4570,4297,weaker
1757,963,equivalent
1163,2668,incomparable
1454,1154,incomparable
657,4028,incomparable
4036,4363,weaker
1725,3869,weaker
619,1292,stronger
2172,2868,weaker
1322,4418,incomparable
4085,4255,stronger
3033,2638,weaker
2670,1832,incomparable
3251,4029,weaker
1728,2827,stronger
2855,831,incomparable
3715,1689,stronger
3720,2787,incomparable
3215,585,equivalent
212,2981,incomparable
324,3976,incomparable
4506,3881,incomparable
4256,3706,weaker
841,1462,incomparable
2728,3880,weaker
1785,1267,weaker
1652,3367,incomparable
2397,4275,weaker
3204,3809,weaker
1170,3623,weaker
1937,4290,incomparable
1328,799,stronger
2126,779,stronger
405,1282,stronger
2795,2069,incomparable
4490,345,stronger
2007,333,weaker
2566,2017,equivalent
3342,2238,incomparable
904,471,equivalent
2624,2187,equivalent
2194,159,weaker
3926,3952,incomparable
2677,1067,incomparable
1952,4009,weaker
3908,4312,incomparable
1181,2442,incomparable
1255,2391,stronger
2721,3059,weaker
3065,2869,incomparable
4608,751,stronger
1279,533,stronger
1172,636,weaker
466,3628,incomparable
521,3335,weaker
2300,2248,incomparable
3785,714,incomparable
4091,232,stronger
3907,2397,stronger
4583,694,incomparable
3771,816,stronger
703,2817,stronger
2767,4343,weaker
4415,4493,incomparable
3190,2756,equivalent
1311,1919,equivalent
578,836,weaker
3728,3563,stronger
4566,4662,weaker
4029,293,stronger
3521,4024,stronger
2093,1396,stronger
3703,2752,stronger
425,3223,stronger
1731,226,stronger
2534,4522,incomparable
3788,581,stronger
44,4285,weaker
1713,586,stronger
3146,2834,equivalent
3421,787,stronger
4293,2968,incomparable
3548,2814,stronger
4317,1864,stronger
3751,3173,stronger
2285,2505,stronger
287,256,weaker
3626,1192,incomparable
382,493,stronger
948,3156,equivalent
3978,2583,stronger
3575,3856,equivalent
3520,1705,incomparable
3157,1653,weaker
3489,140,stronger
2308,2085,incomparable
3867,3506,incomparable
3614,3060,incomparable
2760,1428,weaker
4073,3574,stronger
1996,1032,incomparable
3529,478,stronger
1222,2577,equivalent
2712,1387,incomparable
4379,4031,incomparable
1486,1869,incomparable
4621,3564,stronger
1254,2300,incomparable
1185,2695,weaker
2038,2382,stronger
2136,3671,weaker
3458,2116,incomparable
4320,1357,stronger
2816,397,incomparable
1498,1879,incomparable
832,2018,stronger
3251,325,weaker
2661,294,incomparable
4113,1064,incomparable
4290,2646,incomparable
2779,515,stronger
4117,1937,incomparable
3133,3487,weaker
593,2941,stronger
3845,1249,incomparable
1736,4087,weaker
2510,3481,weaker
3355,2553,stronger
965,1766,equivalent
1491,1058,incomparable
3182,4288,incomparable
467,1489,incomparable
2719,622,weaker
3123,4647,weaker
1896,2275,weaker
1268,2706,incomparable
2419,2050,weaker
1443,3461,incomparable
199,1674,weaker
369,2085,incomparable
2547,515,equivalent
2836,4590,weaker
1384,3820,weaker
1962,1582,stronger
463,966,stronger
3440,1321,stronger
654,2254,weaker
800,4523,weaker
1763,1372,stronger
1226,201,stronger
226,272,equivalent
4572,3806,stronger
3839,2723,stronger
1741,3276,weaker
201,2659,weaker
1997,2707,weaker
3545,3939,incomparable
852,899,stronger
587,1382,equivalent
1127,2824,equivalent
4229,1373,stronger
3329,3560,stronger
1426,2891,incomparable
2028,1239,weaker
4108,3298,incomparable
524,4251,incomparable
1522,3353,weaker
2019,3405,weaker
2769,4657,weaker
4295,3124,stronger
852,1838,incomparable
3627,2436,stronger
1963,63,weaker
2243,2332,stronger
283,4539,incomparable
4297,3170,stronger
4378,1846,incomparable
2609,3621,incomparable
4691,845,incomparable
3256,1742,incomparable
1533,1418,equivalent
318,4533,incomparable
973,263,weaker
4156,686,incomparable
3025,4438,weaker
805,1618,weaker
1254,690,incomparable
3017,3796,weaker
362,1048,incomparable
324,756,stronger
4646,3704,incomparable
4644,2877,incomparable
3254,2985,incomparable
3916,1384,incomparable
3145,2261,incomparable
4132,450,incomparable
1611,146,weaker
2309,2928,weaker
2517,3631,incomparable
723,623,incomparable
4591,1149,stronger
3925,3540,incomparable
4181,2971,stronger
1514,1152,weaker
2806,4673,weaker
1450,3611,incomparable
3108,4449,incomparable
2067,1301,incomparable
3323,2159,stronger
675,582,equivalent
236,3918,weaker
1714,3657,weaker
50,530,stronger
3787,573,stronger
640,1527,stronger
3413,2052,incomparable
32,890,equivalent
331,4155,incomparable
40,3225,stronger
299,4617,weaker
237,3739,weaker
3707,3438,stronger
2854,1307,incomparable
3831,2750,stronger
2530,429,incomparable
1826,4248,weaker
895,706,incomparable
2438,840,weaker
1672,3781,incomparable
476,2974,stronger
2005,958,equivalent
2003,2605,weaker
4157,641,incomparable
4260,2082,incomparable
3267,1072,incomparable
1068,1573,incomparable
820,1471,incomparable
1312,1933,stronger
2136,3134,weaker
1745,3478,weaker
3865,240,stronger
363,3447,stronger
4635,4588,incomparable
4683,3316,incomparable
1665,2960,incomparable
662,3514,weaker
4337,2679,incomparable
268,1897,incomparable
1567,173,equivalent
516,1999,stronger
3227,892,stronger
4579,2212,incomparable
2681,1887,incomparable
1776,3730,incomparable
2204,4177,weaker
29,2820,stronger
4251,4598,weaker
247,4211,weaker
3713,758,stronger
1669,2328,incomparable
3828,708,stronger
3606,1827,stronger
2596,4408,incomparable
1806,2037,weaker
3260,1190,stronger
1247,353,incomparable
1154,1882,incomparable
3103,3458,incomparable
1224,3375,incomparable
2559,4526,weaker
3987,2458,incomparable
1581,2858,incomparable
2391,1909,equivalent
2518,3936,weaker
3499,425,incomparable
4359,1283,stronger
1040,1753,stronger
601,1117,weaker
2227,754,stronger
2707,2145,stronger
3032,1713,weaker
241,2302,equivalent
2173,1457,incomparable
1572,2745,equivalent
3115,2879,incomparable
3588,847,incomparable
1251,3104,stronger
2954,2961,equivalent
4399,2752,stronger
1240,471,stronger
765,1898,incomparable
4187,2869,incomparable
3022,1375,equivalent
644,3823,incomparable
1138,194,weaker
2067,3663,incomparable
179,1774,incomparable
2541,513,incomparable
1252,1235,incomparable
2320,4486,weaker
2709,97,stronger
3736,3347,stronger
988,4572,weaker
1664,3623,incomparable
1098,768,stronger
3474,1657,incomparable
4611,1103,stronger
1852,3859,incomparable
3185,965,stronger
3854,4507,weaker
821,3119,stronger
449,1261,weaker
1414,3633,weaker
4115,4282,incomparable
540,625,weaker
3095,2011,stronger
1680,3752,incomparable
1286,4387,incomparable
1573,1411,stronger
2218,395,weaker
2481,3249,stronger
4589,940,stronger
36,4475,weaker
3142,1268,incomparable
162,450,incomparable
2021,3264,weaker
3234,3486,weaker
2250,872,incomparable
639,3987,incomparable
589,2180,weaker
3698,1900,incomparable
2163,1627,stronger
1452,4275,incomparable
3556,504,incomparable
3072,2377,stronger
2153,4322,weaker
4266,2357,stronger
4278,1428,incomparable
4300,1187,stronger
3376,2788,stronger
3441,3937,incomparable
1980,3613,weaker
2276,2443,weaker
1467,3994,incomparable
1682,1704,stronger
3392,2732,stronger
4192,3347,stronger
2077,2233,stronger
2978,2900,weaker
275,1616,equivalent
2510,1334,weaker
1304,4003,incomparable
2146,3501,incomparable
1320,1473,incomparable
4450,2824,stronger
2461,129,stronger
3655,109,incomparable
1024,4363,incomparable
1965,2931,weaker
769,2124,incomparable
4363,3579,stronger
4313,1772,incomparable
3129,4200,weaker
1957,1535,weaker
4333,2424,stronger
3113,1223,incomparable
3469,858,incomparable
766,2792,equivalent
2803,4215,weaker
700,452,weaker
2195,4332,incomparable
2508,2577,equivalent
2064,843,incomparable
2652,4019,incomparable
1671,4332,incomparable
1444,1889,stronger
2452,2645,incomparable
33,928,weaker
4184,3240,stronger
4375,556,incomparable
3067,1228,incomparable
4567,726,stronger
2778,1125,incomparable
692,3193,incomparable
1847,3999,incomparable
3058,3394,incomparable
158,3259,weaker
2133,3804,weaker
1138,1967,weaker
1124,2823,equivalent
1955,1997,equivalent
575,3547,incomparable
1480,3424,incomparable
2058,1186,stronger
1709,1032,incomparable
2723,1576,equivalent
1391,3352,incomparable
21,3146,equivalent
501,3783,incomparable
2091,545,incomparable
1368,4122,incomparable
4539,556,incomparable
225,2387,equivalent
366,3558,incomparable
1404,1335,equivalent
1610,3655,weaker
1276,4533,incomparable
1291,3121,stronger
4543,1429,incomparable
4573,3523,incomparable
2580,3338,weaker
3559,3918,weaker
2879,3405,incomparable
2201,309,weaker
152,1535,incomparable
441,2577,stronger
2022,3949,weaker
148,1012,equivalent
3305,2466,incomparable
4129,3667,incomparable
3087,4458,incomparable
1714,571,weaker
430,4081,incomparable
3355,1240,incomparable
2775,3405,weaker
4476,2435,stronger
1733,32,equivalent
4467,629,incomparable
102,1017,stronger
4687,2847,incomparable
2668,1249,incomparable
109,1407,stronger
3755,3052,incomparable
2559,2245,weaker
116,134,weaker
1709,577,stronger
2,786,weaker
2061,1968,stronger
1882,4477,incomparable
4440,876,stronger
2404,2307,equivalent
4302,188,stronger
36,2999,equivalent
1669,397,incomparable
607,3754,weaker
3809,2507,incomparable
4122,752,incomparable
509,3219,equivalent
2263,3765,incomparable
3156,4571,weaker
2710,2764,stronger
3095,885,incomparable
1889,2800,equivalent
225,427,weaker
2202,1799,equivalent
74,3641,weaker
2939,1311,stronger
3907,1702,stronger
4230,4607,incomparable
1132,3733,weaker
2257,1856,stronger
958,3580,weaker
1670,2096,stronger
1114,4093,weaker
498,3595,weaker
408,669,incomparable
3219,3930,weaker
4482,3515,incomparable
3403,75,incomparable
4119,3463,weaker
3528,4685,incomparable
1281,4206,incomparable
1303,3965,weaker
4118,2272,stronger
1238,1126,stronger
3267,3597,stronger
3005,4351,weaker
835,2584,incomparable
2844,2713,equivalent
349,1378,incomparable
1164,773,equivalent
777,135,equivalent
1721,2384,stronger
2332,4258,weaker
2922,1091,equivalent
4083,1123,stronger
3527,676,incomparable
3454,3581,equivalent
2284,1743,stronger
2468,4304,incomparable
1379,3586,weaker
3703,4285,incomparable
4453,841,incomparable
810,2877,weaker
4186,497,stronger
1906,70,equivalent
4509,184,stronger
4466,3520,incomparable
2065,4264,incomparable
1198,2235,equivalent
1630,1892,stronger
3620,3469,incomparable
2488,1923,stronger
1311,1358,weaker
3511,2021,stronger
2005,234,weaker
4388,3048,stronger
413,3591,incomparable
2843,1333,equivalent
2304,3499,incomparable
2765,3894,incomparable
3720,2360,stronger
3102,3479,incomparable
4222,3510,weaker
299,1799,equivalent
763,2657,weaker
4273,3475,incomparable
3973,739,stronger
2209,3612,weaker
3498,446,incomparable
1357,4335,incomparable
271,3134,incomparable
2590,1237,weaker
3495,148,stronger
3734,1662,incomparable
1812,943,weaker
1796,4382,weaker
3868,164,incomparable
3303,2607,stronger
590,635,weaker
1066,4536,incomparable
1766,3981,weaker
752,4346,incomparable
4011,1381,stronger
2209,1518,weaker
4614,893,incomparable
663,332,incomparable
2077,86,incomparable
2694,3438,incomparable
1481,964,incomparable
2954,359,weaker
4140,2141,stronger
1466,1595,stronger
3462,3017,stronger
530,4125,weaker
2600,1524,equivalent
2333,1180,incomparable
3806,575,incomparable
3221,4086,weaker
3169,1452,weaker
3300,1935,stronger
139,3745,weaker
3050,1760,stronger
99,2626,stronger
4235,2186,incomparable
4087,36,stronger
3908,1791,stronger
4281,2531,incomparable
3937,277,stronger
3782,3372,equivalent
845,4136,incomparable
1359,4357,weaker
2682,21,stronger
2933,3804,weaker
3855,2130,incomparable
2320,2823,equivalent
2215,1309,equivalent
725,55,incomparable
4524,976,stronger
3632,3024,incomparable
4506,3588,incomparable
1815,1375,equivalent
1553,2129,equivalent
2857,3967,incomparable
2336,323,weaker
2931,3916,incomparable
1326,2904,equivalent
3385,4086,incomparable
3345,2967,stronger
3710,1402,stronger
1239,3659,incomparable
1807,733,equivalent
2249,1078,incomparable
2648,1349,incomparable
2039,2022,stronger
3107,1863,weaker
2544,437,weaker
4204,1910,incomparable
780,112,weaker
4477,3008,incomparable
459,3669,weaker
2928,585,stronger
2145,4111,weaker
4101,3660,weaker
3748,2044,incomparable
3922,3917,weaker
1227,2494,incomparable
2481,2525,incomparable
638,2099,stronger
2586,2541,weaker
1863,4398,incomparable
736,944,equivalent
4158,1161,stronger
3597,3568,equivalent
4015,3327,weaker
1016,3213,equivalent
1444,4414,incomparable
759,3557,incomparable
4577,4528,incomparable
3212,4666,weaker
2555,195,equivalent
3618,3102,incomparable
172,2299,stronger
4186,176,incomparable
1471,3793,incomparable
1374,2140,stronger
1307,918,stronger
534,4378,weaker
2575,847,incomparable
1305,4255,weaker
2757,2773,stronger
3301,1705,incomparable
2676,1653,incomparable
4288,1392,stronger
3073,4507,incomparable
4415,1167,incomparable
101,554,incomparable
1608,1031,incomparable
4144,4087,incomparable
353,775,incomparable
3202,4328,weaker
2249,273,incomparable
681,4024,weaker
330,3043,stronger
4327,2259,incomparable
1142,2921,equivalent
925,4384,weaker
1357,631,incomparable
3399,2398,incomparable
2458,4584,weaker
3411,1469,incomparable
2153,3948,weaker
1940,457,weaker
4427,396,stronger
3917,1048,incomparable
1083,247,stronger
3975,4436,weaker
2471,3476,incomparable
2299,740,weaker
1855,2978,stronger
58,2705,stronger
2849,4590,incomparable
846,1997,stronger
3981,3692,weaker
2331,463,incomparable
2482,3076,incomparable
3413,202,stronger
4335,4190,stronger
4254,818,incomparable
2249,1562,stronger
2256,289,stronger
1428,4604,incomparable
3455,1367,stronger
2753,1095,stronger
3112,4411,incomparable
1749,458,weaker
2616,43,weaker
1298,2279,weaker
4558,4612,weaker
3658,2635,stronger
2538,3358,incomparable
3873,4509,incomparable
4644,222,incomparable
2703,2671,weaker
2334,330,weaker
4056,429,incomparable
4302,3868,incomparable
3543,3816,stronger
1635,2049,incomparable
458,1484,incomparable
2994,376,incomparable
2431,1202,weaker
2923,1664,weaker
844,2459,incomparable
2353,1511,equivalent
104,205,incomparable
3311,3466,weaker
4109,3446,incomparable
3345,2296,incomparable
2199,1044,incomparable
678,4641,weaker
96,1253,weaker
941,4462,weaker
745,386,weaker
2524,53,weaker
3571,2989,stronger
2955,2491,weaker
570,3768,weaker
2856,4175,incomparable
3321,3780,stronger
2042,1218,stronger
2887,1044,stronger
433,2716,incomparable
2456,4241,incomparable
3946,3051,incomparable
4099,4047,stronger
3278,2363,stronger
4407,1948,stronger
1707,181,stronger
3608,23,incomparable
745,736,equivalent
2240,4616,incomparable
256,2265,incomparable
1441,2691,incomparable
2169,1932,incomparable
3707,1722,incomparable
4481,1116,stronger
267,4117,incomparable
2829,1224,weaker
3644,619,incomparable
2768,3954,weaker
1830,3405,weaker
1150,2892,incomparable
4510,2985,incomparable
2461,4211,incomparable
3882,3416,stronger
1098,1012,stronger
905,3061,weaker
2918,3898,weaker
2672,459,stronger
2178,4088,incomparable
4571,4392,weaker
2742,3672,weaker
4643,3514,incomparable
2067,4257,incomparable
3614,3601,weaker
2824,1230,weaker
1043,1490,stronger
363,1731,incomparable
4680,4335,incomparable
1323,4513,incomparable
4688,1944,stronger
4399,1841,incomparable
2859,1224,incomparable
1417,1142,equivalent
1319,607,equivalent
2607,4386,weaker
1729,2168,stronger
1402,1773,equivalent
1170,2204,equivalent
3494,2903,incomparable
1360,1547,weaker
1513,2543,weaker
2058,4329,incomparable
1105,274,weaker
1741,4622,weaker
306,3267,weaker
213,3076,weaker
1397,2368,weaker
1147,3883,weaker
4235,3288,weaker
2998,228,incomparable
78,407,weaker
2996,3565,weaker
3818,4131,weaker
3000,4438,weaker
405,4185,equivalent
4361,394,stronger
1864,1430,weaker
3672,2801,stronger
4157,4536,incomparable
4618,1713,incomparable
2154,1943,weaker
3728,2144,incomparable
4366,4121,incomparable
2803,3520,weaker
4098,4306,incomparable
3366,1913,incomparable
4233,1498,incomparable
3474,1446,incomparable
1512,2826,weaker
1736,90,weaker
36,1470,weaker
3940,3905,incomparable
2307,845,weaker
1806,2549,stronger
1353,2015,stronger
4214,4639,weaker
3061,2216,stronger
334,346,equivalent
695,1291,incomparable
1901,3540,weaker
2897,1061,incomparable
493,4540,weaker
2479,1302,stronger
142,3559,incomparable
2365,1200,equivalent
176,2389,incomparable
1747,3073,weaker
4076,1672,incomparable
3326,420,incomparable
3305,3515,weaker
903,1405,weaker
3969,3495,weaker
170,2574,stronger
1314,747,equivalent
4125,4008,stronger
815,3278,weaker
1463,4253,incomparable
1387,3477,incomparable
3343,774,incomparable
2257,327,incomparable
629,4027,incomparable
925,2103,weaker
1657,4469,incomparable
3794,646,incomparable
2254,29,incomparable
3704,4136,incomparable
3601,251,stronger
4352,4357,weaker
1766,4412,weaker
3121,2997,equivalent
1137,4618,incomparable
1957,4357,weaker
3760,1412,stronger
489,2862,incomparable
3593,2992,incomparable
1115,106,incomparable
549,1415,stronger
3412,702,stronger
1404,1929,weaker
1395,2375,stronger
888,881,equivalent
3508,410,stronger
2763,4228,weaker
2197,3817,weaker
794,465,equivalent
4662,991,stronger
92,947,weaker
2124,2026,stronger
2536,4414,incomparable
920,3987,weaker
3969,246,incomparable
4163,3495,weaker
1902,112,incomparable
2232,4188,incomparable
3111,1124,equivalent
1384,2401,stronger
1036,3381,incomparable
2147,1606,equivalent
280,4566,incomparable
2768,2478,weaker
1701,1519,incomparable
4294,945,stronger
3246,36,equivalent
4493,2094,stronger
4190,2285,incomparable
4661,4122,incomparable
893,2514,stronger
3080,498,stronger
3560,1889,stronger
4630,113,stronger
1286,2216,stronger
2432,1216,equivalent
558,1477,incomparable
2502,1955,equivalent
193,4008,weaker
1010,66,weaker
3312,1006,stronger
4232,4389,weaker
3404,3978,stronger
911,60,weaker
4082,658,incomparable
4617,1756,stronger
4226,2100,incomparable
4250,242,incomparable
1972,4614,weaker
4688,3851,stronger
230,4048,weaker
4266,186,incomparable
2481,2956,incomparable
4021,4327,weaker
4535,4548,weaker
1412,1924,weaker
1080,1185,equivalent
1830,185,equivalent
257,2838,stronger
620,1200,stronger
3386,2998,incomparable
3786,3117,stronger
3958,191,stronger
3034,1792,stronger
618,3756,incomparable
4651,2629,stronger
4267,946,stronger
313,3120,incomparable
1218,2997,equivalent
3721,1941,incomparable
3917,3573,incomparable
3112,170,incomparable
4674,546,incomparable
3612,2937,incomparable
2838,1099,equivalent
3101,3953,incomparable
2528,119,equivalent
747,379,weaker
1294,2992,weaker
499,1031,weaker
2825,2557,equivalent
4575,540,stronger
347,2889,incomparable
4127,1316,incomparable
1902,596,stronger
2294,3106,incomparable
291,1267,weaker
886,2608,equivalent
1987,2397,stronger
3478,4061,stronger
4507,2476,incomparable
3111,2547,equivalent
2543,3783,incomparable
597,1724,weaker
700,2603,equivalent
2097,1222,stronger
249,4424,weaker
2866,4436,incomparable
3086,2490,stronger
4177,1783,stronger
1347,1663,weaker
3210,1213,stronger
1906,3347,weaker
4315,212,incomparable
1964,2763,stronger
1286,3639,incomparable
3999,3359,weaker
16,631,incomparable
2674,4616,incomparable
4451,2702,incomparable
81,2746,weaker
4236,2548,stronger
1378,195,stronger
4554,1891,stronger
1386,4220,weaker
1794,3291,weaker
4048,3251,stronger
1300,504,weaker
3423,3199,stronger
4059,1131,incomparable
4675,3349,stronger
3078,1444,incomparable
64,298,weaker
1375,3307,weaker
1249,724,stronger
3780,3436,weaker
581,36,equivalent
1159,1962,weaker
2565,135,equivalent
2637,1701,weaker
3322,114,stronger
4151,1659,incomparable
311,175,stronger
1186,375,weaker
611,3850,weaker
4377,659,incomparable
370,755,stronger
1851,4175,incomparable
1424,2418,equivalent
1037,1972,stronger
1238,3948,incomparable
2074,4220,incomparable
2469,23,incomparable
710,796,weaker
2768,3096,weaker
3096,4093,incomparable
1112,1742,stronger
501,3840,incomparable
527,2809,equivalent
1218,448,weaker
2104,2527,equivalent
896,4369,weaker
1708,83,equivalent
2852,700,stronger
2943,818,weaker
1766,4225,weaker
4574,799,stronger
4472,2774,incomparable
3185,351,incomparable
2111,4637,incomparable
2352,1316,weaker
4368,4114,incomparable
791,3794,incomparable
2683,2584,incomparable
4094,347,incomparable
1578,1141,weaker
585,3137,equivalent
3751,4145,incomparable
3706,2682,incomparable
1586,3476,incomparable
3182,2682,incomparable
4283,219,incomparable
1160,2321,equivalent
401,1515,incomparable
4558,2144,incomparable
162,3219,stronger
2918,4329,weaker
318,3732,incomparable
540,361,weaker
3561,234,incomparable
2819,3569,weaker
4667,2087,incomparable
976,3143,weaker
2444,2194,stronger
652,2265,weaker
2765,300,stronger
3847,1759,incomparable
1237,474,incomparable
3210,2636,stronger
2045,1142,stronger
2318,2994,incomparable
1621,814,equivalent
3856,532,incomparable
3165,2112,equivalent
2962,4227,weaker
1888,4349,incomparable
4351,3894,incomparable
762,4503,weaker
863,4555,incomparable
2774,1143,stronger
1198,869,weaker
425,4329,incomparable
4276,1276,incomparable
3804,4664,incomparable
4042,4078,weaker
4231,3977,equivalent
1927,2964,incomparable
2421,1779,equivalent
132,1074,equivalent
3516,999,incomparable
3850,121,stronger
1305,177,weaker
1780,470,stronger
3380,1892,stronger
4159,1630,incomparable
3479,1871,incomparable
4475,3556,incomparable
817,4560,incomparable
160,89,stronger
3516,4382,incomparable
1116,655,weaker
646,4678,incomparable
1293,2045,incomparable
680,3508,incomparable
1955,444,weaker
1535,4022,incomparable
3854,4377,weaker
3789,1538,stronger
2629,388,weaker
1875,680,incomparable
1856,4602,weaker
809,885,weaker
3608,1877,incomparable
1562,2620,equivalent
1794,3909,weaker
1985,1225,weaker
3173,3642,weaker
3976,3966,stronger
1340,1460,incomparable
3513,3710,incomparable
703,85,stronger
2418,3709,weaker
3815,76,stronger
4363,3099,incomparable
140,4294,weaker
3433,2411,stronger
2086,3909,incomparable
570,3878,weaker
3039,794,stronger
563,2707,weaker
4356,1339,stronger
2694,3011,incomparable
4000,14,incomparable
3050,394,incomparable
3399,548,stronger
1833,2682,incomparable
1905,1996,weaker
4635,1693,stronger
2553,2971,equivalent
1051,2646,incomparable
2608,2678,weaker
3623,1195,stronger
4394,318,incomparable
73,978,incomparable
1074,3007,weaker
4582,2998,incomparable
3539,3187,stronger
2338,2036,incomparable
4092,892,stronger
1044,1825,stronger
1529,3560,weaker
3942,544,stronger
3648,97,stronger
2373,3161,incomparable
2400,3264,weaker
96,1497,equivalent
1977,717,stronger
3339,2725,incomparable
4340,2310,incomparable
4350,3752,incomparable
3576,1914,stronger
2956,4650,incomparable
1287,2899,weaker
1932,2637,stronger
1068,317,incomparable
4046,3526,weaker
94,111,incomparable
1219,486,equivalent
4269,3009,stronger
3450,2714,incomparable
1533,1585,equivalent
688,3479,weaker
1872,2771,stronger
3704,3762,incomparable
4158,3178,stronger
2396,4434,weaker
4605,2177,stronger
1881,3988,incomparable
4179,1022,incomparable
242,2611,stronger
3904,36,stronger
2147,882,weaker
41,1574,stronger
1056,91,stronger
1658,2411,stronger
937,2843,equivalent
1305,795,equivalent
1644,261,incomparable
3708,1787,stronger
1518,1842,incomparable
4563,2301,incomparable
3362,1150,incomparable
224,4664,incomparable
3135,2679,weaker
3286,4538,incomparable
1776,4352,incomparable
284,743,equivalent
1718,3593,incomparable
2833,3280,weaker
235,3510,weaker
3685,113,incomparable
866,1098,incomparable
2906,2038,weaker
3534,3327,stronger
1447,97,stronger
4181,694,incomparable
1355,508,incomparable
2480,883,incomparable
1549,3757,weaker
708,697,equivalent
3622,2393,incomparable
3160,4025,weaker
4527,3933,incomparable
2576,2284,incomparable
1545,790,equivalent
3138,1233,weaker
1593,272,equivalent
473,241,stronger
3857,4138,weaker
839,3782,incomparable
2759,4620,weaker
1916,3177,stronger
2375,3691,weaker
2521,2762,stronger
575,1457,incomparable
456,3455,incomparable
4654,4647,incomparable
2407,3414,weaker
189,3865,weaker
225,3330,weaker
187,3038,equivalent
3464,2342,stronger
4448,1546,stronger
2903,585,stronger
3670,4662,incomparable
2285,3424,incomparable
2675,3579,incomparable
1834,519,stronger
1701,3373,incomparable
4376,3363,incomparable
24,1704,stronger
533,1581,weaker
1928,3537,weaker
4192,4185,stronger
1207,3777,incomparable
4657,3790,incomparable
3330,248,stronger
1241,355,incomparable
771,3624,weaker
2025,437,weaker
3028,3101,weaker
984,4671,weaker
1082,1796,stronger
812,1935,equivalent
2596,1192,weaker
3107,4148,weaker
3043,191,equivalent
475,2515,equivalent
2132,3717,incomparable
3411,1526,incomparable
2387,1957,equivalent
329,3629,stronger
3403,884,stronger
4034,4134,weaker
1904,4240,incomparable
2585,2881,weaker
3158,4463,weaker
4433,2153,stronger
1945,4241,incomparable
792,1818,equivalent
2943,899,equivalent
2958,3651,incomparable
169,149,stronger
466,2587,stronger
3771,2219,stronger
445,1710,incomparable
4060,4042,stronger
3335,2820,stronger
1136,3321,weaker
3808,3040,stronger
2736,1737,stronger
1127,1515,weaker
2858,3420,incomparable
215,2187,stronger
2966,2199,weaker
2749,4416,weaker
8,1894,incomparable
2620,1562,equivalent
1868,2681,incomparable
739,652,weaker
3213,2076,weaker
3199,2932,equivalent
2750,854,weaker
3939,490,stronger
2523,1629,weaker
370,2475,incomparable
1132,2798,equivalent
922,2988,stronger
1292,1767,weaker
3611,2876,incomparable
1114,3158,equivalent
773,2865,weaker
2313,4236,weaker
1134,4564,weaker
910,884,stronger
3489,4576,incomparable
2190,638,incomparable
4058,4504,weaker
2074,2907,stronger
3029,4591,incomparable
3559,1373,stronger
2432,171,equivalent
3266,2060,incomparable
3075,2492,stronger
2195,4365,incomparable
3248,2420,weaker
3217,855,weaker
3439,3708,weaker
311,740,incomparable
2981,2830,stronger
1561,63,incomparable
2230,3605,weaker
1848,1059,incomparable
2560,2019,weaker
1937,2794,stronger
922,4277,incomparable
2285,1814,stronger
1293,248,stronger
3194,90,weaker
3187,3837,weaker
1542,952,weaker
3168,2841,weaker
2963,4129,weaker
2092,638,weaker
655,900,stronger
2804,3318,incomparable
3211,1198,stronger
3061,3883,incomparable
2445,3385,incomparable
1607,2286,weaker
2684,1681,incomparable
158,1787,stronger
2534,2676,incomparable
2014,4330,weaker
168,4195,incomparable
3688,1537,stronger
185,3610,weaker
3447,162,incomparable
105,1372,stronger
871,905,equivalent
4405,4561,stronger
430,3414,incomparable
3883,2944,incomparable
4277,3063,incomparable
715,3775,weaker
50,2604,stronger
4226,3283,incomparable
1819,829,weaker
2519,3684,incomparable
3506,4125,incomparable
2558,1168,stronger
421,2547,stronger
1040,310,weaker
1611,1065,weaker
197,587,equivalent
2385,459,incomparable
2968,2729,stronger
4224,3587,weaker
1492,1373,stronger
3510,2554,incomparable
538,99,weaker
4574,2653,incomparable
1986,1127,equivalent
826,731,incomparable
2474,127,incomparable
4136,2427,stronger
108,4652,incomparable
1550,1728,weaker
3365,860,incomparable
2155,4319,weaker
1902,3873,incomparable
3691,1030,incomparable
998,4406,weaker
1607,1481,weaker
3508,2077,stronger
3497,1164,stronger
2941,3915,weaker
2299,4448,weaker
676,1322,incomparable
4482,970,stronger
4351,4459,incomparable
4523,1533,stronger
533,1044,weaker
2394,4685,weaker
4388,1308,stronger
2844,3201,weaker
1379,3135,equivalent
1694,2015,stronger
1276,2256,incomparable
4192,615,incomparable
2845,1359,equivalent
1451,3011,incomparable
4228,4244,equivalent
1767,773,stronger
4174,975,stronger
378,2045,incomparable
2389,4499,incomparable
3369,3207,stronger
236,649,weaker
3527,4547,incomparable
1187,871,equivalent
490,1697,weaker
65,13,incomparable
3542,883,incomparable
1749,2072,weaker
3936,810,stronger
119,2693,weaker
4190,1858,incomparable
2607,605,equivalent
3810,2391,stronger
4494,549,incomparable
3995,1390,stronger
77,2467,weaker
3423,410,equivalent
704,2565,stronger
3178,579,weaker
3028,820,weaker
1758,4228,weaker
825,4023,incomparable
273,1066,incomparable
3683,2966,stronger
4333,4014,incomparable
3686,231,incomparable
1580,923,equivalent
2970,2535,equivalent
1751,4188,weaker
3170,2566,equivalent
1594,40,incomparable
2734,723,incomparable
2173,2376,incomparable
2606,3921,weaker
2773,651,weaker
662,245,stronger
173,4218,weaker
741,1292,equivalent
2786,2576,weaker
1334,1806,incomparable
114,4577,incomparable
4090,2916,stronger
1256,4367,incomparable
3391,2915,incomparable
2264,1713,incomparable
3315,3859,stronger
1283,528,weaker
3146,4050,weaker
3223,4270,weaker
2433,1899,equivalent
4552,3886,incomparable
4122,1858,incomparable
1488,179,incomparable
3167,1894,incomparable
1632,1621,stronger
3879,2854,incomparable
4639,98,stronger
1879,1498,incomparable
1910,811,incomparable
4098,2403,stronger
4342,1043,incomparable
2195,1734,equivalent
2026,4177,weaker
813,1703,equivalent
1558,2611,stronger
1552,4486,incomparable
726,2458,weaker
1435,1457,incomparable
2908,852,weaker
4649,3445,stronger
1655,3675,incomparable
861,3814,incomparable
3404,3685,incomparable
3237,1293,incomparable
1234,2864,incomparable
4087,1463,incomparable
814,2278,weaker
4391,1874,incomparable
738,3222,weaker
3756,3578,incomparable
1264,2514,stronger
2623,87,stronger
235,1847,weaker
2067,2838,stronger
3419,3404,weaker
415,2946,incomparable
1117,3218,incomparable
2593,2130,weaker
2256,293,stronger
4417,62,incomparable
1825,3490,weaker
2479,2782,incomparable
271,723,incomparable
2162,631,incomparable
1678,1750,incomparable
742,4280,weaker
1876,4209,incomparable
2970,3019,weaker
2693,267,equivalent
530,425,weaker
270,1252,incomparable
793,3279,weaker
1982,2915,weaker
2809,1381,equivalent
4383,828,incomparable
124,2366,stronger
2543,4645,incomparable
762,2653,weaker
3807,3112,incomparable
1596,2290,weaker
3170,3989,weaker
4462,2814,stronger
1819,1581,weaker
2321,2731,equivalent
1676,3747,incomparable
528,1668,incomparable
1794,3214,weaker
3138,509,equivalent
2193,3485,weaker
2310,98,stronger
4020,1126,stronger
498,2957,equivalent
183,3885,weaker
563,4106,weaker
1050,3470,incomparable
1394,4034,weaker
2488,2090,incomparable
1621,4225,weaker
4637,536,stronger
277,1268,weaker
3539,4236,stronger
2799,4426,incomparable
970,2952,weaker
1166,4584,weaker
880,26,incomparable
3256,1669,stronger
3044,3476,incomparable
1146,899,stronger
2909,807,stronger
3389,2198,stronger
1873,2167,incomparable
4266,2471,incomparable
2965,150,equivalent
2992,1973,stronger
2130,288,stronger
813,3126,weaker
4471,2876,incomparable
4276,4098,incomparable
3856,1260,incomparable
2617,3789,weaker
1471,2537,stronger
2087,591,stronger
3711,2599,stronger
4671,4627,weaker
2350,3445,weaker
2534,2034,stronger
971,1433,weaker
2946,1978,stronger
3157,2198,equivalent
1550,3769,weaker
3986,1491,incomparable
4593,4155,incomparable
3299,561,stronger
4407,3241,stronger
2091,2403,stronger
1764,2008,stronger
506,4487,incomparable
1925,2865,incomparable
2555,817,weaker
1675,1936,stronger
4361,1553,stronger
703,2557,stronger
521,42,weaker
884,4066,weaker
2250,1120,incomparable
3652,4247,equivalent
3991,3713,weaker
3715,1563,stronger
4262,4176,weaker
1910,1429,incomparable
1110,1376,stronger
2667,1408,stronger
253,4199,weaker
497,2839,equivalent
309,2788,stronger
1049,1100,incomparable
3719,2436,stronger
1747,3882,weaker
489,1443,incomparable
766,4195,weaker
1815,1542,equivalent
3917,4114,incomparable
261,2747,stronger
3155,1347,stronger
120,1576,stronger
2979,3565,incomparable
147,3399,weaker
3729,1619,stronger
578,1865,weaker
4435,2010,stronger
3986,4658,weaker
863,2034,stronger
3597,3385,weaker
3545,3195,incomparable
871,4369,weaker
1127,2080,weaker
3677,116,stronger
2579,598,weaker
1414,3076,weaker
4234,1727,stronger
1949,202,stronger
729,2973,weaker
2864,767,stronger
2234,2815,equivalent
1981,2369,equivalent
4214,1260,incomparable
1495,3415,weaker
695,356,incomparable
225,407,weaker
1226,746,incomparable
3669,2857,incomparable
1004,1865,incomparable
1367,1917,equivalent
2722,2754,stronger
1017,3790,weaker
1619,2892,weaker
3130,1825,stronger
2703,260,weaker
2930,3457,weaker
1211,623,weaker
1130,3667,weaker
8,2809,stronger
4569,4053,stronger
3867,4535,incomparable
1092,931,stronger
4015,4433,weaker
3037,2765,weaker
3835,2745,stronger
573,3749,weaker
3527,2400,stronger
607,2579,weaker
1710,3195,incomparable
3788,455,incomparable
3807,4669,weaker
3628,3206,stronger
1369,2902,weaker
2074,439,incomparable
1148,1213,equivalent
2765,1296,stronger
1724,2312,stronger
1168,4309,weaker
4690,34,incomparable
2551,778,weaker
4478,343,incomparable
876,3908,weaker
2390,3304,weaker
2452,4182,incomparable
2722,1599,stronger
915,3082,weaker
1939,1153,equivalent
3876,460,stronger
395,3046,stronger
2843,3057,weaker
630,3852,incomparable
4579,1334,incomparable
3636,2693,incomparable
3777,4618,incomparable
3302,3571,stronger
1482,685,stronger
3873,4326,incomparable
4664,3135,stronger
2035,1800,stronger
2073,2092,stronger
192,3626,weaker
3516,1056,incomparable
4626,399,incomparable
3153,1004,weaker
3258,266,incomparable
4192,4079,incomparable
2843,24,weaker
4539,1154,incomparable
4133,466,incomparable
4618,2201,stronger
1700,3015,weaker
841,2759,stronger
1118,1347,equivalent
2269,691,stronger
4533,1339,stronger
3975,2509,incomparable
4419,1991,stronger
360,1897,incomparable
1189,3442,weaker
1129,947,incomparable
874,2118,equivalent
944,1167,weaker
1212,2113,incomparable
954,3575,weaker
1399,4191,weaker
644,2595,stronger
1017,891,equivalent
2918,1487,weaker
3941,1585,stronger
1165,3206,stronger
1609,1934,weaker
3195,3458,incomparable
4086,3629,stronger
4633,3798,incomparable
820,727,incomparable
1897,122,stronger
324,3529,weaker
1435,1754,stronger
1858,1857,incomparable
4286,3690,incomparable
2902,2832,stronger
422,839,incomparable
2046,2847,incomparable
2531,4582,incomparable
2722,1144,stronger
642,3057,incomparable
3815,1072,incomparable
2005,1503,equivalent
2888,1621,stronger
4383,775,incomparable
3094,3941,incomparable
4166,2992,incomparable
2244,1519,incomparable
1268,2930,stronger
1323,3391,incomparable
1839,3685,incomparable
643,2878,incomparable
3317,3424,stronger
3740,1837,incomparable
2599,929,equivalent
1644,3217,stronger
4168,3038,stronger
245,3771,weaker
727,1825,stronger
4634,1525,incomparable
69,3545,weaker
3876,4327,incomparable
1240,1821,incomparable
3573,2074,incomparable
1632,1113,incomparable
2162,1867,incomparable
4037,488,stronger
515,2319,weaker
3598,3824,weaker
196,2539,equivalent
3202,1380,equivalent
2964,1966,incomparable
3561,3942,weaker
2547,2617,equivalent
1506,3633,incomparable
3011,1031,incomparable
3926,2350,stronger
3523,4589,incomparable
2348,2407,equivalent
1,4,stronger
582,2201,equivalent
701,2832,equivalent
2258,2864,incomparable
3765,1843,incomparable
4099,965,stronger
3988,3578,weaker
1397,2535,equivalent
1014,4460,incomparable
665,4306,incomparable
2831,3665,incomparable
3927,858,incomparable
480,4526,weaker
1349,774,incomparable
148,3033,equivalent
4217,3815,stronger
984,3305,weaker
1784,4112,weaker
3245,272,equivalent
1001,3474,weaker
2971,2921,equivalent
2931,1802,stronger
4650,4636,weaker
4545,3122,incomparable
3428,2608,stronger
2100,184,stronger
1974,1011,equivalent
1702,3521,weaker
2729,355,weaker
3821,2310,incomparable
4559,2239,incomparable
2506,4255,incomparable
3246,1813,equivalent
4305,4574,incomparable
2469,2121,stronger
1373,3238,equivalent
2457,606,stronger
3754,4471,weaker
225,1159,equivalent
3542,4026,incomparable
2570,483,weaker
1219,2771,equivalent
2110,2942,weaker
565,1981,equivalent
2230,3044,weaker
4661,422,incomparable
829,1273,stronger
4569,833,incomparable
209,1565,stronger
3198,991,equivalent
1864,442,incomparable
955,631,incomparable
1397,1730,equivalent
3288,884,stronger
2092,77,equivalent
725,3552,incomparable
1814,2018,equivalent
3626,879,incomparable
2849,1187,stronger
2255,2700,incomparable
954,4543,weaker
4230,3245,stronger
3886,3435,stronger
3705,4555,incomparable
18,657,weaker
4558,4242,stronger
243,775,weaker
4384,679,incomparable
1538,807,equivalent
4019,3964,weaker
4380,3189,stronger
2802,2280,weaker
956,2145,equivalent
4483,2378,stronger
1007,390,weaker
1544,2315,equivalent
2856,2516,stronger
1347,1212,weaker
1670,4117,incomparable
2685,2634,stronger
2716,1947,stronger
3854,4247,equivalent
3830,3661,weaker
3388,310,incomparable
3885,1116,stronger
3649,3091,incomparable
3279,1306,stronger
1780,4662,incomparable
61,2582,stronger
2210,274,weaker
1773,273,weaker
2222,1597,stronger
2321,3296,weaker
3367,1126,stronger
3611,3738,weaker
2945,3123,equivalent
894,1802,equivalent
2432,94,weaker
4154,2445,incomparable
4596,2790,stronger
1129,1110,incomparable
2707,2019,incomparable
4456,4473,incomparable
1433,3773,incomparable
3355,2240,incomparable
378,2639,stronger
2632,1845,weaker
1183,592,equivalent
2647,1187,stronger
104,1124,stronger
1370,2670,incomparable
4677,1439,incomparable
57,2998,incomparable
1779,1377,equivalent
1853,1326,stronger
3348,480,stronger
3422,1183,stronger
2847,2938,stronger
3986,767,stronger
875,3630,incomparable
2394,4124,weaker
1766,391,weaker
202,2598,equivalent
2810,3056,weaker
804,946,equivalent
2426,2127,weaker
2734,28,incomparable
2560,2881,weaker
2644,3518,incomparable
2546,731,weaker
2702,1244,incomparable
2309,2481,weaker
4632,2046,incomparable
1383,1003,stronger
882,2707,incomparable
4479,4433,incomparable
2619,4400,weaker
4671,2159,stronger
610,1992,weaker
775,1305,stronger
2619,1367,equivalent
2010,2040,weaker
531,4328,weaker
1889,767,equivalent
2265,3498,incomparable
3010,4406,weaker
47,3949,incomparable
1377,592,equivalent
3476,3647,stronger
3553,3113,incomparable
2606,3010,equivalent
3518,4058,stronger
2783,2148,weaker
3636,4279,weaker
2113,3077,incomparable
323,3251,stronger
448,2199,incomparable
3094,2949,incomparable
4443,588,incomparable
1024,3298,incomparable
3586,3411,equivalent
2283,4427,incomparable
3723,1430,incomparable
3776,502,stronger
2471,691,stronger
4054,2698,stronger
3087,2909,incomparable
1786,588,weaker
3933,3869,incomparable
4043,65,incomparable
578,2430,weaker
3678,3350,incomparable
646,844,incomparable
174,1034,weaker
4620,76,stronger
2920,1456,weaker
2641,2041,weaker
1407,942,equivalent
2222,4309,incomparable
276,2250,incomparable
718,3349,weaker
4450,3048,stronger
1026,1250,incomparable
4243,2755,incomparable
573,2436,equivalent
4165,3064,incomparable
3695,671,stronger
2692,1979,incomparable
116,1968,equivalent
2862,1636,incomparable
4350,2817,stronger
687,2723,equivalent
3703,2252,incomparable
3293,4074,incomparable
261,1568,stronger
3155,168,incomparable
3344,3073,incomparable
3270,3124,stronger
1248,4453,incomparable
1902,547,stronger
2810,2385,weaker
2963,3381,weaker
3625,1780,incomparable
3135,455,weaker
1065,3056,weaker
1649,1764,incomparable
1902,3930,incomparable
2356,4100,weaker
351,680,incomparable
4625,2648,incomparable
1691,485,stronger
1713,4408,incomparable
323,352,stronger
94,3498,incomparable
3648,3834,equivalent
4574,616,incomparable
4025,3592,equivalent
3727,2437,stronger
2963,1287,equivalent
3164,3263,weaker
2362,1821,weaker
172,1876,incomparable
1818,3643,weaker
4344,1093,stronger
1159,4007,weaker
780,3422,weaker
1828,1887,weaker
2308,2524,stronger
4689,4511,incomparable
3154,1986,equivalent
1983,2175,stronger
3736,3839,stronger
1649,609,stronger
2297,4028,weaker
3450,4007,weaker
4527,2648,incomparable
4400,1375,stronger
499,2621,equivalent
2643,2221,equivalent
1953,4218,incomparable
3410,636,incomparable
2159,3340,weaker
134,1742,weaker
2128,1775,stronger
3260,877,stronger
4581,2884,incomparable
2062,4161,incomparable
1181,2426,stronger
3712,220,stronger
1470,85,stronger
2048,2011,stronger
740,1929,incomparable
3484,1524,stronger
1548,907,weaker
266,2046,incomparable
362,2508,stronger
4589,3876,incomparable
4,2800,stronger
40,2457,incomparable
1774,3879,incomparable
313,3555,incomparable
1822,2607,equivalent
3513,3393,stronger
1052,3894,incomparable
1317,1159,equivalent
1807,3238,equivalent
857,3618,incomparable
1483,2360,stronger
4138,2664,incomparable
2851,4213,incomparable
924,2396,equivalent
4034,4004,equivalent
1606,2201,equivalent
2053,1200,stronger
1762,2714,weaker
1113,2268,incomparable
3852,3209,stronger
1989,3659,weaker
127,2991,stronger
4215,1571,incomparable
137,1235,weaker
591,651,weaker
2086,559,stronger
1239,1626,stronger
4420,3666,incomparable
27,2006,stronger
118,2124,incomparable
603,3859,incomparable
902,2206,equivalent
2836,1996,incomparable
410,3464,weaker
3364,2115,incomparable
1495,2720,weaker
721,882,weaker
1770,4645,weaker
3747,3573,incomparable
1331,1565,equivalent
355,2976,stronger
3261,647,incomparable
3039,1766,stronger
2096,3125,equivalent
4568,4476,weaker
3198,3516,weaker
1355,3090,incomparable
2196,3706,incomparable
2838,729,equivalent
902,112,weaker
3995,4025,equivalent
1908,795,stronger
1154,2053,weaker
1049,539,stronger
1116,1761,weaker
2597,1017,equivalent
2475,4060,incomparable
2084,4404,incomparable
2392,2305,equivalent
3538,1305,stronger
1490,3665,weaker
4150,4313,incomparable
4055,1043,incomparable
2906,82,weaker
2417,3301,weaker
3148,2059,weaker
3430,2711,stronger
4300,1813,stronger
1619,1042,weaker
3454,2516,stronger
3153,3342,weaker
651,4034,incomparable
2005,1263,weaker
744,1781,stronger
2280,3942,incomparable
4388,1633,incomparable
2526,211,weaker
854,4393,incomparable
3018,673,equivalent
4100,412,incomparable
1629,2669,incomparable
989,4029,incomparable
929,780,equivalent
3890,602,stronger
1142,4271,weaker
1097,2808,weaker
1438,3101,weaker
3910,4452,incomparable
689,1293,weaker
3898,2937,incomparable
945,724,equivalent
130,548,stronger
3244,1366,weaker
3022,2485,weaker
3433,3517,weaker
1893,648,weaker
3008,335,incomparable
4289,1223,incomparable
2837,453,weaker
299,734,equivalent
4031,433,incomparable
3112,2378,stronger
2864,4528,incomparable
3320,1361,incomparable
2371,4595,weaker
3159,3887,incomparable
3296,1906,stronger
3829,4621,weaker
1035,775,incomparable
1835,1582,stronger
205,4455,incomparable
1907,704,weaker
4023,2420,incomparable
1232,1289,incomparable
1397,1356,equivalent
478,3301,weaker
4487,834,incomparable
1464,134,incomparable
189,3198,equivalent
3215,3415,weaker
1326,2644,weaker
3425,781,stronger
2795,577,stronger
2743,4359,incomparable
501,3470,incomparable
2213,1161,equivalent
1308,3004,equivalent
3104,1332,weaker
4005,2753,incomparable
2310,4477,incomparable
2556,1500,equivalent
3807,2014,incomparable
106,2382,stronger
766,4118,weaker
644,745,stronger
4090,2302,stronger
2144,243,stronger
1001,3234,equivalent
2188,4487,weaker
727,4163,incomparable
113,328,weaker
987,1084,equivalent
2953,2075,weaker
661,3543,incomparable
580,2423,equivalent
4680,2518,stronger
1435,2937,incomparable
3902,3190,stronger
2737,2450,incomparable
4550,193,stronger
950,4585,weaker
3892,4165,incomparable
410,699,stronger
2500,3446,weaker
1719,3635,incomparable
643,3122,incomparable
170,1212,incomparable
4402,480,stronger
61,2208,stronger
837,1675,incomparable
3569,2199,incomparable
3013,4196,weaker
3835,2318,incomparable
2059,2922,stronger
503,3492,incomparable
1437,889,stronger
1029,2784,stronger
1416,3984,weaker
2990,3431,incomparable
1018,905,equivalent
1131,4000,incomparable
1800,1880,weaker
3596,208,incomparable
289,3913,weaker
2737,4678,incomparable
2711,3457,weaker
3478,3370,incomparable
2065,84,stronger
4570,3073,incomparable
194,4026,incomparable
3088,2626,stronger
1202,618,incomparable
2040,1717,stronger
3800,388,weaker
1790,1542,stronger
4243,1897,incomparable
2901,3739,weaker
2803,198,weaker
13,1921,weaker
2625,1589,equivalent
2095,1774,weaker
3222,532,weaker
2224,2184,equivalent
2647,3041,stronger
832,1465,incomparable
1534,1737,equivalent
3798,1631,incomparable
3593,2919,incomparable
2416,2354,equivalent
454,4488,incomparable
3788,2606,stronger
3237,3257,incomparable
3330,3448,stronger
2860,301,stronger
4623,963,stronger
4014,1636,incomparable
762,3328,weaker
4158,2324,stronger
4416,862,incomparable
3213,3048,equivalent
49,1177,stronger
465,4273,weaker
1411,3185,weaker
709,2913,incomparable
2237,2015,equivalent
1122,3082,incomparable
4035,1924,incomparable
3999,1513,stronger
236,1003,equivalent
4281,445,incomparable
2652,4674,incomparable
2530,547,stronger
4577,2658,incomparable
1036,4247,incomparable
1566,1029,weaker
3939,2401,stronger
4124,3844,stronger
2159,1543,weaker
2233,2246,weaker
1696,321,weaker
1383,3796,incomparable
3512,55,incomparable
117,3159,incomparable
2269,2842,stronger
3401,1944,stronger
2848,3458,weaker
2043,809,stronger
2490,1498,incomparable
43,1897,incomparable
2689,2647,weaker
4468,1560,incomparable
455,4093,incomparable
2265,2319,incomparable
381,1892,stronger
4438,1159,stronger
2657,1611,stronger
2743,2883,incomparable
2070,1851,incomparable
2290,4069,incomparable
3451,1657,incomparable
269,2590,stronger
2748,194,weaker
680,1178,stronger
3367,4403,incomparable
3807,3921,weaker
278,609,equivalent
417,1707,incomparable
3495,2868,incomparable
3679,4675,incomparable
2158,4300,weaker
2001,4316,weaker
2689,3936,incomparable
1790,871,stronger
881,3504,weaker
403,496,stronger
1822,3038,equivalent
4463,3444,stronger
4093,4665,incomparable
1620,3843,weaker
54,2005,stronger
2845,3136,equivalent
425,3638,incomparable
1540,3325,weaker
551,367,weaker
3369,1601,stronger
1994,3495,weaker
3718,257,incomparable
4363,3213,stronger
3604,3161,incomparable
1238,4680,incomparable
1816,2442,incomparable
479,3874,incomparable
715,209,weaker
66,2015,stronger
604,2822,equivalent
4501,4086,incomparable
4349,4446,incomparable
2167,4362,incomparable
235,2201,equivalent
1633,3674,incomparable
1103,1230,weaker
2025,2966,equivalent
4618,2392,stronger
2030,3310,weaker
4286,1653,stronger
1970,815,stronger
4647,878,stronger
1087,2417,equivalent
3088,4183,incomparable
414,3637,incomparable
3222,211,weaker
3497,2136,stronger
2521,3547,incomparable
1673,1760,stronger
1733,2565,equivalent
286,2139,stronger
4410,2628,incomparable
1478,3736,incomparable
4066,2818,stronger
2739,2494,incomparable
1082,1292,stronger
638,3530,weaker
1071,379,weaker
3457,2710,incomparable
3565,1489,incomparable
2853,1283,stronger
996,205,weaker
1679,235,stronger
1498,1355,incomparable
1130,959,equivalent
1684,2299,stronger
761,2782,incomparable
2220,2279,weaker
411,4655,incomparable
1135,4686,weaker
4654,894,stronger
3139,3717,incomparable
4550,2234,stronger
1520,2807,equivalent
1425,3701,weaker
1829,3562,weaker
4219,4349,weaker
3267,3902,incomparable
1304,3182,incomparable
1722,2941,stronger
896,913,equivalent
194,1395,stronger
3893,1146,stronger
3160,1561,weaker
1133,2546,stronger
2585,3316,weaker
1068,4403,incomparable
4366,612,stronger
4197,3809,stronger
4419,438,incomparable
1614,375,weaker
98,4316,weaker
1161,3813,weaker
4153,2948,stronger
2317,3501,weaker
4115,212,incomparable
1427,3932,incomparable
4137,725,incomparable
3493,4595,incomparable
1261,4394,incomparable
2,1575,equivalent
2469,4272,incomparable
3204,4492,weaker
1449,2001,stronger
3238,3322,weaker
1492,385,incomparable
2959,3907,weaker
889,92,stronger
1310,4286,weaker
3132,3835,weaker
1270,3167,incomparable
802,1601,equivalent
4670,2127,incomparable
812,4009,weaker
4067,1834,incomparable
2216,1355,weaker
4129,268,incomparable
2064,961,stronger
987,2320,equivalent
3641,679,incomparable
4658,3995,stronger
4190,1675,incomparable
2612,766,equivalent
2952,3086,incomparable
3728,3307,incomparable
1586,4342,incomparable
70,4311,weaker
2685,3496,incomparable
2986,2670,weaker
1713,3363,weaker
1055,919,incomparable
2701,2686,weaker
4358,4642,incomparable
10,4445,incomparable
4263,1372,stronger
1133,1741,stronger
4316,4416,incomparable
3190,2850,weaker
4102,3898,incomparable
2010,324,weaker
2937,2404,stronger
3236,751,equivalent
53,2048,incomparable
1608,2007,stronger
4065,4016,stronger
4657,1676,incomparable
2117,4328,weaker
4003,3138,stronger
2096,1007,equivalent
1535,2660,incomparable
3412,2670,incomparable
4692,4114,incomparable
3207,3204,equivalent
2455,1125,incomparable
4313,1085,incomparable
2434,1002,equivalent
4514,3061,incomparable
3110,3271,weaker
3989,4371,incomparable
1561,848,incomparable
1673,1089,stronger
3192,1583,equivalent
4312,860,incomparable
1905,2378,equivalent
819,4183,incomparable
353,2690,incomparable
1094,2136,equivalent
2340,2306,incomparable
4630,4175,incomparable
2503,3990,incomparable
3554,1218,stronger
2878,669,incomparable
2351,186,incomparable
565,4266,weaker
4668,1434,incomparable
2097,1767,stronger
2629,3348,weaker
2952,2281,weaker
1629,201,stronger
2262,1834,weaker
736,1115,weaker
460,1217,incomparable
3210,1758,stronger
101,3758,incomparable
4046,2030,stronger
1900,1603,incomparable
4140,3385,incomparable
2147,1480,weaker
4575,3313,incomparable
53,1243,incomparable
1720,3887,weaker
2460,4451,incomparable
552,2876,weaker
2021,3061,weaker
2631,1300,equivalent
1449,391,incomparable
1247,4606,incomparable
3483,762,stronger
1031,3261,incomparable
1186,920,equivalent
759,2573,weaker
1717,4528,weaker
2004,1552,incomparable
3857,414,incomparable
2969,3924,weaker
3907,531,stronger
2503,741,stronger
4311,4556,stronger
345,1243,incomparable
2863,495,incomparable
3785,2231,stronger
4263,2795,incomparable
4489,1795,stronger
330,4503,incomparable
1698,2384,equivalent
361,3816,stronger
528,546,incomparable
1782,577,equivalent
858,2178,incomparable
3165,3462,weaker
99,2126,incomparable
1360,3328,weaker
3490,778,incomparable
3691,2754,stronger
869,58,weaker
3801,3114,stronger
571,4565,incomparable
323,4463,incomparable
3255,3355,incomparable
2381,347,incomparable
2320,2323,equivalent
2812,2785,stronger
4240,717,stronger
4675,645,incomparable
299,844,weaker
187,4575,weaker
473,2717,stronger
2463,4294,incomparable
1615,2507,weaker
4428,3397,incomparable
2747,1609,equivalent
4220,1004,incomparable
1838,4242,incomparable
4,3178,stronger
1273,1989,stronger
1226,2173,incomparable
2810,2308,weaker
1096,2292,stronger
3847,2304,incomparable
1094,1465,weaker
1181,4093,incomparable
1623,4438,incomparable
4601,1985,stronger
1337,1600,equivalent
3644,2884,incomparable
2992,2729,stronger
3310,1318,incomparable
8,1203,stronger
629,4519,incomparable
42,787,stronger
4555,297,stronger
2134,1917,stronger
1766,932,equivalent
1797,4217,incomparable
2750,1102,equivalent
205,3410,incomparable
4606,235,stronger
4191,3403,equivalent
1361,654,incomparable
3405,3248,stronger
4131,908,stronger
4124,2181,stronger
4688,4209,incomparable
1194,3924,weaker
3971,1939,stronger
43,2328,incomparable
1379,671,equivalent
682,1497,stronger
3032,3417,weaker
658,911,stronger
2414,4536,weaker
3524,3879,incomparable
478,3195,weaker
1414,665,weaker
3236,214,weaker
4182,846,incomparable
1915,1590,weaker
237,3483,weaker
4370,3526,incomparable
1906,4510,weaker
3807,4352,incomparable
266,1969,stronger
1646,1173,stronger
4006,3249,stronger
2096,3853,weaker
28,865,incomparable
4415,1956,stronger
29,3719,incomparable
1772,723,incomparable
1999,3920,weaker
1314,3817,weaker
3704,440,incomparable
1675,3042,stronger
4046,3587,weaker
2984,1282,equivalent
3178,4531,weaker
2335,3088,incomparable
480,1147,equivalent
3890,41,stronger
4387,847,incomparable
94,3555,incomparable
4068,313,incomparable
3371,2859,incomparable
2523,1072,weaker
3273,2324,stronger
509,3016,equivalent
3193,1806,incomparable
3688,4229,incomparable
2993,3438,weaker
4206,3660,weaker
3586,3952,weaker
2221,4090,weaker
1159,1031,weaker
1575,717,equivalent
384,4418,incomparable
1370,1251,incomparable
1876,1611,stronger
838,2144,incomparable
3515,2207,incomparable
4110,3548,incomparable
2307,4049,weaker
2837,831,weaker
3869,4425,incomparable
209,4602,incomparable
3784,2597,stronger
3163,1001,stronger
592,2088,weaker
1401,1503,equivalent
678,1108,equivalent
1895,4455,incomparable
563,4541,weaker
783,343,weaker
2044,1545,stronger
1419,1493,equivalent
3556,4086,incomparable
4638,3825,stronger
2950,4276,weaker
811,2576,incomparable
3457,108,incomparable
2712,3172,stronger
296,1164,equivalent
83,4089,weaker
3135,4029,weaker
2049,2828,stronger
3191,2618,weaker
3900,1617,stronger
674,2278,weaker
3401,4148,incomparable
944,2139,equivalent
1255,3721,incomparable
1549,1724,weaker
1793,2084,incomparable
2321,4455,weaker
4334,1320,incomparable
1213,3495,weaker
234,1225,weaker
810,2324,equivalent
3960,355,weaker
3113,3866,incomparable
4388,1556,incomparable
2141,323,weaker
1542,1684,weaker
3493,1643,incomparable
3789,473,incomparable
3606,766,stronger
2510,1883,weaker
2207,2074,weaker
4561,3204,stronger
2742,3172,equivalent
2795,2244,incomparable
4457,4544,incomparable
133,769,weaker
3753,3445,equivalent
4350,2203,incomparable
1764,1504,incomparable
4267,3666,weaker
2961,1001,equivalent
395,4152,incomparable
763,2104,equivalent
363,4614,incomparable
1189,226,equivalent
3195,2336,stronger
2383,206,incomparable
43,2946,incomparable
3630,3984,weaker
3717,4138,weaker
3182,596,stronger
838,2628,stronger
2359,3003,stronger
2951,663,weaker
4086,3446,stronger
2116,801,incomparable
153,81,stronger
1930,2331,weaker
479,251,stronger
2639,2239,weaker
4191,1927,incomparable
1691,3254,incomparable
1302,1981,equivalent
1790,981,incomparable
3681,135,stronger
2678,1443,incomparable
4639,4534,stronger
1936,52,weaker
525,2289,weaker
3123,1305,equivalent
2954,2250,weaker
3360,3692,weaker
1412,806,weaker
2188,1027,weaker
39,329,incomparable
2336,925,equivalent
2062,2608,stronger
2781,1541,equivalent
238,1478,weaker
37,256,weaker
2134,1730,stronger
3474,3979,incomparable
4224,2225,stronger
3745,4442,incomparable
147,801,weaker
3340,4164,incomparable
1232,57,stronger
1896,3255,weaker
962,196,stronger
4530,3436,incomparable
53,385,incomparable
2823,3645,weaker
2907,4282,weaker
2866,2029,incomparable
3430,4057,equivalent
4230,700,stronger
3872,2712,incomparable
1471,3456,weaker
523,499,equivalent
3391,130,incomparable
561,791,weaker
4158,1763,incomparable
261,4471,incomparable
1420,3676,incomparable
3736,4514,incomparable
1088,2937,incomparable
3641,1244,incomparable
1480,2229,stronger
2691,1624,stronger
3690,3580,stronger
2563,2378,equivalent
254,267,weaker
474,2485,incomparable
2158,4544,weaker
4434,4263,incomparable
2399,1223,weaker
3973,670,incomparable
2278,3148,stronger
2226,2958,weaker
2603,464,weaker
1257,3096,incomparable
956,3922,weaker
1737,3733,weaker
2396,925,equivalent
367,3527,incomparable
2662,1044,stronger
3171,921,stronger
2775,921,equivalent
2814,4067,weaker
39,463,stronger
3958,4684,incomparable
3213,1332,weaker
4011,1312,incomparable
3854,3580,equivalent
924,3071,weaker
650,4000,incomparable
1075,3240,stronger
2024,2635,stronger
4653,1718,incomparable
3815,1373,stronger
3083,3144,stronger
4631,3622,stronger
1904,1752,stronger
2105,3728,incomparable
2435,1388,stronger
4321,198,incomparable
3906,4120,incomparable
2330,3846,incomparable
2087,4088,incomparable
4609,830,incomparable
1063,2075,incomparable
3327,2723,stronger
2484,1280,stronger
729,2953,equivalent
4516,2359,stronger
443,2367,stronger
1572,4396,weaker
301,971,equivalent
1557,1829,equivalent
170,2208,stronger
414,848,incomparable
901,212,incomparable
3712,3473,incomparable
1998,3457,weaker
1533,654,weaker
129,864,weaker
26,4149,incomparable
3145,1147,stronger
1101,2717,stronger
2856,1044,stronger
2255,1578,stronger
2692,2333,incomparable
414,1787,stronger
2143,3057,weaker
3041,4207,weaker
4202,4239,equivalent
2672,1866,incomparable
1901,4463,weaker
4014,2498,stronger
2076,300,stronger
686,1162,stronger
2759,4494,weaker
472,2142,equivalent
343,42,incomparable
1886,4340,weaker
3192,1343,equivalent
1813,829,weaker
2386,2411,equivalent
4270,3592,stronger
121,4544,weaker
1673,4232,incomparable
3433,2903,incomparable
1864,1548,stronger
2757,2354,stronger
2958,358,incomparable
3904,2488,incomparable
3037,4623,weaker
3926,3001,stronger
2751,65,weaker
1579,4570,weaker
2885,819,incomparable
3,1290,stronger
767,2440,equivalent
1752,2246,weaker
2297,4032,weaker
4009,1723,stronger
4664,3115,incomparable
1593,1435,weaker
2959,4151,weaker
4308,1790,incomparable
2222,1414,stronger
1666,3411,incomparable
2812,2411,stronger
1893,4356,weaker
1423,4407,weaker
4057,1390,stronger
2283,2821,incomparable
1742,3406,incomparable
2649,4110,incomparable
1706,1497,equivalent
3466,168,incomparable
226,931,equivalent
3428,3848,equivalent
3939,4552,incomparable
3873,2212,stronger
2577,4207,weaker
3771,4187,weaker
1354,1045,weaker
2398,3710,incomparable
1508,3175,equivalent
2518,594,equivalent
2798,419,weaker
4491,2032,stronger
2558,2652,weaker
3091,3115,incomparable
871,2739,weaker
174,2811,equivalent
1829,3940,weaker
258,1758,stronger
3850,2386,stronger
3802,1406,stronger
675,2046,weaker
3491,3207,stronger
1717,4638,weaker
1134,116,equivalent
74,136,equivalent
781,752,weaker
2808,1487,incomparable
2522,3345,incomparable
4478,1396,stronger
4324,929,stronger
3491,174,stronger
4451,2202,stronger
1820,40,weaker
4189,2956,incomparable
2343,2067,incomparable
4000,51,incomparable
3249,1580,equivalent
983,4269,weaker
1478,4248,incomparable
829,3802,incomparable
3126,4398,incomparable
641,4505,incomparable
2702,2350,stronger
946,1354,equivalent
1603,163,incomparable
1169,3843,weaker
2287,795,stronger
251,2226,equivalent
3417,3234,stronger
108,4392,incomparable
3427,1478,incomparable
1727,2858,weaker
624,2242,incomparable
240,1313,weaker
4426,3434,stronger
2561,51,weaker
4465,4328,incomparable
3522,1715,stronger
561,1893,equivalent
3974,1058,incomparable
1933,2145,equivalent
1668,2628,stronger
2721,1437,weaker
522,1184,weaker
121,840,weaker
816,3351,weaker
2043,61,stronger
50,4572,incomparable
2667,2140,incomparable
4625,3270,incomparable
734,2760,equivalent
1558,3961,incomparable
4498,2906,stronger
2664,1842,incomparable
4680,2388,stronger
3799,4625,weaker
1149,4665,weaker
3472,4230,incomparable
2973,2597,stronger
1108,2412,equivalent
2799,3198,stronger
4576,1284,stronger
3612,1766,stronger
1578,4024,weaker
1881,1581,incomparable
3567,2023,stronger
2536,3727,incomparable
4019,1366,incomparable
2616,4430,weaker
966,1955,equivalent
4028,2583,stronger
1607,3449,weaker
4466,3748,incomparable
3332,3819,stronger
2485,914,incomparable
3261,1135,stronger
1857,1345,stronger
374,1262,incomparable
3861,376,weaker
4632,253,stronger
3324,2423,stronger
4002,2301,incomparable
2872,801,incomparable
3310,3656,stronger
2959,2675,weaker
4234,365,incomparable
758,2541,weaker
1087,1319,equivalent
3647,797,stronger
66,1267,incomparable
56,579,incomparable
1444,3808,incomparable
1239,370,incomparable
807,2433,equivalent
2221,467,weaker
2379,1053,weaker
999,2603,stronger
3049,1787,equivalent
1975,411,incomparable
4303,320,incomparable
204,3079,weaker
2471,992,stronger
3125,3502,weaker
246,272,stronger
1273,3522,weaker
1497,786,weaker
2570,2691,weaker
2649,2984,stronger
2483,1002,stronger
4210,3697,incomparable
1393,3065,weaker
1133,3892,incomparable
4395,1198,stronger
2910,288,stronger
4193,1249,incomparable
2880,1577,incomparable
1040,668,stronger
2716,422,incomparable
2640,3810,weaker
1547,3882,incomparable
3904,4529,incomparable
2782,2173,incomparable
4523,602,stronger
2921,2517,weaker
701,2141,equivalent
1790,607,stronger
1012,1279,weaker
67,4255,weaker
3171,413,weaker
3269,756,stronger
1292,3548,weaker
2040,1721,incomparable
4163,1198,stronger
2336,551,equivalent
532,4025,incomparable
4224,1851,incomparable
2648,1577,incomparable
2314,2455,incomparable
989,3712,incomparable
227,945,equivalent
4430,1727,stronger
1909,2177,equivalent
4008,4478,weaker
128,2629,equivalent
2277,4293,incomparable
3994,2328,incomparable
1683,2588,weaker
3942,2138,stronger
1048,3538,incomparable
544,63,weaker
1027,971,stronger
2300,1244,incomparable
3719,3786,incomparable
2556,2927,weaker
333,3034,stronger
665,1521,incomparable
911,796,weaker
4023,4197,stronger
2595,4575,weaker
377,4272,incomparable
1688,1619,equivalent
1877,3770,incomparable
3338,4094,incomparable
960,2378,stronger
605,3907,weaker
990,4472,weaker
4076,798,stronger
631,4539,incomparable
4181,60,incomparable
4113,865,incomparable
620,4380,incomparable
861,305,stronger
3715,4202,stronger
4226,742,stronger
2394,505,equivalent
4670,224,incomparable
1860,2261,stronger
2596,1363,stronger
2809,2410,weaker
2100,1721,incomparable
732,1588,equivalent
2143,105,weaker
3044,3216,stronger
2077,4181,incomparable
2258,2307,stronger
1905,691,equivalent
3321,3524,incomparable
900,1172,equivalent
2851,3575,incomparable
1617,4196,weaker
1983,3765,incomparable
1618,634,incomparable
3586,8,incomparable
1079,356,weaker
2352,629,weaker
2942,3878,incomparable
2319,4653,incomparable
722,3502,weaker
1493,2625,equivalent
80,1783,equivalent
2101,2481,incomparable
3622,604,stronger
4504,1975,incomparable
1126,4494,weaker
1288,880,incomparable
85,3066,weaker
2256,517,stronger
2378,2200,equivalent
2500,3129,equivalent
4415,3623,stronger
2949,2955,stronger
3353,3570,stronger
13,2409,stronger
1491,2148,incomparable
3919,9,incomparable
3320,1178,stronger
1243,2800,stronger
1090,1804,stronger
2200,1147,equivalent
935,2455,weaker
4376,3668,incomparable
3273,3052,incomparable
1633,511,incomparable
4234,2272,incomparable
520,3344,incomparable
1024,2123,stronger
421,2584,incomparable
2057,2909,incomparable
808,778,weaker
3347,3351,equivalent
632,552,stronger
379,2358,stronger
3653,425,incomparable
4298,1883,incomparable
2496,1266,incomparable
2948,609,equivalent
2132,989,incomparable
2452,4377,incomparable
4575,3854,stronger
3400,918,stronger
330,372,incomparable
1314,3740,weaker
994,4324,incomparable
619,2195,incomparable
3518,1139,stronger
51,2677,incomparable
3605,3767,equivalent
401,23,incomparable
2311,173,equivalent
4143,410,stronger
2316,517,stronger
4685,2679,incomparable
4327,2971,stronger
3439,4229,weaker
4478,888,stronger
4215,2006,stronger
3793,31,incomparable
4323,3229,stronger
1267,137,stronger
2861,3242,incomparable
4241,194,incomparable
2498,938,weaker
3903,3582,stronger
1984,2380,equivalent
1251,4515,incomparable
1158,2072,incomparable
762,2072,weaker
531,3637,weaker
715,3946,weaker
4132,4573,incomparable
646,1897,incomparable
51,933,stronger
1799,1287,equivalent
1097,1015,equivalent
2346,702,equivalent
3710,1093,stronger
1103,2523,equivalent
2462,4260,incomparable
1417,1370,weaker
4011,3650,equivalent
4429,4163,stronger
2440,1468,weaker
683,2314,weaker
2985,3254,incomparable
2015,538,equivalent
2966,760,equivalent
1940,364,weaker
513,3596,incomparable
4047,836,incomparable
4162,786,incomparable
1698,1770,equivalent
1335,1718,weaker
1994,600,equivalent
1070,2201,stronger
1983,4383,incomparable
1572,3351,weaker
834,3422,incomparable
4647,77,stronger
4356,1591,stronger
3396,1283,stronger
59,393,incomparable
2793,990,equivalent
323,3849,stronger
2634,179,weaker
1359,3243,equivalent
2792,1519,weaker
3931,1792,stronger
3673,3254,incomparable
471,337,weaker
1343,266,weaker
4469,2407,stronger
3625,3183,stronger
4656,2233,stronger
3771,3008,incomparable
1538,1673,weaker
679,4423,incomparable
1007,3700,weaker
3791,4414,incomparable
28,3150,incomparable
1621,2839,equivalent
542,3371,weaker
2063,3746,incomparable
4017,3414,weaker
3955,2536,incomparable
1381,908,equivalent
2592,303,stronger
2709,1642,incomparable
773,271,weaker
66,409,incomparable
1951,2192,equivalent
1008,3551,weaker
4349,2840,stronger
3406,4199,equivalent
3571,2546,incomparable
1019,677,weaker
2758,191,equivalent
683,2448,weaker
2073,88,stronger
4681,4518,incomparable
1627,2253,weaker
4483,561,stronger
651,3664,weaker
2368,1699,incomparable
403,3562,stronger
2072,4589,incomparable
3295,1335,stronger
807,1925,weaker
623,3336,incomparable
3931,987,stronger
1974,2711,equivalent
4228,2671,incomparable
1045,3968,incomparable
2805,2639,stronger
2748,2105,weaker
3118,884,stronger
2233,2413,equivalent
4425,741,stronger
1949,2654,incomparable
471,2915,weaker
567,179,weaker
228,713,incomparable
947,400,incomparable
434,3033,stronger
171,179,weaker
3943,4380,incomparable
99,1996,incomparable
1255,1684,incomparable
1293,1976,stronger
1941,4641,incomparable
630,1632,incomparable
2361,3537,weaker
3871,3723,incomparable
2577,129,equivalent
3296,1536,stronger
3297,4390,incomparable
4076,4128,incomparable
3470,4318,incomparable
156,2880,incomparable
3869,1583,stronger
3365,360,weaker
4693,2784,stronger
2779,3646,incomparable
764,292,equivalent
3492,2764,stronger
1276,3850,incomparable
4226,1039,incomparable
267,2869,equivalent
4145,4083,incomparable
1855,2214,stronger
804,4040,weaker
1576,2799,weaker
1740,2264,incomparable
2037,3948,incomparable
215,4399,incomparable
3310,4221,incomparable
4683,2446,incomparable
3618,2122,stronger
2384,1023,weaker
1381,2331,weaker
225,2643,equivalent
4382,3272,incomparable
1171,2521,stronger
1047,765,incomparable
1790,1038,incomparable
4130,2270,incomparable
2985,3872,incomparable
1758,1500,equivalent
4444,1117,incomparable
328,4461,incomparable
2463,3009,stronger
1482,4076,incomparable
4022,3087,incomparable
3852,4396,weaker
1387,4189,incomparable
4269,4684,incomparable
3087,3775,incomparable
609,889,weaker
1841,1161,stronger
2775,2722,weaker
4082,1825,stronger
4646,4607,stronger
3746,2630,stronger
3409,793,stronger
2638,1670,incomparable
3063,156,incomparable
3928,1358,incomparable
4413,3093,incomparable
289,160,weaker
4383,4382,incomparable
3679,4037,stronger
873,1874,incomparable
1530,4093,weaker
4066,2985,incomparable
1275,2820,stronger
4028,249,stronger
595,3061,weaker
2850,3431,incomparable
3997,4319,incomparable
3651,676,incomparable
781,3224,equivalent
2809,2841,weaker
3819,260,incomparable
737,2363,equivalent
2566,639,weaker
1239,3513,incomparable
2058,4370,incomparable
1086,73,incomparable
2409,2907,equivalent
3140,1665,incomparable
3859,598,incomparable
1450,1481,incomparable
932,3770,weaker
1369,361,weaker
2687,2097,incomparable
1293,3749,incomparable
39,520,stronger
3786,1251,incomparable
3070,1835,incomparable
4610,2452,incomparable
496,207,weaker
2017,1336,weaker
754,2717,equivalent
1991,115,weaker
2891,2092,stronger
2846,629,weaker
224,273,incomparable
2168,3195,weaker
461,1906,stronger
1345,3158,equivalent
3172,799,equivalent
2766,111,weaker
3712,2241,incomparable
441,1439,weaker
1993,1127,stronger
1395,1932,incomparable
3692,2528,stronger
2682,2103,incomparable
2787,4371,incomparable
1027,1536,stronger
1954,3616,weaker
216,2260,weaker
3951,1476,incomparable
3865,4176,stronger
3314,101,incomparable
69,520,weaker
2675,4315,incomparable
2649,650,stronger
3015,973,stronger
264,1927,incomparable
670,3369,incomparable
735,3764,incomparable
926,1080,stronger
3453,2138,stronger
3246,2037,weaker
3482,624,incomparable
813,4586,weaker
868,4293,incomparable
1055,4119,incomparable
3880,3114,stronger
623,2210,stronger
2801,1394,equivalent
4473,3628,stronger
791,1794,stronger
3877,4536,incomparable
1313,3596,incomparable
4353,4465,incomparable
4291,3587,stronger
321,2030,stronger
1369,495,weaker
2396,4499,weaker
3010,1918,equivalent
3626,4136,weaker
3922,2966,stronger
3070,1969,stronger
1255,1147,stronger
2583,4325,weaker
1819,3175,equivalent
1910,2539,stronger
1264,2364,incomparable
180,1798,equivalent
4213,671,stronger
2275,2637,stronger
322,161,incomparable
193,1471,weaker
574,4546,weaker
1111,2307,equivalent
3855,4346,weaker
3574,1852,incomparable
2218,3042,equivalent
3488,4552,incomparable
1449,2302,stronger
4207,3485,weaker
52,3683,incomparable
3355,236,stronger
4483,2602,incomparable
1611,3761,weaker
3005,2863,weaker
1604,2590,equivalent
282,1112,weaker
225,4550,weaker
2665,728,stronger
3279,4563,incomparable
1653,2482,weaker
1314,3016,equivalent
3769,4198,stronger
2621,2873,weaker
3056,2047,incomparable
4085,462,incomparable
3462,3489,incomparable
2949,3870,incomparable
3971,3366,equivalent
676,3668,incomparable
693,3837,weaker
2651,4213,incomparable
3952,872,incomparable
2859,944,stronger
3250,600,equivalent
2284,2699,incomparable
2690,4141,incomparable
2912,3988,incomparable
4144,1042,incomparable
3161,1282,stronger
3825,4480,weaker
1361,1492,incomparable
3092,2643,stronger
1079,2560,equivalent
669,3628,incomparable
3126,2227,weaker
1163,753,stronger
3076,420,incomparable
4113,4358,incomparable
541,4382,incomparable
3263,246,incomparable
3402,590,stronger
4355,4645,incomparable
4418,1961,stronger
2871,4337,incomparable
271,3740,incomparable
2088,3699,incomparable
2960,3628,incomparable
1556,3838,incomparable
723,3083,incomparable
4236,1166,stronger
2264,892,stronger
4000,3141,stronger
1070,2632,stronger
3805,4363,weaker
1369,979,equivalent
517,4146,weaker
2943,1180,weaker
759,3679,incomparable
291,2113,weaker
3035,3398,weaker
177,2765,incomparable
2902,3808,incomparable
686,2642,stronger
1166,3279,weaker
491,3864,weaker
3829,4198,equivalent
2688,3290,incomparable
3318,1242,incomparable
2848,539,stronger
1897,2037,incomparable
1311,1159,equivalent
2001,4080,weaker
1698,107,weaker
1529,3304,weaker
2243,1893,stronger
1510,56,incomparable
142,2929,stronger
3946,4194,stronger
3717,4142,weaker
1926,3906,weaker
2406,1133,incomparable
4283,581,stronger
4494,801,incomparable
289,3356,weaker
2541,2489,incomparable
4146,3501,incomparable
4046,2331,incomparable
3125,1197,weaker
1848,3434,incomparable
1301,821,incomparable
2746,4584,incomparable
2572,1021,weaker
3692,1052,incomparable
3191,2756,equivalent
2742,1432,weaker
963,2519,weaker
2903,2289,incomparable
3815,3337,incomparable
2910,1016,stronger
7,610,equivalent
4064,4041,equivalent
3400,4061,equivalent
2362,4594,weaker
3439,3989,weaker
3074,3110,stronger
3079,1202,incomparable
1212,190,equivalent
2774,4538,incomparable
420,3408,incomparable
2469,3902,incomparable
93,569,equivalent
1328,3556,incomparable
1304,718,stronger
932,4522,weaker
4612,4031,incomparable
3307,4220,stronger
3887,365,incomparable
2426,41,weaker
2911,1776,weaker
2730,3650,weaker
1075,77,stronger
1722,3860,incomparable
1925,2499,incomparable
2038,1622,stronger
2673,672,incomparable
4104,2285,incomparable
2615,1633,weaker
1001,1067,weaker
3334,1320,stronger
696,431,weaker
2395,2798,equivalent
318,256,incomparable
4270,2173,incomparable
249,2371,equivalent
4476,4493,incomparable
2895,869,incomparable
3920,4046,stronger
2628,1279,incomparable
754,786,weaker
3393,4529,weaker
1743,2054,weaker
75,2191,stronger
670,3532,incomparable
2306,2167,incomparable
2395,3148,equivalent
1791,3973,weaker
2990,4297,incomparable
2436,705,equivalent
590,570,equivalent
2838,4657,weaker
3139,3831,incomparable
3360,797,stronger
3341,555,stronger
3760,916,incomparable
3772,741,stronger
198,2382,stronger
232,1212,weaker
4482,1840,incomparable
2465,4267,incomparable
1909,2100,weaker
2482,3682,incomparable
3542,2908,stronger
4665,3210,incomparable
2492,1926,stronger
2509,1341,stronger
230,3768,weaker
3642,4051,equivalent
1935,4452,weaker
1515,3866,incomparable
1221,2665,weaker
825,2665,incomparable
623,1218,stronger
1094,611,equivalent
4301,3872,incomparable
3545,1085,incomparable
2139,4632,weaker
2693,1808,stronger
1251,1726,incomparable
2247,1,weaker
4339,1131,incomparable
3234,3852,weaker
4180,2764,stronger
512,2326,equivalent
158,3491,incomparable
3121,1696,equivalent
4519,3169,stronger
1317,4416,weaker
2181,320,weaker
3385,988,stronger
2688,1814,stronger
2788,2984,equivalent
3839,1158,incomparable
3548,2672,incomparable
638,1095,stronger
4668,259,incomparable
2596,2225,stronger
476,3019,stronger
748,1263,incomparable
18,3861,weaker
2117,1998,equivalent
1659,4530,incomparable
135,4446,weaker
954,1331,equivalent
1203,4287,weaker
4329,4176,incomparable
2240,4283,incomparable
2305,4678,weaker
3747,2508,stronger
3922,3263,weaker
2182,3524,incomparable
1160,4590,weaker
4367,1435,incomparable
3756,1281,incomparable
199,2337,weaker
1859,1558,incomparable
4156,2154,stronger
2270,146,incomparable
974,2333,weaker
2770,4633,incomparable
1149,2896,weaker
2515,4114,weaker
2955,4386,weaker
3674,3319,incomparable
1499,4406,weaker
2511,208,incomparable
4412,804,stronger
4002,2626,stronger
3883,460,incomparable
2004,377,incomparable
1698,859,weaker
230,1808,equivalent
3709,1061,incomparable
3404,2677,incomparable
417,1634,incomparable
2750,1887,weaker
2397,2523,equivalent
3242,2349,incomparable
3918,4618,incomparable
1218,2851,weaker
4616,3428,stronger
584,1747,equivalent
2034,3410,weaker
819,2553,stronger
1416,4529,weaker
843,695,incomparable
2646,4166,incomparable
819,109,stronger
4413,1564,incomparable
2453,4525,incomparable
1252,3374,incomparable
2475,4284,weaker
3590,3971,equivalent
2525,3647,incomparable
1126,4201,weaker
3686,3679,stronger
2640,4351,weaker
2521,2185,stronger
515,4047,weaker
4281,856,incomparable
998,983,equivalent
3854,3263,weaker
817,413,incomparable
939,1342,equivalent
3666,3966,stronger
1491,4299,incomparable
2451,665,stronger
2750,732,equivalent
2495,1903,equivalent
473,3986,incomparable
2658,1143,stronger
3372,486,stronger
2016,1676,weaker
4120,4321,incomparable
2241,4238,incomparable
3736,3392,incomparable
4476,3956,stronger
2848,486,stronger
876,4376,weaker
2853,3304,incomparable
917,1933,stronger
2900,4059,incomparable
99,2240,incomparable
3562,3212,stronger
171,1362,equivalent
1167,3801,incomparable
848,3267,incomparable
3592,2862,incomparable
493,824,weaker
2007,4192,weaker
4421,2155,stronger
732,840,weaker
491,1717,stronger
372,305,stronger
4656,2961,stronger
635,3159,incomparable
3123,317,weaker
604,1594,weaker
582,1835,weaker
2453,3720,incomparable
1558,2087,incomparable
856,1815,stronger
4693,3028,stronger
1417,1882,weaker
799,3001,equivalent
1583,3083,weaker
3775,2165,incomparable
4076,1339,stronger
3909,2165,incomparable
3840,308,weaker
1185,3976,weaker
1952,2391,equivalent
3473,2766,stronger
425,3699,incomparable
105,4283,incomparable
1399,2215,equivalent
1182,3678,weaker
581,4212,weaker
3112,508,incomparable
4643,1571,incomparable
4595,4563,stronger
479,3935,weaker
2547,507,equivalent
1358,2591,stronger
2982,435,incomparable
208,439,incomparable
2541,692,incomparable
2052,1467,incomparable
1165,4613,incomparable
363,727,incomparable
4351,4553,stronger
879,1775,stronger
989,4387,incomparable
2054,1513,stronger
4609,647,incomparable
2353,4024,weaker
4488,2572,stronger
4058,544,stronger
302,4423,incomparable
3230,2607,equivalent
914,1769,stronger
2104,287,equivalent
1648,4208,incomparable
2083,3382,incomparable
767,29,weaker
3850,780,stronger
3690,3531,incomparable
2532,3208,equivalent
610,2297,equivalent
407,3658,stronger
3676,1381,stronger
715,1559,equivalent
4474,1361,incomparable
826,609,stronger
3823,4060,incomparable
1111,3222,weaker
1441,882,incomparable
4619,3213,stronger
3750,549,incomparable
1401,1483,weaker
635,260,incomparable
1072,1015,stronger
2713,1684,weaker
2291,4435,incomparable
1420,944,stronger
656,548,stronger
1618,959,stronger
3782,4409,weaker
4231,3481,weaker
2290,2520,stronger
3890,3188,stronger
1720,4619,weaker
2876,4307,incomparable
1961,1298,equivalent
77,117,weaker
512,45,weaker
2843,1915,equivalent
2955,2910,weaker
1534,3705,weaker
3858,4404,weaker
4049,966,stronger
4183,1720,stronger
1994,657,weaker
2615,3219,equivalent
373,2330,incomparable
3043,1976,equivalent
1618,1309,stronger
3641,2834,stronger
2777,4486,weaker
3171,4605,incomparable
2715,3608,weaker
1072,2304,incomparable
1894,426,incomparable
694,3849,incomparable
1926,149,equivalent
4040,4236,stronger
4097,606,stronger
2873,1915,stronger
3666,1551,stronger
1708,4393,weaker
3170,3599,weaker
3755,4252,stronger
4087,3301,incomparable
601,625,weaker
1877,4579,incomparable
2407,1361,weaker
3637,4004,equivalent
3940,807,stronger
4659,494,stronger
1371,277,equivalent
1095,4543,weaker
3569,2557,stronger
3214,114,incomparable
2362,3281,weaker
2535,765,weaker
3330,1228,incomparable
3106,1520,stronger
2762,1710,weaker
1416,4342,weaker
3487,4595,incomparable
3119,4199,weaker
2854,4682,incomparable
4067,740,stronger
3081,3907,incomparable
2967,4559,weaker
312,1811,incomparable
3696,1736,stronger
136,3275,weaker
4508,1614,stronger
4544,3523,incomparable
3419,3148,stronger
265,3685,incomparable
368,400,stronger
3809,1613,incomparable
1679,4163,incomparable
2823,2336,equivalent
581,1447,weaker
2735,237,equivalent
1479,345,incomparable
1730,4128,weaker
4355,2311,stronger
1972,4415,weaker
2925,1300,stronger
3718,936,stronger
1655,2264,incomparable
736,4209,weaker
4493,3184,incomparable
3433,3204,stronger
2163,196,stronger
960,2382,stronger
4673,1839,incomparable
4377,3009,stronger
1044,1329,stronger
1338,3496,weaker
3313,4041,stronger
3395,3851,equivalent
620,1001,stronger
3933,4658,incomparable
4279,3605,stronger
2095,2132,weaker
1393,2614,equivalent
1964,3369,incomparable
1049,360,incomparable
1940,2783,equivalent
3545,4549,incomparable
4300,3139,incomparable
2760,2522,weaker
3218,4154,incomparable
2366,905,equivalent
2629,3759,weaker
3100,900,stronger
2425,1485,incomparable
1124,3136,equivalent
2822,4339,weaker
3384,4042,stronger
3735,2579,incomparable
2267,3528,incomparable
445,3979,incomparable
4409,49,incomparable
1828,448,weaker
3922,2405,stronger
2755,84,stronger
1836,2029,incomparable
1426,3851,incomparable
1326,2681,weaker
3707,3914,incomparable
4483,4135,incomparable
4101,3087,incomparable
2960,2933,stronger
4044,301,stronger
2726,2537,equivalent
1024,3282,incomparable
3066,2605,incomparable
4554,3786,incomparable
3221,264,weaker
1593,3964,weaker
2871,4581,incomparable
2601,556,incomparable
4561,2513,incomparable
63,1591,stronger
369,2829,stronger
687,1418,equivalent
4319,3165,stronger
4231,1066,incomparable
3193,1599,stronger
2071,741,stronger
3514,2179,stronger
2939,3934,incomparable
3813,526,stronger
301,3045,equivalent
2366,100,weaker
2741,3195,incomparable
1497,1408,equivalent
31,740,incomparable
2536,4483,incomparable
662,3990,incomparable
1023,3969,incomparable
2632,4191,weaker
4092,3324,incomparable
2683,3190,stronger
3944,4392,incomparable
374,1079,stronger
3784,2979,incomparable
2385,3533,incomparable
4059,932,stronger
2803,1040,weaker
4095,4561,incomparable
4024,1877,incomparable
342,1541,stronger
1761,4083,incomparable
3261,4335,incomparable
1912,4252,incomparable
1377,710,equivalent
3438,2719,stronger
2189,588,weaker
998,125,weaker
2634,1204,equivalent
3840,255,incomparable
2436,465,equivalent
2635,4058,weaker
2479,1855,weaker
1360,4678,weaker
928,2769,stronger
3975,3863,weaker
2968,3709,incomparable
1277,479,weaker
3319,2246,incomparable
3954,542,stronger
917,4108,incomparable
1677,3796,incomparable
4521,589,stronger
2335,3015,incomparable
389,956,stronger
676,4396,incomparable
4515,20,stronger
2682,1810,stronger
2107,4319,incomparable
3903,2647,incomparable
966,967,equivalent
2638,3955,weaker
3008,2734,incomparable
2010,4386,weaker
2612,2734,weaker
4384,476,incomparable
3341,665,stronger
2342,2092,equivalent
2958,4310,incomparable
3889,1436,incomparable
1334,2302,stronger
1134,3934,weaker
2080,2092,stronger
1813,1748,equivalent
4141,1657,incomparable
772,320,weaker
3774,4115,weaker
2196,3206,stronger
608,1609,stronger
166,510,incomparable
986,249,equivalent
2934,691,equivalent
3441,2185,stronger
1626,609,equivalent
3443,568,stronger
4074,3818,stronger
1020,1553,stronger
1297,141,equivalent
2902,1153,stronger
705,2481,weaker
25,2722,incomparable
1038,3822,incomparable
2972,4366,weaker
2583,3093,weaker
3020,3094,weaker
678,1035,weaker
4093,835,incomparable
2886,1559,stronger
3012,2452,weaker
78,2733,incomparable
4472,831,incomparable
2648,455,incomparable
4441,3238,stronger
3233,1108,equivalent
3747,1329,stronger
4232,3064,incomparable
1355,1435,incomparable
3658,1257,incomparable
3515,3423,stronger
468,2137,weaker
4050,4521,incomparable
3038,4023,weaker
3585,220,stronger
3368,1683,stronger
3688,907,incomparable
1940,1307,weaker
2609,877,stronger
2860,4660,incomparable
3968,924,stronger
1779,2113,weaker
3343,872,incomparable
251,567,equivalent
4101,3705,incomparable
749,1975,incomparable
300,459,weaker
1366,3637,incomparable
450,2847,incomparable
2501,4,weaker
1940,1657,weaker
1386,4289,weaker
4347,4111,incomparable
4631,3870,incomparable
1606,91,equivalent
4097,3936,incomparable
582,522,weaker
3240,343,weaker
246,4545,incomparable
765,2858,incomparable
3683,1852,incomparable
2375,2524,equivalent
1633,1133,incomparable
2144,1837,weaker
1416,3350,weaker
294,240,stronger
1457,907,incomparable
3566,4650,incomparable
669,3335,incomparable
1620,147,equivalent
1766,2416,equivalent
2533,77,stronger
2715,1811,weaker
12,527,stronger
3744,226,stronger
3971,3423,equivalent
4294,4076,incomparable
4633,3542,stronger
739,1795,equivalent
3925,1735,stronger
2163,2237,stronger
2634,1822,equivalent
3706,873,incomparable
3248,3213,equivalent
1646,1718,incomparable
1682,1375,stronger
4216,3604,incomparable
2260,857,stronger
1067,3731,incomparable
83,1117,weaker
2822,2058,weaker
3515,524,incomparable
2517,2176,stronger
2185,683,equivalent
2797,4445,weaker
4153,57,stronger
63,1404,stronger
1236,507,stronger
3626,1294,stronger
1838,2827,stronger
4563,1618,incomparable
3054,314,incomparable
2971,2531,weaker
1643,107,incomparable
4679,2732,stronger
608,4321,incomparable
2031,1155,weaker
3376,3748,weaker
2667,3059,incomparable
566,4095,incomparable
923,168,weaker
1284,3557,weaker
4486,58,incomparable
2791,1782,stronger
2804,4461,incomparable
1577,2089,incomparable
3062,555,stronger
412,4567,incomparable
2514,2413,equivalent
329,2812,incomparable
3068,3753,incomparable
3822,4215,equivalent
468,3910,weaker
3290,190,incomparable
3804,411,incomparable
1285,934,incomparable
767,3977,weaker
2009,965,stronger
3747,4041,stronger
2341,3424,weaker
1846,2664,incomparable
3694,1936,stronger
4485,745,stronger
526,1821,weaker
3937,4323,incomparable
465,1545,equivalent
2137,4533,incomparable
2323,1505,equivalent
4625,2445,incomparable
98,31,weaker
2744,781,stronger
4616,4611,weaker
1219,1226,weaker
2774,4595,incomparable
790,2244,weaker
3030,2306,weaker
4592,992,stronger
1677,1515,incomparable
2780,2131,equivalent
2031,3733,weaker
854,1478,incomparable
2975,3538,weaker
3200,3656,weaker
3752,197,stronger
2074,2090,incomparable
2239,3655,incomparable
295,3177,equivalent
809,3398,weaker
1456,765,incomparable
3061,1777,stronger
3565,1310,stronger
10,3193,incomparable
1352,2105,weaker
3685,2358,stronger
4168,3266,incomparable
3414,4524,incomparable
4405,2455,incomparable
3634,326,incomparable
743,1997,equivalent
17,1139,equivalent
590,2721,equivalent
1208,1602,equivalent
1247,776,stronger
1529,462,weaker
3217,977,weaker
813,4456,weaker
396,1135,stronger
4097,1521,incomparable
1655,3984,incomparable
4282,2240,incomparable
1773,4205,weaker
1420,1643,incomparable
2421,4426,weaker
1425,489,weaker
2476,4133,incomparable
3830,2116,incomparable
3207,2891,weaker
2813,1274,weaker
4261,2302,stronger
4383,3231,stronger
2669,1495,stronger
3920,2009,incomparable
326,554,incomparable
2760,859,weaker
1495,2167,weaker
2680,341,incomparable
3396,4483,weaker
1719,2814,stronger
1313,1372,stronger
1287,151,weaker
1273,253,stronger
1997,2004,weaker
2754,1983,weaker
3177,2086,weaker
3490,331,incomparable
4018,2702,incomparable
792,3363,weaker
3226,4422,weaker
4630,1768,stronger
4387,2010,stronger
1307,776,stronger
2385,3025,stronger
2285,3575,incomparable
2636,2112,equivalent
2465,2230,stronger
1150,977,incomparable
859,3245,stronger
1282,3348,weaker
4360,4509,stronger
3252,3549,weaker
4134,4166,stronger
2806,1742,weaker
4277,4474,incomparable
457,2676,weaker
560,3363,weaker
3110,2153,equivalent
2213,3857,weaker
2287,4560,incomparable
3582,4592,weaker
2154,4216,weaker
2059,3390,incomparable
2128,2995,stronger
2663,121,stronger
3723,4073,incomparable
715,2153,equivalent
1176,2548,equivalent
3639,2093,incomparable
4434,2364,incomparable
3976,1486,incomparable
4438,3237,stronger
3280,470,stronger
929,577,equivalent
4044,4249,equivalent
4393,2713,stronger
2034,1239,weaker
745,1399,equivalent
1325,3960,incomparable
3226,4556,weaker
4406,666,incomparable
1770,4576,weaker
561,3564,weaker
4459,4464,weaker
1971,136,equivalent
3984,973,stronger
4233,1677,incomparable
1687,3760,incomparable
1873,732,stronger
190,1527,stronger
3834,1379,stronger
1960,2606,equivalent
3381,1811,incomparable
3658,399,weaker
1208,1281,weaker
1263,988,stronger
3668,3561,stronger
3883,517,stronger
1995,2600,equivalent
3120,2975,stronger
355,813,stronger
2590,3941,weaker
1976,106,weaker
202,1537,weaker
1334,3083,weaker
3999,1631,incomparable
4205,3951,weaker
2424,1959,equivalent
708,3560,weaker
436,2872,incomparable
3932,3792,stronger
2645,1369,stronger
1702,2728,weaker
3214,1297,stronger
4437,2207,incomparable
3595,4372,incomparable
658,2692,incomparable
3593,1293,incomparable
45,4155,weaker
4618,4470,incomparable
4145,1806,incomparable
1246,2862,incomparable
170,659,incomparable
2112,1256,weaker
2088,670,incomparable
340,1070,incomparable
1818,809,equivalent
2184,378,weaker
1270,2667,incomparable
2982,358,incomparable
3512,1112,incomparable
3066,2715,stronger
1445,978,incomparable
3198,2642,equivalent
4552,625,incomparable
2064,461,stronger
223,670,weaker
3590,1934,incomparable
4646,4424,incomparable
3813,3669,weaker
3233,2828,equivalent
3404,1929,incomparable
3545,3854,stronger
2454,2309,stronger
3897,2993,stronger
4635,2730,stronger
3833,1288,incomparable
237,3170,equivalent
4621,580,stronger
450,4217,incomparable
3836,3279,weaker
3717,1113,incomparable
4414,1041,incomparable
3178,3279,weaker
878,722,equivalent
2851,2884,equivalent
466,4161,incomparable
4055,1108,stronger
3432,1883,incomparable
2329,1267,weaker
266,2595,stronger
1286,1456,incomparable
3612,2982,incomparable
3540,1416,stronger
4232,246,incomparable
2311,2381,weaker
3813,2514,stronger
4465,4389,weaker
3449,4681,weaker
2971,1673,weaker
156,4120,incomparable
1353,3617,incomparable
2048,466,incomparable
1831,1929,weaker
2015,4490,weaker
3496,1494,incomparable
2262,4367,incomparable
4015,2059,incomparable
3948,837,incomparable
1976,3973,weaker
3789,26,incomparable
2032,872,weaker
1906,2453,weaker
4170,657,incomparable
2358,1796,equivalent
1857,3500,incomparable
1451,2812,incomparable
1062,785,stronger
3870,4337,incomparable
2758,1915,equivalent
4100,827,incomparable
4341,3922,stronger
689,1708,equivalent
3442,2547,stronger
1697,2464,incomparable
3357,3937,weaker
3374,3352,weaker
4305,1232,incomparable
1187,672,weaker
1541,1924,weaker
2787,2094,stronger
3812,545,incomparable
648,2838,stronger
488,671,equivalent
2320,2628,weaker
2089,2695,incomparable
1736,3331,weaker
2299,61,weaker
2589,3018,equivalent
4304,4390,incomparable
4127,556,incomparable
3695,899,stronger
3201,1330,stronger
3703,2480,incomparable
3519,673,stronger
1466,2689,incomparable
3068,4184,incomparable
1915,1761,weaker
1659,4050,incomparable
1137,3187,stronger
3332,1786,stronger
3363,1099,stronger
2053,3388,incomparable
441,451,equivalent
3154,925,equivalent
2209,3901,weaker
1091,2253,weaker
3460,4415,incomparable
2832,682,weaker
3415,2952,incomparable
2448,3917,incomparable
2797,4071,weaker
1321,2715,equivalent
1109,4522,incomparable
720,3249,equivalent
3810,3481,incomparable
4675,4683,stronger
2097,1401,stronger
4549,3820,incomparable
4491,3061,incomparable
3362,3476,weaker
1590,3290,incomparable
377,816,stronger
4100,961,stronger
2820,3681,weaker
1710,1894,incomparable
2243,4609,incomparable
1267,3768,incomparable
4475,3467,incomparable
3004,2455,weaker
4279,145,stronger
3738,730,stronger
3829,848,incomparable
3705,2502,stronger
2891,299,stronger
3009,3738,weaker
4284,1428,incomparable
488,4188,weaker
1804,1879,weaker
1453,144,stronger
2936,981,incomparable
1076,4358,incomparable
752,3480,incomparable
411,935,stronger
4296,3882,incomparable
1371,3717,weaker
3482,3369,stronger
153,3151,stronger
1849,4281,incomparable
3807,4657,incomparable
83,3321,weaker
3822,1747,stronger
1786,3178,equivalent
1326,3193,weaker
3760,3498,weaker
3397,3446,stronger
4625,3010,stronger
4685,3061,incomparable
146,2330,incomparable
230,2967,equivalent
4688,326,incomparable
2313,3045,equivalent
3244,171,equivalent
446,1279,incomparable
1702,447,weaker
3341,1043,incomparable
1863,1304,incomparable
216,1756,stronger
3017,4329,weaker
2451,1474,equivalent
1458,3470,incomparable
2609,2060,incomparable
1840,1320,stronger
551,4486,weaker
3459,2230,stronger
1549,2834,equivalent
678,3507,weaker
1803,3882,weaker
2505,4154,weaker
1125,2506,incomparable
409,3090,incomparable
1011,1438,weaker
3998,4201,equivalent
3490,762,stronger
835,458,incomparable
541,11,incomparable
300,4086,weaker
1767,1192,equivalent
3276,244,stronger
3295,294,incomparable
1920,2188,equivalent
1321,1105,equivalent
4626,737,stronger
1037,1346,stronger
4273,3093,incomparable
732,710,equivalent
864,637,stronger
671,2686,weaker
4637,337,stronger
4100,2384,stronger
1476,1393,stronger
3367,1301,incomparable
973,3024,weaker
4352,2605,incomparable
665,2871,weaker
4166,4135,weaker
1241,3970,incomparable
1076,1459,incomparable
1143,3435,weaker
3366,3328,weaker
3087,1661,incomparable
3042,198,weaker
2314,1711,stronger
504,1233,incomparable
1056,1746,incomparable
4449,1225,incomparable
1952,2261,weaker
3595,4319,incomparable
2981,484,stronger
2024,1383,stronger
4266,2272,incomparable
3426,4510,incomparable
1382,1916,weaker
983,2399,weaker
322,2690,stronger
4178,4145,weaker
1473,2034,stronger
4108,4315,incomparable
3967,3144,stronger
2931,3750,incomparable
1763,295,stronger
3769,2405,stronger
3108,2888,incomparable
2194,2733,weaker
4040,3622,stronger
3298,2231,stronger
1094,2388,equivalent
3654,1866,incomparable
175,4333,weaker
2271,2953,stronger
3396,1076,incomparable
2670,2662,incomparable
1800,2779,weaker
334,2111,incomparable
2256,578,stronger
19,787,stronger
499,2178,weaker
2252,3842,incomparable
3186,485,equivalent
1255,1932,incomparable
3675,3093,incomparable
3508,3919,incomparable
2627,2184,equivalent
268,2430,incomparable
3141,2405,equivalent
2752,1132,equivalent
3428,3401,weaker
3046,3299,weaker
1649,4488,incomparable
938,3164,stronger
3159,732,stronger
4497,2154,stronger
2444,1918,stronger
4092,4320,incomparable
2292,4530,weaker
2366,4479,weaker
2110,352,weaker
4620,4439,incomparable
3486,4510,incomparable
616,4052,incomparable
907,2538,incomparable
883,4396,incomparable
3384,4233,stronger
304,2245,weaker
3578,1066,incomparable
1028,3996,incomparable
4281,3438,stronger
4276,3094,incomparable
630,3169,stronger
2168,2959,equivalent
1636,3852,incomparable
2888,3248,stronger
2236,3093,weaker
1294,3334,weaker
2507,3556,incomparable
609,3231,equivalent
4236,662,incomparable
1115,2810,stronger
2273,881,stronger
3926,3627,stronger
958,2072,weaker
4117,189,stronger
4615,3849,stronger
4161,2181,stronger
3017,1564,weaker
1893,4043,weaker
1743,1066,weaker
3260,3951,incomparable
3411,148,stronger
648,2785,stronger
713,3180,incomparable
16,4006,incomparable
1463,2180,incomparable
1167,3350,incomparable
2280,2210,stronger
1915,769,weaker
3066,4085,incomparable
4079,4219,stronger
3305,2381,incomparable
1402,1712,equivalent
4442,1827,stronger
1050,2950,stronger
3245,1549,equivalent
2044,4562,incomparable
2204,1811,weaker
1208,1846,weaker
817,2190,incomparable
894,1656,weaker
3022,3197,weaker
4455,1473,incomparable
740,2909,incomparable
4096,1540,stronger
1785,3520,weaker
1771,3622,weaker
3492,113,incomparable
685,2421,equivalent
3471,3208,stronger
1189,1954,equivalent
1461,198,incomparable
3236,4065,weaker
263,2728,stronger
4480,3408,stronger
3420,210,incomparable
2085,25,incomparable
2205,3325,weaker
273,1164,stronger
34,2087,weaker
2496,2750,stronger
3578,2489,incomparable
4118,3931,incomparable
2869,1046,incomparable
4400,611,stronger
4178,1730,stronger
1640,2011,stronger
938,2493,incomparable
2063,2868,incomparable
473,4608,incomparable
4444,1849,incomparable
2171,2401,equivalent
4134,3121,stronger
2520,4275,weaker
1224,2298,stronger
1355,2781,stronger
1241,3433,incomparable
3292,590,stronger
463,2385,incomparable
3386,2669,incomparable
2660,1811,incomparable
1949,487,incomparable
1697,2895,incomparable
2719,2391,equivalent
2619,1221,equivalent
3531,2269,incomparable
4245,858,incomparable
1779,3459,weaker
1659,159,incomparable
3801,3850,equivalent
29,3032,stronger
2627,2802,equivalent
2114,3183,equivalent
885,738,stronger
23,3217,stronger
4457,2434,stronger
45,2976,stronger
4159,2777,stronger
2134,425,incomparable
2576,1524,stronger
4245,1797,incomparable
1838,1595,stronger
4112,4651,incomparable
2190,1488,incomparable
1259,4362,incomparable
1209,1801,weaker
818,2145,stronger
4180,3065,incomparable
2769,2104,equivalent
4635,3645,stronger
2417,898,weaker
3581,2921,stronger
1349,3474,incomparable
1736,1668,weaker
3071,3573,incomparable
3212,580,equivalent
505,1806,weaker
684,4023,weaker
1365,2664,weaker
3609,1936,stronger
923,2319,weaker
4410,1433,incomparable
948,3315,weaker
3455,1469,incomparable
1951,4481,weaker
3112,4513,incomparable
3812,3204,stronger
2635,2639,equivalent
3084,2465,stronger
4533,1274,incomparable
885,2966,stronger
3679,3614,stronger
2127,1674,incomparable
1530,3670,weaker
1664,452,incomparable
3020,2480,weaker
547,3910,weaker
3833,1048,incomparable
4058,3610,equivalent
1567,4491,weaker
808,3685,weaker
2251,2649,incomparable
2881,601,stronger
1759,4661,incomparable
410,606,stronger
2036,3249,stronger
4216,2506,incomparable
1953,1494,incomparable
2471,2423,stronger
3147,1474,incomparable
2682,2835,stronger
488,3680,weaker
1978,2490,weaker
285,2597,equivalent
1584,873,weaker
4562,110,incomparable
1150,3799,incomparable
1098,1919,stronger
3973,3687,incomparable
1139,1920,equivalent
69,1252,weaker
220,1421,equivalent
3841,3733,weaker
3702,191,stronger
1663,2105,incomparable
3285,3286,weaker
2686,2203,incomparable
2474,4010,incomparable
1409,468,equivalent
2639,2357,equivalent
2919,4626,incomparable
87,1242,weaker
3024,478,stronger
2229,4179,weaker
1131,3907,incomparable
2559,1839,weaker
4044,305,stronger
1764,3850,incomparable
664,2751,stronger
2469,633,incomparable
1688,822,weaker
4220,4668,weaker
4650,3498,incomparable
409,2232,incomparable
2815,489,weaker
2994,2706,incomparable
1072,1987,equivalent
3818,1655,incomparable
485,2227,weaker
2899,3600,incomparable
741,4102,weaker
2360,848,weaker
25,4686,incomparable
2592,2137,incomparable
1099,1366,weaker
2468,381,incomparable
4004,3508,weaker
1356,1931,weaker
1576,4149,weaker
623,848,incomparable
1966,2614,stronger
4637,2862,incomparable
3126,731,weaker
1438,1182,stronger
1537,1161,stronger
1609,4447,weaker
1621,3518,weaker
3789,2014,incomparable
1576,2055,weaker
2665,521,stronger
4239,2974,stronger
545,1315,incomparable
1606,4149,weaker
3012,2322,weaker
1401,4683,weaker
2234,1274,weaker
1380,2116,weaker
974,674,equivalent
1120,499,stronger
3431,2656,incomparable
2022,2522,weaker
3644,2949,incomparable
3935,1435,incomparable
519,4416,weaker
2625,1280,equivalent
2924,3791,weaker
2882,2599,stronger
456,3313,weaker
1822,367,weaker
3532,3647,stronger
1364,3461,weaker
1617,1655,weaker
958,2019,weaker
2919,2666,incomparable
4287,547,stronger
290,1331,stronger
1611,3338,weaker
2989,1907,equivalent
1461,361,incomparable
4606,2744,incomparable
136,864,weaker
1151,3353,weaker
2030,289,equivalent
483,2665,incomparable
3740,1317,stronger
1133,3713,incomparable
403,2147,stronger
3634,3550,stronger
1171,3416,incomparable
3919,501,incomparable
1670,885,incomparable
4595,2770,incomparable
3954,2185,stronger
1079,2137,weaker
277,695,weaker
1526,382,incomparable
4385,4623,incomparable
3444,393,equivalent
2026,705,equivalent
49,4251,incomparable
2485,1219,stronger
3407,511,incomparable
3866,1025,incomparable
958,4247,weaker
3065,747,stronger
3134,352,incomparable
3421,3792,equivalent
2287,4617,incomparable
3001,3206,equivalent
3283,2138,stronger
2359,3739,incomparable
1939,901,weaker
4019,2960,incomparable
1400,2313,stronger
3551,640,incomparable
1333,1091,equivalent
4101,2770,incomparable
3731,1739,stronger
1052,849,incomparable
3835,3782,equivalent
4690,132,stronger
1159,157,weaker
1713,1497,stronger
1164,4473,weaker
1706,326,weaker
2337,4330,incomparable
3837,3828,stronger
487,2733,incomparable
3202,3088,weaker
2089,1784,incomparable
3154,2108,equivalent
292,1511,equivalent
433,3436,incomparable
4060,867,incomparable
1097,218,weaker
4321,2894,incomparable
348,2574,stronger
427,2867,incomparable
3059,1467,incomparable
879,2210,stronger
884,2554,weaker
1937,1363,stronger
2892,3047,stronger
2867,4680,incomparable
871,1568,equivalent
3701,2627,stronger
1178,3940,weaker
1354,224,weaker
2842,4623,weaker
2632,841,weaker
2613,599,stronger
3260,4382,incomparable
4616,3192,stronger
1711,1959,equivalent
238,2564,stronger
1532,4468,weaker
3977,990,stronger
2423,4639,weaker
4596,2725,incomparable
3467,1642,stronger
2218,4392,weaker
4475,1617,stronger
2460,4679,incomparable
2869,2632,stronger
2960,2750,stronger
3368,1821,incomparable
2946,4572,incomparable
616,1584,stronger
2233,2421,equivalent
3800,3141,stronger
3812,2212,incomparable
1663,2268,stronger
2833,1662,weaker
3769,2515,stronger
424,1764,incomparable
1766,676,weaker
4080,687,stronger
3636,2925,incomparable
4553,4317,weaker
4439,3249,stronger
3873,4558,incomparable
4040,1288,incomparable
3021,1309,equivalent
3222,3285,incomparable
2353,621,weaker
2506,3869,incomparable
4371,1802,stronger
4285,338,stronger
2251,2596,incomparable
2614,3402,weaker
1628,3371,weaker
80,2893,weaker
1525,240,stronger
1953,1441,incomparable
1091,3920,weaker
2913,3469,incomparable
3861,10,incomparable
2381,3608,incomparable
228,4454,incomparable
541,2699,incomparable
3012,1196,equivalent
742,4675,weaker
1549,45,weaker
2669,76,stronger
4424,2567,incomparable
3450,641,incomparable
4484,2618,incomparable
3328,2930,stronger
2674,2140,incomparable
2278,2140,incomparable
4434,811,incomparable
1922,61,incomparable
2228,333,weaker
1970,1795,stronger
3656,4681,weaker
4392,3029,incomparable
3178,3336,weaker
482,25,weaker
745,2879,weaker
258,1071,stronger
4277,1766,stronger
4502,164,incomparable
3447,4692,weaker
156,794,stronger
720,2822,equivalent
732,1893,equivalent
3662,2402,incomparable
269,671,stronger
1879,2027,stronger
864,4264,incomparable
4613,3378,stronger
4377,4599,incomparable
2524,3485,weaker
2589,3880,weaker
595,841,weaker
3055,3121,stronger
1689,3623,weaker
2291,1971,stronger
4600,1638,incomparable
1723,2453,weaker
1272,302,incomparable
1431,4496,incomparable
555,661,weaker
1635,3737,incomparable
3703,309,incomparable
2538,3541,incomparable
244,210,weaker
218,2961,stronger
2778,2439,stronger
634,2647,weaker
2148,2043,weaker
4159,4497,weaker
4498,3963,stronger
2657,1920,stronger
2119,4496,incomparable
1993,1351,stronger
3557,3116,incomparable
2956,3650,incomparable
2361,57,weaker
938,25,incomparable
394,1093,stronger
146,3997,weaker
2921,4595,weaker
2482,1515,incomparable
2463,1273,stronger
2631,857,weaker
3584,1906,stronger
4198,3297,weaker
1529,3849,weaker
1178,2114,equivalent
438,2304,incomparable
2391,2336,equivalent
3404,26,incomparable
1031,2818,stronger
341,2371,stronger
2779,4138,incomparable
957,4589,weaker
3775,2413,stronger
294,4245,incomparable
177,1216,stronger
3514,3769,incomparable
2798,3599,weaker
3070,1843,incomparable
3347,4595,weaker
3386,4523,weaker
2677,3080,incomparable
743,846,weaker
435,693,stronger
1052,4045,incomparable
211,985,incomparable
2210,2116,weaker
1528,1530,stronger
3520,1490,stronger
1711,3866,weaker
4309,3636,stronger
3096,1162,stronger
4333,1778,stronger
1154,3948,incomparable
75,508,incomparable
2186,1880,incomparable
3412,617,incomparable
2393,4610,incomparable
1591,3922,weaker
1338,3476,weaker
1615,2064,weaker
4643,664,incomparable
23,2977,stronger
4038,4462,weaker
3668,3431,incomparable
1068,2834,stronger
2815,2209,equivalent
3914,3083,incomparable
3907,2666,incomparable
2890,3322,incomparable
543,919,incomparable
1737,899,equivalent
4163,4349,weaker
417,2500,stronger
1525,1208,stronger
408,694,incomparable
1659,1208,stronger
3044,756,stronger
3904,1614,stronger
3813,2250,incomparable
3702,167,incomparable
3418,408,stronger
4533,95,stronger
25,929,stronger
118,1120,incomparable
3190,3964,weaker
4205,1727,stronger
76,894,equivalent
2479,2640,stronger
877,391,weaker
385,2403,stronger
2291,2589,stronger
4199,1912,incomparable
71,2213,equivalent
3263,4442,incomparable
1893,3482,weaker
234,1453,incomparable
1273,3774,incomparable
872,3430,incomparable
839,1038,weaker
1470,2598,stronger
314,658,incomparable
852,3717,incomparable
3462,2558,incomparable
3269,4607,incomparable
4618,2246,incomparable
2677,531,stronger
4095,4191,stronger
3517,13,incomparable
2577,3333,weaker
4425,1851,incomparable
2890,1578,stronger
2373,1840,incomparable
3487,3554,stronger
3255,13,stronger
2537,3934,weaker
813,756,equivalent
2294,4176,incomparable
4049,2503,incomparable
2934,1126,equivalent
4021,1209,stronger
3092,1712,stronger
4528,4423,incomparable
1209,4139,weaker
2267,3292,incomparable
4010,296,stronger
4431,326,incomparable
1041,1522,stronger
2001,4304,weaker
2503,3010,stronger
4247,1148,stronger
3374,994,incomparable
945,2753,weaker
1825,2543,weaker
1075,2045,incomparable
3504,4258,incomparable
3389,2056,incomparable
481,1306,stronger
3466,1522,stronger
3533,3498,incomparable
2669,1178,stronger
2175,1609,equivalent
3713,2153,stronger
2813,4340,weaker
3116,1897,incomparable
3857,589,stronger
3401,4510,incomparable
4476,3078,incomparable
1656,4427,incomparable
3166,2923,weaker
2089,1276,incomparable
659,2517,incomparable
1311,228,weaker
1290,4077,weaker
822,1757,stronger
3303,188,stronger
3516,1235,incomparable
1957,4540,weaker
3829,234,incomparable
417,3923,incomparable
912,1650,incomparable
3952,2519,incomparable
316,2528,stronger
1030,1871,incomparable
1990,3899,weaker
2101,2949,incomparable
2385,264,incomparable
2694,1019,stronger
4115,4388,incomparable
412,3929,incomparable
3296,1841,incomparable
1554,3719,weaker
847,3857,incomparable
4283,3972,incomparable
2695,2375,stronger
2302,3612,weaker
404,3287,weaker
3208,2371,equivalent
2554,3833,incomparable
663,2235,stronger
687,377,weaker
3842,3448,stronger
304,2302,equivalent
937,4689,weaker
3270,778,incomparable
1121,80,equivalent
840,3036,stronger
1210,1815,equivalent
546,1835,incomparable
2194,1985,equivalent
3324,2704,stronger
1127,4032,weaker
3973,898,incomparable
2290,2447,incomparable
476,2759,stronger
3365,1015,stronger
3530,328,equivalent
1460,2929,stronger
95,3067,weaker
4143,528,incomparable
2641,4367,weaker
776,18,equivalent
1378,2338,incomparable
1748,1117,weaker
1008,1307,weaker
832,327,incomparable
1783,3555,weaker
2318,681,stronger
2719,1025,weaker
1335,2641,equivalent
2902,3361,incomparable
3938,2755,incomparable
1665,301,stronger
2518,2432,equivalent
1348,594,equivalent
3880,1996,incomparable
1191,4582,weaker
2640,2802,equivalent
1513,1600,equivalent
3560,3711,weaker
2691,1047,stronger
1731,2991,stronger
4016,4516,weaker
3771,3931,weaker
3580,4363,weaker
3693,4240,stronger
4524,4168,incomparable
1062,2078,weaker
661,1734,incomparable
2605,2966,stronger
2901,1796,equivalent
795,2488,weaker
2734,2622,stronger
597,29,weaker
2648,3602,incomparable
817,2247,incomparable
2040,713,incomparable
3017,2910,weaker
4490,2305,stronger
1979,2689,incomparable
2533,4029,incomparable
4262,1135,stronger
912,40,incomparable
2617,2976,equivalent
2137,1585,stronger
4418,1648,incomparable
1261,194,incomparable
1810,1190,equivalent
2245,1118,stronger
1503,481,weaker
1818,3525,weaker
1069,3407,incomparable
3120,564,stronger
2621,3849,weaker
2972,2386,equivalent
267,275,stronger
3554,267,incomparable
99,4074,incomparable
2874,2228,stronger
4591,263,incomparable
2502,2622,equivalent
513,681,stronger
4170,206,incomparable
1398,2535,equivalent
1153,2704,equivalent
3555,2562,incomparable
1418,3941,weaker
707,1863,incomparable
335,5,incomparable
4583,3004,stronger
2269,549,incomparable
1033,2787,incomparable
3080,2454,stronger
4558,2193,stronger
2373,2592,incomparable
662,1339,stronger
2012,4276,weaker
2518,472,equivalent
3149,3722,incomparable
30,1062,weaker
2158,4101,weaker
675,4018,weaker
771,3726,weaker
1896,4101,weaker
1263,4188,incomparable
425,3089,incomparable
1237,2967,stronger
3102,3906,incomparable
1889,678,equivalent
3957,4420,weaker
2934,1289,weaker
3085,704,incomparable
196,3202,equivalent
2828,3522,weaker
2661,376,incomparable
1935,272,equivalent
833,3264,incomparable
122,1186,equivalent
1722,2608,stronger
4542,1259,incomparable
3403,986,stronger
3945,3255,weaker
2618,2931,stronger
460,3433,incomparable
2170,4461,incomparable
1697,1797,incomparable
3956,2101,incomparable
1339,2089,weaker
4288,2840,stronger
2796,951,weaker
3488,535,stronger
2073,4528,incomparable
2718,4266,weaker
55,903,stronger
2243,775,incomparable
2826,601,stronger
4410,1490,stronger
2488,3989,incomparable
2094,2372,weaker
3976,2726,stronger
4351,1849,incomparable
4158,3898,incomparable
3367,3399,stronger
550,4265,weaker
2541,1371,stronger
4003,4549,weaker
1957,1320,weaker
2432,2367,equivalent
3010,129,equivalent
4627,212,incomparable
2404,319,weaker
365,2233,stronger
1027,1386,stronger
141,2525,weaker
1624,3362,weaker
2140,3656,incomparable
4373,295,stronger
352,1247,incomparable
4319,3442,stronger
1506,108,incomparable
3032,827,weaker
2784,725,weaker
4642,685,stronger
2006,4595,weaker
1154,1346,stronger
1112,1120,incomparable
2541,2660,incomparable
3640,1814,stronger
4521,3549,incomparable
252,3645,weaker
4507,1399,stronger
3380,197,stronger
1685,1921,incomparable
4393,4303,incomparable
834,2280,incomparable
1443,3327,incomparable
272,298,weaker
1239,1053,incomparable
4035,3282,incomparable
24,4168,incomparable
3250,1255,weaker
3735,2990,incomparable
4671,4432,incomparable
309,365,incomparable
507,2824,equivalent
2014,1049,incomparable
4269,3863,incomparable
2051,150,stronger
3438,1491,incomparable
4217,3673,incomparable
1308,4041,weaker
1676,2747,stronger
447,1992,incomparable
3742,936,stronger
4105,988,stronger
2637,3657,weaker
4244,3806,equivalent
524,3178,stronger
472,2988,equivalent
2716,2260,incomparable
4433,295,stronger
3624,4098,weaker
3274,1999,stronger
2713,3652,weaker
2393,4236,incomparable
170,4343,incomparable
1452,6,stronger
853,1367,stronger
3138,2892,weaker
1465,4375,incomparable
433,781,stronger
3726,3062,incomparable
4366,1702,stronger
985,1294,stronger
3753,3165,stronger
4586,3920,stronger
4507,3627,stronger
2955,3939,weaker
2609,2548,stronger
3221,1614,equivalent
3422,3590,stronger
2907,1424,equivalent
2601,1906,stronger
1333,3697,weaker
2207,289,stronger
732,4231,weaker
3970,2641,stronger
4276,2159,stronger
1826,3041,stronger
1110,3625,incomparable
36,1495,equivalent
684,2470,weaker
2404,1742,weaker
387,3415,stronger
977,248,stronger
3305,157,stronger
851,1829,stronger
104,848,incomparable
1026,2584,incomparable
3798,3473,incomparable
3385,4058,stronger
3199,1424,equivalent
2638,3077,incomparable
1167,2065,incomparable
2927,736,stronger
3682,80,stronger
1003,2600,equivalent
626,2650,incomparable
1538,3698,weaker
8,3769,incomparable
3310,1440,stronger
4242,4618,weaker
412,2132,incomparable
481,1737,stronger
3655,2606,stronger
3216,1778,equivalent
2029,525,stronger
4310,588,stronger
893,3933,incomparable
1782,3277,weaker
2169,2225,stronger
3571,1188,incomparable
164,2969,stronger
3280,450,incomparable
1160,1244,weaker
3637,2939,incomparable
4119,1959,stronger
3263,1974,stronger
2972,3488,weaker
1986,3457,weaker
709,1722,incomparable
2523,1410,weaker
3145,3416,incomparable
3030,460,weaker
1755,3524,incomparable
2534,3262,incomparable
1099,1907,equivalent
1957,1938,equivalent
658,4416,incomparable
3958,3704,incomparable
4407,3530,incomparable
4694,2806,stronger
2741,3740,incomparable
4026,2118,stronger
1378,541,weaker
72,1286,incomparable
3459,3202,stronger
2874,4269,weaker
3634,3957,stronger
4255,2355,incomparable
4685,1939,stronger
2644,3026,stronger
4511,2540,incomparable
4337,4639,incomparable
1427,3062,incomparable
2146,2749,incomparable
3421,3849,equivalent
317,2029,incomparable
649,516,incomparable
838,3421,incomparable
4217,3002,stronger
2306,2472,weaker
1686,2764,equivalent
3200,2160,equivalent
4435,4393,incomparable
2219,3227,weaker
3282,2724,incomparable
2057,4397,incomparable
2599,250,weaker
3751,3202,stronger
2952,1277,stronger
3016,538,equivalent
4406,430,incomparable
1216,748,weaker
4583,2012,stronger
2520,3340,weaker
1028,1451,incomparable
176,454,weaker
2588,1754,stronger
229,4252,incomparable
3018,584,equivalent
2846,4264,weaker
3059,4557,incomparable
588,398,incomparable
3708,1970,incomparable
4336,41,stronger
2844,404,weaker
1932,1076,incomparable
502,65,weaker
2313,4151,weaker
580,3139,weaker
790,3915,weaker
845,404,incomparable
2727,4,weaker
1141,3206,stronger
4375,154,incomparable
2165,2186,incomparable
4623,3639,incomparable
3556,236,stronger
1737,204,weaker
106,1943,incomparable
3903,2037,incomparable
3954,282,stronger
3897,3912,stronger
2691,2417,stronger
2390,3243,equivalent
3847,2105,incomparable
602,804,equivalent
3907,2910,incomparable
1548,1436,weaker
3322,3977,stronger
2119,2191,stronger
4555,3131,incomparable
4013,862,incomparable
2633,2412,stronger
4457,344,stronger
3605,3511,weaker
931,2965,equivalent
3766,4368,weaker
707,1005,stronger
3955,857,incomparable
1326,3494,weaker
987,4028,weaker
1539,569,stronger
3901,1560,incomparable
21,3683,weaker
797,3150,weaker
4646,216,incomparable
2934,2525,weaker
3713,2263,incomparable
1349,445,incomparable
640,3166,stronger
2037,1785,stronger
2369,272,equivalent
3740,4086,incomparable
4003,524,incomparable
646,702,stronger
2272,2591,stronger
2621,1247,weaker
1759,3726,incomparable
2991,26,weaker
2464,2761,incomparable
2595,3998,weaker
418,3504,incomparable
2326,2827,equivalent
2627,2001,equivalent
409,8,incomparable
797,3500,weaker
3827,3681,weaker
436,1831,stronger
3471,1602,stronger
2158,210,weaker
537,2637,stronger
559,2396,equivalent
1858,3890,incomparable
449,4510,weaker
815,1827,equivalent
3752,1063,incomparable
2215,4127,weaker
732,4044,weaker
4472,3604,incomparable
2688,4347,incomparable
2502,959,equivalent
2617,1663,weaker
2854,852,incomparable
2793,2828,equivalent
1029,251,stronger
2281,401,incomparable
4504,1048,incomparable
154,2468,equivalent
882,955,stronger
1465,3033,stronger
3798,3286,incomparable
3796,3213,stronger
1581,175,stronger
3821,237,stronger
3589,668,stronger
2959,2716,weaker
2436,4661,weaker
4294,4621,incomparable
3007,4450,incomparable
1705,241,stronger
481,1550,stronger
1303,1924,weaker
131,3423,weaker
1218,3506,weaker
4518,2794,stronger
3174,3809,weaker
3052,436,incomparable
2391,165,weaker
887,3177,stronger
589,302,weaker
3603,3168,stronger
3486,139,stronger
604,610,equivalent
925,2880,weaker
1047,4563,incomparable
4373,2820,stronger
216,2191,stronger
3361,4574,weaker
1611,175,equivalent
1630,4389,incomparable
3791,4158,weaker
2287,3198,stronger
88,2945,equivalent
660,3336,weaker
3967,1351,stronger
412,790,stronger
606,4039,weaker
2824,1336,weaker
3438,2727,stronger
2231,4205,weaker
2217,4307,weaker
846,493,stronger
4509,587,stronger
2876,745,stronger
4240,3580,equivalent
3325,571,incomparable
30,1627,equivalent
3299,1602,stronger
2727,622,weaker
3305,2548,stronger
626,1658,incomparable
3564,2250,incomparable
3249,3178,equivalent
3646,2060,incomparable
1518,2993,stronger
1848,653,incomparable
2837,1921,weaker
4146,4103,incomparable
2515,1870,weaker
2544,356,weaker
2745,2332,equivalent
1327,2644,weaker
40,221,incomparable
2478,1988,stronger
3247,3482,incomparable
323,3727,incomparable
2881,2378,stronger
4407,1599,stronger
3328,1377,stronger
565,4014,weaker
1506,1828,stronger
3833,3764,equivalent
3401,1855,incomparable
1128,1653,weaker
598,2619,stronger
212,863,stronger
100,4594,incomparable
4460,3862,incomparable
1481,4400,incomparable
3838,1075,incomparable
321,3250,stronger
4666,1486,incomparable
2222,3846,incomparable
3294,2897,incomparable
4357,3360,stronger
1776,3759,incomparable
1346,1731,weaker
3663,3703,incomparable
432,4020,incomparable
356,992,stronger
115,2623,incomparable
1842,1346,stronger
3535,2205,stronger
2138,4148,weaker
3652,3544,weaker
572,1556,incomparable
3941,1203,stronger
1387,1705,incomparable
2137,3923,incomparable
4086,3247,stronger
311,468,stronger
2336,2820,equivalent
2950,239,equivalent
823,2306,incomparable
3612,3364,incomparable
3581,1799,stronger
1829,2989,equivalent
1762,1767,weaker
671,222,weaker
227,3214,weaker
135,3625,weaker
3063,1055,incomparable
2187,3636,weaker
3331,4253,incomparable
2261,4339,weaker
3493,639,incomparable
2653,2877,stronger
4423,2236,stronger
2106,264,weaker
255,1448,incomparable
3973,4659,incomparable
4188,2369,stronger
1528,1721,incomparable
4291,1558,incomparable
2219,1080,equivalent
4008,681,stronger
3697,819,incomparable
642,3025,stronger
4422,3704,incomparable
4590,3288,incomparable
4131,522,stronger
3363,2636,stronger
2287,2877,incomparable
401,869,incomparable
4138,912,stronger
4475,3715,incomparable
4158,1564,stronger
1837,1136,stronger
2514,2287,weaker
1270,500,incomparable
969,1326,equivalent
1547,3252,stronger
3159,3745,incomparable
4592,2021,stronger
2899,2128,incomparable
2869,1697,incomparable
4177,3499,weaker
1460,1563,stronger
1467,290,incomparable
1895,1491,incomparable
1695,3123,stronger
1671,1783,stronger
869,1095,stronger
303,2404,equivalent
2529,316,weaker
2556,4391,weaker
2003,1963,equivalent
2462,1723,stronger
4098,2802,stronger
1550,2395,equivalent
4356,1148,stronger
3308,3437,stronger
3781,651,incomparable
3273,4382,incomparable
2370,444,incomparable
3455,3864,weaker
2259,3057,incomparable
1703,2610,equivalent
3346,2416,stronger
285,670,weaker
192,479,weaker
663,64,stronger
644,3986,incomparable
2399,2313,stronger
2774,1436,incomparable
3721,758,stronger
2468,3581,incomparable
4242,2150,stronger
1534,4494,weaker
1313,4495,incomparable
1690,4253,weaker
544,3755,weaker
1528,2205,stronger
2138,444,weaker
4481,1385,stronger
2781,2765,weaker
2034,1784,weaker
3541,9,incomparable
3233,3828,weaker
4308,2396,stronger
428,547,stronger
1971,681,equivalent
2107,2262,incomparable
3967,2103,incomparable
491,4279,incomparable
3127,4341,weaker
1274,1507,incomparable
4147,3202,stronger
2955,1605,equivalent
1616,2210,equivalent
3271,3531,incomparable
4305,2098,incomparable
275,490,equivalent
2262,106,incomparable
3184,1842,incomparable
2227,3495,incomparable
2860,964,incomparable
1179,3340,weaker
1552,1636,incomparable
1908,1271,incomparable
2957,4280,weaker
269,4058,incomparable
2208,4192,weaker
2399,1508,stronger
1198,357,weaker
501,429,incomparable
1012,1133,weaker
2352,3382,weaker
4203,1417,stronger
2071,3140,incomparable
667,4104,incomparable
2396,1210,equivalent
682,440,incomparable
3966,3167,incomparable
3782,1360,stronger
3436,723,incomparable
1825,3084,weaker
4079,3044,incomparable
1689,3977,weaker
378,968,incomparable
1785,4439,weaker
1600,3905,weaker
2813,2437,equivalent
4204,2931,stronger
4567,539,stronger
2249,3038,stronger
3739,2602,incomparable
2350,3844,weaker
2290,1349,incomparable
3222,3773,weaker
421,1954,stronger
428,681,stronger
701,4223,weaker
2359,2617,stronger
499,332,weaker
3577,739,stronger
932,2843,equivalent
1505,261,weaker
252,3084,weaker
1522,430,weaker
952,2529,stronger
735,3992,incomparable
3426,3953,stronger
145,743,equivalent
2273,2284,stronger
3219,4414,weaker
454,2252,incomparable
903,1324,equivalent
767,497,equivalent
1670,1991,stronger
3628,3121,stronger
864,1369,stronger
986,2298,equivalent
4427,3511,incomparable
1163,3880,weaker
3460,4476,incomparable
4105,3460,incomparable
1269,2586,incomparable
2828,1001,equivalent
2089,4045,incomparable
3465,1787,stronger
1474,4681,incomparable
55,3859,incomparable
2467,995,stronger
2442,2628,incomparable
1855,3060,incomparable
4362,1022,incomparable
1380,323,weaker
2059,4553,incomparable
2066,3280,incomparable
2290,544,stronger
1235,908,stronger
3795,386,equivalent
1333,2197,equivalent
2035,1715,stronger
715,872,weaker
747,1319,equivalent
1652,1196,stronger
3324,4184,stronger
3756,4595,incomparable
3637,3183,stronger
17,3725,weaker
942,3480,weaker
4232,2080,incomparable
1933,657,weaker
1761,3583,incomparable
1606,262,weaker
3951,1838,incomparable
3008,3389,incomparable
4410,2352,stronger
3199,513,weaker
425,2207,incomparable
3013,1289,weaker
4434,494,stronger
984,3891,weaker
1741,3870,weaker
263,4131,incomparable
4224,684,incomparable
3393,756,stronger
4029,2660,incomparable
3270,2608,stronger
3416,1679,incomparable
4483,386,stronger
4281,2881,incomparable
2043,1956,stronger
4429,3533,incomparable
3677,1454,incomparable
1263,4245,incomparable
325,1976,stronger
3379,2551,stronger
4301,4287,incomparable
3410,1864,incomparable
1357,3880,weaker
1448,3244,stronger
505,631,weaker
2124,2295,stronger
4218,88,stronger
3521,914,incomparable
3464,3790,incomparable
2836,57,incomparable
1189,1263,weaker
645,2331,incomparable
1390,3239,equivalent
3716,2321,stronger
4557,685,stronger
3492,361,incomparable
3681,3266,incomparable
2230,3630,weaker
2860,1582,stronger
2388,2526,equivalent
3186,2506,weaker
3874,4600,incomparable
1114,2028,equivalent
835,2613,stronger
2373,905,stronger
2438,1300,equivalent
1915,3245,equivalent
1603,2192,stronger
4345,398,stronger
527,3399,weaker
3345,1223,incomparable
2784,2876,weaker
499,2105,weaker
2672,191,stronger
4475,3662,incomparable
411,3224,stronger
3964,1460,incomparable
1844,1500,stronger
3946,4072,weaker
4627,269,incomparable
2997,890,equivalent
1302,3368,weaker
3838,1506,incomparable
598,17,stronger
2838,79,equivalent
1840,1731,incomparable
1155,1628,stronger
3204,2122,equivalent
3195,2568,stronger
2266,3825,incomparable
3288,315,incomparable
865,3552,incomparable
2668,3051,incomparable
3888,4252,stronger
899,884,equivalent
1043,1572,stronger
3058,3236,stronger
2115,623,incomparable
654,299,stronger
2089,3374,incomparable
2729,2014,weaker
3364,310,incomparable
2350,1429,weaker
1619,981,weaker
2637,2425,weaker
1396,4319,weaker
529,2290,weaker
1752,3954,weaker
4560,336,incomparable
1745,2783,equivalent
2036,1269,stronger
3933,3621,incomparable
1500,3918,weaker
689,3676,weaker
4693,865,incomparable
496,3281,weaker
1368,3964,incomparable
265,3348,incomparable
4119,3976,incomparable
3036,602,equivalent
3829,238,incomparable
1162,2583,equivalent
704,951,incomparable
2674,1152,incomparable
4236,1528,incomparable
3699,357,stronger
3847,255,incomparable
3366,1645,incomparable
4507,301,stronger
501,1531,incomparable
2459,2661,incomparable
864,2337,incomparable
4133,4032,stronger
561,84,equivalent
1118,941,equivalent
3798,4685,incomparable
987,2178,weaker
1040,3502,incomparable
2566,1969,equivalent
3953,2344,stronger
1253,4549,incomparable
585,3861,weaker
475,2003,equivalent
4406,2097,incomparable
3437,4679,weaker
1706,4494,weaker
980,4390,weaker
2358,2959,equivalent
586,2019,weaker
4679,943,incomparable
673,675,equivalent
3066,979,stronger
2935,4468,weaker
3786,3520,incomparable
2162,2266,incomparable
219,3888,incomparable
11,1495,stronger
4281,3499,incomparable
212,2717,stronger
441,325,weaker
3596,3396,equivalent
456,3077,weaker
98,3369,weaker
2565,4376,weaker
3365,1019,stronger
1202,423,incomparable
2821,2087,weaker
99,561,stronger
4511,19,incomparable
1417,2297,equivalent
3039,3478,incomparable
3612,896,stronger
3770,2236,stronger
2178,3149,incomparable
686,1260,incomparable
569,3893,weaker
2754,4248,weaker
2836,4058,incomparable
854,844,incomparable
742,3821,weaker
1559,4043,weaker
838,4283,incomparable
2083,2508,stronger
3294,2657,incomparable
135,4540,weaker
3146,3725,weaker
4586,728,stronger
3716,3289,incomparable
4554,4388,incomparable
2625,1744,equivalent
2358,2154,equivalent
4471,189,stronger
2898,3596,incomparable
3722,1791,stronger
819,4391,incomparable
205,556,incomparable
1669,4561,incomparable
609,4581,weaker
831,3462,incomparable
3777,2252,incomparable
4582,205,incomparable
607,1502,weaker
447,89,stronger
3131,1323,incomparable
3655,3952,weaker
1014,3354,incomparable
527,984,equivalent
2946,3263,incomparable
3883,3587,incomparable
822,2595,stronger
3759,1831,stronger
1359,4520,weaker
2840,3776,weaker
2852,2847,weaker
3717,4049,stronger
3234,697,equivalent
1355,614,weaker
1788,3879,weaker
2710,1451,incomparable
370,4191,stronger
1244,783,stronger
3904,1431,incomparable
3632,3187,stronger
3384,1395,stronger
2969,399,weaker
1367,3068,weaker
2358,999,weaker
539,967,equivalent
3044,3956,incomparable
3008,2047,incomparable
4489,1303,incomparable
3854,3007,incomparable
4141,4003,stronger
4471,2417,stronger
1947,2596,weaker
2506,116,stronger
2609,995,stronger
1771,650,weaker
1361,2472,incomparable
1273,3591,incomparable
1813,1061,weaker
1992,3278,weaker
271,3781,incomparable
708,4536,weaker
278,2508,equivalent
2418,1400,weaker
2492,1349,incomparable
4572,3408,stronger
3426,2156,stronger
4109,2186,incomparable
4687,4112,incomparable
4524,2428,stronger
4553,914,incomparable
3336,3202,stronger
2314,296,stronger
3093,4198,incomparable
2403,3751,weaker
4015,3490,weaker
2036,2237,stronger
2734,4265,incomparable
4457,1556,incomparable
2368,3915,incomparable
4202,283,incomparable
1041,1339,stronger
695,702,stronger
2823,523,equivalent
4058,4476,weaker
542,3843,weaker
3350,4389,incomparable
4279,1442,incomparable
4406,2715,stronger
2486,379,incomparable
3201,4266,incomparable
3013,2525,weaker
3723,406,stronger
619,1996,incomparable
3289,4086,incomparable
2415,1078,incomparable
3583,2089,incomparable
3535,355,incomparable
1052,1097,stronger
2719,3741,weaker
2829,3347,weaker
1774,4465,incomparable
1237,4260,incomparable
4502,1083,incomparable
500,1523,incomparable
3208,899,equivalent
1026,815,stronger
518,4546,weaker
2140,2721,stronger
4499,4195,stronger
3489,360,incomparable
2128,1206,stronger
760,4079,weaker
4342,47,incomparable
715,364,weaker
1310,3957,weaker
885,3027,stronger
4083,2038,incomparable
3518,2229,stronger
1947,4019,weaker
6,2304,weaker
3523,129,stronger
85,3351,weaker
2824,4292,weaker
2133,210,weaker
796,1642,incomparable
133,1298,equivalent
188,1005,equivalent
1776,1104,equivalent
1846,1843,weaker
2739,2649,incomparable
213,2755,incomparable
3683,2454,incomparable
2077,1217,incomparable
1658,3485,incomparable
1252,2797,stronger
4053,4616,weaker
4125,4492,incomparable
3858,4148,weaker
52,2248,incomparable
3617,1053,incomparable
181,1904,weaker
389,887,incomparable
862,1299,incomparable
146,1883,incomparable
4348,1531,stronger
2152,1741,stronger
249,318,weaker
3719,17,stronger
1195,196,equivalent
625,3049,stronger
1814,2685,weaker
344,4527,weaker
4340,3518,incomparable
4154,884,stronger
1480,4502,incomparable
275,1889,equivalent
552,4641,weaker
4203,2466,incomparable
3511,3636,stronger
3427,2999,stronger
1419,62,weaker
82,2248,incomparable
244,4296,weaker
2649,638,stronger
713,21,stronger
355,313,incomparable
966,2187,equivalent
1568,3114,equivalent
4584,64,stronger
2941,2732,equivalent
4587,4499,incomparable
3751,1783,stronger
2875,392,incomparable
1972,2870,weaker
3337,4395,incomparable
489,3696,incomparable
2325,3897,weaker
4319,1486,incomparable
2373,181,stronger
2636,3035,equivalent
3171,161,incomparable
2806,1726,weaker
2553,1280,equivalent
480,200,equivalent
2656,1967,incomparable
4158,2292,stronger
2122,4477,weaker
2136,1931,weaker
2509,227,stronger
977,3635,incomparable
1856,3045,stronger
2986,3764,weaker
734,2187,equivalent
2740,4297,weaker
2702,4005,incomparable
1131,1069,incomparable
1818,309,weaker
2315,361,weaker
1468,4626,incomparable
2125,2681,incomparable
3259,2610,stronger
1848,1649,stronger
2285,2404,stronger
860,3989,incomparable
3778,731,incomparable
672,4692,incomparable
1321,2886,weaker
2792,1454,weaker
1878,3743,incomparable
940,1474,weaker
4617,4684,weaker
3793,3483,weaker
4319,2775,stronger
813,386,weaker
1389,1485,weaker
1327,607,equivalent
3548,4591,incomparable
1132,2583,equivalent
3621,3349,weaker
2172,2096,equivalent
2943,1973,equivalent
1976,2184,equivalent
3679,321,stronger
4281,2641,stronger
986,3697,weaker
4166,439,incomparable
4229,4171,incomparable
1987,4036,incomparable
130,3712,incomparable
1701,1198,stronger
3829,1019,stronger
1281,612,stronger
3734,3411,stronger
4264,193,stronger
300,1679,weaker
4421,2651,incomparable
3741,2138,stronger
2858,4494,incomparable
3677,4597,incomparable
3634,3961,incomparable
1631,2122,stronger
1201,94,weaker
1686,1829,equivalent
846,4067,incomparable
3198,398,weaker
2496,880,incomparable
338,1382,stronger
1866,484,stronger
1014,3651,incomparable
3180,1512,stronger
2053,310,incomparable
1017,916,weaker
1712,17,equivalent
996,4011,weaker
3532,2903,incomparable
4344,337,stronger
99,4025,incomparable
4436,3309,incomparable
3262,2261,stronger
1677,4345,incomparable
142,4072,incomparable
617,4365,incomparable
1204,1681,weaker
187,3091,weaker
1042,3605,incomparable
2241,3929,incomparable
176,458,weaker
3147,3442,incomparable
225,2794,equivalent
1235,213,incomparable
2152,2359,stronger
3945,978,incomparable
4347,204,incomparable
2444,3699,incomparable
18,1003,equivalent
2664,1753,stronger
80,2820,equivalent
2130,4448,incomparable
4035,4254,stronger
3973,2622,stronger
191,1870,weaker
812,4432,weaker
1512,3123,equivalent
108,4087,incomparable
4165,348,stronger
3036,1517,equivalent
4445,3371,incomparable
1069,2553,stronger
447,520,incomparable
1341,208,weaker
2117,429,weaker
4197,2488,incomparable
654,3442,incomparable
4107,3726,incomparable
4184,3192,stronger
2042,4227,incomparable
490,2287,weaker
877,2733,weaker
3439,594,stronger
4361,2330,incomparable
1,3062,stronger
2408,2298,equivalent
2838,1128,equivalent
3070,4669,incomparable
1566,3709,weaker
948,2384,equivalent
2378,1143,equivalent
2474,851,incomparable
366,3160,stronger
428,2348,stronger
3234,4511,weaker
992,4376,weaker
2112,4407,weaker
1584,2036,weaker
4570,2854,incomparable
1547,2154,stronger
2400,4285,weaker
2908,1308,equivalent
4223,2746,incomparable
2017,4520,weaker
933,1702,equivalent
4379,3259,incomparable
1475,3971,incomparable
332,2236,stronger
628,1066,stronger
3431,1241,incomparable
755,4032,weaker
607,1128,equivalent
2334,3823,weaker
245,3930,weaker
2635,553,equivalent
2936,481,incomparable
1188,881,stronger
1647,641,stronger
76,2431,equivalent
4632,3331,incomparable
2457,3664,incomparable
1877,1103,stronger
3890,1940,stronger
1851,3854,incomparable
712,4335,weaker
2434,2714,weaker
2329,446,weaker
221,311,incomparable
3254,4173,stronger
1986,1046,weaker
2335,1954,stronger
647,2405,stronger
3978,1006,stronger
862,4279,incomparable
1297,4207,weaker
3633,3977,equivalent
1773,4136,weaker
2270,4188,incomparable
3729,3685,incomparable
391,4105,incomparable
1578,2914,equivalent
1273,2278,weaker
4380,1925,incomparable
4502,3608,stronger
2871,621,incomparable
3344,841,incomparable
3626,3937,weaker
2948,841,weaker
1534,363,weaker
1621,4681,weaker
3309,1786,stronger
141,4115,weaker
173,620,weaker
25,4694,incomparable
1375,2181,equivalent
2542,3721,weaker
4519,929,stronger
976,1883,weaker
3806,498,stronger
2243,4593,incomparable
1653,1344,incomparable
1334,2530,weaker
4460,4671,incomparable
3400,2439,stronger
2569,821,weaker
421,2011,stronger
2190,236,stronger
1799,4552,weaker
987,2422,equivalent
3153,1781,equivalent
367,2714,incomparable
3667,2002,stronger
2588,282,stronger
1015,2935,equivalent
1486,2520,stronger
4189,4558,weaker
404,3535,weaker
2537,4666,weaker
3115,2428,stronger
2876,4132,incomparable
2012,1812,equivalent
465,4188,weaker
4350,719,incomparable
2538,1858,incomparable
335,1863,incomparable
4159,2814,stronger
3913,3347,stronger
217,4059,incomparable
286,3664,weaker
864,1426,incomparable
585,2011,equivalent
3271,1628,stronger
805,4229,weaker
4124,3759,incomparable
2617,3090,weaker
2799,2572,stronger
4330,3635,stronger
2816,1987,weaker
4194,556,incomparable
3638,109,incomparable
4529,2532,stronger
948,3002,weaker
103,924,stronger
1421,3414,weaker
2333,298,stronger
2188,4081,weaker
1128,4101,weaker
2603,4323,weaker
1978,4271,weaker
4108,1721,incomparable
405,1262,incomparable
1181,1483,incomparable
2432,1997,equivalent
3304,1926,stronger
2951,2562,weaker
891,1155,weaker
2458,2629,stronger
3471,1285,incomparable
4408,2363,stronger
543,3074,incomparable
2406,3378,incomparable
3406,109,incomparable
4572,4457,incomparable
72,4620,incomparable
2247,123,stronger
53,4378,incomparable
2188,2926,equivalent
916,3255,incomparable
3994,3662,incomparable
3989,3318,incomparable
4090,1680,incomparable
1436,4230,incomparable
3062,4621,incomparable
3793,2625,stronger
1189,1320,weaker
4377,4339,weaker
270,3265,incomparable
554,580,stronger
2949,1711,stronger
2553,1711,equivalent
435,3332,weaker
896,3727,weaker
1313,4015,incomparable
2297,3219,equivalent
3905,2250,incomparable
3819,4196,weaker
976,4595,weaker
4562,2025,stronger
475,637,weaker
3906,408,stronger
2512,2060,weaker
4038,2779,incomparable
2665,2302,stronger
308,1463,stronger
1495,2716,weaker
1235,3543,incomparable
2844,2799,weaker
3900,2845,stronger
1121,4195,weaker
2081,561,stronger
157,4677,incomparable
4539,1260,incomparable
1605,4015,weaker
2692,4098,incomparable
2241,1193,stronger
3946,4129,weaker
3394,1172,stronger
2144,1260,incomparable
2839,361,weaker
2957,3800,weaker
383,2926,stronger
1969,3888,weaker
4,2341,stronger
3915,3503,incomparable
2368,4159,incomparable
2664,2989,stronger
2053,2835,stronger
2481,3282,incomparable
3942,3606,stronger
3577,475,stronger
258,945,stronger
2532,4001,weaker
2401,3518,weaker
4020,1984,stronger
4407,932,stronger
709,63,incomparable
4260,3888,weaker
3551,193,stronger
4454,1687,incomparable
2723,4508,weaker
1429,4324,incomparable
3688,464,incomparable
3860,1702,stronger
5,849,incomparable
934,3564,incomparable
3606,3283,weaker
239,2773,equivalent
2374,567,equivalent
2933,2251,weaker
2465,685,stronger
1334,4437,incomparable
518,3851,weaker
1449,977,incomparable
2299,1147,equivalent
2982,423,incomparable
2263,736,stronger
1488,1871,incomparable
2198,3724,weaker
4500,4664,incomparable
2783,213,weaker
3059,1020,incomparable
4076,172,stronger
3795,4094,weaker
1791,2030,equivalent
2426,326,weaker
4236,2524,stronger
1684,1409,stronger
947,1116,stronger
4572,4136,incomparable
3865,4274,incomparable
3608,4618,incomparable
413,428,stronger
1194,993,equivalent
788,305,equivalent
4279,881,stronger
2940,1486,incomparable
3165,4048,weaker
4089,4167,incomparable
3934,3098,incomparable
2502,3704,weaker
2807,2088,weaker
3994,897,incomparable
883,4514,incomparable
2891,1035,incomparable
750,952,weaker
1453,3324,incomparable
3136,85,equivalent
1520,2856,weaker
1527,1583,equivalent
231,3016,stronger
4088,3915,incomparable
3553,373,incomparable
3594,374,weaker
3704,2986,stronger
130,2183,stronger
4051,4033,equivalent
2052,650,stronger
787,4402,weaker
3946,2519,incomparable
238,962,incomparable
30,2733,weaker
463,3524,incomparable
938,4571,incomparable
4675,4614,incomparable
3639,2776,incomparable
1213,80,equivalent
3594,1313,incomparable
1078,2107,equivalent
2282,4495,incomparable
4224,2648,incomparable
1464,830,incomparable
2880,3663,incomparable
2417,1687,weaker
2775,2149,equivalent
1574,998,equivalent
3778,841,incomparable
1176,3581,weaker
2291,3268,incomparable
1792,2389,weaker
840,4386,incomparable
3881,969,stronger
3201,456,incomparable
4424,2120,stronger
1585,3227,weaker
3128,4115,incomparable
1793,3930,incomparable
1982,419,weaker
1424,1589,equivalent
1947,1364,equivalent
284,1845,weaker
2610,3371,weaker
2206,312,weaker
2617,2098,weaker
1902,3284,incomparable
1102,2477,weaker
3335,1560,incomparable
4190,2074,incomparable
1325,1960,stronger
191,2785,equivalent
1184,789,stronger
4031,1263,incomparable
2504,2571,incomparable
2358,1056,weaker
1036,1076,incomparable
3441,3649,stronger
3575,3649,weaker
1856,3289,incomparable
727,3704,incomparable
385,2277,incomparable
1372,4408,weaker
3189,3613,weaker
3366,1031,incomparable
3512,3300,incomparable
4345,3301,incomparable
3531,1098,incomparable
3319,2905,stronger
2656,2561,stronger
1844,431,stronger
1381,3181,equivalent
3110,287,equivalent
2296,3746,incomparable
147,3802,weaker
983,102,weaker
1989,785,equivalent
4401,3583,incomparable
2445,836,incomparable
1061,3176,incomparable
2699,1884,incomparable
1207,3001,stronger
2994,3495,incomparable
268,2227,incomparable
4246,1201,stronger
686,2740,stronger
1701,503,incomparable
3707,2613,incomparable
460,4649,incomparable
1902,2479,incomparable
3459,2511,incomparable
1778,723,weaker
4681,375,incomparable
2337,2407,stronger
3089,1288,incomparable
9,54,stronger
1586,3936,incomparable
4146,216,stronger
1286,1200,stronger
1243,564,stronger
3199,867,weaker
938,3900,incomparable
3933,2552,incomparable
1650,2416,stronger
1280,631,weaker
588,1801,stronger
4461,227,stronger
3910,3322,incomparable
3442,1002,stronger
4125,1032,incomparable
2700,365,incomparable
3240,1807,equivalent
242,4547,incomparable
2701,775,weaker
2174,2012,equivalent
2592,1771,stronger
3430,2870,incomparable
3810,3091,incomparable
3500,4363,incomparable
319,71,stronger
3832,406,stronger
3840,4431,weaker
1861,734,stronger
3597,2983,stronger
168,841,incomparable
4164,4528,incomparable
2106,3948,weaker
3787,2326,stronger
3988,4302,weaker
1920,1314,equivalent
492,938,incomparable
2981,4148,incomparable
2749,4579,weaker
472,2915,weaker
484,1986,equivalent
3089,483,incomparable
568,933,equivalent
679,4147,incomparable
2045,447,stronger
3378,1525,incomparable
4059,920,stronger
2144,2146,incomparable
4637,402,stronger
4583,3549,incomparable
3528,1469,incomparable
964,1283,stronger
4551,4011,stronger
2626,3583,weaker
3799,2686,incomparable
4212,2101,incomparable
1760,4600,weaker
3288,3702,incomparable
1223,231,incomparable
4590,1495,stronger
2630,3702,weaker
1909,3942,weaker
2623,2531,incomparable
3497,3287,incomparable
4483,874,stronger
372,590,stronger
501,246,incomparable
1132,4250,weaker
3959,874,stronger
619,4631,incomparable
259,4096,incomparable
3294,4621,incomparable
2015,3779,weaker
4298,2225,stronger
2937,3071,incomparable
4353,1932,incomparable
2849,972,incomparable
309,426,incomparable
4132,243,stronger
152,442,incomparable
3013,3066,weaker
3737,3097,incomparable
3448,2994,incomparable
2202,4544,weaker
3499,1239,incomparable
3284,1085,incomparable
2664,2131,stronger
4553,650,incomparable
717,601,equivalent
990,4143,weaker
2250,47,incomparable
3115,1249,incomparable
811,3646,incomparable
4144,3636,stronger
2504,1095,stronger
974,2886,weaker
136,1787,equivalent
4449,2929,stronger
2909,2312,stronger
890,3912,weaker
1554,694,weaker
2397,2137,weaker
2237,4134,weaker
1179,3291,weaker
3465,3698,incomparable
3883,3457,incomparable
4664,4022,stronger
1228,3153,stronger
1955,4421,weaker
1160,2460,weaker
3853,3056,incomparable
28,914,incomparable
3395,1424,stronger
3288,803,stronger
2295,2799,weaker
839,2819,stronger
2530,3605,incomparable
498,274,weaker
3321,162,incomparable
3181,1845,weaker
1185,4395,weaker
1381,2055,weaker
105,730,stronger
1762,2686,weaker
2662,4663,incomparable
592,848,weaker
2316,4026,incomparable
3802,1374,incomparable
2792,1511,equivalent
622,2942,stronger
2501,3025,equivalent
4579,4449,incomparable
3550,372,weaker
3163,3144,stronger
57,689,stronger
253,2321,equivalent
4356,1933,stronger
4435,2226,stronger
698,2937,incomparable
3583,3703,incomparable
685,3641,weaker
448,3728,weaker
3922,917,incomparable
3775,3873,weaker
4193,3632,equivalent
4071,2703,stronger
2710,3549,incomparable
4301,3165,stronger
2818,3082,weaker
1916,4442,incomparable
2993,3837,weaker
4063,1307,incomparable
4199,2888,incomparable
4600,3232,incomparable
4171,840,incomparable
1129,4062,incomparable
418,4236,incomparable
1349,2116,incomparable
2703,3509,weaker
2615,1410,weaker
4320,4346,incomparable
1734,3647,incomparable
421,2255,incomparable
1381,4283,weaker
1047,2717,stronger
546,449,incomparable
1700,4036,weaker
3068,1163,incomparable
1939,80,equivalent
1693,613,equivalent
939,151,weaker
4576,2996,stronger
1312,3365,incomparable
2752,2620,equivalent
4486,4234,incomparable
3507,1964,incomparable
4448,3750,stronger
2758,3566,weaker
898,3533,incomparable
3613,4080,weaker
2148,604,stronger
1239,793,stronger
1307,3179,stronger
2769,2385,weaker
2547,3504,weaker
990,3472,weaker
980,2784,equivalent
330,4365,incomparable
2775,1641,weaker
2949,2760,stronger
1001,3072,weaker
4091,2550,incomparable
2308,2175,stronger
3576,2858,incomparable
54,525,stronger
2065,727,incomparable
3670,1739,stronger
3718,1221,stronger
3952,3145,incomparable
1593,1671,weaker
939,2379,equivalent
1811,3062,incomparable
2220,1015,equivalent
4183,2489,incomparable
448,829,weaker
1896,137,equivalent
2476,2698,stronger
2686,4228,incomparable
2302,3299,weaker
4160,2505,stronger
416,2045,incomparable
1013,49,weaker
3979,4187,incomparable
4680,4234,incomparable
828,1989,stronger
848,3365,incomparable
910,1799,stronger
170,1989,stronger
1889,4069,weaker
1048,2672,incomparable
1779,1430,weaker
4465,1047,incomparable
2400,3992,weaker
1951,2668,weaker
248,367,weaker
906,1276,incomparable
634,3786,incomparable
4674,632,incomparable
653,1584,stronger
4691,801,incomparable
785,3201,weaker
1580,1220,equivalent
671,3853,weaker
3666,815,stronger
402,1184,incomparable
2945,4465,weaker
1940,974,equivalent
2289,1128,stronger
1883,440,incomparable
887,2165,incomparable
1800,2657,weaker
463,4089,incomparable
4324,226,stronger
506,3227,incomparable
2801,2996,equivalent
4382,3614,stronger
3905,2494,incomparable
679,3155,stronger
3602,241,stronger
4192,3490,incomparable
2303,1965,stronger
14,3704,incomparable
1132,2908,equivalent
3718,1355,incomparable
3191,4090,weaker
4643,2608,stronger
2776,1596,stronger
3886,939,stronger
4558,1746,incomparable
4327,4065,incomparable
2923,4275,weaker
2909,2125,incomparable
1792,2365,equivalent
2919,369,incomparable
3831,1417,stronger
2850,2484,incomparable
1322,938,incomparable
2941,2602,weaker
4061,2633,incomparable
2366,4357,weaker
1244,3499,incomparable
3539,3460,weaker
442,2811,stronger
1526,179,incomparable
2954,4527,weaker
660,4202,incomparable
3734,703,incomparable
3684,3060,incomparable
4441,3039,incomparable
3570,1992,incomparable
2529,564,equivalent
4552,2089,incomparable
1033,1185,stronger
3347,1196,stronger
1607,1457,weaker
3517,1607,stronger
2283,508,incomparable
1051,4208,incomparable
662,2181,stronger
1651,3449,incomparable
1,220,stronger
2831,3531,incomparable
847,1934,incomparable
1186,1400,weaker
2657,4132,incomparable
881,764,equivalent
3422,1720,stronger
3704,652,incomparable
1942,1154,weaker
4036,3111,stronger
368,4336,incomparable
2546,1268,incomparable
607,4352,weaker
1899,1457,weaker
2580,98,equivalent
3177,2074,weaker
1007,3505,weaker
3156,1197,weaker
845,3177,stronger
2605,1848,incomparable
494,2196,weaker
220,3125,equivalent
3188,1674,incomparable
818,1539,incomparable
3870,1479,incomparable
1750,2273,incomparable
4489,3214,incomparable
845,4116,incomparable
2077,416,incomparable
2858,981,incomparable
3561,3353,weaker
240,744,weaker
3027,3419,weaker
639,1015,stronger
2576,1268,incomparable
465,862,weaker
1650,4486,incomparable
1432,651,stronger
3864,4293,incomparable
1446,3178,stronger
465,4245,weaker
632,975,stronger
2796,3671,weaker
1777,4446,weaker
600,1437,weaker
254,800,equivalent
372,1021,incomparable
4204,1890,stronger
1538,3117,equivalent
263,2017,stronger
1266,2429,stronger
836,1155,incomparable
3434,925,stronger
1677,1771,stronger
880,673,stronger
560,1257,weaker
257,1448,incomparable
1050,1084,stronger
1098,2818,stronger
3722,803,stronger
2435,632,weaker
4188,2296,incomparable
2921,525,equivalent
78,924,stronger
1709,1659,incomparable
4016,2943,stronger
1230,3122,incomparable
1803,540,equivalent
3253,4647,incomparable
3272,2445,incomparable
617,2141,stronger
1331,1484,weaker
4063,1254,incomparable
1604,2582,equivalent
1936,1069,weaker
2614,755,equivalent
4233,1665,incomparable
3567,1804,stronger
623,1397,stronger
1077,3819,weaker
2937,1408,stronger
266,4543,incomparable
2334,1115,weaker
4674,95,stronger
319,1925,incomparable
3486,4067,incomparable
3283,1264,incomparable
203,4194,incomparable
3140,3430,incomparable
4456,367,incomparable
2152,1074,stronger
3881,4596,incomparable
2594,1419,equivalent
2234,884,equivalent
1248,1607,stronger
1580,94,weaker
4663,1599,stronger
394,1695,incomparable
2758,3513,weaker
953,3379,weaker
1457,1192,incomparable
4666,2836,incomparable
2635,4611,weaker
720,2619,equivalent
3521,1028,incomparable
4216,3539,incomparable
2421,4093,weaker
945,2737,weaker
1430,4472,incomparable
4200,562,incomparable
1791,3697,weaker
3327,1162,stronger
3172,3503,weaker
2778,1886,stronger
1513,3194,equivalent
1497,217,weaker
2018,1609,equivalent
1722,2779,stronger
4540,603,incomparable
2298,3878,weaker
1171,2676,incomparable
343,575,incomparable
40,766,stronger
901,2034,stronger
543,2326,stronger
653,2686,incomparable
811,3272,incomparable
3815,4484,incomparable
1193,4128,weaker
4078,922,incomparable
1781,4298,weaker
3916,2092,stronger
2047,4417,incomparable
2730,4447,weaker
1317,2851,weaker
4094,4084,incomparable
3371,3689,incomparable
4551,3771,stronger
4109,3426,incomparable
2569,557,equivalent
3472,2051,incomparable
3888,983,stronger
1947,4186,weaker
4385,1789,incomparable
1338,695,weaker
1262,4083,incomparable
4161,3027,stronger
2172,140,equivalent
2481,3339,incomparable
2841,1430,incomparable
1655,3785,incomparable
3535,2750,stronger
1742,3939,incomparable
2661,3714,incomparable
2191,3765,weaker
3025,958,equivalent
430,1459,incomparable
3843,1590,incomparable
4598,3186,stronger
1804,94,weaker
4223,1811,incomparable
2134,4170,incomparable
45,4277,incomparable
4095,2565,stronger
1810,1040,weaker
3897,1826,stronger
2221,382,weaker
3186,2754,equivalent
127,2589,stronger
495,541,equivalent
2200,3477,weaker
1737,1501,equivalent
1099,3688,weaker
4371,928,incomparable
1702,3200,equivalent
4212,117,incomparable
3551,4572,weaker
1653,4247,incomparable
285,4114,weaker
2243,1080,stronger
156,2014,stronger
3356,132,stronger
2432,1733,equivalent
3901,1918,stronger
2408,1147,equivalent
2827,542,equivalent
977,4607,incomparable
4224,2571,incomparable
1132,2266,weaker
2395,1851,weaker
4442,3962,incomparable
1651,4551,incomparable
3750,2688,incomparable
1114,182,weaker
3980,3150,incomparable
931,1229,weaker
3524,655,incomparable
592,1763,weaker
69,3708,weaker
2340,3083,incomparable
4532,1411,stronger
418,3862,weaker
1542,3103,weaker
2586,106,incomparable
3833,1410,incomparable
101,213,incomparable
1479,2000,incomparable
2303,3201,incomparable
1771,2374,equivalent
4130,3848,stronger
962,1481,incomparable
2920,2611,equivalent
2407,1272,weaker
2410,789,stronger
3613,323,weaker
156,3303,incomparable
273,3888,incomparable
844,2923,incomparable
3750,594,stronger
142,372,incomparable
479,3175,stronger
1310,3103,weaker
2621,450,weaker
3629,3458,weaker
515,388,weaker
2610,4233,weaker
3071,3130,stronger
1314,3976,weaker
1586,2220,stronger
2379,1102,equivalent
2564,2545,equivalent
28,1963,stronger
3142,2781,stronger
2139,3335,weaker
1065,239,stronger
4571,3567,incomparable
2551,1559,equivalent
3960,3413,equivalent
584,3349,weaker
3034,215,incomparable
3077,851,incomparable
4611,3905,incomparable
2035,1642,incomparable
3795,313,weaker
1357,2518,stronger
63,1368,incomparable
2721,2909,weaker
2765,2427,stronger
611,2139,equivalent
4453,3696,incomparable
2634,3664,weaker
652,1948,stronger
1524,1877,weaker
3788,2525,incomparable
1341,2924,equivalent
3881,1026,incomparable
1890,3920,incomparable
900,3181,equivalent
2249,66,incomparable
1206,255,weaker
4599,488,stronger
3561,267,incomparable
450,3884,incomparable
4010,93,stronger
156,3437,incomparable
1656,2935,stronger
2590,3742,weaker
1685,1421,stronger
219,753,stronger
1399,1589,equivalent
2273,2345,stronger
1736,420,weaker
2474,3567,incomparable
3358,1601,stronger
3924,2012,stronger
2718,517,equivalent
1818,2704,equivalent
221,799,stronger
1717,3561,weaker
2853,1873,incomparable
1524,3166,equivalent
4365,442,incomparable
2267,995,stronger
2711,477,weaker
4539,3224,stronger
1769,718,equivalent
3431,3018,stronger
4687,3876,incomparable
3443,2089,incomparable
2242,938,incomparable
3040,164,weaker
1371,1611,equivalent
3905,2120,stronger
2957,2381,weaker
548,3264,weaker
59,3073,weaker
2246,1057,stronger
2313,589,equivalent
3173,1447,weaker
3737,3475,incomparable
3264,811,incomparable
2204,831,weaker
1808,831,weaker
423,2037,incomparable
3119,4594,weaker
1085,4408,incomparable
2095,1827,equivalent
758,4013,weaker
1773,2530,weaker
708,2206,equivalent
1964,3064,incomparable
4288,3763,stronger
2538,118,incomparable
3087,360,incomparable
1177,964,weaker
260,3736,incomparable
2751,411,weaker
2899,1063,incomparable
2503,1063,incomparable
1744,4229,weaker
3244,4481,weaker
3545,3655,stronger
4672,1659,incomparable
3010,113,weaker
914,1493,stronger
668,4470,weaker
2677,1401,stronger
4301,3409,incomparable
3890,1623,stronger
2782,1417,stronger
4669,1361,stronger
2933,832,weaker
978,4137,incomparable
3283,4594,incomparable
1590,729,stronger
2612,4389,weaker
881,40,weaker
611,179,weaker
1113,1329,stronger
3802,463,incomparable
1591,1893,equivalent
2413,2459,weaker
3115,1977,incomparable
3177,411,weaker
4653,3487,incomparable
1494,1960,stronger
4252,3143,incomparable
57,2222,incomparable
2839,4553,weaker
1392,4127,weaker
1676,1442,incomparable
1961,4055,weaker
421,3438,incomparable
3055,2865,incomparable
1152,1442,incomparable
3977,4601,weaker
4641,1383,incomparable
1795,4517,weaker
919,682,stronger
4088,1207,incomparable
163,4311,incomparable
3150,658,incomparable
3630,2049,incomparable
4469,4282,incomparable
3272,1587,incomparable
2905,73,incomparable
1329,3963,weaker
1334,4307,weaker
2471,3753,incomparable
3381,3974,equivalent
2264,4214,incomparable
3639,68,incomparable
4382,341,stronger
2764,2285,weaker
3922,356,stronger
1026,929,stronger
3808,3260,weaker
3297,304,stronger
2366,3178,equivalent
3575,4190,equivalent
2039,2783,stronger
3885,474,incomparable
2670,3589,incomparable
4382,1280,stronger
1613,1628,stronger
1466,4584,weaker
2445,438,stronger
48,2644,weaker
1077,867,weaker
908,1058,weaker
1689,1623,weaker
4077,1583,stronger
4393,99,incomparable
4675,3195,incomparable
2803,1085,weaker
2997,4334,weaker
3137,207,weaker
3830,925,stronger
3241,530,equivalent
235,3409,weaker
1147,293,equivalent
111,1653,incomparable
257,3168,stronger
4163,576,stronger
4610,1265,incomparable
1625,3301,weaker
3822,4447,weaker
2093,925,stronger
2590,977,weaker
2986,11,weaker
1508,272,equivalent
1177,2387,equivalent
788,1114,equivalent
3711,4616,incomparable
3984,1742,incomparable
1049,889,incomparable
2838,4462,weaker
2167,93,stronger
1790,4307,incomparable
3215,3631,weaker
555,2983,equivalent
2183,37,equivalent
2826,2358,stronger
2768,2942,weaker
2735,550,equivalent
4,3634,incomparable
1143,3907,weaker
2566,741,equivalent
3837,3385,incomparable
1647,2686,incomparable
2679,618,incomparable
1249,1859,incomparable
2500,2373,weaker
308,4045,incomparable
1175,3630,incomparable
3095,304,stronger
2451,4174,incomparable
2769,2763,equivalent
2141,3194,equivalent
147,155,weaker
1530,3040,equivalent
1674,4482,incomparable
1225,2404,stronger
1822,4380,weaker
2486,4360,weaker
3685,4684,incomparable
3215,1537,weaker
1572,4205,weaker
4397,2446,incomparable
1895,3138,stronger
4060,1363,stronger
1845,1331,stronger
3149,3169,stronger
964,3568,incomparable
415,4292,incomparable
3632,1825,stronger
781,4615,weaker
1096,1243,incomparable
204,3291,incomparable
2047,1465,incomparable
4218,1922,incomparable
3748,2939,incomparable
2824,4540,weaker
1019,242,weaker
4596,2282,incomparable
1160,2167,weaker
544,4113,weaker
263,3871,incomparable
972,2116,incomparable
2930,3246,equivalent
493,4333,weaker
2341,2851,weaker
1417,4452,weaker
2396,3312,weaker
3521,3687,incomparable
3423,146,incomparable
2915,3877,weaker
2173,234,stronger
506,2316,incomparable
1104,3174,stronger
2361,1224,weaker
1161,2927,weaker
1529,4077,weaker
4454,1236,incomparable
1500,141,equivalent
4504,1353,incomparable
135,279,equivalent
2227,1409,stronger
2421,4658,weaker
4181,1077,stronger
2701,511,weaker
273,1152,incomparable
457,3713,weaker
4170,3170,stronger
1880,1301,incomparable
586,3369,weaker
1267,2764,stronger
1478,2984,stronger
812,3123,equivalent
182,2727,stronger
1529,1983,weaker
1364,3636,weaker
1899,762,equivalent
2236,3565,weaker
4170,137,stronger
3351,3252,stronger
565,4185,weaker
3782,1718,incomparable
740,4186,incomparable
1941,1173,stronger
1700,2804,weaker
3052,4124,incomparable
2140,70,stronger
1694,4679,incomparable
1120,1963,stronger
1070,156,weaker
3745,1836,incomparable
3201,2904,stronger
2178,1116,stronger
2384,2682,weaker
1377,2528,equivalent
255,2424,stronger
1652,4453,incomparable
2199,650,incomparable
425,2081,incomparable
3102,2898,incomparable
4466,3289,incomparable
2637,1815,equivalent
123,3436,weaker
436,1681,incomparable
1260,2882,incomparable
3519,3186,stronger
2370,2225,stronger
4302,1380,stronger
644,2384,stronger
4203,3064,incomparable
3840,3012,stronger
4062,1893,stronger
760,1778,equivalent
2217,4612,incomparable
2050,1466,incomparable
4648,1236,incomparable
1680,4407,incomparable
4551,1303,incomparable
950,2841,weaker
4200,322,incomparable
3752,1852,incomparable
3992,3002,incomparable
1282,547,equivalent
4639,1123,stronger
2232,1887,weaker
4236,3362,equivalent
1485,906,incomparable
3439,574,stronger
1252,146,incomparable
2046,2636,stronger
2722,933,stronger
3166,2667,weaker
1844,435,stronger
2601,414,incomparable
2335,3678,incomparable
1765,3525,weaker
385,2631,stronger
3043,2452,weaker
4156,1504,incomparable
2666,250,incomparable
3362,3895,weaker
1817,2934,equivalent
375,2852,incomparable
2963,1934,weaker
2519,200,stronger
1443,4413,incomparable
3487,399,incomparable
1584,3894,weaker
300,988,equivalent
2628,897,weaker
3061,1688,stronger
974,2622,equivalent
792,696,equivalent
4183,102,incomparable
4473,3059,incomparable
1698,209,weaker
1758,260,weaker
106,1122,incomparable
3920,631,stronger
3999,924,stronger
1905,687,equivalent
4365,2967,stronger
2728,2417,stronger
1549,1025,weaker
1544,681,equivalent
2091,3294,incomparable
1146,4018,weaker
3138,3978,weaker
3358,2032,stronger
1257,3068,incomparable
822,696,stronger
259,3966,incomparable
720,2863,weaker
3483,4198,stronger
4173,3147,incomparable
3841,4660,weaker
482,1005,equivalent
3804,806,incomparable
2813,1185,equivalent
667,758,stronger
4514,2659,incomparable
1575,2596,weaker
1582,1323,weaker
3206,3331,weaker
329,4146,incomparable
4613,4358,incomparable
3386,1986,stronger
3229,1248,weaker
1930,3726,weaker
586,15,equivalent
4404,986,stronger
2790,420,weaker
873,4017,incomparable
3428,2397,stronger
2917,195,stronger
556,4310,incomparable
859,1867,weaker
3312,4666,incomparable
4417,3665,incomparable
1633,507,stronger
41,1420,incomparable
3506,3219,stronger
182,3345,incomparable
2933,3357,weaker
3559,601,stronger
1736,3079,weaker
2185,2151,equivalent
232,2119,weaker
2546,2130,weaker
4000,1283,stronger
2635,667,weaker
2146,4640,incomparable
3994,3158,stronger
313,14,incomparable
3417,144,stronger
3064,780,stronger
2026,559,equivalent
2652,4219,incomparable
961,989,weaker
3729,2860,incomparable
926,1934,incomparable
377,2658,incomparable
3024,3044,stronger
1567,1930,equivalent
471,2293,weaker
765,4460,incomparable
703,3582,incomparable
3306,3696,incomparable
804,3634,weaker
4653,3918,incomparable
2791,3250,stronger
3204,3419,weaker
2217,2197,stronger
309,430,incomparable
4218,3963,equivalent
1121,308,weaker
1859,4209,incomparable
4221,1228,incomparable
3347,4636,weaker
3796,298,incomparable
2261,4189,incomparable
1583,4311,weaker
1609,3280,weaker
310,1786,stronger
4253,4149,incomparable
2928,488,stronger
557,1663,weaker
4672,346,stronger
3597,88,stronger
1315,4496,incomparable
4448,1392,stronger
2349,811,incomparable
1877,3445,incomparable
1180,4271,incomparable
2670,3081,incomparable
3420,4333,weaker
1147,1879,weaker
1656,1756,stronger
2376,4297,incomparable
86,2428,stronger
2978,201,equivalent
201,2940,weaker
3289,2537,stronger
2267,2849,incomparable
674,908,equivalent
689,1940,equivalent
1997,2988,equivalent
1382,3624,weaker
4494,3615,stronger
1889,422,weaker
204,1144,stronger
3447,4062,equivalent
2179,1689,equivalent
2024,4030,incomparable
143,868,weaker
337,4117,weaker
3928,1891,stronger
2144,2634,stronger
1127,72,weaker
708,4060,weaker
3836,612,stronger
2304,4020,incomparable
1139,2526,equivalent
996,3938,weaker
2285,1526,incomparable
1409,4107,weaker
2899,2917,incomparable
1529,991,equivalent
2799,1747,stronger
3122,4652,incomparable
1625,4671,weaker
2416,1228,weaker
1731,1125,stronger
2997,2671,weaker
2940,2137,incomparable
1631,3927,incomparable
4372,1531,incomparable
1278,4563,incomparable
1257,3686,incomparable
1030,4461,incomparable
2642,4200,weaker
2406,2203,incomparable
3736,3010,stronger
2294,2928,incomparable
625,211,incomparable
1306,2824,equivalent
2949,2630,stronger
3642,3348,equivalent
2964,1218,stronger
4399,321,incomparable
39,1053,incomparable
2848,3487,incomparable
3266,4000,stronger
1721,3039,stronger
3488,4601,incomparable
3616,3066,incomparable
3411,3600,weaker
350,2608,stronger
4223,3478,weaker
3657,623,incomparable
3261,623,incomparable
3624,4647,weaker
1234,1608,incomparable
1227,437,incomparable
43,2865,incomparable
2407,4683,weaker
3121,4026,weaker
2004,3512,incomparable
1701,3703,incomparable
4139,1306,stronger
3117,2564,equivalent
2277,2358,stronger
3438,2390,stronger
4126,2764,stronger
857,2789,incomparable
2872,289,stronger
2390,2235,equivalent
2450,2286,incomparable
3463,4140,stronger
727,2716,incomparable
2680,2748,stronger
2425,4673,incomparable
1754,304,equivalent
2652,1454,incomparable
1986,839,weaker
3925,1727,stronger
2865,2501,stronger
4518,2241,incomparable
3484,1984,stronger
3353,1501,stronger
4325,2600,stronger
435,63,incomparable
3423,3960,equivalent
1083,284,stronger
4111,2082,incomparable
2645,1414,stronger
155,2675,incomparable
4405,85,stronger
2493,4026,incomparable
2870,1532,stronger
3721,2836,incomparable
1231,2599,stronger
2642,362,weaker
2855,1409,stronger
370,1516,incomparable
3572,4433,weaker
4469,1948,stronger
2251,1645,weaker
303,3677,weaker
3823,2739,incomparable
4308,4474,incomparable
2016,1778,equivalent
2843,244,equivalent
1464,4648,incomparable
2173,2893,incomparable
2013,1480,weaker
4575,1785,stronger
3785,3386,equivalent
3260,532,incomparable
1221,2446,weaker
321,469,incomparable
1861,1840,incomparable
3700,804,stronger
2549,3180,weaker
2008,4519,weaker
974,3508,weaker
2116,3298,incomparable
2895,784,stronger
4058,1451,incomparable
2795,3586,incomparable
3051,1297,stronger
2746,4633,incomparable
896,3036,equivalent
3036,1928,equivalent
3982,1806,incomparable
3261,2046,incomparable
1676,1686,stronger
4024,2971,stronger
1491,3596,incomparable
770,1584,equivalent
2776,3694,incomparable
2012,2544,equivalent
2795,1492,incomparable
4331,3653,stronger
3407,4500,weaker
1726,460,incomparable
4150,2329,stronger
996,4556,weaker
1120,650,incomparable
3021,492,weaker
1655,1748,stronger
1863,731,incomparable
1821,2949,incomparable
4268,106,incomparable
4629,3495,incomparable
486,2764,equivalent
1367,527,equivalent
2626,1656,weaker
878,2056,weaker
1635,1281,incomparable
4262,1981,stronger
251,3621,weaker
451,1989,stronger
3990,2047,incomparable
1192,3155,stronger
2372,3237,stronger
615,2585,stronger
4691,2094,stronger
110,383,incomparable
2001,291,equivalent
1710,1805,stronger
1489,116,stronger
4333,2571,incomparable
4496,4255,stronger
585,649,weaker
2240,1970,incomparable
3150,2191,stronger
4409,2566,stronger
2604,2432,equivalent
2320,2673,weaker
3092,1432,incomparable
1934,917,incomparable
2426,1379,equivalent
2577,3992,weaker
1385,2395,equivalent
2635,964,weaker
2174,4541,weaker
3903,1647,incomparable
2165,2735,stronger
2377,928,weaker
3842,3623,stronger
1681,4608,incomparable
3549,2058,incomparable
4337,1350,stronger
2191,923,equivalent
2308,1508,stronger
1169,1989,equivalent
3381,3413,equivalent
3553,487,incomparable
4286,72,incomparable
1128,645,weaker
3707,4337,incomparable
2396,1328,weaker
3798,3701,incomparable
410,2314,incomparable
1162,1949,weaker
2631,2134,weaker
3302,87,stronger
2600,569,equivalent
3777,1134,stronger
4637,1992,incomparable
796,3289,incomparable
4545,2403,stronger
880,1482,incomparable
1370,3561,incomparable
4388,4671,incomparable
496,553,equivalent
2397,1149,equivalent
4393,2571,incomparable
2032,4434,weaker
678,35,equivalent
4119,1248,incomparable
1275,2011,stronger
3303,3880,incomparable
3795,370,weaker
801,4572,incomparable
2446,1041,incomparable
2181,1524,equivalent
3652,92,stronger
3918,211,incomparable
265,1559,stronger
4576,1874,incomparable
3559,1032,incomparable
615,625,incomparable
4637,3281,incomparable
2825,1976,equivalent
626,1723,stronger
4659,596,stronger
841,3597,incomparable
2183,2509,weaker
2551,2905,weaker
2406,4244,incomparable
4641,956,stronger
2603,62,weaker
4265,2362,stronger
3929,2413,stronger
751,4054,weaker
2666,4548,incomparable
4008,2706,incomparable
3679,1484,incomparable
3373,1966,incomparable
4386,3820,incomparable
547,1780,weaker
3988,2993,stronger
2720,4030,incomparable
3403,4060,weaker
868,1606,stronger
4643,1941,incomparable
2413,3321,weaker
3235,1443,weaker
3476,4538,incomparable
1055,1432,incomparable
420,692,incomparable
4611,3157,stronger
4031,2316,incomparable
3382,4122,weaker
2957,2438,equivalent
2150,1406,equivalent
2943,1042,weaker
1981,1597,equivalent
479,1272,incomparable
3044,1094,stronger
3648,4241,equivalent
608,4126,incomparable
1394,2591,equivalent
4663,314,incomparable
2825,4204,weaker
4578,1896,stronger
822,1611,stronger
970,1509,equivalent
3542,58,incomparable
4161,2547,stronger
4584,2650,incomparable
888,3362,weaker
162,2504,incomparable
2686,73,incomparable
2949,2927,stronger
2221,4440,weaker
2257,1653,stronger
2900,3974,incomparable
1857,4163,incomparable
3381,1803,stronger
3921,3245,stronger
1035,3008,incomparable
2625,2988,equivalent
1307,1252,incomparable
4530,4457,incomparable
1538,2316,weaker
860,3192,stronger
3251,3615,weaker
3707,3666,incomparable
1353,2536,incomparable
2002,730,equivalent
3954,3543,incomparable
4682,2784,stronger
4242,4175,weaker
2334,2408,equivalent
3385,4554,incomparable
3082,581,stronger
3997,1900,stronger
3047,1526,weaker
3902,2040,incomparable
3838,335,weaker
3686,695,incomparable
919,4122,incomparable
3827,176,incomparable
3592,1033,incomparable
2353,556,weaker
1424,3476,weaker
3678,992,stronger
4137,1506,incomparable
2048,1613,incomparable
1232,273,incomparable
1636,2608,stronger
1720,3245,equivalent
4129,110,incomparable
1100,1285,weaker
431,1715,stronger
582,4328,weaker
2760,2758,equivalent
802,2382,equivalent
217,3449,incomparable
107,837,stronger
2192,3240,equivalent
3111,1295,weaker
2042,263,weaker
2964,1999,stronger
1247,3964,incomparable
3167,2358,stronger
1163,294,stronger
445,4215,incomparable
1601,3903,weaker
3196,4227,weaker
539,3850,weaker
4,308,weaker
64,4523,weaker
1240,3143,incomparable
2209,1315,weaker
2116,4534,incomparable
934,3625,incomparable
1783,2604,equivalent
3550,2,stronger
3364,778,incomparable
2630,1722,weaker
190,848,incomparable
4484,1748,stronger
831,3096,incomparable
3465,2523,stronger
3983,4206,equivalent
1720,2440,equivalent
2444,4191,incomparable
589,4502,weaker
995,2938,equivalent
3827,660,incomparable
1893,4088,weaker
3204,1435,weaker
3343,1779,stronger
471,3692,weaker
4628,1877,incomparable
3630,3529,weaker
3050,968,incomparable
1711,1573,weaker
4144,3750,stronger
1884,1501,stronger
2228,3785,weaker
1808,2445,weaker
1622,3975,weaker
4158,2113,stronger
467,3169,stronger
3874,3108,incomparable
4132,1646,stronger
3865,1302,stronger
3935,3761,incomparable
3816,2349,incomparable
497,2819,equivalent
576,3112,weaker
3131,2246,incomparable
4330,2570,stronger
2095,408,weaker
4261,4685,weaker
140,3713,weaker
2099,1281,weaker
2928,2826,incomparable
162,4411,incomparable
1688,3632,weaker
2610,1204,equivalent
482,1383,weaker
3343,4007,incomparable
2770,173,stronger
4666,425,incomparable
3433,2180,incomparable
3898,2539,stronger
2698,270,weaker
1927,2867,incomparable
3477,1728,incomparable
1462,64,stronger
1001,3641,weaker
4461,4342,incomparable
2960,3653,incomparable
2731,3601,weaker
1086,716,incomparable
931,3811,weaker
4106,209,incomparable
2443,2380,stronger
354,2487,incomparable
853,4120,weaker
2646,2739,stronger
4215,2596,incomparable
2284,1569,incomparable
3313,3956,stronger
1537,588,incomparable
147,696,equivalent
4044,1960,stronger
682,1794,stronger
3325,3027,stronger
2423,4387,weaker
2611,3684,weaker
3455,2319,incomparable
4005,4449,weaker
2348,4213,weaker
166,4129,incomparable
1176,1548,equivalent
1554,942,equivalent
2629,3674,weaker
2302,3279,weaker
1223,3057,incomparable
4671,2997,stronger
4282,1724,incomparable
1200,3827,weaker
4553,2187,stronger
1277,3293,weaker
3780,3957,equivalent
404,3893,weaker
3969,446,incomparable
490,2913,weaker
3774,1668,incomparable
4010,4419,incomparable
3648,805,stronger
644,347,incomparable
2558,2868,incomparable
4344,508,incomparable
3055,3674,incomparable
1336,840,incomparable
16,2441,incomparable
4505,1365,stronger
4438,143,stronger
2488,3038,stronger
1631,4171,incomparable
1380,388,weaker
1101,973,stronger
1531,2247,incomparable
3366,4475,weaker
4137,4352,incomparable
3949,4301,incomparable
1311,3412,weaker
1535,676,weaker
3040,518,equivalent
2541,3803,incomparable
163,2087,incomparable
3699,4126,incomparable
3922,3609,stronger
1100,4131,weaker
685,3889,weaker
608,1979,incomparable
644,1636,weaker
2464,358,incomparable
3405,3090,incomparable
3386,2848,incomparable
1027,1374,incomparable
1894,959,stronger
2006,1200,equivalent
1605,856,weaker
2563,4501,weaker
3050,4619,incomparable
2790,1282,equivalent
1183,2853,weaker
3951,1314,stronger
3151,4671,weaker
419,2457,incomparable
2671,4034,incomparable
410,651,incomparable
4317,3357,stronger
2087,1539,incomparable
4222,87,stronger
3320,1447,incomparable
2588,774,incomparable
1230,1329,stronger
3315,4486,incomparable
2140,1550,stronger
2565,790,equivalent
1613,2787,incomparable
659,1513,stronger
4179,3019,stronger
1687,1955,stronger
823,3607,incomparable
381,1010,stronger
2644,3685,incomparable
3439,4148,weaker
1111,1795,equivalent
1570,2309,equivalent
233,3741,weaker
82,1882,incomparable
2415,2135,incomparable
398,3808,equivalent
1936,3598,weaker
1258,4666,incomparable
2648,4558,incomparable
3374,2218,stronger
4436,581,stronger
4439,98,stronger
1261,1739,stronger
600,2222,weaker
3241,2628,weaker
2422,2525,weaker
3284,1012,stronger
385,2822,stronger
3690,2454,incomparable
1522,2268,weaker
679,825,incomparable
381,1360,stronger
4431,1900,incomparable
3209,1592,equivalent
4525,2501,stronger
170,4331,incomparable
2178,852,incomparable
1904,1781,stronger
1954,1144,equivalent
684,4552,incomparable
3736,3738,stronger
1052,2504,incomparable
2234,3413,weaker
3368,3342,weaker
66,3227,incomparable
4419,1516,incomparable
4682,4370,incomparable
967,4086,weaker
1103,1503,equivalent
17,302,weaker
3355,4046,stronger
916,364,incomparable
346,2463,incomparable
2266,857,stronger
3174,2695,weaker
2866,2542,stronger
4034,3553,weaker
1157,4368,weaker
489,3680,incomparable
3368,1248,incomparable
4281,3430,stronger
1136,1801,weaker
3385,663,incomparable
4188,987,stronger
2208,98,equivalent
1714,1283,equivalent
3219,1125,weaker
903,4451,weaker
1536,1920,equivalent
2040,1453,incomparable
3252,4456,weaker
3486,2408,stronger
3792,1926,stronger
1832,4133,incomparable
1751,761,weaker
68,2310,incomparable
3590,4451,weaker
1955,2254,weaker
2544,4369,weaker
4042,3794,weaker
2565,4657,weaker
4068,1228,incomparable
3512,3979,incomparable
3240,3291,weaker
1091,3347,weaker
2295,4015,weaker
2238,3481,incomparable
2694,3532,weaker
567,3347,weaker
1417,3517,weaker
2375,1500,equivalent
1847,3101,incomparable
1315,1520,stronger
2029,863,incomparable
4190,4042,equivalent
2440,3615,weaker
2512,3491,weaker
2945,2030,equivalent
149,4527,weaker
3635,787,stronger
1478,4143,incomparable
1820,874,equivalent
2023,1233,weaker
4256,2568,stronger
4510,3616,stronger
4278,4047,stronger
78,2782,incomparable
2681,2896,equivalent
954,201,equivalent
2247,160,incomparable
3883,485,stronger
1961,3738,weaker
649,504,incomparable
3379,2645,incomparable
392,848,incomparable
1257,360,incomparable
687,4179,weaker
3502,2486,incomparable
2550,4483,incomparable
1416,2110,equivalent
4649,4340,incomparable
4451,1881,incomparable
2424,2866,weaker
75,390,incomparable
3459,4479,incomparable
1632,422,incomparable
3328,1552,incomparable
1356,4688,weaker
1862,884,stronger
4673,4145,stronger
900,2193,equivalent
3157,1670,weaker
3995,2769,stronger
1154,3241,stronger
39,1110,incomparable
2320,1173,equivalent
1370,3805,incomparable
3908,3524,incomparable
4381,3744,incomparable
17,3014,equivalent
3245,736,equivalent
2388,3559,weaker
4568,3570,incomparable
3606,4125,weaker
4279,3467,incomparable
2417,2045,weaker
3088,752,incomparable
3267,2215,stronger
1515,4159,incomparable
3597,629,incomparable
4498,1296,stronger
3889,1969,stronger
1836,3985,incomparable
1827,2179,equivalent
2985,2502,stronger
1390,2178,weaker
414,1145,stronger
3189,1743,equivalent
2984,3031,equivalent
4205,3114,stronger
4434,722,stronger
2593,931,equivalent
3849,1789,incomparable
4052,4592,weaker
1908,828,incomparable
1061,4339,incomparable
2956,983,stronger
4145,619,incomparable
2484,1927,incomparable
316,987,stronger
4600,3643,stronger
1396,1619,equivalent
1339,1085,weaker
1208,2322,weaker
1447,618,incomparable
1753,136,equivalent
2931,3555,incomparable
4347,2416,stronger
3714,2503,incomparable
399,3092,incomparable
4654,846,incomparable
3651,1400,incomparable
2830,470,equivalent
75,2968,stronger
3153,3375,weaker
4199,1205,stronger
2093,1897,incomparable
2215,2826,weaker
2979,3976,incomparable
952,797,stronger
3968,4490,incomparable
2292,3046,equivalent
2092,3924,weaker
4642,2714,incomparable
2405,2169,weaker
3794,927,stronger
1142,4304,weaker
1716,4576,weaker
2081,3765,incomparable
2943,4669,weaker
1878,4345,incomparable
2124,1368,incomparable
4373,230,stronger
2409,3981,weaker
1993,1851,incomparable
2008,3637,weaker
3345,1451,incomparable
955,2384,stronger
888,1162,equivalent
3443,296,stronger
1192,4017,incomparable
4244,3957,equivalent
1984,18,equivalent
1860,1672,incomparable
3362,1805,stronger
900,3616,weaker
2968,188,stronger
1225,932,stronger
2568,2698,equivalent
42,2804,incomparable
1482,2251,incomparable
3989,3623,stronger
1920,3416,weaker
2035,3366,incomparable
4129,1159,stronger
4275,3428,stronger
106,1476,incomparable
627,2676,incomparable
2079,1194,stronger
2822,4685,weaker
3073,2052,incomparable
3095,121,stronger
2981,3217,stronger
3478,3269,incomparable
3712,1221,stronger
3105,2529,stronger
1952,106,weaker
3856,4383,weaker
3586,358,equivalent
1383,3561,incomparable
1730,4608,weaker
3813,2966,stronger
2113,4346,incomparable
57,429,weaker
2969,1298,equivalent
712,131,equivalent
968,4258,incomparable
2979,4460,incomparable
883,3396,incomparable
3,4515,incomparable
566,1245,incomparable
1309,1518,weaker
3888,292,stronger
2463,379,incomparable
1909,3011,weaker
696,537,weaker
3597,4280,weaker
460,1758,stronger
2619,892,equivalent
2934,3936,weaker
2449,2201,stronger
3025,3300,weaker
2431,841,weaker
3448,4157,weaker
889,3561,incomparable
3224,4449,weaker
2854,3418,incomparable
767,188,equivalent
1307,1630,incomparable
161,378,incomparable
3536,3223,stronger
1251,1698,stronger
2667,559,stronger
327,3299,incomparable
1436,697,stronger
94,2539,stronger
13,665,incomparable
4636,2787,incomparable
393,886,stronger
4270,3218,incomparable
3975,826,incomparable
4164,3731,incomparable
2449,107,incomparable
3295,1067,incomparable
29,609,stronger
2283,569,stronger
3742,66,incomparable
4258,1114,stronger
4239,872,incomparable
4433,1869,incomparable
2666,2027,stronger
78,501,incomparable
4126,4378,incomparable
4616,4205,stronger
2011,3264,weaker
1608,2093,incomparable
2145,4018,weaker
4237,1176,stronger
3953,1417,stronger
4159,3737,weaker
4684,175,stronger
1893,10,weaker
549,1025,incomparable
1488,2176,stronger
4574,946,stronger
2733,1155,incomparable
3927,1135,stronger
2017,1739,equivalent
2677,3475,incomparable
2827,790,equivalent
2975,688,equivalent
2044,3562,incomparable
1025,1893,stronger
1484,2407,stronger
3065,2833,stronger
338,963,stronger
849,913,stronger
2166,1458,weaker
2500,580,equivalent
2541,1335,stronger
3116,3552,incomparable
784,2181,equivalent
4643,3153,stronger
3647,3188,incomparable
3313,4066,incomparable
1002,3572,weaker
2604,2623,weaker
2683,3670,incomparable
940,250,weaker
3877,3650,stronger
3476,3306,incomparable
2373,2690,incomparable
1681,3860,incomparable
1619,2982,weaker
2299,2741,weaker
1588,4635,weaker
4222,652,incomparable
1262,1432,incomparable
3476,273,incomparable
3976,596,stronger
3400,463,incomparable
1775,3680,weaker
686,3716,incomparable
2145,3213,equivalent
2415,822,incomparable
679,2545,stronger
3784,3809,equivalent
429,1616,stronger
2087,2454,incomparable
3493,627,incomparable
974,1150,weaker
2018,4569,weaker
349,1098,incomparable
4029,607,stronger
3738,2121,stronger
3674,4580,incomparable
952,610,stronger
3426,2034,stronger
1602,1658,weaker
523,2382,equivalent
643,2484,incomparable
2095,1002,equivalent
3733,2716,incomparable
4481,889,incomparable
4118,837,incomparable
3749,2660,incomparable
1982,2818,equivalent
3415,1094,stronger
4416,3123,stronger
218,241,stronger
1611,3814,weaker
1506,2300,incomparable
678,3609,weaker
4086,2430,incomparable
4134,3410,stronger
2625,2106,equivalent
1455,268,incomparable
417,801,incomparable
3731,3959,incomparable
909,1263,incomparable
3882,156,incomparable
365,2331,incomparable
1270,488,stronger
3765,3543,incomparable
912,2500,stronger
2276,1171,incomparable
2706,1,weaker
2773,1977,weaker
2666,1356,stronger
3278,4364,incomparable
4412,4293,incomparable
883,981,incomparable
3627,2266,incomparable
1509,1443,weaker
891,2562,weaker
13,344,incomparable
4089,4017,stronger
4304,1727,stronger
4369,4596,incomparable
3028,402,weaker
3809,967,stronger
4050,4062,stronger
1603,4461,incomparable
311,940,stronger
2475,4390,incomparable
4636,3405,incomparable
1859,3892,incomparable
3309,1583,stronger
4575,3883,incomparable
3713,2198,stronger
3537,3662,incomparable
3988,151,incomparable
2193,4677,weaker
3270,4072,incomparable
1754,1597,equivalent
1549,2131,equivalent
3440,1285,incomparable
29,4610,incomparable
3567,1060,incomparable
2569,2712,weaker
2068,4416,incomparable
2685,2106,stronger
2196,2881,incomparable
4025,1157,stronger
155,3968,incomparable
3020,1830,equivalent
4217,1327,stronger
210,2177,stronger
4062,4422,weaker
1688,1916,weaker
4652,1255,incomparable
4036,757,incomparable
1891,3184,weaker
594,73,weaker
731,2788,stronger
1671,4349,incomparable
1489,925,stronger
2297,1593,equivalent
4690,1897,incomparable
1175,2455,incomparable
432,1593,stronger
1521,59,incomparable
134,2690,incomparable
1751,521,equivalent
3079,3699,incomparable
1169,1859,weaker
652,3030,stronger
1688,172,weaker
41,2876,incomparable
2173,1153,stronger
1034,1634,incomparable
1374,3954,incomparable
4628,645,incomparable
364,1839,incomparable
2129,854,weaker
2325,2486,weaker
630,4210,incomparable
1698,1799,equivalent
2486,1091,stronger
3852,3807,equivalent
1940,1332,weaker
3645,4268,weaker
3423,1415,incomparable
2432,1794,equivalent
1069,4257,incomparable
2865,895,stronger
244,3585,weaker
3983,4263,weaker
4571,4433,weaker
1264,2,stronger
4330,1338,stronger
3729,1872,incomparable
2444,4248,incomparable
780,1121,equivalent
4094,307,incomparable
3462,2282,incomparable
986,3441,weaker
2027,927,equivalent
4107,2986,stronger
1163,2579,stronger
4523,2672,incomparable
1744,4022,weaker
359,1064,incomparable
435,1840,weaker
739,4503,weaker
2513,3072,incomparable
1477,4432,incomparable
3015,4222,incomparable
341,1424,stronger
1311,4140,weaker
4606,3838,stronger
604,4278,weaker
3374,368,weaker
3075,2021,stronger
2997,4582,weaker
2250,3601,incomparable
256,562,incomparable
3697,1775,stronger
638,664,equivalent
2995,1503,equivalent
31,1383,incomparable
3040,2185,equivalent
872,1999,stronger
3552,81,stronger
1303,4437,incomparable
4644,4480,incomparable
2404,1974,equivalent
2605,3950,incomparable
863,1132,stronger
4576,589,stronger
517,495,weaker
4147,4613,incomparable
3880,4269,incomparable
365,855,incomparable
3844,2360,stronger
1891,1574,equivalent
3727,1775,stronger
3343,4064,stronger
3157,1430,weaker
789,4566,weaker
2374,230,equivalent
3668,2134,incomparable
1599,1173,equivalent
2695,810,stronger
580,1948,equivalent
4429,2232,incomparable
1182,4268,weaker
4513,2869,incomparable
1855,604,stronger
2379,1513,equivalent
496,3940,weaker
3550,543,incomparable
1850,1923,stronger
1573,3335,incomparable
2108,4433,weaker
267,4642,incomparable
3889,1729,incomparable
1313,1718,incomparable
1521,2421,stronger
3451,3947,weaker
716,1003,stronger
2435,1795,stronger
3345,2016,stronger
3362,1431,incomparable
833,2020,stronger
3916,2771,stronger
1151,609,equivalent
1352,2585,equivalent
3079,3028,stronger
4476,1647,incomparable
4565,2628,incomparable
3125,929,equivalent
2772,1565,equivalent
783,3596,weaker
1335,137,equivalent
834,1841,incomparable
4566,1540,stronger
543,3355,incomparable
2565,3746,weaker
3540,1144,stronger
1981,3695,weaker
1444,2524,stronger
448,1805,stronger
2287,1523,incomparable
2457,1180,incomparable
1469,3520,incomparable
2861,1795,stronger
4280,4337,stronger
2692,2740,stronger
2549,4152,weaker
4261,1843,incomparable
2800,1519,weaker
850,2724,incomparable
3310,4250,stronger
4387,3645,stronger
3341,153,incomparable
4174,154,incomparable
3544,2202,stronger
476,39,incomparable
1574,311,weaker
2029,3335,incomparable
3417,4312,incomparable
3157,975,equivalent
1161,3525,weaker
4592,4050,incomparable
1667,3885,incomparable
951,3715,incomparable
1617,2078,weaker
880,1031,incomparable
2833,1817,equivalent
3597,2967,stronger
1554,3227,weaker
2815,4429,weaker
2588,1986,stronger
1308,3952,weaker
3357,282,stronger
554,1800,stronger
347,3951,incomparable
1395,2416,stronger
2787,883,incomparable
3924,329,incomparable
968,851,incomparable
784,2262,weaker
4285,3526,incomparable
1582,2242,weaker
2093,2946,incomparable
3435,1104,incomparable
983,1159,equivalent
112,4084,incomparable
308,1744,stronger
563,573,equivalent
134,4597,incomparable
941,3377,weaker
2880,4265,incomparable
1553,723,weaker
1037,1395,incomparable
3041,2870,weaker
362,1980,stronger
4572,3933,incomparable
1434,277,stronger
4477,663,stronger
446,173,stronger
3596,2900,incomparable
353,4146,weaker
4155,4584,incomparable
2827,2160,equivalent
4469,21,stronger
1919,2951,equivalent
3039,2982,incomparable
786,4378,weaker
2659,2926,stronger
1458,1775,stronger
3237,4660,incomparable
2103,2479,incomparable
3529,2028,stronger
3641,2269,incomparable
4599,4416,incomparable
3331,1289,incomparable
3888,4590,incomparable
1190,1206,equivalent
235,1242,weaker
3596,4189,equivalent
3524,2623,incomparable
3238,2229,equivalent
4255,627,incomparable
2075,1370,incomparable
2346,1833,weaker
2878,3414,incomparable
653,2694,incomparable
3357,2860,incomparable
4255,4010,weaker
4181,1809,stronger
3424,2392,stronger
344,4568,weaker
36,251,equivalent
1995,4235,weaker
1938,3701,weaker
3817,4538,weaker
2174,36,equivalent
2380,2356,equivalent
179,2222,stronger
3195,1751,stronger
2995,4349,weaker
569,1653,weaker
2840,3280,weaker
283,3511,incomparable
1326,1632,weaker
796,878,stronger
706,1924,incomparable
3655,423,incomparable
2657,2075,equivalent
2538,4635,incomparable
3412,1227,incomparable
4188,694,incomparable
633,2577,stronger
4148,3739,stronger
2109,1489,weaker
3701,3050,incomparable
1983,3070,incomparable
1038,3794,incomparable
1236,2089,incomparable
164,786,incomparable
1110,3670,incomparable
726,1987,weaker
3257,535,stronger
3835,2461,incomparable
1078,4132,incomparable
256,1314,stronger
1556,2444,incomparable
3574,3625,equivalent
3180,2008,stronger
876,241,equivalent
1161,2854,weaker
4007,474,incomparable
2028,2439,equivalent
4504,1280,stronger
1584,1459,weaker
2272,1079,stronger
9,4039,incomparable
3746,4082,incomparable
1499,2849,weaker
2619,2880,weaker
792,2233,equivalent
448,2423,stronger
3291,3687,incomparable
767,4620,weaker
1061,2623,incomparable
959,2346,equivalent
1806,3908,incomparable
1517,3805,weaker
751,2582,equivalent
501,4097,incomparable
3111,2938,equivalent
3462,2229,stronger
1459,3800,incomparable
3314,3297,incomparable
2008,632,weaker
380,3578,incomparable
951,4333,incomparable
3427,3174,stronger
849,4056,incomparable
1399,524,weaker
905,3399,weaker
3885,1019,stronger
4110,3581,stronger
2649,3257,incomparable
1522,2809,equivalent
1169,3445,weaker
4398,4021,stronger
4202,4109,weaker
237,3650,weaker
4075,3745,stronger
1064,2116,incomparable
3027,3590,weaker
374,1669,incomparable
2138,1213,equivalent
4521,829,incomparable
3767,367,weaker
4266,2000,incomparable
2413,3138,equivalent
2891,1450,incomparable
2674,2913,incomparable
1354,4514,weaker
4229,2118,stronger
1691,3153,stronger
2226,279,equivalent
1539,3513,incomparable
1860,3339,incomparable
332,1793,incomparable
1863,3610,incomparable
3983,372,weaker
2307,2338,weaker
963,3353,weaker
3222,2903,incomparable
1133,3010,stronger
306,1511,equivalent
361,1218,stronger
3339,1209,stronger
1421,4581,weaker
2677,1275,incomparable
172,2450,incomparable
1252,1362,stronger
276,2019,weaker
491,3893,weaker
4667,4572,incomparable
4486,30,stronger
4207,615,incomparable
676,2892,incomparable
4389,2349,incomparable
2937,1579,stronger
1808,1994,equivalent
2682,306,stronger
2418,2677,weaker
623,2507,incomparable
4583,4285,incomparable
1440,1948,stronger
2395,3632,weaker
3933,3422,incomparable
1913,2168,stronger
1464,90,incomparable
46,402,equivalent
1412,3872,weaker
271,2964,incomparable
1147,4355,weaker
757,228,incomparable
3989,4485,incomparable
38,2204,stronger
2762,2113,weaker
3068,1631,incomparable
2048,3524,weaker
2426,2164,weaker
2173,1718,weaker
1029,1101,incomparable
1378,2009,equivalent
557,4489,weaker
2529,1353,weaker
2807,543,weaker
1088,1681,weaker
157,4555,incomparable
3842,4408,incomparable
1253,28,incomparable
3638,471,stronger
2440,3001,equivalent
2815,404,weaker
2676,4032,incomparable
4257,4650,weaker
721,167,weaker
3630,2273,incomparable
3394,3494,weaker
4644,2817,stronger
4059,3884,weaker
3247,1754,stronger
1170,3376,weaker
688,1158,weaker
2866,4506,incomparable
409,2497,incomparable
2484,4212,incomparable
4569,199,stronger
271,1809,stronger
2967,2868,weaker
4591,4122,incomparable
2678,2765,incomparable
107,3098,incomparable
3662,1215,stronger
2693,1353,incomparable
650,1805,stronger
2952,2745,stronger
2245,2883,incomparable
643,634,stronger
589,4535,weaker
150,701,equivalent
4370,3372,stronger
4585,1082,incomparable
4299,688,stronger
3523,4439,incomparable
300,1399,equivalent
2244,3597,incomparable
1660,4300,incomparable
172,3873,weaker
2207,497,stronger
3427,1698,stronger
316,4561,incomparable
2752,2283,weaker
3523,1406,stronger
3786,4260,stronger
3301,3279,weaker
4220,1334,incomparable
4053,4604,weaker
4591,2967,stronger
3164,2227,weaker
4523,554,incomparable
2601,3053,incomparable
2728,2828,stronger
2260,508,incomparable
2924,3706,weaker
1976,749,weaker
2908,1483,weaker
934,3792,incomparable
798,2965,equivalent
344,543,incomparable
994,4597,incomparable
726,645,weaker
2226,897,weaker
1245,1964,incomparable
4101,3490,incomparable
517,4443,weaker
1458,3011,incomparable
2275,35,stronger
1234,1051,incomparable
174,1071,weaker
3849,236,stronger
1199,4248,weaker
1822,1221,equivalent
4420,991,stronger
1290,4366,weaker
1837,563,stronger
1386,4074,weaker
3208,1371,equivalent
3820,2689,incomparable
3747,3342,incomparable
1078,3140,incomparable
3162,4409,weaker
1500,2109,equivalent
2891,3357,incomparable
1265,522,incomparable
2204,1673,weaker
1970,4475,incomparable
4537,1926,stronger
1820,744,weaker
1927,1395,equivalent
3093,1771,stronger
3964,2818,stronger
4626,1217,incomparable
2186,2787,incomparable
2382,4419,weaker
2621,2715,equivalent
986,4490,weaker
1074,4337,weaker
2438,564,equivalent
3432,4620,weaker
3286,2351,incomparable
3236,544,equivalent
820,256,incomparable
1243,1113,incomparable
76,2956,weaker
4632,3856,stronger
3400,386,equivalent
2966,4066,weaker
2224,3429,weaker
3989,4164,incomparable
2444,3203,stronger
3822,1772,incomparable
3744,4333,incomparable
3897,4575,incomparable
480,4510,weaker
2935,1720,equivalent
2572,1668,weaker
2947,791,incomparable
4382,3866,incomparable
1966,1858,incomparable
2319,1222,stronger
4311,1182,stronger
3306,1663,incomparable
3397,1027,incomparable
1745,169,weaker
3288,2023,stronger
4540,4425,incomparable
3874,4564,incomparable
555,4280,weaker
4478,1295,incomparable
44,2078,incomparable
3829,3101,incomparable
2162,457,incomparable
2595,3722,weaker
3677,263,incomparable
1803,524,weaker
375,148,stronger
2971,3255,weaker
873,4562,incomparable
2597,570,equivalent
713,143,stronger
3269,2131,stronger
113,4285,weaker
442,3063,incomparable
3499,2593,stronger
1773,3506,weaker
1501,2818,equivalent
4579,3225,stronger
1554,4142,weaker
3030,802,equivalent
4277,4580,stronger
2938,1213,equivalent
278,4537,weaker
1152,1129,incomparable
551,2417,equivalent
964,1832,incomparable
4109,4215,stronger
2980,2378,equivalent
3095,2890,incomparable
4647,2578,stronger
1529,1052,weaker
3702,3302,incomparable
2573,3717,incomparable
1102,2705,equivalent
4349,669,incomparable
2394,3974,weaker
2449,3681,incomparable
4288,2645,stronger
1094,4507,weaker
2758,4436,weaker
3437,3004,stronger
1393,4574,weaker
4151,2347,incomparable
446,4471,incomparable
1504,3624,incomparable
2030,2916,equivalent
306,1458,weaker
4139,3461,weaker
3200,58,weaker
2272,2449,weaker
1752,2413,equivalent
3605,1275,incomparable
4269,4473,incomparable
413,3018,stronger
303,1160,equivalent
242,3136,stronger
4454,3472,incomparable
2730,1048,weaker
4335,2060,incomparable
2446,1289,incomparable
2351,463,incomparable
2878,946,stronger
2012,4215,weaker
4214,3985,equivalent
4376,371,incomparable
3476,2558,incomparable
3044,2147,stronger
2698,1510,weaker
3040,4657,weaker
3095,1146,incomparable
3730,1162,stronger
1961,2937,weaker
209,4127,incomparable
3891,2019,incomparable
1238,98,stronger
3180,695,incomparable
215,3383,incomparable
3811,1501,stronger
3119,227,equivalent
3334,2101,incomparable
4094,1035,incomparable
3368,931,stronger
11,1109,incomparable
2017,3219,equivalent
862,4133,weaker
2481,879,incomparable
84,3085,weaker
791,1449,incomparable
3170,1855,weaker
25,226,stronger
2275,1942,stronger
1802,32,equivalent
2154,3867,weaker
3169,2384,equivalent
1820,2301,weaker
779,3317,weaker
3857,3724,incomparable
4633,3945,stronger
3320,2553,stronger
1183,926,weaker
2845,3226,equivalent
383,873,incomparable
684,47,incomparable
1878,27,equivalent
2540,146,incomparable
1621,2091,weaker
3792,2548,stronger
4024,3837,weaker
858,4549,incomparable
696,2501,equivalent
1071,1624,stronger
272,4425,weaker
3259,3216,stronger
3875,1270,incomparable
829,3030,stronger
1560,1788,stronger
2253,3472,incomparable
754,2856,weaker
1912,3179,stronger
2199,203,incomparable
1936,1321,equivalent
55,4575,incomparable
3584,1471,incomparable
3489,645,incomparable
2257,4345,incomparable
1407,1731,weaker
1553,4000,weaker
2498,1024,weaker
868,3143,incomparable
1895,731,incomparable
1838,197,stronger
1272,1506,incomparable
830,407,incomparable
978,1059,incomparable
3035,3858,weaker
163,3327,weaker
1980,2532,equivalent
3571,2148,incomparable
985,1449,incomparable
4364,1030,incomparable
1936,1671,weaker
2839,3919,weaker
432,4683,incomparable
2918,4212,weaker
1777,860,weaker
476,2511,incomparable
1310,2148,weaker
26,962,stronger
3923,2226,stronger
282,2645,weaker
1813,3708,weaker
2336,3483,weaker
102,957,stronger
3402,245,stronger
1048,3087,incomparable
2132,1209,stronger
191,248,equivalent
3790,2047,incomparable
1153,2322,weaker
277,2651,weaker
3274,1938,stronger
2176,2420,weaker
555,4093,weaker
4213,3843,stronger
1752,2092,equivalent
439,3918,incomparable
4546,2740,stronger
1676,3036,stronger
2598,608,weaker
1963,2312,equivalent
4291,2221,stronger
4012,2806,stronger
471,423,weaker
4034,2565,stronger
4151,3904,incomparable
1907,2380,equivalent
1845,1502,incomparable
1007,403,weaker
2683,157,incomparable
1905,3273,weaker
2493,2477,incomparable
4454,118,incomparable
4438,4311,incomparable
3571,2282,incomparable
4044,1940,stronger
2783,738,equivalent
3111,3987,weaker
3691,132,stronger
3584,1955,stronger
2431,1784,weaker
2949,3659,incomparable
177,326,incomparable
3666,2519,incomparable
4074,1590,incomparable
1603,3847,incomparable
784,2990,weaker
3064,4171,incomparable
1109,306,stronger
2042,511,incomparable
2220,2503,weaker
981,1060,incomparable
2617,2139,equivalent
3506,1483,incomparable
1942,280,weaker
2090,178,stronger
1811,1517,stronger
971,3755,weaker
23,798,stronger
4160,960,incomparable
435,742,stronger
4015,2299,stronger
554,3817,incomparable
1688,1302,equivalent
1895,60,incomparable
2108,1107,equivalent
4520,1653,incomparable
2644,1087,stronger
20,4068,weaker
2069,590,stronger
1269,537,incomparable
2807,4491,weaker
4285,66,incomparable
3275,395,incomparable
451,2534,incomparable
1494,655,incomparable
4391,2936,incomparable
3737,4398,incomparable
3756,4640,incomparable
786,3012,stronger
791,912,equivalent
569,2031,equivalent
2506,4536,incomparable
4629,1007,stronger
1253,943,incomparable
1587,65,incomparable
1666,358,incomparable
2125,872,incomparable
1504,2282,incomparable
485,3057,weaker
4334,3341,incomparable
4017,3634,weaker
4607,4631,weaker
4526,3511,incomparable
2788,4599,weaker
3879,3700,weaker
4211,2187,stronger
1666,3741,incomparable
1986,713,weaker
1863,2565,stronger
2342,3731,weaker
4207,1664,incomparable
243,3150,weaker
2550,4434,incomparable
406,4080,weaker
3009,4194,weaker
2042,995,stronger
1918,3403,weaker
3912,26,incomparable
3879,4050,incomparable
4163,1365,stronger
3598,1556,incomparable
2471,354,incomparable
726,271,weaker
795,630,weaker
2959,3326,weaker
2699,4153,incomparable
469,3089,incomparable
1477,2879,incomparable
1642,2192,stronger
4245,2306,incomparable
1330,385,weaker
3766,2079,incomparable
4497,837,incomparable
2339,585,equivalent
2456,1924,incomparable
1790,2063,incomparable
4305,4050,incomparable
877,790,equivalent
2680,4261,incomparable
2821,3742,incomparable
1712,1591,equivalent
3068,3619,incomparable
1607,3295,weaker
3565,4425,weaker
700,4311,weaker
4602,2701,stronger
2558,4271,incomparable
4306,3871,incomparable
232,2745,equivalent
2816,365,incomparable
49,3792,incomparable
527,1350,equivalent
3653,3491,weaker
520,933,stronger
1786,2479,weaker
2174,4281,weaker
3079,186,incomparable
611,3680,weaker
3312,165,stronger
3169,2331,weaker
4595,3600,incomparable
104,3849,incomparable
2962,540,equivalent
340,184,stronger
3500,3599,stronger
2034,2931,weaker
473,3157,stronger
4291,4128,incomparable
719,180,stronger
3071,483,incomparable
4299,1737,stronger
4156,3903,weaker
2132,4405,incomparable
1196,519,equivalent
843,1155,incomparable
3859,684,incomparable
404,4491,weaker
1961,4523,weaker
1801,104,weaker
13,1637,weaker
3580,2989,stronger
65,1827,stronger
1100,3440,incomparable
2257,4292,incomparable
256,82,incomparable
4125,2496,incomparable
2177,3774,weaker
2777,1295,weaker
2429,3995,weaker
595,2931,weaker
2231,4010,weaker
357,4271,weaker
1305,812,equivalent
3287,2336,stronger
732,950,equivalent
2698,1941,weaker
4690,1901,stronger
3618,598,incomparable
438,2166,stronger
2709,1541,stronger
2590,3539,weaker
33,4332,weaker
28,3988,incomparable
3603,1229,incomparable
869,4604,incomparable
2980,2004,weaker
3011,3569,incomparable
738,1869,weaker
1161,1972,equivalent
2787,2363,stronger
3401,3754,stronger
4470,1753,stronger
1909,1084,equivalent
2093,1393,stronger
176,72,incomparable
3965,305,stronger
444,1018,stronger
2944,253,stronger
3871,2333,incomparable
1565,4657,weaker
2034,971,equivalent
1958,4359,incomparable
4399,3391,stronger
2785,2825,equivalent
3814,4458,weaker
163,2469,weaker
2482,572,stronger
195,4636,weaker
725,1418,stronger
4665,100,incomparable
2984,1722,weaker
948,3153,equivalent
4422,4314,incomparable
1793,2979,incomparable
3699,3919,incomparable
3194,1717,equivalent
3357,957,stronger
2853,3898,incomparable
2956,613,stronger
3928,1712,stronger
134,1889,stronger
2109,1680,weaker
1622,4036,weaker
2537,629,weaker
4431,54,incomparable
322,4569,incomparable
2473,644,stronger
3598,1019,stronger
98,2609,weaker
4475,1292,stronger
521,3466,weaker
2670,1158,incomparable
3580,1379,stronger
2926,2841,weaker
2685,500,incomparable
4605,4556,stronger
2470,346,incomparable
2779,3545,incomparable
2586,3904,incomparable
3716,2179,stronger
3112,3196,stronger
947,2527,stronger
1771,3728,weaker
465,4473,weaker
1320,823,incomparable
4575,3566,incomparable
2247,1213,stronger
3828,1831,stronger
1008,3934,weaker
2109,2969,equivalent
2059,1162,stronger
2236,2744,weaker
120,1967,incomparable
3996,2354,stronger
1145,2138,equivalent
1499,3390,weaker
2337,4489,incomparable
1978,4556,weaker
3554,4638,weaker
1985,3283,weaker
3105,3314,incomparable
964,3231,stronger
3801,3017,stronger
3677,507,stronger
1710,2297,stronger
3205,1451,weaker
2167,1984,stronger
2991,933,equivalent
2755,2154,stronger
3968,2376,incomparable
2113,2687,incomparable
3825,378,weaker
561,747,equivalent
1949,3976,incomparable
1820,1122,weaker
865,3410,incomparable
1906,896,equivalent
2544,2873,weaker
940,551,equivalent
4438,2298,stronger
2385,4314,incomparable
1929,3509,incomparable
4272,2760,stronger
3883,733,stronger
4580,661,incomparable
3463,4311,incomparable
1555,2544,equivalent
1070,1563,stronger
4084,2709,incomparable
2139,2006,equivalent
3085,4136,incomparable
136,3385,weaker
4518,2412,stronger
3379,2893,incomparable
3398,3135,stronger
3649,502,stronger
4525,1139,stronger
3200,2396,equivalent
1940,4048,weaker
4278,4645,incomparable
1616,3170,equivalent
3173,3956,weaker
4173,687,stronger
3538,2391,stronger
1418,3185,weaker
2042,1292,stronger
1039,2600,stronger
406,1933,stronger
349,1399,stronger
1875,2872,incomparable
1207,2184,stronger
4395,2951,stronger
3299,3314,incomparable
565,465,equivalent
2188,4500,weaker
2849,1765,stronger
2558,3279,incomparable
1467,1734,incomparable
739,3247,weaker
3602,4254,equivalent
3175,1935,equivalent
1208,3725,weaker
2187,1831,equivalent
2044,3997,incomparable
3766,2376,incomparable
1837,486,stronger
4031,3613,stronger
1900,1774,incomparable
4539,1545,stronger
4212,1150,incomparable
3143,4090,incomparable
519,3099,weaker
4304,4122,incomparable
1503,2303,weaker
44,362,weaker
3225,2402,weaker
1733,2765,weaker
3025,3280,weaker
788,1045,weaker
1149,270,weaker
894,1441,weaker
4280,503,incomparable
4548,3701,incomparable
3898,4373,incomparable
116,2867,weaker
3910,3444,stronger
4166,1155,incomparable
2631,882,weaker
3123,590,equivalent
767,1107,equivalent
1605,2206,equivalent
1083,3033,stronger
651,3376,incomparable
2093,1206,stronger
28,4151,incomparable
3049,4024,weaker
4140,873,incomparable
4257,1458,incomparable
67,881,equivalent
327,4218,stronger
2257,3300,incomparable
1467,929,stronger
2988,2058,weaker
689,635,weaker
3743,4620,incomparable
671,995,equivalent
3269,765,incomparable
3004,1248,weaker
251,409,weaker
4095,349,stronger
4203,1572,stronger
3188,3809,incomparable
4609,570,stronger
2532,2192,equivalent
1818,1159,equivalent
4173,1171,incomparable
1356,2037,weaker
1497,3962,weaker
3677,3219,stronger
2352,4476,weaker
2467,1016,stronger
55,1436,incomparable
2221,1549,equivalent
3687,2217,incomparable
3420,1873,incomparable
4531,98,stronger
873,1102,stronger
4564,3429,stronger
976,2920,equivalent
2294,4656,incomparable
1456,4311,incomparable
2946,3121,stronger
2865,2001,stronger
1418,1575,equivalent
203,4690,incomparable
354,133,stronger
2375,3305,weaker
1091,4563,weaker
60,3069,weaker
1392,1293,weaker
1522,585,equivalent
1207,1513,stronger
81,913,equivalent
3782,1299,incomparable
4007,3861,stronger
2104,2438,equivalent
1395,4193,incomparable
3119,955,weaker
1491,3901,incomparable
1854,2263,weaker
3332,2002,stronger
808,2181,equivalent
2793,3414,weaker
3841,1879,incomparable
3061,196,stronger
12,4691,incomparable
415,3418,incomparable
3835,3754,equivalent
2997,211,weaker
4241,2752,stronger
3993,2650,incomparable
4651,4313,incomparable
67,1365,equivalent
2097,1617,stronger
1579,4660,weaker
2494,2973,incomparable
2203,4487,incomparable
892,1478,weaker
3141,2003,equivalent
2477,2777,stronger
1687,406,incomparable
450,3762,incomparable
4634,2050,incomparable
1423,4497,weaker
1628,765,weaker
1022,955,incomparable
626,955,incomparable
2562,2326,stronger
3850,3631,equivalent
2861,673,stronger
2040,3153,stronger
2190,468,stronger
2261,1121,stronger
2876,3425,incomparable
3706,499,stronger
1706,1587,weaker
3117,104,weaker
1997,73,weaker
3041,3492,weaker
2482,1808,stronger
2927,2424,stronger
465,3481,weaker
350,3531,weaker
3505,1906,stronger
2171,3609,weaker
1641,411,incomparable
1035,601,stronger
2155,632,weaker
3079,751,stronger
976,3404,weaker
3483,612,stronger
4204,1126,stronger
241,1494,weaker
2242,3260,weaker
370,1150,incomparable
2443,4482,incomparable
1543,253,stronger
254,3419,weaker
409,1078,incomparable
2358,4374,weaker
2017,4081,weaker
2698,278,equivalent
917,730,stronger
3950,428,incomparable
37,159,weaker
3963,2353,stronger
584,2772,equivalent
4290,496,stronger
2681,4246,incomparable
185,57,weaker
4594,3913,incomparable
444,1449,incomparable
363,329,incomparable
2699,4263,incomparable
2217,2799,stronger
3144,2435,weaker
1604,1818,equivalent
737,3953,weaker
539,2248,weaker
4312,1194,stronger
3693,3431,incomparable
1980,4549,weaker
2656,402,incomparable
1993,1778,stronger
1000,3774,weaker
1459,4288,incomparable
3995,736,stronger
1123,1895,weaker
822,2721,stronger
3081,3025,stronger
3196,2975,equivalent
2365,603,weaker
3901,320,incomparable
2464,582,stronger
2232,1013,stronger
3486,4242,stronger
3350,4381,incomparable
3427,629,incomparable
848,909,incomparable
2541,2522,incomparable
2816,475,stronger
4545,3997,incomparable
3220,336,weaker
3497,3088,incomparable
3311,454,incomparable
2103,2296,incomparable
2774,249,stronger
807,4483,weaker
3288,470,stronger
1593,2948,equivalent
3141,3426,weaker
2453,3806,incomparable
889,1849,incomparable
3841,4591,weaker
4445,1322,incomparable
3331,4489,incomparable
2993,2215,equivalent
978,2271,incomparable
3910,1163,incomparable
3999,2144,incomparable
1480,977,incomparable
1841,202,stronger
3470,2554,incomparable
2290,28,stronger
1789,1732,stronger
4118,3529,incomparable
3067,3103,incomparable
1195,993,equivalent
4543,2015,stronger
1601,2435,weaker
527,305,equivalent
1196,4601,weaker
1240,4119,incomparable
4129,2375,stronger
29,2280,incomparable
3943,3905,incomparable
1677,2430,incomparable
4528,394,stronger
2833,2118,equivalent
2406,2805,incomparable
2263,4217,incomparable
364,2758,stronger
1269,915,stronger
4608,3541,incomparable
1743,4181,weaker
1473,156,incomparable
4499,4537,incomparable
1825,3991,weaker
1550,3786,weaker
750,3733,weaker
2135,275,stronger
3031,3796,weaker
3043,2867,weaker
2413,2471,weaker
699,4145,weaker
3421,3227,incomparable
2244,2662,incomparable
3264,1523,incomparable
239,4160,weaker
3472,2226,stronger
1259,577,stronger
2239,1537,incomparable
744,131,stronger
532,2692,incomparable
2772,2000,weaker
3689,3392,incomparable
4085,4146,incomparable
4656,3181,stronger
4035,2339,stronger
282,1763,weaker
1693,280,weaker
724,418,weaker
4173,3212,stronger
3918,4383,incomparable
3763,3314,weaker
1144,223,equivalent
4420,3089,incomparable
2646,4520,incomparable
3119,768,equivalent
3912,404,stronger
3588,3690,incomparable
2096,4053,weaker
1785,4191,weaker
2093,2092,stronger
1910,2385,incomparable
3613,4686,weaker
2906,660,weaker
531,2625,equivalent
2341,851,weaker
2422,2533,weaker
3720,584,stronger
955,1640,incomparable
4649,1047,incomparable
985,3734,incomparable
214,1605,stronger
2131,2734,weaker
3397,4280,incomparable
1315,1394,stronger
3591,1113,incomparable
19,1137,weaker
1352,2215,equivalent
3437,4618,weaker
371,3282,incomparable
1572,4433,weaker
2726,3294,weaker
3457,2052,stronger
2175,3191,equivalent
3918,195,stronger
2992,3413,incomparable
1773,3376,weaker
226,834,weaker
3323,2237,stronger
3149,4336,incomparable
4401,4486,incomparable
4640,338,stronger
1159,2170,weaker
729,896,equivalent
3430,1545,stronger
3970,2987,stronger
1795,4074,weaker
4436,2228,stronger
2794,3586,weaker
1581,358,incomparable
3850,1350,stronger
2790,2124,weaker
407,4228,stronger
1713,477,incomparable
4516,3685,incomparable
706,2575,stronger
3786,1365,stronger
1346,2935,equivalent
3476,1139,stronger
2620,400,weaker
3898,1771,stronger
3256,2304,incomparable
3111,2889,weaker
1461,414,incomparable
1180,4336,incomparable
2782,169,incomparable
4244,3347,equivalent
4521,1935,stronger
1652,359,incomparable
3374,2710,incomparable
454,3643,incomparable
4327,349,stronger
1629,3381,incomparable
3317,3896,incomparable
914,4567,incomparable
2576,451,incomparable
3510,1258,incomparable
4251,4676,weaker
3,1677,incomparable
4242,2870,incomparable
882,333,incomparable
104,39,incomparable
764,2529,equivalent
1530,1308,equivalent
418,1138,stronger
3768,735,incomparable
504,912,incomparable
1054,790,stronger
4228,1659,incomparable
3295,3706,incomparable
3028,3362,weaker
4532,2070,incomparable
3410,1966,incomparable
3845,1140,stronger
4347,2290,incomparable
4003,2480,incomparable
3106,4184,incomparable
1220,2930,equivalent
1905,781,equivalent
2824,2808,weaker
2746,1397,stronger
652,3412,incomparable
1452,4219,incomparable
4032,4349,weaker
2452,4333,incomparable
3324,98,stronger
994,4280,incomparable
373,2684,incomparable
3793,3020,stronger
2115,2469,incomparable
2961,3429,weaker
4678,3184,incomparable
1128,1247,weaker
212,4429,incomparable
700,3429,weaker
4296,2301,incomparable
1316,2237,stronger
576,1673,weaker
3838,4641,weaker
2933,68,weaker
1300,3424,weaker
1514,909,weaker
4014,4308,incomparable
2806,4430,weaker
1290,1955,equivalent
1042,1853,incomparable
4187,4236,stronger
2320,2470,weaker
1587,3639,incomparable
1270,3932,incomparable
1776,4292,incomparable
4668,2065,incomparable
4224,4303,weaker
4167,3769,incomparable
1111,3121,equivalent
3696,1151,stronger
2190,4282,incomparable
1770,2942,weaker
1856,2716,incomparable
2434,478,equivalent
880,3373,incomparable
371,1806,incomparable
412,1807,stronger
355,1273,incomparable
4149,1850,incomparable
1401,2321,equivalent
1979,83,stronger
2364,4620,incomparable
2424,2419,equivalent
435,478,stronger
4156,3960,equivalent
1415,1438,incomparable
90,2695,incomparable
2886,6,stronger
3684,4150,incomparable
88,1868,weaker
3128,2737,incomparable
1464,3774,incomparable
3876,156,incomparable
1070,2157,stronger
1120,1520,stronger
4521,1614,stronger
1353,3943,incomparable
3624,874,stronger
3639,3626,stronger
2541,4108,incomparable
727,4420,incomparable
4265,870,incomparable
3981,1111,stronger
1314,1736,equivalent
1300,3558,weaker
1499,735,weaker
4577,1142,stronger
1413,3435,weaker
697,3265,weaker
4532,1399,stronger
3981,4494,weaker
1359,4138,weaker
2448,2604,stronger
2491,3240,stronger
4087,3200,stronger
4135,1928,stronger
4176,1737,stronger
2577,3923,weaker
491,1295,stronger
3166,1285,weaker
181,4287,weaker
2268,4107,incomparable
3634,4571,incomparable
3102,3744,incomparable
3976,336,stronger
454,2167,incomparable
3685,3570,incomparable
610,2680,weaker
2205,3004,equivalent
4531,4530,incomparable
2325,1608,weaker
3682,3272,incomparable
113,2813,stronger
3439,1070,incomparable
2989,1773,equivalent
936,3789,weaker
5,4411,incomparable
616,2121,stronger
4652,511,incomparable
3950,993,stronger
3981,306,stronger
2171,2080,weaker
3955,1337,stronger
1565,2270,weaker
1530,3215,equivalent
3878,4500,incomparable
303,843,weaker
1808,685,equivalent
3126,3175,stronger
3451,491,incomparable
3155,1661,incomparable
2673,197,stronger
634,2111,incomparable
4612,4495,incomparable
1104,2060,weaker
4510,2498,stronger
4147,2446,incomparable
2485,146,incomparable
3538,3119,stronger
678,3349,weaker
883,371,incomparable
2920,1794,equivalent
700,664,weaker
4394,71,stronger
261,4000,incomparable
954,2466,weaker
2728,1035,weaker
1131,3102,incomparable
1248,469,incomparable
1886,2446,weaker
4061,2113,incomparable
274,263,incomparable
1196,1999,equivalent
1775,2615,equivalent
808,3580,weaker
3469,1420,incomparable
1268,4504,incomparable
4411,3808,stronger
882,4468,incomparable
658,1542,stronger
2277,2452,incomparable
4018,881,stronger
1504,2502,stronger
3500,3924,incomparable
4190,2119,incomparable
1874,1281,incomparable
1341,818,weaker
1572,2636,equivalent
3953,3869,weaker
639,4683,incomparable
3184,2375,stronger
3311,4402,incomparable
2342,4540,weaker
2655,2785,stronger
3708,840,incomparable
3438,979,stronger
4224,1888,incomparable
4389,235,stronger
3107,2128,weaker
4000,2934,stronger
570,3765,weaker
4288,2812,incomparable
1319,2348,equivalent
3074,675,stronger
2337,4546,incomparable
4144,3063,incomparable
551,4462,weaker
2774,2103,incomparable
1122,1245,incomparable
3842,1944,stronger
4692,2114,stronger
1970,588,weaker
1796,2687,weaker
3315,3181,stronger
2038,4664,incomparable
221,3015,stronger
4338,2525,incomparable
1535,4043,incomparable
1067,1723,stronger
2249,2632,stronger
1769,1995,equivalent
1576,1600,equivalent
3057,1610,stronger
1906,14,weaker
2064,4572,incomparable
3029,1282,stronger
2784,697,equivalent
1428,2641,stronger
435,2385,incomparable
2233,1348,equivalent
3716,1431,incomparable
3365,450,incomparable
3898,913,stronger
682,2262,incomparable
2979,2858,incomparable
964,1194,stronger
1578,2585,equivalent
2999,1790,weaker
537,3601,incomparable
2913,4490,incomparable
1234,2775,stronger
2087,2462,incomparable
4272,2817,stronger
123,1517,equivalent
885,1840,incomparable
4164,251,stronger
857,3956,incomparable
1278,3986,incomparable
574,635,weaker
2871,1231,incomparable
800,4361,weaker
2987,2345,equivalent
2925,1467,weaker
2123,25,weaker
1973,3464,weaker
2413,1292,equivalent
4159,4229,weaker
3617,1960,stronger
3016,4214,weaker
2128,1308,stronger
1665,86,incomparable
1037,517,stronger
696,224,weaker
2578,3988,weaker
3245,1041,weaker
3818,2623,incomparable
3298,113,incomparable
2763,3741,weaker
3114,2278,weaker
3630,3326,weaker
1799,4223,weaker
2458,661,incomparable
374,1112,incomparable
1609,1093,equivalent
4570,915,stronger
263,3725,incomparable
1634,2843,stronger
1350,3084,weaker
2729,4507,weaker
2934,1529,equivalent
1375,4080,weaker
1139,2083,weaker
3789,2043,incomparable
575,55,incomparable
4451,442,incomparable
4254,3147,incomparable
827,276,incomparable
2341,3644,weaker
3757,2505,stronger
240,4680,weaker
3346,1473,incomparable
3125,1474,weaker
3374,4430,weaker
4184,3481,weaker
4648,1895,incomparable
2052,508,incomparable
1661,852,incomparable
3421,1243,incomparable
2744,1001,stronger
1636,795,stronger
1180,3962,weaker
2049,210,incomparable
1671,2479,equivalent
2746,2767,stronger
2701,1304,weaker
2343,1596,stronger
3582,3039,incomparable
4394,2917,incomparable
3568,889,incomparable
3404,4430,incomparable
2822,2762,equivalent
1600,734,equivalent
4391,2619,stronger
1571,3968,incomparable
891,4209,weaker
2562,1899,stronger
55,1493,stronger
2589,2002,equivalent
58,1010,stronger
4008,4544,weaker
3375,4631,weaker
420,1591,stronger
52,1195,stronger
3592,2387,stronger
4225,4020,equivalent
2924,2665,weaker
966,2289,weaker
3658,3384,weaker
2065,1443,incomparable
1153,4367,weaker
864,292,stronger
3386,3450,equivalent
3133,3004,equivalent
1889,463,weaker
3697,2588,incomparable
350,3454,equivalent
2041,4240,incomparable
3125,1608,weaker
2621,385,weaker
1645,1042,incomparable
105,425,incomparable
2758,94,weaker
2562,3188,equivalent
3367,1895,incomparable
1553,2207,weaker
2711,278,equivalent
4467,3903,incomparable
1098,2566,stronger
2218,1843,weaker
3183,2717,equivalent
3720,478,stronger
2620,3543,weaker
2702,4107,incomparable
364,1258,incomparable
3899,1352,stronger
3309,2075,stronger
153,4229,incomparable
517,719,weaker
3626,1193,stronger
4211,4098,weaker
4467,1809,stronger
3214,2188,stronger
2524,1741,equivalent
932,4344,weaker
1075,488,stronger
3179,3133,equivalent
3072,792,stronger
1019,2808,weaker
1232,3855,incomparable
1841,930,incomparable
3455,2250,incomparable
1977,2511,incomparable
227,4528,weaker
3986,1886,stronger
3862,130,stronger
4003,1301,incomparable
1319,67,equivalent
3900,422,incomparable
2389,735,incomparable
364,103,incomparable
2760,2368,weaker
2137,3143,incomparable
1296,83,equivalent
4678,4099,incomparable
3504,3051,incomparable
3446,1383,stronger
3649,22,stronger
1823,2983,equivalent
3182,556,incomparable
1527,4153,weaker
1093,663,weaker
1726,3050,weaker
4074,1891,stronger
4385,1753,stronger
2685,3887,incomparable
1768,3461,weaker
92,2017,equivalent
1449,3681,incomparable
4112,1594,incomparable
915,2993,equivalent
2594,2456,weaker
345,1150,incomparable
4529,1882,incomparable
1635,3282,incomparable
2208,700,equivalent
926,2593,stronger
3882,2071,incomparable
2949,1866,incomparable
3341,3410,stronger
89,2850,weaker
2482,3154,stronger
1644,2055,incomparable
2523,711,weaker
3211,1085,incomparable
4350,1358,incomparable
2536,3390,incomparable
712,3014,equivalent
37,3599,weaker
4121,4689,incomparable
2846,1337,equivalent
3042,2215,equivalent
3029,3673,incomparable
3349,2897,incomparable
1847,2764,stronger
1642,3298,incomparable
2461,4155,incomparable
1754,2573,weaker
1482,1885,incomparable
2318,2157,stronger
3660,4479,incomparable
3586,4530,weaker
2183,1932,weaker
932,2384,equivalent
2687,711,incomparable
3055,1861,incomparable
2754,2687,weaker
3447,4371,weaker
1867,2635,stronger
1512,192,equivalent
2479,1701,incomparable
1957,2528,equivalent
3509,2216,stronger
3273,4191,stronger
1817,4211,weaker
143,4560,weaker
585,1495,equivalent
2913,1404,stronger
1920,3400,weaker
3711,1384,incomparable
1336,3349,incomparable
587,3261,weaker
2928,3375,incomparable
409,4652,weaker
1704,4684,weaker
1539,675,stronger
1673,675,stronger
613,1449,weaker
2053,896,stronger
248,762,equivalent
2514,4674,weaker
196,1511,equivalent
3279,3982,stronger
2596,542,stronger
3425,2087,incomparable
2732,1369,equivalent
3798,4547,incomparable
582,4206,weaker
2488,4392,incomparable
4164,2426,stronger
2648,2395,stronger
2593,244,equivalent
4064,2976,stronger
4514,3936,stronger
832,1348,stronger
159,2568,stronger
1007,4355,weaker
2306,4351,incomparable
1497,1738,weaker
843,3200,stronger
3637,630,incomparable
3136,2334,equivalent
2255,4571,incomparable
2630,3694,weaker
3936,697,stronger
3084,3864,incomparable
2131,563,equivalent
2592,958,stronger
3705,10,incomparable
2822,3864,weaker
3173,3155,weaker
1805,3022,equivalent
3042,3638,weaker
1225,4433,incomparable
4348,641,incomparable
4332,4080,incomparable
1271,3088,incomparable
1928,1143,equivalent
4521,569,stronger
4123,3906,incomparable
1076,1866,incomparable
4099,3320,incomparable
2973,1000,stronger
2584,3699,incomparable
1725,1723,equivalent
3127,2406,weaker
3158,1719,weaker
2208,4351,weaker
3474,235,stronger
2756,4156,weaker
130,2338,incomparable
4201,1503,stronger
834,239,stronger
3351,3053,incomparable
2793,4223,weaker
133,3575,weaker
587,3745,weaker
2201,147,equivalent
110,3591,incomparable
3738,466,incomparable
3478,1293,incomparable
2084,2945,stronger
224,660,incomparable
3319,482,stronger
3248,4214,weaker
2751,964,weaker
3136,1529,equivalent
1171,3392,incomparable
3929,1165,incomparable
866,1066,equivalent
1822,1632,weaker
973,2626,equivalent
3375,2484,incomparable
615,666,incomparable
2294,1627,stronger
2655,1606,stronger
3921,3152,incomparable
3613,555,stronger
163,542,stronger
3043,3408,weaker
3982,2115,incomparable
2177,1981,equivalent
79,2534,weaker
4301,4312,incomparable
4241,1817,stronger
2635,4522,weaker
199,1138,equivalent
3687,3860,stronger
2772,97,equivalent
3479,713,incomparable
4633,3738,incomparable
1164,477,weaker
4042,3270,weaker
3278,2120,stronger
3899,4682,incomparable
386,1903,stronger
117,3176,incomparable
1590,2571,incomparable
2944,554,incomparable
3093,4060,incomparable
1567,3341,weaker
1928,2566,equivalent
3528,3234,stronger
2721,2202,equivalent
1797,3803,incomparable
3015,205,weaker
623,4475,incomparable
1555,483,weaker
552,1791,equivalent
4456,62,incomparable
777,189,equivalent
3857,1423,stronger
4631,817,incomparable
278,2720,weaker
677,2991,stronger
331,102,incomparable
3675,3634,incomparable
2393,801,weaker
4525,3050,incomparable
777,1128,equivalent
4070,3409,stronger
1019,661,weaker
1363,4635,weaker
1681,3978,incomparable
875,2602,incomparable
4634,2404,stronger
892,2771,equivalent
2962,170,weaker
3175,463,weaker
2598,4589,weaker
201,379,weaker
669,3665,incomparable
772,1134,equivalent
3662,2244,incomparable
1279,4348,incomparable
3626,335,weaker
3025,869,weaker
4549,3235,stronger
3649,1258,incomparable
825,1145,stronger
319,3259,weaker
4049,1377,stronger
2509,760,stronger
2908,1223,weaker
69,2330,weaker
3190,155,weaker
1975,3270,incomparable
4040,325,incomparable
1813,4440,weaker
2691,242,incomparable
4265,443,incomparable
2692,3850,incomparable
3035,3435,weaker
2276,3383,incomparable
3661,679,incomparable
1364,4055,weaker
1326,3763,weaker
3776,4601,incomparable
4533,608,incomparable
816,1217,weaker
1366,4101,incomparable
4401,3872,incomparable
4556,1531,incomparable
3431,1156,stronger
3506,3959,incomparable
944,436,weaker
1821,709,incomparable
33,3962,weaker
273,2860,incomparable
1727,2013,equivalent
1488,3717,incomparable
1259,447,stronger
2415,135,stronger
2439,529,equivalent
2829,2404,equivalent
3137,305,equivalent
2796,12,weaker
1433,3229,stronger
2063,1181,incomparable
2078,3933,incomparable
1302,4466,weaker
4318,3995,stronger
4617,90,incomparable
353,1284,stronger
2655,2224,stronger
432,1577,incomparable
4334,3939,incomparable
1249,1607,stronger
1625,4338,weaker
2502,4611,weaker
446,694,incomparable
632,1638,incomparable
726,2963,equivalent
4558,3832,incomparable
991,4200,weaker
232,4148,weaker
2331,33,stronger
2145,3815,weaker
2017,4569,weaker
1346,3610,weaker
1767,3640,incomparable
3594,1281,incomparable
698,2608,stronger
2551,1470,weaker
3855,4062,equivalent
3571,4303,weaker
3029,3754,incomparable
2006,623,weaker
2312,4113,weaker
2988,3164,equivalent
3834,4124,weaker
2764,3456,weaker
2062,3938,incomparable
3779,1219,stronger
2313,1305,equivalent
2590,3303,weaker
2287,84,stronger
998,2496,weaker
4567,511,incomparable
3254,839,incomparable
3876,4535,incomparable
676,1,weaker
2088,4570,incomparable
2076,2301,incomparable
3760,2108,stronger
2263,2127,incomparable
1944,4067,weaker
4258,4078,incomparable
2117,3995,weaker
3717,4663,incomparable
2509,2533,weaker
224,1762,stronger
4369,876,stronger
4363,2559,stronger
3931,650,stronger
457,3461,weaker
1121,2687,weaker
2793,3231,equivalent
3161,1937,incomparable
2070,392,incomparable
1352,4313,weaker
3148,2641,equivalent
3177,1127,equivalent
4390,1349,incomparable
4295,4495,incomparable
771,1527,equivalent
3087,2365,stronger
4436,4,stronger
3739,830,incomparable
3286,3514,incomparable
912,1008,stronger
4654,1395,incomparable
3977,2873,incomparable
2755,845,incomparable
919,1398,stronger
4403,995,stronger
36,556,weaker
220,3117,equivalent
4518,753,stronger
3604,3796,stronger
4559,1508,stronger
4476,3725,incomparable
2728,4125,incomparable
61,2306,incomparable
4683,4203,stronger
2711,1677,weaker
4175,1518,incomparable
794,356,weaker
1542,2693,weaker
2860,265,stronger
1258,2934,stronger
3371,969,stronger
315,4293,incomparable
1402,4376,weaker
3484,846,incomparable
2296,1620,stronger
3555,497,stronger
4040,2232,stronger
4033,1061,incomparable
3821,2868,incomparable
2159,568,equivalent
4526,4377,weaker
3418,3417,incomparable
1556,2749,stronger
4493,1985,stronger
1652,2457,weaker
4107,4393,incomparable
3133,4187,weaker
2565,697,equivalent
1147,1009,weaker
4679,1586,incomparable
3292,1965,stronger
1640,4325,incomparable
2717,3720,weaker
2595,2791,weaker
234,490,stronger
1228,1348,stronger
3776,1031,incomparable
1064,193,stronger
2108,3612,weaker
747,4458,weaker
3319,3007,incomparable
1502,3802,incomparable
855,3991,incomparable
867,3062,weaker
2828,1457,weaker
3731,2951,stronger
412,3421,incomparable
4591,3809,stronger
3526,4239,stronger
2008,3381,weaker
3118,1970,weaker
2185,1765,equivalent
2986,2016,equivalent
615,3191,stronger
2704,640,weaker
2590,2982,weaker
1218,1949,weaker
963,1430,weaker
1522,3114,equivalent
4168,3864,weaker
3354,3351,equivalent
3445,2715,stronger
1962,2632,stronger
4369,3588,incomparable
609,1841,weaker
2918,1508,equivalent
1951,2473,weaker
3561,3829,equivalent
672,3883,weaker
4199,144,stronger
4015,1555,stronger
4147,3926,incomparable
3309,575,incomparable
4670,3701,incomparable
2789,2037,incomparable
4050,3993,weaker
863,3828,incomparable
1103,3288,weaker
1141,1328,equivalent
4587,2885,incomparable
2388,2632,equivalent
2725,1463,incomparable
588,2842,stronger
763,3597,weaker
436,758,stronger
4135,509,stronger
1191,102,weaker
838,738,stronger
2116,1355,incomparable
1894,3228,stronger
505,2026,equivalent
1694,1662,incomparable
4582,2137,incomparable
3529,3890,incomparable
1144,1195,equivalent
4358,3183,stronger
3005,2392,equivalent
4259,2423,stronger
30,420,weaker
4512,617,incomparable
3331,2562,incomparable
3792,3711,weaker
3888,3419,stronger
2372,944,stronger
2155,3161,weaker
4366,1731,incomparable
3258,771,stronger
4555,4636,incomparable
4340,4482,incomparable
150,3905,weaker
2853,3691,incomparable
3959,3070,incomparable
2344,1370,weaker
4005,1725,stronger
3112,2639,stronger
1930,1730,equivalent
3031,1519,weaker
3062,832,incomparable
276,3263,incomparable
2394,144,equivalent
2927,2859,incomparable
3297,1638,incomparable
1127,3069,weaker
3615,227,stronger
2211,437,weaker
4210,3820,weaker
2908,365,weaker
2288,657,incomparable
4251,2131,stronger
2326,949,weaker
345,589,stronger
312,4613,incomparable
2194,1961,equivalent
2273,3008,incomparable
2300,3111,stronger
846,1514,stronger
4638,1264,incomparable
1,3408,stronger
923,1734,weaker
1145,4025,weaker
2268,4327,incomparable
2824,3296,weaker
4310,3650,stronger
965,2145,equivalent
2333,26,incomparable
3494,4030,stronger
529,2746,weaker
3249,4199,weaker
4627,2014,incomparable
3006,4441,weaker
928,765,incomparable
3811,3148,stronger
1648,3306,incomparable
2061,2721,stronger
4320,3025,stronger
2479,3234,stronger
2491,2305,stronger
278,2346,equivalent
2785,308,weaker
1854,3182,incomparable
3822,304,stronger
382,1945,incomparable
3016,1372,equivalent
3396,1593,stronger
2255,493,stronger
2988,78,weaker
4581,2019,incomparable
2074,2367,stronger
216,2407,stronger
3748,2984,stronger
3590,2398,incomparable
1241,3332,incomparable
3469,4323,incomparable
1757,216,weaker
466,303,stronger
2874,3359,incomparable
4589,567,stronger
2368,1309,stronger
3073,4508,incomparable
3727,3800,stronger
3063,3820,incomparable
1776,1397,stronger
2233,1084,equivalent
1491,3665,incomparable
1928,4420,weaker
3165,1064,weaker
701,2048,weaker
730,534,equivalent
1516,1443,incomparable
3450,1987,incomparable
2409,2249,weaker
4305,2501,stronger
3417,3759,incomparable
977,411,incomparable
1264,4605,incomparable
4027,3688,incomparable
4104,3908,incomparable
1960,3554,weaker
387,545,incomparable
203,2710,incomparable
3654,4611,weaker
1359,2398,weaker
3680,3580,stronger
4091,2168,stronger
54,2587,stronger
3533,4092,incomparable
3705,4576,incomparable
1270,2326,stronger
2483,2548,stronger
2375,1325,weaker
3961,2287,incomparable
1191,3753,weaker
1492,2927,incomparable
3259,325,incomparable
1999,4421,weaker
1650,103,incomparable
2840,2593,equivalent
51,3255,weaker
4428,1938,stronger
3301,1490,stronger
3968,4397,incomparable
3708,1060,incomparable
1645,2388,stronger
819,1114,stronger
1906,2917,weaker
4399,419,incomparable
3506,3585,stronger
524,2886,incomparable
183,2593,equivalent
4316,2636,stronger
1707,987,stronger
642,663,stronger
3494,1481,incomparable
3322,2717,stronger
2731,3939,weaker
1986,587,equivalent
4161,254,stronger
3400,2785,stronger
2782,4658,incomparable
743,2408,equivalent
473,2547,stronger
3131,2368,incomparable
2329,926,weaker
3313,4294,incomparable
2418,217,weaker
2903,1952,stronger
3777,2708,stronger
1795,992,equivalent
3300,2554,incomparable
1538,3056,weaker
2959,2261,weaker
4638,3976,stronger
2802,4529,weaker
949,3415,incomparable
2017,3256,weaker
446,4292,incomparable
754,2193,equivalent
4453,1944,stronger
2970,1861,weaker
1958,3615,incomparable
726,145,equivalent
1799,2804,weaker
4278,4572,incomparable
3333,1132,stronger
4142,1301,incomparable
2638,341,incomparable
647,3235,stronger
4162,4397,incomparable
781,3989,weaker
1417,2887,weaker
3975,1538,stronger
3061,3827,incomparable
3011,2020,stronger
1557,423,weaker
588,561,stronger
4175,4043,stronger
2038,4668,incomparable
1947,3052,weaker
3502,3011,incomparable
1218,1896,equivalent
1930,4576,weaker
3237,2713,stronger
1417,793,equivalent
839,2250,incomparable
3031,1332,weaker
615,1044,stronger
1444,2589,stronger
4252,3135,stronger
105,3194,stronger
2677,1743,stronger
2954,4495,weaker
2247,469,incomparable
3611,3304,weaker
803,3724,weaker
2521,4613,incomparable
2645,4679,incomparable
3166,1907,equivalent
974,573,equivalent
3386,4125,weaker
772,1378,weaker
2730,2508,equivalent
413,1445,incomparable
4324,3361,stronger
2638,475,stronger
423,2163,incomparable
4583,2309,stronger
3170,2965,equivalent
823,562,incomparable
2879,2227,incomparable
2554,2467,incomparable
3922,348,stronger
190,649,incomparable
2450,3807,incomparable
170,3380,incomparable
2947,4613,incomparable
1517,3602,weaker
140,2225,equivalent
3629,1385,stronger
2029,4689,weaker
3412,3602,equivalent
523,650,weaker
1111,3072,weaker
2556,419,weaker
4206,1396,stronger
2031,1729,weaker
1208,1692,weaker
1927,1379,stronger
750,814,equivalent
1190,332,weaker
4399,1976,stronger
2568,2873,weaker
2878,1601,stronger
2950,723,weaker
4426,389,stronger
861,830,incomparable
4673,2710,incomparable
2870,959,stronger
2930,1010,equivalent
156,3458,incomparable
4081,354,stronger
3671,456,stronger
3172,2987,equivalent
3112,492,stronger
1640,3951,incomparable
2249,1026,incomparable
843,1163,incomparable
3969,1052,incomparable
1899,3653,weaker
593,234,stronger
3067,2412,stronger
2303,1262,incomparable
3084,1827,stronger
563,2277,weaker
4145,4661,incomparable
2338,3700,incomparable
1046,933,stronger
1846,794,stronger
304,3514,weaker
1823,4008,weaker
2167,1374,incomparable
4360,3310,stronger
3554,4378,weaker
2178,974,stronger
947,3556,incomparable
3110,954,equivalent
1439,4018,incomparable
3679,3326,incomparable
3383,4496,weaker
1473,2848,incomparable
3520,2515,stronger
2629,92,equivalent
4404,1515,incomparable
4046,1807,stronger
2594,1037,weaker
25,2759,stronger
3881,4214,stronger
2592,210,incomparable
4376,221,incomparable
792,420,weaker
3962,1170,stronger
37,4274,weaker
2029,1790,incomparable
2705,87,equivalent
3971,2387,stronger
4125,3793,stronger
2127,3264,incomparable
3675,4496,incomparable
392,3869,weaker
4040,2931,stronger
2529,3244,equivalent
1250,2402,incomparable
3280,2654,incomparable
2294,2623,incomparable
4372,637,incomparable
3613,3995,equivalent
2412,2844,equivalent
583,2124,incomparable
2893,673,stronger
4653,1064,incomparable
4523,4189,stronger
306,503,weaker
1636,4316,weaker
471,2822,equivalent
4234,4086,weaker
3401,1079,stronger
3076,1319,stronger
806,826,incomparable
1283,256,weaker
2113,4655,incomparable
1998,2453,weaker
838,1303,incomparable
2744,1489,incomparable
4222,1982,stronger
4692,1931,incomparable
3613,1901,stronger
1199,528,weaker
3372,3532,weaker
4320,73,incomparable
1619,2807,equivalent
3878,2357,stronger
1278,2514,stronger
4208,771,stronger
4402,3266,incomparable
1259,20,stronger
4493,3384,incomparable
2036,3095,incomparable
2779,2614,stronger
807,4060,weaker
2591,873,weaker
4511,1711,stronger
2962,3260,weaker
3602,1900,incomparable
1740,1232,incomparable
2705,3604,weaker
4267,3980,weaker
57,2027,stronger
1077,888,equivalent
1796,3793,weaker
160,1216,stronger
1663,4395,incomparable
1983,3619,incomparable
2704,4133,weaker
2929,4251,weaker
4295,551,stronger
986,1709,weaker
1005,1951,equivalent
511,3136,stronger
1242,1140,stronger
27,4255,incomparable
1541,241,equivalent
44,4424,weaker
3535,274,incomparable
3144,4590,weaker
2566,412,weaker
2280,3024,incomparable
1179,791,weaker
3835,3949,weaker
4234,248,stronger
2026,4605,weaker
4067,1074,stronger
785,4055,weaker
2431,3378,weaker
2694,2260,incomparable
855,852,weaker
3329,2276,stronger
3093,279,stronger
194,1335,stronger
1816,2516,stronger
4008,844,incomparable
3569,4180,equivalent
823,1314,stronger
2356,1706,equivalent
3340,156,incomparable
4246,3641,equivalent
605,3306,weaker
1023,3819,incomparable
918,2305,equivalent
3194,1270,weaker
1790,2234,stronger
742,1325,weaker
3362,854,incomparable
2383,304,stronger
509,565,equivalent
4012,2656,incomparable
762,2731,equivalent
1971,3743,weaker
4550,1019,stronger
4601,18,stronger
3197,228,incomparable
3773,1327,stronger
1057,555,stronger
1747,3476,weaker
4085,4073,incomparable
4379,2076,incomparable
2656,1752,stronger
2802,4021,weaker
2365,1014,weaker
3189,2215,equivalent
2742,1526,weaker
3464,4140,stronger
687,463,weaker
2244,495,incomparable
4207,1969,stronger
1874,1716,stronger
239,1993,weaker
404,4312,weaker
2897,1814,stronger
2274,2589,stronger
4377,1599,stronger
3465,2271,incomparable
1326,3015,weaker
579,1280,stronger
4218,788,stronger
930,571,incomparable
1479,813,stronger
4684,29,incomparable
4577,3350,incomparable
1086,330,incomparable
4243,1784,stronger
1497,3836,weaker
208,586,stronger
3654,2143,stronger
3470,3554,stronger
829,3148,stronger
2243,1182,stronger
1420,2835,stronger
682,1408,stronger
4467,2431,stronger
2356,2779,weaker
4668,4407,stronger
1937,1075,weaker
2460,3102,incomparable
3143,126,stronger
4187,3545,incomparable
3466,3031,stronger
4058,691,stronger
2022,624,weaker
3608,1394,stronger
521,3153,equivalent
4358,4366,stronger
4530,1440,incomparable
1961,156,weaker
2403,1255,weaker
3122,188,stronger
3867,1096,stronger
2769,824,weaker
1394,274,weaker
2306,1322,incomparable
716,4560,incomparable
3187,3057,weaker
2015,2836,weaker
2476,3231,stronger
1607,567,equivalent
2744,13,incomparable
4019,1867,incomparable
1202,2733,incomparable
4285,4238,incomparable
4359,4187,incomparable
2272,957,stronger
3946,2328,incomparable
3519,763,stronger
4116,2739,incomparable
3008,1779,stronger
728,598,weaker
1634,4083,incomparable
935,110,weaker
4634,3079,incomparable
4187,2390,stronger
4082,122,stronger
2459,1722,incomparable
800,3857,weaker
3737,3093,incomparable
1655,4371,incomparable
3017,3935,weaker
2741,1785,stronger
3365,4618,weaker
2054,855,stronger
2981,1245,incomparable
3755,4049,stronger
4629,641,stronger
1721,2897,incomparable
3564,1071,incomparable
2471,1143,stronger
1884,3827,incomparable
3369,2293,incomparable
1247,8,weaker
586,491,weaker
285,1317,equivalent
1967,2549,stronger
3390,137,stronger
456,4582,incomparable
4081,1940,stronger
700,778,weaker
2422,3883,weaker
2269,635,incomparable
3984,4259,stronger
4504,353,stronger
713,3457,incomparable
2640,3022,equivalent
766,2529,equivalent
2841,4244,incomparable
1033,429,incomparable
4176,1985,stronger
2015,2970,equivalent
2030,1558,weaker
1376,768,equivalent
4477,4542,incomparable
3956,898,incomparable
1819,2277,weaker
3388,1380,stronger
3539,3993,incomparable
370,1024,incomparable
3991,3336,weaker
2983,3546,weaker
2685,671,stronger
1102,2636,equivalent
3901,4382,incomparable
3495,3694,incomparable
532,3237,stronger
3408,4449,weaker
1756,4557,weaker
4578,1591,stronger
572,2821,incomparable
3112,923,stronger
3636,1832,incomparable
2170,1164,stronger
1115,2282,incomparable
482,1615,equivalent
2154,4603,weaker
4167,1468,incomparable
2753,990,stronger
208,3298,incomparable
769,1645,incomparable
4380,2515,stronger
3167,41,incomparable
259,1543,incomparable
983,3294,weaker
2464,2550,incomparable
4570,3578,incomparable
31,2847,incomparable
628,851,incomparable
1626,3171,weaker
4597,4435,incomparable
3444,2012,stronger
3499,1719,incomparable
4036,3644,weaker
1014,1826,incomparable
2924,1222,equivalent
2753,1340,incomparable
3214,2489,incomparable
1051,2647,incomparable
3258,3727,incomparable
2468,4362,incomparable
2079,3089,incomparable
3653,2536,incomparable
1917,4259,weaker
4424,2413,stronger
3713,3341,weaker
3438,2382,stronger
1662,3740,incomparable
2469,2520,stronger
373,3900,weaker
887,4121,incomparable
4550,1771,stronger
2103,4614,incomparable
962,1262,incomparable
2488,1981,stronger
2273,2581,stronger
1655,3700,incomparable
454,2549,stronger
1357,4043,incomparable
4650,2352,stronger
1209,1139,equivalent
562,1328,stronger
389,3063,incomparable
3283,1663,incomparable
2072,3988,incomparable
1162,1323,weaker
477,466,incomparable
1779,4675,weaker
2469,2870,incomparable
3995,1899,stronger
2322,3382,incomparable
176,2955,stronger
3483,970,stronger
4159,21,stronger
4410,3804,incomparable
3199,1965,equivalent
2901,56,weaker
1593,728,equivalent
1417,2192,equivalent
3440,3717,weaker
3151,3614,weaker
4517,668,stronger
2299,1119,weaker
2192,4440,weaker
1137,862,incomparable
1088,1909,stronger
2717,1817,equivalent
1982,2351,weaker
1218,1201,equivalent
3527,868,stronger
662,754,stronger
493,3951,weaker
3965,4477,incomparable
333,286,stronger
1551,852,weaker
971,2263,weaker
1466,4686,incomparable
241,697,equivalent
4532,1326,stronger
337,405,equivalent
1324,3290,weaker
2112,2582,equivalent
1052,2602,incomparable
4491,736,stronger
1652,1843,weaker
318,3546,incomparable
1402,1668,weaker
3229,3281,weaker
4328,2435,incomparable
2456,3331,incomparable
725,3146,stronger
983,1684,weaker
3646,1849,incomparable
2395,3055,weaker
4659,1259,incomparable
1075,2212,stronger
4521,3769,incomparable
1381,1730,equivalent
2976,2054,weaker
1317,4189,weaker
2401,4563,weaker
3858,3425,equivalent
4572,2014,incomparable
613,3844,weaker
570,3208,equivalent
766,4086,weaker
3225,3512,weaker
2464,1879,weaker
3006,4148,weaker
3393,2342,stronger
2221,2875,weaker
4324,222,incomparable
1526,1330,stronger
3057,3147,incomparable
366,180,stronger
851,1915,stronger
3745,515,stronger
3289,4436,incomparable
1202,452,incomparable
1997,915,equivalent
1667,3255,weaker
2432,843,weaker
737,2567,weaker
869,2494,incomparable
516,878,stronger
4234,679,incomparable
3205,12,incomparable
3397,4154,incomparable
3596,1331,stronger
1970,3414,weaker
29,1699,stronger
2546,4513,incomparable
1739,2727,equivalent
1927,334,incomparable
4337,53,incomparable
1546,3086,weaker
3435,1413,stronger
3353,3266,incomparable
4251,4416,weaker
3165,3215,equivalent
2487,1839,weaker
1395,3075,incomparable
1638,581,stronger
1648,1269,stronger
445,3455,incomparable
3196,3467,weaker
2516,3708,weaker
2330,1074,stronger
1819,2090,weaker
2211,628,weaker
836,78,incomparable
4683,1979,incomparable
1780,1573,incomparable
1434,936,stronger
4500,3026,stronger
1472,1228,incomparable
2962,792,equivalent
1542,469,weaker
1681,1567,stronger
2438,792,equivalent
3171,377,incomparable
1963,499,equivalent
3014,1891,equivalent
4676,4191,stronger
3874,3503,incomparable
1255,412,incomparable
1081,2511,weaker
960,4436,incomparable
1545,925,equivalent
2135,1922,incomparable
4101,2913,incomparable
2017,4118,weaker
1766,335,weaker
1862,4015,incomparable
1313,767,stronger
2531,4339,incomparable
4484,4371,incomparable
3763,4611,weaker
2276,3066,weaker
605,2932,equivalent
1121,3980,weaker
405,4564,weaker
2936,3112,incomparable
224,3994,incomparable
3092,619,incomparable
3054,4299,incomparable
1273,587,stronger
3876,701,stronger
2811,1131,weaker
2747,3590,weaker
4180,1866,incomparable
726,1357,weaker
1841,1044,stronger
2973,146,incomparable
3890,1538,stronger
1080,1885,weaker
3913,2461,incomparable
3660,2015,stronger
979,490,equivalent
789,366,weaker
3237,3575,incomparable
1131,3513,incomparable
3328,2939,incomparable
2549,757,weaker
3961,4572,incomparable
4603,1595,stronger
814,2116,weaker
4150,1061,incomparable
2488,2733,incomparable
2911,3590,weaker
1971,4658,weaker
1784,136,stronger
1718,4212,incomparable
2394,819,weaker
2158,2040,weaker
3772,3360,equivalent
910,2763,stronger
466,1783,stronger
2150,1398,equivalent
718,2004,weaker
1212,3293,incomparable
3813,2580,stronger
325,3241,stronger
4687,892,stronger
849,3426,incomparable
2015,4556,weaker
4651,4618,stronger
410,346,equivalent
1144,1065,weaker
776,669,weaker
1636,1527,stronger
2596,3555,incomparable
784,4694,weaker
791,3421,incomparable
1558,4088,incomparable
2941,2277,weaker
1423,1419,equivalent
3804,2652,incomparable
3217,3084,weaker
2248,3222,incomparable
2394,3047,equivalent
3073,861,incomparable
945,1794,equivalent
3904,789,stronger
3224,1030,weaker
4022,1010,stronger
2950,3679,weaker
3335,1800,stronger
2982,2436,stronger
2695,3160,stronger
375,860,incomparable
4145,851,incomparable
590,2734,weaker
4102,215,incomparable
2782,1816,incomparable
1001,2076,weaker
3117,3792,weaker
4187,2016,stronger
859,680,incomparable
685,2779,weaker
3514,984,stronger
3856,4131,weaker
3605,348,equivalent
3097,4079,incomparable
769,4170,incomparable
3539,4424,incomparable
1734,4290,incomparable
4285,1770,stronger
2184,2806,equivalent
3424,1441,incomparable
802,1085,weaker
2758,826,weaker
2622,3971,weaker
977,1086,incomparable
3276,2509,incomparable
2787,4038,incomparable
4509,2417,stronger
2635,1924,weaker
1701,2837,stronger
326,567,stronger
4345,508,incomparable
1249,2713,stronger
533,1045,weaker
3241,2673,weaker
2936,2791,incomparable
541,2626,stronger
78,1404,stronger
1991,1071,weaker
4501,4404,incomparable
2987,2756,equivalent
4495,4589,incomparable
3227,1462,incomparable
4321,272,stronger
1993,2083,incomparable
3166,4192,weaker
1714,3422,weaker
4064,3090,incomparable
3847,4553,incomparable
3952,405,stronger
2441,4690,incomparable
4648,4050,incomparable
197,3166,equivalent
4096,1093,stronger
1341,3591,weaker
4506,2654,incomparable
1576,2145,equivalent
332,358,stronger
511,2575,incomparable
3835,2449,incomparable
2460,4151,incomparable
4144,3958,incomparable
257,4156,incomparable
2239,1708,stronger
2144,2602,incomparable
3971,3249,stronger
965,1210,equivalent
3288,775,incomparable
142,3617,incomparable
2047,2669,weaker
426,932,stronger
2700,3988,incomparable
1045,415,incomparable
895,3854,incomparable
57,2755,incomparable
4635,970,stronger
4196,334,stronger
786,2406,incomparable
1226,2678,incomparable
2831,3690,weaker
1871,1662,incomparable
1196,3967,weaker
1129,2745,stronger
3388,2295,stronger
829,2453,incomparable
399,425,incomparable
722,4084,weaker
815,4275,weaker
2320,4117,weaker
553,4275,weaker
751,2570,equivalent
2719,4388,weaker
3987,4317,weaker
1222,2155,equivalent
654,2637,stronger
4353,2388,stronger
2710,138,incomparable
265,1364,stronger
3701,2233,stronger
812,3977,weaker
1096,3736,incomparable
3052,4039,incomparable
3112,1838,incomparable
37,948,equivalent
4106,3450,stronger
475,4557,weaker
4234,1915,stronger
1749,1268,weaker
2188,2658,weaker
1162,10,weaker
69,4054,weaker
769,3499,incomparable
1629,4357,incomparable
1223,2915,stronger
3513,2532,stronger
781,2570,equivalent
1514,1401,equivalent
1472,3619,incomparable
3946,1633,incomparable
1372,5,weaker
1289,4666,incomparable
2215,1448,weaker
1847,1052,incomparable
3488,2475,incomparable
2772,2305,equivalent
3178,3747,weaker
1669,2443,weaker
1908,739,stronger
910,1637,incomparable
1717,3423,weaker
1773,4486,weaker
4366,3158,stronger
1614,2921,equivalent
4085,1418,stronger
2677,2418,stronger
3360,196,stronger
1121,2988,equivalent
195,3762,weaker
1840,231,incomparable
3369,4631,weaker
3610,1310,stronger
1770,401,weaker
3470,2993,stronger
1405,3686,incomparable
1465,3737,incomparable
758,3875,weaker
3229,1618,weaker
2404,3198,equivalent
1571,191,stronger
3551,1080,stronger
2408,4071,weaker
3397,4585,incomparable
527,155,weaker
675,3059,weaker
2915,3121,stronger
190,1324,stronger
96,3352,weaker
2885,4410,incomparable
299,3711,weaker
1937,1453,incomparable
1438,3984,incomparable
1307,3501,incomparable
3735,4580,incomparable
3946,828,incomparable
2048,4667,incomparable
2743,3014,stronger
1334,2880,weaker
2593,37,equivalent
2314,622,incomparable
2553,638,weaker
2233,1222,equivalent
209,4168,incomparable
3439,2717,stronger
4114,3795,stronger
1430,309,incomparable
2951,684,weaker
444,278,stronger
762,3593,weaker
4023,2364,incomparable
4541,4047,stronger
1189,4569,weaker
678,1613,weaker
1540,3106,weaker
3040,2604,equivalent
4134,1414,stronger
2472,3840,incomparable
1956,540,equivalent
2747,1793,weaker
1923,4564,weaker
1470,4030,incomparable
1934,1690,stronger
64,1161,equivalent
782,4595,incomparable
109,1843,incomparable
4126,1711,stronger
1381,2645,weaker
2637,3503,weaker
4118,3513,incomparable
904,3245,equivalent
1981,1886,equivalent
2087,592,stronger
1531,2589,stronger
342,509,stronger
3074,1033,incomparable
400,4651,weaker
1606,3702,weaker
3180,3903,incomparable
1399,191,equivalent
1662,3045,stronger
554,2085,incomparable
1073,2650,incomparable
3162,2770,weaker
2654,824,incomparable
1281,3353,weaker
527,4611,weaker
2096,304,equivalent
3694,1091,stronger
3510,2502,stronger
4592,2241,incomparable
2555,818,weaker
3432,1091,stronger
249,2388,equivalent
4251,1948,stronger
2625,3277,weaker
3389,4427,weaker
564,3712,weaker
489,3538,incomparable
231,2748,stronger
12,4138,weaker
917,43,incomparable
330,2727,stronger
294,818,incomparable
189,3276,weaker
710,504,weaker
3406,809,stronger
779,109,weaker
4508,1200,stronger
1681,2132,incomparable
2663,3919,incomparable
460,2958,incomparable
3843,1749,stronger
4338,1728,incomparable
637,2096,stronger
3968,697,stronger
1134,2902,weaker
2266,2004,incomparable
1324,2245,weaker
2895,2175,stronger
3585,932,stronger
307,1403,stronger
1212,1280,stronger
3092,245,stronger
4656,2010,stronger
571,695,incomparable
34,2742,stronger
3016,1189,equivalent
1670,3821,incomparable
679,228,incomparable
1300,346,weaker
3569,1338,stronger
293,192,equivalent
2934,598,weaker
1576,1153,equivalent
2099,3180,weaker
3675,44,stronger
3575,2092,stronger
2902,3504,incomparable
2023,152,weaker
2324,3298,weaker
4306,850,incomparable
3881,4084,incomparable
1587,3005,stronger
2005,2764,equivalent
3065,2744,incomparable
2380,2641,equivalent
3672,3156,stronger
3448,4202,equivalent
2388,4222,weaker
3778,1862,incomparable
3931,2858,incomparable
156,79,stronger
1489,3601,incomparable
3486,1461,incomparable
3264,2580,stronger
4685,1785,stronger
2689,4335,incomparable
2894,3801,incomparable
3090,1461,incomparable
2173,1035,weaker
2040,3889,incomparable
3320,1923,stronger
2749,2888,incomparable
3604,1682,incomparable
1434,4079,incomparable
1475,2390,stronger
2127,101,incomparable
3400,374,weaker
934,2975,stronger
2305,373,weaker
1376,1630,weaker
307,598,incomparable
1867,147,stronger
3113,317,incomparable
3364,4100,incomparable
2574,2483,weaker
4499,467,incomparable
1918,866,weaker
1501,3961,weaker
400,3980,weaker
3044,4095,incomparable
2707,3012,stronger
730,1640,weaker
2400,1549,equivalent
3895,703,incomparable
1161,4078,weaker
500,4561,incomparable
4232,4260,equivalent
2730,3935,weaker
3449,2868,incomparable
2480,3006,stronger
4206,595,stronger
1747,1923,equivalent
692,2287,incomparable
1129,3042,stronger
4405,1744,stronger
726,1117,weaker
566,3868,incomparable
86,2477,incomparable
1345,3606,weaker
1823,1918,equivalent
3283,4269,incomparable
126,563,equivalent
659,3278,incomparable
2951,3530,weaker
1805,2278,weaker
2569,3428,weaker
538,2759,equivalent
2423,4542,weaker
3335,1426,incomparable
1339,4,weaker
1998,3612,weaker
1919,2565,equivalent
3257,3987,stronger
3744,133,stronger
2030,1615,equivalent
344,2893,incomparable
2061,928,incomparable
1725,979,equivalent
104,3406,incomparable
1515,1923,stronger
2091,3022,stronger
4128,4445,incomparable
4391,883,incomparable
2720,749,incomparable
3618,1899,stronger
259,1250,incomparable
3803,4096,incomparable
1057,1230,weaker
4450,1463,incomparable
2313,2842,equivalent
295,1661,weaker
3269,3408,stronger
934,76,stronger
710,1122,weaker
2759,1616,equivalent
135,625,weaker
3657,2766,stronger
3213,1032,weaker
4185,1165,incomparable
1487,4197,incomparable
3653,1304,incomparable
2698,3592,weaker
3020,1391,weaker
4009,939,stronger
4635,3845,stronger
275,4577,weaker
3417,1027,incomparable
4224,2059,incomparable
2116,1924,incomparable
1610,66,weaker
2014,4091,incomparable
429,2011,stronger
2862,3434,incomparable
1205,2232,weaker
3388,2726,stronger
189,4244,weaker
1443,4275,incomparable
2287,2910,incomparable
723,953,stronger
1759,4511,incomparable
1385,1826,weaker
239,574,equivalent
2505,1857,weaker
2675,1514,stronger
3528,3645,stronger
2752,4178,weaker
44,106,incomparable
3251,3367,weaker
551,1600,equivalent
978,913,stronger
2276,1216,stronger
3950,2587,stronger
2656,4655,incomparable
502,4367,weaker
3571,2002,stronger
3000,2967,equivalent
448,1098,incomparable
3557,3824,weaker
1633,1524,stronger
4300,899,stronger
857,3777,incomparable
884,3880,weaker
1118,1832,weaker
922,4172,incomparable
1447,610,stronger
4614,2752,stronger
3797,278,stronger
569,2556,equivalent
1635,3290,incomparable
1991,2925,weaker
4386,4056,stronger
1285,1191,stronger
1760,2238,weaker
1063,3064,incomparable
2321,585,equivalent
3100,4487,incomparable
2308,1289,weaker
388,1205,stronger
2375,821,weaker
2417,3676,weaker
1101,323,incomparable
1359,2833,equivalent
1657,1709,stronger
478,4481,weaker
1142,1263,weaker
4101,258,incomparable
1004,3773,incomparable
2752,929,equivalent
4522,4452,incomparable
3648,1444,incomparable
2063,3336,incomparable
3310,2388,stronger
3549,684,stronger
1954,4332,weaker
3312,2434,stronger
943,272,stronger
521,3023,equivalent
1056,149,stronger
3299,1448,incomparable
484,3141,equivalent
2762,3687,weaker
2640,314,weaker
1756,3943,weaker
4545,1029,incomparable
2024,725,incomparable
2542,2408,equivalent
3846,1028,incomparable
1165,3475,incomparable
4190,2558,incomparable
2077,4523,incomparable
2964,3040,stronger
2183,3229,equivalent
1314,565,equivalent
2778,4570,incomparable
875,3147,incomparable
4201,438,incomparable
901,396,incomparable
2600,3517,weaker
498,4328,weaker
732,2280,weaker
3029,2876,incomparable
3870,3492,incomparable
2010,3651,weaker
2414,3512,weaker
81,1007,equivalent
4217,567,stronger
172,1125,equivalent
1404,1397,equivalent
2391,3528,weaker
846,2567,incomparable
4399,49,incomparable
987,4492,weaker
3757,582,stronger
1360,2788,equivalent
4279,3138,stronger
4585,2656,incomparable
2615,4175,weaker
4043,387,weaker
1754,2126,weaker
2783,3759,weaker
3084,2933,stronger
1628,2953,equivalent
2762,2882,weaker
4004,3842,weaker
2614,540,equivalent
2430,4395,incomparable
819,1094,stronger
1232,509,stronger
864,2557,stronger
2560,1243,weaker
2157,4236,weaker
1040,3722,weaker
4299,757,incomparable
1809,520,weaker
2929,551,equivalent
2736,2600,stronger
4336,4022,stronger
3546,3903,incomparable
855,1690,stronger
437,1177,stronger
3911,2338,incomparable
3250,2821,weaker
378,2290,incomparable
1436,689,stronger
4058,1045,incomparable
4584,337,stronger
3872,131,stronger
284,1874,weaker
3728,4324,incomparable
4577,2549,stronger
1752,4308,weaker
3722,3755,incomparable
1005,2573,weaker
2610,4339,weaker
1039,2157,stronger
4487,1343,stronger
1061,1916,incomparable
440,1074,stronger
2336,572,weaker
3571,3559,weaker
104,1125,stronger
3283,2338,incomparable
4286,3504,incomparable
3379,356,equivalent
309,3220,stronger
1176,2805,weaker
2298,1219,equivalent
1465,464,incomparable
4476,403,incomparable
3080,4638,incomparable
4652,4012,stronger
953,2009,weaker
1553,284,equivalent
856,356,incomparable
3555,2652,incomparable
2832,4509,weaker
4207,363,weaker
3794,948,stronger
4191,3802,equivalent
438,1536,stronger
1483,1393,stronger
4225,4325,weaker
3647,147,stronger
4089,492,incomparable
3361,2005,stronger
1695,2969,stronger
1566,115,weaker
3660,2072,incomparable
3627,2124,incomparable
3620,953,stronger
2679,3139,incomparable
4411,3926,incomparable
634,3518,weaker
2888,2724,incomparable
453,2194,stronger
1136,2224,equivalent
771,783,equivalent
2930,3889,weaker
2457,1225,incomparable
1192,2533,incomparable
200,967,equivalent
4596,3864,incomparable
4269,3469,incomparable
3429,2297,stronger
2384,1097,equivalent
3599,1954,stronger
2085,306,stronger
3757,3294,weaker
2164,1353,incomparable
1176,2939,weaker
1730,4279,weaker
597,1542,equivalent
1858,2744,incomparable
4217,4218,stronger
96,3246,equivalent
2221,3550,weaker
2787,3961,incomparable
1137,732,stronger
4457,3870,incomparable
4340,87,stronger
3113,4131,incomparable
3262,3473,stronger
3021,4542,weaker
1374,1584,stronger
3454,3643,equivalent
1169,2872,weaker
197,2739,weaker
2564,4074,weaker
2170,2457,weaker
2464,460,stronger
2340,2868,incomparable
733,275,equivalent
951,1666,incomparable
3573,2022,stronger
3385,2725,incomparable
88,2954,equivalent
2213,60,weaker
1413,4171,weaker
3672,3721,incomparable
124,167,incomparable
1738,1487,incomparable
43,3211,stronger
1526,3294,incomparable
3723,2720,incomparable
3785,3598,equivalent
4282,4404,stronger
1421,1780,weaker
3112,2566,stronger
283,4361,incomparable
3239,3839,weaker
1467,3653,incomparable
1114,4289,weaker
1131,3704,incomparable
499,3427,weaker
2457,3803,incomparable
153,2790,stronger
1721,4674,incomparable
2473,1303,incomparable
4453,2192,stronger
3799,3654,weaker
860,3591,incomparable
538,3540,weaker
2644,404,incomparable
3993,2207,stronger
820,4192,incomparable
352,2626,stronger
696,2436,equivalent
357,2970,stronger
971,4361,weaker
1600,368,weaker
98,4207,weaker
3620,2376,incomparable
786,2329,stronger
1195,282,equivalent
3757,395,weaker
40,4202,stronger
914,794,stronger
4252,4538,weaker
3054,652,stronger
2959,3798,weaker
892,4418,weaker
3597,113,incomparable
2332,1421,equivalent
3971,2017,stronger
459,4536,incomparable
4179,1966,stronger
324,1867,incomparable
2887,2582,stronger
3358,4419,weaker
4461,2029,incomparable
4170,1853,incomparable
1584,1154,weaker
3626,2921,stronger
4106,4312,incomparable
2941,2818,equivalent
1886,3182,weaker
1626,4009,weaker
2194,1083,weaker
425,2858,incomparable
4256,2536,incomparable
1622,857,weaker
684,2560,stronger
4094,1454,incomparable
2678,3347,incomparable
4281,3532,incomparable
3569,3326,weaker
1597,46,weaker
726,2971,equivalent
2037,318,incomparable
332,1354,stronger
4521,740,incomparable
3936,1807,stronger
3839,4318,weaker
1867,3290,incomparable
895,3911,incomparable
379,2863,incomparable
1153,2257,weaker
4222,1612,stronger
710,4131,weaker
3708,4020,stronger
1776,2613,stronger
618,2098,incomparable
1609,3439,weaker
3,482,stronger
2489,3983,incomparable
1319,2145,equivalent
3189,422,weaker
481,2766,stronger
3132,3860,weaker
3753,6,stronger
4606,2891,incomparable
2307,3188,weaker
3833,3907,weaker
3463,2876,incomparable
3100,2824,stronger
2317,1432,weaker
3437,1463,incomparable
3397,4508,incomparable
486,77,equivalent
2466,966,stronger
4665,1027,incomparable
1432,2961,stronger
4589,3661,incomparable
242,656,incomparable
1687,4419,incomparable
4412,3964,incomparable
4434,3723,incomparable
4045,2450,incomparable
3890,2347,incomparable
2372,1489,incomparable
3886,1639,incomparable
2494,920,stronger
3328,2809,stronger
3029,2018,stronger
2765,3635,incomparable
2851,3409,incomparable
4162,2,stronger
4632,705,stronger
485,764,equivalent
554,369,incomparable
204,4686,incomparable
1135,1812,equivalent
1947,1690,equivalent
481,1022,incomparable
1545,3373,weaker
4085,1475,incomparable
1509,1464,weaker
2808,3712,incomparable
3570,3281,weaker
2257,3609,incomparable
2933,1906,equivalent
147,2839,equivalent
1425,4210,weaker
1161,3383,weaker
4399,3513,incomparable
1725,2967,equivalent
1677,1987,incomparable
2537,2845,equivalent
2585,3825,weaker
703,4225,incomparable
2010,4082,weaker
2595,571,weaker
3706,2768,stronger
1474,2567,incomparable
4110,377,incomparable
2993,617,weaker
3164,3882,weaker
4093,181,stronger
211,1669,stronger
59,4281,incomparable
1054,668,stronger
1828,2506,weaker
503,3009,stronger
1043,4451,incomparable
1440,1643,equivalent
4105,2635,stronger
1348,2054,weaker
1057,3568,incomparable
1881,2517,incomparable
398,2434,stronger
1263,1192,incomparable
910,1828,stronger
1268,1536,stronger
4055,4211,stronger
2930,3836,weaker
2145,2563,equivalent
669,453,incomparable
1054,1018,stronger
2508,171,equivalent
1957,2512,equivalent
2769,4642,weaker
756,1361,weaker
3767,546,incomparable
3049,4467,weaker
1368,427,incomparable
1688,3815,weaker
3780,973,stronger
4483,4099,incomparable
1398,1767,weaker
3263,454,incomparable
4214,2928,incomparable
2631,1675,weaker
2784,1917,equivalent
2853,2276,incomparable
1459,3174,stronger
1538,3467,weaker
3532,90,incomparable
115,4189,incomparable
359,2829,stronger
4039,3304,weaker
1573,3461,incomparable
1043,263,incomparable
494,1741,equivalent
321,2722,incomparable
4282,29,incomparable
4008,958,stronger
56,1515,incomparable
4154,783,stronger
527,346,weaker
2249,2697,incomparable
3090,4067,incomparable
3544,3483,incomparable
874,2147,equivalent
2078,2815,stronger
4325,4048,stronger
4442,4633,incomparable
3148,1039,weaker
921,3656,weaker
3340,1209,stronger
3832,1671,incomparable
4155,604,stronger
3367,3786,incomparable
3107,449,weaker
2279,1758,stronger
949,2671,incomparable
1188,967,stronger
4087,3883,incomparable
3715,1271,incomparable
4021,1543,incomparable
547,4354,weaker
4558,2714,incomparable
830,3888,incomparable
4512,1780,incomparable
3471,2042,incomparable
2356,665,weaker
3374,4361,weaker
370,3903,incomparable
1977,4052,incomparable
1889,1199,equivalent
1450,4535,incomparable
3807,1210,stronger
3396,178,stronger
1429,1214,stronger
496,3261,weaker
3858,4181,equivalent
2490,4048,incomparable
1160,3241,equivalent
4413,4403,incomparable
1089,4529,weaker
2527,3149,weaker
4447,789,stronger
140,1347,equivalent
3875,563,stronger
1060,2256,incomparable
4174,3074,incomparable
1146,2030,stronger
994,4642,weaker
194,1583,stronger
866,3144,stronger
780,926,weaker
2626,1815,equivalent
3909,332,incomparable
1402,680,weaker
2300,1830,stronger
1997,2021,equivalent
3604,450,incomparable
4660,2186,incomparable
1699,2364,incomparable
508,3621,incomparable
3450,3955,weaker
1456,916,incomparable
3751,877,stronger
2352,1431,weaker
3885,877,stronger
3014,3802,weaker
3587,1220,stronger
3941,4192,incomparable
491,1173,stronger
1294,1497,equivalent
3770,4310,incomparable
4664,3998,stronger
2708,1251,weaker
4129,456,stronger
1393,3196,equivalent
388,3677,incomparable
2872,127,incomparable
2476,3345,incomparable
3402,127,incomparable
1089,3724,weaker
1808,2657,weaker
2460,1122,incomparable
1973,2724,weaker
3406,1000,stronger
4111,2509,incomparable
2127,158,incomparable
865,983,stronger
3957,2042,incomparable
2341,4059,weaker
1398,1446,weaker
1314,809,equivalent
4481,2951,stronger
1054,1636,weaker
2413,3935,weaker
54,2461,weaker
3925,2504,incomparable
2199,2663,incomparable
1213,3386,weaker
3482,4378,incomparable
3852,3157,stronger
817,3386,incomparable
992,1697,weaker
3170,127,weaker
439,3211,incomparable
2003,2724,weaker
1218,697,equivalent
2813,1775,equivalent
3668,2289,incomparable
2904,1139,equivalent
2245,2257,weaker
1288,3910,incomparable
3934,4660,incomparable
656,2687,weaker
970,1534,equivalent
1448,2098,incomparable
3227,1011,stronger
1064,1169,stronger
26,3422,incomparable
2419,3726,weaker
1044,1456,weaker
4246,4373,weaker
2649,4188,incomparable
2069,1627,stronger
4605,519,stronger
2561,2089,weaker
3915,72,incomparable
632,199,stronger
2140,1278,weaker
204,4633,weaker
4576,2972,stronger
2988,1375,equivalent
2434,35,equivalent
3691,3747,incomparable
267,2703,stronger
1776,1755,equivalent
2493,615,incomparable
1791,343,weaker
3095,2935,stronger
4530,2038,incomparable
4320,2228,stronger
1785,528,weaker
2134,682,incomparable
1196,133,equivalent
46,3643,equivalent
3315,2120,stronger
4270,3804,stronger
2403,2792,equivalent
2786,1776,weaker
759,2761,incomparable
3187,4594,weaker
2660,3357,incomparable
4479,945,stronger
2648,1842,incomparable
1807,1226,weaker
1691,3495,incomparable
4618,2043,incomparable
2135,2223,stronger
2615,3614,weaker
3888,2167,incomparable
2630,2202,equivalent
460,3633,incomparable
1923,2340,weaker
338,260,incomparable
1396,2823,equivalent
3151,1150,weaker
4429,2521,incomparable
931,774,weaker
1323,66,incomparable
404,2011,stronger
4631,935,stronger
2050,580,stronger
333,3299,incomparable
4589,3153,stronger
3887,3635,stronger
3753,437,incomparable
2949,3086,incomparable
905,492,weaker
4423,1171,incomparable
4571,1823,stronger
4665,3902,incomparable
4192,1238,incomparable
3428,88,stronger
1303,538,stronger
2309,3665,weaker
3467,1736,stronger
4248,1547,stronger
4291,2937,incomparable
4678,1131,incomparable
1806,2290,incomparable
3950,2644,incomparable
25,3304,incomparable
3829,4569,weaker
205,4403,incomparable
1642,1135,stronger
2335,1853,incomparable
2414,2146,weaker
375,4060,stronger
3262,1489,incomparable
4107,1315,incomparable
3188,3260,incomparable
2649,4672,incomparable
2690,1263,incomparable
718,1955,equivalent
3691,848,incomparable
2452,1125,incomparable
242,1437,incomparable
4160,1326,stronger
1257,3926,incomparable
2690,2202,stronger
2425,2685,incomparable
3994,1788,stronger
3588,1100,incomparable
3205,3025,stronger
2899,3507,incomparable
2970,3158,equivalent
2548,4189,weaker
3623,4477,weaker
3177,1916,weaker
3832,4062,stronger
2621,2223,equivalent
582,4137,weaker
2645,2809,stronger
3587,3477,incomparable
3990,2958,incomparable
2830,1808,equivalent
710,2602,weaker
402,2449,incomparable
954,2962,equivalent
4381,4277,incomparable
4372,2471,incomparable
4489,3056,incomparable
1480,2254,incomparable
3169,4657,weaker
712,4368,weaker
1828,2937,weaker
2594,1716,equivalent
2306,1249,incomparable
1390,2711,equivalent
3102,402,incomparable
1359,1146,weaker
719,2506,incomparable
1581,3245,stronger
3224,1331,equivalent
996,340,weaker
572,2264,incomparable
82,939,stronger
2341,489,weaker
4331,376,incomparable
2474,3462,incomparable
392,4548,weaker
939,745,equivalent
1928,4457,weaker
4170,2902,incomparable
1811,1428,incomparable
1088,4251,incomparable
324,3855,stronger
2374,3231,equivalent
2825,3692,weaker
4480,95,stronger
2018,1906,equivalent
3981,3380,weaker
2642,3985,weaker
1919,3590,weaker
1859,1095,stronger
3488,3447,stronger
2476,4447,incomparable
3080,1178,stronger
3971,4355,weaker
2679,834,incomparable
965,2316,weaker
1263,1973,stronger
2844,3153,equivalent
1749,4118,weaker
3533,4129,incomparable
2686,2944,incomparable
4537,979,stronger
4223,3263,weaker
4629,1507,incomparable
4281,2487,incomparable
2872,3107,stronger
2715,649,weaker
427,3579,incomparable
4520,2503,incomparable
2512,320,weaker
2052,2025,stronger
4065,2862,incomparable
3442,3637,equivalent
604,4380,weaker
3832,2102,stronger
3078,1640,incomparable
2789,1537,weaker
4210,742,stronger
4681,327,incomparable
1377,3549,weaker
534,2106,equivalent
1322,1398,stronger
1623,572,incomparable
1984,551,equivalent
1394,1274,weaker
939,3323,weaker
1863,32,stronger
732,1532,equivalent
3574,3914,incomparable
1050,4093,incomparable
3765,1230,incomparable
3760,132,stronger
3560,1764,incomparable
1714,1629,weaker
4613,573,stronger
4676,4305,incomparable
192,3281,weaker
3117,1194,equivalent
3065,1004,incomparable
2114,1748,equivalent
2263,3534,incomparable
3891,588,incomparable
917,1470,incomparable
1834,2862,incomparable
1679,1793,incomparable
472,2517,weaker
1927,3026,stronger
3584,4228,equivalent
4499,821,incomparable
3587,3745,incomparable
3422,2180,incomparable
2599,3833,weaker
68,3595,incomparable
4524,2571,incomparable
804,1943,weaker
95,1254,weaker
4630,1277,stronger
160,151,weaker
2703,3432,weaker
1498,819,weaker
417,4688,incomparable
3273,2996,stronger
656,2984,stronger
439,4447,incomparable
883,3929,incomparable
2087,4597,incomparable
1514,763,equivalent
2032,2446,weaker
3453,1651,incomparable
2214,1928,equivalent
3299,1184,incomparable
3915,3402,stronger
1312,3288,incomparable
618,3631,incomparable
3140,373,incomparable
4590,4480,incomparable
2517,1148,stronger
1536,1461,weaker
3778,2350,stronger
192,2476,weaker
1400,2354,stronger
4263,1641,incomparable
4277,1539,incomparable
3977,1247,incomparable
2024,4433,incomparable
3958,1005,stronger
135,3662,weaker
1633,2333,incomparable
180,372,weaker
2613,1795,stronger
791,2246,incomparable
4151,2339,stronger
3441,3869,incomparable
4411,1889,stronger
2380,4418,weaker
2941,4485,weaker
2923,3125,stronger
1175,3525,incomparable
3212,784,equivalent
4167,2468,incomparable
423,2200,stronger
987,4228,weaker
3530,1093,stronger
3597,3069,incomparable
1620,1697,weaker
2022,3397,weaker
2020,2570,equivalent
2042,2329,stronger
1118,3930,weaker
8,2143,stronger
2907,1087,equivalent
536,2262,weaker
245,3776,weaker
3362,4111,weaker
4388,2817,stronger
17,3360,weaker
855,2015,stronger
1710,2529,stronger
3366,2540,incomparable
1136,1476,weaker
661,2149,stronger
905,789,equivalent
4451,3516,incomparable
124,224,incomparable
3,2149,stronger
705,2421,equivalent
1339,492,weaker
520,4361,incomparable
3572,3547,equivalent
3744,621,incomparable
1209,4583,weaker
3458,35,stronger
3253,569,stronger
4034,1134,stronger
3817,3351,equivalent
4271,2767,stronger
1055,4116,incomparable
3599,4589,weaker
1512,1359,equivalent
1775,4213,weaker
1264,2011,stronger
2243,117,incomparable
2984,1283,equivalent
2013,3038,equivalent
843,1200,stronger
1091,3022,equivalent
2653,3398,incomparable
2343,4670,incomparable
3950,847,incomparable
2618,179,incomparable
2548,1103,equivalent
1419,3238,equivalent
1374,1775,stronger
187,522,weaker
3628,1735,stronger
1491,2360,stronger
501,1621,stronger
4453,3538,incomparable
3326,2336,stronger
3801,3383,equivalent
924,4198,weaker
3472,4605,incomparable
3902,3435,stronger
1514,1031,weaker
3164,4260,weaker
2406,646,incomparable
699,1047,weaker
1239,2489,incomparable
3567,2398,incomparable
2574,4394,weaker
1872,4122,incomparable
803,3090,weaker
2305,3223,equivalent
2785,4614,weaker
1706,4584,weaker
2155,246,weaker
2984,3511,weaker
3104,3805,weaker
697,1159,equivalent
2273,2187,stronger
160,4152,incomparable
1161,2017,equivalent
4102,463,incomparable
4203,515,stronger
2620,3234,equivalent
887,4666,incomparable
197,4219,weaker
1661,4060,incomparable
2750,2526,equivalent
2693,1992,incomparable
1645,1083,incomparable
948,1909,equivalent
251,2735,equivalent
284,2683,weaker
3037,3522,weaker
4518,2778,incomparable
2441,2710,incomparable
3122,1351,stronger
998,4655,weaker
2366,2536,weaker
4446,4595,incomparable
2947,3979,incomparable
1001,2674,weaker
2904,899,equivalent
3859,4246,equivalent
4219,2337,incomparable
2758,2013,equivalent
3176,2526,stronger
1899,791,weaker
1682,2254,incomparable
3499,1459,incomparable
1670,739,stronger
4471,3312,incomparable
3571,1335,stronger
4290,4432,incomparable
4345,4139,incomparable
2726,3229,equivalent
1277,1976,equivalent
2361,98,equivalent
4272,1382,stronger
1089,2679,weaker
2529,2126,weaker
1113,3265,incomparable
228,4040,incomparable
3024,2105,incomparable
3857,2106,stronger
3172,2003,equivalent
1663,699,stronger
1348,1627,equivalent
164,4055,incomparable
19,1422,stronger
1173,283,weaker
3628,2219,stronger
240,4050,weaker
2368,3871,incomparable
107,488,stronger
3622,1650,incomparable
1065,2443,weaker
1218,2685,weaker
2264,2767,stronger
860,2977,stronger
2329,910,weaker
3924,1988,stronger
266,2238,incomparable
3029,4519,incomparable
1238,119,stronger
3905,1746,incomparable
417,2407,stronger
1578,2439,equivalent
260,2423,stronger
4619,3718,incomparable
1716,3312,weaker
3571,3563,equivalent
4025,2979,incomparable
2194,1624,equivalent
1234,3568,incomparable
4362,120,stronger
1624,2033,equivalent
132,144,equivalent
2501,2306,weaker
2594,53,weaker
1523,4610,incomparable
184,1997,equivalent
1330,243,equivalent
1218,3974,weaker
461,2305,stronger
3069,2763,stronger
1500,654,weaker
1207,2095,stronger
2055,1438,incomparable
4378,249,stronger
2,1202,weaker
754,83,equivalent
2903,781,stronger
1270,3383,incomparable
1538,4329,weaker
1328,1109,weaker
517,4277,weaker
3604,828,incomparable
3891,4268,incomparable
2926,1142,equivalent
539,2346,equivalent
4355,2682,incomparable
1191,4221,weaker
1660,2979,incomparable
3890,1599,stronger
1722,1413,stronger
2551,2958,weaker
125,262,incomparable
1147,3168,equivalent
1302,827,weaker
3205,1496,incomparable
385,3599,stronger
3237,253,stronger
3386,3759,weaker
2240,2507,incomparable
221,3353,incomparable
1066,3179,stronger
2561,2333,weaker
3450,4683,weaker
1311,4673,weaker
3598,4581,weaker
1299,3158,stronger
1189,1300,equivalent
2092,2794,equivalent
2039,1470,incomparable
2983,2965,equivalent
428,4585,incomparable
2484,2086,incomparable
2207,1054,incomparable
1656,3395,incomparable
2031,2518,equivalent
3311,552,stronger
3975,3750,equivalent
3607,3354,stronger
2509,3082,incomparable
3354,1188,incomparable
3178,962,weaker
3689,912,incomparable
2006,2461,weaker
4351,4037,stronger
2952,4591,incomparable
1228,1413,stronger
2864,2492,incomparable
3483,4227,stronger
3659,511,incomparable
1272,3405,incomparable
2772,2903,weaker
1122,428,incomparable
1311,135,equivalent
2493,1798,stronger
1046,1372,stronger
137,4005,weaker
4000,23,incomparable
2358,1573,weaker
949,1439,incomparable
157,4657,weaker
635,1249,incomparable
2922,1157,equivalent
4556,3853,stronger
3018,865,weaker
941,2487,weaker
4105,948,stronger
2338,1106,stronger
1455,2708,stronger
932,4653,weaker
1104,1727,stronger
2568,1568,equivalent
80,2158,equivalent
885,3117,stronger
100,1090,incomparable
3882,152,incomparable
413,3307,incomparable
1452,2410,incomparable
1822,1189,equivalent
2137,69,stronger
3460,2903,incomparable
2446,4022,incomparable
4380,3812,stronger
4442,4690,incomparable
1734,3062,incomparable
3346,3555,incomparable
3394,563,stronger
935,1891,equivalent
3287,2194,stronger
1986,3283,weaker
742,1496,weaker
1112,275,stronger
4257,2658,incomparable
4074,1261,incomparable
4686,4269,incomparable
1140,1542,equivalent
3492,2037,incomparable
2131,3637,weaker
1797,4515,incomparable
148,4140,weaker
1184,3534,incomparable
2710,4253,incomparable
141,2969,equivalent
833,2553,stronger
3295,742,stronger
4487,87,stronger
3007,275,stronger
4060,2494,incomparable
1099,2672,weaker
1455,1553,stronger
2623,2564,stronger
880,3308,incomparable
1926,1138,equivalent
434,1501,stronger
1853,1599,stronger
2634,2164,weaker
856,2133,stronger
2229,4330,weaker
3380,3674,incomparable
312,1511,stronger
1752,958,equivalent
592,3780,weaker
4575,846,incomparable
3152,814,stronger
2591,2467,weaker
1711,3586,weaker
727,972,stronger
868,2143,stronger
3681,3787,stronger
4180,1256,incomparable
601,2553,equivalent
3345,3838,stronger
477,4207,incomparable
424,1163,incomparable
4269,3957,stronger
4573,3402,stronger
3040,758,equivalent
3895,1272,incomparable
4251,907,incomparable
1762,3524,weaker
1731,1959,stronger
4329,1729,incomparable
1686,496,equivalent
3358,3484,weaker
1500,1272,weaker
72,896,stronger
2322,1646,incomparable
2046,250,stronger
948,3950,weaker
2460,3273,incomparable
4170,4301,weaker
680,4135,incomparable
3922,1755,incomparable
2325,604,equivalent
3875,1909,stronger
76,2708,equivalent
1225,3669,incomparable
1118,1328,weaker
4036,4486,weaker
2422,3920,weaker
3840,410,equivalent
1909,137,equivalent
2822,4039,weaker
4651,3069,incomparable
2304,666,incomparable
60,3114,stronger
681,1512,equivalent
3420,3207,stronger
2246,3879,incomparable
2177,2022,equivalent
3376,2346,stronger
556,285,stronger
4412,1740,incomparable
3553,3736,incomparable
3122,4681,incomparable
2107,502,stronger
3270,1169,stronger
2931,949,incomparable
2246,846,incomparable
3304,4163,stronger
4481,564,stronger
2817,1601,equivalent
2712,87,stronger
2075,964,incomparable
1853,2083,incomparable
2166,328,weaker
4239,4414,weaker
3396,719,incomparable
4103,4553,incomparable
3979,2797,stronger
3098,1062,stronger
1336,1564,incomparable
3172,1011,equivalent
2530,1544,stronger
4505,2089,incomparable
1726,4193,incomparable
3147,954,stronger
1352,1508,equivalent
428,3109,stronger
4098,1176,stronger
887,2869,incomparable
820,1647,incomparable
4350,2151,stronger
1411,2088,weaker
3491,4147,incomparable
3551,1946,stronger
2892,3064,incomparable
2675,4527,incomparable
4593,4538,incomparable
2256,4543,incomparable
1855,1755,incomparable
1737,3197,weaker
3886,1643,incomparable
262,1477,incomparable
2213,682,weaker
4370,3153,stronger
3728,3686,incomparable
4313,175,stronger
2296,1848,incomparable
1890,1160,stronger
3784,585,stronger
764,3566,weaker
1726,5,incomparable
955,128,stronger
4568,2387,stronger
2551,4060,weaker
527,2310,weaker
4006,3815,stronger
1685,2633,incomparable
4016,2813,stronger
3219,1715,equivalent
3778,3399,equivalent
4251,3619,equivalent
2828,1335,equivalent
90,3248,stronger
692,1596,stronger
3068,2485,incomparable
1478,61,incomparable
4169,22,stronger
3835,900,stronger
4442,3564,stronger
2030,3018,equivalent
356,3367,weaker
1643,128,stronger
2133,2207,weaker
1405,714,incomparable
2219,1227,weaker
954,2535,equivalent
3075,4595,incomparable
76,4481,weaker
418,3464,incomparable
3207,550,equivalent
4415,428,incomparable
3286,843,incomparable
2052,1464,incomparable
3996,2696,incomparable
2790,1201,equivalent
2296,4076,incomparable
3029,3661,weaker
1563,2993,equivalent
2024,3388,incomparable
1773,359,weaker
3755,1321,stronger
4577,1695,incomparable
1244,2459,incomparable
3104,48,weaker
4377,3327,incomparable
868,3111,stronger
3413,1557,stronger
1832,185,stronger
737,4348,weaker
1864,3106,incomparable
1094,421,weaker
2179,1397,equivalent
1124,2515,equivalent
1050,3532,incomparable
1853,3856,incomparable
3902,4350,incomparable
199,3891,weaker
1221,381,weaker
901,965,stronger
4008,3056,incomparable
3729,3641,stronger
720,2839,equivalent
4,3423,incomparable
90,2443,incomparable
580,4522,weaker
2593,1387,weaker
2910,1094,stronger
2309,1628,equivalent
2147,2798,equivalent
960,1545,stronger
1784,494,stronger
3346,1624,stronger
414,2540,incomparable
1052,4517,incomparable
326,441,stronger
964,2418,stronger
284,2659,weaker
3861,2255,incomparable
473,868,incomparable
4442,3698,incomparable
2558,3271,incomparable
2026,1690,equivalent
2756,1566,equivalent
2217,2978,stronger
1613,3995,incomparable
3571,961,stronger
4464,4211,stronger
3992,4401,weaker
4116,495,incomparable
3637,268,incomparable
1978,1649,weaker
1973,1305,equivalent
3268,2091,incomparable
240,293,equivalent
2292,3502,weaker
2060,3933,incomparable
2182,890,stronger
3558,2604,stronger
337,576,stronger
1722,4288,incomparable
3561,808,stronger
417,2033,stronger
2048,2768,stronger
3407,341,equivalent
38,1448,incomparable
709,3373,incomparable
3142,1578,stronger
4685,1712,stronger
370,3907,incomparable
1165,206,incomparable
991,53,weaker
2159,1064,weaker
2379,3282,weaker
2883,2815,stronger
4648,1830,stronger
3461,577,stronger
2910,3672,incomparable
2437,1008,equivalent
1898,2420,incomparable
4116,2723,stronger
3517,1640,incomparable
984,2265,weaker
1581,3652,incomparable
1805,916,weaker
805,1741,equivalent
2439,1993,weaker
1188,3199,stronger
4608,2781,stronger
3333,1681,incomparable
1686,443,weaker
2942,1301,incomparable
2551,1645,weaker
984,171,equivalent
3728,2210,stronger
2045,3005,stronger
209,3558,incomparable
118,1942,stronger
2062,3174,stronger
949,1870,incomparable
1876,3950,incomparable
3039,4617,incomparable
3383,4427,weaker
2712,4222,incomparable
1652,4242,incomparable
4209,39,stronger
2899,4048,incomparable
3253,2102,stronger
1660,161,incomparable
1307,797,stronger
1116,1229,weaker
1804,1603,weaker
3175,2411,equivalent
606,4133,weaker
568,3841,weaker
2934,4042,weaker
3035,4094,weaker
3904,342,stronger
1660,3544,incomparable
901,2738,stronger
770,3975,weaker
3705,132,stronger
48,3990,incomparable
3105,4274,incomparable
3120,2862,incomparable
1781,1969,equivalent
1910,1625,stronger
2567,434,incomparable
2484,2651,incomparable
204,1470,weaker
3062,4577,incomparable
3595,876,stronger
1242,4320,incomparable
4043,2729,stronger
4189,2554,incomparable
932,896,equivalent
3160,1887,weaker
4371,1282,stronger
3325,1954,stronger
3758,3499,incomparable
537,4504,incomparable
3512,60,stronger
1469,4484,incomparable
2295,96,equivalent
3520,1641,incomparable
1453,1507,incomparable
1584,2744,weaker
2031,989,weaker
3725,4490,incomparable
2128,4305,incomparable
2061,3083,incomparable
422,4150,incomparable
1420,54,incomparable
4262,184,stronger
715,4402,weaker
804,2939,weaker
2478,338,incomparable
3161,368,incomparable
3152,2534,incomparable
1209,4156,weaker
2291,3895,incomparable
3569,2822,stronger
4398,4367,incomparable
1759,2344,stronger
2927,3355,incomparable
4413,703,incomparable
2379,2961,equivalent
3447,4522,weaker
4469,4018,incomparable
448,1964,incomparable
4269,2644,incomparable
392,4284,weaker
4637,1350,stronger
1736,1579,equivalent
2291,1801,incomparable
2107,3966,incomparable
1107,65,weaker
4674,1417,stronger
171,2595,equivalent
2490,698,incomparable
1492,2350,stronger
991,4054,weaker
4458,72,incomparable
3828,2120,stronger
1087,4516,weaker
227,3658,weaker
2744,1554,stronger
3537,1190,stronger
180,1368,weaker
1689,420,weaker
1915,3392,weaker
4107,2474,incomparable
2235,1118,equivalent
3893,1956,stronger
1465,4095,incomparable
1763,1308,stronger
4507,3347,stronger
895,2252,incomparable
3789,852,incomparable
3771,3464,weaker
1164,1888,weaker
3960,4117,weaker
152,1390,stronger
971,2247,weaker
4375,3578,incomparable
4125,3403,stronger
424,3017,stronger
2062,759,incomparable
391,625,incomparable
167,917,incomparable
12,4012,incomparable
3202,1442,weaker
4148,1320,incomparable
2171,702,equivalent
216,3253,weaker
1269,2062,weaker
2260,3403,incomparable
1432,3746,incomparable
1298,548,equivalent
4431,3860,stronger
1747,374,weaker
537,3833,incomparable
4334,3927,incomparable
4664,1587,incomparable
505,4295,weaker
1515,2468,incomparable
1164,733,equivalent
4273,1207,incomparable
916,1385,stronger
3858,965,stronger
3593,1448,incomparable
2865,2961,stronger
515,287,equivalent
59,44,incomparable
1435,1950,stronger
50,4654,incomparable
4553,3476,incomparable
858,626,incomparable
2854,2048,equivalent
2446,2977,stronger
3626,807,stronger
3951,375,incomparable
3667,616,incomparable
155,3135,stronger
3276,2680,incomparable
695,2325,stronger
2221,3798,weaker
2830,873,weaker
3747,2265,incomparable
423,2391,stronger
4657,2486,stronger
3836,1556,incomparable
4307,4359,incomparable
389,2026,stronger
3639,3671,incomparable
915,1318,weaker
946,631,weaker
1536,3880,weaker
3998,571,incomparable
4328,4647,incomparable
3048,3203,equivalent
1198,1606,equivalent
133,1282,equivalent
243,1642,weaker
2414,1345,equivalent
3116,3337,incomparable
3852,1685,incomparable
4048,3317,weaker
3227,1633,incomparable
85,3685,weaker
1241,3373,incomparable
2373,2475,incomparable
2061,668,stronger
1407,2130,weaker
3683,1849,incomparable
161,3680,incomparable
1365,4348,weaker
2552,3157,stronger
1375,340,weaker
537,3967,incomparable
182,1524,stronger
2272,4271,weaker
2573,3445,incomparable
598,4620,incomparable
1482,2654,incomparable
3249,52,weaker
1050,3963,incomparable
4372,3764,stronger
781,3546,weaker
3759,2783,stronger
3300,17,stronger
4354,4124,incomparable
2141,2475,weaker
307,1411,stronger
2676,3573,incomparable
3204,3692,weaker
3534,1352,stronger
1674,1319,stronger
2116,1664,incomparable
1008,1458,weaker
3117,4447,weaker
3869,3328,incomparable
2652,2398,incomparable
4137,864,incomparable
489,1802,stronger
152,719,incomparable
1740,3070,incomparable
649,1525,incomparable
1084,1453,weaker
4630,4180,stronger
4100,982,stronger
4352,1203,stronger
3712,2563,stronger
1902,2085,incomparable
883,2860,incomparable
3746,2147,stronger
2359,1772,weaker
3362,4436,weaker
1404,1808,equivalent
337,657,incomparable
3721,1336,incomparable
283,3804,incomparable
2401,2937,weaker
1251,4195,incomparable
3882,3913,stronger
3087,1198,stronger
4661,3651,stronger
2770,1491,incomparable
1734,407,weaker
2515,972,weaker
3196,3585,weaker
4689,2666,incomparable
4123,3975,stronger
1285,3964,incomparable
4048,3801,equivalent
3628,3215,stronger
4046,2974,stronger
1245,1155,incomparable
3296,2476,incomparable
1040,1689,stronger
1682,1156,stronger
3103,361,incomparable
40,262,incomparable
705,3096,weaker
3783,3503,weaker
156,3820,incomparable
1911,2147,equivalent
2281,926,incomparable
3628,182,incomparable
2843,2127,weaker
4011,886,stronger
1045,720,stronger
1492,2163,incomparable
2598,2296,weaker
4066,1347,stronger
2462,2435,stronger
2763,2363,equivalent
1782,2676,weaker
3072,3118,incomparable
1243,2398,incomparable
1181,1520,stronger
4147,1686,stronger
3188,4232,incomparable
1500,4683,weaker
335,3189,stronger
2413,1203,equivalent
4488,2918,stronger
694,89,stronger
2705,2543,weaker
396,432,incomparable
2292,684,weaker
342,3579,equivalent
2238,3831,incomparable
710,2285,weaker
3282,834,incomparable
801,1649,incomparable
3244,4514,weaker
352,325,weaker
1600,4483,weaker
203,4174,incomparable
1877,819,incomparable
2276,1090,incomparable
170,1782,stronger
4387,2462,incomparable
4657,71,stronger
109,3758,incomparable
3497,2893,incomparable
2991,1035,weaker
3555,619,incomparable
4415,1477,incomparable
1075,1070,incomparable
1725,4370,weaker
4108,14,incomparable
2795,342,incomparable
1766,2681,weaker
4682,2760,stronger
3145,1660,incomparable
3188,44,incomparable
3504,4222,stronger
4674,3808,stronger
1355,4278,incomparable
4046,75,incomparable
2230,3724,weaker
420,3246,stronger
4633,774,incomparable
2315,3273,weaker
3101,4182,incomparable
2164,1414,stronger
816,213,weaker
1528,1173,stronger
236,2378,equivalent
60,3842,incomparable
4482,1544,stronger
4356,1405,incomparable
1505,1189,equivalent
624,3426,incomparable
2816,2508,stronger
1730,1307,weaker
2850,1338,stronger
3367,3550,stronger
550,444,weaker
1885,2349,incomparable
190,4073,weaker
441,1440,weaker
4691,2822,stronger
3319,1035,incomparable
1080,4581,weaker
1324,3221,equivalent
2866,2221,stronger
1107,4684,weaker
3729,2596,incomparable
1407,1943,weaker
3704,2539,stronger
3783,2832,stronger
975,4006,weaker
3743,3433,stronger
2120,1061,weaker
2440,4449,weaker
2758,3038,equivalent
2345,1179,equivalent
3826,4599,weaker
2733,2981,stronger
3538,1688,stronger
3725,3766,stronger
989,90,equivalent
2797,3905,weaker
435,470,stronger
1410,3530,incomparable
768,4063,weaker
949,691,stronger
897,501,incomparable
1447,4351,incomparable
1428,4109,incomparable
2811,3022,equivalent
306,999,weaker
3981,164,incomparable
1857,3468,incomparable
1320,1543,incomparable
3230,1693,equivalent
3594,4599,weaker
2257,4341,incomparable
684,3776,incomparable
1200,2380,equivalent
2564,297,equivalent
3135,1806,weaker
3871,154,incomparable
4647,375,incomparable
2703,3115,weaker
4561,3075,incomparable
3076,2165,incomparable
129,3150,weaker
162,3098,incomparable
4145,164,stronger
3680,2279,incomparable
736,1872,weaker
1092,753,stronger
3351,1057,incomparable
873,4587,incomparable
2894,3033,stronger
984,4603,weaker
2405,3808,weaker
1151,1333,equivalent
442,3088,incomparable
70,1230,weaker
2706,538,stronger
3580,1294,stronger
1506,743,stronger
4011,3732,weaker
1368,3253,incomparable
1887,3818,incomparable
2577,1821,weaker
3680,185,stronger
708,4146,weaker
4539,3070,incomparable
1275,995,stronger
3952,1812,stronger
853,3746,weaker
3146,2880,weaker
940,4654,weaker
728,1765,equivalent
4038,2495,stronger
359,178,stronger
3088,431,stronger
3700,3439,stronger
1126,1811,weaker
4388,1561,incomparable
3543,3455,stronger
3075,1135,stronger
3565,3214,incomparable
1657,2201,stronger
3467,427,incomparable
4179,4605,incomparable
3093,4158,incomparable
4566,3553,incomparable
319,4162,incomparable
1518,4486,incomparable
2729,3881,weaker
3436,4497,incomparable
2657,2315,stronger
1196,1991,equivalent
2897,3465,weaker
2363,3531,weaker
2433,2018,equivalent
2505,1894,weaker
3656,1238,incomparable
1350,2808,weaker
1711,2033,equivalent
3893,427,incomparable
4632,3210,incomparable
1736,3783,weaker
3491,2110,stronger
3637,4379,weaker
3334,2126,incomparable
3695,1351,stronger
517,2992,weaker
66,841,incomparable
1645,4604,incomparable
1318,4209,weaker
2395,3604,weaker
3066,1557,stronger
810,1524,equivalent
2501,2310,weaker
2169,1571,incomparable
4559,4021,stronger
1765,175,equivalent
2262,981,incomparable
3943,3523,incomparable
4304,2748,stronger
1246,2993,stronger
1571,309,incomparable
3238,2953,equivalent
213,3870,incomparable
1656,4554,incomparable
2970,3138,equivalent
1975,4307,incomparable
1297,2931,weaker
669,2608,stronger
4567,3508,incomparable
451,436,weaker
3902,4057,stronger
4378,3986,stronger
3294,4174,stronger
4472,3621,incomparable
4606,4375,incomparable
1693,3281,weaker
1211,1063,weaker
895,268,incomparable
2741,4375,incomparable
3136,3184,weaker
748,780,stronger
3580,1912,incomparable
2439,4010,weaker
2164,3805,incomparable
3776,3544,incomparable
3640,2717,stronger
1313,3410,incomparable
4317,4622,incomparable
927,1654,weaker
4649,665,incomparable
977,1017,stronger
2928,3420,incomparable
2737,4606,incomparable
612,330,weaker
2852,392,incomparable
1916,2922,stronger
4693,4155,incomparable
1747,1423,equivalent
625,565,stronger
4138,3344,stronger
1959,525,equivalent
3112,4668,incomparable
2785,109,weaker
864,2244,incomparable
2760,1742,weaker
4363,429,incomparable
4014,275,stronger
2214,485,equivalent
2336,1414,equivalent
4337,3180,incomparable
3817,1424,stronger
2788,757,weaker
735,2773,stronger
4193,3401,weaker
373,3323,incomparable
2625,2456,weaker
1288,4642,incomparable
3652,44,equivalent
4429,3119,stronger
1626,3883,weaker
3766,331,weaker
3867,1137,incomparable
1628,3929,weaker
2784,1173,equivalent
4341,1959,stronger
3534,173,stronger
246,2208,stronger
359,2085,incomparable
2095,3580,weaker
2398,1137,incomparable
2107,3405,weaker
3528,1856,stronger
1867,3164,stronger
2118,2251,weaker
1275,808,stronger
2226,4036,weaker
3060,3673,incomparable
3290,4135,incomparable
1846,3226,stronger
1029,752,incomparable
291,1577,weaker
2310,1640,incomparable
801,4308,incomparable
2301,3806,incomparable
2619,705,equivalent
2847,532,incomparable
299,125,weaker
3953,2385,incomparable
2611,3473,weaker
1093,2615,equivalent
549,4437,incomparable
2109,3986,weaker
2995,3813,weaker
2016,1543,weaker
1608,28,incomparable
4414,501,incomparable
613,2917,weaker
1430,3139,incomparable
1447,2554,incomparable
523,4155,weaker
4320,4249,stronger
2425,1189,stronger
3719,2339,stronger
4245,4075,weaker
692,177,incomparable
4546,805,stronger
4620,1508,stronger
4028,3848,equivalent
2018,4248,weaker
329,3508,stronger
2779,4346,incomparable
2058,614,incomparable
4251,2550,incomparable
1099,3160,equivalent
3461,4151,stronger
4355,4593,incomparable
3777,415,incomparable
1053,4478,incomparable
4083,3905,incomparable
4269,123,stronger
1650,38,incomparable
533,3688,weaker
2429,3186,equivalent
3537,4146,incomparable
2253,2960,stronger
21,3513,weaker
4534,3023,stronger
263,3046,stronger
638,2169,incomparable
3057,476,incomparable
3974,1868,incomparable
4227,4034,equivalent
4170,3500,weaker
3576,2761,incomparable
4124,1812,stronger
700,14,weaker
578,3057,weaker
958,2524,equivalent
1054,2986,stronger
3435,4219,equivalent
2041,3427,incomparable
4334,2561,stronger
198,557,stronger
4303,996,stronger
1617,3099,weaker
3155,2889,incomparable
980,3976,weaker
3463,790,stronger
4089,3696,incomparable
142,2877,incomparable
2201,4059,weaker
1654,1446,incomparable
4130,287,stronger
4534,1868,incomparable
1129,1066,incomparable
2555,615,weaker
2006,1339,equivalent
741,2647,weaker
1539,2627,stronger
1030,306,stronger
1303,3848,incomparable
4431,400,stronger
3295,3808,stronger
3655,1899,stronger
1406,3037,equivalent
4305,1981,stronger
1676,646,incomparable
4692,175,stronger
2550,1210,stronger
4071,4029,stronger
2508,3428,weaker
1333,1246,weaker
1460,2519,incomparable
2621,3305,weaker
4080,2802,stronger
4522,703,incomparable
3964,375,incomparable
796,2704,stronger
555,3581,weaker
1410,4095,incomparable
2587,4660,weaker
4180,939,stronger
1678,877,stronger
3283,2643,stronger
3758,3690,incomparable
4133,2813,stronger
215,4644,incomparable
2278,872,incomparable
2467,3777,incomparable
194,1323,incomparable
4101,3275,incomparable
775,322,incomparable
551,3812,weaker
3820,1535,incomparable
1380,661,weaker
1476,369,incomparable
879,2365,stronger
2838,2377,equivalent
3834,652,incomparable
1091,3941,weaker
3685,2249,incomparable
113,4525,incomparable
4230,4035,equivalent
2279,1632,weaker
3700,837,incomparable
3025,3142,weaker
2877,800,stronger
3720,2243,incomparable
337,446,incomparable
2753,2454,incomparable
1526,82,incomparable
2758,2798,equivalent
1013,3469,weaker
4299,607,stronger
3160,334,weaker
1503,3104,equivalent
405,2832,stronger
3776,2552,incomparable
1754,471,equivalent
3199,4234,weaker
4312,2532,stronger
1826,3757,incomparable
3684,2963,stronger
351,3535,incomparable
1638,4460,incomparable
1170,2140,weaker
4435,653,incomparable
2477,277,stronger
1080,2597,equivalent
3530,3435,stronger
3720,3532,weaker
2739,3845,incomparable
1115,2591,stronger
1564,1663,incomparable
4365,4236,stronger
3697,3548,incomparable
4383,89,stronger
840,4049,incomparable
2523,4220,weaker
1329,4240,weaker
3689,4596,incomparable
2264,4491,incomparable
151,4204,incomparable
2740,1976,equivalent
2497,2218,stronger
2280,4435,incomparable
2984,2336,equivalent
3562,98,stronger
329,2032,stronger
542,3079,weaker
3503,2901,stronger
3164,3435,weaker
3293,3091,incomparable
3375,1403,stronger
4312,1727,stronger
2287,129,stronger
926,975,stronger
3770,4184,stronger
1853,3055,incomparable
4040,1793,incomparable
4659,3528,incomparable
827,215,incomparable
161,354,incomparable
1671,4512,incomparable
2404,4097,weaker
1347,2136,equivalent
843,159,incomparable
808,1104,weaker
3696,3831,stronger
916,637,incomparable
1591,1715,equivalent
3535,3913,incomparable
677,1560,incomparable
842,3317,incomparable
1544,1145,equivalent
4066,4303,incomparable
1146,4482,incomparable
2411,730,equivalent
3823,4545,incomparable
3859,38,weaker
1039,2141,stronger
4117,2548,stronger
1488,1213,stronger
3983,104,incomparable
4256,3646,equivalent
1431,4651,incomparable
1591,2654,weaker
560,1160,equivalent
501,3963,incomparable
2423,3184,weaker
1559,864,weaker
2173,2255,incomparable
2825,720,equivalent
3668,2163,incomparable
1288,3784,incomparable
3334,597,stronger
1207,2664,incomparable
1260,1736,stronger
305,4024,weaker
346,1581,incomparable
3023,1644,weaker
4447,4530,stronger
2479,3466,weaker
481,2937,incomparable
188,3624,weaker
3266,813,stronger
818,987,stronger
1472,3497,incomparable
2628,3939,weaker
3753,3560,equivalent
2215,1326,equivalent
642,761,stronger
1358,4149,incomparable
1244,3081,incomparable
2903,1700,stronger
1820,4180,weaker
1796,3594,weaker
5,3358,incomparable
2195,4057,incomparable
2764,3985,weaker
3199,3913,weaker
43,617,incomparable
2321,382,weaker
1168,4375,weaker
1034,1931,incomparable
211,3584,incomparable
1388,4149,weaker
2403,2666,weaker
45,4046,stronger
523,2358,equivalent
1507,808,stronger
2663,4468,incomparable
741,3749,weaker
2768,320,weaker
1443,823,incomparable
3564,3637,equivalent
1767,3364,incomparable
3458,4150,incomparable
1961,1917,equivalent
1324,2794,equivalent
419,4637,incomparable
2112,2086,weaker
2559,331,weaker
3476,2477,incomparable
4243,2390,stronger
55,4360,incomparable
2273,4663,incomparable
994,2101,incomparable
555,4683,weaker
2976,619,weaker
1343,3975,weaker
2819,2887,weaker
3146,1030,weaker
2884,1784,incomparable
346,2065,incomparable
4291,2811,stronger
4549,1349,incomparable
230,1890,weaker
1412,2799,weaker
2515,1163,weaker
2184,1558,weaker
2423,1574,equivalent
3538,1261,incomparable
1547,4155,weaker
2859,4356,incomparable
3769,4577,incomparable
2327,4495,incomparable
3602,2185,stronger
2991,2031,equivalent
4601,4141,stronger
4200,3043,stronger
4368,2627,stronger
2362,4489,weaker
3938,1353,incomparable
875,2944,incomparable
3332,1543,incomparable
3399,2765,incomparable
3746,4566,incomparable
3794,3294,incomparable
3756,558,incomparable
3766,1246,incomparable
3136,850,weaker
3535,559,stronger
1193,3226,equivalent
2666,2621,stronger
1205,2297,equivalent
4620,2289,incomparable
1581,4274,incomparable
1325,147,stronger
251,1023,weaker
2047,3515,weaker
1402,367,weaker
4079,430,incomparable
4516,1185,stronger
2403,3150,weaker
1594,537,incomparable
4106,3007,incomparable
1530,2996,equivalent
2640,2339,equivalent
3770,3058,incomparable
2065,4094,incomparable
3966,3936,weaker
742,1260,weaker
4502,4670,incomparable
2267,2508,stronger
378,1737,stronger
2284,1923,stronger
3695,440,incomparable
498,2031,equivalent
2972,45,weaker
4131,970,stronger
4554,1827,stronger
3272,2966,stronger
2840,3309,weaker
321,3832,incomparable
1711,1472,weaker
887,4243,incomparable
1809,317,weaker
3519,3597,stronger
1330,1780,weaker
3976,3284,incomparable
1708,1174,equivalent
1598,3288,incomparable
1899,2462,weaker
1830,4577,weaker
2153,3510,weaker
1602,3407,weaker
1997,3936,weaker
307,342,stronger
3541,1262,incomparable
1202,440,incomparable
3743,3840,stronger
4015,2084,incomparable
3015,2909,weaker
3178,4593,weaker
1191,281,weaker
246,3257,incomparable
3558,1616,stronger
290,4495,incomparable
1410,4526,incomparable
49,2154,stronger
1095,3202,equivalent
2103,2992,incomparable
872,3130,stronger
4284,3413,stronger
149,291,equivalent
2704,3397,weaker
2461,3639,incomparable
4221,2310,incomparable
3832,1037,incomparable
4515,4477,incomparable
2918,3326,weaker
2856,2448,incomparable
2276,3859,incomparable
3227,4081,incomparable
221,2796,stronger
285,2057,weaker
4037,3132,stronger
2172,2755,weaker
2996,1704,equivalent
3825,3249,stronger
3567,2459,incomparable
4150,565,stronger
2813,2751,equivalent
3809,272,stronger
2520,1186,equivalent
885,3715,incomparable
3932,2557,stronger
652,2201,stronger
3866,4189,stronger
1302,4003,weaker
1364,2437,equivalent
333,4141,incomparable
1539,3192,stronger
1220,2658,weaker
2089,3070,incomparable
2108,3120,weaker
1719,1847,incomparable
3862,1976,stronger
3402,3681,weaker
3954,4194,stronger
3171,3748,incomparable
4673,3881,incomparable
4437,2850,incomparable
1734,1566,stronger
4168,2433,stronger
4011,1695,incomparable
2333,3588,incomparable
1309,4019,weaker
4678,2912,incomparable
435,1011,stronger
2506,3516,incomparable
4514,37,stronger
2819,1761,weaker
4574,4252,stronger
2050,267,stronger
4400,689,stronger
1279,2864,incomparable
4384,4128,incomparable
251,4085,weaker
2603,2136,equivalent
3332,67,stronger
1656,2033,stronger
2427,1910,weaker
250,2170,incomparable
716,657,incomparable
2951,375,weaker
4289,4241,stronger
2474,2665,incomparable
3979,817,incomparable
4610,4067,incomparable
653,308,incomparable
3005,3055,weaker
1365,4486,weaker
1126,2218,equivalent
3593,3225,stronger
1821,1319,stronger
4149,1228,incomparable
1964,3317,incomparable
272,2868,weaker
1533,4070,weaker
4446,2912,incomparable
3675,3789,stronger
3536,247,stronger
2918,1366,weaker
2978,1417,equivalent
891,2351,weaker
4191,1639,incomparable
3124,3686,weaker
2246,3188,stronger
2277,2501,stronger
732,1540,equivalent
4450,1341,stronger
74,1540,equivalent
2328,1500,stronger
2616,3877,weaker
2940,2064,incomparable
3654,1407,stronger
3220,4333,weaker
3036,2526,equivalent
2017,857,weaker
1788,997,equivalent
4269,3400,stronger
1490,1340,weaker
2111,3902,incomparable
2708,1906,equivalent
4124,767,stronger
1354,4677,weaker
740,88,stronger
2811,3347,weaker
1381,2336,equivalent
4371,644,incomparable
2927,489,incomparable
1124,990,equivalent
1406,4086,weaker
3264,3292,incomparable
1358,2352,stronger
2070,868,stronger
159,1247,incomparable
4206,18,stronger
4412,2338,incomparable
4635,1629,incomparable
1758,2444,weaker
2236,756,equivalent
2800,2784,equivalent
3072,1028,incomparable
823,1412,stronger
4402,3498,incomparable
3943,1486,incomparable
2470,2091,incomparable
2442,4015,incomparable
64,47,weaker
1552,4446,incomparable
1175,4688,incomparable
8,2367,stronger
2653,1983,incomparable
2253,4493,incomparable
3629,2235,stronger
2655,2029,incomparable
2803,1927,weaker
4313,2867,incomparable
1202,3286,incomparable
1723,4678,weaker
422,2357,stronger
3631,4001,weaker
2351,2557,stronger
1924,238,incomparable
446,499,stronger
2834,459,weaker
4100,2759,stronger
3252,972,weaker
1173,1767,weaker
405,3881,weaker
3495,4113,incomparable
3421,1158,incomparable
1067,4000,incomparable
2321,813,equivalent
1679,1346,stronger
3420,3939,weaker
2492,4078,weaker
4519,649,incomparable
2910,4591,incomparable
237,2203,weaker
3396,4484,weaker
457,4421,incomparable
593,1084,stronger
2334,3677,weaker
3798,1266,incomparable
489,2424,stronger
3720,4581,incomparable
4095,3704,incomparable
950,1321,equivalent
3074,3652,incomparable
2606,1332,weaker
2317,1229,weaker
1391,4447,incomparable
6,2455,weaker
665,2091,incomparable
2450,1758,stronger
1730,2600,equivalent
3108,1169,stronger
3037,2457,weaker
363,1911,stronger
4236,2781,stronger
239,4319,weaker
2624,598,weaker
1108,567,equivalent
579,223,stronger
4037,851,incomparable
1415,495,weaker
943,1439,incomparable
3219,1158,weaker
3298,1451,incomparable
1276,3534,incomparable
1591,2414,equivalent
2986,398,weaker
245,2040,weaker
1988,1296,equivalent
86,1229,incomparable
4403,3833,stronger
2863,3216,stronger
447,1208,stronger
2914,1461,weaker
1854,2235,stronger
267,3492,incomparable
2132,1425,stronger
649,1342,stronger
2775,2056,weaker
2895,2350,stronger
4101,3653,stronger
1188,3313,incomparable
1165,1609,stronger
3130,712,stronger
817,4309,incomparable
1032,2019,incomparable
1142,1625,equivalent
1661,2190,incomparable
1637,1604,stronger
949,1984,stronger
2855,2170,incomparable
3748,2976,stronger
386,2810,stronger
3987,1272,incomparable
475,4545,weaker
281,1296,stronger
2691,1015,stronger
3140,3093,incomparable
1223,1964,incomparable
1218,1620,equivalent
655,2446,incomparable
1575,4109,weaker
1286,4006,incomparable
4118,1728,incomparable
577,1065,weaker
1891,3591,weaker
664,1219,stronger
1392,460,weaker
4246,4357,weaker
817,2215,stronger
4306,4408,incomparable
808,409,weaker
2919,4033,incomparable
2394,3653,weaker
3911,2566,stronger
1330,2211,equivalent
2013,2241,weaker
750,4376,weaker
2037,383,incomparable
3115,2632,stronger
3557,1287,stronger
289,4166,weaker
1400,2391,stronger
3404,3674,incomparable
140,4043,weaker
3571,404,equivalent
3012,2884,weaker
3870,2915,stronger
1425,4141,weaker
4028,4255,equivalent
616,1528,incomparable
2403,2776,weaker
2826,2879,incomparable
4128,2392,stronger
3328,1585,stronger
1748,4013,weaker
1746,3186,stronger
1918,4424,weaker
3131,482,stronger
1362,2257,weaker
2133,2134,weaker
3115,3921,incomparable
340,1071,incomparable
166,3170,stronger
964,3150,incomparable
4133,3675,incomparable
3774,3742,weaker
1928,3607,weaker
997,65,weaker
1628,3315,weaker
1299,2093,incomparable
2123,1042,weaker
3243,1073,weaker
4346,1689,stronger
1887,3017,stronger
3826,899,stronger
3215,2997,equivalent
3490,950,stronger
3896,2392,stronger
3696,3270,incomparable
360,2073,incomparable
293,851,weaker
3008,1206,stronger
2457,3547,incomparable
3911,2700,incomparable
4190,2115,incomparable
3042,36,equivalent
4069,4040,incomparable
4530,1217,incomparable
536,3238,equivalent
2074,3782,incomparable
1630,2048,incomparable
2130,2371,stronger
2703,3953,weaker
3809,4086,weaker
4265,2639,stronger
439,2524,stronger
398,271,incomparable
1922,4327,incomparable
673,2196,weaker
4654,879,incomparable
2235,3326,weaker
32,1611,equivalent
4244,2701,stronger
3063,4646,incomparable
4672,704,incomparable
4410,1458,incomparable
4520,1064,incomparable
1211,2222,weaker
2424,2444,weaker
1760,3218,weaker
168,4131,incomparable
3635,149,stronger
4457,715,stronger
272,4454,weaker
599,153,weaker
2001,3280,weaker
3823,2829,stronger
3876,4153,incomparable
2883,3897,incomparable
3012,4307,weaker
4004,4338,weaker
3820,2531,incomparable
3236,2480,weaker
2727,159,weaker
777,3808,weaker
4125,134,incomparable
2824,1223,weaker
2388,4076,weaker
1151,1016,equivalent
2049,2166,stronger
3771,545,incomparable
2608,3850,weaker
3026,391,weaker
1405,2064,incomparable
741,2838,equivalent
1727,2115,weaker
882,4009,incomparable
1852,1063,incomparable
1131,549,incomparable
2213,288,equivalent
3216,3706,weaker
198,1098,incomparable
1617,3640,weaker
2245,765,incomparable
2255,1453,weaker
911,2468,weaker
1121,3244,equivalent
3390,4236,equivalent
3736,2429,stronger
1716,421,weaker
618,903,stronger
2080,4081,incomparable
2388,1982,equivalent
4649,669,incomparable
1180,3824,incomparable
1784,555,stronger
3986,325,weaker
2983,879,weaker
450,2258,incomparable
1969,1998,equivalent
2659,755,stronger
3340,3368,stronger
2466,360,incomparable
1390,601,equivalent
3167,407,incomparable
1935,4107,weaker
732,2321,equivalent
1255,4348,incomparable
4579,1778,stronger
2058,2228,stronger
1705,612,stronger
2033,3861,weaker
758,509,equivalent
3910,1619,stronger
4006,1327,stronger
3342,2101,incomparable
207,406,incomparable
4388,2183,stronger
1489,3239,stronger
4637,2887,incomparable
3374,104,incomparable
1022,3773,incomparable
27,2690,incomparable
1438,1207,incomparable
4459,1834,incomparable
3724,1614,stronger
4295,2369,stronger
1174,1134,equivalent
4011,2610,stronger
1194,4230,weaker
3453,4534,weaker
3676,1573,incomparable
3617,212,incomparable
1831,320,weaker
1533,663,weaker
3448,1157,stronger
2641,3343,weaker
3699,2496,incomparable
691,576,equivalent
1355,3774,incomparable
524,1402,stronger
3201,1465,incomparable
334,3722,weaker
2215,2188,equivalent
4276,33,stronger
1473,1551,stronger
1848,674,stronger
2328,2065,incomparable
220,4374,weaker
69,1761,weaker
2655,2460,incomparable
4494,1424,stronger
59,2736,incomparable
3323,115,incomparable
1124,616,weaker
1566,961,equivalent
3343,3211,incomparable
1072,2146,incomparable
445,1459,weaker
3179,2056,weaker
2599,3467,weaker
2571,1419,stronger
1929,1952,stronger
246,3501,incomparable
2240,4288,incomparable
989,1330,stronger
3432,3441,weaker
4509,2836,incomparable
4514,3180,incomparable
710,1915,equivalent
4036,172,incomparable
522,1864,incomparable
3080,4679,incomparable
3488,4504,incomparable
1729,551,stronger
3477,1871,incomparable
3528,116,stronger
2069,4591,incomparable
2034,4570,weaker
382,4678,incomparable
4355,3308,incomparable
4193,506,incomparable
1266,3678,incomparable
4057,1399,stronger
3785,3155,incomparable
1730,2092,equivalent
491,4621,incomparable
2158,849,weaker
4381,1496,incomparable
4517,2323,stronger
4661,3765,incomparable
4611,1958,incomparable
1789,2672,incomparable
626,1813,stronger
1168,110,weaker
3812,4197,weaker
1472,521,stronger
4266,1923,stronger
1587,1033,incomparable
1093,3908,weaker
2562,2595,stronger
4201,747,stronger
1871,4175,incomparable
4142,3550,stronger
4300,4136,incomparable
740,3231,stronger
3503,1348,stronger
4375,1277,stronger
755,2573,weaker
3499,3858,stronger
3418,486,stronger
2917,2944,equivalent
2628,2841,equivalent
2244,1158,incomparable
134,3394,incomparable
2353,3545,weaker
4493,2437,stronger
1872,2683,incomparable
17,2994,weaker
757,1306,stronger
3186,3519,weaker
1605,649,weaker
3473,543,incomparable
3953,1934,incomparable
3165,198,weaker
1179,1938,equivalent
4658,3443,stronger
2431,3586,weaker
2161,3725,incomparable
3448,486,stronger
2429,4479,weaker
388,2348,stronger
3528,3633,stronger
3234,3186,equivalent
3578,3750,stronger
2093,3032,stronger
2793,1723,equivalent
1852,3909,incomparable
4283,533,stronger
4188,3679,weaker
3560,4110,weaker
1681,4027,incomparable
1958,2615,stronger
3355,4644,incomparable
3995,4038,equivalent
1784,2462,incomparable
1479,1826,incomparable
4001,820,incomparable
2719,2713,equivalent
3598,3813,equivalent
3880,2745,stronger
834,2061,incomparable
980,4330,weaker
1214,2282,weaker
3346,4531,incomparable
1033,958,stronger
1050,373,incomparable
4455,1929,incomparable
2679,281,incomparable
1820,2277,weaker
1732,178,equivalent
1704,4546,weaker
2926,158,weaker
1164,660,weaker
2862,2617,stronger
1967,984,stronger
3421,4301,weaker
1721,2271,incomparable
2655,3078,incomparable
4313,3916,incomparable
600,2015,equivalent
2568,3833,weaker
894,18,equivalent
4595,4568,stronger
2265,1580,stronger
4238,1298,stronger
1199,65,weaker
1796,2041,weaker
1385,1009,weaker
786,2370,incomparable
767,2128,weaker
1137,907,incomparable
2087,527,stronger
3513,1796,stronger
2637,405,weaker
4285,2807,stronger
2151,1451,weaker
809,3293,weaker
2144,4444,incomparable
537,2605,incomparable
2498,1000,equivalent
4333,2474,incomparable
4228,960,incomparable
4116,4691,incomparable
671,2016,equivalent
4403,1715,stronger
1559,2478,weaker
3257,271,incomparable
4592,2176,stronger
2840,3366,weaker
1586,891,stronger
674,4007,weaker
2915,507,stronger
1137,2196,incomparable
1699,3397,incomparable
2673,1913,incomparable
469,1508,stronger
4340,1551,stronger
386,3725,weaker
3822,4594,weaker
4412,1427,incomparable
57,2503,incomparable
2660,2617,stronger
3405,1273,incomparable
1913,1636,incomparable
2128,2756,stronger
545,1503,stronger
4385,2233,stronger
1794,1190,equivalent
629,450,incomparable
3569,3367,weaker
2325,1580,equivalent
231,589,stronger
2796,411,weaker
494,4197,weaker
1373,1133,weaker
2092,66,weaker
1674,307,weaker
3088,2505,stronger
1978,718,equivalent
3307,334,stronger
2148,4512,incomparable
1413,2602,weaker
2528,1535,weaker
1975,3803,incomparable
514,3479,weaker
966,4542,weaker
3519,2849,incomparable
1709,2371,stronger
4240,165,incomparable
2088,4619,incomparable
4371,2311,stronger
3679,3481,incomparable
4176,1843,incomparable
141,2335,weaker
2254,1124,stronger
4652,1772,incomparable
1438,1504,incomparable
2509,2582,stronger
878,349,weaker
2963,2752,equivalent
3448,4487,weaker
1352,3423,weaker
3103,288,stronger
918,687,equivalent
3108,2352,stronger
1074,4610,weaker
3147,2280,incomparable
191,2802,equivalent
540,4676,weaker
987,3675,weaker
3295,1397,stronger
1122,867,incomparable
853,3860,incomparable
880,3963,incomparable
3898,2629,stronger
1088,4666,weaker
3612,4487,incomparable
68,143,stronger
234,1344,weaker
3467,3574,stronger
2646,1890,incomparable
1780,463,incomparable
4421,1623,incomparable
446,2166,stronger
1712,4466,weaker
962,3214,incomparable
1937,4584,weaker
3695,176,incomparable
4509,689,stronger
4588,982,stronger
2506,4512,incomparable
1451,3378,incomparable
3438,2240,incomparable
1898,1623,incomparable
3818,2461,incomparable
3315,4092,incomparable
1775,2721,equivalent
1680,3615,incomparable
1952,1859,weaker
2817,3061,weaker
3536,2748,stronger
4188,459,incomparable
365,3116,incomparable
2182,2321,stronger
1767,2079,incomparable
3336,1182,stronger
1677,3317,weaker
3294,4154,incomparable
2743,4051,incomparable
3316,1469,incomparable
2571,561,stronger
2695,3071,incomparable
129,1304,weaker
4065,244,stronger
3175,675,equivalent
3655,2066,incomparable
3323,3579,stronger
1695,863,incomparable
3751,2528,stronger
2116,4303,incomparable
2899,3251,stronger
1615,345,weaker
4428,1235,incomparable
4132,3159,incomparable
3927,3693,incomparable
1771,858,weaker
3987,3744,weaker
4527,1214,stronger
2399,2147,stronger
4305,3087,incomparable
4680,2210,stronger
1433,1802,stronger
2804,3364,incomparable
3922,316,incomparable
4455,3031,stronger
3643,901,incomparable
3054,506,incomparable
2059,1675,incomparable
1233,2121,stronger
2074,2737,incomparable
1807,2393,weaker
203,4235,incomparable
3059,1789,incomparable
3716,598,incomparable
2068,2168,stronger
2859,3421,incomparable
4046,4674,weaker
4251,1696,stronger
2301,4591,incomparable
3089,3883,incomparable
4507,1127,stronger
3352,321,incomparable
2156,3678,incomparable
2271,4190,incomparable
2899,1507,incomparable
1834,1183,stronger
4356,177,incomparable
786,1028,incomparable
517,2301,weaker
2437,695,weaker
643,4103,incomparable
669,3072,incomparable
349,3656,equivalent
1362,1346,equivalent
2635,1619,equivalent
4508,4331,incomparable
1683,1926,equivalent
2834,516,weaker
1657,705,stronger
685,2824,equivalent
4062,80,stronger
2319,824,incomparable
1472,4335,incomparable
2198,2749,weaker
658,2132,incomparable
3281,2898,incomparable
3095,264,incomparable
693,2126,weaker
772,2419,equivalent
2145,644,weaker
3776,625,incomparable
3903,2652,incomparable
2943,4596,weaker
2093,2174,stronger
2960,4011,incomparable
1433,1347,stronger
1612,3564,weaker
494,1916,weaker
2216,295,equivalent
1989,1070,weaker
4523,1579,stronger
3250,2272,weaker
246,94,incomparable
3782,2133,stronger
2845,4438,weaker
584,89,equivalent
197,2861,weaker
3015,3129,stronger
1759,3991,incomparable
1878,1239,incomparable
150,3015,weaker
3309,2852,incomparable
1425,2425,weaker
1304,4350,incomparable
2809,1748,equivalent
4003,1728,incomparable
4250,4049,equivalent
1227,3349,incomparable
3445,2898,incomparable
1909,3154,equivalent
421,2727,stronger
1324,4221,weaker
1663,1435,incomparable
1322,1142,stronger
864,264,incomparable
3393,1395,incomparable
4396,841,incomparable
2410,1635,incomparable
271,2379,stronger
4643,718,stronger
3361,2611,stronger
2186,429,incomparable
2535,583,weaker
1385,2595,equivalent
2364,701,stronger
2622,3211,weaker
115,3559,incomparable
1794,4520,weaker
4003,3017,stronger
2685,1281,incomparable
1897,3709,incomparable
3624,2432,stronger
1475,44,incomparable
201,4242,weaker
2660,470,stronger
3649,4182,incomparable
3317,2689,stronger
1380,3190,equivalent
542,2091,weaker
794,2312,equivalent
202,2400,equivalent
3249,4248,weaker
4021,3007,incomparable
1242,1913,incomparable
4018,1955,stronger
2067,306,stronger
565,4145,weaker
2105,598,incomparable
926,3370,incomparable
4087,2314,incomparable
3603,3433,equivalent
3794,749,incomparable
3995,2725,incomparable
132,4263,weaker
4160,2038,incomparable
3251,2981,weaker
1685,389,incomparable
2786,178,equivalent
2402,3413,incomparable
418,870,incomparable
2959,4270,weaker
2200,1774,weaker
1883,2067,incomparable
653,178,stronger
3860,995,stronger
4334,97,stronger
2644,2165,incomparable
3349,3674,incomparable
216,362,incomparable
1606,4418,weaker
601,927,equivalent
3619,1283,stronger
2982,2160,stronger
2421,3813,weaker
4317,4065,incomparable
3388,4568,incomparable
1106,3314,weaker
774,2575,stronger
1938,2124,weaker
1427,3140,incomparable
3951,2961,stronger
1217,112,incomparable
3937,811,incomparable
4169,2100,incomparable
3775,2735,stronger
4630,3249,stronger
3391,1806,incomparable
2345,1724,weaker
543,1107,stronger
142,763,stronger
1861,3597,incomparable
2487,87,stronger
4691,4656,weaker
4018,1150,incomparable
3027,1529,equivalent
147,2827,equivalent
1062,3392,incomparable
594,1826,weaker
2156,2202,stronger
3252,1647,weaker
1149,4300,weaker
2185,688,equivalent
2276,3058,weaker
4227,765,incomparable
3478,647,incomparable
3211,1057,incomparable
4190,3327,weaker
513,4089,incomparable
585,3211,weaker
1557,338,weaker
991,1647,weaker
3035,77,equivalent
2680,4050,incomparable
2193,2242,weaker
517,4208,weaker
747,4670,weaker
1555,4614,weaker
813,3977,weaker
3270,2576,incomparable
1398,466,weaker
3646,4553,weaker
4608,992,stronger
1858,3834,incomparable
2875,734,stronger
2226,2540,weaker
803,256,weaker
560,2750,equivalent
947,1698,stronger
3942,350,stronger
2600,2192,equivalent
4676,345,stronger
417,1883,incomparable
790,1899,equivalent
750,1534,equivalent
344,92,stronger
2933,4472,weaker
2324,981,weaker
4382,3281,incomparable
3962,2695,incomparable
930,189,stronger
3681,201,stronger
451,1652,weaker
3271,2023,stronger
2111,873,incomparable
743,3746,weaker
2472,852,incomparable
4275,4323,stronger
1417,2936,weaker
1312,1422,stronger
2912,2090,incomparable
1535,3157,stronger
4372,1223,incomparable
4436,484,stronger
81,1560,weaker
1466,1108,stronger
1581,1058,incomparable
3818,1603,incomparable
1364,3275,weaker
4301,2511,incomparable
172,1678,incomparable
3964,1428,incomparable
1720,2156,weaker
3329,2378,stronger
1335,2345,equivalent
3120,4456,incomparable
2692,4009,incomparable
3354,2408,stronger
3039,1084,stronger
4059,3917,weaker
2772,740,weaker
365,2258,incomparable
1514,3219,equivalent
506,4183,weaker
4368,4672,incomparable
1154,432,weaker
4328,1301,incomparable
4109,2691,incomparable
1781,4502,weaker
532,2371,stronger
828,1201,stronger
3357,612,stronger
3885,731,incomparable
2118,889,weaker
989,2058,incomparable
2042,113,stronger
3449,3584,equivalent
118,287,stronger
4610,1172,stronger
250,2658,incomparable
4171,4508,incomparable
1817,934,weaker
2228,468,equivalent
528,1848,incomparable
4010,618,incomparable
4338,3867,incomparable
2891,4195,incomparable
659,3994,incomparable
2853,1459,incomparable
2610,3953,weaker
3613,4365,weaker
1464,257,incomparable
3979,4688,incomparable
2439,4071,weaker
2095,3507,weaker
4070,4052,stronger
1367,324,weaker
4403,3703,incomparable
5,4143,incomparable
1786,3691,weaker
855,149,stronger
1397,2418,equivalent
2460,1915,stronger
3705,4304,incomparable
2129,4030,weaker
1991,124,weaker
296,1848,weaker
4324,377,incomparable
24,1160,stronger
1159,3943,weaker
3346,2681,incomparable
787,2085,weaker
1561,1479,weaker
3486,217,incomparable
3990,2194,stronger
911,3814,weaker
4275,2363,stronger
875,1151,stronger
348,2388,stronger
413,2783,stronger
205,390,incomparable
4319,3601,incomparable
1478,663,incomparable
1109,2486,incomparable
1424,1366,weaker
1823,1829,equivalent
758,1505,equivalent
696,627,weaker
3283,4180,stronger
4226,377,incomparable
3020,3046,equivalent
1435,966,stronger
3441,3076,incomparable
2135,3821,incomparable
3690,3780,stronger
2821,1116,stronger
2122,1115,weaker
2558,1645,incomparable
354,1048,incomparable
2776,3036,stronger
596,3779,weaker
4615,2000,incomparable
4161,4304,weaker
298,1870,incomparable
1559,3072,weaker
3319,1743,stronger
2347,4616,incomparable
1595,2537,equivalent
3291,3667,incomparable
1765,2948,equivalent
440,4205,incomparable
479,3379,incomparable
955,864,weaker
3367,2164,incomparable
1101,689,stronger
779,638,weaker
3420,1044,incomparable
610,3835,weaker
1988,1650,weaker
3335,2626,stronger
1431,1732,stronger
223,3574,weaker
2487,4222,incomparable
374,3743,equivalent
3777,4664,incomparable
1473,2897,incomparable
1349,1141,equivalent
4126,2374,stronger
721,818,weaker
566,3913,incomparable
244,3862,weaker
2424,675,equivalent
856,4426,incomparable
3586,4315,weaker
532,2050,incomparable
1798,3596,weaker
1137,1635,incomparable
2654,4520,incomparable
2107,2661,incomparable
862,649,weaker
4356,3186,stronger
2324,3827,weaker
954,3621,weaker
1974,1728,weaker
1223,3257,incomparable
4055,979,stronger
3847,1996,incomparable
3465,1702,stronger
3521,1045,incomparable
1833,1496,incomparable
3593,4331,weaker
4193,1852,incomparable
3424,1112,incomparable
4632,990,stronger
996,999,weaker
1357,978,incomparable
1142,824,weaker
3232,4325,incomparable
3055,491,incomparable
1007,2851,weaker
1143,4432,weaker
3049,4618,weaker
4269,3567,incomparable
2715,3052,weaker
3334,3289,incomparable
3843,2412,stronger
288,885,weaker
3213,2016,equivalent
3567,1016,stronger
4597,4537,incomparable
320,608,incomparable
767,2051,weaker
495,1363,stronger
2217,3714,incomparable
3399,4623,weaker
3325,2422,stronger
1002,413,weaker
3815,2057,incomparable
3968,2299,stronger
1839,1287,stronger
1901,2919,weaker
127,4350,incomparable
1023,701,stronger
758,1184,weaker
2119,4310,weaker
1558,1799,stronger
2234,96,equivalent
4053,128,stronger
3032,4048,weaker
1740,1281,incomparable
3429,3684,weaker
764,2692,weaker
1323,4376,incomparable
4582,657,incomparable
1837,4597,incomparable
1844,2570,stronger
4595,3336,incomparable
2724,862,incomparable
4186,4040,weaker
1101,2462,incomparable
4403,133,stronger
4215,3280,weaker
2262,50,incomparable
4240,4276,weaker
2473,4434,incomparable
1765,2627,equivalent
1223,358,incomparable
2866,164,incomparable
89,2903,weaker
2281,1231,incomparable
216,4176,incomparable
3443,2427,stronger
576,3930,weaker
1211,2226,equivalent
3040,502,equivalent
2584,451,incomparable
3071,569,stronger
3652,2012,stronger
2936,2596,stronger
4555,3506,incomparable
2196,2032,stronger
1122,4628,incomparable
2956,3248,stronger
724,1549,equivalent
4418,10,incomparable
1405,4162,incomparable
4352,4086,incomparable
2671,4018,incomparable
1036,1821,incomparable
699,738,equivalent
1258,2422,stronger
4222,2515,stronger
1068,2298,stronger
2083,61,stronger
3203,92,equivalent
1761,10,incomparable
1169,3104,equivalent
2234,230,equivalent
3514,2428,stronger
2550,2910,incomparable
957,215,weaker
1034,435,stronger
562,625,incomparable
4471,4158,incomparable
1054,1087,stronger
112,1328,incomparable
4255,2059,incomparable
4201,3516,weaker
390,1272,incomparable
1742,4090,incomparable
1262,1201,stronger
1487,3571,incomparable
2576,2037,incomparable
1583,3279,weaker
776,2247,weaker
2973,919,incomparable
4377,709,incomparable
3305,3378,stronger
4146,3994,incomparable
335,1750,incomparable
581,1025,weaker
2418,4080,weaker
3877,1325,incomparable
3245,2546,weaker
4105,3404,incomparable
2235,431,weaker
2188,585,equivalent
3449,1787,stronger
4507,2660,incomparable
802,3818,weaker
2282,1186,stronger
2622,4260,weaker
4358,2537,stronger
1543,4230,incomparable
935,4347,weaker
3056,3963,incomparable
3374,2552,incomparable
4038,88,stronger
2711,4682,weaker
2888,1346,stronger
1907,2413,equivalent
1578,1191,equivalent
2975,3974,weaker
1246,452,incomparable
2460,118,incomparable
1603,2941,stronger
2033,1771,equivalent
3196,186,weaker
2423,4400,weaker
2930,3450,weaker
1481,2197,stronger
794,1267,weaker
749,3968,incomparable
2382,1366,weaker
64,3865,weaker
3839,4200,weaker
3555,469,incomparable
1884,2587,stronger
2190,4579,incomparable
3809,1325,incomparable
4686,1598,incomparable
3455,238,incomparable
3699,2850,incomparable
3730,2163,incomparable
4291,510,incomparable
870,2393,incomparable
2448,4056,incomparable
1558,2767,stronger
2260,4005,incomparable
188,1807,equivalent
4092,2552,incomparable
1559,925,equivalent
1655,1387,incomparable
1235,47,weaker
3420,4374,weaker
2448,1023,incomparable
2269,2778,incomparable
3934,4595,incomparable
1186,1848,weaker
1881,4359,weaker
2633,22,stronger
862,2690,weaker
2319,1552,incomparable
3914,1876,incomparable
3759,807,stronger
1092,3152,incomparable
2857,2167,incomparable
2955,3456,weaker
3886,582,stronger
157,2120,stronger
1451,52,incomparable
3852,4381,incomparable
626,878,stronger
3084,79,stronger
3371,1075,incomparable
819,2212,incomparable
3238,3929,weaker
2405,3174,equivalent
53,427,incomparable
3912,2153,stronger
1376,817,weaker
768,2624,equivalent
4428,3,incomparable
4439,4299,incomparable
3123,192,equivalent
1141,3394,incomparable
3956,947,incomparable
3548,1876,incomparable
1223,3204,stronger
3138,3698,weaker
4540,2661,incomparable
4051,3436,weaker
2895,1496,incomparable
288,2926,equivalent
878,3923,weaker
2628,1906,stronger
2201,1839,weaker
2913,4519,incomparable
3627,3108,incomparable
1726,233,stronger
1299,4138,incomparable
449,2470,weaker
6,1146,weaker
2492,4647,incomparable
3648,4335,weaker
3113,793,stronger
3240,2820,equivalent
4532,3335,incomparable
3876,3970,stronger
2243,910,incomparable
3590,1886,stronger
2621,4468,weaker
3705,1836,incomparable
3371,270,incomparable
4601,2913,incomparable
4138,937,stronger
3214,2538,incomparable
3497,2072,incomparable
2602,1193,stronger
4672,1810,stronger
4589,55,incomparable
969,1351,equivalent
2462,3842,incomparable
2558,4304,incomparable
518,2583,equivalent
1368,2753,incomparable
139,3718,weaker
4292,2693,incomparable
646,2768,stronger
3311,3760,stronger
18,3199,equivalent
9,3645,incomparable
1795,1285,weaker
3448,1779,stronger
1686,2281,weaker
3267,2899,incomparable
3718,3360,stronger
3081,265,incomparable
2319,3914,incomparable
2897,1676,incomparable
2148,4032,incomparable
2731,2138,equivalent
3620,1482,incomparable
1275,3878,incomparable
2171,983,equivalent
2792,3545,weaker
490,2605,weaker
276,3585,incomparable
636,1676,weaker
2246,3786,incomparable
949,675,stronger
3237,1717,stronger
2528,4438,weaker
2621,1219,equivalent
4448,1112,incomparable
3978,2129,stronger
2207,1579,stronger
376,32,stronger
3478,1025,incomparable
370,1907,stronger
1829,1404,equivalent
19,926,incomparable
3317,3551,stronger
2644,799,stronger
1672,1420,stronger
1696,1814,equivalent
889,28,incomparable
739,3467,weaker
3695,2945,stronger
4234,1533,stronger
1200,2364,weaker
9,1901,stronger
4317,2699,incomparable
4193,189,stronger
1394,3169,equivalent
2285,3340,incomparable
1380,1019,equivalent
2130,1517,stronger
852,900,stronger
2018,2996,equivalent
2405,3442,weaker
1056,141,stronger
1652,4336,incomparable
1251,1548,stronger
3940,682,incomparable
4566,4342,weaker
1247,4058,incomparable
4160,2900,incomparable
2680,2334,stronger
791,1563,stronger
4476,1416,stronger
1990,1887,weaker
4610,1416,stronger
4345,1899,stronger
2160,2298,equivalent
1764,2298,stronger
3925,1313,incomparable
4112,1139,stronger
1631,2708,stronger
924,2092,equivalent
509,1850,weaker
4411,1206,stronger
11,1573,incomparable
2192,3684,weaker
2130,2806,stronger
1127,4114,weaker
3171,292,stronger
4081,513,incomparable
3284,3387,stronger
1367,3012,equivalent
2996,2920,equivalent
2870,4501,incomparable
2109,2868,weaker
2608,2057,weaker
1350,4536,weaker
4180,3875,weaker
2872,2103,incomparable
3701,1396,stronger
2001,2776,weaker
2787,1241,incomparable
3573,1396,stronger
4366,1032,incomparable
116,4376,weaker
3146,3803,weaker
2191,2119,weaker
1766,1189,equivalent
2700,1996,incomparable
229,4253,incomparable
1483,4284,incomparable
547,398,weaker
3348,2217,incomparable
2730,4090,weaker
586,3736,weaker
1093,2786,equivalent
2772,4501,weaker
1454,4485,incomparable
698,3950,incomparable
423,3745,incomparable
3203,523,equivalent
2919,764,stronger
770,820,weaker
1907,266,weaker
2607,3875,weaker
241,1230,weaker
175,2862,weaker
1548,1087,equivalent
493,1451,weaker
3947,4589,incomparable
1731,3423,incomparable
1805,3372,weaker
3243,1992,weaker
1414,1272,weaker
3630,940,stronger
3504,4019,stronger
51,1483,incomparable
4208,2674,incomparable
3397,3398,incomparable
3376,2521,incomparable
358,2165,incomparable
296,1287,equivalent
1115,2144,equivalent
3195,231,incomparable
4346,3547,stronger
1321,2212,weaker
3265,2690,stronger
3024,4321,incomparable
1109,1575,stronger
591,3864,weaker
498,1421,equivalent
3860,2341,stronger
3082,1293,incomparable
3579,4543,weaker
1213,3618,weaker
3873,4266,stronger
3348,1412,stronger
170,3807,incomparable
4693,4005,stronger
3924,3265,incomparable
1780,2911,stronger
4258,2387,stronger
4135,1233,incomparable
3009,2885,weaker
844,4660,incomparable
3013,3758,weaker
1485,2212,incomparable
3878,2516,stronger
271,1765,stronger
4244,4559,weaker
2599,1674,weaker
4058,1171,incomparable
4156,2460,incomparable
2960,1653,incomparable
964,4203,incomparable
2342,2772,equivalent
2421,3065,weaker
4391,3266,incomparable
829,3978,incomparable
4568,4656,weaker
3723,2578,stronger
1345,862,weaker
574,2705,equivalent
168,2017,stronger
2888,2716,incomparable
2134,3008,incomparable
3724,2988,stronger
319,2186,incomparable
2621,3126,weaker
4460,2090,incomparable
4412,1110,incomparable
1468,703,incomparable
3178,3983,weaker
3221,2367,equivalent
1987,1268,incomparable
1147,3506,weaker
4423,2208,stronger
3055,2829,stronger
1883,164,equivalent
1418,2279,weaker
1726,180,stronger
218,1730,stronger
3435,3235,stronger
3741,2753,incomparable
2731,2890,weaker
3610,3990,equivalent
2846,3594,weaker
308,3875,incomparable
3233,1788,equivalent
841,4338,incomparable
435,3650,incomparable
4055,2162,incomparable
1543,1412,stronger
529,2531,weaker
2204,340,weaker
2374,751,equivalent
2933,2435,weaker
3700,3102,incomparable
3905,124,incomparable
2778,3086,incomparable
274,2951,stronger
4355,2804,incomparable
714,2469,incomparable
2667,3255,weaker
1507,2105,incomparable
3761,2065,incomparable
4358,69,stronger
2615,813,equivalent
1398,3101,weaker
2821,689,stronger
49,3772,incomparable
1346,4631,weaker
2984,2373,weaker
537,2772,stronger
3770,838,incomparable
4217,1527,stronger
1820,3733,weaker
741,2013,equivalent
3234,3487,weaker
3342,3020,stronger
3249,2829,equivalent
2500,4431,weaker
1161,1818,equivalent
1211,1181,weaker
672,3347,incomparable
689,2762,equivalent
1907,884,equivalent
771,4292,weaker
2366,1398,equivalent
1808,2568,equivalent
1731,658,incomparable
4640,290,incomparable
34,3999,incomparable
151,3086,incomparable
397,2361,stronger
2766,2271,weaker
4199,4519,weaker
2356,4093,weaker
1036,776,stronger
513,3475,incomparable
3140,4175,incomparable
1982,1408,equivalent
3778,3708,weaker
20,2788,equivalent
880,3646,incomparable
3449,2486,incomparable
2012,2748,equivalent
2843,2676,weaker
3323,4067,incomparable
4458,434,incomparable
3126,2964,weaker
2140,2933,stronger
1354,2778,weaker
2028,248,equivalent
1539,4221,weaker
3543,3252,stronger
1363,3241,equivalent
95,868,weaker
2803,244,equivalent
263,452,incomparable
3840,2492,incomparable
619,3497,incomparable
1615,1772,weaker
3249,2024,weaker
2848,926,incomparable
3773,4653,incomparable
645,1685,incomparable
3389,3724,weaker
4483,2534,incomparable
3461,2846,stronger
4581,2877,incomparable
1277,2127,weaker
3598,865,incomparable
2001,3878,weaker
1144,2537,equivalent
547,4533,weaker
3621,4232,stronger
3007,397,incomparable
290,2625,stronger
1391,2414,stronger
2105,1757,stronger
357,2157,stronger
2913,4145,incomparable
2553,1358,weaker
3655,1749,stronger
723,2665,incomparable
2741,4038,incomparable
3705,1112,incomparable
4687,3653,stronger
1132,1372,equivalent
836,290,incomparable
3138,1230,weaker
956,1146,weaker
818,2902,incomparable
3970,4012,equivalent
4495,450,incomparable
155,114,incomparable
3885,3150,incomparable
34,2039,incomparable
1861,4406,incomparable
2124,3288,incomparable
2965,3904,weaker
1874,2359,incomparable
1162,2153,equivalent
2824,3699,weaker
2225,896,equivalent
520,2686,incomparable
3488,1235,incomparable
673,2928,weaker
2665,2888,incomparable
1104,1394,stronger
3604,629,incomparable
378,1290,stronger
3641,3140,incomparable
4135,1985,stronger
3737,1158,incomparable
215,2989,stronger
2718,1933,equivalent
450,3795,incomparable
3151,4444,weaker
2337,2241,incomparable
1729,1604,stronger
4371,2612,stronger
4572,4588,incomparable
893,2271,incomparable
1127,223,equivalent
201,3441,weaker
1648,1615,stronger
1906,4125,weaker
139,4283,weaker
402,721,stronger
852,1681,incomparable
3880,281,incomparable
2555,1538,equivalent
3902,1760,stronger
4693,3013,stronger
4561,1396,stronger
2735,193,equivalent
1962,3653,incomparable
3039,3048,stronger
2755,3289,incomparable
324,249,stronger
243,3293,weaker
626,2277,incomparable
4291,754,stronger
3286,481,incomparable
4347,3315,incomparable
56,434,incomparable
3295,1698,stronger
4400,697,stronger
3297,81,stronger
3703,769,incomparable
738,239,equivalent
3759,112,incomparable
2818,2298,equivalent
588,480,stronger
3194,4275,weaker
3865,2982,incomparable
603,3986,incomparable
947,3796,incomparable
2605,4634,incomparable
4083,4373,incomparable
3684,1658,incomparable
1256,4551,incomparable
1328,455,incomparable
170,4104,incomparable
2381,2674,incomparable
2369,1159,equivalent
777,352,weaker
4213,1221,stronger
245,491,weaker
974,2586,weaker
2512,3130,weaker
3288,2597,stronger
4685,1216,stronger
4203,3162,stronger
1044,1635,weaker
2002,3028,equivalent
1837,1271,incomparable
3668,374,stronger
2686,1216,stronger
1834,4383,incomparable
3916,3105,incomparable
1070,3987,incomparable
3618,1196,stronger
486,1492,weaker
4171,1345,stronger
2461,2037,incomparable
296,3812,weaker
1349,2621,stronger
895,199,stronger
765,4290,incomparable
3039,3182,incomparable
312,1312,incomparable
3626,498,stronger
4401,2746,incomparable
1956,3972,weaker
1070,1893,stronger
2570,1391,weaker
2497,4296,incomparable
4421,180,stronger
3540,2417,stronger
766,4111,weaker
2891,1971,stronger
4556,3788,stronger
3348,904,stronger
506,3248,stronger
2735,677,weaker
3423,4461,weaker
3161,2771,stronger
3789,88,stronger
580,2416,equivalent
3821,4507,weaker
1694,1878,incomparable
2518,3079,weaker
2449,1222,stronger
1690,4388,weaker
3763,2058,incomparable
1345,3387,weaker
3167,4656,incomparable
2527,1852,weaker
1861,1991,stronger
2315,1407,equivalent
2108,1868,weaker
2041,646,incomparable
1648,4327,incomparable
657,3952,incomparable
2708,1109,weaker
3411,4235,equivalent
1756,662,weaker
763,2658,weaker
2678,3152,incomparable
1248,4393,incomparable
2494,591,stronger
1000,4291,weaker
2036,3685,incomparable
1726,2705,stronger
831,1072,incomparable
1998,949,weaker
4334,719,stronger
545,4650,incomparable
4392,135,stronger
1775,123,equivalent
2544,3337,weaker
1411,600,equivalent
4210,1592,stronger
2887,3676,incomparable
3226,3142,weaker
385,4368,incomparable
4072,4102,incomparable
1371,1201,equivalent
3611,1263,incomparable
1243,4399,incomparable
178,4075,weaker
4175,3291,incomparable
4211,2948,stronger
1902,837,incomparable
1222,1078,weaker
3660,2845,stronger
1349,3105,incomparable
895,683,stronger
912,4070,weaker
669,4312,incomparable
538,3829,weaker
3205,3204,stronger
531,2658,weaker
1211,2417,equivalent
543,1729,weaker
4046,3820,weaker
1197,267,incomparable
3872,4421,incomparable
4195,910,incomparable
1516,20,stronger
3682,4297,incomparable
750,2961,equivalent
2947,1633,incomparable
3339,925,stronger
2377,2234,equivalent
3648,1680,incomparable
2206,1598,weaker
2624,2111,weaker
19,1170,stronger
1545,1889,equivalent
3633,2311,stronger
4230,4287,weaker
1534,1730,equivalent
4381,484,stronger
1217,2023,stronger
4006,2327,incomparable
549,1335,stronger
1805,2193,equivalent
2369,4221,weaker
4322,843,incomparable
471,3896,weaker
177,3449,incomparable
1271,2259,incomparable
2749,1998,stronger
3943,1978,stronger
999,1571,incomparable
4288,4642,incomparable
2409,4559,weaker
845,1104,incomparable
1335,3183,equivalent
2223,3645,weaker
292,2618,weaker
2123,1721,weaker
3337,1387,incomparable
3077,2214,stronger
4106,4601,incomparable
1623,617,incomparable
3405,1521,incomparable
963,2264,weaker
273,1063,incomparable
2888,248,stronger
47,1474,incomparable
3471,74,stronger
2643,417,weaker
4527,844,incomparable
2198,3184,weaker
1224,1258,incomparable
1716,966,equivalent
1783,2942,weaker
1931,2840,stronger
112,2808,incomparable
893,3373,incomparable
1263,2152,incomparable
3059,480,stronger
3250,1768,equivalent
4136,3847,incomparable
99,4266,incomparable
1985,3076,weaker
3943,4206,stronger
4120,870,incomparable
2198,151,weaker
2229,1716,equivalent
3681,4206,stronger
1787,617,weaker
2414,715,equivalent
3775,3841,equivalent
3584,4273,weaker
387,1700,stronger
4647,3770,incomparable
2866,1778,stronger
2692,659,stronger
113,939,stronger
4077,1173,stronger
1417,525,equivalent
2726,3461,weaker
1101,4426,incomparable
2615,1378,weaker
4509,803,stronger
2988,428,weaker
4144,116,stronger
2786,479,weaker
1480,1978,stronger
1941,2373,incomparable
2180,669,weaker
3572,3108,incomparable
2787,1835,incomparable
3822,1004,incomparable
4322,1327,stronger
2940,1296,stronger
1178,1798,equivalent
1985,1332,weaker
2451,2825,stronger
1145,3570,weaker
4390,707,incomparable
2640,1034,weaker
3221,2477,weaker
2684,552,stronger
2373,690,incomparable
1149,4251,weaker
1634,3734,incomparable
1369,53,weaker
918,4318,weaker
2652,1768,stronger
3070,1527,stronger
3196,1666,weaker
2260,4196,incomparable
1580,4437,weaker
897,997,stronger
3599,4500,weaker
2360,613,equivalent
2852,1075,incomparable
4331,4422,incomparable
2633,213,incomparable
3223,3462,weaker
511,4344,incomparable
550,3518,weaker
4402,3319,incomparable
3249,1650,weaker
3827,3576,equivalent
4536,1821,incomparable
3188,1374,weaker
1830,239,equivalent
3473,1543,incomparable
3951,4551,incomparable
2375,2025,equivalent
3643,1954,stronger
3961,543,incomparable
2426,270,weaker
1218,2112,equivalent
2536,4602,incomparable
2042,3313,weaker
2006,1404,equivalent
1443,4674,incomparable
2570,3432,weaker
696,3693,weaker
2465,1918,stronger
703,2420,incomparable
1943,301,stronger
2772,1846,weaker
2027,1692,weaker
3164,1138,equivalent
2536,1569,incomparable
2512,983,equivalent
1336,3272,incomparable
4266,1529,stronger
3915,548,stronger
3376,1960,stronger
162,3944,incomparable
2419,1169,equivalent
3303,2421,stronger
1558,3092,incomparable
3781,733,stronger
4068,9,incomparable
2943,388,weaker
644,3129,stronger
2695,286,incomparable
3319,2365,stronger
4473,1226,incomparable
1464,424,incomparable
1949,2159,stronger
3396,333,weaker
1701,2057,incomparable
4683,2756,stronger
2370,3909,incomparable
2994,2016,stronger
4171,2581,stronger
2013,3083,weaker
537,1727,stronger
542,2071,weaker
3761,4403,incomparable
4000,2699,incomparable
3541,2185,stronger
901,4633,incomparable
2477,1497,stronger
1968,3340,weaker
1390,1414,equivalent
166,2723,stronger
3055,979,stronger
3831,446,incomparable
2129,4197,weaker
1327,311,weaker
3944,323,weaker
1423,773,equivalent
2422,2729,equivalent
3668,2899,incomparable
1586,13,incomparable
259,2133,stronger
2778,3330,incomparable
1876,4690,incomparable
2411,1816,weaker
4441,4512,incomparable
3785,451,incomparable
2826,1277,stronger
1174,4391,weaker
4212,1427,incomparable
3933,2012,stronger
4069,3593,stronger
1247,4115,incomparable
1061,1481,incomparable
832,1621,stronger
2248,482,stronger
529,1620,equivalent
4694,420,incomparable
68,2164,incomparable
2738,3500,weaker
1912,1472,incomparable
3598,1914,stronger
1564,4172,incomparable
3973,1037,incomparable
1746,1934,incomparable
3744,4183,incomparable
557,4018,weaker
4462,3645,stronger
3101,4491,incomparable
3075,3270,incomparable
439,3016,stronger
1167,2257,incomparable
4462,1201,stronger
671,4305,weaker
678,3032,equivalent
3534,1340,incomparable
3363,1458,incomparable
1611,204,weaker
4011,1679,incomparable
3997,2535,stronger
1328,4053,incomparable
3494,1160,stronger
4619,1535,stronger
3478,4599,incomparable
2535,1986,equivalent
3335,349,stronger
1530,215,weaker
3541,2669,incomparable
4114,87,stronger
3099,1570,stronger
4425,1669,incomparable
519,2571,weaker
3466,2495,stronger
3048,292,equivalent
708,3032,equivalent
1771,2529,equivalent
1344,210,incomparable
2724,3578,incomparable
4016,683,stronger
2424,842,weaker
1928,3644,weaker
741,2391,equivalent
3779,1679,incomparable
969,4470,weaker
4056,4431,weaker
1685,1442,incomparable
499,3797,weaker
2859,4153,incomparable
288,2796,equivalent
178,184,equivalent
4584,3769,incomparable
3686,175,stronger
4448,498,stronger
2008,2068,weaker
3264,2926,stronger
3560,1756,stronger
1657,1087,stronger
3308,3198,stronger
543,4254,incomparable
875,2741,incomparable
388,933,stronger
2363,1478,weaker
305,3150,weaker
1585,4594,weaker
105,4028,incomparable
1249,4645,incomparable
1182,3423,weaker
4640,4051,stronger
705,4023,weaker
189,723,weaker
2580,2644,weaker
2874,2367,stronger
685,3556,weaker
946,3331,weaker
1839,165,stronger
2737,2069,incomparable
2238,436,incomparable
730,1986,equivalent
3624,586,stronger
441,1883,weaker
530,3618,weaker
1354,2567,weaker
3494,4677,incomparable
4528,3436,incomparable
481,2413,stronger
171,3685,weaker
3122,2819,stronger
1654,1324,stronger
687,2289,weaker
2109,4348,weaker
1505,2921,equivalent
2179,1145,equivalent
1494,1042,incomparable
4002,2050,incomparable
3251,3579,weaker
884,709,weaker
1658,103,incomparable
1078,1514,stronger
1570,1976,equivalent
1019,4317,weaker
938,945,stronger
721,2408,equivalent
4360,1916,stronger
2808,3948,incomparable
4449,4617,incomparable
113,2525,incomparable
500,719,incomparable
3282,3050,incomparable
1769,4256,weaker
764,765,weaker
387,4225,stronger
3319,3117,stronger
552,4292,weaker
1102,6,equivalent
3602,3405,weaker
1771,4302,weaker
1298,1638,weaker
1081,3101,weaker
4094,3113,incomparable
630,950,stronger
4066,1819,stronger
1330,3805,weaker
229,606,stronger
1607,2393,weaker
2956,32,stronger
1963,2028,equivalent
4004,187,stronger
2369,464,weaker
3611,2178,incomparable
2845,4365,weaker
3184,3831,incomparable
1804,1217,weaker
3645,1008,stronger
2879,3195,incomparable
3266,4395,incomparable
272,4625,weaker
496,1135,equivalent
2350,3605,weaker
343,4276,incomparable
2504,1039,incomparable
2382,4082,weaker
2982,1603,incomparable
749,268,incomparable
2999,1018,equivalent
1547,248,stronger
3627,2307,stronger
2741,228,incomparable
1118,4272,weaker
910,1125,incomparable
2422,448,weaker
3604,1357,incomparable
495,2603,stronger
3110,1788,equivalent
3853,2061,incomparable
3960,1958,incomparable
238,2947,incomparable
184,4404,weaker
4580,3329,incomparable
5,3907,incomparable
2986,3415,weaker
1613,2938,stronger
460,2767,stronger
1136,1818,equivalent
2834,3021,equivalent
4654,4217,incomparable
1927,2347,incomparable
2957,1142,equivalent
886,2609,weaker
3845,1604,stronger
3912,3580,stronger
541,854,incomparable
3729,3873,incomparable
3626,742,stronger
2337,3908,incomparable
4202,1841,incomparable
468,2069,weaker
3439,4299,weaker
175,504,weaker
3499,4350,incomparable
2391,3390,weaker
268,695,incomparable
1861,946,stronger
1785,4334,weaker
417,37,stronger
3920,2128,incomparable
2956,2610,stronger
2987,1923,equivalent
1533,2578,equivalent
3510,3950,stronger
924,3251,equivalent
2550,1922,incomparable
2469,4212,incomparable
2372,115,incomparable
875,4298,incomparable
452,4195,incomparable
999,392,incomparable
3681,799,stronger
4364,75,incomparable
1824,4447,weaker
2180,3328,incomparable
3059,4428,incomparable
3544,3719,stronger
3337,208,incomparable
1553,951,weaker
1936,4099,weaker
4436,1082,incomparable
2426,3734,weaker
4370,2714,incomparable
1113,4062,incomparable
3253,2200,stronger
3905,665,incomparable
868,3477,incomparable
235,3564,weaker
1981,85,equivalent
3197,578,stronger
3804,3242,incomparable
984,4591,weaker
1365,1250,weaker
2270,1127,stronger
4388,260,incomparable
3328,280,incomparable
1056,1434,incomparable
2986,516,weaker
3196,1292,equivalent
441,3790,incomparable
1910,1723,stronger
1290,2769,equivalent
1722,2426,stronger
1340,2132,incomparable
4079,3073,incomparable
1768,327,weaker
2286,2010,stronger
3731,1801,incomparable
1877,2714,incomparable
3868,3792,stronger
2493,1522,stronger
3754,2724,incomparable
3264,645,incomparable
4105,1261,incomparable
1775,4689,weaker
4275,1672,incomparable
1625,1712,equivalent
2735,1055,weaker
4378,2551,stronger
2932,1569,weaker
4078,569,stronger
1261,1435,incomparable
4480,3767,stronger
232,1522,equivalent
886,60,weaker
2837,19,weaker
1721,3113,incomparable
1243,105,weaker
1062,1225,weaker
3839,3212,stronger
659,54,equivalent
3756,1457,incomparable
3551,1991,stronger
3621,3484,weaker
3349,2796,stronger
3244,1282,equivalent
2158,4053,weaker
2132,2832,stronger
4023,1986,stronger
2156,974,stronger
1734,3725,incomparable
2040,3243,stronger
3009,661,weaker
3299,4372,incomparable
4156,3269,weaker
1495,676,weaker
2868,2873,incomparable
939,229,weaker
51,1487,incomparable
1025,3,incomparable
2819,3920,weaker
4531,1611,stronger
4677,3880,incomparable
3106,944,stronger
1618,517,stronger
900,4438,weaker
836,481,incomparable
1068,4022,incomparable
677,4366,incomparable
1541,270,weaker
818,3093,incomparable
1069,460,equivalent
2192,4172,weaker
795,3863,weaker
982,1969,equivalent
1488,1575,stronger
2269,2140,incomparable
729,1523,weaker
2319,1503,stronger
4571,3080,incomparable
478,4156,weaker
82,1712,stronger
1168,2159,equivalent
2246,4408,incomparable
2437,1724,weaker
4235,687,stronger
2941,1257,weaker
764,1517,equivalent
1834,3151,stronger
3716,3505,incomparable
4509,3141,stronger
4598,4122,stronger
4512,406,stronger
1299,1272,incomparable
4477,3603,stronger
69,3355,weaker
12,2821,incomparable
309,4505,incomparable
268,2252,incomparable
4096,3911,stronger
1092,3453,incomparable
4266,4322,weaker
3798,2002,stronger
3865,3978,stronger
3660,4512,incomparable
2929,92,equivalent
1948,405,weaker
698,1055,incomparable
3103,2874,incomparable
2876,3649,incomparable
553,1832,weaker
388,75,incomparable
3559,1427,incomparable
1767,1498,incomparable
2593,1082,weaker
2297,2252,weaker
110,1262,weaker
4413,3968,incomparable
2618,4522,incomparable
139,502,equivalent
2931,2767,stronger
1792,3248,equivalent
4220,4327,weaker
4058,1525,incomparable
2105,1493,stronger
914,2750,stronger
4324,2398,incomparable
2755,97,stronger
1344,1580,stronger
805,3746,weaker
330,255,incomparable
4246,2515,stronger
82,907,incomparable
1953,2792,stronger
3567,3358,stronger
962,2417,stronger
1275,662,incomparable
3859,534,stronger
4036,2116,incomparable
2360,3890,weaker
4469,1217,incomparable
1977,4317,incomparable
160,2668,incomparable
299,3012,equivalent
96,209,weaker
4330,1058,incomparable
4039,320,weaker
2220,288,equivalent
711,2956,incomparable
4423,468,stronger
2821,3137,stronger
3050,745,stronger
1947,129,equivalent
3652,3065,incomparable
1069,1883,weaker
1267,4342,incomparable
3567,4647,incomparable
3261,965,stronger
2273,1053,incomparable
1600,1519,weaker
2467,1858,incomparable
4180,2403,stronger
1236,1996,incomparable
988,1894,weaker
3400,2440,stronger
925,791,weaker
868,257,weaker
3344,3070,incomparable
1054,1201,stronger
2301,2505,stronger
2034,2915,weaker
3620,1433,incomparable
2094,714,weaker
4296,484,stronger
473,3141,stronger
2035,3517,incomparable
3637,1602,stronger
2274,1813,stronger
791,1730,stronger
1219,2931,weaker
603,2433,stronger
964,1658,incomparable
3691,1084,stronger
334,1262,incomparable
86,1160,stronger
946,2018,equivalent
4182,2075,incomparable
71,1791,equivalent
3643,3487,weaker
4467,4688,incomparable
190,170,incomparable
3416,3481,weaker
4484,1070,incomparable
3247,4426,incomparable
652,4173,incomparable
3498,1793,incomparable
4673,1531,incomparable
2813,1690,equivalent
839,3999,incomparable
3530,3960,stronger
3981,449,incomparable
1233,1674,incomparable
754,3137,equivalent
1454,330,incomparable
1201,2136,equivalent
1197,4646,incomparable
3074,684,incomparable
3055,4606,incomparable
3067,3677,incomparable
2726,3384,weaker
3240,3605,weaker
1805,2250,weaker
4224,3775,equivalent
3718,1917,stronger
464,2782,incomparable
3210,2450,incomparable
1350,2609,weaker
2922,1983,weaker
1967,3517,incomparable
3765,982,stronger
4286,2374,stronger
1039,4410,incomparable
3009,3857,weaker
2030,1587,weaker
3525,741,stronger
4394,1153,stronger
1758,899,equivalent
4153,2030,stronger
2662,3749,incomparable
1736,4523,weaker
1046,104,incomparable
1352,3594,weaker
3714,2333,incomparable
1867,253,stronger
2624,4396,weaker
394,2578,stronger
681,1854,weaker
748,3830,incomparable
2226,1125,weaker
4366,3427,stronger
166,2162,incomparable
1116,3502,weaker
2246,4221,incomparable
3399,228,incomparable
2446,3343,incomparable
3643,588,incomparable
3646,105,incomparable
2648,1757,stronger
740,4154,incomparable
759,232,stronger
623,3569,incomparable
3090,412,incomparable
4609,152,incomparable
3168,480,equivalent
164,22,stronger
3851,4674,weaker
1750,1546,stronger
3868,4089,incomparable
4592,4120,incomparable
3116,2764,stronger
3300,4571,incomparable
1682,2543,incomparable
2797,2230,equivalent
4631,850,incomparable
223,602,equivalent
4414,3067,incomparable
3965,989,stronger
2179,905,equivalent
921,3384,weaker
2483,3760,incomparable
563,3676,weaker
2631,248,equivalent
2902,711,stronger
3631,2806,stronger
2628,4114,incomparable
714,58,incomparable
2276,1188,incomparable
1364,1860,weaker
428,4390,incomparable
1575,4524,weaker
2513,377,incomparable
2005,3354,weaker
2430,2594,stronger
852,1685,incomparable
2872,3693,incomparable
1301,757,incomparable
1480,2974,stronger
1428,2784,stronger
1585,516,weaker
392,946,stronger
4189,1794,stronger
407,4452,incomparable
4058,2277,incomparable
446,1182,stronger
2295,3308,weaker
4220,4490,weaker
4354,4490,incomparable
1152,1573,incomparable
1580,4494,weaker
2128,3545,incomparable
1646,2081,incomparable
820,4217,incomparable
2962,1492,weaker
837,1188,incomparable
528,3816,incomparable
488,2697,weaker
2384,2195,weaker
4010,2586,incomparable
2998,4340,incomparable
3886,830,incomparable
3015,3755,weaker
4474,1000,stronger
4496,759,incomparable
4212,1000,stronger
2672,383,incomparable
3443,260,incomparable
4592,1221,stronger
573,2246,weaker
113,4513,weaker
2303,2206,stronger
1293,2343,incomparable
57,4581,incomparable
3338,1375,stronger
2987,394,weaker
2560,1081,equivalent
1252,1753,stronger
906,362,incomparable
2384,101,weaker
3941,887,incomparable
357,1840,incomparable
4013,9,incomparable
3180,4172,incomparable
3232,198,weaker
3548,2124,incomparable
4324,2345,stronger
2452,235,stronger
4618,348,stronger
2892,507,stronger
4079,1760,stronger
994,182,incomparable
409,1249,incomparable
3194,2535,equivalent
2742,1502,weaker
4156,3700,weaker
922,1245,incomparable
961,1173,equivalent
2470,4197,incomparable
4206,2474,incomparable
3189,3130,weaker
2029,2734,incomparable
685,2995,equivalent
1977,4264,incomparable
3193,4003,incomparable
4638,1350,stronger
2143,769,weaker
703,1322,incomparable
4288,3223,stronger
721,3591,weaker
2011,4033,weaker
2250,2329,stronger
1787,353,weaker
519,2144,weaker
4543,1463,incomparable
4259,1704,stronger
4596,4507,incomparable
2360,1154,weaker
2491,2391,stronger
873,4335,incomparable
1195,1380,equivalent
453,743,stronger
2022,600,equivalent
43,2565,stronger
3090,4413,incomparable
4363,4686,incomparable
3778,1781,stronger
3317,4604,incomparable
841,101,weaker
3850,903,stronger
775,4177,incomparable
1838,1230,incomparable
2287,1056,incomparable
3505,1622,stronger
1975,1693,stronger
2512,3618,weaker
1748,2468,weaker
1221,2951,equivalent
319,2621,stronger
3581,1617,stronger
2748,862,weaker
4152,2372,incomparable
220,4305,weaker
3525,1493,stronger
2582,3044,weaker
562,1036,incomparable
4270,149,stronger
3440,3075,incomparable
1816,1821,stronger
1076,1257,incomparable
4689,3516,incomparable
177,4608,incomparable
2228,1765,equivalent
1785,1195,equivalent
28,2041,incomparable
3822,2618,incomparable
1609,2659,weaker
948,2950,equivalent
2042,1760,stronger
4504,2423,stronger
1183,1504,weaker
1587,2119,incomparable
3099,688,stronger
2103,723,incomparable
788,2668,weaker
4385,3640,stronger
1818,3937,weaker
918,1960,equivalent
1025,1857,incomparable
3943,1043,stronger
1938,4039,weaker
2762,2988,equivalent
716,3731,incomparable
3959,2485,incomparable
296,3145,weaker
1538,1853,weaker
3661,1330,stronger
999,4019,incomparable
3984,4235,stronger
357,4552,weaker
3528,986,stronger
3209,2926,equivalent
1555,4651,weaker
213,2329,stronger
3969,2614,stronger
4447,2424,stronger
2496,775,incomparable
4516,2783,stronger
3829,4297,weaker
3022,67,equivalent
3543,1459,incomparable
4021,2023,stronger
1992,4625,weaker
406,657,incomparable
2797,3332,weaker
3616,4189,equivalent
3981,2624,stronger
2456,3039,stronger
1978,31,weaker
1823,3126,weaker
3731,1695,incomparable
253,3798,weaker
1244,975,stronger
1901,3948,weaker
215,1062,stronger
4153,2327,incomparable
479,354,incomparable
1656,919,incomparable
618,1452,incomparable
2378,4287,weaker
692,1401,stronger
3388,1706,stronger
4632,4247,stronger
2455,3753,incomparable
3307,586,stronger
3804,1392,stronger
1777,2377,equivalent
89,3582,weaker
887,2808,incomparable
2962,1305,equivalent
3106,1993,incomparable
4596,803,stronger
814,51,weaker
549,534,stronger
113,3387,incomparable
4511,695,incomparable
3237,2449,weaker
1578,3830,weaker
1943,2265,incomparable
866,3624,incomparable
2748,3224,equivalent
2892,2414,stronger
3181,73,weaker
550,4327,weaker
200,2228,equivalent
3891,1926,stronger
3354,1,weaker
921,298,weaker
1048,1571,incomparable
3218,894,stronger
1084,1982,equivalent
1529,154,weaker
333,3511,incomparable
3344,2696,incomparable
1071,242,incomparable
2929,202,equivalent
4518,4653,incomparable
4623,505,stronger
2094,340,weaker
4449,352,stronger
3358,1813,stronger
1973,2265,weaker
4502,2430,incomparable
3535,197,stronger
942,1525,weaker
429,4158,incomparable
348,786,incomparable
4351,3200,stronger
2811,2583,equivalent
2966,3652,weaker
2262,3307,weaker
3036,2701,equivalent
4185,1218,stronger
3020,3888,weaker
1320,1104,incomparable
2643,3938,weaker
3102,4452,incomparable
2293,1839,incomparable
1541,514,equivalent
1376,2167,weaker
1398,1926,equivalent
4053,2230,stronger
4629,3329,stronger
3729,1352,stronger
260,3009,stronger
698,2454,incomparable
3563,3534,weaker
4000,125,incomparable
4030,3909,weaker
3829,243,stronger
2581,966,equivalent
2980,675,equivalent
559,2295,equivalent
4086,2528,stronger
4115,1014,incomparable
1582,2393,weaker
1081,125,weaker
4216,1820,stronger
2714,1495,stronger
4529,65,incomparable
1642,192,stronger
1562,4370,weaker
1242,2702,incomparable
1992,3954,incomparable
146,3819,incomparable
2921,4417,weaker
3623,4689,weaker
3499,2179,stronger
3289,3123,stronger
1012,3179,equivalent
2923,4463,incomparable
3424,315,weaker
4303,1415,incomparable
1639,3277,incomparable
4200,3165,stronger
504,3877,incomparable
1399,1346,equivalent
1975,2445,incomparable
710,3753,weaker
794,4390,weaker
39,2794,stronger
758,2481,weaker
2623,2666,incomparable
2117,808,equivalent
1076,1070,incomparable
4577,2334,stronger
4183,717,stronger
764,3989,weaker
3725,3811,stronger
4585,4669,incomparable
2343,3780,incomparable
3002,2662,weaker
3379,3174,stronger
545,2373,incomparable
3227,2780,stronger
2088,3261,incomparable
2678,4258,incomparable
3261,2364,incomparable
4672,127,incomparable
3268,1091,stronger
4486,1657,incomparable
4500,3807,incomparable
4386,4459,stronger
2242,695,incomparable
3159,2087,weaker
2474,1230,incomparable
2820,177,weaker
230,268,weaker
3156,1035,weaker
3932,1256,incomparable
3906,35,stronger
4524,2299,stronger
1568,2821,weaker
1482,1357,incomparable
3851,1267,incomparable
1098,428,incomparable
1762,3626,weaker
869,376,incomparable
562,3077,incomparable
2988,111,weaker
1434,3006,stronger
386,2851,incomparable
3323,2087,incomparable
403,2266,incomparable
1867,2107,stronger
1493,3586,weaker
1032,2999,stronger
539,3066,weaker
4049,3130,incomparable
3125,759,weaker
4090,1441,incomparable
3014,928,weaker
3950,3124,stronger
446,3252,stronger
2373,373,incomparable
1658,3811,incomparable
3761,569,stronger
485,1675,weaker
1367,4012,weaker
534,3257,weaker
4490,220,stronger
2392,3217,equivalent
341,3616,equivalent
4152,3608,incomparable
2113,1358,weaker
605,2908,equivalent
3934,1436,incomparable
840,4468,incomparable
1005,3781,weaker
3068,9,incomparable
3656,3377,equivalent
3000,1760,equivalent
2616,4049,weaker
1917,4048,weaker
1105,1918,equivalent
4071,2838,stronger
2707,4167,incomparable
2299,2652,weaker
2161,4408,incomparable
3403,2150,stronger
1847,276,stronger
1315,2667,incomparable
2034,2354,equivalent
2426,892,equivalent
3637,1041,incomparable
529,1169,equivalent
4020,1745,stronger
3822,4204,weaker
1194,1559,equivalent
3147,2345,stronger
330,3211,incomparable
2460,1415,incomparable
4461,175,stronger
393,1281,incomparable
3216,3613,weaker
4087,4660,incomparable
4456,1494,incomparable
4045,462,incomparable
2658,87,stronger
2436,1206,equivalent
4564,1027,incomparable
2525,2941,stronger
4476,2900,incomparable
4591,2850,incomparable
2619,2576,weaker
3939,2695,incomparable
2643,718,equivalent
4238,1042,incomparable
2354,615,weaker
1696,615,weaker
2011,3659,weaker
4425,868,incomparable
584,2919,weaker
3729,4548,incomparable
1829,1144,equivalent
3794,1001,stronger
2811,3685,weaker
3341,4439,incomparable
2322,4460,incomparable
3129,3994,weaker
1780,3911,incomparable
3889,1238,incomparable
527,318,weaker
1910,3203,stronger
3336,308,weaker
459,1877,weaker
2308,3249,stronger
1962,2612,stronger
4233,1987,incomparable
2650,734,stronger
3945,1520,stronger
289,153,weaker
49,666,stronger
3373,4512,weaker
3475,1756,stronger
1842,2668,incomparable
4483,822,incomparable
3063,499,stronger
360,3187,stronger
1356,708,equivalent
3897,4108,incomparable
602,1000,equivalent
1805,534,equivalent
4033,1525,incomparable
4652,3260,incomparable
3707,3984,incomparable
1914,2921,equivalent
2941,509,equivalent
3426,1490,stronger
1528,1165,incomparable
1714,4553,weaker
3560,2244,incomparable
1724,2797,stronger
4327,2911,stronger
907,323,incomparable
1978,3845,weaker
617,4691,incomparable
2324,2038,weaker
4049,4098,weaker
1360,2520,equivalent
3872,1018,stronger
4326,2686,incomparable
761,3881,incomparable
2053,986,stronger
1189,2638,weaker
855,3516,weaker
4394,2820,stronger
4051,1700,stronger
2659,1735,stronger
1117,4455,incomparable
2973,2834,stronger
2562,1802,stronger
1046,1771,stronger
1825,755,equivalent
2379,2095,equivalent
529,498,equivalent
3435,4585,weaker
3289,3070,incomparable
2282,2162,incomparable
1358,3763,incomparable
1607,2747,equivalent
1530,837,weaker
2161,4087,incomparable
1256,1766,stronger
581,2351,weaker
584,4342,weaker
369,216,incomparable
1298,2931,weaker
1609,4513,weaker
2488,1449,stronger
1750,2274,incomparable
520,385,weaker
2722,3373,incomparable
2920,1860,weaker
693,313,weaker
2664,3368,incomparable
1537,2166,stronger
4658,4155,incomparable
604,1961,equivalent
1118,2182,weaker
2238,2213,stronger
636,4128,weaker
2945,3795,weaker
3481,4529,incomparable
4407,1311,stronger
2846,3789,weaker
4590,1927,stronger
215,1627,stronger
1517,2830,equivalent
4411,1430,incomparable
3253,915,stronger
2635,2034,equivalent
1052,781,stronger
2224,1002,equivalent
3843,1912,incomparable
613,4117,weaker
2894,1736,stronger
3312,1495,stronger
213,4183,incomparable
4483,4689,incomparable
1632,309,incomparable
3318,3195,incomparable
611,1977,weaker
3439,4653,weaker
1414,2301,weaker
3790,3190,stronger
3413,988,stronger
3296,4375,incomparable
2585,4549,weaker
3378,4185,equivalent
1122,1900,stronger
2978,279,equivalent
3183,1465,weaker
4165,3252,stronger
629,1967,incomparable
1164,2311,equivalent
3301,1686,stronger
3166,3713,weaker
4377,3108,incomparable
2445,947,incomparable
162,57,stronger
127,1756,stronger
1388,2958,weaker
1718,618,incomparable
1950,4159,weaker
4512,2020,stronger
3125,1645,weaker
3030,819,weaker
841,3728,incomparable
920,4021,weaker
4676,142,incomparable
2982,3030,stronger
1280,3775,weaker
960,4359,incomparable
406,767,stronger
3498,4078,incomparable
1144,2948,equivalent
2261,1018,stronger
3957,2148,incomparable
3062,4679,incomparable
1102,2722,weaker
4180,3883,weaker
2115,4576,incomparable
4453,2729,stronger
1261,500,incomparable
2474,4694,incomparable
4413,1610,stronger
807,2804,weaker
3718,819,incomparable
3076,3796,incomparable
1004,3318,incomparable
2979,3863,incomparable
1862,3349,incomparable
3727,2036,incomparable
4329,4356,equivalent
3090,2913,incomparable
812,115,weaker
449,63,incomparable
1414,2435,weaker
4554,4474,incomparable
3817,4181,equivalent
736,1059,weaker
462,1988,stronger
1570,2948,equivalent
4061,4541,weaker
2189,2431,equivalent
4004,809,stronger
4379,686,incomparable
4530,3299,incomparable
4246,3540,weaker
2761,2630,stronger
672,2737,incomparable
3951,1148,stronger
3017,2061,weaker
3283,4432,incomparable
2808,1887,incomparable
1834,927,stronger
3952,60,incomparable
3420,2451,incomparable
3160,3278,weaker
2927,2518,stronger
2194,681,equivalent
1199,1850,weaker
278,716,weaker
1181,2964,incomparable
1955,1604,equivalent
1079,2687,weaker
1034,1224,weaker
3577,4505,weaker
261,4684,incomparable
3427,1528,incomparable
1560,516,incomparable
340,3287,weaker
1902,3663,incomparable
3103,650,incomparable
2497,840,incomparable
4410,507,stronger
1822,3145,weaker
349,3750,equivalent
1309,116,equivalent
3026,2123,equivalent
3468,2468,stronger
3153,3396,weaker
6,4350,weaker
1790,4361,incomparable
4211,297,stronger
697,1989,equivalent
1134,2744,weaker
2175,1728,weaker
2345,2139,equivalent
1249,2502,stronger
1952,3376,weaker
4441,4142,incomparable
1351,1466,weaker
117,367,incomparable
1175,3684,incomparable
387,1948,stronger
43,2138,stronger
4590,3484,incomparable
2799,3248,stronger
4270,1816,incomparable
3855,1574,stronger
2819,2180,weaker
2406,321,incomparable
3830,3207,stronger
4252,2176,stronger
4341,3911,stronger
796,1594,weaker
2418,2775,equivalent
1033,3227,incomparable
4508,3270,incomparable
922,3396,incomparable
110,1266,equivalent
70,901,weaker
1166,3756,weaker
1195,2242,weaker
107,968,incomparable
4424,3572,stronger
3503,718,stronger
3014,1493,equivalent
254,3647,weaker
214,276,stronger
2903,2416,stronger
136,2837,equivalent
3030,1437,weaker
4365,3342,incomparable
1999,697,equivalent
459,80,stronger
2128,353,incomparable
2740,4115,weaker
4049,4045,weaker
344,507,stronger
2001,2463,weaker
392,1487,incomparable
1388,3926,weaker
4258,1940,stronger
2091,4608,incomparable
389,1189,stronger
3486,2592,incomparable
3209,1560,weaker
96,3596,weaker
725,4521,incomparable
2445,3793,incomparable
4680,3511,incomparable
2216,523,equivalent
509,732,equivalent
2508,1863,weaker
4189,241,stronger
1823,1760,equivalent
1606,3223,equivalent
4562,2701,stronger
823,1831,stronger
1112,3654,incomparable
3121,3783,weaker
4432,376,stronger
3066,878,stronger
2632,4558,weaker
2138,4023,weaker
4230,1181,incomparable
2774,2921,stronger
2249,67,stronger
3672,4071,incomparable
2020,3213,equivalent
1430,3936,incomparable
1471,1493,stronger
3884,3927,incomparable
239,2160,equivalent
1431,3757,incomparable
1121,2777,equivalent
4119,3420,stronger
3751,3024,incomparable
742,3131,weaker
322,2545,stronger
90,2976,stronger
5,4558,incomparable
2858,3157,stronger
4026,4168,incomparable
2085,201,stronger
4313,1192,incomparable
2148,4687,incomparable
3970,4236,equivalent
405,1267,incomparable
1155,4239,incomparable
74,3382,weaker
4399,3595,stronger
2515,3168,equivalent
2162,3804,incomparable
1684,796,incomparable
3623,1684,incomparable
1871,2874,incomparable
35,1175,weaker
262,4372,incomparable
4073,4364,incomparable
4188,150,stronger
3701,2506,incomparable
550,4250,weaker
4208,4000,equivalent
2203,2300,incomparable
250,2268,incomparable
959,513,weaker
3830,3825,equivalent
2452,3004,stronger
1798,4466,weaker
3816,1675,incomparable
1636,2418,stronger
521,287,equivalent
3387,3255,weaker
2595,2531,weaker
449,2104,stronger
1030,3547,incomparable
1121,2911,equivalent
4032,926,incomparable
4128,1388,stronger
102,1242,incomparable
3398,3794,incomparable
2856,1525,incomparable
1584,1854,weaker
1169,1612,equivalent
3535,1059,incomparable
4410,1259,incomparable
275,4553,weaker
4346,3718,incomparable
1290,3070,weaker
886,11,weaker
536,4328,weaker
1957,3533,weaker
787,1695,weaker
1862,263,incomparable
902,2207,weaker
303,3568,weaker
1215,452,weaker
4026,3713,incomparable
2077,2137,incomparable
2302,2255,weaker
731,2325,stronger
1187,124,weaker
4636,1198,stronger
1226,52,incomparable
553,4682,weaker
785,4251,weaker
3882,3210,incomparable
4287,4427,incomparable
2267,2419,stronger
3430,834,incomparable
4111,4201,stronger
1826,2676,incomparable
57,4451,incomparable
4106,3857,incomparable
4689,1963,stronger
520,11,incomparable
885,698,equivalent
3751,1414,stronger
1992,1433,incomparable
3132,4560,weaker
4438,1563,stronger
1212,2224,stronger
2644,2527,stronger
4559,3021,stronger
1092,4559,incomparable
3444,890,stronger
4383,2041,incomparable
3798,3108,incomparable
451,3974,incomparable
1845,3076,incomparable
3137,3591,weaker
179,4040,incomparable
747,360,weaker
4258,814,stronger
2068,115,incomparable
4065,419,incomparable
1107,114,weaker
2843,2363,equivalent
1977,4134,incomparable
1717,797,equivalent
2930,1019,equivalent
3236,4509,weaker
1638,2224,stronger
29,1248,incomparable
4444,4387,weaker
2735,551,equivalent
238,833,incomparable
2349,2959,stronger
2736,1153,stronger
3324,3575,stronger
1223,4611,incomparable
760,3389,weaker
3540,2641,stronger
4297,1866,incomparable
1914,3970,weaker
4027,2005,stronger
2170,1681,incomparable
2022,3503,weaker
2667,2487,incomparable
544,3764,weaker
143,2666,weaker
3013,680,weaker
941,202,equivalent
724,2419,equivalent
4509,3442,stronger
2102,234,weaker
947,4154,incomparable
2800,3016,equivalent
959,3225,equivalent
4054,3801,equivalent
4594,1271,incomparable
2340,3031,stronger
4131,1015,stronger
3707,2939,incomparable
3452,4110,weaker
4438,1697,incomparable
3672,3884,incomparable
294,741,stronger
2398,3386,incomparable
3757,1713,incomparable
3454,1712,stronger
1033,3524,incomparable
725,3179,stronger
3125,4654,weaker
3703,2416,stronger
4278,661,incomparable
4128,1656,incomparable
3393,1436,incomparable
2323,1522,equivalent
3917,3553,stronger
4578,4336,weaker
1503,3446,weaker
2394,3617,weaker
1979,177,incomparable
2610,4181,weaker
3728,1133,incomparable
1586,2168,stronger
718,2358,equivalent
745,4181,weaker
4050,4567,incomparable
1558,3503,incomparable
2558,234,stronger
4598,1174,stronger
2263,4258,incomparable
3791,142,incomparable
293,2559,equivalent
2627,1502,weaker
989,4514,incomparable
1663,3704,incomparable
3987,4403,weaker
2160,4510,weaker
95,1039,weaker
1657,2169,incomparable
688,1553,equivalent
1992,4145,incomparable
2730,4074,weaker
473,2153,stronger
1398,3406,weaker
1563,3473,weaker
3283,1025,incomparable
93,1343,equivalent
2063,3796,incomparable
184,3713,weaker
3711,3946,equivalent
1402,1835,weaker
4029,2535,stronger
2859,697,stronger
2157,1179,equivalent
796,2025,stronger
4070,92,stronger
1604,2693,weaker
4524,262,incomparable
3791,1431,incomparable
255,3364,incomparable
4453,1550,stronger
657,4310,incomparable
3109,2565,equivalent
1531,902,stronger
493,1435,weaker
1,2693,stronger
3301,2735,stronger
3366,3130,incomparable
3662,1960,stronger
2263,2514,stronger
2184,2221,equivalent
3447,1806,incomparable
477,178,stronger
3491,2078,incomparable
3820,856,incomparable
955,742,stronger
1741,1651,weaker
3367,2042,incomparable
4285,4568,stronger
2163,2283,incomparable
1268,2370,incomparable
1003,2853,weaker
464,855,incomparable
1921,3689,incomparable
128,2626,equivalent
546,2385,incomparable
3636,2617,stronger
3751,3321,incomparable
1199,3704,weaker
2610,2221,equivalent
1383,4013,incomparable
3234,2048,weaker
3409,2803,stronger
1470,2477,incomparable
1511,2478,weaker
1289,3597,incomparable
312,2154,stronger
821,2031,stronger
1423,4351,weaker
1846,4454,incomparable
3412,630,incomparable
1696,1477,weaker
1892,3109,equivalent
1075,635,incomparable
1921,1595,stronger
720,4608,weaker
1000,461,weaker
1626,3367,weaker
821,2970,stronger
4659,3065,incomparable
4552,724,stronger
1307,1143,stronger
1322,3895,incomparable
3636,3906,weaker
365,3104,stronger
1526,3136,stronger
2156,1088,equivalent
1135,1036,weaker
2033,2186,weaker
508,4321,incomparable
2242,81,stronger
4487,3897,incomparable
3117,3691,weaker
3413,2521,incomparable
1911,2196,weaker
3528,2279,incomparable
3199,4255,weaker
3497,714,incomparable
1723,2145,equivalent
3097,3978,incomparable
2044,2725,incomparable
2336,93,equivalent
4409,3425,stronger
1154,3156,stronger
1594,3428,incomparable
3366,1170,stronger
874,4270,weaker
2293,2648,incomparable
3370,2043,incomparable
4536,4139,incomparable
4574,4431,incomparable
2015,4589,weaker
1218,1047,weaker
1352,1801,weaker
1639,2797,stronger
4264,2670,incomparable
928,1473,incomparable
1394,2966,equivalent
2070,1263,incomparable
3486,124,incomparable
3379,4199,equivalent
4656,1962,incomparable
241,543,weaker
4640,2957,stronger
48,148,stronger
3372,776,stronger
3578,3096,incomparable
3855,1684,incomparable
2456,2238,incomparable
1143,2566,equivalent
3502,4040,incomparable
1962,2669,incomparable
1683,4008,weaker
136,1658,weaker
2755,2305,stronger
3030,4230,weaker
2424,4420,weaker
4296,114,stronger
25,2581,stronger
156,3064,incomparable
2289,31,incomparable
3844,4154,weaker
1903,2439,equivalent
790,1135,equivalent
635,66,incomparable
3868,2296,incomparable
3854,2398,incomparable
3216,421,weaker
1070,4158,incomparable
2109,2315,equivalent
146,1595,stronger
4452,4010,incomparable
4206,2291,incomparable
4469,981,incomparable
1790,4255,incomparable
1050,3691,incomparable
2757,1038,weaker
4525,3734,incomparable
874,3465,weaker
1264,1930,stronger
2327,2393,stronger
854,3752,incomparable
804,1191,equivalent
3968,3816,stronger
1222,1704,equivalent
3424,1474,incomparable
3458,304,stronger
1837,2731,stronger
2465,4020,incomparable
3528,2763,stronger
3781,957,stronger
1556,237,stronger
2738,1146,weaker
1399,2505,equivalent
1812,1920,equivalent
1261,4261,incomparable
4093,1983,incomparable
3221,3774,weaker
3537,1536,stronger
474,3881,incomparable
3101,2137,incomparable
4529,69,stronger
3434,1788,stronger
3446,859,incomparable
1455,3753,incomparable
1811,3388,weaker
3829,597,stronger
1532,3973,weaker
809,3578,weaker
379,1550,stronger
2526,859,weaker
2452,2630,stronger
611,2839,equivalent
3388,100,incomparable
3038,2727,equivalent
3473,1901,stronger
2936,730,stronger
1699,3332,incomparable
4331,2686,incomparable
4484,2928,incomparable
3940,3996,stronger
4105,2343,incomparable
3957,4165,weaker
3052,1844,stronger
4318,3390,stronger
2202,3394,weaker
4616,603,incomparable
1532,4323,weaker
2616,1691,weaker
4242,4334,weaker
1926,1244,weaker
527,1798,equivalent
1712,2978,equivalent
1832,828,incomparable
1094,1653,weaker
794,1361,weaker
1988,1341,equivalent
656,3871,weaker
720,3132,equivalent
602,4574,weaker
62,688,stronger
1834,2594,stronger
600,1495,equivalent
4447,3396,stronger
1087,1613,weaker
2165,3862,weaker
2557,3154,equivalent
1356,1249,weaker
2507,593,incomparable
1278,4564,incomparable
404,1556,incomparable
822,1315,incomparable
1465,3636,incomparable
2463,2738,stronger
1214,607,equivalent
4297,1358,incomparable
713,2311,stronger
4159,3868,weaker
1007,314,weaker
4646,3986,stronger
2618,582,stronger
374,3784,stronger
1920,1937,weaker
3379,1434,incomparable
342,4246,equivalent
1436,3056,weaker
223,582,equivalent
209,684,incomparable
1871,2984,stronger
4125,2944,incomparable
519,3384,weaker
835,1146,incomparable
3992,2600,stronger
4646,1892,stronger
2932,3374,weaker
4155,4284,incomparable
1507,2707,incomparable
1703,4339,weaker
3348,54,incomparable
3057,2322,incomparable
2291,4509,incomparable
1465,2481,incomparable
730,3015,weaker
2745,4679,weaker
1297,618,weaker
4031,1215,stronger
1044,2424,stronger
2155,649,weaker
3172,3211,weaker
1019,4057,weaker
3987,2606,stronger
162,464,incomparable
764,3538,weaker
449,2214,stronger
3871,2431,stronger
3047,1230,weaker
3551,3207,stronger
1846,79,stronger
4201,845,incomparable
1859,506,incomparable
1915,3067,weaker
3204,655,weaker
2596,2462,weaker
1729,433,incomparable
4619,3987,stronger
1713,1620,stronger
3050,188,stronger
880,865,incomparable
398,1121,stronger
1330,3545,weaker
4479,974,stronger
4362,389,stronger
4666,800,stronger
1789,1615,stronger
1455,49,incomparable
2012,3350,weaker
3597,3740,weaker
1389,4125,weaker
3519,2329,stronger
962,116,stronger
3126,3566,weaker
1875,608,incomparable
2162,4048,incomparable
4545,3664,incomparable
264,4689,incomparable
2991,897,weaker
1839,1328,incomparable
3408,3437,equivalent
1906,860,weaker
3063,3402,incomparable
15,4335,weaker
536,3283,weaker
2829,2417,equivalent
2509,3001,stronger
246,1989,stronger
3916,56,incomparable
315,1594,incomparable
693,988,equivalent
1362,4530,weaker
4621,1565,stronger
4576,102,incomparable
2320,3479,weaker
828,2344,stronger
3491,2509,stronger
1538,3443,weaker
3360,3746,weaker
3002,3284,weaker
1854,1959,stronger
1183,1000,equivalent
1699,4300,incomparable
1723,2442,weaker
4023,303,stronger
2710,2883,incomparable
449,2698,stronger
2758,1611,equivalent
1925,1610,stronger
4014,3223,stronger
2983,4173,weaker
1918,4603,weaker
922,2164,incomparable
3549,420,incomparable
4590,158,incomparable
2953,2052,weaker
1779,2724,weaker
4530,3490,incomparable
2577,260,weaker
1467,2637,stronger
950,4562,weaker
4479,1458,incomparable
3018,1134,equivalent
2204,4593,weaker
3727,133,stronger
676,3047,stronger
1965,635,weaker
2512,3248,equivalent
485,69,equivalent
2606,2129,equivalent
739,1117,weaker
338,773,stronger
4526,523,stronger
444,2889,incomparable
3816,2053,incomparable
2940,4634,incomparable
4473,108,incomparable
3728,3926,stronger
976,3689,weaker
298,2313,stronger
2954,1499,equivalent
3155,3475,incomparable
894,2344,equivalent
3650,3454,equivalent
1620,758,equivalent
964,1585,stronger
732,2016,equivalent
1227,4439,incomparable
3095,199,stronger
3750,1591,stronger
1014,4331,incomparable
1747,3916,weaker
2760,852,weaker
3264,385,incomparable
3114,3824,weaker
3021,627,weaker
2410,2725,incomparable
953,1611,equivalent
3640,3116,incomparable
3220,1776,weaker
4352,878,stronger
2905,452,incomparable
3366,1601,stronger
3839,2013,stronger
1251,487,incomparable
1151,3289,weaker
65,2088,incomparable
414,2996,stronger
2124,4024,incomparable
1718,2582,stronger
4285,3039,incomparable
4044,1664,incomparable
615,276,incomparable
4267,3399,equivalent
769,2406,incomparable
3904,3347,stronger
2914,2608,equivalent
4552,350,stronger
3869,4292,incomparable
207,1390,stronger
582,1267,weaker
635,2591,stronger
2978,1088,weaker
937,677,weaker
653,918,stronger
343,2190,incomparable
64,523,equivalent
2672,981,incomparable
1536,4389,weaker
693,3700,weaker
559,502,equivalent
3819,2835,stronger
4007,442,incomparable
1467,88,stronger
3418,47,incomparable
768,87,equivalent
878,4419,weaker
1413,1545,equivalent
1535,2474,incomparable
635,497,stronger
965,4573,weaker
1826,960,incomparable
3193,3312,incomparable
3940,1849,incomparable
4609,2173,incomparable
3690,1674,incomparable
1668,3003,stronger
16,2145,stronger
3723,1033,incomparable
3100,1808,stronger
1429,1674,stronger
3340,2958,incomparable
114,3619,incomparable
1184,1843,incomparable
2982,806,incomparable
1256,965,stronger
1027,4111,incomparable
2467,1114,stronger
2348,3112,weaker
586,3614,weaker
1880,1546,stronger
947,3593,incomparable
4333,1901,stronger
3426,2917,incomparable
587,806,weaker
888,3952,weaker
2221,1058,weaker
755,390,weaker
4306,3461,incomparable
1047,1730,stronger
2101,3393,incomparable
3164,638,weaker
2517,827,incomparable
1444,2305,stronger
2483,4626,incomparable
3197,3969,incomparable
4687,2779,incomparable
2097,2870,incomparable
3169,1921,weaker
593,1910,incomparable
3836,3138,stronger
3717,972,incomparable
3309,3621,stronger
2325,1007,equivalent
1418,2023,equivalent
3368,4201,equivalent
3600,1326,stronger
3378,2445,incomparable
859,3722,weaker
673,4498,weaker
2553,1773,equivalent
4382,49,incomparable
3499,3903,incomparable
1985,2255,weaker
2642,310,weaker
2754,1305,equivalent
3177,1408,equivalent
1936,3302,weaker
1530,2614,equivalent
1965,2542,equivalent
3575,3898,weaker
3611,1865,incomparable
1049,1752,stronger
2465,613,stronger
3346,2348,stronger
3450,2671,incomparable
2516,2830,equivalent
2581,3979,weaker
1402,335,weaker
254,4672,weaker
3922,4386,incomparable
1496,1690,stronger
584,642,weaker
2815,4560,weaker
1657,2547,stronger
989,1859,incomparable
1825,1377,equivalent
144,3753,weaker
2005,2476,weaker
4111,4258,incomparable
3519,182,incomparable
778,1824,stronger
1977,2902,weaker
1194,1510,weaker
4186,645,incomparable
3174,2399,weaker
2573,2933,stronger
792,941,equivalent
3975,3616,equivalent
4093,3837,incomparable
836,2933,stronger
507,1711,equivalent
2597,4458,weaker
1639,813,stronger
1582,279,equivalent
2244,398,incomparable
3592,3262,weaker
3372,2764,stronger
4656,917,incomparable
2273,3021,stronger
2089,4432,incomparable
2271,2194,stronger
2689,1953,incomparable
3076,901,incomparable
4288,3150,incomparable
2627,4458,weaker
798,3738,weaker
1822,1055,weaker
731,2516,stronger
2637,450,weaker
1086,3616,incomparable
1733,1737,equivalent
439,3805,incomparable
3340,1132,stronger
3119,1887,weaker
1548,3677,weaker
4036,835,incomparable
610,1408,equivalent
453,670,incomparable
3495,2174,stronger
4092,178,stronger
1555,1061,weaker
1458,4134,incomparable
4486,482,stronger
3954,2873,incomparable
783,23,weaker
628,2364,incomparable
1428,2979,incomparable
213,2122,stronger
4124,3284,incomparable
3966,1944,stronger
2045,4079,incomparable
2331,2221,stronger
4037,4039,equivalent
467,726,stronger
1926,4387,weaker
1728,2682,incomparable
2905,2493,weaker
1774,583,incomparable
3436,2883,incomparable
1588,1359,equivalent
4219,1077,stronger
1078,4263,weaker
3666,3345,incomparable
3430,2314,incomparable
1678,3504,incomparable
1790,4499,incomparable
3223,2775,equivalent
3598,1898,incomparable
365,3832,incomparable
3135,676,weaker
1564,4156,incomparable
536,681,equivalent
3383,3407,equivalent
928,3945,incomparable
4243,4265,stronger
2144,3684,incomparable
979,2190,weaker
1951,4043,weaker
3317,343,incomparable
1264,3113,incomparable
2148,4557,incomparable
1195,502,equivalent
147,347,weaker
1941,4264,incomparable
2731,219,weaker
3954,1129,incomparable
2583,2041,weaker
2677,3366,incomparable
2061,2868,incomparable
4530,538,stronger
3155,1678,incomparable
1176,3643,weaker
3717,2879,incomparable
190,4366,incomparable
1310,4397,weaker
231,1923,stronger
2063,2914,stronger
1428,2174,stronger
225,388,weaker
1118,1194,equivalent
3337,379,incomparable
493,1142,equivalent
4390,154,incomparable
2344,4095,weaker
1177,1774,weaker
3849,1493,stronger
504,742,stronger
2104,1410,weaker
2255,4023,incomparable
3370,3710,incomparable
171,4474,weaker
412,1153,stronger
1933,1528,weaker
3709,4307,incomparable
3979,1724,incomparable
431,2334,stronger
1458,2174,stronger
3650,502,stronger
4634,3116,incomparable
1356,3587,weaker
613,96,equivalent
926,2313,stronger
1891,4685,weaker
1695,3807,incomparable
1894,2704,stronger
903,2329,equivalent
3764,981,incomparable
4180,667,incomparable
1544,4577,weaker
873,208,incomparable
2034,240,equivalent
3827,3023,stronger
3553,3952,incomparable
4447,3640,stronger
2054,892,stronger
617,1154,incomparable
158,1394,stronger
1656,4229,incomparable
4615,3224,stronger
2731,2797,equivalent
1697,1786,stronger
2674,3983,incomparable
1865,1370,incomparable
2575,3223,stronger
3450,3423,equivalent
1015,4583,weaker
2903,810,stronger
1029,2037,incomparable
1536,3531,weaker
1512,2945,equivalent
146,229,incomparable
889,3720,incomparable
3812,806,incomparable
312,3150,incomparable
4553,1972,stronger
1760,4178,weaker
934,2150,stronger
982,3884,weaker
3678,4189,stronger
101,3869,incomparable
3578,575,incomparable
2019,3126,stronger
515,2166,equivalent
3693,4497,incomparable
2523,2659,weaker
3474,1915,stronger
3675,3891,incomparable
3472,2808,incomparable
163,3966,incomparable
4683,2203,incomparable
2611,4169,weaker
209,1867,incomparable
2167,2997,stronger
3977,1223,incomparable
1907,3824,weaker
3187,3578,weaker
275,3618,weaker
3642,2438,stronger
3043,3799,weaker
591,3100,weaker
143,4630,weaker
2194,1787,equivalent
2049,3126,incomparable
1285,1976,stronger
543,1339,stronger
2573,4035,incomparable
3046,2003,equivalent
2476,4102,incomparable
1475,3793,incomparable
2846,1191,equivalent
1989,4014,weaker
175,4326,weaker
3807,2101,incomparable
3511,3271,incomparable
2267,1484,incomparable
2186,4528,incomparable
1479,3912,incomparable
2284,899,stronger
4089,2753,incomparable
1274,1036,weaker
4132,4143,incomparable
2170,1551,stronger
1772,2444,incomparable
2066,447,stronger
2726,493,equivalent
2170,2490,incomparable
4184,2209,stronger
478,2233,equivalent
278,667,weaker
1095,889,weaker
1150,596,stronger
3448,828,incomparable
3909,1223,incomparable
3701,2994,incomparable
927,524,weaker
2077,986,stronger
2558,1259,incomparable
1381,4666,weaker
3337,997,stronger
3153,2408,equivalent
596,3393,weaker
1575,1499,equivalent
634,3685,incomparable
2058,155,incomparable
800,190,weaker
1142,3337,weaker
3989,3811,stronger
176,2992,incomparable
3342,4000,stronger
991,4107,weaker
552,3471,weaker
2171,971,equivalent
2787,3189,stronger
514,2987,equivalent
3487,1880,incomparable
4018,1516,incomparable
651,1006,stronger
3464,1896,stronger
4104,1290,stronger
4078,69,stronger
2383,1793,incomparable
1810,1931,weaker
1476,2809,stronger
1471,2465,equivalent
1699,4544,weaker
1286,2685,incomparable
238,1776,incomparable
3304,1614,stronger
2932,2008,equivalent
4298,3226,stronger
1287,843,weaker
2885,3882,incomparable
3890,957,stronger
755,16,weaker
1994,1459,weaker
1727,1115,weaker
1599,4313,weaker
4082,1127,stronger
4178,1589,stronger
1000,3230,equivalent
2822,2779,weaker
4154,1003,stronger
3543,849,incomparable
2288,2845,stronger
4669,4078,incomparable
3239,3067,weaker
4402,3734,stronger
1093,2640,equivalent
4044,1774,incomparable
2967,3133,equivalent
778,1316,incomparable
3426,449,incomparable
75,4579,incomparable
2174,464,weaker
121,2480,weaker
1076,4164,incomparable
3835,2539,stronger
4492,4566,stronger
2501,1798,equivalent
3333,608,incomparable
1332,2814,stronger
2483,2158,stronger
1738,2004,stronger
591,335,weaker
2760,4129,weaker
3818,1030,incomparable
547,2480,weaker
82,4595,incomparable
1102,258,weaker
1883,823,incomparable
1456,3230,stronger
3663,2590,stronger
3171,4602,weaker
4346,368,incomparable
1524,890,equivalent
4332,2190,incomparable
1620,1352,equivalent
1403,2815,equivalent
2945,1815,equivalent
80,2455,weaker
1819,249,equivalent
3935,1965,stronger
2519,660,incomparable
2534,2446,incomparable
3484,3786,incomparable
1938,880,weaker
1838,3682,incomparable
4682,4639,incomparable
4690,4500,incomparable
449,982,stronger
1868,3524,incomparable
937,3954,weaker
4056,4362,weaker
501,2081,incomparable
3208,2575,weaker
2781,3262,weaker
3247,2503,weaker
709,2784,stronger
1361,1249,incomparable
3522,4428,incomparable
4320,4408,incomparable
275,48,weaker
1615,2297,equivalent
2090,2590,stronger
4280,845,incomparable
2203,2467,incomparable
1403,1660,weaker
601,972,weaker
331,1111,stronger
1076,1265,incomparable
3963,1138,stronger
1736,3755,weaker
1263,1091,stronger
3804,327,incomparable
3840,3956,equivalent
154,2912,incomparable
3053,1856,stronger
4297,3643,stronger
2356,4402,weaker
2877,1630,incomparable
4503,1267,incomparable
1349,84,stronger
4365,3777,incomparable
328,3442,stronger
4375,2021,stronger
4226,1898,incomparable
2774,1128,stronger
24,3970,incomparable
4043,2945,stronger
4019,107,incomparable
4621,2427,stronger
4589,2889,incomparable
2311,845,weaker
1366,3821,incomparable
4537,4419,incomparable
41,4324,weaker
2887,1944,stronger
1027,4355,incomparable
3805,4470,weaker
1854,2821,incomparable
1584,2960,weaker
2650,3694,incomparable
4083,1970,stronger
623,4679,incomparable
2758,2473,weaker
807,824,weaker
1837,4345,incomparable
2348,4295,weaker
2296,4105,incomparable
4020,867,incomparable
3820,2499,incomparable
2077,3243,stronger
1669,1728,incomparable
2935,3274,weaker
2550,3463,incomparable
1687,3997,incomparable
3869,1637,incomparable
3729,3320,incomparable
658,1640,incomparable
1036,280,incomparable
3546,4367,incomparable
3233,3870,weaker
3262,4608,incomparable
2763,1477,weaker
273,486,stronger
3201,4332,incomparable
4519,2658,incomparable
2993,1939,equivalent
2671,1888,incomparable
150,1584,equivalent
1891,4177,weaker
1781,2319,weaker
4200,3844,stronger
518,290,weaker
2357,3418,weaker
3130,2587,stronger
3596,4080,weaker
3961,2515,stronger
943,2159,stronger
2431,2586,weaker
616,1764,incomparable
4184,4250,equivalent
3315,2340,incomparable
684,178,stronger
1570,2257,weaker
3072,138,incomparable
2776,1308,stronger
3834,461,incomparable
1144,1102,equivalent
3186,2869,weaker
2971,2715,equivalent
2866,1201,stronger
249,1189,equivalent
276,1292,stronger
4314,4481,incomparable
52,86,stronger
850,4038,incomparable
757,1595,stronger
3477,2294,incomparable
3566,4029,stronger
3796,4491,weaker
1864,2330,incomparable
1597,1986,equivalent
1530,764,equivalent
1029,2468,incomparable
966,2119,weaker
1456,4198,incomparable
3507,1355,incomparable
4035,1474,incomparable
1378,343,incomparable
3510,2592,incomparable
43,158,incomparable
4447,2916,stronger
3764,3640,equivalent
3445,3106,incomparable
1692,3162,stronger
312,548,stronger
2683,1093,stronger
2970,4533,weaker
585,1646,weaker
1118,2109,equivalent
3847,2362,stronger
3726,4287,incomparable
340,3535,weaker
2795,745,stronger
3901,878,stronger
4221,4266,stronger
759,2176,stronger
4484,704,incomparable
4368,2973,incomparable
280,1949,incomparable
1369,415,weaker
3170,3059,weaker
176,3289,incomparable
2134,4419,incomparable
2132,1340,incomparable
4520,1300,stronger
115,1323,incomparable
980,2525,weaker
1699,1458,incomparable
1799,3382,weaker
515,1442,weaker
2111,1402,stronger
3236,1777,equivalent
3876,4389,incomparable
1345,179,weaker
2878,3789,incomparable
4177,2065,incomparable
1021,3465,incomparable
92,558,weaker
4350,1993,incomparable
3474,4574,incomparable
2996,1566,equivalent
2013,4250,weaker
3391,375,weaker
2981,2197,stronger
341,4645,weaker
322,4403,incomparable
1891,3506,weaker
1984,287,equivalent
1524,1992,weaker
3224,4584,weaker
2706,2901,stronger
841,272,stronger
2592,3553,incomparable
963,1955,equivalent
3447,4067,weaker
2107,2572,stronger
3650,2706,incomparable
3350,4134,incomparable
4126,191,stronger
979,1145,equivalent
2875,1397,stronger
1524,2931,weaker
2613,1397,stronger
3494,3132,stronger
3705,3544,incomparable
4612,84,stronger
704,2603,stronger
1867,3270,incomparable
3856,3713,weaker
437,2259,incomparable
1079,36,equivalent
3606,2784,stronger
3205,2440,stronger
3143,1562,stronger
3122,4657,incomparable
42,3423,stronger
689,790,equivalent
2320,771,equivalent
4199,1608,incomparable
3180,2383,incomparable
594,1684,weaker
1318,961,stronger
4312,731,incomparable
1977,4569,incomparable
3467,3379,stronger
2863,232,stronger
867,2782,incomparable
1202,786,incomparable
1766,3568,weaker
3177,1331,equivalent
4170,89,stronger
2658,4149,incomparable
3661,3595,stronger
2486,1413,stronger
104,2207,stronger
1458,190,incomparable
1215,432,weaker
1229,4302,incomparable
2383,3163,incomparable
3537,2024,incomparable
3566,1264,incomparable
1116,1392,equivalent
1150,222,incomparable
4455,608,incomparable
2650,474,incomparable
3906,1332,incomparable
1915,4226,weaker
1669,1541,stronger
303,2043,weaker
1749,4688,weaker
3616,38,weaker
2726,469,weaker
4479,2133,stronger
1075,1741,stronger
1639,3769,incomparable
3652,634,incomparable
1611,1721,weaker
2066,2301,incomparable
3936,1332,incomparable
708,1166,equivalent
2561,28,weaker
1462,2537,stronger
134,113,incomparable
665,3913,incomparable
3156,588,weaker
723,3137,stronger
3113,3924,incomparable
382,592,stronger
2722,1824,stronger
4356,4520,incomparable
623,3687,incomparable
1660,1963,stronger
473,710,stronger
517,4200,weaker
2654,377,incomparable
1327,3251,equivalent
3113,891,stronger
3477,2107,incomparable
3712,2913,incomparable
3094,4032,incomparable
3760,1641,incomparable
358,356,equivalent
3775,983,stronger
2813,2292,equivalent
3083,3873,incomparable
2322,2240,weaker
4471,686,incomparable
388,6,stronger
128,833,weaker
3409,4043,stronger
524,833,incomparable
1179,2979,weaker
3481,3919,incomparable
2722,3113,incomparable
3128,4555,incomparable
3763,2851,incomparable
1177,2152,weaker
1526,54,incomparable
4535,1610,stronger
170,1998,stronger
4009,2318,incomparable
3133,203,weaker
2916,1666,weaker
440,3579,incomparable
273,433,incomparable
3413,2472,incomparable
256,1018,stronger
1548,4539,weaker
2380,3349,weaker
2528,3247,weaker
4651,2724,incomparable
1447,3144,stronger
4062,2329,stronger
729,649,weaker
2334,1661,weaker
2690,1296,stronger
1907,4068,weaker
4500,3494,incomparable
1367,182,weaker
2426,4633,weaker
518,3620,weaker
1796,4237,weaker
1089,4375,weaker
2061,1502,incomparable
4072,3956,stronger
4296,1220,stronger
1347,469,weaker
3752,2288,incomparable
3437,3216,stronger
699,2877,weaker
3343,548,stronger
3771,1749,stronger
177,2014,incomparable
818,3508,incomparable
1515,3436,incomparable
3734,1867,incomparable
1759,3796,incomparable
4078,4151,stronger
4384,3669,incomparable
3778,3859,equivalent
3391,3221,stronger
4268,3494,incomparable
1391,4309,incomparable
3800,1174,stronger
3586,656,incomparable
4362,877,stronger
3009,3304,weaker
660,3272,incomparable
1474,3031,stronger
4265,944,stronger
4263,117,incomparable
3070,2991,stronger
190,1845,incomparable
301,895,weaker
547,4334,weaker
805,2872,weaker
2083,3489,incomparable
2224,2970,equivalent
3301,2365,stronger
3340,1539,incomparable
1301,3453,incomparable
4572,1811,incomparable
1934,922,incomparable
3954,2930,stronger
387,3298,incomparable
201,664,weaker
4277,4337,incomparable
4007,312,incomparable
20,1784,weaker
3461,2997,stronger
10,1096,incomparable
185,1851,weaker
3896,2925,incomparable
2062,1861,incomparable
1172,2292,equivalent
2371,2616,equivalent
1447,245,stronger
2365,2047,weaker
54,2307,stronger
3388,2145,stronger
3040,3125,equivalent
1972,4038,weaker
913,2940,weaker
3991,4101,weaker
901,1425,stronger
1895,3037,stronger
3617,1416,stronger
682,563,stronger
1989,420,weaker
65,4536,incomparable
4573,292,stronger
2644,4064,incomparable
1667,4341,weaker
774,3535,incomparable
2620,1226,weaker
3480,2084,incomparable
2131,2755,weaker
3075,4250,incomparable
3173,1375,equivalent
1177,3925,weaker
4587,3573,incomparable
1127,2118,equivalent
3174,4229,weaker
4151,10,incomparable
3306,1904,incomparable
2953,2540,weaker
1238,2888,incomparable
2258,995,stronger
4154,1247,incomparable
1690,1477,weaker
1965,184,equivalent
3427,3362,equivalent
2997,1334,weaker
1961,2694,weaker
2692,1452,incomparable
2532,3449,weaker
482,2730,equivalent
1893,1247,weaker
4152,1551,stronger
3587,1550,stronger
1655,143,stronger
3329,760,stronger
4402,945,stronger
596,3771,weaker
2454,2977,incomparable
4379,1715,stronger
4585,4035,incomparable
633,3838,incomparable
3253,3367,stronger
4396,2069,incomparable
841,3952,incomparable
4050,1432,incomparable
3339,108,incomparable
2416,4563,weaker
262,111,incomparable
227,3500,weaker
564,2139,equivalent
1636,1190,stronger
779,4013,weaker
2661,1361,incomparable
2805,2803,stronger
3242,3558,incomparable
4457,4415,incomparable
4651,1248,incomparable
1103,4110,weaker
683,518,equivalent
4119,1387,incomparable
3222,3091,incomparable
2916,3573,weaker
2582,4451,weaker
2747,354,weaker
2733,4620,incomparable
1766,1421,equivalent
3202,3378,weaker
3644,1279,incomparable
1608,3464,incomparable
3372,1345,stronger
4376,3645,stronger
3352,3322,incomparable
3426,3271,weaker
3266,1858,incomparable
3698,1515,incomparable
965,3772,weaker
4442,4642,incomparable
3410,1048,incomparable
3752,4195,stronger
1985,4353,weaker
3630,822,incomparable
2800,3748,weaker
959,3957,weaker
3588,3040,stronger
2834,2578,equivalent
3149,1458,incomparable
2707,1305,stronger
2954,1182,equivalent
3288,304,stronger
2238,1766,stronger
1851,4538,incomparable
1531,1150,incomparable
407,4383,incomparable
3998,2157,stronger
2951,884,equivalent
1125,3845,incomparable
581,749,weaker
3609,4267,equivalent
4428,4370,incomparable
1935,452,weaker
892,3085,weaker
479,472,stronger
969,2551,equivalent
2318,190,incomparable
3073,2752,stronger
3532,3266,incomparable
557,1294,equivalent
4084,3779,stronger
400,3562,weaker
2597,2234,equivalent
990,395,weaker
2070,1027,incomparable
93,3819,weaker
2820,27,weaker
2646,2126,incomparable
1739,3142,weaker
2341,1490,equivalent
120,2232,equivalent
1011,4655,weaker
2322,1248,incomparable
3934,1741,stronger
2700,2362,stronger
1313,1987,incomparable
2133,2480,weaker
2351,3871,incomparable
1983,2721,stronger
140,2295,equivalent
3034,895,incomparable
3266,4436,incomparable
462,2346,stronger
4176,4657,incomparable
1442,1808,stronger
308,1879,incomparable
824,483,incomparable
3692,114,incomparable
4225,577,stronger
3165,597,equivalent
1484,2973,incomparable
424,2993,stronger
520,3455,incomparable
149,2007,equivalent
2427,2553,equivalent
3893,777,stronger
3624,2050,incomparable
2855,556,stronger
3424,3682,weaker
1483,1967,incomparable
692,714,incomparable
2889,140,stronger
2971,4114,weaker
1849,4010,incomparable
3499,69,stronger
1035,1053,incomparable
460,2808,incomparable
684,72,incomparable
4520,3504,incomparable
2266,4298,incomparable
2266,1854,stronger
3864,1887,incomparable
1651,238,incomparable
2888,854,incomparable
398,617,incomparable
535,3332,weaker
1650,3019,stronger
2858,2897,stronger
1953,576,stronger
4592,347,incomparable
3188,557,stronger
3706,2240,incomparable
803,1834,weaker
4013,4612,incomparable
1634,1762,stronger
1422,3569,weaker
3258,3016,stronger
3562,2461,incomparable
515,4585,weaker
1597,4324,weaker
4002,4453,weaker
1340,2978,stronger
4671,1579,stronger
727,4441,incomparable
1383,1362,stronger
3332,2938,stronger
823,1705,incomparable
3069,3467,incomparable
4258,3103,incomparable
1553,992,equivalent
3027,3241,equivalent
3557,23,incomparable
1241,3349,incomparable
3802,3237,incomparable
3322,2600,stronger
4581,2975,stronger
2930,275,equivalent
2713,1738,weaker
2233,1101,weaker
4303,2472,incomparable
3774,2128,incomparable
2036,3970,incomparable
2920,2970,equivalent
1581,3575,incomparable
3869,2365,stronger
3210,3483,incomparable
2599,3329,weaker
1876,2934,stronger
3316,2189,stronger
1006,3051,weaker
4153,3063,incomparable
598,2502,stronger
1902,1122,incomparable
4011,1667,incomparable
3732,3006,stronger
4169,3007,incomparable
1691,4093,incomparable
3496,1975,incomparable
4385,3571,stronger
801,4524,incomparable
1701,85,stronger
1924,1820,stronger
740,4248,weaker
38,566,incomparable
4207,266,incomparable
3854,902,stronger
411,3026,stronger
2310,2795,incomparable
838,2312,stronger
2885,4423,incomparable
4494,481,incomparable
2880,4079,incomparable
1040,726,stronger
128,1398,equivalent
1647,1138,stronger
3089,1220,stronger
2249,3458,incomparable
2385,875,incomparable
3025,3679,weaker
4386,389,stronger
4105,2591,stronger
87,808,equivalent
1852,1543,incomparable
638,1096,incomparable
464,3949,incomparable
1426,388,incomparable
4048,744,incomparable
3843,1278,incomparable
2626,4320,weaker
384,3431,incomparable
3665,225,stronger
387,696,stronger
1987,2118,stronger
593,3016,stronger
4325,2715,stronger
2642,3510,weaker
4003,220,stronger
3547,4141,weaker
665,640,weaker
1523,4643,incomparable
79,3734,weaker
3482,4655,incomparable
590,4438,weaker
648,2164,incomparable
1599,4638,weaker
2086,784,stronger
1907,2539,equivalent
4039,816,stronger
4405,1139,stronger
2827,4202,weaker
907,1112,incomparable
2923,3910,incomparable
497,1214,equivalent
4327,3700,incomparable
1290,850,weaker
2489,1174,stronger
2093,2894,incomparable
1272,1210,stronger
365,2226,stronger
3505,4265,stronger
1860,1380,stronger
3248,4609,weaker
689,2323,equivalent
1116,1636,weaker
4505,2659,incomparable
3361,2042,incomparable
3330,477,incomparable
4087,2900,incomparable
986,4007,weaker
3476,302,incomparable
822,2852,incomparable
3513,2813,stronger
1226,1215,stronger
2609,3346,incomparable
4331,2479,incomparable
2158,1195,equivalent
1451,1333,stronger
4172,914,incomparable
170,2108,stronger
3045,4630,weaker
92,4669,weaker
3239,4681,weaker
2239,1534,stronger
393,1399,stronger
947,2739,incomparable
236,1415,weaker
2997,2115,weaker
4069,1166,stronger
3823,1699,incomparable
3310,4332,incomparable
1431,4249,incomparable
1739,2150,equivalent
3425,872,incomparable
259,1584,stronger
419,3751,incomparable
9,3853,incomparable
333,2287,incomparable
1852,2027,stronger
4534,2434,stronger
391,1703,stronger
248,3869,weaker
3424,1401,stronger
1593,4018,weaker
3439,1709,incomparable
1761,2848,incomparable
1960,1745,equivalent
50,2349,incomparable
4501,981,incomparable
559,4670,weaker
4565,1905,stronger
1048,4080,incomparable
3285,4625,incomparable
4412,3383,stronger
3388,3060,incomparable
4122,1335,stronger
2456,2299,stronger
3232,2520,stronger
1969,3901,weaker
4529,3379,stronger
3421,2419,stronger
2143,1802,equivalent
2196,682,incomparable
659,3746,weaker
3104,268,weaker
862,133,stronger
3525,298,stronger
256,323,weaker
1782,1042,weaker
2379,3018,equivalent
383,2350,stronger
4550,1223,incomparable
2497,3239,stronger
976,420,weaker
4035,1531,stronger
3890,2116,incomparable
3792,1581,incomparable
3255,3820,incomparable
3064,842,incomparable
4296,3558,incomparable
1598,174,stronger
2616,1618,weaker
4674,3918,incomparable
713,949,incomparable
1652,2100,incomparable
4011,3574,weaker
2743,1201,stronger
3111,1597,equivalent
4015,2003,stronger
28,4229,incomparable
1716,580,equivalent
2113,216,incomparable
418,1940,stronger
2811,2998,weaker
225,2299,equivalent
4671,587,stronger
3857,4046,stronger
1968,3275,weaker
569,3829,weaker
1003,149,equivalent
789,1883,weaker
2652,2187,stronger
2685,2135,incomparable
4635,4313,incomparable
574,1140,equivalent
2878,463,incomparable
2535,1787,equivalent
231,4184,incomparable
2521,3609,incomparable
174,1206,equivalent
320,3475,incomparable
1072,3110,stronger
4363,592,stronger
2257,1284,stronger
567,3352,weaker
3948,2070,incomparable
1482,4671,incomparable
1095,3471,weaker
2967,3137,equivalent
3643,1434,incomparable
4140,2240,incomparable
4620,3631,stronger
1879,1109,incomparable
1972,2054,weaker
3742,1413,stronger
972,2125,incomparable
4454,3339,incomparable
171,4291,weaker
1138,1074,equivalent
3762,2065,incomparable
1757,3563,weaker
1697,314,incomparable
413,3824,incomparable
1232,709,incomparable
2706,2958,incomparable
2157,4436,weaker
2327,4093,incomparable
78,2787,incomparable
792,1376,equivalent
2046,4605,incomparable
2880,1798,stronger
2997,2383,weaker
2257,2573,incomparable
4201,3805,equivalent
1921,2624,stronger
1393,4225,weaker
2229,525,equivalent
1919,3517,weaker
2523,248,equivalent
4575,3457,incomparable
1199,2639,equivalent
4162,844,incomparable
4437,2769,stronger
495,42,incomparable
4402,1994,stronger
4187,2594,stronger
2547,53,weaker
3459,1101,incomparable
1902,1069,incomparable
484,1381,equivalent
4159,546,incomparable
4066,4519,incomparable
3543,2492,stronger
4505,1183,stronger
2747,2558,weaker
1007,375,weaker
568,3711,weaker
3503,2312,stronger
1916,3569,incomparable
3065,2086,incomparable
4586,209,incomparable
2377,22,equivalent
2232,3051,incomparable
2056,2825,stronger
3244,1270,weaker
4240,2955,stronger
3877,2903,incomparable
100,1741,stronger
614,1962,incomparable
4642,491,stronger
3845,3365,equivalent
3303,1096,incomparable
600,3784,weaker
1386,4693,weaker
674,4487,weaker
4020,1676,incomparable
2645,3570,incomparable
3130,2107,weaker
1934,1300,stronger
1595,1834,weaker
2861,4134,incomparable
2381,4463,incomparable
2353,2415,weaker
1535,2722,incomparable
2247,3682,incomparable
1853,1311,stronger
1388,3426,weaker
567,1742,weaker
2253,2184,stronger
1136,2424,equivalent
329,638,stronger
2600,13,weaker
1103,32,equivalent
3730,2452,incomparable
411,2168,stronger
2448,4345,incomparable
39,310,incomparable
4194,866,incomparable
168,720,stronger
3022,4617,weaker
665,1526,incomparable
2989,2225,equivalent
1767,197,stronger
3856,1810,stronger
3140,2394,stronger
1641,1778,stronger
3320,3493,incomparable
3287,1101,incomparable
1470,1896,stronger
1518,4596,incomparable
365,2173,incomparable
3484,3335,incomparable
399,1003,stronger
3155,2113,incomparable
3456,1287,stronger
1561,2199,weaker
1258,2390,stronger
1130,3144,equivalent
2066,614,incomparable
1075,993,stronger
2752,4325,weaker
1780,4192,incomparable
1699,3072,incomparable
1549,95,equivalent
1797,1917,stronger
2079,849,incomparable
415,1886,stronger
2746,3756,incomparable
4412,1102,stronger
905,3965,weaker
2894,244,stronger
3730,4680,incomparable
2491,3237,incomparable
4256,2252,incomparable
3580,949,incomparable
3485,4095,incomparable
2938,1482,weaker
4101,2149,stronger
486,1537,weaker
3944,2165,incomparable
7,3754,weaker
2464,1599,stronger
941,4561,weaker
461,3924,weaker
958,3976,weaker
1111,808,equivalent
307,3457,incomparable
4472,1503,stronger
1726,3555,incomparable
2395,681,equivalent
3231,953,equivalent
433,2815,stronger
2351,2826,stronger
3070,1759,incomparable
3457,707,incomparable
3297,2704,stronger
559,4617,weaker
812,367,weaker
2338,1086,incomparable
435,4581,incomparable
1885,2272,incomparable
4488,2386,stronger
971,4561,weaker
3555,2181,stronger
819,757,stronger
2820,271,weaker
3780,2299,stronger
4587,4085,incomparable
4624,180,stronger
2549,2437,equivalent
3280,1195,stronger
413,2698,stronger
1977,2211,stronger
3508,830,incomparable
786,3468,incomparable
22,2318,weaker
2570,2725,weaker
1505,2401,equivalent
4679,3270,incomparable
2951,3356,weaker
4644,805,stronger
2543,1841,incomparable
1073,3683,incomparable
2826,1375,stronger
1818,2339,equivalent
2525,2201,stronger
1415,414,incomparable
35,1964,weaker
4493,1575,stronger
4388,61,incomparable
2527,2247,weaker
202,1323,weaker
1160,3278,weaker
458,3006,stronger
2944,2535,stronger
4618,3906,incomparable
895,3761,weaker
2113,163,incomparable
1870,4377,incomparable
4143,415,incomparable
2723,846,weaker
3702,672,incomparable
1554,1862,weaker
1967,1277,stronger
2115,1929,incomparable
4458,2870,incomparable
2078,2047,stronger
3993,2541,incomparable
1281,1703,stronger
4092,2520,stronger
456,4249,incomparable
4026,4152,incomparable
1636,1113,incomparable
2379,4604,weaker
2171,2211,equivalent
1727,477,weaker
2050,3382,incomparable
2616,3793,weaker
190,1097,stronger
3089,41,incomparable
3865,262,incomparable
1843,1591,stronger
4374,139,stronger
3616,2941,stronger
3654,3233,stronger
393,3119,stronger
3688,2063,incomparable
1076,143,stronger
2903,790,stronger
1633,1000,stronger
3615,2716,incomparable
4100,2007,stronger
4306,4327,weaker
1837,995,stronger
1092,87,stronger
3036,1319,equivalent
488,912,weaker
238,2427,stronger
3197,3896,incomparable
3615,3655,equivalent
337,4126,weaker
1395,3279,incomparable
3401,3137,stronger
1154,1904,weaker
1567,2073,weaker
2281,662,stronger
2000,2864,incomparable
1088,3536,incomparable
3598,1207,incomparable
3092,2567,incomparable
4198,448,incomparable
1025,3187,stronger
1369,2997,equivalent
3477,688,stronger
1023,2360,stronger
2616,2049,weaker
9,1035,incomparable
3247,3609,incomparable
4102,4123,incomparable
105,743,stronger
1163,4060,weaker
2087,15,stronger
1999,4332,weaker
1190,1719,weaker
3210,3727,incomparable
1403,2766,equivalent
4582,1727,stronger
4422,314,incomparable
1898,493,stronger
2603,4446,weaker
3016,3861,weaker
550,46,weaker
3446,3445,stronger
1885,1951,stronger
4328,4062,stronger
3999,2840,stronger
597,1555,equivalent
2624,2290,weaker
1829,1827,equivalent
4224,2958,incomparable
4170,443,incomparable
1391,1601,stronger
4020,684,incomparable
4307,4124,incomparable
1039,3593,incomparable
2644,4605,incomparable
3506,3846,stronger
3232,3085,weaker
1606,442,weaker
2084,1006,stronger
1179,2849,weaker
984,4071,weaker
427,770,stronger
1588,802,equivalent
867,1042,weaker
2195,4220,incomparable
1424,1899,equivalent
2172,72,weaker
3161,3784,incomparable
687,3326,weaker
1158,2911,stronger
2486,3645,incomparable
2518,4092,weaker
1286,1376,stronger
4426,3415,stronger
3003,3383,weaker
539,395,weaker
1511,1494,weaker
2472,714,incomparable
2909,715,stronger
3325,4565,incomparable
214,1012,stronger
4152,3031,stronger
327,889,incomparable
48,1474,incomparable
1004,350,incomparable
3767,1685,incomparable
9,1519,incomparable
1595,37,equivalent
3214,1701,incomparable
1801,4077,incomparable
2926,4452,weaker
2241,4349,incomparable
3051,3400,incomparable
3352,130,incomparable
2875,3174,stronger
3088,4221,incomparable
3401,2466,incomparable
1037,648,stronger
2558,1023,incomparable
1078,457,incomparable
343,991,stronger
2291,679,incomparable
4304,3960,stronger
1616,1264,weaker
2325,263,weaker
2729,4288,weaker
1497,1572,equivalent
1211,3430,weaker
1034,350,incomparable
454,1761,incomparable
3730,4627,incomparable
2804,1429,incomparable
1427,1742,incomparable
3385,2872,incomparable
788,4266,weaker
2340,3954,incomparable
612,3286,weaker
27,381,incomparable
4402,4653,incomparable
445,894,stronger
2944,2348,stronger
15,4693,weaker
1008,3451,weaker
220,1715,equivalent
2281,3724,incomparable
1906,4601,weaker
3649,3857,equivalent
4528,2513,incomparable
3289,1070,incomparable
202,2075,weaker
1148,987,equivalent
2399,1501,stronger
3643,3288,weaker
1976,644,weaker
3847,2529,stronger
2887,4473,incomparable
1237,1244,incomparable
2066,2789,incomparable
2732,398,weaker
4103,4212,stronger
1374,3959,incomparable
3724,3627,stronger
1059,2635,stronger
2857,1598,incomparable
3500,4673,incomparable
2349,3077,incomparable
4694,4653,equivalent
816,433,weaker
21,724,equivalent
895,1480,incomparable
3799,768,stronger
3620,2523,stronger
2416,1855,weaker
3644,665,incomparable
166,2768,stronger
3120,1419,stronger
3674,2759,stronger
4011,1590,incomparable
3357,3052,incomparable
2225,1506,weaker
4193,3324,weaker
2445,3724,incomparable
3890,1071,incomparable
2508,1794,equivalent
3208,4649,weaker
101,3312,incomparable
4159,1461,incomparable
298,3826,incomparable
4293,1461,incomparable
3494,2010,stronger
1353,1927,stronger
508,3821,incomparable
4283,4156,stronger
2294,1461,incomparable
2390,1923,equivalent
1552,824,incomparable
1263,721,stronger
1337,670,weaker
556,2522,incomparable
3507,1656,incomparable
897,371,incomparable
3562,1363,stronger
2526,1969,equivalent
3175,163,weaker
4362,2170,incomparable
2493,331,incomparable
3217,1328,weaker
1324,1347,equivalent
706,2466,incomparable
1707,2805,incomparable
2223,3853,weaker
3511,2714,incomparable
2778,1631,incomparable
3911,3587,incomparable
4682,3464,incomparable
4406,3566,incomparable
633,1614,stronger
2536,3037,stronger
2692,3550,incomparable
1085,957,stronger
3339,917,incomparable
240,2851,weaker
4565,1344,incomparable
2385,2087,incomparable
4615,707,incomparable
2944,3771,incomparable
4277,2597,stronger
187,3190,equivalent
560,1486,weaker
4650,893,incomparable
548,4135,weaker
190,4427,incomparable
1778,362,weaker
2046,3560,incomparable
869,2995,stronger
246,3770,incomparable
965,2703,equivalent
4492,2936,incomparable
2858,994,incomparable
2138,116,equivalent
3905,3930,incomparable
1699,2698,stronger
2050,1235,incomparable
3960,1385,stronger
3419,1970,incomparable
2512,3740,weaker
4375,3290,incomparable
1892,4032,weaker
2849,127,incomparable
2315,1883,weaker
355,680,incomparable
3010,984,equivalent
582,1625,equivalent
2323,4218,weaker
2600,2806,equivalent
4074,1083,incomparable
4146,205,incomparable
1684,2016,stronger
4149,4640,incomparable
1733,188,equivalent
236,4371,weaker
2048,3232,incomparable
628,465,stronger
4437,2074,incomparable
3439,3726,weaker
4184,3880,weaker
4032,4240,equivalent
952,3006,stronger
2151,3330,weaker
477,3679,incomparable
3187,472,equivalent
470,2508,equivalent
872,2488,incomparable
4014,2910,incomparable
3890,400,stronger
944,2364,weaker
4392,1550,stronger
837,3433,incomparable
2358,4562,weaker
3702,1103,stronger
3194,4080,weaker
1322,2724,incomparable
1084,4064,weaker
3541,1909,stronger
2591,2289,weaker
2068,4234,incomparable
877,3771,weaker
1746,19,stronger
3568,3732,weaker
3783,1442,incomparable
4409,4348,incomparable
4411,2731,stronger
992,2031,equivalent
1785,1667,weaker
1390,4521,weaker
912,1513,stronger
131,948,equivalent
280,2734,incomparable
4690,1365,stronger
1973,4347,weaker
2045,3469,incomparable
3518,2864,stronger
116,1579,equivalent
496,1046,weaker
2442,3105,incomparable
4004,1037,incomparable
4145,2962,stronger
4078,1740,incomparable
1144,2021,equivalent
3186,3788,weaker
2047,1263,incomparable
1985,385,weaker
3232,2443,weaker
4343,4640,incomparable
3505,1289,incomparable
3164,996,equivalent
4475,1561,incomparable
3201,1063,incomparable
3841,457,incomparable
4259,216,incomparable
1028,533,stronger
4289,2310,incomparable
220,1528,weaker
3594,765,incomparable
578,1236,weaker
992,4259,weaker
4104,4250,stronger
4143,3424,stronger
3400,899,stronger
2775,4045,weaker
1994,3480,weaker
4373,1634,incomparable
1866,4234,incomparable
1367,349,weaker
431,2879,weaker
1466,328,weaker
3023,360,weaker
4119,3969,stronger
1679,1375,stronger
3730,2696,incomparable
4566,2968,incomparable
3981,63,incomparable
1066,4558,incomparable
584,3094,weaker
1822,4312,weaker
4570,643,incomparable
1593,1042,weaker
1672,1335,stronger
2200,3706,weaker
4635,1792,stronger
4480,4133,incomparable
1821,677,incomparable
2877,3167,incomparable
4518,3836,stronger
1724,744,incomparable
4568,3953,stronger
2199,1037,incomparable
2579,1258,weaker
870,832,incomparable
2769,601,equivalent
3791,4261,stronger
4417,751,stronger
2765,3111,stronger
21,1826,weaker
1208,827,weaker
296,3751,weaker
3896,2742,stronger
804,3403,weaker
4245,4616,weaker
1065,2212,incomparable
581,3331,weaker
2105,1725,stronger
2659,3065,incomparable
733,1658,weaker
2780,4523,weaker
440,847,incomparable
1885,4610,incomparable
4464,166,incomparable
2401,1494,weaker
1618,4266,incomparable
544,2890,weaker
4441,182,incomparable
554,3578,incomparable
3438,736,stronger
1562,170,weaker
2364,1612,stronger
3945,540,stronger
4674,1881,stronger
360,3712,incomparable
336,3126,stronger
3223,2999,equivalent
2455,4359,weaker
3527,3410,stronger
2128,3964,incomparable
3945,3923,equivalent
1882,1279,incomparable
667,4394,incomparable
951,955,equivalent
1448,1761,incomparable
980,195,equivalent
3459,1963,stronger
1845,1397,stronger
4591,1065,incomparable
95,970,equivalent
2168,4302,weaker
2715,499,equivalent
676,2413,stronger
3826,444,incomparable
913,1602,equivalent
780,4456,weaker
747,2064,weaker
4406,4668,incomparable
4170,4391,weaker
1804,1746,weaker
73,1561,incomparable
4424,2995,stronger
2641,2620,equivalent
4439,1583,stronger
1550,1075,weaker
786,679,weaker
3131,2255,incomparable
4435,4093,incomparable
4029,3405,weaker
1789,3343,weaker
992,555,equivalent
2253,1757,stronger
3674,962,incomparable
1683,4610,weaker
1167,1310,stronger
451,1140,stronger
258,1499,stronger
196,621,weaker
3461,3298,incomparable
1577,427,incomparable
1902,4159,incomparable
4364,2348,stronger
2581,2727,equivalent
1992,2332,stronger
2214,2933,equivalent
2938,2210,equivalent
3984,2292,stronger
3344,3652,equivalent
3015,2430,weaker
2263,351,incomparable
3383,382,weaker
2889,4011,incomparable
840,1073,incomparable
1984,1690,equivalent
1240,3636,incomparable
2505,638,weaker
2009,2686,incomparable
4399,3473,incomparable
3124,2373,weaker
4638,1769,stronger
3179,2272,weaker
2107,1531,incomparable
1131,2188,stronger
2499,69,stronger
4343,131,stronger
2020,2286,weaker
2364,2096,stronger
3054,4263,incomparable
4458,4053,stronger
4117,3760,stronger
1937,4503,incomparable
4055,2882,incomparable
4363,783,stronger
4101,783,stronger
1654,1182,stronger
2915,3138,stronger
821,2901,stronger
1820,4103,weaker
913,1147,equivalent
2623,4427,incomparable
3411,3719,weaker
3383,1671,incomparable
1563,505,equivalent
1595,952,weaker
4150,4058,stronger
4554,2421,stronger
192,2326,equivalent
2005,69,equivalent
2688,4263,incomparable
2437,480,equivalent
3609,701,stronger
3827,2092,stronger
1299,3061,incomparable
2531,115,incomparable
1965,1424,equivalent
3448,1507,incomparable
2431,2163,weaker
786,4196,weaker
4222,901,incomparable
1424,2009,weaker
1109,685,stronger
59,2147,stronger
2487,3226,stronger
4431,486,stronger
4350,3530,incomparable
2151,3277,weaker
64,4211,weaker
1060,1732,stronger
2290,2123,stronger
1593,2949,weaker
1025,3431,incomparable
1338,1676,weaker
689,3482,weaker
679,2794,stronger
199,1403,equivalent
2815,3442,weaker
2700,1240,incomparable
1012,1691,weaker
1323,2307,stronger
1994,4232,weaker
3768,2801,stronger
2926,4212,weaker
1145,4664,weaker
4514,147,stronger
4116,3484,incomparable
608,1049,incomparable
2428,3935,weaker
3465,2211,stronger
1856,3709,incomparable
4576,4408,weaker
2193,2348,equivalent
3776,1349,incomparable
3194,4377,weaker
1320,2194,stronger
1284,285,equivalent
444,2523,stronger
738,1280,equivalent
4251,4059,equivalent
2369,1261,weaker
247,3672,weaker
1591,3411,weaker
1554,3529,weaker
520,3272,incomparable
3536,2801,stronger
4250,1390,stronger
3207,1579,equivalent
2420,3643,incomparable
3691,3089,incomparable
2399,322,incomparable
2330,4689,incomparable
3333,3381,stronger
1196,2508,equivalent
29,187,stronger
543,408,incomparable
4421,2376,incomparable
653,768,stronger
295,1060,weaker
558,3914,incomparable
1640,455,incomparable
1702,2087,weaker
2374,2894,weaker
2350,2308,weaker
2288,1430,weaker
3718,189,stronger
3929,2853,incomparable
1604,4181,weaker
1198,3493,weaker
1578,2960,weaker
3421,1134,stronger
3825,1749,stronger
2378,1323,weaker
2858,2714,incomparable
1624,1615,equivalent
3164,2232,weaker
3081,4449,incomparable
3132,2694,weaker
1155,3796,incomparable
2280,4171,incomparable
845,2816,stronger
2128,3777,incomparable
781,1111,equivalent
743,819,weaker
77,204,weaker
2112,1554,equivalent
3411,3048,stronger
49,2882,incomparable
3572,1653,incomparable
2335,845,incomparable
3761,2114,stronger
2028,3546,weaker
4251,4193,equivalent
796,830,incomparable
3320,651,stronger
3848,770,stronger
1305,707,weaker
1071,2755,incomparable
2006,754,equivalent
3814,4569,weaker
146,721,stronger
3913,2104,stronger
561,4346,weaker
4236,2757,incomparable
3974,3511,weaker
889,1179,stronger
316,3761,incomparable
4251,2099,stronger
1712,2909,weaker
2968,3767,incomparable
4614,3090,incomparable
2391,2443,weaker
3444,1252,incomparable
925,1775,equivalent
4297,3383,stronger
1850,3782,incomparable
2855,857,stronger
3541,4568,incomparable
1964,1817,stronger
472,2180,weaker
4027,4461,incomparable
1790,4670,incomparable
4264,1930,stronger
1205,1765,equivalent
1876,3690,incomparable
2299,4547,weaker
2139,128,equivalent
172,4362,weaker
3410,2772,stronger
3417,1499,stronger
3439,1258,incomparable
1873,3392,incomparable
2456,1498,incomparable
2258,3203,stronger
2755,4009,incomparable
4474,427,incomparable
4496,186,incomparable
4279,2403,stronger
4179,4451,incomparable
682,4060,weaker
1146,2474,incomparable
3811,1022,incomparable
445,3366,incomparable
257,3315,incomparable
2934,4132,weaker
286,2555,stronger
2072,195,stronger
2314,4424,incomparable
3233,227,equivalent
4676,3163,incomparable
4354,3112,incomparable
4330,2526,stronger
3447,4128,weaker
2922,2028,equivalent
4104,2937,incomparable
341,1673,incomparable
673,4132,weaker
4203,3882,weaker
1529,4090,weaker
3129,2506,weaker
4478,145,stronger
1238,908,stronger
1864,3814,incomparable
1270,1355,incomparable
4243,248,stronger
2261,3450,incomparable
463,3541,incomparable
1896,1817,equivalent
4613,3753,stronger
2966,4205,weaker
268,3265,weaker
672,3880,weaker
579,683,stronger
3435,2963,stronger
3779,2773,stronger
1489,1658,incomparable
733,4533,weaker
1664,2413,stronger
2099,1587,weaker
253,1452,weaker
4688,3523,incomparable
1892,2048,weaker
4256,3866,weaker
3439,1392,stronger
3275,2681,incomparable
3328,1561,incomparable
2505,3968,weaker
2496,2162,incomparable
3205,407,weaker
159,4419,incomparable
2869,458,incomparable
4441,1552,incomparable
593,4122,incomparable
4019,4303,weaker
218,303,stronger
2864,1053,incomparable
4178,2081,incomparable
4164,2183,stronger
3863,3009,stronger
2645,191,stronger
4470,3421,stronger
3966,1444,incomparable
2572,3096,weaker
772,3306,weaker
2018,3476,weaker
992,3080,weaker
3194,2096,equivalent
1291,1427,incomparable
4524,3657,stronger
2941,2404,equivalent
1406,2131,equivalent
921,396,weaker
3920,510,incomparable
401,1858,incomparable
855,2028,stronger
1242,222,incomparable
2484,1936,stronger
199,411,weaker
4264,3703,weaker
1838,1007,stronger
28,529,stronger
1363,1680,weaker
2156,1316,incomparable
2870,659,stronger
3749,1567,stronger
2052,212,incomparable
1974,2773,equivalent
4673,3349,incomparable
1677,4472,incomparable
2205,427,weaker
4123,4602,weaker
3832,3672,incomparable
3474,3964,incomparable
4140,1573,incomparable
828,3214,incomparable
93,550,equivalent
951,581,stronger
3502,2979,incomparable
558,2572,stronger
3228,3908,weaker
3756,4027,incomparable
3694,3149,incomparable
4258,2733,incomparable
2831,1239,incomparable
2633,3698,weaker
4426,2317,stronger
871,4200,weaker
1110,2496,incomparable
3868,1235,incomparable
2954,3524,weaker
230,1171,weaker
705,2218,equivalent
2790,4621,weaker
4125,110,incomparable
993,2096,equivalent
377,1598,incomparable
1777,3898,weaker
2302,336,weaker
2207,3482,incomparable
3941,932,stronger
959,4205,weaker
582,4447,weaker
4243,2960,stronger
301,4205,weaker
2607,4355,weaker
2285,4304,incomparable
2173,865,incomparable
3496,3699,incomparable
958,3980,weaker
3721,2097,incomparable
2618,1481,incomparable
3986,3334,weaker
92,1587,weaker
3449,1409,stronger
3576,1184,incomparable
441,3461,weaker
1007,2152,weaker
126,2137,weaker
3878,768,stronger
1058,2871,weaker
939,705,equivalent
1579,99,weaker
3198,1009,weaker
552,259,weaker
1723,2507,weaker
348,4401,weaker
1463,4088,incomparable
188,2234,equivalent
4391,1518,incomparable
1082,2676,incomparable
1218,3503,weaker
1827,578,equivalent
770,2589,equivalent
4418,2560,stronger
3735,840,incomparable
4046,702,stronger
799,4458,weaker
2559,3129,equivalent
190,967,stronger
2022,3678,weaker
2956,321,incomparable
817,1065,stronger
115,1547,incomparable
867,428,weaker
3871,886,stronger
2207,2677,incomparable
944,648,weaker
1508,2676,weaker
3280,4582,incomparable
410,4124,weaker
2545,1918,equivalent
3801,3530,weaker
4384,1636,incomparable
2333,4479,incomparable
1106,2107,weaker
70,1023,weaker
1331,2225,equivalent
107,3534,incomparable
2361,3494,weaker
3316,1014,incomparable
3770,1184,incomparable
530,1947,equivalent
786,3822,incomparable
2687,3664,incomparable
2799,4659,incomparable
1516,4607,incomparable
3063,3951,incomparable
2220,2508,equivalent
767,547,equivalent
748,305,stronger
3850,1298,stronger
765,1440,incomparable
4560,3151,stronger
2375,3550,weaker
3989,4116,incomparable
2459,4187,incomparable
1368,3396,incomparable
604,2246,weaker
1041,2247,incomparable
1655,4392,incomparable
3561,4578,weaker
3692,1651,incomparable
617,4171,incomparable
3569,497,stronger
4087,2180,incomparable
4462,1303,incomparable
1542,1482,weaker
7,1209,equivalent
628,3771,incomparable
2227,1585,stronger
1808,3853,weaker
3539,1786,stronger
3377,3710,weaker
3456,4003,stronger
2635,2319,weaker
1236,3627,incomparable
462,1789,incomparable
1988,2508,equivalent
4137,954,stronger
3873,4291,incomparable
1870,1698,stronger
4652,4029,stronger
3358,435,incomparable
3296,3721,incomparable
3955,2411,stronger
560,1543,weaker
4612,4630,incomparable
1330,1195,equivalent
411,3140,incomparable
220,162,weaker
3389,687,stronger
4490,4640,incomparable
2554,3269,incomparable
3669,2956,incomparable
1931,4044,incomparable
429,3719,incomparable
3084,51,incomparable
2413,2098,weaker
1387,1702,stronger
3001,2268,weaker
1874,1066,stronger
105,2841,incomparable
1509,379,weaker
1603,14,incomparable
278,517,equivalent
1107,2062,weaker
3492,2505,stronger
2007,4039,weaker
2688,990,stronger
3579,3413,equivalent
542,563,equivalent
1409,148,equivalent
1521,389,incomparable
280,4535,incomparable
1089,732,equivalent
3912,3064,incomparable
1615,24,weaker
4619,482,stronger
1692,3654,incomparable
2836,107,incomparable
2722,759,incomparable
2601,2684,incomparable
2193,1169,equivalent
216,3961,incomparable
1709,790,stronger
3708,975,stronger
2230,1236,weaker
4406,3757,stronger
2880,3038,stronger
232,1461,weaker
2773,697,equivalent
961,1836,weaker
4567,2362,stronger
1728,4223,incomparable
2545,3691,weaker
3697,4199,stronger
512,697,equivalent
4292,1376,stronger
4039,930,incomparable
2103,313,incomparable
262,522,incomparable
3665,4661,incomparable
3851,1633,incomparable
605,107,weaker
3656,1165,incomparable
3387,2438,stronger
178,2514,equivalent
1045,2099,stronger
551,1564,weaker
2254,3865,incomparable
2287,3813,incomparable
506,1821,stronger
17,876,equivalent
2575,3691,incomparable
3882,3548,incomparable
2327,1145,stronger
926,1626,stronger
4418,1084,stronger
27,251,stronger
1924,3357,incomparable
4300,4246,stronger
3978,4195,equivalent
4660,4000,stronger
3067,2059,incomparable
2719,3039,weaker
4679,1798,stronger
3321,3107,stronger
449,2576,incomparable
4002,58,incomparable
3136,3327,weaker
3064,1761,incomparable
3243,3224,equivalent
2854,1951,stronger
1672,1042,incomparable
1888,4050,incomparable
1229,2916,stronger
2294,42,incomparable
2889,4389,incomparable
1662,2017,stronger
544,369,weaker
4377,2372,incomparable
2529,1602,equivalent
3988,1099,stronger
522,1519,weaker
2093,2203,incomparable
4400,3487,incomparable
1367,1345,equivalent
465,2705,equivalent
3052,596,stronger
3014,3522,weaker
171,3921,weaker
1656,2387,stronger
3247,2003,stronger
3343,1711,stronger
394,960,incomparable
4580,3081,incomparable
1591,3655,weaker
471,1180,weaker
1567,817,weaker
4371,2153,stronger
1875,4353,incomparable
3637,1407,stronger
1338,4148,weaker
142,3341,incomparable
2108,2080,weaker
3080,3179,stronger
4675,4257,stronger
1794,3610,weaker
4616,644,incomparable
3425,181,stronger
2849,802,stronger
133,2474,weaker
1886,4138,weaker
3546,1639,incomparable
1996,334,incomparable
3799,3805,equivalent
437,2885,incomparable
3689,1193,stronger
2233,1967,weaker
2608,1090,weaker
1605,2398,weaker
3611,4508,weaker
1830,2516,equivalent
3552,895,incomparable
2378,1567,equivalent
506,211,incomparable
2407,53,weaker
4348,1768,stronger
3109,325,weaker
3155,4642,weaker
309,606,stronger
3387,1767,incomparable
424,1310,stronger
904,2701,equivalent
3925,2574,stronger
1203,1048,weaker
1182,4143,weaker
1557,3266,weaker
3517,2779,incomparable
430,2818,stronger
1982,2506,weaker
4315,2759,stronger
4103,4566,incomparable
1801,3626,incomparable
2018,2163,weaker
2904,4242,weaker
3394,3877,weaker
1575,3845,weaker
4534,588,incomparable
363,4225,stronger
936,1643,weaker
3522,90,incomparable
3300,1209,stronger
1536,3328,weaker
4415,896,stronger
3917,2871,incomparable
3647,3010,stronger
1119,3979,incomparable
1360,658,weaker
1850,2737,incomparable
1081,1243,weaker
1007,1294,equivalent
3319,670,incomparable
4002,2420,incomparable
2219,2045,weaker
4454,1009,incomparable
1164,2409,equivalent
4001,475,stronger
3053,3934,incomparable
806,2701,stronger
2807,2215,equivalent
472,1135,equivalent
360,2614,stronger
918,663,weaker
1981,3570,weaker
1986,3914,weaker
3717,1655,incomparable
3450,4509,weaker
1504,2450,incomparable
1573,2055,incomparable
1695,3738,incomparable
4584,3684,incomparable
4658,1943,incomparable
652,3173,stronger
2524,3031,equivalent
3281,2256,incomparable
3460,4473,incomparable
1034,1777,stronger
2190,1465,incomparable
4619,3678,incomparable
2403,2512,equivalent
2647,1152,incomparable
4295,548,stronger
2092,3559,weaker
3756,270,incomparable
65,4544,incomparable
1655,1306,stronger
2606,3780,weaker
1023,2527,stronger
4688,250,incomparable
1653,479,incomparable
118,1926,stronger
742,33,equivalent
1802,3985,weaker
4656,1466,stronger
4377,2051,incomparable
2149,1060,weaker
3109,3842,weaker
3721,434,stronger
4373,2309,stronger
4218,1240,incomparable
221,2024,incomparable
4471,3406,stronger
999,628,incomparable
4159,4043,equivalent
969,197,equivalent
4532,4059,stronger
1679,2050,incomparable
712,3015,weaker
791,3308,incomparable
2193,2271,weaker
2368,582,stronger
334,2840,stronger
2622,1630,weaker
2469,2354,stronger
2417,2164,weaker
1164,2543,weaker
2848,4602,weaker
3853,2431,stronger
429,633,incomparable
3298,866,incomparable
2900,1759,incomparable
18,2984,equivalent
3438,122,stronger
4047,203,incomparable
1024,2913,incomparable
2131,4402,weaker
445,1516,incomparable
2251,532,incomparable
1980,3452,weaker
2699,4105,incomparable
2341,4397,weaker
918,1147,equivalent
770,2215,equivalent
608,167,incomparable
3653,4598,weaker
2244,4464,incomparable
2965,814,equivalent
382,3796,stronger
3384,1929,incomparable
574,3966,weaker
180,4601,weaker
3284,3977,stronger
598,2108,stronger
2181,4115,weaker
1609,3135,equivalent
243,4391,weaker
1899,4402,weaker
3126,358,incomparable
32,2636,equivalent
569,4561,weaker
2377,2714,weaker
3559,3623,stronger
3195,1626,stronger
3153,1400,weaker
3886,985,incomparable
2566,1832,weaker
4591,1740,incomparable
31,4104,incomparable
191,2107,weaker
4618,153,incomparable
4019,1514,stronger
1097,866,weaker
1973,2257,weaker
2991,4455,weaker
692,3032,stronger
1645,3889,incomparable
461,655,weaker
2541,2714,incomparable
2002,4126,weaker
1164,3027,equivalent
1033,4264,incomparable
2972,1180,weaker
1850,322,incomparable
1062,2750,stronger
4219,4204,weaker
24,3283,incomparable
2894,1297,stronger
2611,2140,weaker
3894,3855,stronger
2963,313,weaker
4195,585,stronger
984,2278,weaker
2947,3752,incomparable
3461,3973,incomparable
2735,3869,weaker
606,2857,weaker
1155,3853,incomparable
2299,4470,weaker
1786,687,equivalent
4520,1284,stronger
4363,3552,incomparable
3890,888,stronger
2964,4106,incomparable
3685,2176,stronger
963,650,weaker
3817,4547,weaker
2773,4511,weaker
3735,950,stronger
605,3571,weaker
901,2401,stronger
2714,898,incomparable
4257,2752,stronger
604,4100,weaker
1851,3152,incomparable
4225,3968,weaker
3146,1494,weaker
2750,1494,weaker
1076,4095,incomparable
4355,3260,incomparable
1948,4024,weaker
3742,2279,incomparable
1989,2335,weaker
2625,3485,weaker
4302,2121,stronger
2715,1658,weaker
4432,1413,stronger
4265,2993,stronger
1971,1914,equivalent
1754,4131,weaker
3712,4507,incomparable
1148,4321,weaker
105,3756,incomparable
1134,2171,equivalent
3025,1325,weaker
2297,2838,equivalent
43,626,incomparable
19,40,incomparable
1447,4388,incomparable
4499,3574,incomparable
3389,2541,incomparable
1567,2992,weaker
2224,1047,weaker
1231,3043,stronger
80,1447,weaker
1196,3988,weaker
4654,4616,incomparable
1225,2474,incomparable
366,4470,incomparable
2916,3260,weaker
505,1596,equivalent
2609,1797,incomparable
986,3397,weaker
4608,484,stronger
4403,4216,incomparable
886,3947,weaker
1342,780,equivalent
203,507,stronger
4005,945,stronger
151,2037,incomparable
359,1020,incomparable
2645,3147,incomparable
74,3480,weaker
2884,1443,incomparable
645,4235,incomparable
87,3715,weaker
4082,1542,stronger
4548,3035,stronger
2461,3969,incomparable
4148,849,incomparable
3299,4287,incomparable
1420,1006,stronger
2877,622,incomparable
945,2433,equivalent
4470,4283,incomparable
2493,3665,incomparable
2751,1449,weaker
4205,602,stronger
559,677,weaker
4318,479,incomparable
3368,859,incomparable
4579,254,stronger
761,3255,incomparable
1258,4061,incomparable
979,4646,weaker
1218,2942,weaker
1208,2254,weaker
1534,3178,equivalent
1219,4106,weaker
1506,1130,stronger
993,3763,weaker
3882,2019,incomparable
926,2541,incomparable
552,4020,weaker
3855,3579,equivalent
3521,2013,stronger
531,2928,weaker
4238,4283,incomparable
2698,3666,weaker
769,1776,incomparable
1638,2188,stronger
2452,1947,stronger
1128,4338,weaker
1691,1068,incomparable
4442,1080,stronger
3308,1905,stronger
2184,412,weaker
1599,1479,weaker
4143,4396,incomparable
3281,459,incomparable
363,1273,stronger
3356,4016,stronger
133,4194,weaker
2862,4447,incomparable
2416,2640,equivalent
3985,1743,stronger
3293,2913,incomparable
1913,4271,incomparable
407,232,stronger
1248,848,incomparable
317,3722,incomparable
1879,1654,weaker
3599,3370,weaker
2847,2045,incomparable
2224,2820,equivalent
2448,84,stronger
1207,4230,weaker
101,4097,incomparable
3769,1337,stronger
4223,1507,incomparable
909,2321,stronger
1392,977,weaker
2037,3933,incomparable
1467,3780,incomparable
1095,1922,weaker
2917,2225,stronger
928,3502,incomparable
2459,4565,incomparable
1628,2193,equivalent
1647,2435,stronger
1249,1608,incomparable
468,1797,weaker
1863,3753,incomparable
1968,3015,weaker
1469,1382,stronger
4170,2785,stronger
2210,2548,equivalent
1382,2137,weaker
2113,895,equivalent
3770,2851,incomparable
1953,3646,incomparable
1521,983,stronger
3224,3092,weaker
2498,3180,weaker
1593,859,weaker
4693,1025,incomparable
536,4560,weaker
417,3148,stronger
1866,1957,stronger
23,1531,incomparable
3247,4207,incomparable
2125,3349,incomparable
3247,1763,weaker
4463,1502,incomparable
1660,3020,stronger
932,1527,equivalent
2826,952,incomparable
64,2471,weaker
4064,2924,stronger
1061,3600,incomparable
4526,2955,stronger
4560,1785,stronger
1188,931,stronger
4390,3094,incomparable
4474,4485,incomparable
3421,3232,incomparable
1764,2030,stronger
3276,599,stronger
1915,1445,weaker
4432,4259,stronger
4444,3330,incomparable
2472,3056,incomparable
2763,1542,equivalent
4476,4531,incomparable
273,551,stronger
4194,3155,incomparable
840,2850,incomparable
2495,973,equivalent
2868,2467,incomparable
3329,610,stronger
1756,4017,weaker
3738,1569,incomparable
2819,3514,weaker
2592,4289,incomparable
955,3739,incomparable
2663,3940,incomparable
2852,429,incomparable
1699,4422,incomparable
1673,3201,incomparable
3168,2355,weaker
4393,4654,incomparable
3972,3843,stronger
1410,1286,incomparable
3325,1780,incomparable
4361,420,incomparable
1709,4551,incomparable
4479,641,incomparable
3660,3756,incomparable
3061,953,stronger
4348,1878,incomparable
3553,1415,incomparable
2298,1159,equivalent
1661,2036,incomparable
1267,419,incomparable
3206,1307,weaker
4104,2457,incomparable
2409,4181,weaker
368,1296,stronger
3613,2597,stronger
242,2877,incomparable
3363,2422,stronger
3048,3350,weaker
1940,2390,equivalent
4283,3331,incomparable
3509,1493,stronger
1783,4658,weaker
4586,888,stronger
1757,3437,weaker
186,501,incomparable
2896,1266,incomparable
2462,4192,incomparable
1999,2970,equivalent
4285,933,stronger
381,2662,incomparable
3698,1365,stronger
2154,3258,weaker
3326,3479,incomparable
1163,3637,incomparable
2381,4203,incomparable
1488,953,stronger
2565,348,weaker
2766,2324,equivalent
3249,3232,weaker
2485,2082,incomparable
633,3822,incomparable
4162,718,stronger
2379,343,weaker
3678,2591,stronger
3889,3003,stronger
3032,1662,weaker
1053,4381,incomparable
810,4623,weaker
3472,3654,incomparable
886,2955,equivalent
361,101,incomparable
175,3883,weaker
3864,2192,stronger
1568,2760,equivalent
398,922,incomparable
4410,1170,stronger
1337,2073,weaker
485,1830,equivalent
1755,2586,incomparable
3738,2992,incomparable
3951,4039,stronger
4519,1113,incomparable
3156,1324,equivalent
2652,101,incomparable
3297,3249,stronger
2132,1755,incomparable
850,3648,incomparable
872,3407,incomparable
4284,3690,incomparable
856,430,incomparable
1761,307,incomparable
424,2493,incomparable
809,614,weaker
3644,1263,incomparable
1221,2248,weaker
2262,1986,stronger
4084,1535,incomparable
1224,75,incomparable
2994,3598,incomparable
4558,2357,stronger
3935,3132,stronger
1564,143,stronger
1921,2632,stronger
4015,4589,weaker
1692,2772,stronger
1322,3993,incomparable
4629,2008,stronger
1515,1944,stronger
4185,3280,weaker
1478,4506,incomparable
1657,307,incomparable
3840,3245,stronger
987,512,equivalent
1886,544,equivalent
4047,313,weaker
3024,3598,incomparable
569,3382,weaker
1382,1950,equivalent
1413,2017,equivalent
1609,2895,weaker
974,4599,weaker
3221,3388,weaker
2885,3439,incomparable
564,2257,weaker
1710,1257,incomparable
249,933,equivalent
2483,426,incomparable
1989,4055,weaker
3205,3794,weaker
1321,3367,weaker
120,2216,stronger
4576,1192,incomparable
1088,1853,weaker
2043,4291,incomparable
1244,2366,stronger
938,2848,incomparable
1462,3757,incomparable
127,4326,incomparable
130,3843,incomparable
3244,4661,weaker
3896,2372,incomparable
4066,2783,stronger
3732,1217,incomparable
2328,1427,incomparable
1593,1961,equivalent
3186,1458,weaker
2174,960,weaker
2913,3743,incomparable
2343,3398,incomparable
2876,3861,incomparable
4262,1567,stronger
559,1108,equivalent
4005,2665,incomparable
4158,2907,stronger
3215,294,weaker
2983,725,weaker
4598,3179,stronger
2134,4163,incomparable
647,2618,incomparable
3677,2045,incomparable
2662,4282,incomparable
2350,2475,weaker
3774,2917,incomparable
441,1237,weaker
1745,3829,weaker
3637,2619,stronger
4693,4355,incomparable
3528,2861,stronger
307,2176,stronger
95,3983,weaker
4097,3543,incomparable
2734,3754,incomparable
351,1694,incomparable
742,1350,equivalent
1065,1037,weaker
651,1986,stronger
3243,3631,weaker
2564,4282,weaker
3693,3867,incomparable
518,1807,equivalent
2493,2352,stronger
3348,2112,stronger
4033,525,stronger
2026,2886,weaker
2250,150,stronger
3585,2055,incomparable
1704,391,weaker
3096,2830,stronger
3044,2640,stronger
3330,782,incomparable
205,4501,incomparable
3099,2347,incomparable
1638,525,stronger
3807,3565,stronger
1039,1694,incomparable
3320,1757,stronger
899,1125,weaker
3564,2117,stronger
4460,2440,stronger
1592,2809,equivalent
497,2808,weaker
934,2809,stronger
848,1345,stronger
1844,3030,stronger
2668,4231,incomparable
2324,4421,weaker
2164,756,stronger
3440,2990,incomparable
4507,1697,incomparable
4273,3745,incomparable
386,725,incomparable
3596,3503,weaker
3665,3108,incomparable
3457,715,stronger
2056,4606,incomparable
2894,1541,stronger
4325,3154,stronger
3597,2415,incomparable
2678,4360,weaker
1420,1921,weaker
3278,1881,incomparable
1148,1987,weaker
685,11,weaker
2292,2604,equivalent
2636,4134,weaker
686,1367,stronger
4154,239,stronger
2060,2,stronger
1726,880,incomparable
4362,942,stronger
1163,1706,stronger
175,1602,equivalent
961,2511,weaker
37,4112,weaker
3249,1301,weaker
362,1428,incomparable
1054,258,weaker
3875,1763,incomparable
3923,491,incomparable
2099,115,weaker
3730,850,incomparable
1899,1747,equivalent
4139,1055,incomparable
1376,3692,weaker
3879,2636,stronger
290,2491,incomparable
2451,2260,weaker
2730,1675,weaker
658,1197,incomparable
2141,1280,equivalent
712,3877,weaker
4499,2529,stronger
2780,449,weaker
2398,3565,incomparable
3611,377,weaker
3262,1132,stronger
4105,2575,incomparable
1951,2287,weaker
528,2255,incomparable
3695,4397,incomparable
364,3544,incomparable
2757,3848,incomparable
2191,993,equivalent
3617,542,stronger
3457,3293,incomparable
1826,4278,weaker
3042,4017,weaker
1581,3693,incomparable
1710,131,stronger
1541,3328,weaker
856,2471,incomparable
3965,2945,stronger
1634,1075,incomparable
3134,573,stronger
2184,3205,weaker
3063,4305,incomparable
1339,1127,equivalent
279,1901,equivalent
2607,1810,equivalent
2956,1964,incomparable
549,3482,incomparable
2825,3201,weaker
4306,2457,incomparable
3826,2786,stronger
1443,726,stronger
1599,3683,weaker
534,3359,weaker
1900,413,weaker
4596,718,stronger
3911,615,incomparable
1811,2815,stronger
3032,2898,weaker
747,1373,equivalent
1762,3862,weaker
3780,2791,incomparable
4326,3459,incomparable
4089,3546,incomparable
52,3965,incomparable
2376,4664,incomparable
36,988,equivalent
2135,3289,incomparable
953,2380,equivalent
2104,3976,weaker
3014,4197,weaker
409,38,weaker
2105,1168,stronger
3361,2026,stronger
2425,4556,incomparable
2442,3971,incomparable
694,4371,incomparable
4524,441,incomparable
2846,2334,equivalent
406,3150,incomparable
2708,4090,weaker
3801,4018,weaker
4453,1729,incomparable
1051,444,incomparable
3489,2211,stronger
4017,610,stronger
3222,4311,incomparable
3369,574,stronger
2789,1985,stronger
2445,2175,stronger
4096,1842,incomparable
3442,1052,incomparable
185,2400,equivalent
4543,841,incomparable
692,3894,incomparable
372,4478,incomparable
410,2518,stronger
3777,3782,stronger
494,3909,weaker
1428,552,stronger
2281,4403,incomparable
3805,4295,weaker
2894,4603,incomparable
4611,194,incomparable
4435,1658,incomparable
1677,4639,incomparable
2174,3001,equivalent
3636,2207,incomparable
3495,1036,incomparable
692,1800,stronger
797,3314,weaker
3237,2498,stronger
1110,2313,stronger
129,2626,equivalent
3181,2566,equivalent
1268,455,weaker
222,1127,stronger
2670,3582,incomparable
1290,968,weaker
1579,1071,weaker
3442,2341,stronger
443,2035,incomparable
2198,4526,weaker
4507,221,incomparable
998,2257,weaker
681,106,weaker
4258,2900,incomparable
2681,2401,stronger
4290,2623,incomparable
3113,2058,incomparable
945,1872,weaker
2452,2541,incomparable
2445,1370,incomparable
2832,2570,equivalent
666,2457,incomparable
4625,1381,stronger
4001,4183,stronger
2781,538,equivalent
4073,1807,stronger
764,2965,equivalent
26,784,stronger
798,1795,equivalent
239,1831,equivalent
3222,1412,stronger
713,933,stronger
1396,4373,weaker
3569,3213,stronger
587,2514,equivalent
854,414,incomparable
1979,35,stronger
303,2755,weaker
3567,134,incomparable
3842,339,equivalent
3047,1596,equivalent
1304,3094,weaker
1942,907,weaker
3499,939,stronger
4395,2208,stronger
3810,3275,incomparable
3469,2982,incomparable
2450,3003,stronger
2584,3757,incomparable
560,4259,weaker
1548,2673,weaker
2728,503,weaker
1110,2447,incomparable
4009,1391,incomparable
1564,1863,incomparable
2273,862,stronger
2197,86,weaker
4287,581,stronger
2272,2889,incomparable
106,3530,incomparable
837,1534,stronger
1587,2786,stronger
2765,2233,stronger
4458,3846,stronger
234,1995,stronger
1722,4142,incomparable
1457,461,stronger
1882,2145,stronger
2723,2761,weaker
194,2596,stronger
1956,2094,equivalent
2401,2710,weaker
797,3798,weaker
4443,2033,stronger
14,908,stronger
2500,3655,weaker
3926,1514,stronger
235,3536,weaker
1890,693,stronger
233,2709,weaker
1494,4665,incomparable
3581,1479,incomparable
3333,3629,incomparable
4620,4554,incomparable
3670,16,incomparable
1208,1827,equivalent
4258,3384,stronger
912,2997,stronger
1705,2633,stronger
1072,1000,stronger
1068,3510,incomparable
1599,3146,equivalent
1145,724,equivalent
2154,3368,weaker
1581,3506,incomparable
3360,3173,stronger
2336,2850,weaker
2608,1094,equivalent
1548,1868,weaker
1706,2454,weaker
3954,4097,incomparable
3412,2582,stronger
2703,1331,equivalent
564,1883,weaker
1180,4101,incomparable
3762,3338,weaker
3929,68,incomparable
3189,3476,weaker
3896,4092,weaker
1475,3460,weaker
1213,3460,weaker
2773,3763,weaker
2038,1099,stronger
422,3870,incomparable
2628,2850,incomparable
424,2253,incomparable
3550,422,incomparable
4500,1762,stronger
3681,905,stronger
2307,3209,equivalent
3585,4580,weaker
1493,252,equivalent
3848,1018,stronger
737,3881,weaker
1062,1197,incomparable
2944,1551,stronger
4544,2219,stronger
530,4342,weaker
4518,998,stronger
1359,3635,weaker
1474,3393,incomparable
3666,2475,incomparable
3223,4349,weaker
2218,4076,weaker
3052,4467,incomparable
4401,1352,stronger
3539,3831,stronger
2228,822,weaker
3260,4416,incomparable
2666,4431,incomparable
4166,3929,weaker
3118,3020,stronger
2426,4190,weaker
2075,3209,stronger
4272,2635,stronger
122,4143,weaker
1106,3347,weaker
2288,4256,incomparable
4313,192,stronger
199,4363,weaker
4564,3975,stronger
2035,3810,incomparable
1166,1146,weaker
1584,1659,weaker
1506,4220,incomparable
1862,3101,incomparable
2528,710,equivalent
3574,792,stronger
3040,2548,equivalent
485,4168,weaker
783,1381,equivalent
27,4256,incomparable
295,1792,equivalent
1532,2408,equivalent
4228,2713,stronger
1210,2357,equivalent
3908,3297,incomparable
4221,1542,stronger
2953,1613,weaker
2624,4555,weaker
2745,2630,equivalent
3612,495,incomparable
1781,3112,weaker
2350,3040,equivalent
2768,3553,weaker
3797,1214,stronger
3645,3826,equivalent
257,1685,incomparable
2898,2845,stronger
1931,3056,incomparable
730,1905,equivalent
1800,129,equivalent
1115,26,incomparable
96,47,weaker
4423,3339,incomparable
2097,1813,stronger
4065,1379,stronger
2526,3616,weaker
1955,417,weaker
4422,3868,incomparable
4656,1820,stronger
2707,244,stronger
3531,1445,incomparable
2328,3631,incomparable
3625,326,weaker
2744,2563,stronger
1113,330,incomparable
3890,1563,stronger
151,1639,stronger
1985,259,weaker
3361,1973,stronger
1865,2594,stronger
3833,4412,weaker
3427,3724,weaker
3802,2847,incomparable
1675,2470,weaker
2341,79,equivalent
1835,4637,incomparable
2213,3277,weaker
4121,2600,stronger
396,1628,stronger
299,1695,weaker
2002,3996,weaker
3211,3318,incomparable
50,4374,incomparable
637,1690,stronger
4403,219,incomparable
4485,783,stronger
182,2049,incomparable
2325,4622,weaker
1563,1855,weaker
1067,3903,incomparable
4190,111,incomparable
208,237,stronger
3427,2569,stronger
4564,2015,stronger
3079,1297,stronger
1613,629,weaker
2427,1142,equivalent
2533,1538,stronger
4369,1739,stronger
1898,3242,incomparable
910,3138,stronger
1407,3944,weaker
2068,1209,stronger
1610,331,weaker
2000,4458,incomparable
2234,2410,weaker
4173,1046,incomparable
2798,1994,equivalent
3538,306,stronger
3675,3021,stronger
3475,3899,incomparable
4681,2950,stronger
1271,1804,stronger
1840,4176,incomparable
966,1168,equivalent
675,238,weaker
358,531,stronger
4685,3823,incomparable
397,4431,weaker
2083,147,stronger
3738,1276,incomparable
3430,1123,stronger
3529,1102,stronger
4157,2391,stronger
3742,2149,stronger
1755,4253,weaker
31,1075,incomparable
3599,3561,equivalent
4299,754,stronger
1587,3888,incomparable
1484,757,stronger
1580,465,equivalent
4071,4310,incomparable
3360,2986,stronger
1555,2098,weaker
3482,3915,incomparable
1450,4556,incomparable
8,310,incomparable
3086,1471,stronger
1009,3093,incomparable
4044,2864,incomparable
3368,4567,weaker
1795,1558,weaker
1031,408,incomparable
3216,763,equivalent
2528,389,weaker
1774,4653,incomparable
3622,3171,incomparable
3416,2514,stronger
1195,250,weaker
4049,4147,weaker
3106,1534,stronger
322,3102,incomparable
895,4684,weaker
480,4442,weaker
2192,1379,equivalent
3059,964,incomparable
1672,1343,stronger
1034,2749,incomparable
1099,892,equivalent
1004,4038,incomparable
4624,298,incomparable
1160,4551,weaker
1256,4259,incomparable
3359,1606,stronger
3053,3751,incomparable
3640,1067,incomparable
1955,1035,weaker
4529,411,incomparable
3992,2458,incomparable
301,1070,weaker
120,2944,incomparable
333,3991,stronger
405,3113,incomparable
3268,148,stronger
2643,96,equivalent
129,963,equivalent
60,3078,weaker
762,3350,weaker
3322,2828,stronger
4521,708,stronger
4018,4029,stronger
4689,2736,incomparable
575,491,stronger
697,1420,weaker
3488,3305,incomparable
2395,3377,weaker
2913,1088,incomparable
2929,1621,equivalent
1409,4100,weaker
2044,2396,stronger
1166,4342,weaker
268,748,incomparable
484,3756,weaker
725,435,incomparable
434,1949,incomparable
4126,4501,incomparable
4649,4276,incomparable
896,3700,weaker
624,3012,stronger
3076,1267,incomparable
3435,3829,equivalent
2671,3433,incomparable
2729,2849,weaker
2662,1627,stronger
241,3247,weaker
2307,3156,equivalent
4566,3460,incomparable
923,3052,weaker
2370,1226,incomparable
1310,1246,weaker
1019,2760,equivalent
4324,894,stronger
4649,4626,incomparable
2600,1688,equivalent
898,4685,incomparable
1767,933,stronger
2992,226,stronger
2133,2976,equivalent
2809,1273,weaker
1623,2874,incomparable
2557,4435,weaker
3276,3368,stronger
4232,2244,incomparable
3389,801,incomparable
4438,4564,incomparable
940,2817,equivalent
680,1200,stronger
3799,2362,stronger
2794,2843,equivalent
2830,2500,equivalent
808,1385,equivalent
1522,728,equivalent
2566,3393,weaker
1506,195,stronger
2194,1535,weaker
1440,1827,stronger
676,677,incomparable
2706,929,stronger
3237,1319,stronger
3232,975,stronger
1430,4522,incomparable
3252,4071,weaker
2280,528,incomparable
643,1668,incomparable
4005,2588,incomparable
385,1632,incomparable
362,3900,incomparable
195,754,equivalent
2294,3055,incomparable
4653,4529,incomparable
252,1288,weaker
3775,3065,incomparable
3338,58,incomparable
177,1868,incomparable
4676,1480,incomparable
913,216,weaker
2085,437,incomparable
3112,4441,incomparable
1517,3363,weaker
3077,3666,incomparable
4256,894,stronger
4460,135,stronger
2130,1119,weaker
1937,3922,incomparable
2109,242,weaker
3470,3368,stronger
1440,672,incomparable
3496,2337,incomparable
256,3100,incomparable
3917,2367,stronger
3246,1408,equivalent
4476,4051,stronger
3146,4210,weaker
1993,1787,stronger
2977,991,stronger
1724,3814,incomparable
3078,1043,incomparable
838,1735,stronger
818,1268,stronger
3146,1177,equivalent
4130,381,incomparable
281,1817,stronger
4245,4303,weaker
2163,1417,stronger
1097,4066,weaker
3406,3733,weaker
4151,4641,incomparable
1262,4133,incomparable
1582,3357,weaker
1532,3994,weaker
3576,4144,weaker
4555,2250,incomparable
2889,3214,incomparable
2694,4436,incomparable
3470,4657,incomparable
2357,3353,weaker
1911,1546,equivalent
3709,4673,incomparable
3445,3846,equivalent
3175,3985,weaker
97,3578,weaker
1153,1904,weaker
893,2731,stronger
2245,4051,incomparable
94,3280,incomparable
803,1525,weaker
4032,4545,weaker
2538,2583,stronger
2259,3168,stronger
3784,4416,weaker
854,3907,incomparable
1616,3476,weaker
2917,135,stronger
3123,1701,weaker
1984,2182,weaker
3794,408,stronger
2364,1649,incomparable
2696,4108,incomparable
2350,3471,weaker
1204,2219,equivalent
2907,356,weaker
2427,1439,weaker
3829,402,equivalent
50,2577,stronger
2359,2244,incomparable
2787,1193,stronger
3685,2343,incomparable
185,3933,weaker
1193,1279,weaker
2683,89,stronger
181,27,weaker
1386,4303,weaker
3475,1752,stronger
3203,3508,weaker
519,22,equivalent
429,3512,incomparable
3939,4330,incomparable
3082,2989,stronger
1504,2080,incomparable
2898,1182,stronger
4055,3724,incomparable
3669,3688,incomparable
3079,439,incomparable
3939,1297,stronger
670,3574,incomparable
186,4693,weaker
3199,1295,weaker
1848,577,stronger
237,3692,weaker
4642,1979,incomparable
3654,4319,incomparable
4342,1687,incomparable
3155,434,incomparable
648,782,incomparable
4424,3971,stronger
1012,1244,weaker
3472,3524,incomparable
4002,306,stronger
1710,4026,incomparable
3422,1717,stronger
1603,1685,incomparable
610,3681,weaker
4633,1112,incomparable
963,3045,equivalent
1420,1978,stronger
3082,4278,incomparable
3705,1251,incomparable
2048,4021,incomparable
2168,151,weaker
2183,3657,weaker
970,4401,weaker
1829,1624,equivalent
241,27,weaker
915,3913,weaker
256,2779,incomparable
39,4242,stronger
3707,2236,stronger
4182,3283,incomparable
4495,1528,incomparable
632,3066,incomparable
2980,1907,equivalent
1157,413,weaker
658,3698,incomparable
1336,2630,stronger
2377,116,equivalent
1301,3575,incomparable
1693,2867,weaker
1717,3261,weaker
967,2009,weaker
4351,2688,incomparable
3692,3806,stronger
2546,2554,weaker
1443,1938,stronger
3757,1949,incomparable
2895,4428,incomparable
1255,2641,stronger
4388,3509,incomparable
520,731,incomparable
558,1023,incomparable
236,972,weaker
1896,4135,weaker
2204,2036,weaker
3374,3874,weaker
2338,2790,stronger
2140,2051,incomparable
1334,3873,incomparable
508,1845,incomparable
1647,2118,stronger
3021,3197,weaker
3148,2780,equivalent
546,1548,stronger
2974,3381,weaker
1198,13,weaker
2807,235,equivalent
4637,2119,incomparable
3157,1553,equivalent
612,855,weaker
2649,2278,incomparable
2492,4546,incomparable
231,1163,incomparable
2242,4371,incomparable
4453,2941,stronger
2758,4665,weaker
2463,3027,stronger
2504,584,stronger
4068,1595,stronger
3512,4346,incomparable
816,1035,weaker
551,4524,weaker
2540,4213,incomparable
1986,2873,weaker
310,3149,incomparable
1459,4110,incomparable
4661,2863,incomparable
2146,876,stronger
2541,1405,incomparable
1565,2816,weaker
1140,1132,equivalent
3060,1970,incomparable
2838,3089,weaker
1735,2473,weaker
732,3781,weaker
374,4073,weaker
269,2559,stronger
1628,132,equivalent
1038,3299,incomparable
2650,3792,incomparable
1681,3930,incomparable
2744,2673,incomparable
296,218,weaker
3921,3238,stronger
4308,2186,incomparable
321,1214,stronger
2652,3838,incomparable
1398,609,equivalent
4266,4404,weaker
486,1281,weaker
4238,2356,stronger
2929,4146,weaker
2144,2119,equivalent
4262,498,stronger
3536,394,stronger
1497,2308,weaker
3020,3510,weaker
3193,3438,incomparable
1147,209,weaker
2267,240,stronger
372,3596,stronger
723,2133,stronger
2227,841,incomparable
2266,769,incomparable
645,2442,incomparable
1001,2077,weaker
1966,4449,incomparable
579,4074,incomparable
2038,3571,incomparable
1850,4274,incomparable
3058,4152,incomparable
3228,399,weaker
4613,4111,incomparable
2011,2879,weaker
1137,3843,incomparable
1792,4269,weaker
820,4136,incomparable
2239,2514,stronger
4684,3762,incomparable
1010,3479,weaker
3231,1047,weaker
860,4474,incomparable
4072,1663,incomparable
3812,46,equivalent
4197,611,stronger
2977,3382,incomparable
4154,3947,incomparable
351,1564,incomparable
4324,4358,incomparable
1738,3659,incomparable
3054,596,stronger
4048,2208,stronger
4315,108,incomparable
3993,57,incomparable
1081,4069,weaker
909,1333,stronger
511,4670,incomparable
2789,4270,weaker
3923,4199,stronger
896,2037,weaker
4509,324,incomparable
1821,1600,stronger
369,830,incomparable
1936,1550,equivalent
2213,138,weaker
3187,2818,equivalent
182,4387,incomparable
3919,4430,incomparable
3007,3382,incomparable
3372,1817,stronger
3676,4672,incomparable
3974,165,incomparable
3347,3450,equivalent
1814,1560,weaker
2774,3588,incomparable
3517,1417,stronger
1512,441,weaker
1923,3947,weaker
1625,4290,weaker
3764,1294,stronger
4169,2511,incomparable
3869,2219,stronger
1591,2427,equivalent
2372,2238,weaker
1524,451,weaker
2599,3183,equivalent
3361,3506,weaker
1458,2837,stronger
2803,2424,equivalent
652,3905,incomparable
822,4316,incomparable
170,189,stronger
1157,2320,equivalent
2563,493,equivalent
3612,4256,stronger
1952,339,weaker
4090,2568,stronger
1896,2659,weaker
3801,2465,incomparable
325,477,incomparable
805,1868,weaker
3957,2978,stronger
3418,4390,incomparable
963,764,equivalent
2219,1622,equivalent
3699,1407,stronger
2446,4230,incomparable
2463,3645,incomparable
1039,4142,incomparable
4480,4601,incomparable
640,1427,incomparable
2584,2659,incomparable
710,2920,equivalent
791,1596,stronger
3562,3738,incomparable
3526,1829,stronger
2113,2485,weaker
2636,2260,weaker
3181,4046,weaker
4492,4611,weaker
3096,3184,incomparable
1537,2325,stronger
2571,330,incomparable
3333,653,incomparable
3195,3163,incomparable
2204,2788,equivalent
3176,669,incomparable
4423,1973,stronger
2881,4693,incomparable
1763,3045,stronger
3382,545,incomparable
3063,4175,incomparable
3039,3589,incomparable
50,1719,incomparable
1237,720,stronger
1725,1972,equivalent
4509,2686,incomparable
3079,1675,stronger
2986,1484,weaker
4653,1122,incomparable
4236,4217,weaker
91,2659,weaker
1710,4323,incomparable
1951,1002,equivalent
1324,2567,weaker
823,4271,incomparable
1188,3460,incomparable
2378,1978,equivalent
1688,1531,weaker
1476,3338,weaker
3162,3780,weaker
4001,3569,stronger
2215,3677,weaker
4531,351,incomparable
2232,3092,incomparable
1626,3282,weaker
1836,648,stronger
3563,1091,stronger
3260,1090,incomparable
1333,27,weaker
3062,3549,incomparable
472,3640,weaker
942,4343,weaker
964,4102,incomparable
2275,695,incomparable
4623,290,incomparable
2154,176,weaker
1701,1362,stronger
1112,967,stronger
3715,1081,stronger
2010,2871,weaker
2455,2733,incomparable
2725,4314,incomparable
2861,1731,incomparable
4057,2538,incomparable
4153,2246,incomparable
2012,2163,weaker
873,2644,incomparable
1967,700,stronger
1387,2865,incomparable
4474,2826,incomparable
3940,4582,incomparable
1753,4154,weaker
3532,3067,stronger
2768,2671,weaker
2852,3308,incomparable
1285,1834,incomparable
1075,2778,incomparable
1742,1521,incomparable
3332,2255,stronger
3072,3082,equivalent
866,2604,stronger
1384,3533,incomparable
2279,413,incomparable
1687,2753,incomparable
302,3205,equivalent
1938,120,weaker
4352,3745,incomparable
4039,804,stronger
942,155,weaker
969,258,weaker
3538,3262,weaker
2077,2938,stronger
1822,4109,weaker
74,345,weaker
36,53,weaker
175,1151,equivalent
2692,3965,incomparable
2623,1162,stronger
2318,1280,stronger
3187,1692,weaker
2879,593,incomparable
3161,279,stronger
2768,3960,weaker
1228,2589,stronger
2565,2877,weaker
3621,3647,stronger
1021,798,stronger
1654,4683,incomparable
3135,2441,weaker
611,2620,equivalent
3429,444,incomparable
3897,3730,incomparable
4492,907,incomparable
4381,1830,stronger
1518,2543,incomparable
3183,2108,equivalent
848,1028,incomparable
3291,3139,incomparable
4542,435,incomparable
1099,2559,equivalent
3874,3719,stronger
2948,521,equivalent
405,458,incomparable
842,459,stronger
3202,1569,weaker
2127,557,stronger
3088,2221,stronger
968,3015,stronger
2938,2462,weaker
806,4185,incomparable
3488,3094,incomparable
124,1347,stronger
3899,1682,incomparable
406,1999,stronger
3365,1748,stronger
2214,152,weaker
3449,2385,incomparable
2752,3211,weaker
245,2805,weaker
2480,2523,stronger
4047,3997,weaker
3770,2965,stronger
4188,2724,incomparable
1946,2589,equivalent
3517,2519,incomparable
3565,3499,weaker
1491,4638,incomparable
872,459,incomparable
777,3605,weaker
3726,2104,stronger
756,2728,weaker
966,4258,weaker
202,3108,weaker
3715,3443,stronger
2889,2169,incomparable
3226,1000,equivalent
3338,1241,incomparable
2513,2821,stronger
30,1311,equivalent
2791,2011,stronger
784,2682,weaker
1570,3591,weaker
2157,907,weaker
3201,1128,stronger
2526,1713,weaker
1841,1610,stronger
1562,2195,weaker
522,3621,incomparable
2666,1723,stronger
4006,3218,stronger
1253,2379,stronger
3314,4388,incomparable
866,1933,stronger
938,1055,incomparable
3739,3628,stronger
456,3001,stronger
1144,3375,weaker
4086,703,incomparable
2952,774,weaker
1711,2668,weaker
3115,14,incomparable
2210,1857,weaker
3619,1991,stronger
4200,3434,stronger
910,2390,stronger
3310,3865,incomparable
4592,282,stronger
1534,527,equivalent
2385,1831,stronger
1814,2796,equivalent
1339,1749,equivalent
506,3468,incomparable
4093,2032,stronger
2575,2894,weaker
3435,3752,weaker
469,3586,incomparable
1126,1641,weaker
1950,2842,equivalent
1668,3910,incomparable
4092,2561,stronger
3481,2407,stronger
4252,1530,stronger
4317,2679,incomparable
1101,4028,incomparable
4174,4091,weaker
3909,410,stronger
363,4099,incomparable
2510,1718,weaker
1548,3027,equivalent
4571,1283,stronger
4438,4137,incomparable
2793,1252,weaker
613,1995,equivalent
1148,3093,weaker
2109,4003,weaker
516,2062,incomparable
1340,3263,incomparable
4169,714,incomparable
1982,286,weaker
734,3453,weaker
4615,1740,incomparable
2758,3136,equivalent
3331,554,incomparable
1708,4598,weaker
4454,4266,stronger
1622,882,weaker
4147,3557,stronger
3536,3403,stronger
3426,791,incomparable
208,2067,incomparable
2405,739,equivalent
3840,3814,equivalent
3867,4671,incomparable
3936,4276,incomparable
1933,1683,equivalent
49,1256,incomparable
1105,2992,weaker
1081,2406,weaker
129,4403,weaker
4121,3275,incomparable
3187,216,weaker
2734,2900,incomparable
4613,3737,incomparable
2756,3413,weaker
3606,2829,stronger
2969,3706,weaker
3115,3531,incomparable
539,4274,weaker
3834,3218,incomparable
2137,1863,incomparable
1509,2294,weaker
2873,965,stronger
3701,1376,stronger
1321,2997,equivalent
1099,4116,weaker
3659,3594,stronger
2284,4542,incomparable
2965,3937,weaker
971,898,weaker
4665,113,incomparable
3369,1546,stronger
2762,2854,weaker
2299,1632,weaker
4202,2301,incomparable
1454,3526,incomparable
2371,754,equivalent
3176,1905,stronger
951,431,incomparable
211,4593,incomparable
558,2422,stronger
3262,144,stronger
2629,231,weaker
4640,2685,incomparable
4313,2290,incomparable
1842,4547,incomparable
4613,1993,incomparable
2060,1242,incomparable
3813,1186,stronger
2930,2788,equivalent
1860,2120,stronger
3682,2423,stronger
258,625,incomparable
1925,3269,incomparable
3778,2131,stronger
4210,68,incomparable
844,2412,stronger
180,3186,equivalent
2821,1340,incomparable
966,1843,weaker
2552,2613,incomparable
4496,1593,stronger
3878,268,incomparable
1438,1838,weaker
2668,3727,incomparable
4231,3015,incomparable
2851,401,incomparable
3914,3308,weaker
1619,4101,weaker
4693,3046,stronger
4330,2994,incomparable
3079,4200,incomparable
2953,1617,equivalent
2698,2788,equivalent
1296,1381,equivalent
3128,2372,incomparable
1578,313,weaker
3219,1736,equivalent
512,2962,equivalent
276,4183,weaker
61,811,incomparable
2552,3902,incomparable
3817,904,stronger
3139,1218,stronger
1446,1325,incomparable
1619,2007,equivalent
1500,4005,weaker
1209,3075,weaker
1458,2813,stronger
887,3024,incomparable
4617,1896,stronger
2478,2640,stronger
435,1402,stronger
3616,3250,stronger
276,2089,incomparable
1145,2501,equivalent
3982,567,stronger
157,2397,stronger
4558,1666,incomparable
3906,1511,stronger
437,4666,incomparable
226,3665,weaker
2848,1577,incomparable
4412,1090,incomparable
3393,1111,stronger
2744,2917,incomparable
3367,4616,incomparable
2176,4153,weaker
4509,4406,incomparable
921,3897,weaker
1329,2968,weaker
4579,449,incomparable
2545,2707,weaker
2970,4391,weaker
1899,2532,equivalent
1302,4528,weaker
4072,618,incomparable
868,1038,weaker
2143,2892,weaker
2251,3923,incomparable
1919,3184,weaker
3352,1460,incomparable
2994,1752,stronger
3722,239,stronger
3312,341,stronger
3159,1819,stronger
795,1,weaker
2200,2645,weaker
512,3096,weaker
2148,4175,weaker
2711,905,equivalent
3939,2159,stronger
4143,3652,stronger
3386,1983,incomparable
3007,1398,stronger
672,4482,incomparable
651,1161,stronger
2719,4149,weaker
2394,2137,weaker
114,956,stronger
542,2157,equivalent
1497,3841,weaker
549,884,stronger
1321,3615,weaker
2912,2477,incomparable
4249,1045,incomparable
2638,4160,incomparable
4327,4119,incomparable
2694,305,stronger
903,69,equivalent
3987,4428,weaker
658,4210,incomparable
1401,3729,weaker
4589,332,incomparable
1552,3898,incomparable
3405,3514,incomparable
3766,295,stronger
2759,141,equivalent
1522,3497,weaker
1671,4529,incomparable
921,4031,weaker
2774,2893,incomparable
4376,978,incomparable
1167,1054,incomparable
2631,895,weaker
666,2758,stronger
2156,1568,stronger
3639,1651,incomparable
3417,3524,incomparable
4072,3196,stronger
4277,4382,incomparable
2262,2718,stronger
75,2290,incomparable
149,2239,weaker
4128,1815,stronger
1194,2096,equivalent
3176,3812,incomparable
1130,4555,weaker
3334,2708,stronger
1304,12,incomparable
3284,147,stronger
3363,1194,stronger
1193,2625,equivalent
4333,3910,incomparable
2949,1554,stronger
2045,2087,incomparable
2322,675,stronger
278,2245,weaker
1350,1296,equivalent
2518,2307,equivalent
1855,3683,incomparable
2020,2030,equivalent
1240,4319,incomparable
724,1773,equivalent
1198,875,weaker
747,4386,weaker
3247,1369,stronger
1725,3021,equivalent
4070,2345,stronger
1596,2641,equivalent
2198,989,weaker
3803,2755,incomparable
2738,2431,equivalent
2380,2723,equivalent
1308,1420,weaker
2519,815,stronger
1538,1882,weaker
3897,3356,stronger
1216,1831,equivalent
2988,327,weaker
3996,3335,weaker
524,557,stronger
4660,117,incomparable
1174,4611,weaker
1864,2806,stronger
1019,536,equivalent
3880,3160,stronger
2607,635,weaker
1402,1994,equivalent
579,3647,incomparable
3970,3053,incomparable
914,2405,stronger
2270,4433,incomparable
2006,2108,equivalent
3191,2534,weaker
1364,2641,equivalent
770,1902,weaker
2335,2549,stronger
1698,1174,equivalent
1682,4613,incomparable
1653,3683,incomparable
1224,1291,incomparable
1036,1240,incomparable
1996,4022,incomparable
282,3252,equivalent
3783,4516,weaker
3191,440,weaker
2231,132,equivalent
2368,2847,incomparable
2387,645,weaker
2058,1867,incomparable
3928,4116,incomparable
4592,4096,incomparable
1481,543,incomparable
2004,2570,stronger
192,3709,weaker
1825,353,weaker
1573,3515,incomparable
1566,2344,equivalent
3815,1960,stronger
3130,1103,stronger
282,1158,weaker
225,624,weaker
2317,4198,weaker
624,4305,incomparable
3829,1077,stronger
3278,3418,stronger
659,327,weaker
1879,1528,incomparable
2875,3967,incomparable
2713,1165,weaker
3405,749,incomparable
2623,4655,incomparable
4113,3465,incomparable
4411,678,stronger
3528,4532,incomparable
3597,919,incomparable
3538,1278,incomparable
2120,1590,weaker
4150,4286,incomparable
160,4551,incomparable
1435,1487,incomparable
1889,903,equivalent
2665,1124,stronger
607,2796,equivalent
1543,266,incomparable
2045,1416,stronger
4316,791,stronger
3402,3080,incomparable
4512,2423,stronger
3574,154,incomparable
1358,4650,incomparable
3610,3783,equivalent
3782,857,incomparable
1925,4505,incomparable
1720,1067,weaker
4657,4467,incomparable
8,3376,incomparable
1271,3715,incomparable
536,1051,weaker
2377,1596,equivalent
3619,2556,stronger
2337,477,incomparable
3861,4533,weaker
4424,1263,incomparable
3962,2895,incomparable
2387,3223,equivalent
3355,2860,incomparable
2254,3633,incomparable
342,404,equivalent
4571,909,incomparable
4249,858,incomparable
4574,4590,weaker
176,866,incomparable
1573,3649,incomparable
3949,4538,incomparable
4255,4056,equivalent
3737,683,stronger
2011,842,weaker
2123,1083,weaker
729,2735,equivalent
2520,719,weaker
1560,2663,incomparable
4199,2434,stronger
3796,1263,incomparable
2423,786,weaker
2065,1078,incomparable
2328,3932,incomparable
3720,2207,incomparable
3527,4256,stronger
2300,1884,incomparable
777,682,weaker
4466,3717,incomparable
2797,246,weaker
92,4551,weaker
4555,2254,incomparable
3810,2100,incomparable
4295,3081,incomparable
3808,1273,incomparable
1263,575,incomparable
2156,1381,stronger
3403,3439,equivalent
3133,3578,weaker
4626,4349,incomparable
906,3721,incomparable
3143,4266,incomparable
4091,807,stronger
648,3685,incomparable
4177,581,stronger
2547,2700,weaker
4364,1905,stronger
1487,3474,incomparable
2459,601,stronger
2094,3886,weaker
564,3957,weaker
3570,2798,stronger
297,3613,weaker
282,2581,equivalent
2484,2351,incomparable
4583,4652,incomparable
822,51,incomparable
177,1067,incomparable
4254,3430,equivalent
80,1134,equivalent
293,2181,equivalent
1387,3243,stronger
1084,990,equivalent
2424,2485,weaker
1784,3845,incomparable
3265,3101,stronger
235,1422,equivalent
1415,1504,incomparable
2807,3943,weaker
4393,1495,stronger
329,1057,stronger
1688,1104,weaker
3188,602,stronger
3358,3265,weaker
942,2977,weaker
813,123,equivalent
4192,458,incomparable
3016,4467,weaker
1715,2146,weaker
4382,1521,incomparable
3495,2223,stronger
1908,3480,incomparable
1648,4307,incomparable
2512,211,weaker
4432,295,stronger
4191,1172,stronger
693,179,weaker
65,2300,incomparable
1622,642,weaker
1766,2084,weaker
3978,3508,weaker
3625,4144,incomparable
3923,1357,incomparable
2383,740,incomparable
1813,2839,equivalent
2042,447,stronger
3616,648,incomparable
3657,4621,weaker
930,2751,stronger
4066,3328,incomparable
415,2305,stronger
14,1961,stronger
838,3162,stronger
4251,2327,incomparable
3549,2055,incomparable
3365,248,stronger
3200,1901,equivalent
2265,869,incomparable
3390,1244,incomparable
4503,4268,incomparable
4406,2615,stronger
1541,3255,weaker
1632,2619,stronger
1560,1053,incomparable
4600,1168,stronger
1007,2567,weaker
615,1777,stronger
4178,3919,weaker
3853,187,stronger
1862,3081,incomparable
2165,638,incomparable
4400,356,stronger
2190,2388,stronger
1840,289,stronger
3519,2004,incomparable
506,3712,incomparable
1541,1161,equivalent
1667,1300,stronger
699,4292,weaker
2450,1157,stronger
2653,3960,incomparable
3300,1327,stronger
3372,3647,equivalent
1426,1588,stronger
710,2172,equivalent
421,2069,incomparable
3659,4643,incomparable
3067,567,stronger
882,212,incomparable
2153,2856,weaker
3681,1958,incomparable
3825,3400,equivalent
2555,392,weaker
2734,1855,incomparable
915,1823,equivalent
755,4574,weaker
3623,1953,incomparable
708,32,equivalent
558,3471,incomparable
735,135,stronger
3089,1265,incomparable
2669,679,incomparable
1229,1424,stronger
2454,2969,stronger
900,202,equivalent
86,3661,incomparable
354,443,incomparable
4265,2359,incomparable
1087,4000,weaker
166,1146,stronger
2201,1742,weaker
1640,3395,incomparable
1719,4442,incomparable
2397,3374,weaker
2930,3837,weaker
280,1433,incomparable
4454,1477,incomparable
3482,4350,incomparable
3389,1907,stronger
2186,4093,incomparable
3674,4520,incomparable
2559,2389,weaker
570,448,weaker
2739,3488,incomparable
1115,2234,stronger
3186,2487,weaker
2257,3744,incomparable
4521,4392,incomparable
2993,2846,equivalent
2459,4602,incomparable
128,2732,equivalent
904,2953,equivalent
620,3194,stronger
3123,1384,weaker
1526,1953,incomparable
3405,2790,stronger
2372,2913,incomparable
285,3847,weaker
1966,2225,stronger
684,4118,weaker
3881,275,stronger
2151,1224,weaker
186,3087,incomparable
4663,3694,incomparable
4396,3350,incomparable
2116,2169,incomparable
1111,2650,weaker
672,2014,incomparable
2837,239,equivalent
4383,4054,stronger
756,207,weaker
943,33,stronger
3742,1779,stronger
3329,3330,weaker
712,4072,weaker
3363,2914,stronger
1348,1250,weaker
1563,3124,equivalent
2540,4567,incomparable
2972,814,equivalent
3937,3186,stronger
3832,1672,incomparable
1647,1317,stronger
4372,3114,stronger
26,3744,incomparable
1452,3293,incomparable
3923,1036,incomparable
3565,1328,incomparable
1252,2481,incomparable
1684,2138,stronger
4466,497,stronger
3359,2391,stronger
129,1398,equivalent
2868,3093,incomparable
674,1686,equivalent
1567,2492,weaker
4323,2848,incomparable
3665,2848,incomparable
3949,163,incomparable
3781,3962,weaker
4297,846,incomparable
3034,2981,equivalent
3330,1811,stronger
928,3673,incomparable
3770,2083,incomparable
499,1281,weaker
3637,2493,incomparable
3303,173,stronger
2258,3699,incomparable
4121,4003,stronger
143,2585,equivalent
3028,1631,weaker
1170,173,equivalent
2899,3695,incomparable
3890,872,incomparable
834,224,incomparable
2448,1544,stronger
2442,3227,incomparable
4599,3254,incomparable
2009,3345,incomparable
3790,641,incomparable
4101,4475,incomparable
4132,4542,incomparable
3239,538,equivalent
962,3792,incomparable
2218,486,equivalent
246,4376,incomparable
3541,3320,incomparable
4303,1391,incomparable
1834,1277,stronger
4005,1734,incomparable
1517,1570,equivalent
2785,4505,weaker
853,2344,stronger
3786,118,incomparable
1752,3130,weaker
3512,1801,incomparable
938,173,stronger
341,2169,incomparable
3028,2920,equivalent
1905,928,weaker
280,4145,incomparable
1042,2216,stronger
641,1872,weaker
3774,1986,stronger
4414,1380,stronger
1581,3433,incomparable
4575,3957,stronger
2300,3120,incomparable
2868,194,incomparable
2668,1072,incomparable
3100,1483,incomparable
3977,1756,stronger
1900,3186,stronger
1857,2550,incomparable
3911,3388,incomparable
4692,3953,stronger
1758,1790,weaker
970,246,weaker
1928,2201,equivalent
830,1929,incomparable
1602,4660,weaker
1712,856,weaker
1447,1339,stronger
991,4506,weaker
593,3679,incomparable
2360,1077,equivalent
1009,1113,incomparable
1592,939,equivalent
119,1544,equivalent
2053,2088,incomparable
2452,1797,incomparable
4360,3372,stronger
2507,1504,incomparable
1461,1395,incomparable
3028,2115,weaker
410,969,stronger
1514,467,weaker
4224,478,stronger
3967,1576,stronger
3000,2541,weaker
3392,1079,stronger
164,913,stronger
625,2062,incomparable
757,2181,stronger
175,2765,weaker
3363,3532,incomparable
2599,2382,equivalent
1613,3105,incomparable
501,2935,stronger
4415,2116,incomparable
4492,1582,stronger
3075,3250,stronger
4164,3968,incomparable
3467,2542,stronger
1989,2803,equivalent
34,1190,stronger
783,1308,equivalent
249,3064,weaker
2379,514,equivalent
2854,1561,incomparable
4387,1007,stronger
4335,817,incomparable
2301,3075,incomparable
3003,3347,weaker
2731,2659,weaker
3397,268,incomparable
1554,2094,equivalent
904,2766,equivalent
4419,3928,incomparable
456,3542,weaker
141,4470,weaker
2068,4035,incomparable
3446,2604,stronger
1529,2037,weaker
3387,1243,incomparable
2396,1622,equivalent
2735,1088,weaker
4612,536,stronger
4173,3872,weaker
3311,2187,stronger
3471,3600,stronger
1016,2418,equivalent
4339,2629,stronger
3377,3938,weaker
3315,3060,stronger
3623,961,stronger
144,3428,weaker
1202,1827,stronger
1842,1221,stronger
3843,2425,incomparable
2141,3732,weaker
3502,442,incomparable
3312,2008,stronger
623,4594,incomparable
1684,1012,stronger
223,688,equivalent
101,3731,incomparable
4102,3066,incomparable
3847,1793,incomparable
1541,2397,equivalent
180,3243,equivalent
211,2556,stronger
1410,2880,incomparable
11,4188,incomparable
1704,883,weaker
2640,3271,weaker
2682,3682,incomparable
2491,704,incomparable
3277,1613,incomparable
226,4527,weaker
2449,2922,stronger
1480,3060,incomparable
2694,1972,stronger
409,1201,stronger
1020,3075,incomparable
1453,3866,incomparable
3098,335,incomparable
3120,94,incomparable
4297,659,incomparable
3034,2794,stronger
749,1269,incomparable
3593,4478,weaker
2941,351,weaker
1501,904,equivalent
816,47,weaker
3331,4478,incomparable
2892,1398,stronger
3215,4303,weaker
2620,710,equivalent
4168,1942,stronger
3065,1326,stronger
386,4600,weaker
2143,1310,equivalent
2168,586,equivalent
84,1037,weaker
22,4323,weaker
3140,2439,stronger
3890,685,stronger
2835,1803,equivalent
3819,4417,weaker
4664,79,stronger
1238,2372,incomparable
3644,629,incomparable
2085,3934,incomparable
3883,2897,incomparable
439,3830,incomparable
3421,2277,incomparable
4579,2600,stronger
1172,971,equivalent
3801,54,incomparable
1459,1967,incomparable
60,2521,incomparable
3213,2513,weaker
3636,3370,weaker
3080,2923,incomparable
3601,4315,incomparable
3276,4555,incomparable
2400,3164,equivalent
2195,4452,incomparable
3403,166,incomparable
686,3148,stronger
3051,1404,stronger
4503,3894,incomparable
1048,2783,stronger
4186,4187,weaker
2543,2691,incomparable
2641,3226,equivalent
4057,2087,incomparable
476,2557,stronger
1632,2245,stronger
4655,501,incomparable
4443,3062,incomparable
2153,1193,equivalent
193,3400,weaker
4491,1790,incomparable
3887,2615,stronger
4537,3663,incomparable
1758,1603,weaker
3081,4437,incomparable
2879,2236,stronger
568,52,weaker
1495,2132,weaker
609,53,weaker
2663,891,stronger
4659,2313,stronger
137,997,equivalent
545,68,incomparable
2841,2883,incomparable
2889,4617,incomparable
1652,803,stronger
2560,3395,weaker
924,64,equivalent
2238,3344,incomparable
1865,1850,incomparable
1650,730,stronger
3995,54,incomparable
2016,4463,weaker
2732,3879,weaker
1003,357,weaker
3552,1928,stronger
510,232,stronger
1389,1332,weaker
4624,225,stronger
2418,1999,equivalent
4078,1220,stronger
3634,3458,incomparable
4224,291,stronger
867,469,incomparable
2309,551,equivalent
4683,805,stronger
1510,2790,stronger
3129,4454,weaker
2848,4212,incomparable
3853,2041,incomparable
3626,2816,incomparable
926,1049,incomparable
273,3113,incomparable
3602,1641,incomparable
4087,3376,stronger
3609,368,weaker
1902,3021,stronger
1661,3898,incomparable
3402,75,incomparable
3257,3858,stronger
1676,988,stronger
3434,2996,stronger
3382,2806,stronger
3900,4489,incomparable
2606,141,equivalent
3731,4680,incomparable
3970,2976,stronger
4314,2786,stronger
2282,3427,incomparable
2074,1034,incomparable
3407,3802,equivalent
1941,3134,stronger
69,1778,equivalent
1352,3493,weaker
605,1758,equivalent
1116,2462,weaker
617,829,stronger
3213,3936,weaker
3287,475,stronger
4173,302,incomparable
4596,405,stronger
2765,1302,stronger
358,2820,stronger
4439,2673,incomparable
2295,3073,weaker
3520,4618,incomparable
2033,3073,weaker
4345,5,incomparable
2671,3360,incomparable
1513,593,weaker
3087,40,incomparable
315,3123,stronger
4198,4681,weaker
4329,1754,stronger
3800,3854,equivalent
2842,209,weaker
130,3343,weaker
4039,3870,weaker
2217,157,incomparable
4665,3366,stronger
2676,671,stronger
2034,1204,equivalent
2309,3129,equivalent
967,4217,weaker
2140,3320,incomparable
4253,2109,stronger
4573,1333,stronger
1672,1754,stronger
2410,737,stronger
4282,595,stronger
4686,456,incomparable
436,1548,stronger
4622,2915,stronger
236,3180,weaker
1170,3987,weaker
3326,2658,stronger
60,2200,stronger
1872,1061,incomparable
3711,779,stronger
10,393,incomparable
2368,676,incomparable
3080,2602,incomparable
793,1004,weaker
4563,241,stronger
3207,2185,equivalent
1729,2446,incomparable
1063,2585,stronger
741,2534,weaker
2539,1497,equivalent
2114,3977,weaker
4206,1889,stronger
768,193,equivalent
4106,4691,incomparable
372,4165,incomparable
2832,29,weaker
2966,4193,weaker
1732,3094,weaker
624,2134,incomparable
3934,420,incomparable
2566,287,equivalent
207,2785,stronger
1482,475,stronger
4641,2002,stronger
3803,1657,incomparable
4489,4614,incomparable
377,3196,stronger
3985,385,weaker
2964,333,incomparable
1189,2293,weaker
4606,2920,stronger
4024,1252,incomparable
481,2206,stronger
2081,3628,incomparable
2005,2098,weaker
1867,4608,incomparable
298,3253,weaker
1325,87,stronger
84,4233,weaker
1292,4111,weaker
2192,1924,weaker
1507,1821,incomparable
3205,3778,incomparable
36,809,equivalent
380,619,incomparable
4227,1022,incomparable
980,3058,weaker
2100,3089,incomparable
3774,3706,weaker
3390,2777,stronger
264,4608,incomparable
80,2801,equivalent
4398,123,stronger
819,1420,incomparable
1612,1056,weaker
2202,2053,weaker
4278,206,incomparable
3161,446,incomparable
826,3530,incomparable
3653,154,incomparable
4570,1546,stronger
4508,668,stronger
4692,3229,stronger
373,3962,incomparable
1832,3459,incomparable
1078,3751,incomparable
467,3597,incomparable
400,2375,stronger
2308,944,stronger
957,980,equivalent
3088,2038,incomparable
3253,3603,stronger
2398,837,incomparable
2262,10,incomparable
3867,1776,stronger
1059,2196,incomparable
2141,1935,equivalent
4510,4097,incomparable
2247,641,stronger
1481,2828,stronger
2202,898,weaker
3623,103,incomparable
2291,1879,incomparable
3251,4661,weaker
2430,2977,stronger
2509,3270,incomparable
3536,858,incomparable
1060,2017,stronger
3643,755,stronger
74,2740,equivalent
2371,3336,weaker
4580,1833,incomparable
2200,3454,weaker
3497,4313,incomparable
3590,1094,stronger
1272,3593,incomparable
3574,4533,weaker
229,3782,incomparable
4496,3825,stronger
989,1026,incomparable
3186,3670,weaker
1209,46,weaker
3389,57,incomparable
3416,160,incomparable
775,3726,incomparable
1212,4481,incomparable
3829,329,weaker
1088,1971,stronger
3748,2619,stronger
2715,3496,weaker
1182,1606,equivalent
146,2966,stronger
1588,42,weaker
3448,637,incomparable
2936,462,incomparable
434,400,incomparable
766,2859,weaker
4570,4124,incomparable
2891,719,incomparable
1872,740,incomparable
917,3028,stronger
1248,4296,incomparable
2800,3984,weaker
2968,3568,incomparable
4081,2620,stronger
347,2094,stronger
2556,591,equivalent
1749,2777,equivalent
4264,792,stronger
300,2278,weaker
2710,4441,incomparable
859,3962,incomparable
2242,2875,incomparable
4525,567,stronger
2049,2480,incomparable
1474,4235,incomparable
3114,360,weaker
1099,2860,weaker
815,3101,weaker
3062,1890,incomparable
1754,842,weaker
4223,1922,incomparable
2393,3229,stronger
4179,869,stronger
254,3973,weaker
4540,848,incomparable
3313,2640,stronger
3378,3035,stronger
3946,109,incomparable
3927,4031,incomparable
2731,3224,equivalent
1568,2557,equivalent
2431,2932,equivalent
1681,2434,stronger
3598,2809,stronger
2097,1366,stronger
1852,3255,incomparable
453,3809,incomparable
1001,3614,weaker
3366,1870,incomparable
1021,4266,incomparable
257,3116,incomparable
138,1704,stronger
2928,1644,incomparable
4117,1280,stronger
4385,4478,incomparable
4116,1809,stronger
3336,4098,incomparable
3856,192,stronger
213,2228,stronger
3291,2635,stronger
3241,828,weaker
727,2449,incomparable
4127,655,incomparable
1850,3717,incomparable
1196,2927,weaker
3154,4057,weaker
4372,459,incomparable
855,2634,stronger
4172,1337,stronger
4127,4038,stronger
142,483,weaker
2637,2784,equivalent
1066,602,stronger
2399,4124,incomparable
797,1875,weaker
3853,3277,weaker
582,2475,weaker
962,1942,stronger
4040,3103,incomparable
2262,628,incomparable
3734,4494,incomparable
930,714,incomparable
2146,453,incomparable
3474,3631,stronger
3049,1947,equivalent
86,1490,stronger
695,2537,stronger
2544,4663,weaker
3287,772,stronger
460,950,stronger
1490,2219,equivalent
2703,2441,weaker
91,2773,equivalent
347,484,stronger
2723,2127,weaker
40,1495,stronger
776,4569,weaker
1904,2209,stronger
1324,3620,weaker
3325,3134,incomparable
4240,3699,weaker
1449,2568,stronger
4447,2457,incomparable
2050,4663,incomparable
3982,4572,weaker
2296,1686,stronger
1532,1290,equivalent
16,1259,incomparable
2587,172,weaker
1076,485,stronger
885,3923,incomparable
267,2598,stronger
4384,2108,stronger
2211,824,weaker
2486,3503,incomparable
3026,973,equivalent
1190,772,equivalent
3172,44,weaker
4460,2103,incomparable
2411,3329,weaker
3173,3652,weaker
4188,1415,incomparable
3336,4582,incomparable
2524,3206,equivalent
3840,4115,weaker
939,372,weaker
125,4585,incomparable
3482,4407,incomparable
2455,403,incomparable
495,3364,incomparable
3958,4336,incomparable
1422,3000,equivalent
99,920,stronger
802,4046,weaker
2149,296,equivalent
2746,2272,incomparable
160,2327,incomparable
4678,2181,stronger
4590,2334,stronger
249,3308,weaker
679,2892,incomparable
1727,603,weaker
2491,1753,stronger
720,449,weaker
620,3251,stronger
4558,4516,weaker
4329,1246,incomparable
604,274,weaker
4203,2073,incomparable
4246,3463,weaker
722,495,weaker
572,736,stronger
16,3487,incomparable
3111,3309,weaker
1241,2780,stronger
1466,1178,stronger
2600,1107,equivalent
148,408,weaker
722,1434,weaker
4285,3576,stronger
2012,1122,weaker
2110,2411,equivalent
3173,1908,weaker
86,2913,incomparable
1378,18,stronger
1698,3406,weaker
1192,794,stronger
335,3617,incomparable
3453,1733,stronger
3107,3540,weaker
2207,3283,incomparable
2293,583,incomparable
4354,148,stronger
1981,2940,weaker
1143,2595,equivalent
1816,1183,stronger
1396,4007,weaker
1484,444,incomparable
38,1152,incomparable
1507,3057,incomparable
4043,1949,incomparable
521,3780,weaker
342,1563,stronger
2947,60,incomparable
4153,1555,stronger
3129,1986,equivalent
2912,3449,incomparable
3837,3012,stronger
1927,1364,stronger
1972,383,weaker
3422,4490,incomparable
2272,4028,incomparable
2486,604,stronger
870,2621,stronger
4297,3936,incomparable
3901,3936,incomparable
541,1399,stronger
2430,2924,stronger
3643,3146,stronger
1203,552,equivalent
498,763,equivalent
418,2497,incomparable
4308,3536,incomparable
4094,2264,incomparable
1532,2713,equivalent
4670,4117,incomparable
186,2339,stronger
4028,4650,weaker
3224,2381,weaker
750,2677,weaker
4256,4285,weaker
1253,265,incomparable
1965,2945,equivalent
1466,1312,incomparable
1347,4064,weaker
2937,4044,incomparable
1514,40,weaker
3754,102,incomparable
777,3719,weaker
4514,3762,incomparable
4113,2664,incomparable
4493,441,incomparable
859,2031,stronger
112,296,stronger
3961,580,stronger
3105,3978,incomparable
4621,4009,stronger
3616,518,stronger
1608,3997,weaker
3351,1001,stronger
314,4567,incomparable
2375,2412,equivalent
2404,898,weaker
1497,1914,equivalent
3197,4506,incomparable
3850,1099,stronger
1806,2669,incomparable
2250,4403,incomparable
667,3150,incomparable
3136,66,weaker
2401,600,equivalent
1040,1446,weaker
42,3098,stronger
2738,3403,weaker
4471,1971,stronger
4109,801,incomparable
2342,959,equivalent
1416,4177,weaker
2223,1267,weaker
3900,4599,incomparable
4060,3568,stronger
2105,2709,incomparable
4147,4476,incomparable
1645,4414,incomparable
1724,3017,stronger
2734,436,incomparable
1600,507,equivalent
1457,2673,incomparable
323,492,incomparable
83,1005,equivalent
1740,2961,stronger
3658,2218,stronger
1029,883,incomparable
4663,47,incomparable
3029,3178,stronger
2130,4055,weaker
3758,1109,incomparable
1776,3557,incomparable
3018,4517,weaker
3071,4343,incomparable
65,2304,incomparable
1820,631,weaker
2083,3485,incomparable
1515,749,incomparable
3170,1124,equivalent
4507,3856,stronger
1389,1576,equivalent
4431,3080,incomparable
1633,4188,incomparable
3300,4580,incomparable
1755,3619,incomparable
958,77,equivalent
2812,2547,stronger
3441,3280,incomparable
1772,3973,incomparable
2367,1150,weaker
4113,4087,equivalent
3628,3106,incomparable
4367,3445,stronger
903,4692,weaker
373,1494,incomparable
1157,1576,equivalent
1935,180,equivalent
2764,1725,equivalent
3775,2752,stronger
3200,2255,weaker
2479,2495,stronger
4332,1357,incomparable
2163,3198,stronger
2127,1289,incomparable
1435,2459,incomparable
1688,4625,weaker
1137,550,stronger
2248,2747,stronger
1155,3573,incomparable
2151,1094,equivalent
905,200,equivalent
4511,3924,incomparable
4160,2189,stronger
3733,2876,incomparable
1446,4688,incomparable
2313,863,weaker
1208,3584,weaker
76,2038,weaker
790,627,weaker
857,2603,stronger
4184,1994,stronger
1784,4683,incomparable
662,3825,incomparable
2839,155,weaker
655,2654,incomparable
541,3306,incomparable
2385,3368,incomparable
4312,2179,stronger
1361,3799,incomparable
1986,653,weaker
3899,320,incomparable
216,2957,stronger
3442,4016,equivalent
1224,303,stronger
3681,2312,stronger
2855,284,stronger
2497,576,stronger
4417,1414,stronger
3689,3893,incomparable
1679,3327,weaker
571,2367,stronger
4597,69,stronger
1751,197,equivalent
4559,3749,incomparable
3969,500,incomparable
1250,2655,incomparable
1238,1140,stronger
4247,1942,stronger
2678,587,stronger
2753,3390,incomparable
22,4030,weaker
1792,4143,weaker
1861,3748,incomparable
3354,4519,weaker
3399,3538,weaker
3937,4345,incomparable
4178,1024,incomparable
1903,4159,weaker
483,4590,weaker
2730,3379,weaker
305,3537,weaker
4164,4509,incomparable
1370,663,incomparable
1886,1711,equivalent
4692,4628,equivalent
1079,679,weaker
1211,2296,weaker
3737,500,incomparable
3102,2204,stronger
1863,761,incomparable
1685,3118,incomparable
2222,879,incomparable
1255,1844,incomparable
837,1331,stronger
3562,3128,incomparable
2130,1290,stronger
1793,207,incomparable
1608,427,incomparable
221,52,incomparable
167,3199,stronger
3257,3431,incomparable
4647,1071,incomparable
1971,3862,weaker
4588,1430,incomparable
4182,742,stronger
1093,3364,weaker
630,2142,stronger
1621,3483,weaker
1984,125,weaker
3078,2153,stronger
2159,4098,weaker
4666,2252,incomparable
4356,3524,incomparable
1125,3841,incomparable
4115,2149,stronger
763,2671,weaker
708,520,weaker
2497,4093,incomparable
2227,4232,incomparable
3610,3145,incomparable
508,1398,stronger
3961,1682,incomparable
3567,65,incomparable
1779,1598,weaker
1404,223,equivalent
1051,859,stronger
4335,3586,stronger
119,3508,weaker
766,875,weaker
3369,989,incomparable
155,2973,incomparable
2746,1764,incomparable
344,3626,equivalent
1113,2676,incomparable
354,1870,incomparable
772,2383,weaker
1517,285,equivalent
2024,1779,stronger
1666,2071,incomparable
3784,1204,stronger
3889,466,incomparable
110,197,stronger
1811,2425,incomparable
1043,3785,incomparable
448,192,stronger
4647,266,incomparable
3169,527,equivalent
387,2168,stronger
1185,2148,weaker
1020,4555,incomparable
230,4436,weaker
4077,4085,incomparable
1336,2317,stronger
3547,1641,incomparable
281,1183,stronger
2404,3878,weaker
3056,1589,stronger
585,3846,weaker
69,546,weaker
1034,3672,incomparable
2097,2415,incomparable
4005,4182,weaker
247,818,weaker
796,1814,stronger
1713,3206,stronger
988,1984,equivalent
3352,3802,stronger
4537,1976,stronger
461,3221,stronger
3890,2165,incomparable
786,537,incomparable
2599,2252,weaker
3163,4280,incomparable
2748,4038,weaker
2232,738,stronger
1573,1856,incomparable
3942,4018,incomparable
53,4335,incomparable
4002,2571,incomparable
4296,574,stronger
1641,4242,incomparable
2835,250,weaker
4566,2155,stronger
3038,3053,weaker
15,1599,equivalent
4364,2206,stronger
4579,4080,incomparable
1373,4427,weaker
1137,3396,incomparable
3986,533,stronger
1028,4392,incomparable
4026,3315,incomparable
2216,2837,equivalent
2469,4249,incomparable
2393,3473,incomparable
1006,3852,weaker
1682,2149,stronger
569,845,weaker
3709,2884,incomparable
1064,3268,incomparable
4053,2694,incomparable
1477,3437,incomparable
4342,2797,stronger
2977,491,weaker
3080,1370,incomparable
1502,4433,incomparable
4649,1227,incomparable
1488,2283,incomparable
1605,3622,weaker
1901,2452,weaker
1338,3278,weaker
3659,4460,incomparable
3139,1950,stronger
3752,487,incomparable
835,183,stronger
1305,886,equivalent
4152,1360,stronger
2457,3084,incomparable
468,3395,weaker
2295,1036,weaker
1146,75,incomparable
4112,241,stronger
4158,4558,incomparable
1794,2740,equivalent
2350,743,equivalent
1104,2293,incomparable
1147,2929,equivalent
830,3222,incomparable
3228,4624,weaker
2318,1959,stronger
3319,3988,stronger
4594,1678,incomparable
3954,2284,incomparable
2369,1924,weaker
791,1015,stronger
4297,2623,incomparable
4529,3912,incomparable
4161,3516,incomparable
1628,4141,weaker
731,4155,incomparable
4203,3927,weaker
224,2072,incomparable
45,3827,stronger
602,4684,weaker
3114,3182,weaker
2708,1740,weaker
2288,1154,incomparable
1268,2293,incomparable
4072,4383,incomparable
801,3581,incomparable
35,106,weaker
46,3648,equivalent
812,3181,equivalent
1209,2063,weaker
4533,247,stronger
1482,3915,incomparable
4235,590,stronger
4659,2049,incomparable
1698,2227,weaker
1221,4517,weaker
254,1318,weaker
1166,2366,equivalent
4357,2650,incomparable
1673,1416,stronger
387,1847,incomparable
4384,1063,incomparable
287,4649,weaker
4394,3471,incomparable
651,1893,stronger
2201,754,equivalent
3777,1782,stronger
2481,3023,stronger
1089,3058,weaker
34,3422,weaker
1851,375,incomparable
3387,2536,incomparable
4018,3342,incomparable
279,974,equivalent
3751,1500,stronger
3859,2531,incomparable
4585,945,stronger
3649,3475,incomparable
4258,550,stronger
2501,1396,equivalent
2296,1930,stronger
2771,2977,weaker
4245,1254,incomparable
625,2550,incomparable
4668,2111,incomparable
1608,1529,stronger
2045,1530,stronger
1460,2597,stronger
3493,3312,incomparable
2729,2162,weaker
2815,3434,weaker
4162,438,incomparable
2240,3691,incomparable
4113,1485,incomparable
2012,2521,weaker
4366,3651,stronger
904,2315,equivalent
3776,402,stronger
1778,2879,weaker
3641,2429,stronger
511,3552,incomparable
934,3655,incomparable
843,1847,incomparable
4239,1597,stronger
170,815,stronger
2931,1515,weaker
3490,3199,stronger
990,554,weaker
2098,3234,stronger
1074,2911,equivalent
1313,1207,incomparable
4255,787,stronger
4515,4124,incomparable
134,569,stronger
454,3957,incomparable
3595,2434,stronger
4512,3826,stronger
3815,4652,incomparable
3130,3795,incomparable
3058,2229,stronger
4353,3015,incomparable
3355,3913,incomparable
3876,1141,incomparable
3126,643,incomparable
2603,2588,weaker
3919,279,stronger
3905,381,incomparable
1711,4636,weaker
952,2140,incomparable
3206,2100,weaker
4663,962,incomparable
2562,1998,stronger
3403,2614,stronger
4186,808,stronger
3969,3025,stronger
4616,392,stronger
218,832,incomparable
1933,4456,weaker
183,4029,weaker
4273,3436,incomparable
3161,4020,incomparable
1590,1084,stronger
3140,699,stronger
3350,1475,incomparable
3618,4673,weaker
2735,2865,weaker
4557,162,incomparable
510,1391,stronger
1976,3779,weaker
4300,4478,incomparable
1066,525,stronger
2108,3117,equivalent
2464,1998,stronger
4582,4541,weaker
697,2156,weaker
4071,2147,stronger
2314,2993,stronger
1438,3322,weaker
3260,2871,stronger
4108,4658,incomparable
4693,1147,stronger
4349,1337,stronger
1955,3060,weaker
1438,289,stronger
1882,2023,stronger
920,2578,equivalent
1873,217,stronger
2468,3810,incomparable
4629,573,stronger
1315,1387,incomparable
904,355,weaker
1838,3414,incomparable
2471,1075,incomparable
809,3501,weaker
4450,3082,incomparable
899,11,weaker
1858,94,incomparable
2264,1536,stronger
4480,4422,incomparable
1940,2378,equivalent
2136,38,weaker
921,3153,equivalent
3830,341,equivalent
1022,761,incomparable
4124,2508,stronger
438,1464,weaker
1064,1926,stronger
964,756,stronger
2786,305,equivalent
186,3872,incomparable
2817,3590,weaker
1862,1906,stronger
1838,1320,stronger
2292,1490,equivalent
386,550,stronger
2379,3364,weaker
1423,2209,equivalent
3283,2050,incomparable
1805,59,weaker
1982,1449,weaker
2379,331,weaker
189,386,weaker
3445,1065,incomparable
3897,4572,incomparable
1736,1393,equivalent
2259,3420,incomparable
3031,2179,equivalent
3788,1404,stronger
4015,2349,incomparable
2771,562,weaker
3872,4515,incomparable
4054,2277,incomparable
3413,3412,equivalent
2890,1193,stronger
1282,1573,weaker
716,2882,incomparable
2793,1260,weaker
1347,4442,weaker
132,1141,weaker
2234,2959,equivalent
3555,2714,incomparable
3634,3007,incomparable
90,915,stronger
3147,1199,stronger
1168,3164,equivalent
3224,665,weaker
423,3010,stronger
283,3939,incomparable
2924,2093,weaker
1489,3744,incomparable
1611,4673,weaker
3540,901,incomparable
1110,3159,incomparable
675,787,equivalent
3631,265,incomparable
2111,2744,incomparable
667,2589,stronger
1460,1471,stronger
1737,59,weaker
1680,3689,incomparable
4488,825,incomparable
4450,533,stronger
1948,4443,weaker
3173,326,weaker
1576,2585,equivalent
3602,2129,stronger
1133,2015,stronger
2432,291,equivalent
3853,3468,weaker
1936,2339,equivalent
854,3354,incomparable
4546,1180,incomparable
2906,3365,weaker
1335,1183,equivalent
4425,661,incomparable
3666,609,stronger
1694,3745,incomparable
4177,1313,incomparable
4366,3464,incomparable
441,4124,weaker
2373,4033,incomparable
3204,3961,weaker
4044,4352,weaker
2795,2221,stronger
3459,1447,incomparable
1623,2000,incomparable
2829,1051,weaker
1961,1995,equivalent
1837,239,stronger
1389,1015,equivalent
3412,3294,weaker
4605,3049,stronger
467,2662,incomparable
589,4345,weaker
4364,3926,incomparable
465,3555,weaker
544,4602,weaker
943,147,stronger
91,3314,weaker
447,2949,incomparable
91,870,weaker
2200,4613,weaker
385,3791,incomparable
486,3843,weaker
2709,4490,incomparable
2280,2098,incomparable
3687,3125,stronger
4597,3346,incomparable
53,1517,stronger
70,1686,equivalent
1202,34,stronger
3464,4019,stronger
1936,2473,weaker
3956,4481,weaker
4460,2294,incomparable
991,3197,weaker
4229,1607,stronger
4563,729,stronger
1822,3125,equivalent
1041,2560,stronger
1190,4346,weaker
784,3658,weaker
1868,1780,incomparable
1048,2950,stronger
3493,4198,stronger
3589,3906,weaker
3074,2494,incomparable
1761,2068,incomparable
2631,1924,weaker
1726,3767,incomparable
568,3252,equivalent
745,4080,weaker
320,3150,incomparable
733,2565,equivalent
917,1154,incomparable
3427,2797,stronger
598,2340,incomparable
541,1806,stronger
357,3971,equivalent
3586,575,incomparable
2177,441,weaker
2660,1349,incomparable
3869,4081,incomparable
3683,1447,incomparable
2160,4409,weaker
1647,626,incomparable
1163,2499,incomparable
2935,241,equivalent
3260,3973,incomparable
3432,1047,incomparable
1150,3203,stronger
1379,811,weaker
4223,4020,equivalent
4030,1905,stronger
3872,3039,incomparable
480,2442,weaker
592,2683,weaker
2070,2422,stronger
2271,4398,incomparable
34,3853,incomparable
3637,1452,incomparable
1856,1904,incomparable
2389,4619,incomparable
3993,4497,incomparable
1341,3710,weaker
1611,1319,equivalent
3144,765,weaker
2464,1006,stronger
2357,385,weaker
2467,2997,stronger
3554,2326,stronger
2117,898,weaker
3161,4317,incomparable
4574,463,incomparable
3784,1098,incomparable
642,2396,stronger
4687,340,stronger
4184,3661,weaker
707,539,stronger
540,2119,weaker
2804,2767,stronger
3702,3917,incomparable
104,1000,stronger
3301,3573,incomparable
4390,1285,incomparable
787,4440,weaker
2597,2474,weaker
107,2237,stronger
4143,627,incomparable
2571,4636,incomparable
2091,1555,stronger
3930,519,stronger
2880,3701,incomparable
896,1350,equivalent
1486,4599,incomparable
4283,3266,incomparable
2896,3645,incomparable
1065,4542,incomparable
4193,340,equivalent
1287,4389,weaker
3625,822,incomparable
3568,4452,weaker
4655,2091,incomparable
4438,4308,incomparable
4414,3722,incomparable
1045,1823,stronger
3488,4688,incomparable
2875,3707,incomparable
4005,1982,stronger
3683,1931,incomparable
3652,366,weaker
3177,3291,weaker
3354,709,incomparable
448,786,incomparable
3144,899,equivalent
4059,4662,weaker
2287,4476,incomparable
2672,4287,incomparable
2557,2085,weaker
1681,4666,incomparable
1667,2516,stronger
569,2244,weaker
2451,2598,stronger
1751,709,weaker
1460,2223,stronger
3433,4385,weaker
4142,3384,stronger
3262,4503,incomparable
4673,3020,stronger
2531,4055,incomparable
4547,4601,weaker
139,4353,weaker
423,1668,incomparable
4662,2107,incomparable
123,1376,equivalent
121,549,weaker
1960,3677,weaker
264,103,incomparable
3409,2486,incomparable
480,3865,weaker
272,718,equivalent
1376,1936,equivalent
1135,2813,equivalent
4206,2995,stronger
3070,2239,stronger
2325,2085,weaker
635,4153,incomparable
3643,3821,equivalent
3312,4216,incomparable
4011,1773,stronger
1411,4374,weaker
3169,3938,weaker
3107,3060,weaker
3143,2717,stronger
1154,22,stronger
304,3824,weaker
3881,202,stronger
1346,4164,weaker
2008,3317,weaker
525,3234,equivalent
3135,2075,weaker
3732,79,stronger
1156,4040,weaker
48,3080,incomparable
444,2491,incomparable
1922,2230,stronger
3092,1624,stronger
3219,3651,weaker
511,2023,stronger
1075,4051,incomparable
2534,3548,incomparable
4387,2410,incomparable
1092,3466,incomparable
37,4584,weaker
3306,2307,stronger
2575,1105,stronger
498,2727,equivalent
108,4235,incomparable
4282,1835,incomparable
87,914,weaker
4595,80,stronger
985,2064,incomparable
1427,2409,stronger
1718,895,stronger
1728,2337,incomparable
3894,3416,stronger
4608,2005,stronger
2316,63,incomparable
917,617,incomparable
1698,1182,equivalent
3026,4360,weaker
3587,1953,incomparable
3372,2553,stronger
485,960,weaker
4017,1537,incomparable
3004,814,equivalent
3809,1773,stronger
1967,4201,incomparable
140,4308,weaker
3725,4519,incomparable
2228,2286,weaker
287,571,weaker
1615,3749,weaker
161,2152,incomparable
1391,4041,incomparable
1921,823,incomparable
3970,1317,stronger
4039,922,incomparable
2650,2918,stronger
721,274,weaker
3013,526,equivalent
119,1926,equivalent
2147,3795,weaker
3152,4068,incomparable
2033,4447,weaker
4244,3771,equivalent
3628,1553,stronger
1840,834,incomparable
2616,301,equivalent
3662,383,stronger
3077,1450,stronger
3593,2498,stronger
4078,4233,stronger
1812,2758,equivalent
1199,4221,weaker
4198,2083,incomparable
1378,22,stronger
1994,2240,weaker
92,453,weaker
2111,2236,stronger
4024,1903,stronger
416,2270,incomparable
3420,2728,incomparable
1560,2887,incomparable
4015,4069,weaker
2281,203,weaker
2119,4571,incomparable
3158,476,weaker
1833,3985,incomparable
1095,1804,equivalent
697,977,weaker
2118,4346,weaker
4642,4167,incomparable
4200,3068,incomparable
3233,4033,weaker
2410,1522,stronger
562,752,incomparable
1116,2092,equivalent
3743,348,stronger
1709,3360,incomparable
3666,101,incomparable
4662,1786,stronger
2284,70,stronger
2843,1754,equivalent
2953,4366,weaker
811,2395,stronger
1578,3062,weaker
360,244,stronger
936,3595,weaker
1607,1548,equivalent
3670,4192,incomparable
43,4509,incomparable
631,2959,stronger
4138,96,stronger
3651,1698,stronger
373,2169,incomparable
4031,1919,stronger
2322,3745,incomparable
3358,3139,incomparable
70,2922,equivalent
2649,1888,incomparable
481,1702,stronger
3359,3741,incomparable
3343,764,stronger
4162,1621,stronger
1643,2898,incomparable
254,1696,equivalent
1551,3309,weaker
1477,916,incomparable
1332,3945,incomparable
4663,3300,incomparable
310,2759,stronger
2065,1086,incomparable
2197,3457,weaker
2238,1014,incomparable
1422,3838,weaker
1066,2513,incomparable
1461,1322,incomparable
1977,2370,incomparable
2913,3812,incomparable
2030,1250,weaker
3847,4619,weaker
1851,753,stronger
674,942,equivalent
1408,2627,equivalent
1896,3879,weaker
1161,1969,equivalent
1777,4187,weaker
1474,214,weaker
2703,969,equivalent
2281,3720,incomparable
2718,311,weaker
1391,2431,stronger
4173,2510,stronger
1167,1225,incomparable
1015,3083,weaker
1796,3648,weaker
955,588,incomparable
485,639,weaker
1793,1687,incomparable
2639,2647,weaker
1271,3268,incomparable
2742,1836,weaker
61,311,weaker
1432,4125,incomparable
1496,3386,incomparable
1609,2509,weaker
3295,1231,incomparable
2113,322,incomparable
3837,3500,incomparable
4368,3136,stronger
1106,4140,weaker
4024,3326,weaker
1202,3848,incomparable
1639,4603,weaker
2769,2878,weaker
1217,938,incomparable
4138,3613,stronger
3806,2874,incomparable
867,2811,stronger
2627,1482,weaker
2296,3597,incomparable
553,4341,weaker
307,1656,incomparable
1363,3392,weaker
3340,600,stronger
3689,2474,incomparable
3627,1596,stronger
506,553,stronger
2522,907,incomparable
3696,2864,incomparable
4486,2983,stronger
2899,4240,incomparable
3391,538,stronger
4,2005,stronger
1217,2227,weaker
4651,2269,incomparable
872,4444,incomparable
106,969,stronger
868,538,stronger
515,2894,weaker
2517,1852,incomparable
4197,2449,incomparable
1869,4260,incomparable
1506,4208,incomparable
2208,3726,weaker
1518,3279,incomparable
1982,4137,weaker
2968,970,stronger
4671,3271,incomparable
3460,1432,incomparable
1087,4224,weaker
3613,1674,incomparable
1221,4224,weaker
3573,555,stronger
3931,1017,stronger
3346,2084,incomparable
1467,1247,incomparable
4046,3219,stronger
1162,1365,equivalent
1147,1242,weaker
2981,616,weaker
4383,2989,stronger
1059,3115,incomparable
1823,4265,weaker
4467,1936,stronger
616,2545,stronger
1562,703,weaker
347,3818,stronger
2591,3090,weaker
650,1375,stronger
113,204,weaker
438,3936,weaker
3542,3312,weaker
3719,730,stronger
4266,3343,weaker
4085,2773,stronger
1024,1027,stronger
4303,4164,incomparable
2313,4250,weaker
1200,2946,weaker
575,2894,incomparable
809,846,weaker
2746,345,incomparable
3221,1392,equivalent
502,3547,weaker
624,4476,incomparable
3100,3317,weaker
1343,4163,weaker
3934,2762,stronger
2363,580,equivalent
4536,2830,stronger
3254,751,stronger
1201,323,weaker
3459,402,stronger
4221,725,incomparable
2098,2002,stronger
1564,3758,incomparable
4656,653,incomparable
1139,2828,equivalent
738,2484,weaker
1619,4219,weaker
2197,1981,equivalent
1574,2756,equivalent
2797,3666,weaker
1185,729,equivalent
992,1088,weaker
155,2843,stronger
1726,3527,incomparable
2445,2460,weaker
3546,2249,incomparable
1079,3716,weaker
1916,2870,incomparable
789,1668,weaker
393,1668,incomparable
178,1514,equivalent
2067,3039,incomparable
2855,1577,incomparable
4400,3292,incomparable
4419,1090,incomparable
2653,130,incomparable
459,975,stronger
2553,2932,equivalent
4517,844,incomparable
2557,3805,weaker
3605,1516,incomparable
2970,3220,equivalent
1213,4066,weaker
502,2742,equivalent
1672,2136,stronger
2064,674,stronger
3929,1613,incomparable
2444,895,stronger
4440,2317,stronger
4689,1301,incomparable
1626,448,weaker
1056,3301,incomparable
1216,2270,weaker
2146,4621,incomparable
54,1047,equivalent
410,4092,weaker
1480,2316,incomparable
1201,2901,equivalent
4184,38,weaker
3284,2225,stronger
906,509,stronger
1864,212,weaker
2213,366,weaker
1143,452,weaker
4520,3370,incomparable
404,3496,weaker
4065,3729,incomparable
765,4441,incomparable
4665,2004,incomparable
3614,1578,stronger
1105,345,weaker
3613,1353,incomparable
2897,1937,incomparable
2596,2763,stronger
3210,182,incomparable
856,3024,incomparable
1418,2727,equivalent
3828,2446,incomparable
211,1007,stronger
3791,3318,incomparable
2767,2995,equivalent
119,1418,equivalent
4004,3611,equivalent
475,1053,weaker
1039,3081,incomparable
2966,1892,equivalent
2651,2820,stronger
1130,2445,weaker
4103,1338,stronger
3895,4607,incomparable
2136,3128,weaker
4395,3432,stronger
2017,1716,equivalent
4460,3827,stronger
1367,1634,weaker
747,1926,equivalent
2531,1937,incomparable
1977,2317,stronger
848,2732,stronger
3016,4638,weaker
3828,352,stronger
1770,2024,weaker
835,992,stronger
3865,1173,stronger
1473,3723,incomparable
79,4621,weaker
2326,3410,weaker
4017,224,incomparable
3668,70,stronger
268,2830,stronger
1400,1932,incomparable
1974,4648,weaker
4469,3539,incomparable
3880,3144,stronger
1299,2789,incomparable
2440,1445,weaker
2954,1666,weaker
4616,3966,stronger
1455,1050,incomparable
4048,476,incomparable
3408,1055,incomparable
3069,1589,stronger
1866,3775,incomparable
890,2742,equivalent
630,3569,incomparable
4023,3048,stronger
803,1245,weaker
445,1537,incomparable
3963,2216,stronger
3058,4059,incomparable
1127,1342,equivalent
4654,1575,stronger
1235,121,stronger
3243,614,weaker
839,4093,incomparable
2590,2678,weaker
1814,3211,weaker
1359,3570,weaker
3852,1072,incomparable
4101,4028,stronger
1274,988,stronger
3941,363,weaker
97,2143,equivalent
3207,1307,weaker
2123,933,equivalent
2283,2908,stronger
4542,3212,stronger
2879,687,stronger
1960,2632,equivalent
3290,29,incomparable
64,690,weaker
3534,2833,stronger
2892,3366,incomparable
1140,2112,equivalent
1109,547,stronger
1690,1990,equivalent
735,4278,weaker
2187,2796,equivalent
4088,3392,incomparable
2911,383,weaker
550,2246,weaker
3153,2360,equivalent
1047,3052,weaker
2602,3011,incomparable
4307,2941,stronger
661,3016,stronger
609,2826,weaker
3762,374,incomparable
2036,1287,stronger
1368,599,stronger
117,3303,incomparable
1146,1718,weaker
2089,4331,incomparable
4275,1124,stronger
316,2200,stronger
168,4022,incomparable
672,1835,incomparable
2444,3741,incomparable
1262,2832,stronger
2294,10,incomparable
272,4345,weaker
2333,3910,incomparable
891,3828,weaker
399,922,stronger
1440,660,stronger
4201,2114,stronger
221,2313,stronger
3970,1427,incomparable
4498,3798,incomparable
1380,3992,weaker
1963,2098,weaker
537,2549,stronger
2407,826,weaker
304,1035,weaker
4213,4568,incomparable
964,3525,incomparable
52,4197,incomparable
862,3248,stronger
2770,1817,stronger
4239,2756,stronger
390,4192,weaker
4051,2705,stronger
2415,128,stronger
1064,1662,incomparable
718,1025,weaker
3316,795,stronger
3252,3254,weaker
1433,3222,incomparable
2129,2925,weaker
3698,2028,stronger
4269,2783,stronger
4028,4414,weaker
1015,3648,weaker
2316,307,incomparable
1760,2304,weaker
4320,1782,stronger
767,4300,weaker
2482,3228,stronger
2561,3521,weaker
589,3247,weaker
2158,2350,equivalent
1400,2900,incomparable
2484,3274,incomparable
95,3089,weaker
1000,2966,equivalent
1609,41,weaker
2211,2361,equivalent
1531,2602,incomparable
1027,1379,stronger
3071,3973,incomparable
658,3202,stronger
1773,2889,weaker
3151,704,weaker
3545,631,incomparable
4474,1094,stronger
3830,3244,stronger
2744,2043,incomparable
1397,3541,weaker
2042,2525,incomparable
2329,3521,weaker
4682,1208,stronger
4021,1499,stronger
3121,3686,weaker
4043,1258,incomparable
1118,1093,equivalent
3422,416,incomparable
3141,2618,weaker
925,698,weaker
1360,626,weaker
890,4649,weaker
986,4357,weaker
3245,4661,weaker
2576,1119,incomparable
2741,432,incomparable
1908,431,incomparable
430,692,incomparable
2001,4594,weaker
1567,1858,weaker
4672,2368,incomparable
2504,2182,incomparable
3851,3158,stronger
2254,2007,stronger
2042,3814,incomparable
2099,4348,weaker
3090,2279,incomparable
98,138,weaker
1237,411,weaker
3979,1623,incomparable
3290,4030,stronger
871,61,weaker
2538,2705,stronger
554,354,incomparable
511,3690,incomparable
53,2058,incomparable
3902,2342,stronger
3563,2876,incomparable
4504,1444,incomparable
4318,4472,incomparable
2981,242,weaker
2329,1777,equivalent
901,1401,stronger
4032,1634,incomparable
3468,2989,stronger
4068,510,incomparable
2170,1905,stronger
2259,3640,incomparable
2383,2952,incomparable
989,4604,incomparable
2809,1074,equivalent
4667,4252,stronger
1895,919,incomparable
3887,3323,incomparable
3240,3512,weaker
3567,1655,incomparable
1024,1592,stronger
2589,2239,weaker
774,1417,stronger
1513,4200,weaker
2764,550,equivalent
947,1345,stronger
1463,2393,incomparable
2208,2547,equivalent
1117,1756,stronger
604,4389,weaker
2311,1736,equivalent
895,2875,incomparable
1874,981,incomparable
1488,3389,incomparable
1364,1633,weaker
4263,577,stronger
3683,1988,stronger
2069,2388,stronger
1998,458,weaker
4071,3790,incomparable
1751,3210,weaker
1180,11,incomparable
4387,3272,incomparable
3289,3754,stronger
4113,4201,stronger
4215,536,stronger
2248,1572,stronger
3706,4042,stronger
1335,1053,weaker
2491,741,stronger
1675,3373,incomparable
4648,2266,incomparable
3112,859,incomparable
1105,776,equivalent
4303,2985,incomparable
517,3989,weaker
4132,3103,incomparable
4400,3857,incomparable
1299,992,stronger
945,494,equivalent
1134,3399,weaker
506,3830,incomparable
368,1422,stronger
3618,3067,incomparable
2542,3308,weaker
999,730,stronger
4186,3524,weaker
920,3066,weaker
4215,2764,stronger
4665,3724,incomparable
2146,4247,incomparable
835,484,stronger
3564,1491,incomparable
1876,1942,stronger
4642,3740,incomparable
184,3937,weaker
3317,4243,incomparable
53,448,stronger
3432,783,stronger
4626,763,stronger
1305,4570,weaker
4016,4217,weaker
2356,300,equivalent
3159,624,incomparable
3845,3581,equivalent
2837,4545,weaker
3310,39,incomparable
268,3261,weaker
2076,2912,incomparable
2386,1640,weaker
3480,450,incomparable
1752,536,equivalent
353,1090,incomparable
1108,4406,weaker
3805,3401,weaker
2358,3729,weaker
4476,2108,stronger
1668,2528,stronger
123,1567,equivalent
2382,1871,weaker
4276,542,stronger
3586,95,stronger
936,135,equivalent
991,4006,weaker
2192,993,equivalent
3255,4654,incomparable
478,977,weaker
4144,2308,incomparable
4192,3288,incomparable
4112,2770,incomparable
3212,793,equivalent
3093,3545,incomparable
560,4170,weaker
3215,4474,weaker
4657,2304,incomparable
218,2743,incomparable
4476,14,incomparable
1177,1136,equivalent
4401,3812,stronger
2090,1066,incomparable
3981,974,stronger
4672,4275,incomparable
1557,3986,weaker
1311,547,equivalent
2410,3673,incomparable
1457,372,incomparable
3415,1502,incomparable
1990,835,weaker
4144,3597,stronger
4557,3012,stronger
1680,3827,incomparable
4562,3356,incomparable
3044,2498,stronger
3237,449,incomparable
2512,3391,weaker
1113,3945,incomparable
2911,2908,equivalent
321,747,stronger
2754,2924,equivalent
2296,1292,stronger
2267,362,incomparable
300,4596,weaker
110,1466,incomparable
2195,4623,incomparable
3181,1456,weaker
2484,2282,incomparable
3072,2452,incomparable
1838,1353,incomparable
3842,384,incomparable
3531,522,incomparable
2206,1025,weaker
798,2779,weaker
3900,4526,incomparable
4387,3890,incomparable
841,1163,incomparable
2153,1364,equivalent
1907,1897,weaker
2022,2601,weaker
1507,4407,incomparable
3009,2288,weaker
3554,102,incomparable
2764,2457,weaker
3182,2216,stronger
4311,1801,incomparable
2079,2354,stronger
389,4422,weaker
871,224,weaker
1609,3371,weaker
2729,3402,weaker
3861,2504,incomparable
1003,3561,weaker
2260,1611,stronger
1255,2092,stronger
647,3899,incomparable
1096,3725,incomparable
1743,1092,weaker
3205,4270,incomparable
3186,4028,weaker
1727,4531,weaker
3155,2463,incomparable
4080,4470,incomparable
4364,1031,incomparable
2166,4578,weaker
2739,1996,incomparable
996,296,equivalent
1419,1153,equivalent
3413,1940,stronger
4185,2951,stronger
3330,4157,incomparable
3939,1232,incomparable
1812,3299,weaker
2213,3643,weaker
246,1461,incomparable
1483,2077,incomparable
220,4212,weaker
3114,2812,weaker
2209,491,weaker
3768,1350,stronger
2465,2366,stronger
2807,3069,weaker
4424,3906,incomparable
3541,1344,incomparable
2658,2946,incomparable
2931,4044,incomparable
4657,1633,incomparable
3115,189,stronger
66,4684,incomparable
3225,549,weaker
2619,2991,equivalent
2946,1134,stronger
27,4167,incomparable
390,2529,stronger
3430,2644,incomparable
1298,4367,weaker
1188,2509,stronger
1840,220,stronger
3044,888,stronger
1329,1236,weaker
3108,149,stronger
1456,3263,incomparable
12,2354,stronger
2271,2658,incomparable
2572,1832,weaker
2066,3192,stronger
3986,4030,equivalent
3229,1607,equivalent
3220,2053,weaker
3948,1294,stronger
2320,4240,weaker
768,2108,equivalent
4214,3665,weaker
2349,3480,incomparable
1143,1985,equivalent
1635,1693,stronger
3350,3065,incomparable
127,3997,incomparable
4621,3265,incomparable
3134,1720,stronger
3295,2577,stronger
3312,1992,stronger
1117,1703,stronger
2082,4075,incomparable
4205,2798,stronger
2973,82,incomparable
4253,2280,incomparable
354,3407,equivalent
1285,533,stronger
4449,3158,stronger
4351,2623,incomparable
4624,3913,incomparable
4674,3276,incomparable
3297,4343,incomparable
1456,4552,incomparable
3586,2002,stronger
4085,3635,stronger
2567,2777,stronger
4468,2619,stronger
2140,4430,incomparable
2332,2910,weaker
1600,2207,weaker
4050,3799,stronger
3933,16,incomparable
1847,4558,incomparable
1446,3460,incomparable
499,4111,weaker
2417,924,equivalent
3136,611,equivalent
4264,4667,weaker
367,959,stronger
7,4588,weaker
1308,493,equivalent
1507,4086,incomparable
394,2782,incomparable
817,3639,incomparable
2911,1432,weaker
1806,4153,incomparable
2520,3496,weaker
2561,3497,weaker
4175,653,incomparable
3886,550,stronger
1847,2464,stronger
3741,3579,stronger
2122,2669,weaker
1234,3927,incomparable
4116,1012,stronger
1103,1000,equivalent
3410,32,stronger
2670,3440,incomparable
4024,1423,stronger
1947,3045,equivalent
727,1652,incomparable
49,2720,stronger
4543,1988,stronger
3275,3779,stronger
1270,359,weaker
4181,2538,incomparable
3090,3999,incomparable
3240,560,equivalent
3066,407,incomparable
3205,1505,stronger
326,2247,incomparable
2277,1644,incomparable
606,4516,weaker
2693,1330,stronger
251,2073,weaker
4062,2065,incomparable
526,3998,weaker
4664,4385,incomparable
875,1900,incomparable
2406,3717,incomparable
918,3290,weaker
1649,1294,stronger
1191,2136,equivalent
4680,4329,incomparable
3291,3127,stronger
3294,1146,incomparable
4691,3929,incomparable
1969,1649,weaker
4011,3416,equivalent
185,2392,equivalent
3860,1557,stronger
1855,2301,incomparable
2438,407,weaker
941,4590,weaker
733,1443,weaker
1524,252,equivalent
1011,3639,weaker
1522,4343,weaker
1964,4688,incomparable
3521,1310,stronger
1761,1885,incomparable
1124,3516,weaker
849,2557,stronger
1945,4446,incomparable
1850,1176,stronger
3402,864,incomparable
458,457,stronger
4444,1204,stronger
1235,3532,incomparable
942,2721,equivalent
3841,1665,incomparable
3206,3369,weaker
2516,2168,equivalent
3830,3004,stronger
1290,3404,weaker
454,688,stronger
4535,541,incomparable
2121,2578,equivalent
2575,2748,stronger
2635,2799,weaker
3927,4068,incomparable
904,3368,weaker
1697,2250,incomparable
1776,3297,incomparable
1364,4292,weaker
4315,3426,incomparable
1314,2485,weaker
3602,1275,incomparable
1126,2434,equivalent
1029,2501,stronger
294,3035,stronger
1796,3168,equivalent
1892,3630,weaker
1095,4252,weaker
2704,1064,weaker
1563,156,weaker
128,1053,weaker
3655,1286,incomparable
1275,2907,stronger
2159,187,equivalent
3014,4673,weaker
1450,3662,incomparable
941,1341,equivalent
4041,2261,incomparable
18,134,weaker
4424,3719,incomparable
1249,905,stronger
824,4139,incomparable
4105,3185,incomparable
4580,4232,stronger
2560,2224,equivalent
3907,3200,stronger
686,4205,incomparable
2905,2636,stronger
2141,2240,weaker
1730,454,weaker
102,4154,incomparable
3515,875,incomparable
2692,3282,incomparable
2339,3164,equivalent
123,1998,equivalent
909,2907,stronger
3947,2195,stronger
4219,4603,weaker
1583,4349,weaker
4687,507,stronger
2150,4396,weaker
901,1511,stronger
2790,3036,equivalent
1,1254,stronger
422,3728,incomparable
2070,1434,incomparable
3584,830,incomparable
2006,3893,weaker
1906,2723,equivalent
2226,1947,equivalent
4521,1908,incomparable
3456,1584,stronger
1632,1208,stronger
1255,1450,incomparable
3727,2801,stronger
3636,239,stronger
683,4442,weaker
1285,346,incomparable
3711,3796,stronger
3671,2677,incomparable
1159,1927,weaker
2298,2200,equivalent
123,3287,weaker
2702,2815,stronger
167,361,incomparable
2646,2883,incomparable
3496,3053,incomparable
1624,3949,weaker
3217,3638,weaker
3052,1881,stronger
3919,3910,incomparable
3585,2344,stronger
4015,1174,stronger
2368,4632,incomparable
2934,1071,weaker
1756,4253,weaker
2881,4628,incomparable
1657,4247,incomparable
2963,496,equivalent
3737,2334,stronger
896,362,weaker
880,3801,incomparable
708,1065,weaker
1976,994,weaker
2416,1266,weaker
4047,4253,weaker
243,736,equivalent
254,4278,weaker
4480,348,stronger
572,423,incomparable
3970,1000,stronger
3476,2185,stronger
98,732,equivalent
781,762,equivalent
258,2707,incomparable
1825,3427,weaker
306,1435,weaker
5,2261,incomparable
4182,2576,incomparable
3060,1718,incomparable
2463,3714,incomparable
1291,3493,incomparable
1721,3077,incomparable
575,1825,stronger
1530,3509,weaker
2128,4367,incomparable
777,239,equivalent
486,3473,weaker
658,547,stronger
3029,1092,weaker
355,546,incomparable
2385,3242,stronger
1590,527,stronger
1447,2693,incomparable
1058,1420,incomparable
4514,1221,stronger
1675,2328,incomparable
1570,814,equivalent
2821,1328,incomparable
1238,75,incomparable
88,3585,weaker
2201,1620,equivalent
1963,2960,weaker
3926,1990,stronger
677,947,incomparable
2702,3299,incomparable
1666,3905,incomparable
173,3134,weaker
350,552,stronger
637,1548,stronger
1285,4213,incomparable
4239,3618,equivalent
834,2062,incomparable
273,3715,incomparable
3785,1196,stronger
1221,256,weaker
4414,4373,incomparable
4280,1175,incomparable
2114,1062,weaker
4505,3737,incomparable
149,1959,equivalent
2728,3207,stronger
1673,3571,incomparable
3452,2484,incomparable
1744,2283,weaker
3538,2258,stronger
3242,3428,incomparable
544,2488,weaker
3513,3891,incomparable
1142,902,equivalent
4526,1581,incomparable
3557,1719,incomparable
1124,4268,weaker
2413,1102,equivalent
3486,3007,incomparable
2169,1873,incomparable
4466,2469,incomparable
2315,944,equivalent
164,173,stronger
1779,2627,equivalent
2973,2607,stronger
4181,2485,incomparable
2109,287,equivalent
1579,1815,equivalent
1296,2658,weaker
2918,3839,weaker
1051,2827,stronger
3031,3716,weaker
4306,652,incomparable
789,2827,equivalent
2499,3855,incomparable
1986,72,weaker
1869,3459,weaker
1762,1118,equivalent
333,3715,incomparable
3031,4655,weaker
627,1718,incomparable
4070,560,stronger
3166,4291,weaker
1752,3813,weaker
1864,82,incomparable
2199,2058,incomparable
3192,816,equivalent
6,3505,weaker
1126,3536,weaker
1377,903,equivalent
4011,330,weaker
12,1041,weaker
349,3844,equivalent
2845,3337,weaker
2129,3921,weaker
197,1760,equivalent
3804,4174,stronger
318,1498,incomparable
3759,267,incomparable
4089,2091,incomparable
2766,11,weaker
57,410,incomparable
1447,2022,stronger
2381,2829,stronger
4368,725,incomparable
615,179,incomparable
4114,3060,incomparable
1330,4066,weaker
3075,1705,incomparable
2999,929,equivalent
4592,1372,stronger
452,4322,incomparable
4325,1028,incomparable
3395,340,equivalent
2894,2798,stronger
3885,4139,incomparable
4540,2121,stronger
3948,2209,stronger
4495,2378,stronger
2048,2777,stronger
392,3675,weaker
2109,1710,weaker
3016,2414,equivalent
2023,4410,weaker
4623,843,incomparable
277,1473,weaker
1264,4358,incomparable
2439,4096,weaker
4378,1978,stronger
1671,1484,incomparable
1692,109,incomparable
1824,2480,weaker
4200,3369,stronger
141,3275,weaker
3011,1289,incomparable
1369,2839,equivalent
2453,961,stronger
1357,1324,stronger
2096,4107,weaker
4467,4652,incomparable
3481,1403,stronger
2149,735,weaker
1786,683,equivalent
3057,3327,weaker
4425,454,incomparable
598,1649,incomparable
4354,1742,incomparable
2616,2830,equivalent
3440,4031,weaker
3373,2809,stronger
3987,228,incomparable
2851,4390,incomparable
3018,366,weaker
2166,3533,weaker
290,4687,incomparable
1749,4184,weaker
2019,1793,weaker
2552,4508,incomparable
3562,2681,incomparable
2693,17,stronger
904,416,weaker
4288,341,stronger
3477,1819,stronger
2500,3005,equivalent
4386,2569,stronger
3262,3328,stronger
936,1802,equivalent
2233,3415,weaker
3990,2569,stronger
4339,279,stronger
2601,1367,stronger
2190,335,incomparable
2935,489,weaker
555,2110,equivalent
4039,1707,incomparable
3316,3564,stronger
2953,3512,weaker
2765,3461,weaker
236,4050,weaker
3271,3821,stronger
991,2640,equivalent
4286,2338,incomparable
3036,2234,equivalent
2635,1136,equivalent
873,2392,stronger
2098,1685,incomparable
3247,2646,weaker
4582,3797,stronger
1129,1823,stronger
590,3235,equivalent
2049,2732,stronger
108,1771,stronger
1622,1167,weaker
4505,3550,stronger
3156,3467,weaker
1110,992,stronger
4310,3082,incomparable
2080,1264,incomparable
1333,4447,weaker
2202,695,weaker
3814,434,incomparable
2456,3995,incomparable
2784,2548,equivalent
2691,105,incomparable
189,797,equivalent
897,4267,incomparable
2523,3904,weaker
90,37,stronger
1922,1994,stronger
3551,4346,weaker
2145,4483,weaker
1971,166,weaker
2671,3775,incomparable
4562,2929,stronger
1943,2282,incomparable
1186,2865,weaker
2557,4427,weaker
4193,588,incomparable
2966,2380,equivalent
4604,4094,incomparable
717,1074,equivalent
479,1660,incomparable
262,1433,incomparable
2096,53,weaker
4059,1527,stronger
4072,3452,stronger
1,2035,stronger
4627,3674,incomparable
508,1085,incomparable
4694,3206,stronger
3596,2934,stronger
1946,459,weaker
2892,337,incomparable
1187,1373,equivalent
4189,1758,stronger
2162,2743,incomparable
2401,1039,weaker
2146,2210,stronger
3407,3412,equivalent
367,3297,incomparable
2275,1866,equivalent
470,1732,equivalent
4098,2771,stronger
4607,2648,incomparable
3438,3664,weaker
401,3066,incomparable
4391,1303,incomparable
1805,604,equivalent
4186,1837,incomparable
3116,1923,stronger
3408,1543,incomparable
2849,1579,stronger
1176,3062,weaker
4579,1539,incomparable
3581,3191,stronger
1306,2354,equivalent
931,3231,equivalent
4105,4100,incomparable
344,1219,stronger
2670,2745,stronger
4566,2997,stronger
4688,3926,incomparable
1498,80,stronger
3361,4356,weaker
2596,3735,incomparable
660,3118,incomparable
1204,3016,equivalent
1188,793,stronger
3939,805,stronger
2980,1631,weaker
2866,2283,incomparable
2597,3556,weaker
1210,3935,weaker
3065,3432,incomparable
3932,3017,stronger
3789,1211,stronger
2421,3330,weaker
4176,1657,incomparable
1514,4346,weaker
1337,512,equivalent
4005,1775,stronger
3523,3721,incomparable
1921,2226,stronger
3103,3135,stronger
3669,3546,incomparable
4166,4352,weaker
1886,3171,weaker
1387,2292,stronger
3252,225,equivalent
126,2056,weaker
2486,3166,stronger
1789,3238,stronger
39,2811,stronger
3270,804,stronger
3304,3798,incomparable
945,2324,equivalent
64,4561,weaker
714,3889,incomparable
673,1636,weaker
3999,2145,stronger
4575,3998,stronger
4033,1729,incomparable
4569,1709,incomparable
295,2215,equivalent
4546,1725,stronger
1712,3930,weaker
1984,2174,equivalent
1972,851,weaker
2223,4634,weaker
2421,2175,equivalent
3312,4598,incomparable
772,2554,weaker
4466,1961,stronger
2418,1877,weaker
1778,3237,weaker
4195,4127,weaker
3627,4609,weaker
2596,3869,incomparable
1680,3079,weaker
1478,3884,incomparable
1944,3125,equivalent
3076,2227,incomparable
1002,3366,weaker
1549,3535,weaker
4283,4132,incomparable
697,286,weaker
260,4449,incomparable
900,3089,weaker
2803,1314,equivalent
2467,2119,incomparable
638,645,weaker
4681,206,incomparable
4626,4471,incomparable
133,1641,weaker
1672,2787,incomparable
2071,2304,incomparable
2503,2715,stronger
1670,1960,stronger
381,430,incomparable
9,824,stronger
2108,3125,equivalent
1998,1267,weaker
2951,4568,weaker
614,409,incomparable
4064,1176,stronger
2384,1488,weaker
2962,4168,weaker
759,2453,incomparable
465,2006,equivalent
1585,2037,weaker
1731,4306,incomparable
222,3002,incomparable
4463,104,incomparable
3477,827,incomparable
1224,4475,incomparable
3664,653,incomparable
1637,3890,incomparable
3048,2407,equivalent
3328,4676,weaker
761,4219,incomparable
4360,2608,stronger
3173,1355,weaker
697,2514,equivalent
4079,114,incomparable
2713,616,weaker
3351,3347,equivalent
4008,1402,stronger
2672,26,incomparable
3637,3152,incomparable
3766,2808,incomparable
3422,2998,incomparable
3735,1243,incomparable
2843,3291,weaker
106,733,stronger
2136,3429,weaker
2444,1330,stronger
2470,2551,stronger
3562,534,stronger
2841,4184,incomparable
1325,4153,incomparable
1022,4152,incomparable
3276,4112,incomparable
201,3222,weaker
4282,823,incomparable
2804,1084,stronger
139,92,equivalent
2179,1032,weaker
2370,2320,stronger
33,605,equivalent
931,1755,weaker
2562,2490,incomparable
4227,2055,incomparable
1336,2972,stronger
3640,2295,stronger
4037,1177,stronger
103,31,incomparable
2823,1484,weaker
3797,3410,equivalent
3377,2824,stronger
1718,4205,incomparable
3134,3066,incomparable
2334,2259,weaker
3416,1998,stronger
2981,380,incomparable
3158,1208,equivalent
2260,58,incomparable
1745,2618,weaker
4489,3903,incomparable
1698,4492,weaker
3649,4451,incomparable
1505,4097,weaker
137,554,weaker
290,796,incomparable
2549,1100,weaker
379,87,stronger
3658,2470,incomparable
819,359,incomparable
3253,4636,incomparable
3981,3877,weaker
2126,216,incomparable
2079,2090,incomparable
1845,1694,incomparable
1289,3691,incomparable
3806,89,stronger
2331,4031,incomparable
834,4050,incomparable
1364,832,weaker
1183,1952,equivalent
4058,310,weaker
2024,2568,stronger
2084,3373,incomparable
315,452,incomparable
4652,4432,incomparable
2028,997,equivalent
32,3547,weaker
532,2372,incomparable
406,3199,stronger
58,1735,stronger
918,3347,weaker
2172,3378,weaker
2941,2620,equivalent
1795,1176,equivalent
2478,4616,incomparable
776,1951,equivalent
4568,1701,incomparable
1448,2758,stronger
4098,2718,stronger
419,401,incomparable
4355,4037,stronger
2906,2784,equivalent
2078,4093,incomparable
886,2496,weaker
3888,2127,incomparable
4103,4001,incomparable
4299,1661,incomparable
1718,1306,stronger
143,1634,weaker
2969,1039,weaker
3924,3477,incomparable
3492,814,stronger
4137,552,stronger
759,3071,incomparable
4114,2820,stronger
3018,931,equivalent
127,350,incomparable
1152,2773,stronger
479,1741,stronger
4539,4689,weaker
2371,531,equivalent
17,3373,weaker
387,2152,incomparable
206,1582,stronger
2087,4155,incomparable
1220,2126,weaker
339,4555,incomparable
380,4364,incomparable
2890,2035,incomparable
3952,398,stronger
644,2158,stronger
3328,3200,stronger
1542,3308,weaker
4400,2251,incomparable
4278,568,stronger
3007,341,incomparable
562,813,stronger
2401,531,equivalent
4166,1266,incomparable
2486,80,stronger
1694,3298,incomparable
2023,2076,weaker
3127,1574,equivalent
3306,3791,stronger
4581,727,incomparable
3571,3308,weaker
723,2609,incomparable
45,3677,incomparable
3199,1450,weaker
313,4431,incomparable
3969,1102,stronger
2162,141,stronger
2143,4063,weaker
3942,1908,incomparable
1191,3616,weaker
4137,4069,weaker
2794,1522,equivalent
454,4262,incomparable
645,824,incomparable
2546,1420,weaker
3131,4325,incomparable
108,3625,incomparable
1402,803,equivalent
4237,2206,stronger
4490,4372,incomparable
1415,2728,stronger
2898,3565,incomparable
3772,4321,weaker
2528,1780,weaker
372,2917,incomparable
685,1162,equivalent
3739,1929,incomparable
131,1542,equivalent
1896,557,equivalent
3030,486,equivalent
2794,2461,weaker
3334,4095,incomparable
2914,2755,weaker
4566,4367,weaker
722,4427,weaker
3860,943,incomparable
2553,4469,weaker
3197,3982,incomparable
3142,1831,stronger
2820,1780,weaker
3525,815,stronger
502,4279,weaker
3950,55,incomparable
880,2919,incomparable
3726,4511,incomparable
3423,538,stronger
4527,4008,stronger
3042,846,weaker
1770,3427,weaker
1782,2498,equivalent
2723,1066,weaker
2205,3355,weaker
3683,3094,incomparable
555,126,equivalent
773,1517,equivalent
938,1584,stronger
4515,3624,stronger
2839,2180,weaker
1863,3591,incomparable
344,845,incomparable
1786,927,equivalent
2059,4469,incomparable
2527,373,weaker
727,583,incomparable
4082,3742,incomparable
4292,1108,stronger
3741,3449,stronger
2127,4603,incomparable
4381,399,incomparable
1824,630,weaker
2039,2504,incomparable
664,3452,incomparable
576,1353,weaker
1431,1867,incomparable
2809,4408,weaker
2864,143,stronger
4595,2048,incomparable
1893,3618,weaker
1302,3150,weaker
872,1122,incomparable
4454,3506,incomparable
3475,1236,incomparable
2730,1082,weaker
357,1430,incomparable
1217,2288,incomparable
1489,532,incomparable
3348,2592,incomparable
337,963,stronger
722,1528,weaker
2339,1611,equivalent
505,547,equivalent
257,445,stronger
3708,2346,stronger
3882,4219,stronger
2189,354,weaker
3758,2463,incomparable
3235,436,weaker
3899,3634,incomparable
807,1077,equivalent
2940,4460,incomparable
1051,3689,incomparable
4086,3460,incomparable
1090,2863,incomparable
636,4413,incomparable
1281,4151,incomparable
3337,1652,stronger
3669,139,stronger
2156,1345,stronger
4088,3506,incomparable
1430,1241,incomparable
2154,518,equivalent
1989,2925,weaker
4186,1597,stronger
3109,2956,weaker
2142,1447,weaker
2290,2099,stronger
1520,3386,weaker
2234,1975,weaker
3956,4518,weaker
644,3715,weaker
2113,3900,incomparable
3940,1541,stronger
3439,3999,equivalent
1906,2109,equivalent
2563,164,weaker
1004,3469,incomparable
646,3761,incomparable
2463,2966,stronger
2339,456,weaker
3471,3722,incomparable
857,1729,incomparable
2092,3962,weaker
1667,780,stronger
2088,810,stronger
61,1795,stronger
1587,2514,stronger
2280,980,stronger
4503,2593,stronger
3754,3229,stronger
698,137,stronger
1823,4676,weaker
894,1015,equivalent
4068,1884,incomparable
3541,3121,stronger
2194,3865,weaker
1505,2300,weaker
2064,3984,incomparable
2630,231,weaker
1871,179,incomparable
3641,1258,incomparable
2082,4563,incomparable
1688,2946,weaker
1395,3633,incomparable
3389,4420,weaker
1885,3460,incomparable
985,1483,incomparable
3413,2562,incomparable
4085,4123,incomparable
1344,1601,stronger
4038,1833,incomparable
4122,2470,incomparable
4089,4242,stronger
3007,1093,stronger
3941,1900,incomparable
1286,1596,stronger
4544,3102,incomparable
3469,2844,stronger
4389,3753,stronger
1402,2710,weaker
1894,3172,stronger
2914,1279,weaker
777,2658,weaker
753,2264,weaker
4139,2824,stronger
383,1041,incomparable
4068,140,stronger
1762,2464,weaker
425,3896,incomparable
3190,396,weaker
3169,3491,weaker
1421,3891,weaker
2983,4267,weaker
4404,3472,incomparable
2625,4559,weaker
3568,756,stronger
1097,3013,equivalent
4115,3369,stronger
2893,1341,stronger
2225,653,weaker
4059,27,incomparable
2693,529,stronger
3187,1818,equivalent
4439,3466,incomparable
3902,3261,incomparable
889,3249,stronger
3566,4066,incomparable
1930,735,weaker
469,411,weaker
923,2833,equivalent
522,1735,stronger
2729,3569,weaker
3562,160,incomparable
3830,3358,equivalent
2746,2984,stronger
3587,3600,incomparable
2455,2054,incomparable
3680,2101,incomparable
4433,618,incomparable
3077,1808,stronger
1671,3635,incomparable
3182,3322,incomparable
2877,3440,incomparable
3944,1393,stronger
1089,277,equivalent
877,2084,weaker
3654,99,incomparable
3205,1993,incomparable
1734,3425,incomparable
2045,843,incomparable
4361,1681,incomparable
1064,1910,incomparable
3841,3897,weaker
3383,2265,incomparable
1618,3250,stronger
4524,921,stronger
2094,735,weaker
3143,4498,incomparable
2704,1418,equivalent
238,3265,incomparable
1940,268,weaker
178,770,equivalent
1867,3173,stronger
2049,2655,weaker
1357,3825,incomparable
710,4014,weaker
435,3809,incomparable
741,3327,weaker
4266,2733,incomparable
4324,459,incomparable
4089,2282,incomparable
648,1823,stronger
2924,788,equivalent
4094,2626,stronger
441,3974,incomparable
2679,957,stronger
2655,371,incomparable
4310,3944,incomparable
4344,4494,incomparable
3757,762,stronger
1613,1162,stronger
4486,2857,incomparable
1044,4425,incomparable
1304,1346,stronger
1842,4405,incomparable
1880,2445,equivalent
2119,741,stronger
2284,2306,incomparable
1346,4201,weaker
959,3563,weaker
2483,3647,incomparable
4188,167,incomparable
3326,2646,incomparable
1442,2219,stronger
509,4266,weaker
2560,1423,equivalent
1092,120,equivalent
1516,1387,incomparable
3832,2225,stronger
4052,4443,weaker
3744,126,stronger
500,3399,incomparable
4674,3443,stronger
2291,1383,incomparable
976,3328,weaker
4572,1446,incomparable
4641,1051,incomparable
3114,3113,weaker
4454,4608,incomparable
4626,1682,incomparable
4337,1579,stronger
2187,3662,weaker
4611,2313,stronger
525,2116,weaker
2357,4073,weaker
617,4334,incomparable
2742,2194,equivalent
3920,1641,incomparable
4011,1005,stronger
2414,3826,weaker
3799,1122,incomparable
2744,1486,incomparable
4444,4270,incomparable
3530,4115,incomparable
1661,2276,stronger
2996,4181,weaker
759,3636,incomparable
1920,4422,weaker
4100,1235,incomparable
4688,3849,stronger
4669,3607,incomparable
2997,619,weaker
2916,3663,weaker
2840,2887,weaker
3738,65,incomparable
1959,1152,weaker
233,1311,equivalent
1458,3610,incomparable
4008,1646,incomparable
3223,4345,weaker
3018,907,weaker
917,1943,incomparable
2672,270,incomparable
1791,2507,weaker
1605,4037,weaker
3893,2827,stronger
3617,2929,stronger
2435,2020,stronger
3944,1072,incomparable
4608,4270,incomparable
2194,645,weaker
2383,3550,incomparable
494,2779,weaker
2297,2086,weaker
1591,1106,equivalent
2914,3186,equivalent
3945,2236,stronger
3191,1774,weaker
696,1193,equivalent
489,3344,incomparable
3887,1477,incomparable
760,2117,equivalent
297,141,equivalent
1539,3575,incomparable
2700,3607,incomparable
3481,4172,stronger
651,669,incomparable
3722,97,stronger
3985,2951,stronger
1564,599,stronger
3795,2827,stronger
3253,558,incomparable
741,562,weaker
2912,4429,incomparable
1045,3417,incomparable
3946,2996,stronger
1143,4514,weaker
1382,2056,weaker
4061,3700,weaker
795,3242,weaker
2650,2739,incomparable
2455,3961,incomparable
2976,2909,weaker
820,4238,incomparable
1662,2046,incomparable
3663,3058,incomparable
3778,3762,weaker
3811,3710,incomparable
1286,2698,stronger
2597,3263,weaker
708,2492,weaker
2227,2232,stronger
250,1614,stronger
769,2179,stronger
69,290,weaker
2808,1985,stronger
1082,4396,incomparable
4213,4629,incomparable
1587,2811,stronger
2502,3376,weaker
3431,4593,incomparable
2927,2616,stronger
122,2745,equivalent
337,455,incomparable
2713,1344,weaker
4530,1303,incomparable
3967,4573,weaker
2635,3905,weaker
3841,3710,weaker
3617,30,stronger
1375,3305,weaker
4429,3880,incomparable
4305,2124,incomparable
3850,4173,equivalent
1906,1251,weaker
202,1169,equivalent
1021,2026,stronger
3333,3654,incomparable
3863,436,incomparable
2256,2007,stronger
2674,2520,stronger
1609,2196,weaker
1621,1267,weaker
1263,1559,stronger
1466,198,incomparable
4091,4235,stronger
2040,4634,incomparable
1303,4341,incomparable
2604,246,weaker
3325,760,stronger
2377,1775,equivalent
1088,4187,weaker
3929,3126,incomparable
3112,652,incomparable
1694,964,incomparable
2537,2407,equivalent
3731,2387,stronger
3511,169,incomparable
3209,3968,weaker
2144,3644,incomparable
3300,3332,incomparable
1916,3228,stronger
4120,627,incomparable
928,872,incomparable
4417,3065,incomparable
4302,109,incomparable
4305,380,incomparable
3680,4492,incomparable
1063,4480,incomparable
4411,2496,incomparable
1660,40,incomparable
2654,3342,incomparable
1248,3479,incomparable
3920,3198,stronger
2120,3408,weaker
1246,400,incomparable
2913,3044,incomparable
251,1569,weaker
3470,3901,incomparable
4535,1781,stronger
882,123,stronger
1859,2320,stronger
4032,406,equivalent
2581,1524,equivalent
3503,816,stronger
2200,1832,weaker
3829,1740,incomparable
687,3038,equivalent
4183,3958,weaker
3042,3050,weaker
1638,4014,incomparable
776,2329,equivalent
1371,3670,weaker
894,1796,equivalent
2988,4507,weaker
2814,190,weaker
3409,1531,incomparable
4288,2439,stronger
1249,1206,stronger
4623,1197,incomparable
2739,16,incomparable
1851,1274,stronger
1932,2956,incomparable
3886,2624,stronger
2432,1027,weaker
687,944,equivalent
509,2335,weaker
4580,1500,stronger
3819,4031,weaker
3131,247,stronger
3473,3394,stronger
3053,2808,incomparable
4634,982,stronger
2256,3430,incomparable
3924,3266,incomparable
2126,4111,incomparable
1049,2464,incomparable
1897,1807,stronger
2277,1274,stronger
663,708,stronger
2726,3352,weaker
4544,1439,incomparable
3909,699,stronger
2510,2007,equivalent
2288,3126,incomparable
3484,3933,incomparable
2826,3933,incomparable
529,893,weaker
2836,2177,stronger
3994,248,stronger
2443,3414,incomparable
2402,1161,stronger
2670,4359,incomparable
1875,4650,incomparable
3384,3702,incomparable
1971,4358,weaker
2007,4015,weaker
2788,2136,equivalent
637,3809,incomparable
2459,3358,incomparable
2748,1017,equivalent
647,2053,incomparable
2853,1033,incomparable
2300,2547,stronger
166,1191,stronger
4077,2353,stronger
4321,993,stronger
4094,1768,stronger
651,482,stronger
1640,3440,incomparable
3087,1614,stronger
3311,1130,stronger
549,2649,incomparable
351,190,incomparable
623,2598,stronger
2586,4072,incomparable
4692,936,stronger
3236,956,equivalent
3334,2245,stronger
3358,2639,stronger
495,3352,incomparable
1142,719,weaker
3425,3861,equivalent
1216,3112,weaker
3459,4411,incomparable
2807,284,equivalent
269,1319,stronger
4417,2394,stronger
635,888,stronger
4212,2928,incomparable
2350,2260,weaker
576,3691,weaker
1624,2156,weaker
13,4517,incomparable
132,267,weaker
2814,674,equivalent
1219,4322,weaker
1334,4272,incomparable
429,1951,stronger
341,3824,weaker
3173,1546,equivalent
41,3532,weaker
4112,2697,incomparable
514,3752,weaker
1445,878,stronger
4101,64,stronger
737,3235,equivalent
2067,632,incomparable
1802,1115,weaker
2003,3091,weaker
2868,4293,incomparable
4296,2225,stronger
1448,1526,incomparable
3201,3190,stronger
2886,4118,incomparable
379,4466,incomparable
2550,2671,incomparable
2920,1450,weaker
3489,1378,incomparable
2914,3133,equivalent
157,2552,incomparable
4188,598,incomparable
3508,839,incomparable
3835,2954,stronger
1486,2168,stronger
839,2357,stronger
2133,289,equivalent
918,3404,weaker
3999,1076,incomparable
4584,3981,stronger
1602,3282,weaker
2751,1799,equivalent
15,4539,weaker
3711,4581,incomparable
4311,3822,stronger
2296,2158,stronger
568,2244,weaker
459,3240,stronger
2350,2394,equivalent
896,797,equivalent
3707,4058,stronger
3270,4057,stronger
3774,2836,incomparable
2994,1907,stronger
3765,1784,incomparable
4202,1785,stronger
4324,3468,incomparable
3577,1733,stronger
700,2548,equivalent
2794,1095,equivalent
4287,3586,stronger
3686,4120,incomparable
3920,2072,incomparable
2017,1403,equivalent
604,3779,weaker
2259,936,stronger
2448,1589,stronger
1830,264,weaker
2263,1055,incomparable
1759,3996,incomparable
2917,4319,incomparable
1351,1727,equivalent
945,1039,weaker
894,3703,weaker
1925,2753,incomparable
1593,2014,weaker
204,3256,weaker
853,1450,weaker
1097,4062,weaker
1553,895,weaker
3074,1270,incomparable
4299,563,stronger
1971,654,weaker
3691,2370,incomparable
2163,824,incomparable
4491,733,stronger
4480,4516,incomparable
3539,286,incomparable
1634,2954,stronger
2831,2451,incomparable
2652,988,stronger
2363,885,weaker
1265,613,stronger
2170,2934,stronger
3049,3842,weaker
3085,3499,incomparable
3713,3822,stronger
1275,3021,stronger
2264,2569,stronger
1688,3190,equivalent
1089,387,weaker
122,598,weaker
483,577,stronger
4263,1256,incomparable
2401,588,weaker
4261,4593,weaker
1181,3359,incomparable
3600,912,incomparable
4097,1718,incomparable
1943,676,weaker
2965,172,weaker
1645,1019,stronger
2603,722,equivalent
1944,1840,weaker
3000,4330,weaker
159,638,stronger
2134,1183,stronger
4164,3879,incomparable
4341,3017,stronger
4081,3844,stronger
3680,1056,incomparable
3972,676,incomparable
390,2456,incomparable
3786,1452,incomparable
4504,2257,incomparable
2490,1195,stronger
1497,3191,equivalent
2791,4341,incomparable
1767,608,weaker
2548,1173,equivalent
1242,1918,stronger
359,110,stronger
3272,2170,incomparable
2028,383,weaker
739,3549,weaker
4629,3834,stronger
3932,4660,incomparable
1976,1913,weaker
1034,2908,stronger
3768,3505,weaker
65,2292,stronger
2632,497,equivalent
1007,1270,weaker
883,3678,incomparable
119,2528,equivalent
979,3386,weaker
2949,3587,incomparable
3193,2227,incomparable
3293,3397,incomparable
1701,4310,incomparable
2554,25,incomparable
1981,163,weaker
4398,4059,stronger
513,1866,incomparable
3651,72,incomparable
199,3396,weaker
3437,1806,incomparable
3475,2098,incomparable
3767,3438,equivalent
4001,1390,stronger
1489,1394,stronger
102,1019,stronger
616,3684,incomparable
2665,4178,incomparable
3441,235,stronger
2106,50,weaker
411,1774,stronger
1216,2925,weaker
2448,3951,incomparable
2150,322,weaker
188,1702,equivalent
4338,1160,stronger
3199,1641,weaker
1867,3417,incomparable
2280,3586,incomparable
2817,785,equivalent
4506,744,incomparable
354,4623,weaker
1562,337,weaker
3599,1760,stronger
2580,2535,equivalent
4127,1879,incomparable
2024,2088,incomparable
4099,585,stronger
2244,4306,incomparable
1010,3207,equivalent
4591,293,stronger
2829,795,equivalent
955,1056,incomparable
2075,1087,stronger
839,881,stronger
3707,4676,incomparable
1283,363,weaker
1795,2201,equivalent
1926,2684,weaker
2292,3007,weaker
3283,184,stronger
623,3700,incomparable
740,4285,incomparable
2099,2612,equivalent
4200,1576,stronger
347,3802,stronger
428,3232,incomparable
3024,2175,stronger
1281,2919,incomparable
1112,3110,stronger
2048,1334,incomparable
1578,4603,weaker
2330,266,incomparable
1253,871,stronger
588,3864,weaker
1624,3258,weaker
896,1765,equivalent
874,2006,equivalent
4561,242,incomparable
1388,2227,weaker
4569,103,incomparable
247,1127,equivalent
3490,4045,incomparable
207,4172,incomparable
4455,755,stronger
3172,2423,equivalent
4390,2989,stronger
999,1893,stronger
3041,3660,weaker
2705,3711,weaker
201,3576,weaker
89,2611,equivalent
226,4572,weaker
4227,2998,incomparable
4490,1880,incomparable
1253,2160,stronger
1165,4033,incomparable
3883,4097,incomparable
3616,4507,weaker
2033,56,weaker
949,436,incomparable
4574,3456,incomparable
3571,600,stronger
1397,2289,weaker
719,913,stronger
1887,1924,incomparable
1670,3387,incomparable
4261,2178,incomparable
687,1375,equivalent
2980,509,equivalent
39,3783,stronger
1685,3106,incomparable
3012,986,equivalent
3736,3646,stronger
1556,1945,incomparable
3598,3712,weaker
1366,4265,incomparable
4546,253,stronger
1793,3578,incomparable
3517,340,stronger
2966,237,equivalent
3024,2659,weaker
560,2889,weaker
2281,134,incomparable
1341,3454,weaker
3189,1972,equivalent
1778,4209,weaker
3357,4000,equivalent
1998,11,weaker
2626,3552,weaker
883,4296,incomparable
1612,4671,weaker
2660,2382,stronger
3634,4308,incomparable
1068,3295,incomparable
4442,2532,stronger
4404,2240,incomparable
235,288,equivalent
4077,1845,incomparable
3430,2034,stronger
3161,4061,incomparable
4494,4385,weaker
2197,4543,weaker
922,4409,incomparable
3052,2613,stronger
2597,4662,weaker
223,2156,weaker
715,2618,weaker
66,4424,incomparable
3552,684,incomparable
1112,1500,stronger
2196,1874,incomparable
2113,119,stronger
1202,3645,incomparable
3310,1336,incomparable
3931,4652,incomparable
3473,3020,stronger
1768,4056,weaker
1066,4538,incomparable
4091,1901,stronger
3815,505,stronger
360,1114,stronger
3606,3549,weaker
37,3844,weaker
3079,2342,stronger
4336,2836,incomparable
2987,2753,weaker
4403,1614,stronger
1445,1309,stronger
2331,1136,stronger
1429,2496,incomparable
1673,1136,stronger
23,2633,stronger
1991,4451,weaker
2770,1183,stronger
2291,3400,incomparable
2742,3861,weaker
1154,1510,incomparable
815,2044,weaker
2874,3226,stronger
2148,3122,incomparable
3070,694,incomparable
2961,1690,equivalent
65,11,incomparable
1176,4652,weaker
3652,3493,weaker
2678,3287,incomparable
4273,3611,stronger
1783,1654,weaker
1344,4236,incomparable
248,3101,weaker
4606,1542,stronger
656,3835,incomparable
4281,439,incomparable
2523,151,weaker
1652,3076,weaker
3510,3036,stronger
3288,4155,incomparable
4506,557,stronger
3455,885,incomparable
3558,4016,stronger
2546,3518,incomparable
3702,3206,stronger
4215,4545,weaker
3695,2035,incomparable
3473,3154,stronger
4691,4474,incomparable
80,1423,equivalent
3564,3272,weaker
2127,3534,incomparable
575,1402,stronger
4317,1789,incomparable
86,4621,incomparable
4532,2909,incomparable
4413,1497,stronger
3198,4612,weaker
3723,1050,incomparable
2964,244,stronger
619,2640,stronger
1944,2137,weaker
4643,1959,stronger
2754,1188,weaker
2948,4437,weaker
2697,654,incomparable
4098,173,stronger
4295,4659,incomparable
2352,4591,weaker
2820,495,weaker
3964,1112,incomparable
185,3287,weaker
226,3096,weaker
1064,4195,incomparable
3896,1917,stronger
4284,3719,stronger
1422,870,weaker
4679,3494,incomparable
3977,3976,weaker
36,1659,weaker
2706,2995,stronger
3759,1804,stronger
1617,3031,equivalent
3086,3216,stronger
156,263,incomparable
4398,973,stronger
2452,3078,incomparable
3214,3401,incomparable
4324,2744,incomparable
2684,203,incomparable
2665,4125,incomparable
2002,3781,weaker
3836,3155,incomparable
667,186,incomparable
1408,3042,equivalent
804,3867,weaker
3219,4684,weaker
2751,2364,weaker
2054,3190,stronger
2792,3119,equivalent
1132,1454,weaker
3976,691,stronger
1823,3257,weaker
1804,3015,weaker
295,1711,equivalent
4507,2047,incomparable
4560,3371,incomparable
883,1881,incomparable
4441,3679,incomparable
2658,3304,incomparable
318,1880,incomparable
1820,2205,equivalent
3936,4675,weaker
1658,4129,incomparable
1985,2272,weaker
3953,1646,incomparable
2449,686,incomparable
4171,3037,stronger
2344,3144,equivalent
1540,875,weaker
4026,404,stronger
1385,3970,weaker
180,1357,weaker
4521,4547,stronger
2014,4141,incomparable
760,3918,weaker
1221,2061,weaker
2907,783,equivalent
1824,4017,weaker
2934,3360,weaker
860,4499,incomparable
3544,3289,incomparable
3537,2118,stronger
4001,2976,stronger
1969,3617,weaker
3614,86,incomparable
551,4683,weaker
3662,1066,stronger
1266,3874,incomparable
1547,3335,incomparable
1829,2267,weaker
673,327,weaker
610,2230,equivalent
1183,3058,weaker
3843,3706,weaker
3609,92,stronger
765,855,incomparable
2098,4377,incomparable
3490,1898,incomparable
37,2368,weaker
1986,938,weaker
2105,1384,equivalent
629,28,incomparable
2229,696,equivalent
3047,3772,weaker
2911,2945,equivalent
731,3688,incomparable
638,491,incomparable
4321,1237,incomparable
842,3704,incomparable
2822,4593,weaker
1463,604,stronger
1363,2652,weaker
1543,3751,incomparable
1295,239,stronger
3177,4003,weaker
1644,2113,incomparable
3258,2679,incomparable
553,568,equivalent
389,4109,weaker
4587,3049,stronger
3253,3998,stronger
521,1784,weaker
3740,4116,incomparable
746,4346,incomparable
4178,1309,stronger
3326,4476,incomparable
1191,266,weaker
1442,4049,incomparable
2416,1811,weaker
4525,2356,stronger
3261,3300,stronger
3626,1735,stronger
754,2894,weaker
2862,585,stronger
3206,1149,equivalent
2077,3284,incomparable
4511,4343,incomparable
3759,4516,incomparable
780,1082,weaker
1633,769,incomparable
279,1096,weaker
1686,4567,weaker
1741,302,weaker
1956,2176,equivalent
2343,2622,stronger
2553,4152,weaker
2973,574,stronger
4554,1946,stronger
479,2847,incomparable
3524,4060,incomparable
3882,1324,stronger
1165,142,incomparable
2531,3612,incomparable
4370,324,incomparable
784,2894,weaker
579,3428,incomparable
1422,2427,equivalent
3402,3316,weaker
3292,1458,incomparable
1721,1528,incomparable
1480,153,incomparable
3749,1145,stronger
1242,739,stronger
1703,1888,weaker
801,3248,stronger
632,4193,incomparable
603,3263,incomparable
1891,4568,weaker
3302,3085,incomparable
1731,903,stronger
628,287,stronger
738,2899,weaker
2562,831,incomparable
2116,4686,incomparable
3417,1345,stronger
1896,2468,weaker
2315,3583,weaker
1472,2140,incomparable
2198,554,weaker
3512,3834,stronger
4007,1561,stronger
2477,1632,weaker
569,4029,weaker
2613,2459,weaker
4237,2023,stronger
2057,2012,stronger
2210,3008,weaker
1721,2817,stronger
3543,114,incomparable
1798,31,weaker
4026,1022,incomparable
277,3628,weaker
98,1411,equivalent
1920,1714,equivalent
2083,200,stronger
4206,3841,equivalent
3447,3035,stronger
2012,3932,weaker
785,1560,weaker
262,4259,incomparable
3713,3716,weaker
2261,2946,incomparable
4162,2788,stronger
2290,3876,incomparable
3191,4543,weaker
3141,2736,weaker
2833,2583,equivalent
3026,534,equivalent
3934,2372,incomparable
744,2690,incomparable
730,2792,equivalent
954,56,weaker
126,1365,equivalent
2238,4625,incomparable
762,3269,weaker
3495,231,incomparable
3042,663,weaker
289,3988,weaker
1927,1730,stronger
588,2335,incomparable
1682,1145,stronger
634,990,stronger
708,939,equivalent
1828,970,equivalent
1569,4651,incomparable
2808,432,incomparable
3816,3440,equivalent
4485,1320,incomparable
2408,2942,weaker
92,2104,equivalent
668,3203,equivalent
2081,103,incomparable
3899,4606,incomparable
1098,2787,incomparable
2168,257,weaker
2235,3953,weaker
3038,4277,weaker
178,4507,weaker
1496,581,stronger
288,4675,weaker
2432,2023,equivalent
1559,1869,weaker
1347,4430,weaker
2109,3999,weaker
1304,3794,incomparable
2835,2413,equivalent
1684,817,incomparable
4115,3857,incomparable
2172,2069,weaker
123,3295,weaker
441,1884,incomparable
2873,2116,incomparable
4680,633,incomparable
2386,3718,weaker
4559,2558,incomparable
4220,3092,incomparable
4242,2851,incomparable
1567,1171,weaker
4249,1578,stronger
465,3409,weaker
2927,2352,stronger
601,826,weaker
1626,997,equivalent
4000,4257,equivalent
244,1720,equivalent
1209,4092,weaker
875,2526,stronger
1205,940,equivalent
1967,509,stronger
4651,2497,incomparable
2008,1264,weaker
353,4107,weaker
2934,4462,weaker
2758,3482,weaker
172,3537,incomparable
4337,4027,incomparable
1054,4154,incomparable
2508,3307,weaker
3079,4062,incomparable
1119,2105,incomparable
4099,2923,incomparable
2798,3820,weaker
2282,520,incomparable
2092,2840,equivalent
2302,4370,weaker
3114,84,equivalent
490,3065,weaker
3110,2594,equivalent
82,1550,stronger
1258,4334,incomparable
2648,4226,incomparable
2092,3779,weaker
1032,4553,incomparable
3938,2224,stronger
3418,3878,incomparable
3492,3827,stronger
2503,869,incomparable
4030,470,stronger
3028,4632,weaker
29,2074,incomparable
631,422,weaker
1464,1177,stronger
1355,2173,incomparable
1883,4544,incomparable
14,453,incomparable
850,725,incomparable
4031,2765,stronger
3673,3057,incomparable
3898,3175,stronger
1420,3507,incomparable
2533,2559,stronger
217,2475,equivalent
2598,3708,weaker
3107,3585,weaker
356,4539,weaker
3272,2898,incomparable
371,3881,weaker
3067,4186,incomparable
1479,1835,incomparable
2241,2158,stronger
3296,1794,stronger
104,3537,incomparable
1790,7,stronger
3235,3770,weaker
1764,2758,stronger
3921,311,incomparable
2823,793,equivalent
1216,2364,weaker
1985,1414,equivalent
4361,2303,incomparable
2702,274,incomparable
1595,2168,equivalent
1703,1701,weaker
2892,1337,stronger
576,499,equivalent
4600,3982,stronger
1871,1285,incomparable
1981,891,equivalent
800,3590,weaker
1335,4688,weaker
387,977,incomparable
1364,3174,equivalent
1677,1419,stronger
1470,4324,incomparable
596,1316,weaker
4512,2822,stronger
4300,4629,incomparable
639,1952,stronger
635,4462,incomparable
688,3534,weaker
1796,2050,weaker
4650,3695,incomparable
920,2379,equivalent
3547,1389,stronger
3944,271,incomparable
2197,115,weaker
2840,2436,equivalent
4626,76,stronger
395,3662,incomparable
1871,2574,stronger
2578,4156,weaker
382,1922,incomparable
3612,2134,incomparable
1785,2241,weaker
1867,2051,incomparable
1165,2533,incomparable
3281,4249,stronger
3570,1908,incomparable
512,2153,equivalent
1415,3647,incomparable
369,4319,incomparable
3550,2195,incomparable
663,2322,incomparable
981,911,stronger
707,3560,incomparable
4616,677,incomparable
3026,4669,weaker
2592,1179,stronger
3378,2088,incomparable
1270,1953,stronger
45,408,stronger
1361,2071,incomparable
3487,4475,incomparable
1906,1605,equivalent
2711,312,weaker
1635,3771,incomparable
797,2672,weaker
1294,3478,weaker
2087,3114,stronger
2373,1256,incomparable
4081,3901,incomparable
927,1964,weaker
822,4422,incomparable
823,860,incomparable
2203,4228,incomparable
2719,1112,weaker
410,3165,stronger
255,2096,stronger
1115,2954,stronger
1053,2076,incomparable
4530,502,stronger
3160,1986,equivalent
2133,2708,equivalent
2556,2811,equivalent
1479,1164,stronger
3266,692,incomparable
3316,55,incomparable
575,2451,incomparable
3142,656,incomparable
4339,2597,stronger
2331,1380,stronger
4299,3198,stronger
2129,2185,equivalent
3813,4244,equivalent
881,2908,equivalent
4269,2043,incomparable
3859,2145,stronger
1077,568,equivalent
1111,3370,weaker
3239,185,equivalent
1021,4608,incomparable
1449,3365,incomparable
1557,4588,weaker
3536,179,incomparable
4563,3429,stronger
2644,2227,incomparable
1008,3622,weaker
1928,4531,weaker
2869,2345,stronger
1778,1554,equivalent
5,3587,weaker
2443,1190,stronger
1462,2257,weaker
636,4393,incomparable
3074,2750,stronger
2494,1909,stronger
2648,4039,incomparable
2328,2371,stronger
3248,3280,weaker
51,2427,stronger
37,3283,weaker
2487,4121,weaker
367,943,stronger
955,1113,incomparable
2739,4342,incomparable
115,4105,incomparable
3489,3342,incomparable
4609,3373,stronger
2816,2310,weaker
1274,866,equivalent
4118,4075,incomparable
4634,4369,incomparable
2826,554,weaker
3856,1823,stronger
3985,1479,incomparable
2460,2648,incomparable
4153,3507,incomparable
1954,4008,weaker
930,4439,incomparable
990,4490,weaker
3997,2967,stronger
1454,652,stronger
1134,1236,weaker
3116,2952,incomparable
2405,3126,weaker
3424,3105,incomparable
1732,2094,equivalent
3831,4395,weaker
1386,1457,weaker
1570,4018,weaker
1546,1180,weaker
976,3279,weaker
308,2591,stronger
1017,836,weaker
2228,3429,weaker
524,903,stronger
2143,2567,weaker
4285,1340,incomparable
1360,1175,weaker
1797,1930,stronger
2757,3958,weaker
4069,4159,stronger
698,4439,incomparable
3441,426,incomparable
1529,4367,weaker
3982,2470,incomparable
78,35,stronger
1382,1873,weaker
3092,2901,stronger
2775,3948,weaker
3152,3706,incomparable
2310,1145,stronger
4638,1054,incomparable
3098,437,incomparable
3877,4339,incomparable
350,1662,incomparable
2525,575,weaker
4130,2341,stronger
258,2073,stronger
4470,2409,stronger
2596,2670,incomparable
120,4583,incomparable
1632,3152,incomparable
3528,2650,incomparable
3401,1377,stronger
130,2827,stronger
479,729,stronger
438,728,stronger
2414,4127,weaker
1428,878,stronger
246,3941,incomparable
977,1945,incomparable
1345,3095,weaker
1126,1479,weaker
899,3008,weaker
2671,750,stronger
1060,3111,stronger
967,668,equivalent
1865,1818,stronger
4678,3462,incomparable
2555,575,weaker
1345,4034,weaker
3578,3117,stronger
2869,1674,incomparable
1482,2053,incomparable
604,3999,weaker
2839,3717,weaker
2591,3615,weaker
4623,530,stronger
3728,3061,incomparable
2484,1274,stronger
777,1483,weaker
13,333,incomparable
1458,878,stronger
2704,1048,weaker
3994,736,stronger
2268,3901,incomparable
4680,4447,incomparable
3255,3780,stronger
2362,530,equivalent
108,1324,stronger
4600,3929,incomparable
1093,4348,weaker
255,4003,incomparable
3564,2845,stronger
921,1612,equivalent
2610,4015,weaker
848,4517,incomparable
337,1561,incomparable
1192,2075,incomparable
612,3486,weaker
2909,4082,incomparable
4039,2549,stronger
3793,3082,incomparable
1420,1710,incomparable
4211,3595,weaker
4006,157,incomparable
1561,3635,incomparable
4594,3333,incomparable
420,283,incomparable
2674,243,stronger
287,3137,equivalent
1753,1361,weaker
4557,1199,stronger
3244,3779,weaker
3927,803,stronger
2244,1598,incomparable
1485,1546,stronger
405,4297,weaker
1181,4518,incomparable
1589,3589,weaker
1828,1885,weaker
1611,3348,weaker
3032,2553,equivalent
1191,510,weaker
585,2952,weaker
597,2023,equivalent
31,3332,incomparable
2572,2568,equivalent
4298,157,incomparable
4368,896,stronger
2033,3980,weaker
1364,4410,weaker
2319,2122,stronger
2004,3050,incomparable
1438,387,incomparable
391,3086,incomparable
2325,3630,weaker
3641,567,stronger
759,1038,weaker
4553,1615,stronger
3634,3560,stronger
2178,4334,weaker
497,1792,equivalent
2267,2871,incomparable
1398,207,weaker
1458,1012,stronger
3304,2867,incomparable
2894,525,stronger
2479,4447,incomparable
2830,2984,equivalent
3210,2451,incomparable
3840,403,weaker
27,3748,incomparable
903,1167,weaker
4189,1311,stronger
842,3143,incomparable
663,1680,weaker
3044,469,weaker
3389,1635,incomparable
1637,2825,stronger
3385,4145,incomparable
375,1398,stronger
2519,2718,stronger
185,2994,weaker
1267,2733,incomparable
339,428,incomparable
2665,1954,stronger
550,3092,weaker
3566,3375,incomparable
999,474,incomparable
535,3723,weaker
2333,434,incomparable
4291,1564,stronger
2756,1291,weaker
4423,3181,stronger
1178,3600,weaker
2202,1671,weaker
1404,1691,weaker
4218,4469,weaker
1097,228,weaker
3221,4279,weaker
1109,2682,incomparable
4244,4377,weaker
3156,2349,weaker
2010,1851,weaker
3536,2570,stronger
3233,317,weaker
3625,1107,stronger
3539,3807,incomparable
132,2178,weaker
2819,2929,equivalent
4159,2734,incomparable
1679,3185,incomparable
2419,743,equivalent
1982,742,equivalent
2121,1086,weaker
4385,1734,incomparable
4600,3608,incomparable
1367,3098,weaker
1626,4490,weaker
2137,1030,incomparable
2916,2488,weaker
369,1717,stronger
2676,3001,stronger
4436,3392,incomparable
1662,1676,incomparable
1139,3621,weaker
1603,4479,incomparable
2725,2139,stronger
2828,3772,weaker
4686,2786,stronger
937,2174,equivalent
2881,2652,weaker
804,4274,weaker
2375,794,equivalent
1609,2981,weaker
1289,3565,incomparable
898,3909,incomparable
4135,1185,stronger
1582,2097,weaker
2263,738,stronger
4097,112,incomparable
2189,2509,weaker
2461,753,stronger
721,1014,weaker
3286,836,incomparable
504,3231,stronger
1020,4279,incomparable
717,4278,weaker
796,4571,incomparable
1859,1816,incomparable
2538,4356,incomparable
2080,2724,incomparable
3918,554,stronger
4250,1293,incomparable
22,2144,weaker
2272,450,incomparable
3144,379,weaker
3407,3233,stronger
637,727,incomparable
4343,1457,incomparable
2311,2098,weaker
3807,4106,incomparable
2112,168,weaker
4233,2228,stronger
2492,3607,incomparable
4486,4394,incomparable
1000,1718,weaker
3974,4219,equivalent
3712,4219,stronger
2749,230,stronger
1463,661,incomparable
1024,3243,stronger
1614,76,equivalent
4659,1289,incomparable
1001,2293,weaker
2897,1791,stronger
4413,1822,stronger
447,1892,stronger
187,2719,equivalent
4654,1884,incomparable
1376,2355,weaker
1424,3335,weaker
1768,893,weaker
2506,630,incomparable
1059,204,incomparable
434,2596,incomparable
1349,3915,weaker
2089,1473,incomparable
2646,2330,incomparable
2503,4496,incomparable
2809,4014,weaker
4566,724,stronger
1210,3756,weaker
1542,2243,weaker
1528,2345,stronger
2003,3392,weaker
4398,359,incomparable
1679,2514,stronger
3095,1375,stronger
1278,2170,incomparable
1909,2976,equivalent
1570,3510,weaker
615,3546,incomparable
4507,494,stronger
1475,4404,incomparable
2328,4091,incomparable
2660,2386,stronger
1397,4521,weaker
1364,4573,weaker
1357,3402,incomparable
2088,2160,stronger
2172,2797,equivalent
1107,2473,weaker
2716,3449,incomparable
3149,4240,incomparable
4522,2465,incomparable
1126,2715,equivalent
2043,2417,stronger
107,1046,incomparable
3288,3086,incomparable
2510,2792,equivalent
3850,4287,weaker
2275,4615,incomparable
2427,313,weaker
3744,858,incomparable
4172,1305,stronger
1801,2480,incomparable
1641,1067,incomparable
3824,4005,stronger
3725,3999,stronger
4095,2778,incomparable
3374,2264,incomparable
2872,1868,incomparable
1177,3592,weaker
2066,2936,incomparable
1968,149,equivalent
2558,3398,incomparable
3177,1161,equivalent
1035,2196,incomparable
1479,3368,incomparable
2063,2638,stronger
1865,4343,incomparable
1256,852,incomparable
3589,1105,stronger
3274,2033,stronger
1579,4511,weaker
719,1401,stronger
4561,2958,incomparable
1706,3532,weaker
534,867,weaker
3378,4076,weaker
1513,3891,weaker
1785,2135,weaker
4267,3420,equivalent
1041,4081,incomparable
103,1812,stronger
320,349,stronger
3069,288,stronger
3924,802,stronger
4182,3312,incomparable
1661,3008,incomparable
1396,3491,weaker
1673,2079,incomparable
3290,2916,stronger
779,1802,equivalent
4017,212,incomparable
433,1165,incomparable
808,288,equivalent
4571,1552,incomparable
3691,227,stronger
2161,4462,incomparable
3921,3133,stronger
1177,1848,weaker
1478,1022,incomparable
4547,4349,weaker
2415,3820,incomparable
2850,2994,incomparable
4066,3487,incomparable
148,2120,equivalent
4291,3605,stronger
2985,186,weaker
836,242,incomparable
3592,3604,weaker
3962,2383,incomparable
1541,31,weaker
4332,1162,stronger
1897,3076,incomparable
4414,1726,incomparable
1981,1269,weaker
4424,4134,incomparable
2447,2762,stronger
4317,1793,incomparable
1275,4261,incomparable
1828,4410,weaker
4593,156,incomparable
4075,2445,stronger
57,662,equivalent
4640,1665,incomparable
3,3809,incomparable
1632,3717,incomparable
440,2120,stronger
3399,1115,incomparable
1312,2049,incomparable
1327,3081,weaker
460,1052,weaker
40,4630,incomparable
2996,4108,weaker
582,483,weaker
3961,64,stronger
2706,2060,incomparable
2252,392,incomparable
3451,716,incomparable
1388,2044,weaker
3220,2281,weaker
3621,3379,stronger
1885,2850,incomparable
4299,59,incomparable
3540,7,stronger
1482,1679,incomparable
986,3727,weaker
850,648,stronger
213,1525,incomparable
4482,2395,stronger
1939,3086,weaker
146,303,stronger
617,3106,incomparable
1236,1623,incomparable
1816,4184,incomparable
4223,4386,weaker
4240,3801,equivalent
1306,4082,weaker
3777,2579,stronger
3037,2015,equivalent
616,3635,incomparable
220,3635,weaker
3630,839,incomparable
2368,4108,incomparable
4550,1748,stronger
881,119,equivalent
399,2065,incomparable
392,894,stronger
1018,4554,weaker
1331,2799,weaker
302,2132,incomparable
2821,1609,stronger
2757,4068,incomparable
2748,4514,weaker
4572,2446,incomparable
3304,265,incomparable
38,2059,stronger
4536,537,incomparable
3235,4632,weaker
4487,1584,stronger
216,4051,incomparable
1866,864,incomparable
307,4169,stronger
1941,3667,incomparable
284,21,equivalent
2527,3764,weaker
4313,1404,stronger
2986,4278,weaker
1102,3097,weaker
1329,4042,weaker
3034,562,weaker
4324,1004,incomparable
308,1546,stronger
3800,1004,incomparable
2974,3894,weaker
3105,213,incomparable
1114,3107,equivalent
4340,194,incomparable
2412,1158,weaker
4475,3802,stronger
1901,2928,weaker
3320,1306,stronger
4094,4110,stronger
1112,3411,incomparable
3529,891,stronger
3918,3884,incomparable
1942,2148,weaker
3026,270,weaker
851,603,incomparable
2150,2851,weaker
794,4041,weaker
3067,4243,incomparable
2454,3262,weaker
2891,4017,incomparable
3531,2657,stronger
36,4591,weaker
1015,2697,weaker
2658,2503,incomparable
4449,487,incomparable
970,2954,equivalent
2095,3329,weaker
1087,321,weaker
2780,4186,weaker
1064,2589,stronger
4319,4578,stronger
3791,2180,incomparable
3932,907,incomparable
19,3082,incomparable
158,4180,incomparable
2477,4535,incomparable
2544,1061,weaker
4376,2052,incomparable
1823,1301,weaker
3834,3755,weaker
2542,234,weaker
1422,203,weaker
2452,1472,stronger
480,1198,equivalent
2813,1451,weaker
4540,4146,incomparable
3191,91,equivalent
323,460,stronger
4203,2309,stronger
192,3949,weaker
2269,75,incomparable
1102,198,weaker
868,2246,weaker
2643,4423,weaker
274,2261,incomparable
866,3893,incomparable
2889,1446,incomparable
3505,3664,weaker
3128,3714,incomparable
1724,3924,incomparable
2216,414,weaker
2197,172,weaker
4263,81,stronger
341,4422,weaker
100,1327,stronger
3507,1266,incomparable
714,2718,stronger
3833,3880,weaker
4415,852,incomparable
3160,2848,weaker
4101,4634,incomparable
2993,4428,weaker
4113,3705,incomparable
1907,3227,weaker
3087,1057,stronger
2539,1225,weaker
3165,4131,weaker
3764,518,stronger
2351,1928,stronger
3158,708,equivalent
3390,4249,equivalent
3772,2853,incomparable
1826,794,stronger
3739,461,stronger
1023,2133,stronger
3146,2576,weaker
725,224,incomparable
4171,1781,stronger
3096,769,incomparable
2631,1164,equivalent
2968,3967,incomparable
4016,2432,stronger
1550,2027,equivalent
3523,1745,stronger
278,2164,weaker
966,286,weaker
4594,3577,stronger
3075,831,incomparable
4346,3475,incomparable
2534,2170,stronger
2632,2705,equivalent
2057,4460,incomparable
4148,2736,incomparable
4559,4522,incomparable
1174,2652,weaker
720,4202,weaker
3581,2854,incomparable
4138,3711,stronger
291,1810,equivalent
1545,1841,weaker
1361,34,stronger
884,2324,equivalent
96,588,weaker
2312,256,weaker
3272,2284,incomparable
2372,307,incomparable
801,4541,incomparable
4161,2382,stronger
2862,4106,incomparable
2459,2935,stronger
1136,855,weaker
2906,1934,weaker
2964,1350,stronger
1739,3777,weaker
3194,1812,equivalent
4378,1104,stronger
4190,4251,equivalent
2559,1072,weaker
2194,385,weaker
3476,3218,incomparable
2020,3238,equivalent
499,2863,weaker
449,1056,weaker
3193,2341,stronger
3181,826,weaker
705,2739,weaker
3124,292,equivalent
321,1056,incomparable
4664,909,incomparable
3700,1391,incomparable
364,194,incomparable
3655,4092,weaker
3068,4332,incomparable
1559,3028,equivalent
2042,3936,incomparable
4318,3655,stronger
4344,2624,stronger
3943,2280,incomparable
4645,1798,stronger
2095,3008,weaker
1116,2458,weaker
1007,1734,weaker
1931,1853,incomparable
1925,4290,incomparable
2310,4101,incomparable
20,2232,weaker
4067,811,stronger
376,1867,incomparable
240,2006,equivalent
202,1714,equivalent
3686,3563,stronger
1086,2966,stronger
2581,2874,weaker
2113,554,incomparable
3727,1874,incomparable
4258,1510,stronger
500,4562,incomparable
319,20,stronger
1349,3541,incomparable
2072,1684,incomparable
4293,750,stronger
3133,4518,weaker
3203,2813,equivalent
1023,3556,incomparable
3375,4051,stronger
3454,180,stronger
4507,3153,stronger
1969,3434,weaker
4484,1449,incomparable
1435,3500,incomparable
750,3397,weaker
4298,535,stronger
2064,3671,incomparable
3497,1947,stronger
4015,3630,equivalent
3483,2049,incomparable
2382,570,equivalent
1764,1689,stronger
2292,4060,weaker
4200,2629,stronger
3804,2629,stronger
4306,3779,stronger
286,2889,incomparable
3572,27,incomparable
3926,1279,incomparable
1101,2284,incomparable
2799,4241,incomparable
3255,4292,incomparable
3353,1417,stronger
3086,3517,weaker
4292,2568,stronger
3010,4461,weaker
4426,3322,incomparable
3298,4339,incomparable
3639,2188,stronger
836,3706,incomparable
2749,3373,incomparable
3965,3112,incomparable
109,1657,incomparable
2313,2254,weaker
1483,2736,incomparable
3154,4590,weaker
1433,929,stronger
2658,222,incomparable
684,3285,incomparable
381,1032,incomparable
1117,134,incomparable
872,3521,incomparable
3802,1778,stronger
3604,73,incomparable
2945,4601,weaker
1630,4102,incomparable
1764,884,stronger
1722,658,incomparable
3924,428,incomparable
283,93,stronger
3003,1546,equivalent
1647,484,stronger
1712,1633,weaker
4382,4689,incomparable
743,1771,equivalent
2508,2506,weaker
2208,2214,equivalent
3094,4293,incomparable
675,324,weaker
1525,494,stronger
2882,4410,incomparable
3658,3877,weaker
702,4399,weaker
3481,797,stronger
3243,1383,weaker
3391,4287,weaker
4277,4114,incomparable
3657,4406,weaker
2134,3204,stronger
4204,603,stronger
2232,3739,incomparable
668,2536,weaker
916,386,incomparable
1017,438,weaker
1425,263,weaker
36,1505,equivalent
294,4015,incomparable
562,797,stronger
3740,3128,incomparable
4516,3349,incomparable
1678,3338,weaker
3175,875,weaker
4336,1661,incomparable
1225,4524,incomparable
1240,3112,incomparable
1574,2988,equivalent
3718,336,stronger
2329,1578,equivalent
2305,992,equivalent
686,4246,incomparable
2384,1285,weaker
3179,1748,equivalent
2009,2162,incomparable
2506,2968,stronger
4137,3703,incomparable
1065,78,incomparable
1698,1711,equivalent
2343,695,incomparable
3668,1912,incomparable
2076,351,incomparable
2047,3585,incomparable
3182,4648,incomparable
1121,387,weaker
4168,2235,stronger
1268,3066,weaker
3059,1050,incomparable
2059,1875,incomparable
2526,3970,weaker
1727,4519,weaker
473,2044,incomparable
4022,316,weaker
367,2557,stronger
2712,1881,incomparable
1177,1608,weaker
4114,844,incomparable
3926,3991,stronger
1263,628,incomparable
91,407,weaker
2613,3565,incomparable
423,3620,incomparable
1412,2414,equivalent
4297,3180,incomparable
3464,173,stronger
4076,3935,incomparable
4620,4587,incomparable
3319,1512,stronger
2326,3508,weaker
3873,2852,incomparable
1161,2014,weaker
4186,1097,stronger
2681,2918,stronger
2208,254,equivalent
4456,4341,incomparable
2682,1076,incomparable
4237,1035,incomparable
2499,2123,stronger
3421,3859,equivalent
3347,1466,incomparable
1874,2071,incomparable
4211,3197,incomparable
3306,876,stronger
1143,1034,weaker
4522,615,incomparable
3507,2852,incomparable
1320,1670,weaker
3314,2457,incomparable
2885,65,incomparable
335,2995,stronger
1615,1029,weaker
1627,100,weaker
1009,1219,stronger
1766,1198,equivalent
663,582,stronger
3526,4033,stronger
2842,368,weaker
4046,1036,incomparable
541,2282,incomparable
3643,1585,stronger
1241,3447,incomparable
4527,2837,stronger
3947,276,stronger
2039,3427,incomparable
3477,2047,incomparable
3900,460,incomparable
622,931,stronger
4679,3608,incomparable
2955,1184,weaker
126,727,weaker
2566,2540,weaker
1518,2385,incomparable
317,1234,incomparable
4047,106,incomparable
409,4206,equivalent
2823,1415,weaker
2176,1604,equivalent
3327,948,stronger
2134,3822,incomparable
1539,229,incomparable
3742,2853,incomparable
1428,398,incomparable
1216,3925,weaker
2802,1477,weaker
4278,4553,stronger
761,312,incomparable
310,4577,incomparable
969,3267,weaker
2261,4536,incomparable
3093,902,stronger
811,3058,incomparable
1568,3037,equivalent
1839,3500,incomparable
1703,2673,weaker
1192,3689,incomparable
4213,4316,weaker
309,1127,stronger
1219,4546,weaker
99,2071,incomparable
2406,3355,incomparable
1652,641,stronger
4016,3213,stronger
582,727,weaker
1896,3253,weaker
2068,2047,stronger
1016,430,weaker
2621,2196,weaker
577,3766,weaker
2292,974,equivalent
1134,4623,weaker
4028,3223,stronger
4609,4666,incomparable
2004,3725,incomparable
3676,4461,incomparable
1809,3449,weaker
1451,3741,incomparable
792,4105,weaker
2996,2258,weaker
3073,1724,incomparable
3849,1945,incomparable
971,3289,weaker
353,4408,weaker
1048,2755,incomparable
678,1724,weaker
4470,1474,incomparable
3043,734,equivalent
1069,599,stronger
581,1010,equivalent
4559,4148,incomparable
455,2591,stronger
1503,1056,weaker
2604,4255,weaker
656,4567,incomparable
641,3535,weaker
1236,712,stronger
731,1708,stronger
1808,4321,weaker
1240,831,incomparable
2795,2510,stronger
1193,1015,equivalent
647,3700,incomparable
707,1499,stronger
459,4403,weaker
604,620,weaker
2639,1216,equivalent
2107,4553,incomparable
636,2787,incomparable
3981,4292,weaker
1548,425,weaker
3211,1607,stronger
4123,2655,incomparable
4458,4631,incomparable
117,1441,incomparable
4113,432,incomparable
1933,1175,weaker
3712,88,stronger
3612,2890,incomparable
3670,2306,incomparable
4188,3989,weaker
3839,3835,equivalent
4205,3404,weaker
583,4065,weaker
1629,4147,incomparable
4659,3574,incomparable
3687,31,incomparable
1705,2479,incomparable
4428,443,incomparable
2965,2490,weaker
1198,2648,weaker
4658,4103,incomparable
4341,1952,stronger
3744,3948,stronger
1872,1838,weaker
2443,873,incomparable
139,4024,weaker
1739,4692,weaker
3451,2383,incomparable
913,2664,weaker
3390,4359,weaker
697,1319,equivalent
4066,966,stronger
1411,662,weaker
3364,694,incomparable
4356,3923,incomparable
3009,4667,weaker
2682,4272,incomparable
3050,2978,stronger
691,1504,weaker
610,384,weaker
3791,2424,stronger
2798,3666,weaker
3638,3148,stronger
3295,4472,incomparable
2084,2633,incomparable
2385,1807,stronger
3252,1392,equivalent
2469,4164,incomparable
3477,3954,incomparable
2310,1633,incomparable
3361,3779,equivalent
3585,1043,incomparable
61,4491,incomparable
4324,3826,stronger
3598,2968,incomparable
4062,3826,equivalent
2008,544,equivalent
1051,2197,stronger
4425,1434,incomparable
2584,1643,incomparable
1959,4035,weaker
225,169,weaker
1338,3193,weaker
4648,3169,stronger
3862,3014,stronger
69,3039,weaker
3878,2204,stronger
2285,263,incomparable
4471,3472,incomparable
830,3137,stronger
4273,2733,incomparable
798,4353,weaker
831,4301,incomparable
3539,3677,incomparable
2534,186,incomparable
2871,2989,stronger
4244,1214,stronger
598,535,stronger
1532,4348,weaker
1174,4640,weaker
1026,1736,stronger
651,2613,incomparable
3765,987,stronger
1010,2731,equivalent
1125,3435,incomparable
2400,371,weaker
3625,1916,incomparable
2923,2398,weaker
3826,1640,incomparable
1952,1901,equivalent
4001,4647,incomparable
1377,3656,weaker
2687,1367,stronger
983,2039,weaker
2621,3753,weaker
67,3501,weaker
2206,505,equivalent
2056,3944,incomparable
559,3963,weaker
4189,1665,incomparable
3802,4437,weaker
2515,2014,weaker
3583,1855,incomparable
3313,1994,stronger
1520,3183,equivalent
3027,1408,equivalent
174,365,weaker
325,2978,stronger
1065,3542,weaker
781,3783,weaker
2073,4298,incomparable
3422,1937,stronger
3170,2625,equivalent
2876,2178,incomparable
3567,3981,stronger
955,4313,incomparable
201,2161,weaker
3907,639,incomparable
3110,3513,weaker
87,2813,equivalent
2843,3169,equivalent
4037,3149,incomparable
3089,192,stronger
3875,1101,incomparable
1053,2377,stronger
3460,2579,incomparable
2728,4350,incomparable
775,1120,weaker
410,433,incomparable
3111,890,equivalent
2844,3744,weaker
822,2629,stronger
3093,2004,incomparable
4287,1984,stronger
3184,1368,incomparable
4371,2621,stronger
2107,2727,stronger
2640,3190,equivalent
3655,953,stronger
771,597,equivalent
3300,2482,incomparable
56,2537,stronger
2652,1480,incomparable
3925,1753,stronger
568,1931,weaker
3677,1651,incomparable
2316,3251,stronger
3699,2164,incomparable
3203,4212,weaker
4402,4536,incomparable
2498,2733,weaker
906,1172,stronger
1116,2702,weaker
4476,2795,incomparable
3607,131,stronger
527,2307,equivalent
3894,3571,stronger
4109,1281,incomparable
1602,875,weaker
3909,2159,stronger
394,2717,stronger
3986,127,incomparable
3036,2759,equivalent
1412,751,equivalent
1121,13,weaker
3322,901,incomparable
1618,819,weaker
811,3005,stronger
4553,3392,incomparable
1652,3621,incomparable
4497,4022,stronger
2716,4474,incomparable
4555,3438,stronger
3005,2133,equivalent
4236,4624,weaker
2082,172,stronger
2911,1717,equivalent
2510,1373,equivalent
2725,2493,incomparable
3071,1440,stronger
1,4304,stronger
3081,2128,incomparable
1548,238,weaker
858,1481,incomparable
3263,1610,stronger
3686,1713,incomparable
4228,3982,equivalent
2242,1558,incomparable
1932,4550,incomparable
3019,4633,incomparable
3182,3119,stronger
4381,4197,incomparable
4412,3510,incomparable
3008,3720,incomparable
2165,2277,incomparable
2316,2446,incomparable
4279,3920,incomparable
562,557,stronger
4268,1287,stronger
1138,1656,weaker
1074,4115,weaker
3959,3161,incomparable
2187,2975,equivalent
468,895,weaker
3403,3468,weaker
3119,3709,weaker
3442,4362,weaker
1912,4433,incomparable
2380,337,weaker
3051,2262,stronger
3020,697,equivalent
1430,4689,incomparable
4064,4116,weaker
2665,4670,incomparable
1118,2882,weaker
2021,4376,weaker
3826,2258,incomparable
1771,4201,weaker
398,3724,weaker
1357,4561,incomparable
1999,1584,equivalent
421,675,stronger
2761,1907,stronger
3091,3731,incomparable
1182,773,equivalent
2223,4675,weaker
3687,4516,incomparable
4165,2074,incomparable
3704,1487,incomparable
4168,2345,stronger
1835,3812,incomparable
4092,3289,incomparable
1745,886,equivalent
4663,4044,stronger
2180,60,incomparable
521,2195,weaker
829,96,stronger
3673,3305,incomparable
856,4171,incomparable
2780,55,weaker
641,799,stronger
3127,3546,weaker
3314,3372,stronger
950,1554,equivalent
3885,4127,incomparable
1920,2580,equivalent
1321,3941,weaker
3733,323,weaker
1040,3699,incomparable
2286,3869,incomparable
1947,4403,weaker
3846,4172,equivalent
1150,861,incomparable
4524,852,incomparable
320,4541,incomparable
2039,959,stronger
1068,2714,incomparable
600,394,weaker
276,3488,incomparable
1604,250,weaker
2495,4393,weaker
3188,2859,incomparable
1211,1487,weaker
927,1728,weaker
961,1312,weaker
3879,4470,incomparable
2955,2099,equivalent
2172,707,weaker
1580,795,equivalent
3877,1391,stronger
255,4304,incomparable
86,4495,incomparable
3521,1729,incomparable
2960,3382,incomparable
1222,4470,weaker
78,3853,incomparable
417,3319,incomparable
3452,3090,incomparable
152,3802,incomparable
3183,421,weaker
1651,3829,incomparable
3881,3203,stronger
4531,2531,incomparable
400,871,stronger
3781,1279,incomparable
3452,57,incomparable
3297,3152,incomparable
666,990,stronger
2536,3993,incomparable
1861,4578,incomparable
3623,1632,incomparable
174,1467,weaker
2302,3008,weaker
2324,2767,equivalent
3482,3090,incomparable
1608,3351,incomparable
1762,785,equivalent
2460,3567,incomparable
2782,1366,incomparable
2367,370,weaker
3389,4030,equivalent
4041,1741,stronger
3198,298,weaker
529,4260,weaker
4466,981,incomparable
2664,364,incomparable
2139,1674,weaker
2478,1140,stronger
1285,4014,incomparable
3176,3922,incomparable
459,2740,stronger
2589,190,weaker
3690,4143,incomparable
3664,2922,stronger
3203,1581,weaker
1962,3475,incomparable
634,1051,weaker
4164,3245,stronger
2072,3835,incomparable
711,4681,incomparable
4219,700,stronger
224,2873,incomparable
2433,616,weaker
456,3408,incomparable
2035,3953,incomparable
3389,1936,stronger
2740,3742,weaker
4514,2311,stronger
1348,3023,equivalent
517,651,weaker
3500,986,stronger
2777,3809,weaker
1851,2331,incomparable
1649,3136,stronger
847,2448,incomparable
83,1298,equivalent
3567,895,stronger
2622,3871,weaker
3204,843,weaker
1738,175,stronger
449,3341,weaker
3615,1875,incomparable
2888,1546,stronger
1790,2028,stronger
1743,3902,weaker
1714,2972,equivalent
3516,4498,incomparable
1923,2557,equivalent
2976,612,equivalent
2195,801,incomparable
109,2869,incomparable
1515,1042,incomparable
3062,386,incomparable
1175,1351,stronger
3647,258,incomparable
2239,1258,incomparable
3072,2013,stronger
553,2536,weaker
1215,1689,equivalent
2380,3183,equivalent
1167,709,incomparable
4415,1527,stronger
3002,2183,stronger
4131,1768,stronger
567,1653,weaker
2836,201,stronger
4618,3549,incomparable
757,3470,incomparable
242,1304,incomparable
1221,3574,weaker
672,888,stronger
2012,2383,weaker
3686,3754,stronger
3877,1070,incomparable
4,200,stronger
3588,967,stronger
76,3486,weaker
3204,38,weaker
2283,1156,stronger
500,781,stronger
3616,2234,stronger
4276,3970,stronger
3392,274,incomparable
253,1843,weaker
1180,3923,incomparable
810,2700,weaker
2181,4262,weaker
3977,2590,stronger
3817,1177,stronger
582,32,equivalent
2070,4431,incomparable
1535,889,equivalent
1846,751,stronger
2338,1213,stronger
3489,557,stronger
2291,3087,incomparable
1327,3569,weaker
921,2881,weaker
3089,623,incomparable
866,730,stronger
2677,4062,incomparable
2646,2497,incomparable
874,2311,equivalent
483,211,incomparable
4572,4089,incomparable
4137,2471,stronger
1019,191,equivalent
1318,2702,incomparable
4453,4397,incomparable
1227,894,stronger
3800,2297,stronger
505,3353,weaker
3177,3072,weaker
4504,952,incomparable
4170,1830,stronger
1221,325,weaker
1298,545,weaker
1898,2230,stronger
4494,1173,stronger
650,2953,stronger
1137,3071,incomparable
3630,1327,stronger
2501,1742,weaker
197,4139,weaker
2862,2687,incomparable
3252,1152,weaker
4313,3986,stronger
2026,1634,weaker
3659,3196,stronger
1833,1993,incomparable
1363,3010,equivalent
593,325,incomparable
3162,3329,weaker
3707,1143,stronger
880,1321,stronger
2838,2451,weaker
3264,573,stronger
141,1921,weaker
356,3795,equivalent
385,3035,stronger
4550,3525,incomparable
2520,829,weaker
2263,1173,stronger
3161,3077,incomparable
2595,4386,weaker
945,1157,equivalent
1965,18,equivalent
3126,4022,incomparable
1455,3888,incomparable
1269,1254,weaker
1060,326,incomparable
2784,3504,weaker
93,1291,weaker
2311,1594,weaker
4219,163,incomparable
2966,2986,equivalent
698,3882,incomparable
1739,614,weaker
371,3487,incomparable
135,2456,weaker
2912,3689,incomparable
3240,1276,weaker
4520,2720,stronger
848,3826,incomparable
3293,348,stronger
767,454,weaker
3937,3833,stronger
1647,1964,stronger
2798,3560,weaker
757,3149,incomparable
2569,2010,equivalent
2343,3919,incomparable
2228,1717,equivalent
3716,2144,incomparable
2143,3299,weaker
3492,184,stronger
4522,3705,incomparable
4582,1504,incomparable
4635,3582,stronger
2283,835,incomparable
511,649,incomparable
1371,1507,weaker
4356,1723,stronger
2513,1297,stronger
2465,317,incomparable
4254,3890,weaker
2470,4633,incomparable
3898,2565,stronger
3939,2566,stronger
3197,1929,incomparable
2617,3340,weaker
3823,2391,stronger
2928,758,stronger
165,3395,incomparable
1486,4648,incomparable
3217,2581,equivalent
2938,3166,equivalent
696,3031,equivalent
2905,774,weaker
1912,2770,incomparable
4493,3125,stronger
1549,2718,equivalent
2293,3401,incomparable
3791,574,stronger
1926,3607,weaker
2244,2196,stronger
3011,2863,incomparable
4506,2017,stronger
3078,1641,incomparable
4363,4183,incomparable
91,598,weaker
292,2574,equivalent
964,4135,incomparable
1900,1605,stronger
2896,4044,incomparable
2908,3115,weaker
2550,3407,incomparable
351,3154,stronger
4468,2664,incomparable
3809,3782,equivalent
2653,1842,incomparable
3162,1719,weaker
218,1312,incomparable
1,2775,stronger
4309,1853,incomparable
1372,173,equivalent
4111,1868,incomparable
3514,3864,incomparable
2490,3541,weaker
628,2873,incomparable
2591,4347,weaker
3207,2401,equivalent
2517,1954,stronger
3002,2935,stronger
674,1528,weaker
983,2283,weaker
2170,3536,incomparable
2702,953,stronger
2798,661,weaker
1275,3623,incomparable
929,2986,equivalent
2247,1312,incomparable
801,3740,incomparable
1047,763,stronger
3206,3869,weaker
4689,3952,incomparable
2760,1308,equivalent
841,1826,incomparable
1080,122,equivalent
3656,133,stronger
2178,394,incomparable
1517,123,equivalent
622,3216,stronger
2438,4640,weaker
3204,4173,weaker
1535,702,stronger
4544,1504,incomparable
645,1133,incomparable
1369,1164,equivalent
2568,1488,weaker
1577,1867,incomparable
4612,1638,incomparable
3376,3876,weaker
998,2160,equivalent
410,3710,weaker
2624,2551,equivalent
2357,2207,weaker
1151,712,equivalent
4480,930,incomparable
3494,1653,incomparable
388,3170,stronger
4025,1289,incomparable
2602,2011,stronger
4491,530,stronger
3068,498,stronger
2216,4419,weaker
2044,929,stronger
2183,2027,equivalent
109,722,stronger
656,3335,weaker
164,4593,incomparable
4436,1762,stronger
3746,3567,incomparable
1234,2817,stronger
1698,3675,weaker
1997,3742,weaker
3413,2603,stronger
3903,4682,incomparable
180,373,weaker
878,903,equivalent
881,420,weaker
4530,2336,stronger
4294,1305,stronger
3936,1597,stronger
1907,4199,weaker
3452,2716,incomparable
3206,31,weaker
1096,3233,stronger
404,4403,weaker
4313,766,stronger
3098,3881,incomparable
4061,3928,weaker
3552,1607,stronger
3474,4168,incomparable
3324,437,incomparable
2806,3480,weaker
1696,1693,equivalent
3473,3943,incomparable
2719,4235,weaker
1606,2931,weaker
1045,4584,incomparable
3402,1259,incomparable
3340,381,incomparable
2540,3738,incomparable
336,3895,incomparable
3588,2203,incomparable
2295,3907,weaker
3264,1325,incomparable
1328,708,stronger
1949,3270,incomparable
3031,565,equivalent
376,261,incomparable
1016,621,weaker
2745,4143,weaker
1528,2459,incomparable
1122,1771,stronger
3997,129,stronger
1889,3404,weaker
27,2736,incomparable
584,4347,weaker
376,1200,stronger
2721,524,weaker
4059,4390,weaker
2552,2967,stronger
3660,1675,incomparable
3090,4528,incomparable
2908,350,weaker
3379,2187,stronger
3066,936,stronger
2355,1864,incomparable
4678,1429,incomparable
1811,3686,incomparable
2635,4133,weaker
1871,3737,incomparable
1055,4117,incomparable
2588,4317,incomparable
2130,2685,incomparable
1946,878,equivalent
1084,3357,weaker
399,2500,stronger
2133,704,weaker
3936,4175,incomparable
27,642,incomparable
1331,3234,equivalent
3585,3194,stronger
1456,2182,incomparable
2323,1767,weaker
2925,4087,incomparable
3508,2193,stronger
757,3901,weaker
1357,1422,stronger
306,996,equivalent
1011,785,equivalent
1919,371,weaker
1144,3758,weaker
4100,3236,stronger
600,2382,equivalent
419,4256,incomparable
3094,3492,incomparable
1955,3219,equivalent
3445,2029,incomparable
3051,412,incomparable
79,401,weaker
487,226,stronger
4583,2831,incomparable
3404,1439,incomparable
4223,44,equivalent
3181,3087,weaker
953,2096,equivalent
1357,2711,stronger
921,3312,weaker
3261,4544,incomparable
2036,2999,stronger
2139,1434,weaker
3002,1809,stronger
2658,1999,stronger
643,4307,incomparable
3389,757,incomparable
1849,140,stronger
2945,2995,equivalent
3929,2199,incomparable
4557,3488,incomparable
3994,342,stronger
2258,2065,incomparable
1363,4596,weaker
4529,1440,incomparable
2915,874,stronger
1115,1084,stronger
3894,3144,stronger
3527,1630,incomparable
4637,973,stronger
1032,3301,incomparable
1503,2886,weaker
1093,3954,weaker
2432,905,equivalent
3660,2159,stronger
1048,2491,incomparable
699,2337,weaker
3663,1676,incomparable
310,1064,incomparable
1222,4364,weaker
1127,1094,equivalent
2899,3000,stronger
3556,1055,incomparable
3098,177,incomparable
1634,4308,incomparable
642,2742,stronger
1862,910,incomparable
3560,2867,incomparable
2316,1080,stronger
1442,4488,incomparable
373,2702,incomparable
1553,3538,weaker
3322,1763,incomparable
1950,2420,weaker
885,2850,incomparable
778,3919,incomparable
3526,1004,incomparable
2423,388,weaker
4573,3940,incomparable
4122,1035,incomparable
2708,557,equivalent
2835,2584,weaker
450,3861,incomparable
1556,1742,incomparable
580,3153,equivalent
3200,4402,weaker
4189,3950,weaker
2520,4643,weaker
4349,2919,incomparable
259,3512,weaker
3960,1646,incomparable
1969,4540,weaker
2189,342,weaker
3856,2986,stronger
1607,3370,weaker
3582,3915,weaker
1595,1855,weaker
3505,2005,stronger
3730,4567,incomparable
2873,3226,stronger
2851,3467,weaker
4465,61,incomparable
194,84,stronger
3917,229,incomparable
3874,3565,stronger
2079,4119,incomparable
3629,2980,stronger
2115,1332,stronger
3338,2242,stronger
3751,2411,stronger
1889,989,weaker
3174,3339,weaker
1939,1106,equivalent
2095,3309,weaker
4105,465,stronger
2456,844,incomparable
3600,1461,incomparable
3975,584,stronger
2972,1892,equivalent
324,315,incomparable
2996,34,weaker
585,2342,equivalent
3057,3693,incomparable
2322,3473,incomparable
1995,3078,weaker
2219,342,weaker
3339,373,incomparable
1107,172,weaker
935,3852,weaker
1881,3730,incomparable
3569,835,incomparable
1437,2558,incomparable
286,962,incomparable
1819,408,weaker
936,4262,weaker
2928,4222,incomparable
3769,2586,incomparable
1099,1250,weaker
3301,1020,incomparable
3275,3771,stronger
4250,415,incomparable
733,2590,equivalent
1623,3098,incomparable
4627,3556,incomparable
3581,4228,equivalent
2156,3561,incomparable
2015,2390,equivalent
404,3061,incomparable
505,3113,weaker
317,3816,stronger
3696,3397,incomparable
2435,2195,weaker
4150,3567,incomparable
4675,5,stronger
778,1959,stronger
1304,2005,stronger
3580,970,stronger
1042,2005,stronger
992,198,weaker
732,1025,weaker
1153,1055,weaker
1435,4151,incomparable
1148,711,weaker
2452,297,stronger
870,1898,incomparable
3602,2422,stronger
885,1240,incomparable
1339,4628,weaker
2707,2509,incomparable
2846,3607,weaker
487,2133,stronger
2942,3315,incomparable
1803,3042,equivalent
115,275,stronger
1689,3694,weaker
1599,768,equivalent
3589,4065,weaker
3138,1914,equivalent
2809,692,weaker
2518,2206,equivalent
4051,1652,incomparable
4493,2751,stronger
319,455,incomparable
2572,2442,weaker
748,2066,incomparable
844,1774,incomparable
1238,1893,stronger
1936,3921,weaker
1707,4623,incomparable
530,4058,weaker
2901,631,weaker
1920,1698,equivalent
830,3007,incomparable
510,3591,incomparable
4062,1602,stronger
263,681,stronger
3845,3065,incomparable
2797,2910,weaker
3752,4594,incomparable
3126,1688,stronger
1023,4341,incomparable
4208,1427,incomparable
4270,2305,stronger
2573,3202,stronger
4517,2182,incomparable
4178,2716,incomparable
2297,1806,weaker
1110,553,stronger
3928,1787,stronger
3558,3008,incomparable
2376,2099,stronger
2388,1170,equivalent
1035,379,incomparable
1049,4249,incomparable
4662,1782,stronger
2764,1457,weaker
2650,2109,stronger
1208,2027,equivalent
4590,1879,incomparable
483,805,stronger
1302,1662,weaker
3708,3891,incomparable
2617,3100,weaker
2555,2222,weaker
3914,3959,incomparable
2720,1535,weaker
2349,3285,incomparable
4462,1320,incomparable
2306,205,weaker
1798,3182,weaker
3546,2782,incomparable
1636,1134,stronger
822,4593,incomparable
1234,4537,incomparable
3919,519,stronger
861,2454,incomparable
852,3654,incomparable
1317,3259,weaker
317,112,incomparable
3889,1808,stronger
737,698,weaker
2335,1293,equivalent
1401,3896,weaker
1998,210,weaker
4494,3645,stronger
1697,2726,stronger
3417,2752,stronger
3766,2906,stronger
3924,4246,stronger
476,1862,incomparable
4414,3881,incomparable
2726,360,weaker
646,2273,incomparable
2220,1720,equivalent
1258,3029,stronger
1196,2151,equivalent
4262,3487,weaker
3241,3435,weaker
371,3731,incomparable
139,4162,weaker
3652,525,stronger
3619,4549,weaker
993,2731,equivalent
4009,3014,stronger
4558,3256,incomparable
533,2746,weaker
2009,1658,incomparable
2212,4461,incomparable
1183,3794,weaker
142,646,incomparable
3798,2979,incomparable
59,2863,weaker
1850,847,incomparable
3648,3974,equivalent
1566,1088,weaker
1444,159,incomparable
4473,4057,stronger
220,1468,weaker
1245,4645,incomparable
2589,1186,equivalent
989,518,stronger
2219,155,weaker
598,1828,stronger
209,2807,stronger
1656,981,incomparable
3431,3158,stronger
1184,1925,incomparable
3095,3209,stronger
2660,837,incomparable
2505,3932,weaker
3272,1593,stronger
650,1237,weaker
395,3162,stronger
2176,2710,weaker
3454,3327,weaker
4629,3257,incomparable
383,1647,incomparable
2855,4688,incomparable
4627,2430,incomparable
3044,1177,stronger
3514,1880,stronger
162,1648,incomparable
4,1062,equivalent
4151,3255,weaker
1151,2916,equivalent
2333,3825,incomparable
4119,1465,incomparable
1691,4358,incomparable
1684,935,stronger
1716,1382,equivalent
1057,2500,stronger
2767,3528,weaker
530,3737,weaker
568,4029,weaker
2460,375,incomparable
2742,3471,weaker
584,3973,weaker
1637,2028,stronger
2418,2593,equivalent
1377,2855,weaker
3958,3210,incomparable
2084,1027,incomparable
320,894,stronger
2173,3728,incomparable
1532,1453,weaker
3481,777,stronger
2493,3117,stronger
4329,120,incomparable
3058,3303,incomparable
1752,638,weaker
2755,3302,incomparable
2388,1788,equivalent
3116,1029,incomparable
10,1792,stronger
4335,285,stronger
216,4112,incomparable
3953,4155,weaker
3339,320,incomparable
2946,4001,incomparable
3049,4688,weaker
1796,1095,equivalent
2261,1454,weaker
3095,3343,incomparable
4308,3565,stronger
1870,1044,stronger
3666,4098,incomparable
2871,1383,incomparable
837,3641,incomparable
852,2983,stronger
1459,3395,incomparable
2732,3668,weaker
3718,1255,incomparable
2778,2323,stronger
1711,1172,equivalent
4445,2523,stronger
1929,2563,stronger
1227,3045,stronger
530,3871,weaker
3281,3883,incomparable
1736,2922,equivalent
2639,4416,weaker
4622,2570,stronger
2912,3262,incomparable
219,222,incomparable
3467,4238,incomparable
3343,1728,incomparable
198,99,weaker
363,1664,incomparable
1349,1695,incomparable
3909,419,incomparable
2553,4083,weaker
3905,1239,incomparable
2802,623,weaker
3786,3237,stronger
2246,2620,stronger
2105,1449,incomparable
926,4221,weaker
3649,2939,incomparable
1586,4267,incomparable
2900,4541,incomparable
1324,4267,weaker
1763,2651,incomparable
1310,2117,equivalent
1165,3456,weaker
3075,2852,incomparable
2306,2112,stronger
1509,1014,weaker
2765,4124,weaker
855,2476,weaker
2871,578,stronger
1272,2764,stronger
3574,3704,incomparable
1210,1886,equivalent
582,2317,equivalent
4362,2996,stronger
2097,403,incomparable
2197,2327,weaker
540,2091,weaker
2799,2395,stronger
3972,3750,stronger
1197,146,equivalent
2621,1342,equivalent
4135,738,stronger
24,4426,incomparable
2870,2046,weaker
270,1449,incomparable
4559,4449,incomparable
2756,978,weaker
3654,2128,incomparable
3807,2370,incomparable
2451,4314,weaker
2316,4089,incomparable
2314,3262,incomparable
4035,507,stronger
2579,527,stronger
24,1393,stronger
4196,1364,stronger
2236,3571,weaker
1126,1784,weaker
2874,3104,stronger
3452,866,incomparable
3500,2600,stronger
1118,1142,equivalent
2035,2534,incomparable
3604,4643,incomparable
3970,1960,stronger
2181,2359,weaker
3893,50,incomparable
1227,3529,incomparable
2139,4577,weaker
4200,2422,stronger
1896,655,weaker
2032,2236,equivalent
2154,3165,equivalent
148,1055,weaker
922,449,incomparable
2907,1682,weaker
1061,1547,incomparable
3466,3366,stronger
4502,2760,stronger
2728,1939,stronger
3707,45,incomparable
167,516,incomparable
2440,4690,weaker
310,824,incomparable
2944,2503,incomparable
4124,333,incomparable
1787,2590,equivalent
3010,4254,weaker
3481,1395,incomparable
2963,3684,weaker
3002,2858,weaker
3195,809,stronger
180,4134,weaker
4067,738,stronger
149,2569,equivalent
539,1034,weaker
2189,1257,weaker
1220,3647,weaker
4341,3192,stronger
4395,3428,stronger
2075,1128,stronger
4506,1724,incomparable
4191,400,equivalent
2391,610,equivalent
168,717,stronger
1405,1333,stronger
744,1816,incomparable
683,3792,weaker
4207,344,equivalent
1039,3427,incomparable
247,229,weaker
1861,1549,stronger
3848,1165,incomparable
1690,913,equivalent
389,2564,stronger
1161,1323,weaker
4681,385,incomparable
2227,3777,incomparable
1759,2211,stronger
1175,2160,stronger
4055,862,incomparable
3499,2859,incomparable
2852,3048,stronger
3328,2977,incomparable
3562,929,stronger
3233,1427,weaker
2479,1719,incomparable
846,4321,incomparable
2470,3885,incomparable
1644,1857,incomparable
3008,4692,incomparable
3438,3522,weaker
1029,241,stronger
2906,251,equivalent
543,1287,stronger
1319,1508,equivalent
820,4039,incomparable
352,2473,incomparable
2496,2073,incomparable
3533,349,stronger
16,80,stronger
3099,831,incomparable
337,2350,stronger
3047,2361,equivalent
251,886,equivalent
1942,1672,weaker
1899,1036,weaker
4118,221,incomparable
2482,862,stronger
319,1020,incomparable
212,4341,incomparable
3040,601,equivalent
4635,1679,incomparable
1710,1514,stronger
222,1087,stronger
457,1893,stronger
823,1462,incomparable
606,3679,weaker
1117,4383,incomparable
4372,2208,stronger
1423,1457,weaker
1275,2525,stronger
1218,1991,equivalent
2978,662,weaker
146,3694,incomparable
60,1668,weaker
4275,2275,incomparable
758,4450,weaker
1212,2176,stronger
3753,658,incomparable
2139,4256,weaker
4071,1,weaker
2123,1279,weaker
805,3515,weaker
2102,4374,weaker
2785,4404,weaker
858,2587,stronger
2938,4646,weaker
1694,2859,incomparable
751,246,weaker
3528,1479,incomparable
4366,2578,stronger
1298,2859,weaker
2795,396,incomparable
2845,2203,weaker
4507,4503,incomparable
2038,2669,incomparable
868,831,weaker
3792,1525,incomparable
1753,3439,weaker
4351,3209,stronger
1966,4486,incomparable
452,2838,stronger
4206,2296,incomparable
1478,2453,incomparable
2264,3362,incomparable
3472,3240,stronger
593,3228,stronger
66,4465,incomparable
4147,4318,weaker
3953,1069,incomparable
1730,422,weaker
1714,4615,weaker
4594,3317,incomparable
4126,997,stronger
1956,4148,weaker
3148,3301,weaker
2099,2921,equivalent
163,2304,incomparable
1477,888,stronger
2874,2917,incomparable
4154,951,incomparable
4142,1880,stronger
2490,1988,stronger
30,462,weaker
291,2489,weaker
3288,1968,stronger
208,734,stronger
1459,1248,incomparable
856,955,stronger
2282,2224,stronger
544,4066,weaker
1525,555,stronger
4532,4694,incomparable
3066,4026,incomparable
4062,2301,incomparable
1985,3923,weaker
2897,807,stronger
256,401,incomparable
3597,4416,weaker
3050,1803,stronger
2196,4143,incomparable
321,4179,incomparable
1675,2162,incomparable
3578,1141,incomparable
2235,2758,equivalent
2574,2224,equivalent
3718,2841,stronger
2436,3980,weaker
4411,4525,incomparable
3162,2394,equivalent
2864,2737,incomparable
1625,1294,equivalent
1275,915,stronger
1087,1618,weaker
4409,665,incomparable
6,761,weaker
2745,12,weaker
1595,3522,weaker
991,4539,weaker
216,1510,incomparable
422,3830,incomparable
668,853,weaker
2982,864,incomparable
2433,1588,equivalent
1915,3877,weaker
4134,3062,incomparable
4068,4694,incomparable
1632,1310,stronger
3220,2907,equivalent
4080,4519,incomparable
3311,3025,stronger
2564,1290,equivalent
3441,2317,stronger
4327,4396,incomparable
924,1223,weaker
1268,1033,weaker
4127,3022,stronger
4347,1076,incomparable
1319,32,equivalent
904,3954,weaker
3932,2554,incomparable
3715,4017,stronger
2218,4036,weaker
1151,3831,weaker
788,3779,weaker
1771,2758,equivalent
2531,2,stronger
2080,3513,weaker
3181,1050,weaker
461,4323,incomparable
1763,3082,incomparable
1143,4128,weaker
1112,1809,stronger
1779,1306,equivalent
1562,2769,equivalent
3751,2334,stronger
196,4025,weaker
3124,1455,weaker
2501,2230,equivalent
3986,696,stronger
1200,1629,weaker
4574,866,incomparable
3643,3740,weaker
2765,1522,stronger
1309,4016,weaker
1586,2604,stronger
3735,296,stronger
1066,4258,incomparable
3726,2462,incomparable
3108,3581,incomparable
4510,2544,stronger
888,3205,weaker
4324,4074,incomparable
4427,789,stronger
838,1398,stronger
76,1075,weaker
2536,3355,incomparable
844,4596,incomparable
4199,2093,incomparable
2370,1373,stronger
4176,4361,incomparable
1764,1563,stronger
2404,203,weaker
2622,1594,weaker
1421,4607,weaker
807,772,equivalent
1285,3026,stronger
15,3990,weaker
3220,2452,weaker
3003,2225,equivalent
1232,921,stronger
3424,3,incomparable
3019,2169,weaker
1157,747,equivalent
4323,1755,stronger
1625,623,weaker
3920,584,stronger
2590,743,equivalent
3520,3094,incomparable
4642,1508,stronger
626,2050,incomparable
865,346,incomparable
1971,4643,weaker
450,1824,stronger
2418,3642,weaker
1341,4247,weaker
1891,4125,weaker
1607,4366,weaker
3954,353,stronger
243,33,equivalent
1077,1922,weaker
3460,3982,stronger
748,700,stronger
2904,3535,weaker
3764,4393,weaker
3932,3977,stronger
1805,3792,weaker
3582,1878,incomparable
2307,2498,equivalent
1063,711,incomparable
1317,1759,weaker
935,1465,weaker
783,1825,equivalent
1691,3663,incomparable
1120,4628,incomparable
3281,3643,stronger
4079,3623,stronger
237,2066,weaker
3394,3520,weaker
202,3011,weaker
959,2990,weaker
4133,3859,stronger
4663,641,incomparable
3529,712,stronger
3052,3756,incomparable
4021,1174,stronger
1113,424,incomparable
660,3862,weaker
3201,92,stronger
2480,332,incomparable
379,1368,incomparable
2708,4131,weaker
4019,1478,incomparable
1045,2360,stronger
3992,2284,incomparable
1838,4248,incomparable
3075,2612,stronger
2058,50,incomparable
2758,2905,weaker
3176,3418,incomparable
2935,4295,weaker
2329,4485,weaker
1455,1477,stronger
3480,3829,stronger
3647,559,stronger
2186,235,stronger
804,204,weaker
3968,385,weaker
2173,939,stronger
4174,2705,stronger
958,4054,weaker
3410,2309,stronger
557,3710,weaker
4526,878,stronger
2167,3376,incomparable
2664,4182,incomparable
2845,56,weaker
4116,2700,incomparable
2755,3546,incomparable
2676,3253,incomparable
4407,1186,stronger
1824,4,weaker
1831,1175,weaker
1103,244,equivalent
3460,1083,incomparable
4250,2700,incomparable
45,1091,stronger
2954,2443,weaker
4180,3624,equivalent
2108,3146,equivalent
1905,2063,weaker
3374,2248,incomparable
4375,2587,stronger
612,1323,weaker
1005,3469,weaker
2378,1694,weaker
2949,2449,incomparable
4007,1602,stronger
2799,3444,incomparable
2790,3890,weaker
4631,3681,incomparable
4450,3111,stronger
3696,2649,incomparable
2450,4199,incomparable
3109,1391,weaker
2577,3782,weaker
2133,2802,equivalent
104,2960,stronger
2363,3264,weaker
2602,1560,incomparable
4395,4343,incomparable
1776,1252,incomparable
2018,3229,equivalent
2987,647,weaker
891,2027,equivalent
2844,4476,weaker
3804,88,stronger
4119,3132,stronger
4487,3528,incomparable
633,456,stronger
1338,4409,weaker
4237,909,incomparable
4123,4005,stronger
331,1811,incomparable
1160,3356,weaker
3899,4297,incomparable
1208,2084,weaker
4210,1715,stronger
478,518,equivalent
2959,2921,equivalent
4485,4394,incomparable
61,1169,stronger
212,3028,stronger
1468,4640,incomparable
3524,2141,stronger
2979,355,incomparable
2024,1889,stronger
2433,596,equivalent
2958,3450,incomparable
4217,3825,stronger
4470,2019,incomparable
652,856,weaker
925,2146,weaker
4497,432,incomparable
1916,77,stronger
3141,1622,equivalent
3464,2275,stronger
4687,3939,incomparable
2063,2756,stronger
4242,2542,stronger
1095,3496,weaker
3813,150,stronger
2261,2182,incomparable
1201,2202,equivalent
1629,3403,incomparable
4155,853,incomparable
934,1858,incomparable
1672,1787,stronger
3186,3435,weaker
4466,3189,stronger
1398,272,equivalent
2375,2469,weaker
52,652,stronger
1241,288,stronger
4477,4287,incomparable
4386,2671,incomparable
3830,504,incomparable
4520,2671,incomparable
862,3675,incomparable
3425,2670,incomparable
1911,1022,weaker
2095,2829,equivalent
1511,3532,weaker
3075,2291,incomparable
2175,314,weaker
4269,2271,incomparable
965,3773,weaker
2087,4631,incomparable
678,4497,weaker
777,4476,weaker
2422,945,equivalent
1503,2890,weaker
2272,1186,stronger
1071,4199,incomparable
565,2341,equivalent
2146,2767,stronger
3252,648,weaker
4518,2194,stronger
4649,3431,incomparable
1433,616,incomparable
3556,3503,incomparable
316,4266,stronger
232,3629,weaker
2978,1577,weaker
1716,150,equivalent
2337,3466,incomparable
4188,1501,stronger
3192,1536,equivalent
518,990,equivalent
3642,2496,incomparable
3857,3616,stronger
1474,1556,incomparable
3945,53,incomparable
555,3501,weaker
4146,1275,stronger
3924,3148,stronger
1806,4015,incomparable
1427,3430,incomparable
121,765,weaker
446,4497,incomparable
111,77,stronger
3049,4611,weaker
2640,4406,weaker
3063,4509,incomparable
336,2639,stronger
883,2808,incomparable
838,1345,stronger
1407,3717,weaker
832,3220,stronger
1085,1222,stronger
2468,135,stronger
1009,4610,incomparable
916,2167,incomparable
456,3872,weaker
1707,976,stronger
1552,3317,incomparable
246,652,incomparable
2295,1146,weaker
3771,58,incomparable
873,750,stronger
1300,63,weaker
3258,439,incomparable
3005,2999,equivalent
3089,3636,incomparable
2922,1244,weaker
525,3450,weaker
2772,1485,weaker
650,1644,weaker
132,4687,weaker
2231,572,weaker
161,3173,stronger
4607,1461,incomparable
197,386,weaker
3046,3939,weaker
711,607,stronger
604,4682,weaker
98,2070,weaker
812,1413,equivalent
1732,2322,weaker
3740,2815,stronger
1479,1876,incomparable
1737,222,weaker
343,1874,incomparable
2301,2250,incomparable
629,16,incomparable
2948,371,weaker
3610,2934,stronger
709,3163,stronger
807,4452,weaker
3343,2590,stronger
411,1254,incomparable
249,3178,equivalent
2363,849,weaker
1530,1814,equivalent
1953,2671,incomparable
831,1813,stronger
4674,3972,incomparable
1958,3954,incomparable
3324,254,stronger
1096,17,stronger
1562,756,equivalent
1159,3749,weaker
2470,1096,incomparable
3791,3103,incomparable
2616,167,weaker
1585,1871,weaker
4331,4545,stronger
2705,1902,weaker
196,1423,equivalent
1273,64,stronger
130,3055,incomparable
3516,1363,stronger
4025,1240,incomparable
4171,3509,incomparable
4575,1872,incomparable
2586,3149,incomparable
1479,1071,incomparable
4118,1404,stronger
2647,392,incomparable
649,2307,stronger
4202,3761,weaker
1824,2045,weaker
76,2445,weaker
3386,3175,stronger
2684,2903,incomparable
4145,3227,incomparable
4186,784,stronger
1419,4211,weaker
569,1789,weaker
894,1357,weaker
352,1562,stronger
940,12,weaker
16,1613,incomparable
1647,1594,incomparable
3870,2241,incomparable
4489,4,incomparable
3670,3119,stronger
1096,4689,weaker
4415,1775,stronger
184,1197,weaker
4318,122,stronger
1797,2292,stronger
658,2019,incomparable
2882,1548,stronger
1213,2241,weaker
912,3067,incomparable
2966,3905,weaker
3155,394,incomparable
2632,2339,equivalent
2933,1513,equivalent
311,1157,stronger
1133,1723,stronger
4333,3813,stronger
546,1963,stronger
1891,4556,weaker
2817,1338,equivalent
673,1738,weaker
3999,2247,incomparable
1519,2698,stronger
552,3663,weaker
4296,4685,incomparable
497,3764,weaker
2663,871,stronger
226,1958,weaker
3621,2826,stronger
231,4022,incomparable
888,2831,weaker
2586,2344,stronger
287,921,equivalent
230,387,weaker
4333,1719,incomparable
368,1260,incomparable
4131,272,stronger
4499,4640,incomparable
2880,3730,incomparable
4666,1370,incomparable
4079,4054,stronger
2914,2560,equivalent
4337,2592,incomparable
1840,1184,stronger
3545,4120,incomparable
3619,4069,weaker
773,33,equivalent
4028,2776,incomparable
3608,1436,incomparable
165,4314,weaker
927,3883,weaker
2176,352,weaker
2554,3156,stronger
2604,2519,weaker
319,1748,stronger
3101,3325,weaker
2612,882,weaker
955,2898,incomparable
492,1676,incomparable
4146,3182,stronger
2737,3802,incomparable
4674,3301,incomparable
2291,1241,incomparable
3354,738,stronger
2019,553,stronger
3500,563,stronger
4675,493,stronger
3030,1580,equivalent
2159,4505,weaker
323,2806,stronger
605,1738,weaker
1634,153,stronger
3671,3828,incomparable
4426,728,stronger
4161,1211,stronger
3949,3018,stronger
1282,1199,equivalent
210,650,stronger
3002,2915,equivalent
4069,1622,stronger
1677,4172,incomparable
1567,2314,weaker
3439,1226,incomparable
106,1990,stronger
3110,2448,weaker
233,3263,weaker
3459,4322,incomparable
2342,4562,weaker
3123,4373,weaker
761,938,equivalent
2452,4168,incomparable
1664,3186,stronger
764,1209,equivalent
3661,3490,incomparable
192,229,weaker
469,2981,stronger
782,1226,incomparable
3166,2730,equivalent
4040,1042,incomparable
4141,1094,stronger
1715,2370,weaker
3869,406,stronger
1864,1904,incomparable
367,1923,stronger
1855,4070,incomparable
2906,4496,weaker
991,1750,weaker
984,579,weaker
2863,1416,stronger
3461,2274,incomparable
137,2400,equivalent
2771,1827,equivalent
4021,1150,incomparable
3742,1735,stronger
4334,3367,stronger
1918,3079,weaker
1856,2201,stronger
4689,2777,stronger
3820,113,incomparable
3085,3865,incomparable
2154,323,weaker
872,2216,stronger
1732,3074,weaker
4218,159,incomparable
2683,4050,incomparable
4292,108,incomparable
4128,1397,stronger
1542,698,weaker
3892,2618,incomparable
2192,3998,weaker
2008,2191,equivalent
3940,1346,stronger
3320,2392,stronger
319,3171,incomparable
4527,4297,incomparable
3737,2680,incomparable
3539,1941,incomparable
1233,4265,incomparable
3769,2403,stronger
138,3510,incomparable
3266,62,incomparable
2015,1268,weaker
1884,4003,incomparable
1877,3024,incomparable
1483,3659,incomparable
1989,4019,weaker
2240,1386,stronger
3100,2244,incomparable
2157,3603,weaker
4443,4010,incomparable
883,3105,incomparable
208,1246,incomparable
244,903,equivalent
2909,1895,incomparable
4103,1875,incomparable
1114,5,weaker
4111,4210,incomparable
2029,1324,stronger
814,4439,weaker
2927,2474,incomparable
1865,1859,stronger
3223,1304,weaker
2696,1787,stronger
4112,648,incomparable
874,2238,weaker
4234,2331,incomparable
4456,458,incomparable
2498,4246,weaker
3356,4277,incomparable
1259,359,incomparable
1947,4143,weaker
1527,3557,weaker
4395,936,stronger
2626,267,weaker
1676,647,incomparable
4341,1639,stronger
1457,1283,stronger
2176,970,equivalent
4540,2788,stronger
3831,1537,incomparable
3406,607,stronger
3881,1654,incomparable
1525,3861,incomparable
1401,1351,equivalent
4448,3199,stronger
3544,1480,incomparable
2207,3666,incomparable
3962,1993,incomparable
3750,3800,equivalent
617,488,stronger
1099,2706,weaker
2854,1033,incomparable
3439,3938,weaker
1864,4266,incomparable
2139,2219,equivalent
3641,2352,stronger
1022,1705,incomparable
2500,1444,weaker
2359,273,weaker
2868,150,stronger
4425,182,incomparable
199,1668,weaker
2515,2506,weaker
4176,2861,incomparable
2139,3158,equivalent
1776,3106,incomparable
585,2643,equivalent
2560,3188,weaker
3642,2927,incomparable
4158,3221,stronger
1485,1587,incomparable
2267,2562,incomparable
3339,1613,incomparable
4156,1835,incomparable
2750,1218,equivalent
945,1084,equivalent
3732,3759,incomparable
2820,4431,weaker
1708,4261,weaker
4366,1830,stronger
706,2007,stronger
3266,1485,incomparable
2822,3723,weaker
1103,1643,weaker
179,3244,stronger
1440,4446,incomparable
633,2660,incomparable
137,3018,equivalent
59,1607,stronger
3877,326,incomparable
3037,2564,equivalent
1495,1120,weaker
3065,3831,incomparable
3734,957,stronger
3046,1337,equivalent
515,345,weaker
1502,3230,stronger
2928,2779,incomparable
1452,1423,stronger
724,684,weaker
371,1320,incomparable
28,4364,incomparable
4061,793,stronger
1688,3585,weaker
129,1972,equivalent
4043,3405,weaker
1589,2825,equivalent
4309,3524,incomparable
1427,3995,incomparable
1914,141,equivalent
444,1983,incomparable
1932,3164,stronger
1295,4041,incomparable
2241,3919,incomparable
1289,3472,incomparable
821,1906,stronger
1313,1614,stronger
2166,1301,weaker
3279,4325,incomparable
786,407,weaker
1379,921,equivalent
3655,640,incomparable
2309,3272,weaker
566,1572,stronger
1130,3600,weaker
423,3738,incomparable
808,3549,weaker
2766,4679,weaker
2002,3529,weaker
584,4595,weaker
3557,3488,weaker
1463,3251,stronger
4542,3294,incomparable
1290,2542,equivalent
4127,4018,incomparable
3425,336,weaker
2986,3672,weaker
508,4196,incomparable
1071,926,incomparable
900,1044,weaker
3224,1743,equivalent
4005,2308,incomparable
834,2676,incomparable
3530,2981,incomparable
4175,2719,stronger
4588,2134,incomparable
2303,609,stronger
195,474,weaker
2201,2584,weaker
4333,861,incomparable
3842,4007,incomparable
4410,1081,stronger
2947,4094,incomparable
4344,461,incomparable
2127,3766,incomparable
3383,460,incomparable
3835,3967,equivalent
1875,2764,stronger
3797,1231,incomparable
125,2337,incomparable
1049,2456,incomparable
1726,4361,incomparable
4618,2134,incomparable
2630,2293,weaker
4187,635,incomparable
49,248,stronger
3612,2390,stronger
2543,1358,incomparable
363,1347,stronger
2739,2236,stronger
2083,3063,incomparable
1878,4351,incomparable
214,2944,incomparable
2991,959,equivalent
4087,404,stronger
549,1702,stronger
4210,215,incomparable
1698,219,weaker
1378,803,stronger
2897,543,incomparable
2307,1266,weaker
3984,4598,incomparable
629,3159,incomparable
2413,2416,equivalent
923,1162,equivalent
1377,578,equivalent
1093,819,weaker
2072,3843,incomparable
43,29,incomparable
4525,226,stronger
1421,2570,equivalent
455,2225,stronger
2272,1430,weaker
3538,1478,incomparable
4520,3265,incomparable
3725,3556,incomparable
1898,2909,incomparable
3176,4280,incomparable
2567,789,stronger
2556,4572,weaker
4399,2746,incomparable
135,3940,weaker
2440,2145,equivalent
4692,1278,incomparable
454,3693,incomparable
724,1302,equivalent
2489,317,incomparable
1147,1405,weaker
1589,60,weaker
117,3519,incomparable
3068,2653,incomparable
2261,1621,stronger
499,2123,equivalent
1557,522,weaker
2238,3889,incomparable
2625,2083,weaker
3566,651,incomparable
2064,3736,incomparable
2043,3613,incomparable
1969,466,weaker
2633,446,weaker
2490,1858,weaker
4367,1868,incomparable
910,4094,incomparable
2178,805,stronger
4246,3793,equivalent
1646,3196,stronger
2864,3762,incomparable
2675,857,stronger
4332,2813,stronger
2482,1216,stronger
2836,1714,stronger
641,1425,stronger
3961,3809,stronger
358,4520,weaker
1693,2453,weaker
3004,3018,equivalent
2042,163,incomparable
1486,2160,stronger
4337,124,incomparable
87,3468,weaker
3007,3289,incomparable
4230,1755,stronger
2275,4306,incomparable
3020,2962,equivalent
84,2416,equivalent
2106,2807,equivalent
788,1071,weaker
800,142,weaker
3148,1427,weaker
2422,1323,weaker
4452,4019,stronger
3674,719,incomparable
1093,364,weaker
1979,2443,incomparable
988,2822,equivalent
707,328,incomparable
1187,1719,weaker
2322,338,incomparable
4010,1607,stronger
866,2832,stronger
2892,1622,stronger
1498,2520,stronger
4024,724,stronger
1372,4101,weaker
4199,1479,incomparable
1083,3998,incomparable
1745,3151,equivalent
138,558,incomparable
4439,2629,stronger
1715,4440,weaker
857,1965,stronger
4289,3624,stronger
3437,375,weaker
2773,1149,equivalent
3346,2731,stronger
3148,272,equivalent
212,3890,incomparable
876,1426,weaker
2137,2628,stronger
1581,4625,weaker
3169,560,equivalent
1507,2232,incomparable
1445,1354,stronger
822,2129,stronger
1037,4003,incomparable
3733,144,stronger
1503,1524,equivalent
1663,493,stronger
331,3023,stronger
3046,3378,weaker
969,836,weaker
2917,1278,incomparable
3340,1381,stronger
1227,3346,incomparable
943,3587,incomparable
2727,2844,equivalent
871,4465,weaker
1869,2813,stronger
1631,1709,stronger
3765,3065,incomparable
4153,4113,incomparable
862,215,weaker
2145,1930,equivalent
4342,602,stronger
1226,3875,incomparable
1897,1828,stronger
1443,1658,incomparable
152,1745,stronger
1533,3803,weaker
4267,4400,weaker
824,862,stronger
2245,67,stronger
2921,2336,equivalent
357,2150,stronger
2015,2988,equivalent
3968,3020,stronger
733,4127,weaker
1834,1664,incomparable
2436,3984,weaker
3382,2896,incomparable
4091,1141,incomparable
2551,524,weaker
3050,2157,stronger
1434,4174,incomparable
3675,1428,incomparable
1808,3634,weaker
2514,4025,weaker
2139,2650,weaker
162,1278,incomparable
2657,4333,incomparable
3300,238,incomparable
4311,1265,incomparable
1274,667,incomparable
911,615,weaker
491,3439,incomparable
1351,4297,weaker
3154,2106,equivalent
1275,1269,incomparable
1120,1920,stronger
1221,1972,equivalent
541,2213,stronger
245,3383,weaker
2924,1829,equivalent
136,4379,weaker
2390,4339,weaker
365,1987,incomparable
358,816,stronger
3477,1978,stronger
471,693,equivalent
3544,756,stronger
428,57,stronger
1682,88,stronger
4373,49,incomparable
1172,740,weaker
3813,1146,incomparable
2087,1305,stronger
2539,648,weaker
1205,4071,weaker
3273,643,incomparable
236,4209,weaker
2935,4031,weaker
3368,880,incomparable
1341,4117,weaker
3345,3148,stronger
559,4081,weaker
2486,3646,incomparable
3074,2096,stronger
4165,4607,incomparable
4315,1922,incomparable
1935,3543,weaker
859,3784,incomparable
150,2341,equivalent
3080,598,incomparable
3457,1110,incomparable
2973,4673,incomparable
1426,633,incomparable
132,3455,weaker
2023,2609,weaker
2625,957,equivalent
3413,249,stronger
1842,319,incomparable
2081,335,incomparable
2091,1023,incomparable
74,252,equivalent
1658,1141,incomparable
2699,1845,incomparable
1890,2430,incomparable
472,2742,equivalent
3318,362,incomparable
2406,3286,incomparable
1117,4200,incomparable
76,4462,weaker
2636,1496,weaker
2326,2768,equivalent
414,293,stronger
677,3147,incomparable
1532,3661,weaker
3844,593,incomparable
2680,1953,incomparable
3275,4048,stronger
1950,387,weaker
4419,2221,stronger
4362,1687,incomparable
2519,4479,incomparable
3436,2461,incomparable
232,2881,weaker
3133,208,weaker
846,4272,incomparable
2907,2117,equivalent
3272,552,stronger
4194,3042,stronger
3726,722,stronger
2003,1152,weaker
4295,650,incomparable
3321,2888,incomparable
922,4267,incomparable
1944,1511,equivalent
113,2408,stronger
4151,1625,stronger
2334,1666,weaker
3182,1009,incomparable
706,2922,stronger
656,1115,incomparable
2650,1902,incomparable
1621,1235,weaker
960,1526,incomparable
4692,1225,incomparable
3532,75,incomparable
555,3692,weaker
3614,2359,incomparable
4665,2785,stronger
3876,3268,incomparable
4609,409,stronger
701,2928,weaker
3743,1426,incomparable
3772,666,incomparable
948,2805,weaker
167,2240,incomparable
2481,2251,stronger
3906,666,incomparable
3954,1646,incomparable
3567,1200,stronger
3759,3622,stronger
3083,3073,stronger
2324,2267,weaker
2859,3365,incomparable
1248,64,stronger
725,2009,incomparable
4123,2586,incomparable
3660,610,stronger
2325,3431,weaker
3748,2709,incomparable
427,100,incomparable
4532,4511,incomparable
511,1491,incomparable
4031,553,stronger
218,3898,incomparable
579,3123,stronger
2034,1912,weaker
1829,2446,weaker
1122,2584,incomparable
3138,3130,weaker
417,4458,incomparable
4094,1252,incomparable
152,2497,incomparable
1869,532,incomparable
2918,4295,weaker
3620,1369,stronger
2586,1112,incomparable
4007,317,incomparable
2115,938,incomparable
1557,2108,equivalent
3558,3874,incomparable
1825,2862,weaker
3972,481,incomparable
1243,1948,stronger
274,4530,incomparable
1203,829,weaker
1349,3098,incomparable
3723,908,stronger
779,501,weaker
1011,4042,weaker
2336,533,equivalent
4077,3126,incomparable
1704,1754,equivalent
4612,4224,stronger
1998,2231,equivalent
3763,1246,incomparable
3956,2607,stronger
4021,3756,weaker
4116,610,stronger
3458,610,stronger
2887,1575,stronger
4184,4686,weaker
2615,887,weaker
2446,4084,incomparable
3315,332,incomparable
4099,4578,incomparable
1088,2195,equivalent
4529,3408,stronger
3722,1622,stronger
1552,3053,incomparable
1748,4685,weaker
1994,1708,equivalent
724,2672,weaker
2546,2221,stronger
3227,862,incomparable
3829,3936,weaker
2702,2734,incomparable
379,917,incomparable
1537,1240,incomparable
4102,2782,incomparable
177,3442,incomparable
2379,2458,weaker
77,1518,weaker
1947,4521,weaker
3196,236,equivalent
2330,4259,incomparable
3928,1848,incomparable
1858,4449,incomparable
1923,3346,weaker
2933,765,weaker
4397,606,stronger
806,2832,stronger
553,2386,equivalent
3411,1329,stronger
665,3381,incomparable
2905,2689,incomparable
1530,4583,weaker
4045,154,incomparable
175,2965,equivalent
2721,4265,weaker
16,2154,stronger
1907,1308,equivalent
1955,2288,weaker
2941,4039,weaker
1509,4645,weaker
3326,3850,stronger
4618,955,incomparable
1813,892,equivalent
3996,4584,weaker
2456,3967,incomparable
4497,436,incomparable
1711,615,weaker
57,3094,weaker
2113,595,stronger
169,3335,incomparable
347,3607,incomparable
3384,2515,stronger
555,4310,weaker
3707,1448,incomparable
2604,832,weaker
4519,3578,incomparable
1873,384,incomparable
1317,2381,weaker
2146,3926,incomparable
3880,1376,stronger
2075,1242,incomparable
2734,4096,incomparable
4681,2593,stronger
326,4423,incomparable
3860,3383,equivalent
3954,2264,incomparable
4265,4600,weaker
304,877,equivalent
748,2611,stronger
4190,4426,weaker
4319,4082,incomparable
449,1231,weaker
4509,4179,incomparable
2816,314,incomparable
44,3397,weaker
1821,1483,incomparable
2101,3752,incomparable
3949,2270,incomparable
1433,3064,weaker
23,3459,incomparable
4622,4241,stronger
2210,1443,weaker
597,3731,weaker
635,4023,incomparable
1839,2439,stronger
1061,2145,stronger
1567,2505,equivalent
3084,1418,stronger
4316,1690,stronger
4037,2275,incomparable
3777,3856,stronger
1569,1797,incomparable
3575,3907,weaker
3508,2685,incomparable
3888,2152,incomparable
3871,2737,incomparable
595,1591,equivalent
4031,2460,incomparable
2761,1704,stronger
3024,4558,incomparable
3750,4662,weaker
1157,2792,equivalent
593,764,stronger
1654,3598,incomparable
85,2243,weaker
2748,2408,equivalent
3840,2111,incomparable
4602,2434,stronger
2167,4348,incomparable
2396,1956,equivalent
3132,304,equivalent
866,3747,weaker
2378,2316,weaker
1860,4605,incomparable
1719,3434,incomparable
2292,852,weaker
198,3059,incomparable
2813,2244,weaker
2157,627,weaker
3617,2978,stronger
4694,2373,incomparable
3997,3199,stronger
4644,566,incomparable
3307,1998,stronger
526,3275,weaker
953,2588,weaker
1292,2054,weaker
1789,2860,incomparable
2508,2547,equivalent
4662,4555,incomparable
2721,3594,weaker
2733,2665,incomparable
3395,1064,incomparable
1781,4662,weaker
4317,3554,stronger
1826,3681,incomparable
1492,4559,incomparable
604,1653,weaker
4510,751,stronger
3004,3128,weaker
2515,4657,weaker
1548,1458,weaker
3043,612,equivalent
4581,402,stronger
735,3799,incomparable
205,1355,incomparable
2571,802,stronger
2440,4483,weaker
4128,1588,stronger
1098,2161,incomparable
2514,268,weaker
2894,489,incomparable
1425,304,equivalent
764,595,equivalent
60,3660,weaker
1147,3743,weaker
2668,4118,incomparable
2336,3379,weaker
939,596,equivalent
4358,2050,incomparable
2296,2260,incomparable
4411,1122,incomparable
176,3054,incomparable
2669,1310,stronger
3920,1824,stronger
2380,1207,weaker
3435,89,stronger
4238,413,incomparable
4278,1532,stronger
4632,4504,incomparable
2036,1397,stronger
3610,844,incomparable
1543,710,stronger
4241,2404,stronger
4584,1989,stronger
1098,67,stronger
4035,3467,incomparable
955,1479,incomparable
3355,2954,stronger
2668,2024,incomparable
4631,3498,incomparable
684,427,incomparable
1799,114,weaker
4277,3000,stronger
649,1372,stronger
1461,1058,stronger
1841,525,stronger
3136,1311,equivalent
2198,762,equivalent
2597,279,equivalent
4665,4021,stronger
4691,2990,incomparable
1800,3907,weaker
4310,1578,stronger
2925,2030,stronger
4550,4448,incomparable
3349,3297,incomparable
169,4303,incomparable
1394,186,weaker
1397,1423,equivalent
3382,2656,incomparable
4175,2292,stronger
3886,2189,stronger
2963,2672,weaker
1282,130,weaker
924,4586,weaker
4618,3801,stronger
2376,2912,incomparable
2314,2034,stronger
1605,1537,weaker
1601,4047,weaker
539,3994,weaker
1561,484,stronger
1564,4165,weaker
2908,1460,weaker
1266,2256,incomparable
2945,3971,weaker
283,2496,incomparable
3211,680,weaker
1167,2250,incomparable
1227,2301,incomparable
4157,558,incomparable
4234,778,incomparable
3320,3067,stronger
577,2384,equivalent
702,2830,equivalent
3092,3617,incomparable
3188,4079,incomparable
3391,2718,stronger
1672,1604,stronger
259,2260,incomparable
1935,4458,weaker
4342,496,stronger
451,2430,incomparable
1067,4648,incomparable
2493,2507,incomparable
339,1465,incomparable
1059,4006,incomparable
1429,2785,stronger
4662,851,incomparable
1551,4468,weaker
3299,4068,incomparable
4225,850,incomparable
2879,476,incomparable
30,4093,weaker
2635,116,equivalent
715,4196,weaker
4632,2894,incomparable
2467,2225,stronger
4528,4234,incomparable
1503,2707,weaker
2738,2688,weaker
1532,1193,equivalent
2427,2826,weaker
260,1522,stronger
1588,1502,weaker
48,885,incomparable
1949,1481,incomparable
3640,2267,incomparable
648,880,incomparable
2019,3940,incomparable
4663,2365,stronger
2483,2354,stronger
4334,1143,stronger
27,947,incomparable
663,2851,weaker
2356,4464,weaker
62,3385,incomparable
3364,1056,incomparable
4620,2668,incomparable
201,4483,weaker
306,3745,weaker
2145,3463,weaker
3241,2154,equivalent
4218,4351,weaker
200,4258,weaker
665,4617,incomparable
1427,214,incomparable
411,2226,stronger
1932,3355,incomparable
63,1516,incomparable
4378,2731,stronger
3029,3402,incomparable
1915,153,weaker
1989,856,weaker
4339,2776,incomparable
3695,230,stronger
4175,1621,stronger
3619,3618,equivalent
2647,75,incomparable
2444,1436,stronger
3292,3223,stronger
3885,3737,incomparable
3565,4321,weaker
4241,3372,equivalent
3472,1878,incomparable
163,3036,stronger
1517,4429,weaker
4645,981,incomparable
199,249,equivalent
1391,1846,incomparable
2731,4095,weaker
1197,1980,stronger
180,3390,weaker
1271,2683,incomparable
1004,2339,stronger
2862,1545,stronger
2530,3058,incomparable
821,3386,incomparable
1530,1631,weaker
2299,3125,equivalent
3135,3397,weaker
2619,2349,weaker
1662,4002,incomparable
265,2939,incomparable
359,2574,stronger
2406,4685,incomparable
2728,2484,weaker
918,4258,weaker
2769,2293,weaker
2795,1262,incomparable
2984,4167,weaker
3880,518,stronger
1017,1231,weaker
4179,3029,stronger
1705,3325,incomparable
4578,1048,incomparable
1052,1225,incomparable
3168,2941,equivalent
613,4561,weaker
1674,979,stronger
3301,4224,stronger
4612,817,incomparable
1699,1975,incomparable
2499,2782,weaker
494,1836,weaker
564,2575,weaker
337,3350,weaker
4007,2171,stronger
2556,2535,equivalent
2188,2139,equivalent
1006,1230,weaker
1806,1283,stronger
3767,1930,stronger
2523,4307,weaker
589,4325,weaker
2380,2309,equivalent
1117,4444,incomparable
2973,2823,stronger
1593,1929,weaker
194,2483,incomparable
233,1657,weaker
2482,1273,stronger
3743,2475,incomparable
3063,2716,incomparable
4644,3896,incomparable
4150,355,stronger
4324,2228,stronger
1643,703,incomparable
1868,821,incomparable
1773,3967,weaker
4483,6,stronger
3896,2690,incomparable
3089,904,stronger
112,4521,weaker
1184,3572,incomparable
1090,3156,stronger
118,3777,incomparable
2666,1740,incomparable
286,3361,incomparable
41,2776,incomparable
879,3875,incomparable
4676,3969,stronger
4251,3039,incomparable
2802,1786,equivalent
928,3767,incomparable
65,4301,incomparable
3360,3999,equivalent
421,3936,incomparable
2675,3142,incomparable
4571,3394,stronger
3969,1074,stronger
3659,94,incomparable
3552,4169,stronger
4600,1880,stronger
1026,3521,incomparable
2494,2572,stronger
2917,3429,incomparable
3025,2208,equivalent
1206,2176,equivalent
2942,4425,incomparable
1077,76,equivalent
2904,4133,weaker
808,3069,weaker
1645,2223,stronger
809,261,weaker
3090,324,weaker
2656,3250,stronger
3370,2593,stronger
3830,3517,weaker
4439,592,stronger
1815,3573,weaker
1178,4450,weaker
3864,4067,incomparable
1949,4327,incomparable
4469,2686,incomparable
3624,4580,weaker
4469,242,incomparable
1819,4446,weaker
2003,591,equivalent
1475,2192,stronger
838,3069,incomparable
1156,1658,weaker
2002,4338,weaker
3464,3544,stronger
2263,2393,stronger
3937,3764,stronger
2689,4487,incomparable
4363,1886,stronger
3341,2952,incomparable
4227,2779,incomparable
3829,1952,stronger
3079,700,stronger
990,3059,weaker
706,3300,incomparable
2855,992,stronger
3345,3071,incomparable
759,2372,incomparable
458,3198,stronger
2010,3640,weaker
855,2834,stronger
3835,454,incomparable
2374,130,weaker
1615,78,weaker
402,1576,stronger
1032,1191,stronger
2943,4195,weaker
1613,4354,weaker
4507,2954,stronger
4393,1886,stronger
4195,1147,stronger
3615,2558,incomparable
4387,1317,stronger
1849,2352,stronger
2217,304,stronger
4443,4632,incomparable
3345,4360,incomparable
1327,735,weaker
4367,1604,stronger
4446,1897,incomparable
2478,79,stronger
1211,3004,equivalent
1044,4584,weaker
2498,1485,weaker
3227,1106,stronger
3827,1101,incomparable
3405,3852,stronger
315,1176,stronger
4599,3832,stronger
3654,392,stronger
2566,2528,equivalent
1544,3594,weaker
1936,2132,weaker
4134,4412,incomparable
4461,2555,stronger
2381,4468,incomparable
2453,4344,incomparable
4165,1281,stronger
2714,2399,incomparable
491,1752,stronger
3440,59,incomparable
3624,2620,stronger
735,4364,incomparable
4632,4130,incomparable
4599,1738,stronger
2541,3410,incomparable
944,2259,weaker
4120,3201,incomparable
3247,3801,incomparable
4675,1733,stronger
1736,1670,weaker
631,227,stronger
1336,4180,incomparable
462,1172,stronger
3325,2179,stronger
1790,1906,stronger
928,4385,incomparable
883,2922,stronger
3455,1471,incomparable
4158,3843,stronger
3451,3981,stronger
786,2989,stronger
2798,1881,weaker
2612,3411,weaker
1927,3308,incomparable
487,3861,incomparable
251,1110,weaker
3277,3801,stronger
3375,1892,stronger
842,2517,incomparable
699,4683,weaker
3711,3504,incomparable
1130,3149,weaker
2518,3934,weaker
1526,116,stronger
2556,3637,weaker
4113,3669,incomparable
4545,4080,incomparable
1121,2282,weaker
3628,244,stronger
393,1351,stronger
205,4498,incomparable
565,2589,equivalent
2545,2724,weaker
3054,2601,incomparable
1452,1106,stronger
3821,3268,weaker
2589,552,equivalent
2768,2769,equivalent
3690,4505,incomparable
204,1829,stronger
3318,2647,incomparable
3841,4674,weaker
2017,326,weaker
816,2585,equivalent
2903,2405,stronger
3197,4572,incomparable
253,4165,weaker
2008,2492,weaker
547,2168,equivalent
2565,1097,equivalent
216,4283,weaker
868,1994,stronger
720,3816,weaker
3681,3638,stronger
2511,1800,stronger
305,3574,weaker
752,1819,stronger
3553,4392,incomparable
4071,2103,incomparable
321,2764,stronger
2260,1400,incomparable
3583,70,stronger
2024,2621,stronger
431,680,incomparable
229,3929,incomparable
2192,4649,weaker
710,1758,equivalent
3850,3043,stronger
3962,4038,stronger
3451,1082,incomparable
1615,1635,weaker
4421,4552,incomparable
4352,4193,stronger
3182,2355,incomparable
1284,3750,weaker
1301,3165,stronger
1268,773,stronger
1945,2678,incomparable
2442,3484,incomparable
3251,3653,weaker
202,978,weaker
3586,1657,incomparable
1196,2590,equivalent
521,3175,equivalent
2823,4115,weaker
461,680,incomparable
2184,1913,weaker
3373,1549,stronger
1695,3442,incomparable
1368,3047,stronger
4642,1114,stronger
2302,3854,weaker
4358,1355,stronger
1419,1292,equivalent
2245,876,stronger
3394,1837,incomparable
1128,362,weaker
887,1431,incomparable
2530,3489,incomparable
1310,2288,weaker
1069,3165,stronger
3345,2884,incomparable
2072,4331,incomparable
3851,3244,stronger
4461,3173,stronger
3551,508,incomparable
1696,819,weaker
3461,3998,stronger
1878,2745,stronger
1446,4054,incomparable
656,4689,incomparable
964,2590,stronger
3359,3721,incomparable
2798,1210,equivalent
1860,3105,incomparable
26,2041,incomparable
2854,2273,incomparable
2241,3736,incomparable
2910,1616,stronger
112,2724,incomparable
1659,2068,incomparable
962,2894,incomparable
3348,4471,weaker
131,522,weaker
1893,3403,weaker
2292,3674,weaker
2961,800,equivalent
521,2370,weaker
2923,4480,weaker
1722,1077,stronger
3022,2207,weaker
3841,3064,incomparable
2702,2791,incomparable
396,4361,weaker
360,2452,incomparable
1079,2139,equivalent
1247,3413,incomparable
946,4239,weaker
3148,1565,equivalent
2549,2926,equivalent
3862,908,stronger
4068,2474,incomparable
4505,3229,stronger
2511,190,incomparable
3180,4486,incomparable
329,106,incomparable
1646,651,stronger
3213,3091,weaker
3958,3999,stronger
123,1169,equivalent
3110,2212,weaker
4524,4410,incomparable
534,2201,equivalent
2478,1181,incomparable
1903,2936,weaker
3066,1351,stronger
1271,215,incomparable
2754,298,weaker
142,630,incomparable
3157,688,equivalent
2873,929,stronger
2613,1756,stronger
2095,4045,weaker
617,4306,incomparable
3126,3095,incomparable
858,985,incomparable
668,861,weaker
1411,1134,equivalent
57,707,incomparable
2427,4225,weaker
1386,323,weaker
4300,2019,stronger
4694,1946,stronger
1536,267,weaker
1264,333,incomparable
1885,2895,incomparable
4015,345,equivalent
1160,1673,weaker
2645,139,stronger
1848,3013,stronger
1965,380,weaker
1442,2325,stronger
25,2273,weaker
1494,4178,incomparable
1864,2957,stronger
3963,1094,stronger
1048,1617,stronger
3755,2111,incomparable
4260,3532,weaker
3391,868,incomparable
2529,3347,weaker
693,3900,weaker
1999,149,equivalent
2329,4225,weaker
3660,2224,stronger
798,2381,weaker
276,3208,stronger
1565,796,weaker
1011,3428,weaker
3101,3923,incomparable
1728,36,stronger
411,4564,incomparable
3572,1064,incomparable
1323,2202,stronger
46,3685,weaker
757,3511,incomparable
543,4491,incomparable
3432,2747,stronger
973,4075,weaker
1145,4559,weaker
2468,3229,stronger
3127,2111,weaker
4692,4478,incomparable
284,66,weaker
1483,390,incomparable
953,1356,equivalent
4676,1501,stronger
3284,782,incomparable
2394,1967,weaker
3660,3513,incomparable
2192,4462,weaker
1012,1936,equivalent
1497,3671,weaker
3312,4493,incomparable
728,2177,equivalent
1156,3378,weaker
1786,1330,equivalent
4663,2959,stronger
2419,2963,equivalent
3355,433,incomparable
1364,4081,weaker
3637,119,stronger
1820,160,weaker
569,1366,weaker
1080,350,weaker
3318,3749,incomparable
775,3686,incomparable
3892,4021,stronger
1184,2393,stronger
4112,3795,stronger
1493,3148,equivalent
3115,4329,incomparable
3404,1988,stronger
2750,1198,equivalent
3791,936,stronger
2175,2953,equivalent
3887,644,incomparable
2614,4343,weaker
1361,750,stronger
4231,2174,stronger
2037,3019,stronger
4461,2636,stronger
2246,2604,stronger
71,3691,weaker
1060,4205,incomparable
4186,4094,weaker
4050,3267,incomparable
4119,2872,incomparable
41,2536,incomparable
1672,3271,incomparable
1558,2203,incomparable
2814,3061,weaker
746,73,incomparable
2129,2958,weaker
3317,2369,stronger
2448,459,stronger
3387,3862,weaker
3607,3636,stronger
4331,3667,incomparable
2719,730,equivalent
716,2301,incomparable
4021,2687,incomparable
1801,3277,incomparable
1756,1814,equivalent
4156,4043,equivalent
634,1710,incomparable
696,2588,weaker
4414,2389,incomparable
1483,3907,incomparable
3224,2528,equivalent
1802,1408,equivalent
1972,1819,equivalent
1213,1013,equivalent
1445,4554,incomparable
633,2424,stronger
497,1597,equivalent
2083,115,incomparable
1312,2712,incomparable
4338,2929,stronger
3155,2549,stronger
1450,3585,incomparable
3578,3406,stronger
4268,1409,stronger
2437,54,weaker
3775,1476,incomparable
1832,3098,incomparable
4547,4207,stronger
4569,3966,stronger
1097,1188,weaker
3055,2318,incomparable
1166,793,equivalent
2365,1117,weaker
2151,2851,weaker
938,377,incomparable
2077,4622,incomparable
3727,1435,incomparable
3599,3879,weaker
3009,4602,weaker
989,3348,incomparable
2541,3036,stronger
4373,1021,incomparable
2205,3087,weaker
1830,1712,equivalent
4543,3684,incomparable
2602,2723,stronger
3865,2308,stronger
843,4462,incomparable
210,577,stronger
4353,1308,stronger
4007,671,stronger
1032,951,incomparable
2682,1174,stronger
2620,296,equivalent
4581,943,incomparable
4149,3006,stronger
3796,3642,equivalent
2249,1292,stronger
496,3600,weaker
2509,465,stronger
1022,2892,incomparable
4098,3418,incomparable
254,1034,weaker
3423,1559,stronger
2306,3519,weaker
2598,3139,weaker
1650,182,stronger
466,2610,stronger
685,4411,weaker
1229,1091,stronger
2577,3201,weaker
299,403,weaker
1763,4408,incomparable
1670,4217,incomparable
2859,3853,incomparable
1209,624,weaker
2592,3509,incomparable
343,4647,incomparable
3275,1287,stronger
845,1101,incomparable
1612,1768,equivalent
1003,1687,weaker
2394,2935,equivalent
1372,3247,weaker
3875,2191,stronger
3448,4598,weaker
2474,3638,incomparable
3193,3325,incomparable
1784,3191,stronger
3069,1569,incomparable
2133,4099,weaker
646,2554,incomparable
1623,3997,weaker
131,2108,equivalent
3386,4659,weaker
1736,1430,weaker
977,624,incomparable
3002,2976,stronger
3425,3833,equivalent
844,3478,incomparable
2286,1308,stronger
4070,4537,incomparable
3297,2335,incomparable
2545,256,weaker
74,2513,weaker
2739,3505,incomparable
3565,3089,incomparable
4447,3706,incomparable
1233,4192,incomparable
1031,4243,incomparable
1819,3535,weaker
3541,1914,stronger
3813,158,incomparable
4692,1258,incomparable
1134,3432,weaker
1361,2657,incomparable
4160,1397,stronger
4686,2941,stronger
4364,2890,incomparable
1730,1211,equivalent
4080,3885,incomparable
4327,3762,stronger
1192,3787,incomparable
3291,1924,incomparable
261,245,stronger
3033,1888,weaker
3621,338,stronger
1873,738,stronger
3406,184,stronger
2275,3936,incomparable
4486,3260,incomparable
2715,4208,weaker
4518,1263,incomparable
2624,148,equivalent
4602,2654,stronger
2656,595,stronger
423,14,incomparable
1925,147,stronger
3279,1540,stronger
3322,2930,stronger
541,3453,incomparable
4476,1791,stronger
1546,1282,equivalent
2110,3310,weaker
2970,4168,weaker
3247,2756,stronger
3825,518,stronger
4463,2495,stronger
621,938,incomparable
199,3689,weaker
3384,775,incomparable
333,4443,incomparable
171,1641,weaker
1958,2889,incomparable
538,122,equivalent
3817,3259,weaker
2143,3608,weaker
2246,323,incomparable
2719,543,weaker
1579,799,equivalent
1221,4501,weaker
51,2663,incomparable
4292,519,stronger
3516,298,incomparable
4233,3322,weaker
3918,1998,stronger
1442,3911,incomparable
3973,1705,incomparable
368,4033,stronger
2049,159,incomparable
3353,2751,stronger
3795,652,incomparable
3994,1993,incomparable
3903,185,stronger
802,4490,weaker
391,2704,stronger
3854,3676,weaker
4241,180,stronger
1116,893,weaker
704,4332,incomparable
1203,1801,weaker
1707,1334,stronger
143,3541,weaker
1569,3090,incomparable
461,2884,weaker
3496,2655,incomparable
4117,1053,incomparable
3398,2120,stronger
1434,421,incomparable
441,2417,stronger
422,2175,stronger
3614,432,incomparable
2411,2618,weaker
3281,4164,incomparable
4016,4384,weaker
3990,3163,incomparable
2808,2254,incomparable
4351,2388,stronger
2433,2377,equivalent
1029,2587,stronger
1297,123,equivalent
149,4460,weaker
1794,175,equivalent
2618,1376,stronger
3246,2665,weaker
2069,2100,incomparable
1446,2875,incomparable
25,260,incomparable
1407,2920,equivalent
2140,1751,stronger
242,1426,incomparable
1522,3624,weaker
2817,1212,weaker
2488,2434,stronger
2271,4651,incomparable
1731,765,incomparable
1693,4445,weaker
4198,1018,stronger
1543,714,incomparable
3456,381,incomparable
3182,1310,stronger
4213,360,incomparable
2357,4610,weaker
1161,3803,weaker
1056,2289,incomparable
4571,3451,incomparable
3349,1423,stronger
3084,1906,stronger
1914,68,weaker
214,1448,incomparable
4078,3518,incomparable
38,3474,incomparable
2065,237,stronger
303,739,equivalent
1230,2819,stronger
766,1961,equivalent
3432,145,stronger
3320,3876,incomparable
1510,2644,incomparable
3590,1485,incomparable
1613,4277,incomparable
3041,2209,equivalent
2621,1623,weaker
4639,2804,incomparable
3288,2086,incomparable
567,3414,weaker
2339,1156,equivalent
4054,838,incomparable
4138,1475,stronger
4570,1132,stronger
1806,1824,stronger
1962,2337,incomparable
1606,1012,equivalent
4684,2173,incomparable
1604,185,equivalent
4417,1829,stronger
1497,2008,equivalent
2402,4329,incomparable
2223,422,weaker
1950,4205,weaker
1114,1489,weaker
1260,3758,incomparable
1344,4395,incomparable
1848,3928,incomparable
1445,2757,incomparable
734,1433,weaker
3666,325,incomparable
1763,3066,incomparable
1823,3871,weaker
3459,4196,incomparable
2294,2702,incomparable
1416,1238,weaker
592,4009,weaker
2413,4087,weaker
3719,336,incomparable
3230,4309,weaker
121,1391,weaker
4226,1830,stronger
2158,2814,equivalent
919,1371,stronger
4656,1414,stronger
3997,2532,stronger
1848,1834,incomparable
1287,3487,weaker
2520,3395,weaker
305,919,weaker
3548,3837,incomparable
1456,263,incomparable
680,42,incomparable
2325,2927,weaker
2054,1121,stronger
3451,3904,incomparable
1746,776,stronger
2028,3872,weaker
1291,3579,incomparable
3530,1753,stronger
283,3789,incomparable
2220,4042,weaker
305,4302,weaker
4118,957,stronger
704,1567,stronger
1867,2234,stronger
826,3250,stronger
3560,3847,weaker
2291,3693,incomparable
4103,2554,incomparable
1343,736,equivalent
2575,1008,stronger
2652,3672,incomparable
4627,3463,incomparable
2439,181,equivalent
4372,2944,incomparable
2051,1762,stronger
3326,2862,incomparable
1065,2485,weaker
2355,2173,incomparable
610,2844,equivalent
2005,74,equivalent
4312,3078,incomparable
611,3446,weaker
4126,444,incomparable
3977,2041,incomparable
1735,1152,weaker
4331,3293,incomparable
384,3440,stronger
1456,2491,stronger
1788,978,weaker
1015,274,weaker
3400,717,stronger
2278,613,stronger
4313,3653,stronger
4303,2965,stronger
1871,4396,incomparable
4335,968,incomparable
4199,4305,weaker
4013,917,incomparable
2772,2811,equivalent
988,3554,weaker
2774,1194,stronger
3486,2154,stronger
4035,3150,incomparable
2980,3514,weaker
1065,3774,incomparable
1674,849,incomparable
3577,1518,incomparable
2130,3344,incomparable
3699,3201,incomparable
2202,968,weaker
1006,161,weaker
2379,4048,weaker
628,767,stronger
3146,19,weaker
4517,3833,stronger
4608,3197,incomparable
852,3666,incomparable
356,3462,weaker
4444,2042,incomparable
3315,3211,incomparable
1400,465,stronger
3332,2626,stronger
1721,3297,incomparable
3720,4428,incomparable
3770,3791,stronger
3431,4325,incomparable
3806,3448,equivalent
2928,1230,incomparable
738,1285,weaker
2725,147,stronger
3149,3858,incomparable
4190,1344,incomparable
2837,553,equivalent
3938,342,stronger
1968,1861,weaker
4628,2509,incomparable
178,2759,equivalent
300,4442,weaker
754,1414,equivalent
2462,4059,incomparable
4093,630,incomparable
237,3339,weaker
724,3457,weaker
4583,4429,incomparable
2005,3591,weaker
1434,4556,incomparable
3784,3258,weaker
4142,522,incomparable
1621,4382,weaker
2834,440,weaker
2438,440,weaker
4131,2053,incomparable
3692,1225,incomparable
1035,4258,incomparable
925,1646,weaker
2021,1091,equivalent
3060,194,incomparable
999,2349,incomparable
2645,1672,incomparable
4646,3438,stronger
2060,2739,incomparable
950,3396,weaker
2889,4284,weaker
2720,4475,incomparable
1517,245,equivalent
118,1553,stronger
45,4458,incomparable
86,2015,stronger
103,1430,weaker
3888,2453,incomparable
3821,1231,incomparable
4628,765,incomparable
211,963,stronger
3457,1708,stronger
2987,2725,weaker
1292,4449,weaker
1397,301,equivalent
2033,1451,weaker
190,1025,weaker
3643,1309,stronger
1506,2688,incomparable
3376,965,stronger
2896,328,weaker
915,1466,weaker
4642,821,incomparable
1474,3150,incomparable
4461,1941,incomparable
2281,2684,incomparable
314,4474,incomparable
740,1842,incomparable
3522,4173,stronger
4473,231,incomparable
3532,2417,stronger
4239,3033,stronger
1321,1595,equivalent
691,3643,weaker
1245,819,incomparable
2074,112,stronger
1907,938,weaker
4099,20,stronger
2149,2915,weaker
3491,1827,stronger
4150,4681,incomparable
4406,2392,stronger
1999,3910,weaker
4012,775,incomparable
1135,1590,weaker
471,2364,weaker
4655,652,stronger
2480,1739,stronger
3194,328,weaker
728,677,weaker
1342,2822,equivalent
1385,3458,weaker
1261,948,stronger
3957,2007,stronger
710,4043,weaker
2209,4659,weaker
806,3751,incomparable
1131,1067,incomparable
1611,2458,weaker
3070,1955,stronger
3023,3829,weaker
1922,1596,stronger
523,2904,equivalent
1555,82,weaker
3313,2844,stronger
4427,4558,stronger
3704,4163,stronger
4267,139,stronger
3463,2788,stronger
846,2776,incomparable
1264,3289,incomparable
555,4290,weaker
245,3310,weaker
2776,1858,incomparable
1494,3751,incomparable
1401,554,weaker
1886,2289,weaker
2361,3336,weaker
3830,3521,weaker
1557,1067,weaker
643,3356,incomparable
3969,2367,stronger
4113,3055,incomparable
1947,3696,weaker
4082,1490,stronger
1627,4280,weaker
871,1493,equivalent
2333,4671,incomparable
430,4002,incomparable
3618,4015,equivalent
1125,97,stronger
4493,4215,stronger
1489,3757,incomparable
4510,3630,stronger
3414,1741,stronger
1788,3824,weaker
2512,3855,weaker
4093,4281,incomparable
1987,1001,stronger
4203,3887,weaker
3002,2736,weaker
944,1190,equivalent
569,3033,equivalent
4373,4298,equivalent
3881,2146,incomparable
350,451,incomparable
4457,3245,stronger
2220,2700,weaker
2996,2921,equivalent
3758,3244,stronger
511,3028,stronger
1011,3351,weaker
4614,196,stronger
622,2078,incomparable
2196,1525,incomparable
1766,251,equivalent
1860,3296,incomparable
2433,714,weaker
807,2797,equivalent
1390,903,equivalent
2276,2982,incomparable
3272,4667,incomparable
1656,1022,incomparable
2552,1345,stronger
2509,709,weaker
2856,2510,stronger
2630,2167,weaker
2160,3938,weaker
4118,904,stronger
3208,1649,weaker
4694,2003,stronger
3997,2829,stronger
819,4470,incomparable
4308,4411,incomparable
922,2905,stronger
3751,1110,incomparable
581,2612,equivalent
2439,2572,equivalent
3315,3963,stronger
3031,232,equivalent
849,3558,incomparable
486,3506,weaker
1064,1268,stronger
1647,1094,stronger
523,4327,weaker
4631,4283,incomparable
3903,1100,incomparable
3433,4369,weaker
432,1176,stronger
2279,2475,stronger
2084,4451,incomparable
1611,1787,equivalent
4355,3826,stronger
2756,3568,weaker
4198,644,incomparable
4268,2137,incomparable
4275,864,incomparable
3772,243,stronger
2431,2465,weaker
241,2520,equivalent
3293,1706,stronger
3384,1824,stronger
3511,3097,incomparable
1216,884,equivalent
2499,2599,stronger
2189,1619,equivalent
3586,238,incomparable
1543,4662,incomparable
3852,357,stronger
4098,3796,stronger
2267,4693,incomparable
4614,680,incomparable
3673,2866,incomparable
3015,2866,incomparable
458,653,incomparable
3968,1471,incomparable
3493,1178,stronger
3386,2809,stronger
2773,4272,weaker
1517,4380,weaker
336,663,incomparable
1684,4493,incomparable
2237,3888,weaker
504,3630,incomparable
922,3389,incomparable
533,2116,weaker
2011,1855,weaker
376,4384,weaker
2332,2435,weaker
1709,3210,incomparable
4329,2739,incomparable
4310,2497,incomparable
3634,1194,stronger
4040,2636,stronger
2736,44,incomparable
4203,3566,weaker
3730,1656,incomparable
1187,1593,equivalent
1288,2399,incomparable
2948,3872,weaker
398,2830,stronger
3422,4694,incomparable
3958,4674,incomparable
2776,3765,incomparable
783,4334,weaker
191,258,weaker
2992,2077,incomparable
1860,531,stronger
1784,3919,incomparable
46,843,incomparable
323,3595,stronger
4239,1691,incomparable
4385,3206,stronger
2719,4170,weaker
1580,1645,weaker
983,3641,weaker
3202,2826,weaker
79,202,equivalent
1209,2641,equivalent
4461,949,incomparable
4247,2683,incomparable
4358,3453,stronger
454,1018,stronger
3236,2595,equivalent
2337,1974,stronger
2259,4535,incomparable
3321,2144,incomparable
4009,2518,stronger
1739,3745,weaker
1135,598,weaker
2802,3242,weaker
3270,3118,incomparable
1131,3108,incomparable
2984,2724,weaker
4472,707,incomparable
3928,1775,stronger
1108,3878,weaker
4279,1066,incomparable
1708,1399,equivalent
815,2313,equivalent
2444,2221,stronger
725,3359,incomparable
2478,1051,incomparable
2079,1342,stronger
2877,1322,incomparable
4539,2868,incomparable
630,89,stronger
4573,2452,incomparable
1868,2061,incomparable
4548,4085,incomparable
3003,3124,equivalent
3428,1610,stronger
2688,1800,stronger
1521,3643,incomparable
2338,3673,incomparable
1550,2129,equivalent
2608,1282,equivalent
4420,143,stronger
4258,4511,incomparable
4349,3875,incomparable
1827,717,equivalent
975,2194,equivalent
4132,3648,stronger
88,4586,weaker
201,2019,weaker
3480,2150,stronger
346,4063,equivalent
4376,3227,incomparable
3056,4074,incomparable
592,1086,weaker
888,3888,weaker
3147,4192,incomparable
2199,481,incomparable
2138,3211,weaker
3244,1092,weaker
2251,2334,stronger
4625,898,incomparable
3737,4408,incomparable
628,1682,incomparable
1947,610,equivalent
2272,178,stronger
4507,4060,incomparable
1807,2293,weaker
3966,4645,weaker
604,4479,weaker
1650,4561,incomparable
1189,968,weaker
1736,3581,weaker
4224,739,stronger
4031,1098,incomparable
3814,2561,stronger
2205,2339,equivalent
519,3617,weaker
76,3047,equivalent
3544,4363,incomparable
4394,4533,incomparable
1851,4470,incomparable
1667,2663,incomparable
113,2148,incomparable
385,4556,incomparable
1617,856,weaker
2568,3330,weaker
3000,3741,weaker
2974,2520,equivalent
1859,389,incomparable
3579,4357,weaker
1332,3124,stronger
3959,3824,incomparable
425,168,incomparable
4257,1037,incomparable
43,4038,stronger
3534,642,incomparable
2901,2981,weaker
3739,4080,incomparable
3188,5,equivalent
2336,3172,equivalent
779,3140,weaker
3814,2911,stronger
3292,2048,incomparable
3001,3562,weaker
2364,4439,incomparable
1807,1138,equivalent
186,2811,stronger
2610,1462,weaker
4652,3229,stronger
1395,4577,incomparable
1011,3648,weaker
338,2616,stronger
1637,4110,incomparable
37,3442,weaker
326,1101,incomparable
2683,1940,stronger
2714,3505,incomparable
18,948,equivalent
823,1153,stronger
387,1754,stronger
2109,133,equivalent
4468,1607,stronger
4139,385,incomparable
4049,1623,incomparable
792,2971,equivalent
1532,3535,weaker
2440,3121,equivalent
2390,1314,equivalent
2092,1657,weaker
566,938,incomparable
500,2570,stronger
4679,2958,incomparable
171,1348,equivalent
2968,2459,weaker
3739,2336,stronger
2657,2597,stronger
91,830,weaker
2386,791,weaker
3408,287,stronger
1527,3541,weaker
2535,133,equivalent
3225,3054,weaker
2543,2468,incomparable
3558,231,incomparable
1070,821,weaker
1350,3090,weaker
1639,749,incomparable
2420,1314,stronger
2213,1021,weaker
291,302,weaker
764,522,weaker
1672,108,incomparable
1520,276,weaker
3407,4384,weaker
3102,4502,incomparable
845,2581,stronger
781,3320,weaker
227,3700,weaker
416,189,stronger
4120,3502,incomparable
966,4039,weaker
3563,3584,equivalent
2057,1797,incomparable
3478,1002,stronger
4202,2753,incomparable
2402,2963,stronger
1301,2982,equivalent
1380,4029,weaker
4563,1978,stronger
957,3172,equivalent
1977,2033,stronger
4219,2168,stronger
320,4049,stronger
2682,2788,stronger
2747,3937,weaker
4560,1680,incomparable
1611,929,equivalent
4059,4138,weaker
4066,2865,incomparable
2543,1663,incomparable
3262,596,stronger
4124,2281,incomparable
1803,1099,equivalent
1588,945,equivalent
127,1375,stronger
423,205,weaker
2348,4605,weaker
266,1719,incomparable
2664,3121,stronger
150,3988,weaker
298,4640,incomparable
3161,3927,incomparable
1736,3260,weaker
2475,3599,incomparable
3786,192,stronger
3000,37,equivalent
4039,2358,stronger
140,267,weaker
102,3947,incomparable
3636,1187,stronger
1757,1104,weaker
602,4270,weaker
846,4630,incomparable
1646,1273,stronger
4046,2748,stronger
815,3065,weaker
104,3993,incomparable
3299,1767,incomparable
2115,4195,incomparable
3113,99,incomparable
2488,2491,stronger
1521,1012,stronger
2221,457,weaker
3408,1710,incomparable
844,770,stronger
1718,1526,incomparable
4428,1537,incomparable
3189,94,weaker
1914,3158,equivalent
864,4620,incomparable
1778,2331,weaker
1220,3501,weaker
1261,1058,stronger
4351,1290,stronger
2534,2085,incomparable
1221,1659,weaker
3994,2184,stronger
1019,2464,weaker
850,3409,incomparable
506,3599,incomparable
1705,3923,incomparable
1149,1756,equivalent
1235,776,stronger
3642,3984,weaker
1851,2994,incomparable
2348,3800,weaker
2766,4313,weaker
1100,4523,incomparable
4257,2005,stronger
3094,1146,incomparable
1774,2747,stronger
817,4400,incomparable
3159,43,incomparable
2797,2845,equivalent
4015,3411,equivalent
4200,2410,stronger
418,904,stronger
2949,3616,incomparable
1970,1346,stronger
1120,2896,incomparable
2551,2789,weaker
3122,3544,incomparable
1286,4097,incomparable
3089,1152,incomparable
1387,2459,incomparable
3593,685,stronger
3799,3005,stronger
4372,423,incomparable
1171,4524,incomparable
2580,2214,equivalent
1551,2301,weaker
1451,1131,incomparable
2213,700,equivalent
2003,1644,weaker
3476,1039,incomparable
700,1906,equivalent
562,4416,incomparable
2317,2743,weaker
2468,2912,incomparable
3330,2153,stronger
4295,4525,incomparable
1960,1193,equivalent
3885,2375,stronger
4026,136,stronger
3207,3251,equivalent
1228,1244,stronger
1020,3015,stronger
3728,4643,incomparable
1371,1552,weaker
1813,4149,weaker
25,4184,incomparable
3733,2543,incomparable
266,109,incomparable
892,3769,weaker
2867,3560,incomparable
644,3667,weaker
1138,38,weaker
4195,4294,weaker
1208,3251,equivalent
4587,3586,stronger
1223,1839,incomparable
1195,3955,weaker
3316,2605,incomparable
3825,2482,incomparable
661,4021,incomparable
3350,3155,incomparable
1674,1711,stronger
4435,2411,stronger
371,2727,stronger
1042,4652,incomparable
4247,3114,stronger
3406,54,incomparable
1840,4632,incomparable
527,4206,weaker
3085,2857,incomparable
1879,1362,stronger
1841,1070,stronger
2686,896,stronger
982,3820,weaker
2546,2579,equivalent
2630,3216,equivalent
4686,717,stronger
4065,2319,stronger
3666,2610,stronger
1873,3991,incomparable
1114,741,equivalent
2409,1527,equivalent
4465,3192,stronger
2247,3451,incomparable
4650,2191,stronger
4636,2293,incomparable
1553,1542,equivalent
4347,2190,incomparable
453,2163,incomparable
1753,3293,weaker
2452,850,incomparable
578,1111,equivalent
4062,2960,incomparable
3995,1738,incomparable
8,3210,stronger
3253,347,stronger
4048,810,stronger
3096,363,incomparable
4536,3782,stronger
3137,4336,weaker
124,4324,incomparable
2846,188,equivalent
3572,4264,equivalent
1230,2205,stronger
3479,4073,incomparable
1505,4130,weaker
3081,994,incomparable
3155,943,weaker
3246,307,weaker
1670,33,stronger
3435,3212,stronger
2867,3694,incomparable
3502,2744,incomparable
3842,1092,incomparable
3469,352,stronger
2858,2642,stronger
265,772,stronger
1784,512,stronger
2723,2225,equivalent
1553,387,weaker
2201,3052,weaker
670,1989,stronger
3085,2052,incomparable
833,1229,incomparable
1693,2087,weaker
3272,1878,incomparable
2966,2360,equivalent
2071,727,incomparable
2205,1481,weaker
1231,3719,incomparable
2308,2360,stronger
2702,2287,incomparable
3548,995,stronger
4436,1457,incomparable
1170,999,weaker
1314,2441,weaker
3964,2401,stronger
887,4094,weaker
3941,697,stronger
54,4093,incomparable
909,4607,incomparable
1862,1492,incomparable
4028,3325,weaker
3580,4101,weaker
3341,2395,stronger
2886,4444,incomparable
2564,1949,weaker
883,4325,incomparable
2934,1482,weaker
2091,39,incomparable
2366,4408,weaker
2586,4182,incomparable
3711,4557,incomparable
1849,3889,incomparable
1441,1620,stronger
1637,3252,stronger
3366,358,equivalent
3858,820,incomparable
1141,3802,incomparable
2595,2955,equivalent
1084,3268,weaker
2080,789,stronger
3229,3470,weaker
1142,240,equivalent
2308,4588,weaker
1143,3848,weaker
3330,1832,incomparable
2337,3828,incomparable
3500,4495,incomparable
2151,440,weaker
2565,1211,equivalent
3781,950,stronger
3122,2068,incomparable
2246,4649,incomparable
2136,2791,weaker
4254,1170,stronger
1060,2278,incomparable
3832,3921,weaker
3811,3044,stronger
3376,672,incomparable
1722,3151,stronger
4587,821,incomparable
1049,2119,incomparable
390,3237,incomparable
1503,4541,weaker
2076,1205,stronger
3297,3762,incomparable
4083,4671,incomparable
4157,4620,incomparable
870,841,incomparable
4065,2587,stronger
4245,3686,weaker
3518,3357,stronger
522,2760,stronger
4323,2064,incomparable
1633,985,incomparable
3942,652,stronger
4284,4553,stronger
4308,2695,incomparable
2126,2611,stronger
1317,4162,weaker
4276,3157,stronger
465,913,equivalent
1566,702,equivalent
4033,4153,weaker
2266,4311,incomparable
800,3643,weaker
3637,1709,incomparable
3551,3655,equivalent
3310,560,stronger
1558,60,incomparable
1214,250,weaker
1179,3639,weaker
3727,1602,stronger
3326,504,incomparable
3157,3701,weaker
3128,2771,stronger
1331,246,weaker
1078,2052,incomparable
799,385,weaker
2320,760,equivalent
936,656,weaker
303,743,equivalent
2111,4558,incomparable
1727,3629,weaker
1006,3869,weaker
4476,3568,stronger
1255,4573,incomparable
548,3957,weaker
4457,1074,stronger
482,1617,equivalent
931,3695,weaker
4682,3636,stronger
833,908,stronger
3625,3173,stronger
3350,2968,incomparable
1693,1766,equivalent
1894,3742,incomparable
3601,335,incomparable
3432,3532,weaker
4432,263,incomparable
2305,2330,weaker
784,1955,equivalent
3320,847,incomparable
1534,955,weaker
4211,1018,stronger
1663,611,stronger
267,1436,incomparable
2230,2156,weaker
3486,3768,stronger
2462,3445,incomparable
2400,2567,weaker
509,969,equivalent
1725,708,equivalent
3127,3835,weaker
2848,4420,incomparable
4216,2301,incomparable
2526,4369,weaker
3457,2249,incomparable
88,158,weaker
577,1103,equivalent
1132,3577,weaker
4035,1731,incomparable
3262,1027,incomparable
4423,1059,incomparable
4124,268,incomparable
328,3028,stronger
2398,427,incomparable
2451,2505,stronger
3624,1608,incomparable
3744,212,incomparable
485,733,equivalent
2505,2741,weaker
2928,2844,stronger
2902,1623,incomparable
3434,3204,stronger
2816,4323,weaker
3261,2495,stronger
3195,155,incomparable
886,2208,equivalent
2756,3491,weaker
2486,3630,incomparable
3742,324,weaker
4597,838,incomparable
684,3013,stronger
3112,4092,incomparable
2492,4384,incomparable
28,1396,stronger
2127,3697,incomparable
3302,3435,stronger
377,3270,incomparable
1767,3162,stronger
375,2443,incomparable
3528,2435,incomparable
1202,909,incomparable
1938,11,weaker
4039,695,incomparable
4572,3410,stronger
1160,1437,weaker
561,2798,equivalent
2739,1228,incomparable
1354,2434,equivalent
4272,1428,incomparable
2109,832,weaker
2467,1294,stronger
963,334,weaker
4628,4473,incomparable
863,2382,stronger
4425,1670,incomparable
1666,2706,incomparable
2253,22,stronger
2533,2291,incomparable
4518,1080,stronger
2859,3215,stronger
259,2618,incomparable
2909,2578,stronger
4416,803,stronger
1830,858,weaker
2471,2352,stronger
3596,2727,stronger
1717,2644,weaker
2209,3106,weaker
4019,1332,incomparable
4371,2723,stronger
364,3573,incomparable
503,3917,incomparable
2989,3446,weaker
4042,2255,incomparable
3839,3616,equivalent
3794,2153,stronger
4140,346,stronger
2261,263,incomparable
4365,2908,stronger
2689,710,stronger
2553,1603,weaker
4605,4058,stronger
1673,2722,incomparable
3216,3610,weaker
1189,4595,weaker
1017,1105,equivalent
4446,3247,incomparable
2001,2029,weaker
3790,1630,incomparable
3704,166,incomparable
1510,4421,incomparable
4034,4242,equivalent
199,1412,equivalent
646,2855,incomparable
594,4385,weaker
1463,633,incomparable
998,4246,weaker
802,924,equivalent
3493,885,incomparable
55,3353,incomparable
1471,2214,stronger
4280,4648,incomparable
4242,1912,incomparable
1217,4549,incomparable
4138,3252,stronger
4324,4196,incomparable
4169,121,stronger
264,3877,incomparable
2810,3457,weaker
1480,4370,incomparable
401,4148,weaker
2409,669,weaker
3565,357,equivalent
4614,1676,incomparable
2129,1783,equivalent
95,4041,weaker
3786,2985,stronger
1136,3779,weaker
1427,1511,stronger
2638,1660,weaker
2144,4535,incomparable
1022,3677,incomparable
1797,1044,incomparable
3748,2693,incomparable
760,4431,weaker
4497,4474,incomparable
2223,3138,equivalent
2190,3190,stronger
1450,182,incomparable
3112,2482,incomparable
2838,3411,weaker
2024,454,incomparable
3827,4679,weaker
3498,3457,weaker
3868,2236,stronger
2954,4525,weaker
4265,1872,incomparable
4616,409,stronger
2804,1548,stronger
1923,3785,weaker
4397,1045,incomparable
4156,2868,incomparable
4412,4551,incomparable
2428,2200,equivalent
2361,978,weaker
4576,2673,incomparable
2630,614,weaker
3449,1471,incomparable
1226,1578,stronger
3748,1538,stronger
413,1475,incomparable
1595,2384,equivalent
124,1372,stronger
521,1008,equivalent
440,4052,incomparable
1653,110,incomparable
2331,3206,stronger
3404,3391,stronger
4074,2462,incomparable
378,3174,stronger
3783,3976,weaker
3225,3648,weaker
3484,2596,stronger
1156,243,equivalent
3322,4520,incomparable
3596,4500,weaker
2906,4053,weaker
3314,3124,stronger
1274,3847,incomparable
3898,2586,incomparable
3469,4166,stronger
4551,3151,stronger
193,2266,weaker
612,1661,weaker
3867,4212,stronger
4417,4090,incomparable
3880,2165,incomparable
3942,599,stronger
493,1188,weaker
3000,3314,weaker
763,2769,equivalent
3236,558,weaker
2272,1040,stronger
1026,2590,stronger
2443,4305,incomparable
1321,1949,weaker
4681,1288,incomparable
536,3894,weaker
713,1312,incomparable
3853,3351,equivalent
1484,1189,stronger
1967,1343,stronger
2139,2581,equivalent
3254,2268,stronger
3832,30,stronger
341,3426,weaker
838,4232,incomparable
1287,3304,weaker
1796,1461,weaker
1715,4505,weaker
1605,2647,weaker
3518,1560,incomparable
3697,3777,incomparable
3595,1780,incomparable
614,3935,incomparable
4031,2310,incomparable
786,2729,stronger
168,3848,incomparable
3626,4476,weaker
420,4069,incomparable
1229,4238,incomparable
427,2796,stronger
4229,3234,stronger
862,2724,incomparable
447,2482,weaker
2718,1857,weaker
2518,2735,equivalent
3529,3762,stronger
637,3545,incomparable
3147,1216,stronger
1858,3628,incomparable
2799,3916,incomparable
1720,3694,weaker
4471,4460,incomparable
3421,2916,stronger
4589,3927,incomparable
4541,2947,incomparable
1426,2658,incomparable
958,338,weaker
3738,1842,incomparable
3354,913,stronger
1470,486,stronger
489,799,stronger
1805,210,weaker
1320,4110,incomparable
372,1153,stronger
2170,4280,incomparable
1089,4177,weaker
4423,2295,stronger
4511,2896,incomparable
3083,2520,stronger
285,3628,weaker
4182,1674,incomparable
806,856,weaker
3077,231,incomparable
742,3315,weaker
2788,128,equivalent
2959,3393,weaker
309,3433,stronger
777,3309,weaker
178,4670,weaker
4232,4420,weaker
3495,4127,incomparable
3681,4317,incomparable
231,1298,stronger
279,3032,equivalent
1289,451,incomparable
1024,934,incomparable
2555,2751,equivalent
2520,3696,weaker
782,2340,incomparable
1148,2663,weaker
3297,355,incomparable
1614,1150,weaker
950,1924,weaker
2555,3690,weaker
2519,1027,incomparable
2846,2176,equivalent
1209,3316,weaker
858,2335,incomparable
4309,4236,stronger
2776,2346,stronger
305,4603,weaker
704,1868,incomparable
3023,2223,equivalent
1571,1453,incomparable
1858,729,stronger
3124,585,equivalent
1002,744,weaker
352,1416,stronger
3316,755,stronger
4202,582,stronger
181,780,equivalent
4520,3143,incomparable
1805,344,weaker
242,4439,incomparable
2095,3301,weaker
710,343,weaker
3969,3794,weaker
4220,1161,stronger
1766,2833,equivalent
3366,3501,weaker
4154,2793,stronger
4377,4528,stronger
3140,1468,incomparable
2205,436,weaker
2113,847,incomparable
141,3983,weaker
3930,52,incomparable
591,247,equivalent
2337,1494,incomparable
2676,960,incomparable
1653,4245,incomparable
1264,2972,stronger
636,2649,weaker
2616,3538,weaker
1174,46,weaker
4460,3600,incomparable
1267,237,stronger
609,4209,weaker
2500,3363,weaker
4138,1105,stronger
3515,1880,stronger
2623,1484,incomparable
1026,4497,incomparable
4598,2029,incomparable
4037,3682,weaker
2671,966,stronger
4665,4005,stronger
1110,3444,incomparable
1542,3101,weaker
3443,3697,weaker
499,3290,weaker
3124,3163,weaker
1689,1808,equivalent
882,22,stronger
2100,1150,incomparable
3266,1526,incomparable
2964,2127,incomparable
3995,1177,stronger
3081,3466,incomparable
209,4625,incomparable
2067,2141,stronger
1862,2675,incomparable
4116,2635,stronger
4534,2394,stronger
1774,576,stronger
764,3157,equivalent
3291,3461,incomparable
483,663,incomparable
1001,2346,equivalent
4075,1291,incomparable
73,2485,incomparable
2163,2788,stronger
377,2896,incomparable
2132,1223,incomparable
2617,2958,weaker
1712,637,weaker
4463,649,incomparable
1304,3286,incomparable
2033,2907,equivalent
3134,444,incomparable
1049,2013,stronger
1730,654,weaker
2034,4071,weaker
3746,1762,stronger
2897,2194,stronger
2128,700,stronger
4134,2810,stronger
1099,787,equivalent
209,3470,incomparable
3793,265,incomparable
3908,3221,stronger
3588,1553,stronger
4596,4561,stronger
1045,1490,stronger
2368,160,incomparable
4173,4458,weaker
2522,4010,incomparable
1799,3615,weaker
686,2311,stronger
1823,1757,equivalent
3089,3303,incomparable
1537,1171,incomparable
4295,2354,stronger
406,2671,incomparable
1574,4436,weaker
3131,4468,incomparable
3924,4104,incomparable
1130,258,weaker
2453,3092,weaker
2057,2338,incomparable
2544,2456,weaker
4326,886,stronger
716,618,incomparable
2909,2554,incomparable
230,1664,weaker
710,3055,weaker
1584,3811,weaker
4526,3391,stronger
2138,987,equivalent
3535,3016,stronger
3879,3580,stronger
4149,1189,stronger
1537,1521,incomparable
2741,3909,incomparable
848,3928,incomparable
444,869,incomparable
3133,3201,weaker
3835,275,stronger
1660,1362,stronger
4127,4059,stronger
3428,4058,equivalent
1169,4508,weaker
2454,3852,incomparable
3536,3591,incomparable
3952,1025,incomparable
650,156,weaker
213,155,equivalent
2766,2626,equivalent
1522,839,weaker
863,1203,stronger
3602,2898,incomparable
2136,2230,equivalent
1429,1614,stronger
415,2733,incomparable
2230,1111,equivalent
2610,1332,weaker
134,3245,stronger
1395,4447,incomparable
1982,1763,weaker
8,4072,incomparable
3606,573,stronger
4660,4680,stronger
703,921,stronger
185,3210,weaker
1539,1193,stronger
904,2897,weaker
1356,1486,weaker
2581,3785,weaker
4329,1133,incomparable
1132,2532,equivalent
4021,788,stronger
1276,1722,incomparable
1138,3478,weaker
3796,4053,equivalent
4178,1903,stronger
2896,3796,incomparable
310,3097,incomparable
2355,4381,incomparable
2200,1060,weaker
3695,214,incomparable
37,1218,equivalent
935,2368,weaker
1602,2831,weaker
1982,3052,weaker
247,1213,equivalent
3485,3787,stronger
3198,347,weaker
1974,1656,weaker
3494,2560,stronger
1565,670,weaker
369,4027,incomparable
412,4663,incomparable
3273,871,stronger
3197,4259,incomparable
1600,2354,equivalent
2467,2693,incomparable
2603,3520,weaker
4640,779,stronger
841,4022,incomparable
4103,574,stronger
1291,2538,incomparable
81,3745,weaker
437,2626,stronger
3011,1810,stronger
2985,589,stronger
1939,1261,weaker
1342,3257,weaker
2849,1482,incomparable
2745,2822,equivalent
1012,1810,equivalent
4336,2438,stronger
2082,34,stronger
2940,65,incomparable
3943,3675,incomparable
3948,1575,stronger
596,2097,weaker
2282,1785,stronger
2693,3571,incomparable
2918,3689,weaker
4339,2894,incomparable
3864,3567,incomparable
806,2092,stronger
682,4500,incomparable
305,4550,weaker
2807,1606,equivalent
4548,35,stronger
3863,2376,incomparable
3682,1806,incomparable
2283,2360,stronger
1519,1210,stronger
3716,636,stronger
4530,1149,stronger
294,3637,incomparable
2239,1307,incomparable
1145,245,equivalent
549,1877,incomparable
1442,2683,incomparable
3995,990,stronger
1906,1097,equivalent
3432,1816,incomparable
1035,4022,incomparable
238,2924,stronger
4168,918,stronger
2604,3125,equivalent
1582,219,weaker
4020,1986,stronger
2380,199,equivalent
1903,45,weaker
4284,2032,stronger
1586,1092,incomparable
3945,2566,stronger
3272,780,stronger
3000,3290,weaker
4290,2978,stronger
1327,2329,equivalent
699,2760,equivalent
1607,4598,weaker
974,713,weaker
4538,4019,stronger
1188,2924,stronger
4450,1920,stronger
1100,71,stronger
1182,635,weaker
3541,2109,stronger
10,2134,incomparable
1672,4434,incomparable
297,1410,weaker
2606,1077,equivalent
937,2524,equivalent
159,1476,stronger
1845,4362,incomparable
3225,1314,equivalent
50,2472,incomparable
4630,3958,incomparable
2658,4650,incomparable
2699,4651,incomparable
4323,4215,stronger
3089,3116,incomparable
3791,3388,weaker
909,3859,incomparable
446,1883,incomparable
4159,1340,incomparable
4667,4025,stronger
1919,1278,weaker
592,1708,equivalent
2347,35,stronger
3379,4383,weaker
1454,949,incomparable
466,3289,incomparable
2350,3716,weaker
1555,1001,equivalent
839,1585,stronger
1742,3079,incomparable
4223,3984,weaker
2984,2541,weaker
1289,4265,incomparable
900,2992,weaker
4618,2793,stronger
2995,1387,weaker
598,3593,incomparable
1508,404,weaker
3495,2464,incomparable
1396,1129,weaker
418,4157,incomparable
1227,4326,incomparable
1965,4255,weaker
3636,1191,stronger
2746,4066,incomparable
3284,2429,stronger
2546,3254,incomparable
4311,17,stronger
2442,4594,incomparable
195,3361,weaker
2354,2495,equivalent
3369,4230,weaker
2283,3783,incomparable
2455,103,incomparable
3468,1957,stronger
3800,252,stronger
1823,3798,weaker
3340,2711,stronger
4450,2054,incomparable
4429,1177,stronger
3630,1726,incomparable
2492,4307,incomparable
3144,2018,equivalent
4185,1756,stronger
3939,2481,incomparable
2043,539,stronger
1005,318,weaker
3510,4061,stronger
2271,2618,incomparable
4666,3749,incomparable
2928,673,stronger
55,698,stronger
3181,2839,equivalent
1825,57,weaker
1085,4219,incomparable
533,1262,weaker
3943,910,incomparable
603,503,weaker
747,1191,equivalent
969,4044,weaker
1731,2115,incomparable
210,1740,incomparable
1094,2992,weaker
488,3182,weaker
2869,4415,incomparable
1577,1648,incomparable
2728,992,stronger
2882,678,stronger
131,1632,weaker
895,2782,incomparable
2323,714,weaker
2424,766,equivalent
868,3588,incomparable
2704,3789,weaker
2248,540,stronger
4641,844,incomparable
3722,2789,incomparable
3020,3271,weaker
2593,3958,weaker
2156,951,incomparable
1702,1535,weaker
4396,1013,stronger
3681,2199,incomparable
3576,4657,weaker
4290,3246,stronger
193,2860,weaker
4052,4586,weaker
1318,791,incomparable
4084,2589,stronger
2919,1095,stronger
3932,505,stronger
3599,1793,incomparable
3296,2738,stronger
3456,3959,stronger
837,3312,incomparable
424,1453,incomparable
3166,2665,weaker
1507,4046,incomparable
2283,1823,stronger
925,2378,equivalent
4249,562,incomparable
2465,1305,stronger
3132,48,weaker
3526,4139,stronger
4410,1419,stronger
2450,3626,incomparable
943,2957,stronger
4067,4463,incomparable
4191,3775,equivalent
4356,2122,stronger
4509,3118,incomparable
4266,916,incomparable
847,216,incomparable
1525,3312,incomparable
3364,2276,incomparable
2832,1449,weaker
2309,3394,weaker
358,991,stronger
3883,2841,stronger
4664,3406,stronger
4279,3595,incomparable
1398,2948,equivalent
3998,1101,incomparable
3961,3663,incomparable
1029,2327,incomparable
3338,1994,stronger
4406,1835,incomparable
3788,2954,stronger
1207,909,incomparable
1886,2887,weaker
1184,3369,incomparable
2514,12,weaker
3362,1799,stronger
3479,3138,stronger
4413,3945,incomparable
2126,2347,incomparable
3848,2446,incomparable
635,3312,incomparable
1626,4653,weaker
284,2331,weaker
2194,1727,equivalent
1351,284,equivalent
2395,3703,weaker
4095,2323,stronger
1225,1865,incomparable
2068,3308,incomparable
4167,1445,incomparable
1581,3190,stronger
4156,3730,weaker
4219,1046,incomparable
48,4683,incomparable
4408,1507,incomparable
180,4610,weaker
1152,1737,stronger
4550,3253,incomparable
2019,2261,incomparable
224,1125,incomparable
270,1470,incomparable
1268,3790,incomparable
3336,2806,stronger
2622,1773,equivalent
1014,2153,stronger
3046,3232,weaker
4030,1682,incomparable
3944,4382,weaker
1934,3062,incomparable
4250,3900,weaker
1683,4005,weaker
4109,285,stronger
4532,4552,incomparable
3923,1061,incomparable
1514,4196,weaker
2634,4227,weaker
1887,3246,stronger
794,3318,weaker
3120,2400,stronger
2929,3586,weaker
2382,973,equivalent
2889,2467,incomparable
3994,712,stronger
3283,1640,incomparable
2068,2503,incomparable
2804,1605,stronger
4545,4198,stronger
2748,1481,weaker
3481,1066,incomparable
2472,85,stronger
3272,4110,incomparable
228,2533,incomparable
402,4406,weaker
2208,3422,weaker
4598,45,incomparable
4300,4552,incomparable
167,4509,incomparable
2761,1127,stronger
3633,1056,incomparable
4249,3274,weaker
123,1958,weaker
3619,2878,incomparable
3226,4115,weaker
2758,1795,equivalent
41,613,stronger
2790,552,equivalent
2435,4525,weaker
3560,2648,incomparable
2161,758,stronger
3963,3038,stronger
615,326,incomparable
4603,3398,incomparable
4479,1642,incomparable
821,2646,incomparable
1946,3021,equivalent
2030,3658,weaker
2923,4464,weaker
4241,538,stronger
1310,4500,weaker
2728,1744,stronger
3428,435,incomparable
2101,3309,incomparable
1461,4669,incomparable
3942,656,stronger
442,3000,stronger
4165,139,stronger
1591,1517,equivalent
3714,1960,stronger
3736,1719,incomparable
4116,1940,stronger
3827,1837,incomparable
3479,2817,stronger
4272,2453,incomparable
1125,3407,incomparable
4425,2695,incomparable
965,1240,weaker
2553,1339,equivalent
3182,3762,incomparable
1348,2698,equivalent
1876,2817,stronger
685,2354,equivalent
1795,1697,weaker
2568,3310,weaker
3418,3480,incomparable
390,2436,stronger
1947,2468,weaker
651,491,incomparable
2289,1451,weaker
684,439,incomparable
381,630,incomparable
4350,4214,stronger
3605,862,incomparable
327,1333,stronger
3264,569,stronger
4229,2941,stronger
836,1210,stronger
2468,3079,weaker
4574,4107,incomparable
312,1964,incomparable
1162,2134,weaker
2297,753,equivalent
3097,1560,incomparable
3317,3024,incomparable
549,1153,stronger
1827,1770,equivalent
3019,4121,weaker
4554,4394,incomparable
3886,3706,incomparable
3719,560,stronger
1343,3643,weaker
1854,183,stronger
2296,528,incomparable
747,4521,weaker
871,4587,weaker
1468,2591,stronger
2557,1057,weaker
1011,4567,weaker
1782,3690,weaker
4306,3511,incomparable
923,24,weaker
899,3602,weaker
964,3997,incomparable
11,696,stronger
4176,1186,stronger
315,3551,stronger
3030,3906,weaker
1185,2653,weaker
713,3597,incomparable
2583,2628,weaker
2071,1699,incomparable
2217,1524,stronger
574,3438,weaker
694,4486,incomparable
1169,1369,equivalent
4510,658,incomparable
80,651,weaker
214,651,stronger
3739,3255,weaker
2212,4563,incomparable
1787,2879,weaker
2943,3321,weaker
4094,1911,stronger
3729,1032,incomparable
4223,2321,stronger
1444,261,incomparable
2347,1755,incomparable
4107,4590,weaker
1175,3254,incomparable
3914,4195,stronger
645,56,incomparable
3857,3661,weaker
2790,3264,weaker
2623,118,incomparable
1126,4301,weaker
4526,1541,stronger
971,980,equivalent
3362,2901,stronger
3498,4482,incomparable
2244,1253,incomparable
3928,3312,incomparable
1491,4399,incomparable
4218,4579,weaker
4550,3066,incomparable
904,3141,equivalent
4199,2085,incomparable
1312,2212,stronger
2371,247,equivalent
2156,93,stronger
934,4481,incomparable
4650,1203,stronger
2857,2392,stronger
2678,2649,weaker
3175,2701,equivalent
3113,1823,stronger
33,589,equivalent
1347,1617,equivalent
4139,3882,incomparable
1118,1565,equivalent
416,2047,incomparable
4633,2727,stronger
4197,1608,incomparable
1527,272,equivalent
379,4609,incomparable
386,3336,weaker
145,241,equivalent
2989,3450,weaker
1946,3639,weaker
2858,4687,incomparable
2742,540,equivalent
2864,1469,incomparable
484,3090,weaker
1019,4188,weaker
1270,1555,stronger
3462,637,stronger
4238,104,incomparable
4523,3471,incomparable
1240,2844,stronger
4482,464,incomparable
724,298,weaker
421,297,stronger
2141,2013,equivalent
16,2463,incomparable
1155,2736,incomparable
4335,387,incomparable
1584,2095,equivalent
1,88,stronger
2544,4123,weaker
2215,2901,equivalent
649,1063,incomparable
2452,4534,incomparable
3030,2296,weaker
1338,2039,weaker
2976,2999,equivalent
1350,1110,weaker
2647,2531,incomparable
4340,3390,stronger
4557,1927,incomparable
2564,22,equivalent
4586,413,incomparable
1495,2962,equivalent
1001,175,equivalent
149,3342,weaker
3642,581,stronger
3645,4262,equivalent
376,123,stronger
2313,4348,weaker
2378,2491,weaker
912,1823,stronger
184,3336,weaker
2438,2542,equivalent
2059,1957,stronger
2369,4657,weaker
829,4040,incomparable
3174,1644,weaker
944,580,equivalent
3523,3518,incomparable
3889,1589,stronger
1215,1043,weaker
3678,4560,incomparable
894,1402,equivalent
1749,1916,weaker
708,2932,equivalent
3287,2460,incomparable
2743,3528,incomparable
2729,1378,weaker
697,4271,weaker
3782,187,stronger
4391,3678,incomparable
547,1294,equivalent
3081,3523,incomparable
3446,1958,incomparable
3893,3401,stronger
3079,444,incomparable
1026,2460,incomparable
1542,3508,weaker
389,3337,weaker
2502,1372,equivalent
1528,3610,incomparable
843,3507,incomparable
3553,3518,weaker
387,258,incomparable
2388,2024,weaker
1638,1526,incomparable
3286,3174,stronger
275,3989,weaker
1152,4262,incomparable
1555,2989,equivalent
2400,1095,equivalent
1049,1131,incomparable
3805,3739,weaker
1255,3451,incomparable
2048,3087,incomparable
4393,4663,incomparable
102,1028,incomparable
114,99,weaker
1793,1814,stronger
2844,2240,weaker
296,1833,weaker
877,3276,weaker
399,268,incomparable
1023,3101,incomparable
94,386,incomparable
1283,22,equivalent
1551,3220,equivalent
1917,2789,weaker
4673,3899,incomparable
604,3117,equivalent
683,3410,weaker
2634,3369,weaker
3494,4227,stronger
2787,4365,incomparable
4382,717,stronger
2673,3297,incomparable
1424,412,weaker
1835,3918,incomparable
816,3939,weaker
2977,3708,incomparable
4293,645,incomparable
2644,1024,stronger
3298,3534,incomparable
2295,870,weaker
3957,3170,stronger
3611,2533,incomparable
3549,901,incomparable
3115,4581,incomparable
1188,3518,incomparable
1870,2569,stronger
3871,4335,incomparable
4638,2750,stronger
641,4288,weaker
2057,2395,stronger
3155,2667,incomparable
255,88,stronger
3503,3350,incomparable
1473,654,stronger
4062,2590,stronger
3869,4639,incomparable
4437,1713,incomparable
2293,4365,incomparable
3213,3022,equivalent
4477,4495,incomparable
761,3077,incomparable
3047,1040,weaker
3496,866,incomparable
3294,1671,incomparable
1067,3534,incomparable
3687,3817,stronger
327,1280,stronger
3589,276,incomparable
1526,1604,stronger
918,4165,weaker
4605,1647,incomparable
3941,2421,stronger
4350,1128,stronger
4180,4100,weaker
1950,2282,weaker
2748,2262,weaker
4324,846,incomparable
1533,2933,equivalent
74,3436,weaker
134,4241,incomparable
549,4483,incomparable
3866,3186,stronger
1883,4443,incomparable
2790,983,equivalent
2733,4613,incomparable
2821,296,stronger
1136,3462,weaker
4376,255,incomparable
2421,2806,equivalent
3677,3664,incomparable
165,521,stronger
994,2066,incomparable
1125,2549,stronger
619,3909,incomparable
2747,3730,weaker
359,1326,stronger
2420,3335,incomparable
1002,3647,weaker
3490,805,stronger
3263,2334,stronger
4210,3346,incomparable
4377,76,stronger
4014,4188,stronger
4547,487,incomparable
2477,3088,incomparable
4144,1036,incomparable
177,3914,incomparable
2369,2242,weaker
3768,1688,stronger
1756,3705,weaker
1417,1795,equivalent
3296,2632,stronger
3231,3146,equivalent
2990,4023,incomparable
2591,2062,weaker
1474,1548,stronger
4645,2900,incomparable
2929,4501,weaker
4684,2828,stronger
625,2734,incomparable
2989,4552,weaker
1936,3299,weaker
1774,1251,incomparable
4119,575,incomparable
4537,334,stronger
865,1440,weaker
684,3314,incomparable
4502,4285,incomparable
3060,4203,incomparable
1656,4413,incomparable
2993,2981,weaker
1446,4603,incomparable
236,2400,equivalent
382,3915,weaker
3794,4198,stronger
3573,4199,stronger
1536,332,weaker
3719,4024,stronger
1269,742,stronger
4211,4486,weaker
2165,1257,incomparable
3249,1631,weaker
2779,2648,incomparable
2672,307,incomparable
2027,1323,weaker
793,224,weaker
3415,4552,weaker
3635,354,equivalent
4096,749,incomparable
3676,4327,incomparable
2131,3366,weaker
2533,2592,incomparable
3643,1935,stronger
243,1477,weaker
888,4433,weaker
1419,4069,weaker
4265,1689,stronger
696,1230,weaker
3882,3614,stronger
1339,3551,weaker
3187,2823,equivalent
4033,3783,equivalent
2419,4183,weaker
552,3171,weaker
1187,1467,weaker
3237,3849,incomparable
1771,3181,equivalent
188,1174,equivalent
632,656,stronger
432,1534,stronger
4649,2968,stronger
2022,2268,weaker
1278,3248,stronger
3539,1181,incomparable
3826,2177,stronger
1296,821,weaker
3307,3275,incomparable
4167,4133,incomparable
2918,2002,equivalent
1369,3551,weaker
402,4516,weaker
1214,230,equivalent
80,4465,weaker
3865,3044,incomparable
23,1487,incomparable
4111,67,stronger
4652,391,incomparable
459,4269,weaker
4650,3728,incomparable
746,1293,stronger
276,4562,incomparable
3886,3332,incomparable
4312,4672,incomparable
1468,2217,incomparable
4606,3429,stronger
1003,3578,weaker
3525,2572,stronger
1292,1237,weaker
2907,3691,weaker
2333,975,stronger
2966,2608,equivalent
4528,3738,incomparable
328,1719,incomparable
1846,4240,incomparable
2333,4358,incomparable
1920,2499,weaker
1075,421,incomparable
3325,2891,incomparable
1427,1812,stronger
2626,2890,weaker
1112,488,stronger
3058,2547,stronger
310,3772,stronger
3911,2234,stronger
2949,3543,incomparable
3479,2577,stronger
2519,1515,incomparable
4165,3282,incomparable
1044,2047,weaker
827,3510,incomparable
4022,1284,stronger
4222,406,equivalent
2475,3660,incomparable
54,1308,stronger
2766,2146,weaker
4039,2419,stronger
713,4162,incomparable
2404,976,equivalent
1609,4677,weaker
2502,1319,equivalent
721,1771,equivalent
2798,149,equivalent
4439,1572,stronger
939,3162,equivalent
3828,1418,stronger
1362,4019,weaker
1130,4450,weaker
1987,1627,stronger
3122,4410,incomparable
3712,1243,incomparable
2265,817,incomparable
3591,3168,stronger
1313,370,incomparable
1937,3203,stronger
3988,360,weaker
2491,4543,incomparable
4600,1116,stronger
350,4460,weaker
1656,709,incomparable
1016,2069,weaker
2005,863,weaker
2759,1325,weaker
1368,4214,incomparable
3326,4590,incomparable
2844,3126,weaker
3594,1372,stronger
413,2715,stronger
2567,1505,stronger
1385,596,equivalent
1655,2177,stronger
3967,3805,equivalent
3624,433,incomparable
3017,1741,equivalent
394,3604,weaker
1385,1535,weaker
1426,1536,stronger
3145,206,incomparable
414,3290,incomparable
2897,104,incomparable
1586,3511,incomparable
1677,2875,incomparable
2807,1342,equivalent
1721,3147,incomparable
1332,1120,incomparable
3295,150,stronger
3794,1783,stronger
3231,2609,weaker
3845,28,incomparable
2842,1336,weaker
407,3250,stronger
2494,4036,incomparable
3101,284,stronger
2249,3451,incomparable
2414,1798,equivalent
3245,1726,weaker
3751,2086,incomparable
3673,4647,incomparable
4392,3580,stronger
4189,1531,incomparable
4133,1599,stronger
403,283,incomparable
1442,3358,incomparable
3305,2908,stronger
2818,1100,weaker
1462,2290,incomparable
4017,1424,stronger
4576,3108,incomparable
383,570,stronger
4266,2128,incomparable
2867,2682,equivalent
2657,3626,incomparable
3856,3950,weaker
4286,3534,incomparable
1159,3420,weaker
3139,4309,incomparable
3712,1727,stronger
2000,4036,incomparable
4598,3806,stronger
3703,3893,incomparable
3646,3359,weaker
157,1166,stronger
1824,3810,weaker
2832,1156,equivalent
1892,2224,equivalent
447,2433,stronger
3253,4596,incomparable
703,4308,incomparable
414,2485,incomparable
97,2054,weaker
2791,1532,stronger
991,1742,weaker
1471,3133,stronger
3587,685,stronger
3083,3626,incomparable
4478,1610,stronger
4581,2297,stronger
2711,1768,equivalent
4015,3606,equivalent
379,4369,incomparable
2471,1527,stronger
2108,1475,weaker
4484,2364,incomparable
908,926,weaker
1954,1008,equivalent
3389,4083,weaker
317,458,incomparable
976,3312,weaker
814,1264,weaker
1677,3359,incomparable
3315,1101,incomparable
2817,70,equivalent
2772,2579,weaker
2292,1942,equivalent
2763,1527,equivalent
1302,1203,equivalent
605,1275,weaker
1142,3200,equivalent
1734,860,incomparable
3000,716,weaker
1905,4125,weaker
1774,1198,stronger
1015,392,weaker
4654,4064,stronger
3009,1179,equivalent
1918,388,weaker
2336,147,equivalent
395,3158,stronger
1482,3241,stronger
1549,2019,weaker
1155,402,incomparable
4176,275,stronger
3625,2616,stronger
1383,4201,incomparable
4056,2802,stronger
2922,3627,weaker
2872,1820,stronger
890,104,weaker
2694,13,incomparable
1856,3832,incomparable
4387,1626,stronger
4399,697,stronger
2427,4587,weaker
4192,3602,stronger
3993,9,incomparable
868,2974,stronger
1900,906,incomparable
274,2989,stronger
117,531,stronger
3338,1246,incomparable
189,4571,weaker
3116,3119,stronger
2243,1245,incomparable
1276,2210,stronger
3547,1585,stronger
2186,2431,stronger
3780,3284,weaker
1359,932,equivalent
2785,4453,weaker
2308,327,incomparable
2168,2010,equivalent
618,705,stronger
4205,3433,equivalent
432,1481,incomparable
695,4335,incomparable
1612,2317,equivalent
4017,4136,weaker
1421,2749,weaker
3389,4567,weaker
2094,748,weaker
4169,2463,incomparable
3403,3684,weaker
1376,4669,weaker
533,3226,equivalent
748,936,stronger
440,783,stronger
2542,2601,weaker
2585,3237,weaker
4565,4126,incomparable
3674,1703,stronger
2110,4664,weaker
778,24,incomparable
2455,3356,incomparable
1137,3340,incomparable
1171,2170,stronger
2427,3782,weaker
3552,4157,incomparable
4264,1919,stronger
1759,3094,incomparable
4417,2915,incomparable
2655,3417,incomparable
3842,4670,incomparable
2794,4515,weaker
4568,3084,incomparable
352,3006,stronger
4027,1417,stronger
2812,4532,incomparable
1945,2503,incomparable
4314,4665,incomparable
3407,1709,incomparable
2361,2381,weaker
2633,625,weaker
2125,3602,incomparable
3508,71,stronger
4666,4558,stronger
3303,605,stronger
1192,953,stronger
3256,3233,stronger
1931,3736,incomparable
3407,2648,incomparable
14,917,incomparable
1468,70,stronger
4330,1576,stronger
4249,4620,weaker
2254,4362,incomparable
3307,2417,stronger
788,3694,weaker
2937,1386,stronger
2328,4311,incomparable
2118,4501,weaker
4258,3393,stronger
2479,4480,incomparable
1455,4157,incomparable
3408,779,stronger
2102,1524,equivalent
297,3642,weaker
2291,4429,incomparable
4387,3049,stronger
4063,2171,stronger
531,1594,weaker
1919,2571,weaker
2915,846,incomparable
2762,1570,equivalent
3508,1360,stronger
3353,4455,incomparable
4002,2649,incomparable
411,1677,incomparable
1763,2997,stronger
3609,3886,weaker
465,4357,weaker
2879,1566,stronger
1268,2237,stronger
4184,596,stronger
1099,3182,weaker
4182,4687,incomparable
3468,2900,incomparable
2661,1114,stronger
3435,2952,incomparable
2657,4378,incomparable
2189,2058,weaker
3197,1848,incomparable
437,3248,stronger
4253,4338,incomparable
1325,3121,stronger
2784,2618,weaker
2557,4147,weaker
1462,3392,incomparable
621,3715,incomparable
2703,185,equivalent
1073,3058,incomparable
302,929,stronger
1549,2987,equivalent
2967,231,weaker
162,2612,stronger
1456,4516,incomparable
2495,2865,weaker
4107,3358,stronger
974,46,weaker
4284,776,stronger
648,3259,weaker
324,2381,incomparable
558,333,incomparable
921,4357,weaker
2337,3218,stronger
1987,1119,weaker
2274,2115,incomparable
2666,1407,stronger
85,1052,weaker
1370,2648,incomparable
370,1221,stronger
3568,2676,incomparable
4311,505,stronger
3533,211,incomparable
3803,1792,stronger
2648,986,stronger
1540,26,weaker
1239,852,incomparable
4501,3820,incomparable
330,1041,incomparable
3506,2737,incomparable
1859,3943,incomparable
3910,1100,incomparable
1043,159,incomparable
4059,442,incomparable
1562,724,equivalent
638,2325,stronger
2090,843,incomparable
629,1273,stronger
944,153,weaker
4004,3364,weaker
38,51,incomparable
1022,221,incomparable
583,3557,incomparable
3069,3086,stronger
1438,4071,weaker
2369,1197,weaker
796,4604,incomparable
3189,936,equivalent
3311,2619,stronger
496,4312,weaker
3015,3789,incomparable
3058,2173,incomparable
2173,2948,stronger
1946,313,weaker
504,231,incomparable
2641,2824,equivalent
719,2105,incomparable
2668,2927,incomparable
2212,432,weaker
4364,4057,stronger
2334,1361,weaker
3970,2440,stronger
4025,2147,stronger
2098,1084,stronger
3001,2578,equivalent
1528,3183,stronger
4236,2559,stronger
3028,237,equivalent
4303,2091,incomparable
1154,4662,incomparable
2897,3918,incomparable
2620,2886,weaker
469,4559,incomparable
3344,2917,incomparable
30,1479,weaker
3810,2158,stronger
694,4677,weaker
3588,3277,incomparable
4011,3380,weaker
2464,1592,stronger
542,873,weaker
1030,3845,incomparable
288,3208,equivalent
1382,1264,weaker
102,1540,stronger
2789,2291,weaker
3436,412,incomparable
996,1228,weaker
2420,2424,stronger
3705,4212,stronger
3875,459,stronger
4360,2194,stronger
3204,254,equivalent
4386,1163,incomparable
2624,1665,weaker
3520,4432,incomparable
1058,3799,incomparable
1794,2147,equivalent
4063,3139,incomparable
3647,1763,incomparable
1706,48,weaker
3659,834,incomparable
811,135,stronger
3773,3565,stronger
3291,1347,stronger
2651,2707,incomparable
3881,3098,incomparable
627,3963,incomparable
2497,2240,incomparable
4159,4540,weaker
4111,3560,stronger
3770,3267,incomparable
3978,3216,stronger
2904,1840,weaker
3454,3970,equivalent
1074,895,weaker
425,2701,stronger
2133,3656,weaker
3165,834,weaker
2759,146,weaker
1800,972,weaker
1563,1059,weaker
1162,715,equivalent
179,955,incomparable
2625,331,weaker
3750,706,incomparable
128,1367,equivalent
2084,1670,incomparable
4061,3042,stronger
518,3804,weaker
4083,357,stronger
4634,3089,incomparable
4125,1522,stronger
3309,4346,incomparable
2815,613,equivalent
57,3594,incomparable
681,1701,weaker
1024,377,incomparable
2873,783,stronger
2102,2626,equivalent
4060,3756,incomparable
920,1717,equivalent
3366,4099,weaker
3091,3894,incomparable
3886,193,stronger
2265,1866,equivalent
4230,3,incomparable
1781,3739,weaker
3935,1775,stronger
3737,70,stronger
4067,1702,stronger
3279,158,incomparable
4528,599,stronger
1389,1414,equivalent
577,38,weaker
4620,3571,stronger
979,3236,equivalent
1228,2220,stronger
2095,1805,equivalent
3248,1784,weaker
820,2425,incomparable
2798,2487,weaker
1831,3452,weaker
3665,2072,incomparable
1115,4036,incomparable
2051,1506,incomparable
3957,4166,equivalent
489,3759,incomparable
2891,399,incomparable
2784,3720,weaker
1917,1691,weaker
2185,2637,equivalent
4632,548,stronger
4064,3474,weaker
2381,4269,incomparable
3444,3766,equivalent
348,3719,weaker
3166,1543,weaker
4355,1179,stronger
1817,1460,weaker
4009,542,stronger
23,926,incomparable
2519,2109,stronger
4606,1929,incomparable
1872,2298,stronger
2966,1108,equivalent
1481,198,incomparable
1971,2277,weaker
388,1024,incomparable
3783,1138,stronger
1544,4684,weaker
2705,2272,weaker
962,3016,stronger
2326,1687,weaker
1486,3925,incomparable
4609,133,stronger
989,1429,incomparable
4068,718,stronger
2758,2283,weaker
2984,2037,weaker
4665,415,incomparable
625,4535,incomparable
241,3606,weaker
960,2539,stronger
2140,369,incomparable
8,2092,stronger
2883,4614,incomparable
4153,1206,stronger
443,2020,stronger
3129,1637,weaker
1002,3704,weaker
371,454,incomparable
104,110,stronger
983,1210,equivalent
4536,2664,incomparable
3147,4660,incomparable
1418,1138,equivalent
1784,2427,stronger
927,1086,weaker
2546,2750,stronger
1359,1497,equivalent
4454,1319,stronger
2800,3798,weaker
2268,527,stronger
4202,4481,weaker
518,100,weaker
3331,990,stronger
2197,1815,equivalent
2064,1663,incomparable
2377,4634,weaker
4486,1207,incomparable
3276,4666,incomparable
1607,1195,equivalent
4329,3475,incomparable
1163,4187,weaker
2185,677,weaker
120,4376,incomparable
2453,4629,weaker
510,2087,incomparable
250,3668,incomparable
3426,4610,incomparable
915,3304,weaker
3532,3316,incomparable
4633,853,stronger
99,4438,incomparable
3246,478,equivalent
2573,1698,stronger
4013,1145,stronger
3626,4671,weaker
983,3438,weaker
1993,857,incomparable
3911,868,incomparable
666,1287,stronger
4002,986,stronger
170,4089,incomparable
4067,1381,stronger
3121,3223,equivalent
1892,24,weaker
2977,3444,incomparable
4440,2151,stronger
2698,4029,weaker
2524,2186,weaker
2799,139,stronger
4469,2300,incomparable
2702,2458,incomparable
3884,3367,incomparable
993,2032,equivalent
3608,1217,incomparable
2500,257,weaker
4680,268,incomparable
499,3217,equivalent
982,4125,weaker
2329,375,weaker
3623,2279,incomparable
3712,3260,incomparable
3581,4497,weaker
2483,4225,incomparable
3985,2106,stronger
3849,1279,incomparable
2524,2536,weaker
2689,4101,incomparable
1531,3778,incomparable
3847,2172,stronger
3504,3496,weaker
2360,2879,weaker
1100,2279,incomparable
519,4219,weaker
2437,4230,weaker
804,416,weaker
3101,1012,stronger
1802,3490,weaker
1635,344,incomparable
2084,2422,stronger
86,4337,incomparable
3665,3040,stronger
296,1703,equivalent
3326,1130,stronger
3467,3055,incomparable
2973,1766,stronger
3286,11,incomparable
552,1134,equivalent
462,4624,incomparable
1888,4173,incomparable
1594,3726,incomparable
3889,3687,weaker
3269,3979,incomparable
103,4691,incomparable
327,1955,stronger
2226,4168,weaker
2940,2757,incomparable
1765,575,weaker
4198,4442,weaker
385,2125,incomparable
4101,345,stronger
4185,1736,stronger
1599,1037,weaker
4214,222,incomparable
1962,2028,stronger
4011,2522,incomparable
1757,3316,weaker
296,2992,weaker
2046,975,stronger
2803,392,weaker
1834,530,stronger
337,549,incomparable
3790,833,incomparable
3736,3980,incomparable
598,324,incomparable
2678,3137,stronger
2461,4600,weaker
521,77,equivalent
3157,139,equivalent
2563,1844,weaker
3329,623,incomparable
500,3172,stronger
4416,4678,incomparable
2005,3014,equivalent
548,1900,weaker
618,3393,incomparable
2499,1859,incomparable
2481,499,stronger
1053,877,stronger
3243,2542,equivalent
1722,2167,incomparable
1961,463,weaker
445,4404,weaker
388,3870,weaker
4693,233,stronger
3060,3589,incomparable
3133,684,weaker
2776,3830,incomparable
1955,2146,weaker
1642,1649,equivalent
2588,4533,incomparable
1922,3918,incomparable
3566,3168,stronger
1595,2742,equivalent
3632,4165,weaker
3851,1085,incomparable
571,729,stronger
4559,4555,incomparable
2565,1516,weaker
3837,4570,incomparable
2285,2630,stronger
60,1156,stronger
3294,2830,stronger
1267,3815,incomparable
1428,4672,incomparable
3632,2071,incomparable
308,2197,stronger
213,1371,stronger
4678,3873,incomparable
46,2197,stronger
4058,4165,weaker
2974,4545,weaker
3041,3323,weaker
2244,2225,stronger
2182,1347,stronger
4491,1014,incomparable
1557,1295,weaker
516,2311,stronger
1359,1310,equivalent
1911,4267,weaker
2666,1167,incomparable
3194,2784,equivalent
3046,634,weaker
2714,2147,stronger
1803,1701,weaker
144,1392,equivalent
3294,4119,incomparable
3216,264,weaker
2433,3036,equivalent
1058,2486,weaker
201,1145,equivalent
4179,3529,incomparable
2467,176,incomparable
2538,2271,incomparable
1826,1311,stronger
1834,2892,incomparable
1085,3528,incomparable
1499,135,equivalent
2829,942,equivalent
4379,3001,stronger
4561,2483,incomparable
884,2491,weaker
4258,2482,incomparable
2821,2744,incomparable
1085,4467,incomparable
856,443,incomparable
1398,2712,weaker
775,3487,incomparable
636,2389,incomparable
749,2266,incomparable
1284,3364,weaker
4596,1723,stronger
2617,470,equivalent
1195,1040,weaker
4632,3073,stronger
3539,3145,incomparable
1072,448,incomparable
4537,1493,stronger
1727,1840,weaker
545,931,stronger
3924,1266,incomparable
4063,1610,stronger
1145,172,weaker
3956,3433,equivalent
1584,973,equivalent
4600,502,stronger
2974,2585,equivalent
4200,3012,stronger
3013,1759,weaker
1533,1193,equivalent
332,4206,stronger
3386,809,stronger
2908,4217,weaker
3964,291,stronger
2981,2975,stronger
4115,2150,stronger
2346,3925,weaker
596,4252,weaker
4039,3094,incomparable
4689,3176,incomparable
3581,2216,stronger
1411,3647,weaker
1339,1327,equivalent
2557,2647,weaker
442,3785,incomparable
180,1341,equivalent
1749,444,weaker
1227,2025,stronger
2440,2247,weaker
3488,712,stronger
2622,3981,weaker
2770,3879,incomparable
3554,3961,weaker
20,305,equivalent
3960,3151,stronger
443,1162,stronger
1520,557,equivalent
1420,2605,incomparable
3330,2755,incomparable
1690,214,weaker
2709,193,stronger
3848,466,incomparable
1428,968,incomparable
4073,584,stronger
2510,4679,weaker
2054,1430,incomparable
1455,347,incomparable
1470,2133,stronger
529,3565,weaker
1305,3786,weaker
1652,861,incomparable
2978,3212,equivalent
3381,1939,stronger
4652,4583,incomparable
1245,2954,stronger
1751,2560,equivalent
2236,4295,weaker
357,4212,equivalent
2955,3982,weaker
4354,2674,incomparable
71,3626,weaker
1962,2780,stronger
663,1286,incomparable
881,2677,weaker
2173,3192,stronger
332,3401,incomparable
3940,590,stronger
354,3160,stronger
3219,830,weaker
2201,4459,weaker
4524,4024,stronger
630,2277,incomparable
1759,1862,incomparable
141,3052,weaker
4439,1442,incomparable
1354,4028,weaker
4022,4537,weaker
2326,963,equivalent
1364,2272,weaker
464,295,stronger
4022,2093,incomparable
2654,1960,stronger
1420,861,incomparable
3925,4604,incomparable
1991,2370,weaker
3104,4640,weaker
1225,4557,incomparable
137,3283,weaker
827,1286,incomparable
1570,1559,equivalent
2747,2124,weaker
3134,318,weaker
2062,2021,stronger
544,2883,weaker
2261,918,stronger
3431,312,incomparable
4026,3905,incomparable
4592,344,stronger
2926,554,weaker
2375,1205,equivalent
2218,2719,equivalent
2686,2787,incomparable
3510,3988,stronger
623,4115,incomparable
1201,1877,weaker
2412,3716,weaker
239,3186,equivalent
939,1877,weaker
4063,3383,equivalent
1503,4659,weaker
4089,2352,stronger
2886,374,incomparable
1981,2217,weaker
453,671,stronger
3904,2572,stronger
1719,2971,stronger
998,2457,weaker
4553,766,stronger
1292,4624,weaker
719,1544,stronger
3704,1760,stronger
2861,317,incomparable
722,1061,weaker
2274,749,incomparable
3229,2433,equivalent
2766,1211,equivalent
3965,1535,stronger
4283,124,incomparable
2953,3289,weaker
3359,1725,stronger
1239,2519,incomparable
289,2899,weaker
824,25,incomparable
2615,1981,equivalent
39,1970,stronger
1453,4,stronger
4180,2628,incomparable
2810,1668,weaker
4551,4261,stronger
3770,4450,incomparable
315,1087,stronger
1261,3217,stronger
3594,3470,weaker
1087,3818,weaker
3337,4568,incomparable
2515,1750,weaker
1739,1529,equivalent
2986,3587,weaker
1513,1940,equivalent
713,1133,incomparable
4018,765,incomparable
2765,3588,incomparable
2294,1751,stronger
1232,1698,stronger
2192,3726,weaker
2156,1817,stronger
2173,1232,incomparable
3255,971,stronger
4621,4441,incomparable
426,3520,incomparable
297,666,weaker
4413,1294,stronger
118,923,stronger
3913,190,incomparable
4649,3456,incomparable
3739,791,incomparable
4315,1890,incomparable
1598,708,stronger
4265,83,stronger
1678,3855,incomparable
3588,4005,stronger
4431,1284,stronger
644,3598,incomparable
4078,3640,stronger
2335,220,stronger
3291,786,incomparable
4676,4498,incomparable
3279,3435,stronger
3972,4153,incomparable
1751,1889,equivalent
4311,1367,stronger
252,1273,weaker
653,2371,stronger
1255,4691,incomparable
945,3711,weaker
664,3469,weaker
289,2094,equivalent
3699,3994,incomparable
3296,4543,incomparable
2067,3788,incomparable
1181,1709,incomparable
465,3259,weaker
224,918,stronger
1449,2463,weaker
1352,2530,weaker
4678,787,stronger
3089,3661,incomparable
1816,944,stronger
2977,976,stronger
3992,2711,stronger
4336,1023,incomparable
810,3644,weaker
1388,3126,weaker
3433,4410,weaker
4316,556,incomparable
2250,4030,incomparable
1371,678,equivalent
3893,3836,stronger
3669,4128,incomparable
4247,1890,incomparable
1186,898,weaker
2963,3148,equivalent
271,2962,stronger
4352,371,incomparable
2604,771,equivalent
2974,304,equivalent
511,170,incomparable
592,1098,weaker
3644,284,stronger
1921,714,incomparable
1847,2485,incomparable
4116,3477,incomparable
726,509,equivalent
977,4292,incomparable
886,232,equivalent
4069,2907,stronger
3568,639,incomparable
2921,828,weaker
3659,757,incomparable
684,1037,incomparable
736,1227,weaker
212,1227,incomparable
4670,1784,incomparable
4668,957,stronger
1077,739,equivalent
4301,3415,stronger
2059,2526,stronger
4561,336,incomparable
2900,890,stronger
1482,1956,stronger
525,3609,weaker
2359,2229,stronger
31,4040,incomparable
3353,3841,stronger
137,2746,weaker
534,1628,equivalent
2707,4632,incomparable
3342,2928,incomparable
2294,2019,incomparable
2976,4268,weaker
729,3789,weaker
3836,3436,weaker
162,709,incomparable
1091,1926,equivalent
2033,2594,equivalent
75,2218,stronger
1453,4005,incomparable
307,1063,incomparable
3285,300,stronger
2139,3020,equivalent
3042,4514,weaker
1746,2537,stronger
2618,2466,weaker
1689,3723,weaker
952,3430,incomparable
3946,3200,stronger
319,3517,incomparable
2798,1121,equivalent
1368,864,incomparable
4604,2611,stronger
2214,3544,weaker
2477,2234,stronger
3074,238,incomparable
2535,1650,weaker
2900,85,stronger
1663,3441,incomparable
3605,4038,equivalent
2354,1080,equivalent
1256,808,stronger
2894,2522,incomparable
2290,3539,incomparable
681,119,equivalent
1405,4314,incomparable
3852,1471,incomparable
3931,2518,stronger
3411,8,incomparable
2251,2830,stronger
3046,3293,weaker
2218,2882,weaker
3576,75,incomparable
1007,1043,weaker
2383,2949,incomparable
881,2624,equivalent
373,3349,incomparable
4469,2544,stronger
2690,3631,incomparable
4655,2734,incomparable
3433,706,incomparable
274,3343,incomparable
2788,1722,weaker
1358,711,stronger
3829,1460,incomparable
957,367,weaker
1667,2220,stronger
2361,1096,weaker
3517,784,stronger
7,3938,weaker
122,3888,weaker
1096,2404,stronger
4389,2965,stronger
698,1577,weaker
4504,1225,incomparable
1570,1506,weaker
4426,3786,incomparable
2198,2795,weaker
3896,588,incomparable
3753,2000,incomparable
1155,2984,stronger
360,269,incomparable
4284,2390,stronger
2188,3770,weaker
4385,2442,incomparable
877,7,equivalent
2095,573,equivalent
3513,4233,stronger
3478,3458,weaker
424,1193,stronger
3853,891,stronger
1881,4027,incomparable
537,1070,incomparable
3818,4280,weaker
3632,892,stronger
1173,2220,equivalent
817,895,stronger
3227,3058,incomparable
3461,1010,stronger
3597,2591,stronger
4307,3690,incomparable
3708,887,incomparable
2743,2487,incomparable
2760,1902,weaker
4248,4049,stronger
1531,2867,incomparable
753,321,weaker
1637,1573,incomparable
1802,1640,weaker
4079,4213,incomparable
760,4683,weaker
1632,4612,incomparable
333,674,stronger
849,968,incomparable
4455,528,incomparable
1984,2785,equivalent
97,2087,weaker
415,4648,incomparable
2913,3248,stronger
604,1137,weaker
831,4334,incomparable
4568,4377,weaker
4576,1986,stronger
2038,2267,incomparable
1778,1404,equivalent
301,4519,weaker
2299,352,weaker
4432,1483,incomparable
125,4293,incomparable
1441,1230,incomparable
3454,2067,incomparable
3712,605,stronger
1255,316,incomparable
1924,3858,incomparable
1179,3704,weaker
2567,517,stronger
595,3653,weaker
1085,3288,incomparable
1463,4402,incomparable
3586,3125,stronger
3608,2884,incomparable
246,2718,stronger
2773,3776,weaker
4595,1073,incomparable
1276,1543,incomparable
4612,488,stronger
2184,3381,weaker
1821,3329,incomparable
1086,3109,stronger
2812,4670,incomparable
2017,989,weaker
3266,676,incomparable
1328,3396,incomparable
2885,3428,incomparable
1003,630,weaker
1207,2877,incomparable
3638,3665,weaker
921,2483,weaker
4059,3695,weaker
704,1502,incomparable
1418,845,weaker
1720,2873,weaker
199,2498,equivalent
1610,1015,equivalent
1264,378,incomparable
2351,4433,incomparable
2640,2284,weaker
923,85,equivalent
4458,4343,incomparable
2670,3624,incomparable
4119,2433,stronger
4599,3824,stronger
1111,2765,weaker
2183,1816,weaker
2704,764,equivalent
3502,744,incomparable
4200,2772,stronger
1390,3119,equivalent
1921,2755,incomparable
1515,2067,incomparable
178,3499,weaker
66,814,stronger
3803,857,incomparable
926,1672,incomparable
3708,3249,stronger
4579,324,incomparable
363,2498,stronger
4016,1904,incomparable
36,2103,weaker
2312,1822,equivalent
4256,3054,incomparable
2229,4039,weaker
2759,821,weaker
80,4095,weaker
2833,770,equivalent
3375,3039,stronger
3669,1042,incomparable
515,3269,weaker
3894,3604,incomparable
2327,4574,incomparable
561,1924,weaker
1078,1662,incomparable
3045,2346,equivalent
794,1903,equivalent
1367,3485,weaker
3609,4374,weaker
4541,4354,incomparable
2977,3151,stronger
255,1625,stronger
432,2453,incomparable
1710,3824,incomparable
2128,3583,incomparable
996,2037,weaker
1980,1241,weaker
3456,4317,incomparable
4132,3368,stronger
4248,3728,incomparable
3194,1284,equivalent
2728,4517,incomparable
1379,462,weaker
2368,10,incomparable
766,1925,weaker
2777,1935,equivalent
3139,2516,stronger
370,2864,incomparable
1091,934,weaker
3534,3045,stronger
1393,2962,equivalent
3466,3850,stronger
4376,853,incomparable
1375,3322,weaker
3336,3969,stronger
1385,2320,equivalent
2990,3332,incomparable
1514,1976,equivalent
4034,335,weaker
3220,3794,weaker
1792,200,equivalent
1508,441,weaker
656,1164,stronger
4637,1567,stronger
77,3177,equivalent
3055,3168,stronger
1940,1037,weaker
3225,3579,weaker
2932,4266,weaker
174,77,equivalent
2373,4302,incomparable
2326,4456,weaker
1557,2962,equivalent
270,539,stronger
2414,139,equivalent
1913,2597,stronger
2641,1084,equivalent
3611,4554,weaker
758,3511,weaker
1974,3250,equivalent
2794,1299,weaker
1866,1438,equivalent
4309,3549,incomparable
3055,1074,stronger
3275,3292,incomparable
2929,2655,weaker
3013,3292,weaker
2369,746,weaker
3205,1018,stronger
526,128,equivalent
1104,2054,incomparable
1033,3342,incomparable
776,4440,weaker
2878,4006,incomparable
839,1756,stronger
2570,3661,weaker
1644,463,incomparable
713,3337,incomparable
3958,474,incomparable
1019,411,weaker
3479,2691,incomparable
1459,2403,stronger
4561,4150,incomparable
2546,2486,incomparable
10,1150,incomparable
3110,2070,weaker
1661,817,incomparable
4185,638,incomparable
3519,777,stronger
3703,2584,incomparable
3734,4149,weaker
1468,1176,stronger
198,4584,weaker
2568,3184,weaker
4065,721,stronger
4132,2697,incomparable
1785,294,weaker
928,3117,stronger
3333,772,stronger
1083,22,stronger
422,2757,stronger
3462,1182,stronger
861,4524,incomparable
3237,2003,stronger
4164,4083,incomparable
4350,1055,incomparable
3636,1712,stronger
1974,3384,weaker
3651,2020,stronger
63,4517,incomparable
3967,536,stronger
128,216,weaker
40,4533,incomparable
3646,3339,weaker
427,2727,stronger
1478,3153,stronger
1442,1244,incomparable
4229,3165,stronger
4458,773,stronger
1170,556,weaker
4442,4212,stronger
3353,84,stronger
2568,4473,weaker
1763,1070,incomparable
3430,3714,weaker
4309,650,incomparable
930,1069,incomparable
1895,3441,incomparable
4209,3452,stronger
3101,2492,stronger
847,3286,incomparable
995,3184,weaker
3314,3539,equivalent
3596,2471,incomparable
2119,4088,incomparable
3172,2143,equivalent
4663,4561,stronger
3393,799,stronger
3508,3755,incomparable
886,1147,equivalent
2026,110,weaker
1680,3637,incomparable
2692,2445,incomparable
1947,1537,weaker
2459,3375,incomparable
2688,983,stronger
4510,532,incomparable
4166,722,stronger
4221,429,incomparable
1528,3805,incomparable
1017,849,weaker
1948,4391,weaker
4236,3181,stronger
58,1675,incomparable
1362,4267,weaker
1694,310,incomparable
4032,907,incomparable
634,1084,stronger
1790,772,stronger
981,4575,incomparable
4467,835,incomparable
398,53,incomparable
3434,3432,equivalent
1691,12,incomparable
1639,1542,stronger
3898,1846,incomparable
1962,475,stronger
1614,3175,equivalent
1080,3241,equivalent
1508,4442,weaker
2814,691,equivalent
787,1676,weaker
2762,2221,equivalent
3488,635,incomparable
776,3769,weaker
4150,3006,stronger
1975,4093,incomparable
3542,117,incomparable
2270,2698,stronger
451,2666,weaker
2540,4279,incomparable
3221,3674,weaker
143,69,equivalent
327,2630,stronger
1094,3297,weaker
2061,80,stronger
1909,2692,weaker
3452,574,stronger
255,2727,stronger
1146,2898,incomparable
3183,4321,weaker
581,2897,weaker
3568,1688,stronger
2434,2513,weaker
3826,4198,equivalent
4192,4521,incomparable
4137,2370,incomparable
4004,4470,weaker
3815,2319,incomparable
2640,137,equivalent
2772,1754,equivalent
3486,1097,stronger
4122,2247,incomparable
500,464,incomparable
35,2579,weaker
2158,1302,equivalent
2153,958,equivalent
4429,677,incomparable
3708,163,incomparable
1736,4053,weaker
762,3847,weaker
4542,4526,stronger
2959,2519,weaker
579,4140,incomparable
2492,3807,incomparable
188,2040,weaker
766,3966,weaker
1960,3946,weaker
4119,636,stronger
4621,1786,stronger
3662,2612,stronger
2155,1943,weaker
2184,429,weaker
824,2631,stronger
161,2287,stronger
3296,3982,stronger
3072,302,incomparable
1674,4464,incomparable
418,408,incomparable
4014,3444,stronger
681,3262,weaker
395,3622,stronger
2506,830,incomparable
1282,2139,equivalent
1270,624,incomparable
3882,292,stronger
776,4253,weaker
3897,3044,stronger
2424,3649,weaker
944,3837,weaker
2162,4403,incomparable
678,4095,weaker
413,414,incomparable
3491,1575,stronger
1108,3679,weaker
3945,1745,stronger
1874,4121,incomparable
1084,60,weaker
590,2935,equivalent
2608,4116,weaker
3907,2392,stronger
3534,898,incomparable
1529,676,weaker
918,522,weaker
2706,3870,incomparable
4263,2212,stronger
1422,2684,weaker
2917,2592,incomparable
4656,4358,incomparable
3805,3963,equivalent
4662,2860,incomparable
1064,3915,weaker
3863,1689,stronger
4474,3563,stronger
3672,2121,stronger
3567,4579,incomparable
845,3053,incomparable
3955,4661,incomparable
4549,704,incomparable
1615,985,weaker
4605,3265,incomparable
2805,3475,incomparable
3930,3850,stronger
410,92,stronger
439,830,incomparable
3603,3455,equivalent
473,4578,incomparable
896,4681,weaker
1603,2853,incomparable
849,4111,incomparable
3908,1058,incomparable
3540,662,stronger
809,3746,weaker
4474,1469,incomparable
1160,2283,weaker
2348,4138,weaker
1300,3983,weaker
4617,2686,incomparable
355,543,incomparable
2351,1965,stronger
1129,4101,incomparable
2667,3891,incomparable
236,851,weaker
17,1487,weaker
32,4239,weaker
4082,2527,stronger
2058,3783,incomparable
3240,4692,weaker
1275,139,stronger
2615,2388,equivalent
1899,2972,equivalent
4504,1469,incomparable
567,2304,weaker
1484,4450,incomparable
2203,3383,incomparable
1501,3865,weaker
4376,2223,stronger
413,1837,incomparable
2111,3794,incomparable
566,2833,stronger
1483,61,incomparable
2942,3722,weaker
552,683,equivalent
1288,3757,incomparable
2652,2428,stronger
2301,693,stronger
1193,487,weaker
1122,4219,incomparable
3816,3697,weaker
1791,1345,equivalent
2367,2444,weaker
4664,3040,stronger
2895,2563,stronger
777,20,equivalent
3392,3369,stronger
4629,3985,stronger
119,1740,weaker
895,1961,stronger
2958,4605,incomparable
626,3234,stronger
275,2253,weaker
2331,3918,incomparable
2317,4020,weaker
913,4230,weaker
4108,2004,stronger
2563,1043,weaker
1682,3280,incomparable
1009,4692,incomparable
3466,2537,stronger
3640,4410,weaker
3793,680,incomparable
33,3659,weaker
995,98,equivalent
1772,3173,stronger
2126,4425,incomparable
1734,2881,incomparable
3711,89,stronger
1071,93,stronger
3274,2717,stronger
1538,2188,equivalent
1178,1653,weaker
127,1981,stronger
445,570,stronger
3898,854,incomparable
885,842,weaker
3409,1629,incomparable
4670,3585,stronger
945,2613,weaker
4358,1778,stronger
1548,4569,weaker
51,1582,stronger
1935,2763,equivalent
3557,3944,weaker
2117,4497,weaker
4204,1311,stronger
1057,4517,weaker
3784,725,incomparable
306,3794,weaker
3064,1567,stronger
180,1211,equivalent
1224,4630,incomparable
1250,3599,incomparable
4629,3180,incomparable
813,2844,equivalent
4615,3282,incomparable
3882,2199,incomparable
4080,494,stronger
3894,1270,incomparable
1232,2239,incomparable
1657,1479,incomparable
4312,1029,incomparable
4377,2178,incomparable
270,1104,incomparable
2863,530,stronger
3642,2712,incomparable
3169,48,weaker
2367,2578,equivalent
3056,3554,incomparable
3357,284,stronger
1223,1372,stronger
3587,3190,stronger
1287,633,weaker
4022,3118,incomparable
4409,1312,incomparable
2520,541,weaker
2069,4052,incomparable
3707,1794,stronger
4665,3749,incomparable
73,940,stronger
1086,4292,incomparable
4689,1891,stronger
4429,2718,stronger
4324,1204,stronger
260,766,stronger
3426,3272,incomparable
2404,366,weaker
604,576,equivalent
963,3892,weaker
1102,4236,weaker
3380,2338,incomparable
1809,156,weaker
3655,4263,weaker
3314,3970,stronger
3007,3261,incomparable
1622,3713,weaker
3341,2383,incomparable
658,4195,incomparable
541,412,incomparable
3041,3811,weaker
4462,3016,stronger
2607,1075,weaker
3014,4617,weaker
4055,4355,incomparable
3532,3267,incomparable
2372,2117,stronger
2050,2066,incomparable
4154,3021,stronger
761,536,stronger
1996,3523,incomparable
1867,669,incomparable
881,1392,equivalent
3327,1522,stronger
2981,4268,incomparable
2138,2825,equivalent
619,79,stronger
1057,1968,stronger
3776,1533,stronger
3029,2996,stronger
577,3051,weaker
4560,1615,stronger
2294,332,incomparable
2053,1963,stronger
1411,2496,weaker
4625,512,stronger
3337,116,stronger
622,3733,incomparable
2614,3693,weaker
2542,1373,equivalent
3450,3965,weaker
3123,2816,weaker
3273,131,stronger
1000,4093,weaker
3406,3104,stronger
426,3040,stronger
2370,2020,stronger
1568,578,equivalent
429,305,stronger
2249,3191,stronger
4503,3151,stronger
2648,3462,weaker
4131,1293,stronger
2949,384,incomparable
1230,1522,stronger
2004,3360,incomparable
423,490,stronger
3403,362,weaker
2909,3237,stronger
2233,968,weaker
2421,1204,equivalent
1079,3046,equivalent
2930,3525,weaker
103,3703,incomparable
1303,1219,stronger
3278,1764,stronger
3424,4033,equivalent
2306,2385,incomparable
3436,3104,stronger
1079,13,weaker
1559,650,weaker
2842,2365,equivalent
2140,2093,weaker
1248,2451,incomparable
207,2713,stronger
4302,2464,incomparable
1053,4427,incomparable
4329,877,stronger
3119,4336,weaker
3897,2186,incomparable
836,1194,stronger
72,44,incomparable
1259,2051,incomparable
1362,2738,equivalent
1576,4387,weaker
2233,3196,equivalent
118,2082,incomparable
2406,3124,stronger
1288,1476,incomparable
2805,389,incomparable
24,1666,equivalent
696,783,equivalent
942,4222,weaker
541,3124,stronger
3792,4213,weaker
597,23,weaker
1892,809,equivalent
1563,3751,weaker
3328,2766,stronger
2952,3418,weaker
3463,4122,stronger
4419,2998,incomparable
1924,3915,incomparable
1356,425,weaker
2189,1180,weaker
4157,2998,incomparable
4274,3583,incomparable
2018,1298,equivalent
304,2780,equivalent
1453,3741,incomparable
4519,3387,stronger
2745,2566,equivalent
4087,1478,incomparable
2461,2807,stronger
3889,739,stronger
3720,3936,equivalent
1915,3048,equivalent
3911,498,stronger
3171,4660,incomparable
3853,493,stronger
2337,4434,incomparable
3268,1560,incomparable
969,137,equivalent
4009,1006,stronger
924,2838,equivalent
3276,3141,stronger
1397,3058,weaker
4043,3808,equivalent
4122,4101,incomparable
1476,3351,incomparable
2584,4311,incomparable
3972,1124,stronger
3786,1900,incomparable
3891,4168,incomparable
1952,836,weaker
262,3658,incomparable
2671,523,stronger
1028,2437,stronger
64,2919,weaker
2901,985,weaker
4105,1653,incomparable
738,1143,equivalent
2842,3788,weaker
2743,3028,stronger
2084,4146,incomparable
4436,4641,incomparable
2811,1442,weaker
3103,2782,incomparable
4504,611,stronger
983,1324,equivalent
4691,437,incomparable
1535,1837,incomparable
2306,1714,stronger
2708,940,equivalent
2121,3624,weaker
2315,2177,equivalent
1885,903,stronger
625,2555,stronger
2385,1226,incomparable
1249,4634,incomparable
4360,1771,stronger
141,3674,weaker
1287,2674,weaker
650,3551,incomparable
4313,3645,stronger
4320,2372,incomparable
3466,740,incomparable
3566,2664,incomparable
1761,1776,incomparable
4089,1685,incomparable
2776,293,stronger
935,502,equivalent
597,3890,weaker
404,4249,equivalent
2560,2920,equivalent
2035,4230,incomparable
2026,4676,weaker
4650,3415,stronger
2747,2746,weaker
3382,1042,incomparable
3559,2624,stronger
1234,3952,incomparable
2999,2967,equivalent
592,4485,weaker
2703,1885,weaker
2887,4446,incomparable
2202,4343,weaker
435,4501,incomparable
4308,1207,incomparable
116,3967,weaker
159,4603,incomparable
472,2848,weaker
2239,2690,incomparable
332,2279,incomparable
41,3793,equivalent
2720,2239,incomparable
1228,2602,incomparable
526,3084,weaker
1080,4424,weaker
3635,3558,weaker
2339,827,weaker
3447,3507,weaker
2917,1063,incomparable
1462,3937,incomparable
3433,576,stronger
3686,2742,stronger
4486,3549,incomparable
714,2731,stronger
632,477,incomparable
3546,453,incomparable
2060,853,stronger
2600,2295,equivalent
3514,6,stronger
3224,4374,weaker
1,2300,stronger
2834,2876,weaker
408,180,stronger
883,1227,incomparable
3820,463,incomparable
1533,4527,weaker
3250,310,weaker
581,108,weaker
3952,582,stronger
189,3290,weaker
1338,4251,weaker
182,4563,incomparable
4055,1269,incomparable
2014,104,weaker
1233,293,stronger
4200,3313,incomparable
1342,2680,weaker
1087,1407,equivalent
1209,2336,equivalent
1737,735,weaker
2108,3122,weaker
3455,4098,weaker
2560,2465,weaker
3527,3220,stronger
903,2229,equivalent
4036,3097,incomparable
1838,2480,incomparable
1069,986,stronger
1439,519,stronger
88,2053,weaker
2037,1377,stronger
1882,2028,stronger
2367,3009,equivalent
400,827,incomparable
1852,3317,incomparable
948,3850,weaker
2620,4586,weaker
2252,4190,incomparable
2059,2075,equivalent
3950,1983,incomparable
1775,2316,weaker
3867,4200,incomparable
1577,2331,incomparable
1097,940,equivalent
314,4466,incomparable
4037,3857,weaker
200,2644,weaker
783,3224,equivalent
2854,3477,incomparable
3296,4576,incomparable
1706,1398,equivalent
3731,3750,stronger
1448,2860,incomparable
2179,1618,weaker
210,2773,stronger
562,4164,incomparable
3405,1486,incomparable
526,1474,weaker
3996,1173,stronger
352,2075,incomparable
4288,2513,incomparable
3455,4232,equivalent
2173,1399,stronger
2350,2789,weaker
2076,3718,incomparable
3167,3011,stronger
2114,1758,equivalent
2692,274,incomparable
3533,890,stronger
2151,859,weaker
513,3871,incomparable
3238,2662,weaker
3520,1594,incomparable
4084,3622,stronger
4688,353,stronger
2981,1316,incomparable
68,222,incomparable
3949,953,stronger
329,2249,incomparable
2906,1142,equivalent
4327,347,stronger
2417,1917,equivalent
3106,2893,incomparable
107,335,incomparable
308,2311,stronger
2250,2908,stronger
4688,4675,weaker
1457,828,incomparable
2174,3852,weaker
2081,1409,stronger
3433,4227,equivalent
1814,1065,weaker
4670,3345,incomparable
3035,1148,equivalent
4632,3053,incomparable
334,499,stronger
1901,3693,weaker
4277,610,stronger
1985,4330,weaker
3738,1830,stronger
899,3883,weaker
4071,3925,incomparable
3646,2241,incomparable
3030,4187,weaker
3023,3016,equivalent
2770,2570,stronger
3287,3062,incomparable
3366,3355,weaker
1652,2585,stronger
654,4237,incomparable
3553,3181,stronger
3097,686,incomparable
2928,3129,stronger
4523,4207,stronger
786,1912,incomparable
4452,1523,incomparable
3746,4515,weaker
1277,429,weaker
4114,2467,incomparable
24,808,stronger
1686,3108,weaker
3018,578,equivalent
2702,4479,incomparable
2531,4597,incomparable
567,2898,weaker
2119,3340,incomparable
2168,758,equivalent
2342,2631,equivalent
2722,2098,incomparable
1846,4679,incomparable
3620,3248,stronger
3443,168,incomparable
3083,3797,incomparable
3327,2437,stronger
4667,3932,incomparable
123,413,weaker
2478,425,incomparable
3255,3500,incomparable
3009,61,weaker
1849,3637,incomparable
2685,3909,incomparable
3497,3033,stronger
1322,4120,incomparable
4166,913,stronger
721,4654,weaker
3388,4029,stronger
3598,1395,incomparable
4260,548,stronger
473,2862,incomparable
2895,1652,incomparable
2005,363,weaker
3977,1391,incomparable
1998,4110,weaker
1277,3596,weaker
16,2394,stronger
4489,785,stronger
2261,548,stronger
1132,963,equivalent
4298,1971,stronger
4425,3244,stronger
2340,841,incomparable
2212,1595,stronger
1790,4346,incomparable
214,1066,stronger
3837,4013,incomparable
3379,3135,stronger
1349,439,weaker
935,799,equivalent
3546,2494,incomparable
3911,929,stronger
493,3083,weaker
1264,2960,incomparable
4215,2094,stronger
796,640,incomparable
1690,328,weaker
3739,1576,stronger
416,4556,incomparable
3074,4377,incomparable
703,1580,stronger
3891,4599,incomparable
2709,3690,incomparable
4572,796,incomparable
4641,401,stronger
3538,539,stronger
1712,1780,weaker
392,2627,stronger
1703,3946,weaker
271,2108,stronger
887,4326,incomparable
1417,1108,equivalent
646,1985,stronger
3614,534,stronger
978,4444,incomparable
3887,4076,incomparable
2421,3408,weaker
1788,3495,weaker
2445,1550,stronger
1686,1498,weaker
1782,1206,equivalent
2854,257,weaker
4007,236,stronger
2322,2648,incomparable
3060,133,stronger
792,4439,weaker
2420,1493,stronger
764,3145,weaker
1302,1508,equivalent
612,307,weaker
1114,1457,weaker
2738,3465,weaker
1047,235,stronger
2647,1657,incomparable
644,3228,stronger
3997,4594,incomparable
3085,4512,incomparable
513,301,stronger
891,3105,weaker
2656,2120,stronger
2742,1894,weaker
844,815,stronger
4421,3609,stronger
2881,2238,incomparable
4617,4487,incomparable
211,902,stronger
403,1072,stronger
2412,447,weaker
2324,2320,equivalent
1090,1221,stronger
4077,12,stronger
947,3387,incomparable
2850,1612,stronger
1129,2869,incomparable
3587,3568,stronger
4318,2326,stronger
1648,990,stronger
3036,4219,weaker
629,1765,stronger
556,4670,incomparable
458,1129,stronger
4450,1,weaker
3307,4682,incomparable
368,4619,incomparable
415,4465,incomparable
3419,951,incomparable
483,2879,incomparable
3071,1961,stronger
4676,2973,incomparable
3251,3060,weaker
2502,498,equivalent
4382,1937,incomparable
1286,4142,incomparable
1868,1114,stronger
756,944,equivalent
1293,2869,incomparable
1952,1751,equivalent
632,3352,incomparable
3512,2054,incomparable
983,1889,equivalent
1811,580,stronger
2416,165,weaker
3918,4462,incomparable
843,3572,incomparable
1414,4327,weaker
1885,3912,incomparable
3745,3753,stronger
775,2125,incomparable
2856,1376,stronger
1137,2706,incomparable
311,678,stronger
1641,4491,incomparable
4008,3574,weaker
3208,515,equivalent
2122,2320,equivalent
4123,1834,incomparable
2149,4143,weaker
1117,549,incomparable
4022,2691,incomparable
4163,4616,weaker
3492,3657,stronger
2451,509,stronger
66,1786,stronger
4679,2466,incomparable
1220,647,weaker
4427,3908,incomparable
3868,3944,stronger
2339,453,weaker
1651,833,incomparable
3659,1326,stronger
1594,4271,incomparable
1327,3927,weaker
4448,1752,stronger
21,1262,weaker
4193,479,incomparable
1373,2582,equivalent
1094,3167,weaker
3159,222,incomparable
4380,305,stronger
3831,1029,incomparable
1112,3184,stronger
472,380,weaker
1912,3799,incomparable
188,621,weaker
2270,3507,incomparable
2934,3487,weaker
1688,2593,equivalent
1424,4210,weaker
941,858,weaker
2750,1865,weaker
3042,3205,weaker
2233,1346,equivalent
137,2726,equivalent
4657,963,stronger
1088,2948,stronger
1291,1587,incomparable
3691,618,incomparable
2789,1978,stronger
1297,843,weaker
1128,3286,weaker
1152,1428,incomparable
3311,4534,incomparable
880,740,incomparable
3323,3605,stronger
2120,1819,equivalent
3727,1968,stronger
1603,1300,stronger
3986,916,incomparable
3096,3791,incomparable
2481,1983,incomparable
4389,1306,stronger
853,987,stronger
2869,3785,incomparable
1582,1362,equivalent
1580,2255,weaker
2409,3800,weaker
4489,1887,incomparable
1679,2234,stronger
1295,1305,stronger
1744,377,weaker
2262,2060,incomparable
1522,2250,weaker
4469,2174,stronger
2526,3796,weaker
4042,4581,weaker
3987,1676,incomparable
4393,3118,incomparable
1903,2127,weaker
93,1649,weaker
2656,644,stronger
3931,2498,stronger
1441,3759,incomparable
1548,438,weaker
1727,1901,equivalent
1183,2969,equivalent
1902,2656,incomparable
1998,3118,weaker
4551,671,stronger
1514,4237,weaker
640,1229,incomparable
688,2209,equivalent
2178,1773,stronger
3939,1046,incomparable
334,930,incomparable
1896,1306,equivalent
3158,1420,weaker
3166,2035,weaker
2400,4222,weaker
2059,3929,incomparable
4198,933,stronger
3568,2981,incomparable
2608,953,equivalent
3580,2052,incomparable
397,2383,incomparable
2303,4289,incomparable
834,2384,stronger
1496,3257,incomparable
1539,3893,weaker
708,1521,weaker
1484,1742,incomparable
3085,1292,stronger
4045,4074,incomparable
428,2635,stronger
230,176,weaker
3590,4433,weaker
1,4288,stronger
1820,3539,weaker
939,1804,equivalent
634,1922,incomparable
3939,3274,incomparable
615,3400,incomparable
1518,922,stronger
2774,1780,incomparable
117,649,incomparable
1731,1969,stronger
1170,3622,weaker
2770,4290,incomparable
719,1471,incomparable
2615,969,equivalent
1598,2379,stronger
1209,352,weaker
4566,928,incomparable
701,4083,weaker
3100,260,incomparable
4232,1806,incomparable
2151,1774,weaker
4331,1785,stronger
2662,2478,incomparable
441,2466,weaker
3202,3920,weaker
1896,501,weaker
249,1707,weaker
815,2118,equivalent
3540,3915,incomparable
3067,1251,incomparable
3557,3330,weaker
3120,2575,incomparable
1456,4366,incomparable
2187,2370,weaker
1461,2266,incomparable
2856,250,incomparable
3995,4495,weaker
3183,2365,equivalent
2350,1610,equivalent
3677,4563,incomparable
4663,2150,stronger
4377,4008,stronger
461,4222,incomparable
191,197,equivalent
1925,4063,incomparable
1240,3206,stronger
3291,363,incomparable
3293,1190,stronger
3327,774,incomparable
1389,296,equivalent
3913,117,incomparable
1576,122,equivalent
1020,2873,incomparable
1989,291,equivalent
3439,4398,weaker
3255,1837,incomparable
2226,4176,weaker
517,3750,weaker
4174,3275,weaker
79,3524,weaker
89,270,weaker
4227,657,incomparable
1341,1918,equivalent
3316,1638,incomparable
49,3123,stronger
477,1318,incomparable
910,419,incomparable
2613,2720,equivalent
2360,4526,weaker
2006,4028,weaker
3896,1991,stronger
4527,2797,stronger
3789,1370,incomparable
776,1358,weaker
1875,512,stronger
1309,1821,weaker
58,4525,incomparable
3186,1077,equivalent
803,3181,equivalent
2785,733,equivalent
1720,409,weaker
2200,4244,weaker
2155,337,weaker
2025,456,weaker
547,717,equivalent
4021,1878,incomparable
2302,764,equivalent
1333,3346,weaker
3511,1776,incomparable
3785,847,incomparable
2814,2602,weaker
4483,3629,stronger
4326,1171,incomparable
4166,3922,weaker
515,2899,weaker
1019,712,equivalent
2481,3890,incomparable
1435,4562,incomparable
3336,4404,incomparable
218,4598,incomparable
94,2842,stronger
3445,375,weaker
2153,1580,equivalent
3154,4363,weaker
1141,1082,weaker
1521,549,incomparable
63,496,stronger
1092,2129,stronger
3059,3722,incomparable
2252,246,incomparable
2594,3393,weaker
2334,56,weaker
1429,1899,stronger
2057,1468,incomparable
570,4649,weaker
4346,3866,incomparable
1251,846,incomparable
1994,1119,weaker
4067,4451,incomparable
1758,2340,weaker
1531,3115,incomparable
2853,3095,incomparable
3557,2659,incomparable
1315,1770,stronger
2051,872,incomparable
3603,560,stronger
3522,3604,stronger
1180,1545,stronger
4518,1125,incomparable
877,1544,equivalent
2112,2279,weaker
916,3192,stronger
2614,985,weaker
4639,3337,incomparable
1853,3516,incomparable
318,3243,stronger
3731,4128,weaker
4087,3763,stronger
164,4496,incomparable
2432,190,weaker
3035,1392,equivalent
2763,1458,weaker
3026,4312,weaker
2615,2526,equivalent
3726,751,stronger
3628,216,incomparable
687,3490,weaker
3257,1212,incomparable
2913,1402,stronger
2629,1643,weaker
1237,924,stronger
4251,2824,stronger
767,975,equivalent
3671,4235,stronger
2224,3809,weaker
2759,935,equivalent
3177,694,weaker
2174,2002,equivalent
2062,1761,incomparable
140,4260,weaker
971,4188,weaker
1525,1556,stronger
1862,195,stronger
4391,4524,incomparable
2906,3614,weaker
46,3844,equivalent
2038,3804,incomparable
4077,3610,stronger
3742,853,stronger
2133,2351,weaker
839,4419,incomparable
780,806,weaker
4116,505,stronger
1805,1731,weaker
60,1648,weaker
3699,1156,stronger
206,1473,incomparable
2809,1587,weaker
3012,4390,weaker
3258,659,stronger
2304,2583,stronger
2474,2240,incomparable
50,179,incomparable
4413,3128,incomparable
3164,997,equivalent
2830,1875,weaker
2262,2357,stronger
4466,510,incomparable
2564,4385,weaker
3552,2799,stronger
964,1273,incomparable
3708,2558,incomparable
869,4419,incomparable
2595,2008,equivalent
2462,4108,incomparable
1853,617,incomparable
1872,859,stronger
2980,1819,equivalent
1720,3471,weaker
2684,2989,stronger
17,1170,equivalent
3030,1182,equivalent
811,1408,stronger
413,4553,incomparable
3785,1465,incomparable
1694,3189,stronger
1986,4529,weaker
718,2156,weaker
4534,2492,incomparable
3627,3508,weaker
1084,227,equivalent
838,760,stronger
2188,3697,weaker
2257,3302,incomparable
4666,167,incomparable
2668,4334,incomparable
3831,2749,incomparable
128,2290,weaker
2363,2008,equivalent
509,2921,equivalent
2969,4447,weaker
3998,2862,incomparable
4227,470,stronger
1935,4190,weaker
2544,1265,weaker
1057,1972,stronger
262,11,incomparable
962,2866,incomparable
4095,3734,incomparable
1524,4067,weaker
4325,4196,incomparable
3437,1290,stronger
2994,3164,stronger
1275,2050,weaker
2407,1152,weaker
1297,119,equivalent
3012,1491,weaker
2860,3349,incomparable
3825,59,incomparable
4300,352,stronger
3259,1368,incomparable
2209,2830,equivalent
2622,2245,weaker
2950,3242,weaker
937,715,equivalent
3657,1414,stronger
2549,454,weaker
1931,1573,incomparable
3352,778,incomparable
1055,4154,incomparable
2053,3256,incomparable
3711,4094,incomparable
526,4564,weaker
3602,2646,incomparable
3020,3422,weaker
3510,3057,stronger
3267,3299,incomparable
674,2183,equivalent
462,3990,incomparable
2950,1148,equivalent
863,4334,incomparable
1833,1388,stronger
1107,530,equivalent
4689,3668,incomparable
3846,2225,stronger
673,1958,weaker
1065,3502,incomparable
4368,55,incomparable
2317,454,weaker
3984,3098,incomparable
3447,2893,incomparable
1733,1157,equivalent
3268,1430,incomparable
112,2830,stronger
2911,4576,weaker
1681,2687,incomparable
1498,2980,stronger
3253,1307,stronger
4134,3042,stronger
4650,4090,incomparable
1589,3098,weaker
3814,1374,incomparable
2390,4315,weaker
1772,2990,incomparable
3826,3828,weaker
2088,1506,incomparable
3170,491,weaker
1745,4550,weaker
1098,767,stronger
2058,2795,incomparable
4176,1174,stronger
2197,3893,weaker
2572,3016,equivalent
2204,1866,weaker
3582,435,incomparable
299,562,weaker
3676,4234,incomparable
4187,774,stronger
702,952,weaker
1571,1364,stronger
2744,2719,stronger
3310,3130,incomparable
1624,998,equivalent
3320,2128,incomparable
3734,425,incomparable
2127,2750,stronger
1332,2287,incomparable
929,2836,weaker
4604,2001,stronger
846,1081,stronger
4268,2052,incomparable
197,4607,weaker
4171,2119,stronger
755,2656,weaker
2608,1518,weaker
4628,3526,incomparable
4349,4111,incomparable
1,3914,stronger
2874,1637,incomparable
121,798,equivalent
2650,2683,incomparable
136,3550,weaker
3040,394,weaker
4101,3228,stronger
400,3596,equivalent
1152,2477,incomparable
3386,2724,incomparable
894,3350,weaker
2327,3346,incomparable
4684,775,incomparable
3703,1088,incomparable
1958,1759,stronger
2075,2344,stronger
3405,3905,weaker
2608,2807,equivalent
2405,4,weaker
77,1815,equivalent
3100,3269,incomparable
727,1897,incomparable
1713,2894,incomparable
942,3771,weaker
4285,3695,incomparable
2769,1220,equivalent
4116,4640,incomparable
3407,3197,incomparable
3847,1217,incomparable
2723,286,weaker
80,3217,equivalent
3893,3844,stronger
3101,3090,equivalent
3015,1626,stronger
1165,29,weaker
124,291,stronger
2211,1077,equivalent
3742,2894,incomparable
4112,1673,incomparable
1479,2848,incomparable
1601,4531,weaker
4450,1668,incomparable
3195,3664,incomparable
1748,3238,equivalent
2329,4681,weaker
2205,2925,weaker
2570,1360,equivalent
4559,4055,incomparable
1828,723,weaker
1069,3889,incomparable
2979,4039,incomparable
4395,2900,incomparable
2328,2766,stronger
3348,873,incomparable
3797,699,stronger
3487,1971,stronger
853,292,stronger
1978,667,weaker
1276,1149,stronger
727,4125,incomparable
2506,3038,stronger
2234,2350,equivalent
3786,2038,incomparable
4209,2895,incomparable
3966,3137,stronger
2600,4393,weaker
4554,4061,stronger
2040,2484,incomparable
1197,1041,weaker
3831,468,stronger
1551,4013,weaker
1382,40,weaker
1641,2186,incomparable
3945,1509,stronger
3315,3557,stronger
517,4665,weaker
3179,3696,weaker
4180,2315,stronger
4677,3121,stronger
3549,4138,incomparable
1796,30,equivalent
1484,3141,stronger
1007,1267,weaker
3462,3203,stronger
1318,2849,incomparable
4460,2490,incomparable
117,2637,stronger
3613,1305,stronger
3957,1869,incomparable
2231,2028,equivalent
1938,2715,equivalent
1506,806,stronger
4104,576,stronger
3037,3589,weaker
4317,1623,incomparable
3,256,incomparable
519,1304,weaker
4158,58,incomparable
3382,591,stronger
4316,1398,stronger
154,425,incomparable
2150,4291,weaker
2578,42,weaker
3020,1141,weaker
738,3859,weaker
2618,2824,stronger
30,3772,weaker
2127,1274,incomparable
1807,1858,weaker
1953,4127,incomparable
2013,4178,weaker
2054,1735,stronger
1376,2803,equivalent
438,4506,weaker
2530,1664,incomparable
1255,2284,incomparable
1344,3265,incomparable
439,944,stronger
2832,2002,equivalent
1132,3382,weaker
3946,1464,incomparable
3705,89,stronger
766,26,weaker
1246,1417,stronger
160,970,stronger
3377,2475,incomparable
1040,760,stronger
770,899,equivalent
940,3562,weaker
1451,4266,incomparable
2683,566,incomparable
3932,253,stronger
14,2084,incomparable
3610,202,stronger
3054,2199,incomparable
3756,2471,incomparable
4438,2276,incomparable
195,3593,weaker
126,1736,equivalent
3813,2224,stronger
2569,4601,weaker
3706,1603,incomparable
3551,3944,weaker
906,4328,incomparable
3184,2430,weaker
1656,884,stronger
2469,3616,incomparable
1268,2465,weaker
7,1263,weaker
989,3804,incomparable
2152,2219,stronger
2033,53,weaker
192,262,weaker
4521,1937,incomparable
1508,1925,weaker
2683,1855,incomparable
3223,3297,weaker
909,842,incomparable
2557,992,equivalent
2911,1490,equivalent
3601,3657,stronger
476,960,incomparable
1026,838,incomparable
1797,715,stronger
2399,3035,stronger
1714,2932,equivalent
4348,2359,stronger
2808,1742,incomparable
122,3091,weaker
2114,3051,weaker
959,2999,equivalent
401,4169,equivalent
4536,2595,stronger
487,3943,weaker
3090,4057,incomparable
4085,444,incomparable
4451,13,incomparable
3995,3934,weaker
2756,2491,weaker
180,2480,weaker
1957,2286,weaker
3705,3606,stronger
162,396,incomparable
3560,973,stronger
3503,439,incomparable
564,4348,weaker
4296,4047,stronger
3329,4258,incomparable
3551,3139,incomparable
4497,2051,incomparable
2501,4601,weaker
4225,1363,stronger
1525,1316,incomparable
3510,2549,stronger
4124,3940,incomparable
3926,2235,stronger
2823,1619,equivalent
2880,2153,stronger
2613,1809,stronger
1656,3462,incomparable
1929,4560,incomparable
2753,3509,incomparable
4692,4397,incomparable
2441,2456,stronger
1150,1789,stronger
1974,2990,weaker
3276,2503,incomparable
2147,2918,equivalent
623,582,stronger
4093,2533,incomparable
4468,1656,incomparable
1443,4293,incomparable
137,1628,equivalent
2728,419,weaker
1420,2589,stronger
1336,1952,stronger
2977,3375,weaker
2815,4545,weaker
1571,506,incomparable
2885,3786,incomparable
3890,861,incomparable
767,2963,equivalent
445,2912,incomparable
3629,2025,stronger
2003,136,equivalent
1811,3349,weaker
1723,496,equivalent
2179,1301,weaker
446,2733,incomparable
2132,3175,stronger
148,824,weaker
3214,2914,stronger
1796,3226,equivalent
2028,4515,weaker
2200,1589,equivalent
130,4190,incomparable
770,4550,weaker
25,232,stronger
4049,2961,stronger
787,3965,weaker
1695,141,stronger
2044,2015,stronger
4158,2904,stronger
175,176,weaker
338,1860,incomparable
2535,532,weaker
1377,4181,weaker
2963,3453,weaker
3284,3279,incomparable
1467,4074,incomparable
3378,2914,stronger
1650,3000,stronger
3739,4613,incomparable
1562,147,equivalent
1753,1435,weaker
249,475,equivalent
1605,3257,weaker
4039,3562,weaker
2184,3873,weaker
269,1881,incomparable
2628,3355,incomparable
2409,19,weaker
3670,1221,stronger
1228,1964,incomparable
874,1466,weaker
2763,2991,equivalent
4402,2833,stronger
2449,4521,incomparable
1556,1271,incomparable
1255,2097,incomparable
3300,1129,stronger
1003,4505,weaker
4229,3844,stronger
4306,4064,stronger
3561,3156,stronger
2886,3741,incomparable
221,2749,stronger
482,80,equivalent
3844,1000,stronger
3021,2653,weaker
2267,2945,stronger
722,1984,equivalent
2050,4408,incomparable
365,2878,incomparable
4501,2438,stronger
4642,4363,incomparable
4580,3485,incomparable
1309,2683,weaker
4552,1437,incomparable
125,947,incomparable
2399,4003,incomparable
1860,2971,stronger
2419,4655,weaker
4203,3912,weaker
3315,1760,stronger
4576,2962,stronger
240,1836,weaker
3483,590,stronger
1544,4428,weaker
574,958,equivalent
1150,2057,incomparable
950,3689,weaker
3610,4337,weaker
2674,451,stronger
2436,1037,weaker
2164,1103,stronger
450,2585,stronger
61,1312,incomparable
3304,4230,incomparable
766,4511,weaker
1733,4300,weaker
799,487,weaker
3493,4691,incomparable
4668,457,incomparable
3795,303,stronger
4058,3157,stronger
3770,246,incomparable
2455,1437,weaker
2319,2330,incomparable
2737,2843,stronger
1933,574,equivalent
2461,693,stronger
1535,1467,incomparable
160,917,incomparable
636,92,stronger
613,3114,equivalent
1473,3972,incomparable
1005,1652,weaker
604,1308,equivalent
2309,4244,weaker
4463,2280,incomparable
2875,683,stronger
377,2083,incomparable
2066,4486,incomparable
2761,3587,incomparable
810,1184,weaker
89,1616,equivalent
1307,1990,stronger
1778,1575,equivalent
2311,2038,weaker
2015,3208,equivalent
3813,2171,stronger
129,1200,equivalent
3066,4600,incomparable
722,2468,weaker
4156,258,incomparable
3096,278,stronger
859,487,incomparable
1468,1534,stronger
3689,792,stronger
232,3772,weaker
3386,1545,stronger
1211,1878,weaker
4670,1418,stronger
671,1375,equivalent
891,3593,weaker
4253,4513,incomparable
4313,4564,incomparable
3200,3260,weaker
3210,3948,incomparable
3924,3291,incomparable
796,323,incomparable
433,271,incomparable
2802,2433,equivalent
3943,1089,stronger
4328,900,stronger
4280,2172,stronger
2086,765,incomparable
2504,524,incomparable
3765,2480,incomparable
528,508,stronger
373,2849,incomparable
187,215,weaker
2692,3958,incomparable
3483,2013,stronger
2184,4491,weaker
966,1673,weaker
3409,3784,stronger
3605,1444,incomparable
3574,2131,stronger
3245,909,weaker
1698,3285,weaker
1094,138,weaker
1593,1771,equivalent
569,1448,weaker
3962,3933,incomparable
3623,2023,stronger
2821,581,stronger
3576,3897,weaker
1150,447,incomparable
3555,3020,stronger
854,2371,stronger
3560,920,stronger
4322,1243,incomparable
4299,3703,incomparable
1735,319,weaker
3266,2136,stronger
1413,1022,weaker
3128,4646,incomparable
2071,1931,incomparable
1911,4682,weaker
3141,155,weaker
2642,2686,weaker
1916,2582,stronger
818,2310,incomparable
1408,3307,weaker
2662,4092,incomparable
4425,28,incomparable
4251,2881,incomparable
2551,4261,weaker
2625,4210,weaker
2389,2213,stronger
3781,3898,incomparable
747,565,equivalent
62,462,incomparable
3837,797,stronger
2574,2932,equivalent
2040,4688,incomparable
65,1699,incomparable
1584,2193,equivalent
717,164,weaker
3062,1932,incomparable
606,2777,equivalent
3383,4010,weaker
3970,1326,stronger
1215,3824,weaker
4331,1305,stronger
542,2792,equivalent
2422,2511,weaker
2556,2511,weaker
4576,4519,incomparable
768,1792,equivalent
104,2566,stronger
2182,3990,incomparable
293,3219,equivalent
2264,4554,incomparable
79,4199,weaker
2646,2404,stronger
3417,2281,incomparable
700,1284,equivalent
2527,1931,weaker
1080,1505,equivalent
204,4086,incomparable
3349,53,incomparable
1530,4185,weaker
3574,171,stronger
4458,1615,stronger
542,4081,weaker
2479,4334,incomparable
612,2568,equivalent
1775,3235,equivalent
4277,1045,incomparable
963,1859,weaker
333,3907,incomparable
4435,3883,incomparable
4542,562,incomparable
3027,941,equivalent
4541,337,stronger
1227,1151,stronger
4174,2795,incomparable
318,1340,incomparable
3835,3329,weaker
2942,79,stronger
329,940,stronger
107,2059,incomparable
1218,284,equivalent
1698,1675,weaker
22,3641,weaker
912,766,stronger
1720,1434,weaker
4239,911,stronger
345,884,stronger
1596,1398,equivalent
4407,4659,weaker
66,1469,incomparable
78,540,stronger
3994,2046,incomparable
1105,3790,weaker
2380,1480,weaker
1024,418,weaker
2548,1064,weaker
3411,3159,incomparable
919,4539,incomparable
1239,1511,stronger
2937,3468,incomparable
743,4313,weaker
4122,1450,stronger
3449,2862,incomparable
54,304,stronger
2414,4632,weaker
2104,3652,weaker
172,2245,incomparable
3885,948,stronger
872,936,stronger
2216,4647,weaker
1873,1275,incomparable
3731,481,incomparable
4312,1924,incomparable
3393,3869,weaker
4494,3658,stronger
2543,2009,incomparable
2684,3180,incomparable
3556,3109,stronger
2792,2713,equivalent
2047,1805,stronger
2398,342,incomparable
4361,1816,incomparable
3366,2985,incomparable
3521,644,stronger
2377,4191,weaker
3254,4464,incomparable
4369,4151,incomparable
1375,3627,weaker
933,3282,weaker
3887,1933,stronger
43,3713,incomparable
316,839,incomparable
505,3744,weaker
1610,2743,weaker
3480,1020,incomparable
1207,1572,stronger
4240,4680,weaker
4596,3561,stronger
4054,2046,incomparable
1817,1501,equivalent
3393,1775,stronger
3152,3406,incomparable
1381,2102,equivalent
2076,449,stronger
1441,2153,stronger
1510,1758,stronger
152,3067,incomparable
4276,3556,incomparable
1747,4145,weaker
2636,3489,weaker
4458,3038,stronger
2587,4536,weaker
737,2939,weaker
2547,973,equivalent
876,4037,weaker
1148,2281,weaker
4336,3048,stronger
1875,3549,incomparable
1266,3468,incomparable
168,3950,incomparable
1749,4376,weaker
1957,1107,equivalent
1110,2928,incomparable
3999,430,incomparable
4040,1185,stronger
325,901,incomparable
2292,3837,weaker
2025,3493,weaker
2634,568,equivalent
2021,2031,equivalent
2222,4007,incomparable
2155,2785,equivalent
2031,4439,weaker
328,2138,stronger
3932,2591,stronger
1251,1066,stronger
1349,2163,incomparable
2156,943,incomparable
2703,3556,weaker
2522,1266,incomparable
2639,1851,weaker
4299,3516,incomparable
3256,3705,incomparable
2160,1816,weaker
4147,3684,incomparable
3039,2724,weaker
4038,4680,weaker
4678,1068,incomparable
2620,2740,equivalent
2723,209,weaker
3086,4233,incomparable
1297,660,weaker
2325,1102,equivalent
1707,2221,stronger
1277,193,equivalent
103,3309,incomparable
4155,2232,stronger
1693,4043,weaker
2947,102,incomparable
4392,3865,incomparable
3745,4054,stronger
3383,2884,incomparable
1611,2698,equivalent
2277,307,incomparable
3197,1970,incomparable
3780,1796,stronger
3907,3823,incomparable
3980,1827,stronger
410,2678,incomparable
1239,4223,incomparable
1817,1985,equivalent
4362,431,incomparable
4692,4507,incomparable
3154,2273,weaker
3097,1739,stronger
3926,3284,incomparable
256,2211,stronger
4423,3336,incomparable
1716,4562,weaker
2167,1051,incomparable
3277,394,stronger
1083,4649,incomparable
4164,1355,incomparable
1413,3063,weaker
3023,4419,weaker
3586,1149,stronger
310,2447,incomparable
788,3011,weaker
1424,4161,weaker
3953,2074,incomparable
372,2544,stronger
1095,687,equivalent
2602,1918,stronger
2237,477,weaker
4559,2823,stronger
1097,733,equivalent
4244,1499,stronger
4624,966,stronger
30,4500,weaker
749,3433,incomparable
2230,2689,weaker
1268,1554,stronger
994,3237,stronger
1486,2945,stronger
3239,637,weaker
4569,4450,incomparable
3041,652,weaker
2696,2869,incomparable
440,584,stronger
1622,1493,equivalent
2900,2110,stronger
1103,2591,equivalent
3274,4014,incomparable
3971,3942,weaker
1863,3807,incomparable
2830,590,equivalent
610,214,weaker
2652,1981,stronger
799,4085,weaker
267,3258,weaker
3040,3029,weaker
4172,2131,stronger
1806,1206,stronger
3817,4414,weaker
3992,4415,weaker
2046,3110,stronger
2053,1837,incomparable
936,1323,weaker
3150,4328,incomparable
3,1118,stronger
434,3556,incomparable
3822,3445,equivalent
1294,4414,weaker
1136,3828,weaker
2354,4394,weaker
172,2058,incomparable
1061,3654,incomparable
230,1282,equivalent
204,61,stronger
1873,1088,incomparable
3879,3198,stronger
2146,4630,incomparable
1852,211,incomparable
3579,2906,stronger
4114,4004,stronger
1442,2033,stronger
1497,1740,weaker
1118,1155,weaker
2073,2839,stronger
454,1929,incomparable
1357,3423,incomparable
2785,1355,weaker
2573,3162,stronger
3296,2059,incomparable
940,102,weaker
4618,504,incomparable
4458,2501,stronger
1128,2782,weaker
1333,3968,weaker
3733,1279,incomparable
4452,966,stronger
3571,3203,stronger
391,4209,weaker
2041,1022,incomparable
917,3501,incomparable
1149,626,weaker
2341,3943,weaker
1455,1864,stronger
1878,2721,stronger
4675,1388,stronger
2610,4333,weaker
3768,2404,stronger
3967,3553,weaker
2251,1956,stronger
1232,2731,stronger
535,3557,weaker
895,1648,incomparable
3878,1229,incomparable
1820,2901,equivalent
2517,2829,stronger
2118,114,weaker
1763,4087,incomparable
2702,1828,stronger
2833,2311,equivalent
4474,3734,stronger
3856,2409,stronger
27,2777,stronger
2169,2496,incomparable
4352,1270,incomparable
1458,3424,incomparable
1479,1295,incomparable
1957,1859,weaker
1354,68,weaker
2706,2886,incomparable
4069,423,incomparable
2336,1855,weaker
1455,4092,incomparable
4213,1865,incomparable
1429,2871,incomparable
2747,1197,weaker
2143,2214,equivalent
866,4451,incomparable
2689,438,stronger
1206,355,weaker
4504,3734,incomparable
1362,868,weaker
390,1489,incomparable
133,1833,weaker
2165,2912,incomparable
1296,248,equivalent
4441,2631,stronger
1655,1120,incomparable
3322,3764,stronger
3560,1835,incomparable
628,499,stronger
2940,2127,incomparable
1453,4554,incomparable
1207,1869,incomparable
4544,3668,incomparable
2868,3944,incomparable
1486,3913,incomparable
