node_a,node_b,relation
1,1,equivalent
1,2,stronger
1,3,stronger
1,4,stronger
1,5,stronger
1,6,stronger
1,7,stronger
1,8,stronger
1,9,stronger
1,10,stronger
1,11,stronger
1,12,stronger
1,13,stronger
1,14,stronger
1,15,stronger
1,16,stronger
1,17,stronger
1,18,stronger
1,19,stronger
1,20,stronger
1,21,stronger
1,22,stronger
1,23,stronger
1,24,stronger
1,25,stronger
1,26,stronger
1,27,stronger
1,28,stronger
1,29,stronger
1,30,stronger
1,31,stronger
1,32,stronger
1,33,stronger
1,34,stronger
1,35,stronger
1,36,stronger
1,37,stronger
1,38,stronger
1,39,stronger
1,40,stronger
1,41,stronger
1,42,stronger
1,43,stronger
1,44,stronger
1,45,stronger
1,46,stronger
1,47,stronger
1,48,stronger
1,49,stronger
1,50,stronger
1,51,stronger
1,52,stronger
1,53,stronger
1,54,stronger
1,55,stronger
1,56,stronger
1,57,stronger
1,58,stronger
1,59,stronger
1,60,stronger
1,61,stronger
1,62,stronger
1,63,stronger
1,64,stronger
1,65,stronger
1,66,stronger
1,67,stronger
1,68,stronger
1,69,stronger
1,70,stronger
1,71,stronger
1,72,stronger
1,73,stronger
1,74,stronger
1,75,stronger
1,76,stronger
1,77,stronger
1,78,stronger
1,79,stronger
1,80,stronger
1,81,stronger
1,82,stronger
1,83,stronger
1,84,stronger
1,85,stronger
1,86,stronger
1,87,stronger
1,88,stronger
1,89,stronger
1,90,stronger
1,91,stronger
1,92,stronger
1,93,stronger
1,94,stronger
1,95,stronger
1,96,stronger
1,97,stronger
1,98,stronger
1,99,stronger
1,100,stronger
1,101,stronger
1,102,stronger
1,103,stronger
1,104,stronger
1,105,stronger
1,106,stronger
1,107,stronger
1,108,stronger
1,109,stronger
1,110,stronger
1,111,stronger
1,112,stronger
1,113,stronger
1,114,stronger
1,115,stronger
1,116,stronger
1,117,stronger
1,118,stronger
1,119,stronger
1,120,stronger
1,121,stronger
1,122,stronger
1,123,stronger
1,124,stronger
1,125,stronger
1,126,stronger
1,127,stronger
1,128,stronger
1,129,stronger
1,130,stronger
1,131,stronger
1,132,stronger
1,133,stronger
1,134,stronger
1,135,stronger
1,136,stronger
1,137,stronger
1,138,stronger
1,139,stronger
1,140,stronger
1,141,stronger
1,142,stronger
1,143,stronger
1,144,stronger
1,145,stronger
1,146,stronger
1,147,stronger
1,148,stronger
1,149,stronger
1,150,stronger
1,151,stronger
1,152,stronger
1,153,stronger
1,154,stronger
1,155,stronger
1,156,stronger
1,157,stronger
1,158,stronger
1,159,stronger
1,160,stronger
1,161,stronger
1,162,stronger
1,163,stronger
1,164,stronger
1,165,stronger
1,166,stronger
1,167,stronger
1,168,stronger
1,169,stronger
1,170,stronger
1,171,stronger
1,172,stronger
1,173,stronger
1,174,stronger
1,175,stronger
1,176,stronger
1,177,stronger
1,178,stronger
1,179,stronger
1,180,stronger
1,181,stronger
1,182,stronger
1,183,stronger
1,184,stronger
1,185,stronger
1,186,stronger
1,187,stronger
1,188,stronger
1,189,stronger
1,190,stronger
1,191,stronger
1,192,stronger
1,193,stronger
1,194,stronger
1,195,stronger
1,196,stronger
1,197,stronger
1,198,stronger
1,199,stronger
1,200,stronger
1,201,stronger
1,202,stronger
1,203,stronger
1,204,stronger
1,205,stronger
1,206,stronger
1,207,stronger
1,208,stronger
1,209,stronger
1,210,stronger
1,211,stronger
1,212,stronger
1,213,stronger
1,214,stronger
1,215,stronger
1,216,stronger
1,217,stronger
1,218,stronger
1,219,stronger
1,220,stronger
1,221,stronger
1,222,stronger
1,223,stronger
1,224,stronger
1,225,stronger
1,226,stronger
1,227,stronger
1,228,stronger
1,229,stronger
1,230,stronger
1,231,stronger
1,232,stronger
1,233,stronger
1,234,stronger
1,235,stronger
1,236,stronger
1,237,stronger
1,238,stronger
1,239,stronger
1,240,stronger
1,241,stronger
1,242,stronger
1,243,stronger
1,244,stronger
1,245,stronger
1,246,stronger
1,247,stronger
1,248,stronger
1,249,stronger
1,250,stronger
1,251,stronger
1,252,stronger
1,253,stronger
1,254,stronger
1,255,stronger
1,256,stronger
1,257,stronger
1,258,stronger
1,259,stronger
1,260,stronger
1,261,stronger
1,262,stronger
1,263,stronger
1,264,stronger
1,265,stronger
1,266,stronger
1,267,stronger
1,268,stronger
1,269,stronger
1,270,stronger
1,271,stronger
1,272,stronger
1,273,stronger
1,274,stronger
1,275,stronger
1,276,stronger
1,277,stronger
1,278,stronger
1,279,stronger
1,280,stronger
1,281,stronger
1,282,stronger
1,283,stronger
1,284,stronger
1,285,stronger
1,286,stronger
1,287,stronger
1,288,stronger
1,289,stronger
1,290,stronger
1,291,stronger
1,292,stronger
1,293,stronger
1,294,stronger
1,295,stronger
1,296,stronger
1,297,stronger
1,298,stronger
1,299,stronger
1,300,stronger
1,301,stronger
1,302,stronger
1,303,stronger
1,304,stronger
1,305,stronger
1,306,stronger
1,307,stronger
1,308,stronger
1,309,stronger
1,310,stronger
1,311,stronger
1,312,stronger
1,313,stronger
1,314,stronger
1,315,stronger
1,316,stronger
1,317,stronger
1,318,stronger
1,319,stronger
1,320,stronger
1,321,stronger
1,322,stronger
1,323,stronger
1,324,stronger
1,325,stronger
1,326,stronger
1,327,stronger
1,328,stronger
1,329,stronger
1,330,stronger
1,331,stronger
1,332,stronger
1,333,stronger
1,334,stronger
1,335,stronger
1,336,stronger
1,337,stronger
1,338,stronger
1,339,stronger
1,340,stronger
1,341,stronger
1,342,stronger
1,343,stronger
1,344,stronger
1,345,stronger
1,346,stronger
1,347,stronger
1,348,stronger
1,349,stronger
1,350,stronger
1,351,stronger
1,352,stronger
1,353,stronger
1,354,stronger
1,355,stronger
1,356,stronger
1,357,stronger
1,358,stronger
1,359,stronger
1,360,stronger
1,361,stronger
1,362,stronger
1,363,stronger
1,364,stronger
1,365,stronger
1,366,stronger
1,367,stronger
1,368,stronger
1,369,stronger
1,370,stronger
1,371,stronger
1,372,stronger
1,373,stronger
1,374,stronger
1,375,stronger
1,376,stronger
1,377,stronger
1,378,stronger
1,379,stronger
1,380,stronger
1,381,stronger
1,382,stronger
1,383,stronger
1,384,stronger
1,385,stronger
1,386,stronger
1,387,stronger
1,388,stronger
1,389,stronger
1,390,stronger
1,391,stronger
1,392,stronger
1,393,stronger
1,394,stronger
1,395,stronger
1,396,stronger
1,397,stronger
1,398,stronger
1,399,stronger
1,400,stronger
1,401,stronger
1,402,stronger
1,403,stronger
1,404,stronger
1,405,stronger
1,406,stronger
1,407,stronger
1,408,stronger
1,409,stronger
1,410,stronger
1,411,stronger
1,412,stronger
1,413,stronger
1,414,stronger
1,415,stronger
1,416,stronger
1,417,stronger
1,418,stronger
1,419,stronger
1,420,stronger
1,421,stronger
1,422,stronger
1,423,stronger
1,424,stronger
1,425,stronger
1,426,stronger
1,427,stronger
1,428,stronger
1,429,stronger
1,430,stronger
1,431,stronger
1,432,stronger
1,433,stronger
1,434,stronger
1,435,stronger
1,436,stronger
1,437,stronger
1,438,stronger
1,439,stronger
1,440,stronger
1,441,stronger
1,442,stronger
1,443,stronger
1,444,stronger
1,445,stronger
1,446,stronger
1,447,stronger
1,448,stronger
1,449,stronger
1,450,stronger
1,451,stronger
1,452,stronger
1,453,stronger
1,454,stronger
1,455,stronger
1,456,stronger
1,457,stronger
1,458,stronger
1,459,stronger
1,460,stronger
1,461,stronger
1,462,stronger
1,463,stronger
1,464,stronger
1,465,stronger
1,466,stronger
1,467,stronger
1,468,stronger
1,469,stronger
1,470,stronger
1,471,stronger
1,472,stronger
1,473,stronger
1,474,stronger
1,475,stronger
1,476,stronger
1,477,stronger
1,478,stronger
1,479,stronger
1,480,stronger
1,481,stronger
1,482,stronger
1,483,stronger
1,484,stronger
1,485,stronger
1,486,stronger
1,487,stronger
1,488,stronger
1,489,stronger
1,490,stronger
1,491,stronger
1,492,stronger
1,493,stronger
1,494,stronger
1,495,stronger
1,496,stronger
1,497,stronger
1,498,stronger
1,499,stronger
1,500,stronger
1,501,stronger
1,502,stronger
1,503,stronger
1,504,stronger
1,505,stronger
1,506,stronger
1,507,stronger
1,508,stronger
1,509,stronger
1,510,stronger
1,511,stronger
1,512,stronger
1,513,stronger
1,514,stronger
1,515,stronger
1,516,stronger
1,517,stronger
1,518,stronger
1,519,stronger
1,520,stronger
1,521,stronger
1,522,stronger
1,523,stronger
1,524,stronger
1,525,stronger
1,526,stronger
1,527,stronger
1,528,stronger
1,529,stronger
1,530,stronger
1,531,stronger
1,532,stronger
1,533,stronger
1,534,stronger
1,535,stronger
1,536,stronger
1,537,stronger
1,538,stronger
1,539,stronger
1,540,stronger
1,541,stronger
1,542,stronger
1,543,stronger
1,544,stronger
1,545,stronger
1,546,stronger
1,547,stronger
1,548,stronger
1,549,stronger
1,550,stronger
1,551,stronger
1,552,stronger
1,553,stronger
1,554,stronger
1,555,stronger
1,556,stronger
1,557,stronger
1,558,stronger
1,559,stronger
1,560,stronger
1,561,stronger
1,562,stronger
1,563,stronger
1,564,stronger
1,565,stronger
1,566,stronger
1,567,stronger
1,568,stronger
1,569,stronger
1,570,stronger
1,571,stronger
1,572,stronger
1,573,stronger
1,574,stronger
1,575,stronger
1,576,stronger
1,577,stronger
1,578,stronger
1,579,stronger
1,580,stronger
1,581,stronger
1,582,stronger
1,583,stronger
1,584,stronger
1,585,stronger
1,586,stronger
1,587,stronger
1,588,stronger
1,589,stronger
1,590,stronger
1,591,stronger
1,592,stronger
1,593,stronger
1,594,stronger
1,595,stronger
1,596,stronger
1,597,stronger
1,598,stronger
1,599,stronger
1,600,stronger
1,601,stronger
1,602,stronger
1,603,stronger
1,604,stronger
1,605,stronger
1,606,stronger
1,607,stronger
1,608,stronger
1,609,stronger
1,610,stronger
1,611,stronger
1,612,stronger
1,613,stronger
1,614,stronger
1,615,stronger
1,616,stronger
1,617,stronger
1,618,stronger
1,619,stronger
1,620,stronger
1,621,stronger
1,622,stronger
1,623,stronger
1,624,stronger
1,625,stronger
1,626,stronger
1,627,stronger
1,628,stronger
1,629,stronger
1,630,stronger
1,631,stronger
1,632,stronger
1,633,stronger
1,634,stronger
1,635,stronger
1,636,stronger
1,637,stronger
1,638,stronger
1,639,stronger
1,640,stronger
1,641,stronger
1,642,stronger
1,643,stronger
1,644,stronger
1,645,stronger
1,646,stronger
1,647,stronger
1,648,stronger
1,649,stronger
1,650,stronger
1,651,stronger
1,652,stronger
1,653,stronger
1,654,stronger
1,655,stronger
1,656,stronger
1,657,stronger
1,658,stronger
1,659,stronger
1,660,stronger
1,661,stronger
1,662,stronger
1,663,stronger
1,664,stronger
1,665,stronger
1,666,stronger
1,667,stronger
1,668,stronger
1,669,stronger
1,670,stronger
1,671,stronger
1,672,stronger
1,673,stronger
1,674,stronger
1,675,stronger
1,676,stronger
1,677,stronger
1,678,stronger
1,679,stronger
1,680,stronger
1,681,stronger
1,682,stronger
1,683,stronger
1,684,stronger
1,685,stronger
1,686,stronger
1,687,stronger
1,688,stronger
1,689,stronger
1,690,stronger
1,691,stronger
1,692,stronger
1,693,stronger
1,694,stronger
1,695,stronger
1,696,stronger
1,697,stronger
1,698,stronger
1,699,stronger
1,700,stronger
1,701,stronger
1,702,stronger
1,703,stronger
1,704,stronger
1,705,stronger
1,706,stronger
1,707,stronger
1,708,stronger
1,709,stronger
1,710,stronger
1,711,stronger
1,712,stronger
1,713,stronger
1,714,stronger
1,715,stronger
1,716,stronger
1,717,stronger
1,718,stronger
1,719,stronger
1,720,stronger
1,721,stronger
1,722,stronger
1,723,stronger
1,724,stronger
1,725,stronger
1,726,stronger
1,727,stronger
1,728,stronger
1,729,stronger
1,730,stronger
1,731,stronger
1,732,stronger
1,733,stronger
1,734,stronger
1,735,stronger
1,736,stronger
1,737,stronger
1,738,stronger
1,739,stronger
1,740,stronger
1,741,stronger
1,742,stronger
1,743,stronger
1,744,stronger
1,745,stronger
1,746,stronger
1,747,stronger
1,748,stronger
1,749,stronger
1,750,stronger
1,751,stronger
1,752,stronger
1,753,stronger
1,754,stronger
1,755,stronger
1,756,stronger
1,757,stronger
1,758,stronger
1,759,stronger
1,760,stronger
1,761,stronger
1,762,stronger
1,763,stronger
1,764,stronger
1,765,stronger
1,766,stronger
1,767,stronger
1,768,stronger
1,769,stronger
1,770,stronger
1,771,stronger
1,772,stronger
1,773,stronger
1,774,stronger
1,775,stronger
1,776,stronger
1,777,stronger
1,778,stronger
1,779,stronger
1,780,stronger
1,781,stronger
1,782,stronger
1,783,stronger
1,784,stronger
1,785,stronger
1,786,stronger
1,787,stronger
1,788,stronger
1,789,stronger
1,790,stronger
1,791,stronger
1,792,stronger
1,793,stronger
1,794,stronger
1,795,stronger
1,796,stronger
1,797,stronger
1,798,stronger
1,799,stronger
1,800,stronger
1,801,stronger
1,802,stronger
1,803,stronger
1,804,stronger
1,805,stronger
1,806,stronger
1,807,stronger
1,808,stronger
1,809,stronger
1,810,stronger
1,811,stronger
1,812,stronger
1,813,stronger
1,814,stronger
1,815,stronger
1,816,stronger
1,817,stronger
1,818,stronger
1,819,stronger
1,820,stronger
1,821,stronger
1,822,stronger
1,823,stronger
1,824,stronger
1,825,stronger
1,826,stronger
1,827,stronger
1,828,stronger
1,829,stronger
1,830,stronger
1,831,stronger
1,832,stronger
1,833,stronger
1,834,stronger
1,835,stronger
1,836,stronger
1,837,stronger
1,838,stronger
1,839,stronger
1,840,stronger
1,841,stronger
1,842,stronger
1,843,stronger
1,844,stronger
1,845,stronger
1,846,stronger
1,847,stronger
1,848,stronger
1,849,stronger
1,850,stronger
1,851,stronger
1,852,stronger
1,853,stronger
1,854,stronger
1,855,stronger
1,856,stronger
1,857,stronger
1,858,stronger
1,859,stronger
1,860,stronger
1,861,stronger
1,862,stronger
1,863,stronger
1,864,stronger
1,865,stronger
1,866,stronger
1,867,stronger
1,868,stronger
1,869,stronger
1,870,stronger
1,871,stronger
1,872,stronger
1,873,stronger
1,874,stronger
1,875,stronger
1,876,stronger
1,877,stronger
1,878,stronger
1,879,stronger
1,880,stronger
1,881,stronger
1,882,stronger
1,883,stronger
1,884,stronger
1,885,stronger
1,886,stronger
1,887,stronger
1,888,stronger
1,889,stronger
1,890,stronger
1,891,stronger
1,892,stronger
1,893,stronger
1,894,stronger
1,895,stronger
1,896,stronger
1,897,stronger
1,898,stronger
1,899,stronger
1,900,stronger
1,901,stronger
1,902,stronger
1,903,stronger
1,904,stronger
1,905,stronger
1,906,stronger
1,907,stronger
1,908,stronger
1,909,stronger
1,910,stronger
1,911,stronger
1,912,stronger
1,913,stronger
1,914,stronger
1,915,stronger
1,916,stronger
1,917,stronger
1,918,stronger
1,919,stronger
1,920,stronger
1,921,stronger
1,922,stronger
1,923,stronger
1,924,stronger
1,925,stronger
1,926,stronger
1,927,stronger
1,928,stronger
1,929,stronger
1,930,stronger
1,931,stronger
1,932,stronger
1,933,stronger
1,934,stronger
1,935,stronger
1,936,stronger
1,937,stronger
1,938,stronger
1,939,stronger
1,940,stronger
1,941,stronger
1,942,stronger
1,943,stronger
1,944,stronger
1,945,stronger
1,946,stronger
1,947,stronger
1,948,stronger
1,949,stronger
1,950,stronger
1,951,stronger
1,952,stronger
1,953,stronger
1,954,stronger
1,955,stronger
1,956,stronger
1,957,stronger
1,958,stronger
1,959,stronger
1,960,stronger
1,961,stronger
1,962,stronger
1,963,stronger
1,964,stronger
1,965,stronger
1,966,stronger
1,967,stronger
1,968,stronger
1,969,stronger
1,970,stronger
1,971,stronger
1,972,stronger
1,973,stronger
1,974,stronger
1,975,stronger
1,976,stronger
1,977,stronger
1,978,stronger
1,979,stronger
1,980,stronger
1,981,stronger
1,982,stronger
1,983,stronger
1,984,stronger
1,985,stronger
1,986,stronger
1,987,stronger
1,988,stronger
1,989,stronger
1,990,stronger
1,991,stronger
1,992,stronger
1,993,stronger
1,994,stronger
1,995,stronger
1,996,stronger
1,997,stronger
1,998,stronger
1,999,stronger
1,1000,stronger
1,1001,stronger
1,1002,stronger
1,1003,stronger
1,1004,stronger
1,1005,stronger
1,1006,stronger
1,1007,stronger
1,1008,stronger
1,1009,stronger
1,1010,stronger
1,1011,stronger
1,1012,stronger
1,1013,stronger
1,1014,stronger
1,1015,stronger
1,1016,stronger
1,1017,stronger
1,1018,stronger
1,1019,stronger
1,1020,stronger
1,1021,stronger
1,1022,stronger
1,1023,stronger
1,1024,stronger
1,1025,stronger
1,1026,stronger
1,1027,stronger
1,1028,stronger
1,1029,stronger
1,1030,stronger
1,1031,stronger
1,1032,stronger
1,1033,stronger
1,1034,stronger
1,1035,stronger
1,1036,stronger
1,1037,stronger
1,1038,stronger
1,1039,stronger
1,1040,stronger
1,1041,stronger
1,1042,stronger
1,1043,stronger
1,1044,stronger
1,1045,stronger
1,1046,stronger
1,1047,stronger
1,1048,stronger
1,1049,stronger
1,1050,stronger
1,1051,stronger
1,1052,stronger
1,1053,stronger
1,1054,stronger
1,1055,stronger
1,1056,stronger
1,1057,stronger
1,1058,stronger
1,1059,stronger
1,1060,stronger
1,1061,stronger
1,1062,stronger
1,1063,stronger
1,1064,stronger
1,1065,stronger
1,1066,stronger
1,1067,stronger
1,1068,stronger
1,1069,stronger
1,1070,stronger
1,1071,stronger
1,1072,stronger
1,1073,stronger
1,1074,stronger
1,1075,stronger
1,1076,stronger
1,1077,stronger
1,1078,stronger
1,1079,stronger
1,1080,stronger
1,1081,stronger
1,1082,stronger
1,1083,stronger
1,1084,stronger
1,1085,stronger
1,1086,stronger
1,1087,stronger
1,1088,stronger
1,1089,stronger
1,1090,stronger
1,1091,stronger
1,1092,stronger
1,1093,stronger
1,1094,stronger
1,1095,stronger
1,1096,stronger
1,1097,stronger
1,1098,stronger
1,1099,stronger
1,1100,stronger
1,1101,stronger
1,1102,stronger
1,1103,stronger
1,1104,stronger
1,1105,stronger
1,1106,stronger
1,1107,stronger
1,1108,stronger
1,1109,stronger
1,1110,stronger
1,1111,stronger
1,1112,stronger
1,1113,stronger
1,1114,stronger
1,1115,stronger
1,1116,stronger
1,1117,stronger
1,1118,stronger
1,1119,stronger
1,1120,stronger
1,1121,stronger
1,1122,stronger
1,1123,stronger
1,1124,stronger
1,1125,stronger
1,1126,stronger
1,1127,stronger
1,1128,stronger
1,1129,stronger
1,1130,stronger
1,1131,stronger
1,1132,stronger
1,1133,stronger
1,1134,stronger
1,1135,stronger
1,1136,stronger
1,1137,stronger
1,1138,stronger
1,1139,stronger
1,1140,stronger
1,1141,stronger
1,1142,stronger
1,1143,stronger
1,1144,stronger
1,1145,stronger
1,1146,stronger
1,1147,stronger
1,1148,stronger
1,1149,stronger
1,1150,stronger
1,1151,stronger
1,1152,stronger
1,1153,stronger
1,1154,stronger
1,1155,stronger
1,1156,stronger
1,1157,stronger
1,1158,stronger
1,1159,stronger
1,1160,stronger
1,1161,stronger
1,1162,stronger
1,1163,stronger
1,1164,stronger
1,1165,stronger
1,1166,stronger
1,1167,stronger
1,1168,stronger
1,1169,stronger
1,1170,stronger
1,1171,stronger
1,1172,stronger
1,1173,stronger
1,1174,stronger
1,1175,stronger
1,1176,stronger
1,1177,stronger
1,1178,stronger
1,1179,stronger
1,1180,stronger
1,1181,stronger
1,1182,stronger
1,1183,stronger
1,1184,stronger
1,1185,stronger
1,1186,stronger
1,1187,stronger
1,1188,stronger
1,1189,stronger
1,1190,stronger
1,1191,stronger
1,1192,stronger
1,1193,stronger
1,1194,stronger
1,1195,stronger
1,1196,stronger
1,1197,stronger
1,1198,stronger
1,1199,stronger
1,1200,stronger
1,1201,stronger
1,1202,stronger
1,1203,stronger
1,1204,stronger
1,1205,stronger
1,1206,stronger
1,1207,stronger
1,1208,stronger
1,1209,stronger
1,1210,stronger
1,1211,stronger
1,1212,stronger
1,1213,stronger
1,1214,stronger
1,1215,stronger
1,1216,stronger
1,1217,stronger
1,1218,stronger
1,1219,stronger
1,1220,stronger
1,1221,stronger
1,1222,stronger
1,1223,stronger
1,1224,stronger
1,1225,stronger
1,1226,stronger
1,1227,stronger
1,1228,stronger
1,1229,stronger
1,1230,stronger
1,1231,stronger
1,1232,stronger
1,1233,stronger
1,1234,stronger
1,1235,stronger
1,1236,stronger
1,1237,stronger
1,1238,stronger
1,1239,stronger
1,1240,stronger
1,1241,stronger
1,1242,stronger
1,1243,stronger
1,1244,stronger
1,1245,stronger
1,1246,stronger
1,1247,stronger
1,1248,stronger
1,1249,stronger
1,1250,stronger
1,1251,stronger
1,1252,stronger
1,1253,stronger
1,1254,stronger
1,1255,stronger
1,1256,stronger
1,1257,stronger
1,1258,stronger
1,1259,stronger
1,1260,stronger
1,1261,stronger
1,1262,stronger
1,1263,stronger
1,1264,stronger
1,1265,stronger
1,1266,stronger
1,1267,stronger
1,1268,stronger
1,1269,stronger
1,1270,stronger
1,1271,stronger
1,1272,stronger
1,1273,stronger
1,1274,stronger
1,1275,stronger
1,1276,stronger
1,1277,stronger
1,1278,stronger
1,1279,stronger
1,1280,stronger
1,1281,stronger
1,1282,stronger
1,1283,stronger
1,1284,stronger
1,1285,stronger
1,1286,stronger
1,1287,stronger
1,1288,stronger
1,1289,stronger
1,1290,stronger
1,1291,stronger
1,1292,stronger
1,1293,stronger
1,1294,stronger
1,1295,stronger
1,1296,stronger
1,1297,stronger
1,1298,stronger
1,1299,stronger
1,1300,stronger
1,1301,stronger
1,1302,stronger
1,1303,stronger
1,1304,stronger
1,1305,stronger
1,1306,stronger
1,1307,stronger
1,1308,stronger
1,1309,stronger
1,1310,stronger
1,1311,stronger
1,1312,stronger
1,1313,stronger
1,1314,stronger
1,1315,stronger
1,1316,stronger
1,1317,stronger
1,1318,stronger
1,1319,stronger
1,1320,stronger
1,1321,stronger
1,1322,stronger
1,1323,stronger
1,1324,stronger
1,1325,stronger
1,1326,stronger
1,1327,stronger
1,1328,stronger
1,1329,stronger
1,1330,stronger
1,1331,stronger
1,1332,stronger
1,1333,stronger
1,1334,stronger
1,1335,stronger
1,1336,stronger
1,1337,stronger
1,1338,stronger
1,1339,stronger
1,1340,stronger
1,1341,stronger
1,1342,stronger
1,1343,stronger
1,1344,stronger
1,1345,stronger
1,1346,stronger
1,1347,stronger
1,1348,stronger
1,1349,stronger
1,1350,stronger
1,1351,stronger
1,1352,stronger
1,1353,stronger
1,1354,stronger
1,1355,stronger
1,1356,stronger
1,1357,stronger
1,1358,stronger
1,1359,stronger
1,1360,stronger
1,1361,stronger
1,1362,stronger
1,1363,stronger
1,1364,stronger
1,1365,stronger
1,1366,stronger
1,1367,stronger
1,1368,stronger
1,1369,stronger
1,1370,stronger
1,1371,stronger
1,1372,stronger
1,1373,stronger
1,1374,stronger
1,1375,stronger
1,1376,stronger
1,1377,stronger
1,1378,stronger
1,1379,stronger
1,1380,stronger
1,1381,stronger
1,1382,stronger
1,1383,stronger
1,1384,stronger
1,1385,stronger
1,1386,stronger
1,1387,stronger
1,1388,stronger
1,1389,stronger
1,1390,stronger
1,1391,stronger
1,1392,stronger
1,1393,stronger
1,1394,stronger
1,1395,stronger
1,1396,stronger
1,1397,stronger
1,1398,stronger
1,1399,stronger
1,1400,stronger
1,1401,stronger
1,1402,stronger
1,1403,stronger
1,1404,stronger
1,1405,stronger
1,1406,stronger
1,1407,stronger
1,1408,stronger
1,1409,stronger
1,1410,stronger
1,1411,stronger
1,1412,stronger
1,1413,stronger
1,1414,stronger
1,1415,stronger
1,1416,stronger
1,1417,stronger
1,1418,stronger
1,1419,stronger
1,1420,stronger
1,1421,stronger
1,1422,stronger
1,1423,stronger
1,1424,stronger
1,1425,stronger
1,1426,stronger
1,1427,stronger
1,1428,stronger
1,1429,stronger
1,1430,stronger
1,1431,stronger
1,1432,stronger
1,1433,stronger
1,1434,stronger
1,1435,stronger
1,1436,stronger
1,1437,stronger
1,1438,stronger
1,1439,stronger
1,1440,stronger
1,1441,stronger
1,1442,stronger
1,1443,stronger
1,1444,stronger
1,1445,stronger
1,1446,stronger
1,1447,stronger
1,1448,stronger
1,1449,stronger
1,1450,stronger
1,1451,stronger
1,1452,stronger
1,1453,stronger
1,1454,stronger
1,1455,stronger
1,1456,stronger
1,1457,stronger
1,1458,stronger
1,1459,stronger
1,1460,stronger
1,1461,stronger
1,1462,stronger
1,1463,stronger
1,1464,stronger
1,1465,stronger
1,1466,stronger
1,1467,stronger
1,1468,stronger
1,1469,stronger
1,1470,stronger
1,1471,stronger
1,1472,stronger
1,1473,stronger
1,1474,stronger
1,1475,stronger
1,1476,stronger
1,1477,stronger
1,1478,stronger
1,1479,stronger
1,1480,stronger
1,1481,stronger
1,1482,stronger
1,1483,stronger
1,1484,stronger
1,1485,stronger
1,1486,stronger
1,1487,stronger
1,1488,stronger
1,1489,stronger
1,1490,stronger
1,1491,stronger
1,1492,stronger
1,1493,stronger
1,1494,stronger
1,1495,stronger
1,1496,stronger
1,1497,stronger
1,1498,stronger
1,1499,stronger
1,1500,stronger
1,1501,stronger
1,1502,stronger
1,1503,stronger
1,1504,stronger
1,1505,stronger
1,1506,stronger
1,1507,stronger
1,1508,stronger
1,1509,stronger
1,1510,stronger
1,1511,stronger
1,1512,stronger
1,1513,stronger
1,1514,stronger
1,1515,stronger
1,1516,stronger
1,1517,stronger
1,1518,stronger
1,1519,stronger
1,1520,stronger
1,1521,stronger
1,1522,stronger
1,1523,stronger
1,1524,stronger
1,1525,stronger
1,1526,stronger
1,1527,stronger
1,1528,stronger
1,1529,stronger
1,1530,stronger
1,1531,stronger
1,1532,stronger
1,1533,stronger
1,1534,stronger
1,1535,stronger
1,1536,stronger
1,1537,stronger
1,1538,stronger
1,1539,stronger
1,1540,stronger
1,1541,stronger
1,1542,stronger
1,1543,stronger
1,1544,stronger
1,1545,stronger
1,1546,stronger
1,1547,stronger
1,1548,stronger
1,1549,stronger
1,1550,stronger
1,1551,stronger
1,1552,stronger
1,1553,stronger
1,1554,stronger
1,1555,stronger
1,1556,stronger
1,1557,stronger
1,1558,stronger
1,1559,stronger
1,1560,stronger
1,1561,stronger
1,1562,stronger
1,1563,stronger
1,1564,stronger
1,1565,stronger
1,1566,stronger
1,1567,stronger
1,1568,stronger
1,1569,stronger
1,1570,stronger
1,1571,stronger
1,1572,stronger
1,1573,stronger
1,1574,stronger
1,1575,stronger
1,1576,stronger
1,1577,stronger
1,1578,stronger
1,1579,stronger
1,1580,stronger
1,1581,stronger
1,1582,stronger
1,1583,stronger
1,1584,stronger
1,1585,stronger
1,1586,stronger
1,1587,stronger
1,1588,stronger
1,1589,stronger
1,1590,stronger
1,1591,stronger
1,1592,stronger
1,1593,stronger
1,1594,stronger
1,1595,stronger
1,1596,stronger
1,1597,stronger
1,1598,stronger
1,1599,stronger
1,1600,stronger
1,1601,stronger
1,1602,stronger
1,1603,stronger
1,1604,stronger
1,1605,stronger
1,1606,stronger
1,1607,stronger
1,1608,stronger
1,1609,stronger
1,1610,stronger
1,1611,stronger
1,1612,stronger
1,1613,stronger
1,1614,stronger
1,1615,stronger
1,1616,stronger
1,1617,stronger
1,1618,stronger
1,1619,stronger
1,1620,stronger
1,1621,stronger
1,1622,stronger
1,1623,stronger
1,1624,stronger
1,1625,stronger
1,1626,stronger
1,1627,stronger
1,1628,stronger
1,1629,stronger
1,1630,stronger
1,1631,stronger
1,1632,stronger
1,1633,stronger
1,1634,stronger
1,1635,stronger
1,1636,stronger
1,1637,stronger
1,1638,stronger
1,1639,stronger
1,1640,stronger
1,1641,stronger
1,1642,stronger
1,1643,stronger
1,1644,stronger
1,1645,stronger
1,1646,stronger
1,1647,stronger
1,1648,stronger
1,1649,stronger
1,1650,stronger
1,1651,stronger
1,1652,stronger
1,1653,stronger
1,1654,stronger
1,1655,stronger
1,1656,stronger
1,1657,stronger
1,1658,stronger
1,1659,stronger
1,1660,stronger
1,1661,stronger
1,1662,stronger
1,1663,stronger
1,1664,stronger
1,1665,stronger
1,1666,stronger
1,1667,stronger
1,1668,stronger
1,1669,stronger
1,1670,stronger
1,1671,stronger
1,1672,stronger
1,1673,stronger
1,1674,stronger
1,1675,stronger
1,1676,stronger
1,1677,stronger
1,1678,stronger
1,1679,stronger
1,1680,stronger
1,1681,stronger
1,1682,stronger
1,1683,stronger
1,1684,stronger
1,1685,stronger
1,1686,stronger
1,1687,stronger
1,1688,stronger
1,1689,stronger
1,1690,stronger
1,1691,stronger
1,1692,stronger
1,1693,stronger
1,1694,stronger
1,1695,stronger
1,1696,stronger
1,1697,stronger
1,1698,stronger
1,1699,stronger
1,1700,stronger
1,1701,stronger
1,1702,stronger
1,1703,stronger
1,1704,stronger
1,1705,stronger
1,1706,stronger
1,1707,stronger
1,1708,stronger
1,1709,stronger
1,1710,stronger
1,1711,stronger
1,1712,stronger
1,1713,stronger
1,1714,stronger
1,1715,stronger
1,1716,stronger
1,1717,stronger
1,1718,stronger
1,1719,stronger
1,1720,stronger
1,1721,stronger
1,1722,stronger
1,1723,stronger
1,1724,stronger
1,1725,stronger
1,1726,stronger
1,1727,stronger
1,1728,stronger
1,1729,stronger
1,1730,stronger
1,1731,stronger
1,1732,stronger
1,1733,stronger
1,1734,stronger
1,1735,stronger
1,1736,stronger
1,1737,stronger
1,1738,stronger
1,1739,stronger
1,1740,stronger
1,1741,stronger
1,1742,stronger
1,1743,stronger
1,1744,stronger
1,1745,stronger
1,1746,stronger
1,1747,stronger
1,1748,stronger
1,1749,stronger
1,1750,stronger
1,1751,stronger
1,1752,stronger
1,1753,stronger
1,1754,stronger
1,1755,stronger
1,1756,stronger
1,1757,stronger
1,1758,stronger
1,1759,stronger
1,1760,stronger
1,1761,stronger
1,1762,stronger
1,1763,stronger
1,1764,stronger
1,1765,stronger
1,1766,stronger
1,1767,stronger
1,1768,stronger
1,1769,stronger
1,1770,stronger
1,1771,stronger
1,1772,stronger
1,1773,stronger
1,1774,stronger
1,1775,stronger
1,1776,stronger
1,1777,stronger
1,1778,stronger
1,1779,stronger
1,1780,stronger
1,1781,stronger
1,1782,stronger
1,1783,stronger
1,1784,stronger
1,1785,stronger
1,1786,stronger
1,1787,stronger
1,1788,stronger
1,1789,stronger
1,1790,stronger
1,1791,stronger
1,1792,stronger
1,1793,stronger
1,1794,stronger
1,1795,stronger
1,1796,stronger
1,1797,stronger
1,1798,stronger
1,1799,stronger
1,1800,stronger
1,1801,stronger
1,1802,stronger
1,1803,stronger
1,1804,stronger
1,1805,stronger
1,1806,stronger
1,1807,stronger
1,1808,stronger
1,1809,stronger
1,1810,stronger
1,1811,stronger
1,1812,stronger
1,1813,stronger
1,1814,stronger
1,1815,stronger
1,1816,stronger
1,1817,stronger
1,1818,stronger
1,1819,stronger
1,1820,stronger
1,1821,stronger
1,1822,stronger
1,1823,stronger
1,1824,stronger
1,1825,stronger
1,1826,stronger
1,1827,stronger
1,1828,stronger
1,1829,stronger
1,1830,stronger
1,1831,stronger
1,1832,stronger
1,1833,stronger
1,1834,stronger
1,1835,stronger
1,1836,stronger
1,1837,stronger
1,1838,stronger
1,1839,stronger
1,1840,stronger
1,1841,stronger
1,1842,stronger
1,1843,stronger
1,1844,stronger
1,1845,stronger
1,1846,stronger
1,1847,stronger
1,1848,stronger
1,1849,stronger
1,1850,stronger
1,1851,stronger
1,1852,stronger
1,1853,stronger
1,1854,stronger
1,1855,stronger
1,1856,stronger
1,1857,stronger
1,1858,stronger
1,1859,stronger
1,1860,stronger
1,1861,stronger
1,1862,stronger
1,1863,stronger
1,1864,stronger
1,1865,stronger
1,1866,stronger
1,1867,stronger
1,1868,stronger
1,1869,stronger
1,1870,stronger
1,1871,stronger
1,1872,stronger
1,1873,stronger
1,1874,stronger
1,1875,stronger
1,1876,stronger
1,1877,stronger
1,1878,stronger
1,1879,stronger
1,1880,stronger
1,1881,stronger
1,1882,stronger
1,1883,stronger
1,1884,stronger
1,1885,stronger
1,1886,stronger
1,1887,stronger
1,1888,stronger
1,1889,stronger
1,1890,stronger
1,1891,stronger
1,1892,stronger
1,1893,stronger
1,1894,stronger
1,1895,stronger
1,1896,stronger
1,1897,stronger
1,1898,stronger
1,1899,stronger
1,1900,stronger
1,1901,stronger
1,1902,stronger
1,1903,stronger
1,1904,stronger
1,1905,stronger
1,1906,stronger
1,1907,stronger
1,1908,stronger
1,1909,stronger
1,1910,stronger
1,1911,stronger
1,1912,stronger
1,1913,stronger
1,1914,stronger
1,1915,stronger
1,1916,stronger
1,1917,stronger
1,1918,stronger
1,1919,stronger
1,1920,stronger
1,1921,stronger
1,1922,stronger
1,1923,stronger
1,1924,stronger
1,1925,stronger
1,1926,stronger
1,1927,stronger
1,1928,stronger
1,1929,stronger
1,1930,stronger
1,1931,stronger
1,1932,stronger
1,1933,stronger
1,1934,stronger
1,1935,stronger
1,1936,stronger
1,1937,stronger
1,1938,stronger
1,1939,stronger
1,1940,stronger
1,1941,stronger
1,1942,stronger
1,1943,stronger
1,1944,stronger
1,1945,stronger
1,1946,stronger
1,1947,stronger
1,1948,stronger
1,1949,stronger
1,1950,stronger
1,1951,stronger
1,1952,stronger
1,1953,stronger
1,1954,stronger
1,1955,stronger
1,1956,stronger
1,1957,stronger
1,1958,stronger
1,1959,stronger
1,1960,stronger
1,1961,stronger
1,1962,stronger
1,1963,stronger
1,1964,stronger
1,1965,stronger
1,1966,stronger
1,1967,stronger
1,1968,stronger
1,1969,stronger
1,1970,stronger
1,1971,stronger
1,1972,stronger
1,1973,stronger
1,1974,stronger
1,1975,stronger
1,1976,stronger
1,1977,stronger
1,1978,stronger
1,1979,stronger
1,1980,stronger
1,1981,stronger
1,1982,stronger
1,1983,stronger
1,1984,stronger
1,1985,stronger
1,1986,stronger
1,1987,stronger
1,1988,stronger
1,1989,stronger
1,1990,stronger
1,1991,stronger
1,1992,stronger
1,1993,stronger
1,1994,stronger
1,1995,stronger
1,1996,stronger
1,1997,stronger
1,1998,stronger
1,1999,stronger
1,2000,stronger
1,2001,stronger
1,2002,stronger
1,2003,stronger
1,2004,stronger
1,2005,stronger
1,2006,stronger
1,2007,stronger
1,2008,stronger
1,2009,stronger
1,2010,stronger
1,2011,stronger
1,2012,stronger
1,2013,stronger
1,2014,stronger
1,2015,stronger
1,2016,stronger
1,2017,stronger
1,2018,stronger
1,2019,stronger
1,2020,stronger
1,2021,stronger
1,2022,stronger
1,2023,stronger
1,2024,stronger
1,2025,stronger
1,2026,stronger
1,2027,stronger
1,2028,stronger
1,2029,stronger
1,2030,stronger
1,2031,stronger
1,2032,stronger
1,2033,stronger
1,2034,stronger
1,2035,stronger
1,2036,stronger
1,2037,stronger
1,2038,stronger
1,2039,stronger
1,2040,stronger
1,2041,stronger
1,2042,stronger
1,2043,stronger
1,2044,stronger
1,2045,stronger
1,2046,stronger
1,2047,stronger
1,2048,stronger
1,2049,stronger
1,2050,stronger
1,2051,stronger
1,2052,stronger
1,2053,stronger
1,2054,stronger
1,2055,stronger
1,2056,stronger
1,2057,stronger
1,2058,stronger
1,2059,stronger
1,2060,stronger
1,2061,stronger
1,2062,stronger
1,2063,stronger
1,2064,stronger
1,2065,stronger
1,2066,stronger
1,2067,stronger
1,2068,stronger
1,2069,stronger
1,2070,stronger
1,2071,stronger
1,2072,stronger
1,2073,stronger
1,2074,stronger
1,2075,stronger
1,2076,stronger
1,2077,stronger
1,2078,stronger
1,2079,stronger
1,2080,stronger
1,2081,stronger
1,2082,stronger
1,2083,stronger
1,2084,stronger
1,2085,stronger
1,2086,stronger
1,2087,stronger
1,2088,stronger
1,2089,stronger
1,2090,stronger
1,2091,stronger
1,2092,stronger
1,2093,stronger
1,2094,stronger
1,2095,stronger
1,2096,stronger
1,2097,stronger
1,2098,stronger
1,2099,stronger
1,2100,stronger
1,2101,stronger
1,2102,stronger
1,2103,stronger
1,2104,stronger
1,2105,stronger
1,2106,stronger
1,2107,stronger
1,2108,stronger
1,2109,stronger
1,2110,stronger
1,2111,stronger
1,2112,stronger
1,2113,stronger
1,2114,stronger
1,2115,stronger
1,2116,stronger
1,2117,stronger
1,2118,stronger
1,2119,stronger
1,2120,stronger
1,2121,stronger
1,2122,stronger
1,2123,stronger
1,2124,stronger
1,2125,stronger
1,2126,stronger
1,2127,stronger
1,2128,stronger
1,2129,stronger
1,2130,stronger
1,2131,stronger
1,2132,stronger
1,2133,stronger
1,2134,stronger
1,2135,stronger
1,2136,stronger
1,2137,stronger
1,2138,stronger
1,2139,stronger
1,2140,stronger
1,2141,stronger
1,2142,stronger
1,2143,stronger
1,2144,stronger
1,2145,stronger
1,2146,stronger
1,2147,stronger
1,2148,stronger
1,2149,stronger
1,2150,stronger
1,2151,stronger
1,2152,stronger
1,2153,stronger
1,2154,stronger
1,2155,stronger
1,2156,stronger
1,2157,stronger
1,2158,stronger
1,2159,stronger
1,2160,stronger
1,2161,stronger
1,2162,stronger
1,2163,stronger
1,2164,stronger
1,2165,stronger
1,2166,stronger
1,2167,stronger
1,2168,stronger
1,2169,stronger
1,2170,stronger
1,2171,stronger
1,2172,stronger
1,2173,stronger
1,2174,stronger
1,2175,stronger
1,2176,stronger
1,2177,stronger
1,2178,stronger
1,2179,stronger
1,2180,stronger
1,2181,stronger
1,2182,stronger
1,2183,stronger
1,2184,stronger
1,2185,stronger
1,2186,stronger
1,2187,stronger
1,2188,stronger
1,2189,stronger
1,2190,stronger
1,2191,stronger
1,2192,stronger
1,2193,stronger
1,2194,stronger
1,2195,stronger
1,2196,stronger
1,2197,stronger
1,2198,stronger
1,2199,stronger
1,2200,stronger
1,2201,stronger
1,2202,stronger
1,2203,stronger
1,2204,stronger
1,2205,stronger
1,2206,stronger
1,2207,stronger
1,2208,stronger
1,2209,stronger
1,2210,stronger
1,2211,stronger
1,2212,stronger
1,2213,stronger
1,2214,stronger
1,2215,stronger
1,2216,stronger
1,2217,stronger
1,2218,stronger
1,2219,stronger
1,2220,stronger
1,2221,stronger
1,2222,stronger
1,2223,stronger
1,2224,stronger
1,2225,stronger
1,2226,stronger
1,2227,stronger
1,2228,stronger
1,2229,stronger
1,2230,stronger
1,2231,stronger
1,2232,stronger
1,2233,stronger
1,2234,stronger
1,2235,stronger
1,2236,stronger
1,2237,stronger
1,2238,stronger
1,2239,stronger
1,2240,stronger
1,2241,stronger
1,2242,stronger
1,2243,stronger
1,2244,stronger
1,2245,stronger
1,2246,stronger
1,2247,stronger
1,2248,stronger
1,2249,stronger
1,2250,stronger
1,2251,stronger
1,2252,stronger
1,2253,stronger
1,2254,stronger
1,2255,stronger
1,2256,stronger
1,2257,stronger
1,2258,stronger
1,2259,stronger
1,2260,stronger
1,2261,stronger
1,2262,stronger
1,2263,stronger
1,2264,stronger
1,2265,stronger
1,2266,stronger
1,2267,stronger
1,2268,stronger
1,2269,stronger
1,2270,stronger
1,2271,stronger
1,2272,stronger
1,2273,stronger
1,2274,stronger
1,2275,stronger
1,2276,stronger
1,2277,stronger
1,2278,stronger
1,2279,stronger
1,2280,stronger
1,2281,stronger
1,2282,stronger
1,2283,stronger
1,2284,stronger
1,2285,stronger
1,2286,stronger
1,2287,stronger
1,2288,stronger
1,2289,stronger
1,2290,stronger
1,2291,stronger
1,2292,stronger
1,2293,stronger
1,2294,stronger
1,2295,stronger
1,2296,stronger
1,2297,stronger
1,2298,stronger
1,2299,stronger
1,2300,stronger
1,2301,stronger
1,2302,stronger
1,2303,stronger
1,2304,stronger
1,2305,stronger
1,2306,stronger
1,2307,stronger
1,2308,stronger
1,2309,stronger
1,2310,stronger
1,2311,stronger
1,2312,stronger
1,2313,stronger
1,2314,stronger
1,2315,stronger
1,2316,stronger
1,2317,stronger
1,2318,stronger
1,2319,stronger
1,2320,stronger
1,2321,stronger
1,2322,stronger
1,2323,stronger
1,2324,stronger
1,2325,stronger
1,2326,stronger
1,2327,stronger
1,2328,stronger
1,2329,stronger
1,2330,stronger
1,2331,stronger
1,2332,stronger
1,2333,stronger
1,2334,stronger
1,2335,stronger
1,2336,stronger
1,2337,stronger
1,2338,stronger
1,2339,stronger
1,2340,stronger
1,2341,stronger
1,2342,stronger
1,2343,stronger
1,2344,stronger
1,2345,stronger
1,2346,stronger
1,2347,stronger
1,2348,stronger
1,2349,stronger
1,2350,stronger
1,2351,stronger
1,2352,stronger
1,2353,stronger
1,2354,stronger
1,2355,stronger
1,2356,stronger
1,2357,stronger
1,2358,stronger
1,2359,stronger
1,2360,stronger
1,2361,stronger
1,2362,stronger
1,2363,stronger
1,2364,stronger
1,2365,stronger
1,2366,stronger
1,2367,stronger
1,2368,stronger
1,2369,stronger
1,2370,stronger
1,2371,stronger
1,2372,stronger
1,2373,stronger
1,2374,stronger
1,2375,stronger
1,2376,stronger
1,2377,stronger
1,2378,stronger
1,2379,stronger
1,2380,stronger
1,2381,stronger
1,2382,stronger
1,2383,stronger
1,2384,stronger
1,2385,stronger
1,2386,stronger
1,2387,stronger
1,2388,stronger
1,2389,stronger
1,2390,stronger
1,2391,stronger
1,2392,stronger
1,2393,stronger
1,2394,stronger
1,2395,stronger
1,2396,stronger
1,2397,stronger
1,2398,stronger
1,2399,stronger
1,2400,stronger
1,2401,stronger
1,2402,stronger
1,2403,stronger
1,2404,stronger
1,2405,stronger
1,2406,stronger
1,2407,stronger
1,2408,stronger
1,2409,stronger
1,2410,stronger
1,2411,stronger
1,2412,stronger
1,2413,stronger
1,2414,stronger
1,2415,stronger
1,2416,stronger
1,2417,stronger
1,2418,stronger
1,2419,stronger
1,2420,stronger
1,2421,stronger
1,2422,stronger
1,2423,stronger
1,2424,stronger
1,2425,stronger
1,2426,stronger
1,2427,stronger
1,2428,stronger
1,2429,stronger
1,2430,stronger
1,2431,stronger
1,2432,stronger
1,2433,stronger
1,2434,stronger
1,2435,stronger
1,2436,stronger
1,2437,stronger
1,2438,stronger
1,2439,stronger
1,2440,stronger
1,2441,stronger
1,2442,stronger
1,2443,stronger
1,2444,stronger
1,2445,stronger
1,2446,stronger
1,2447,stronger
1,2448,stronger
1,2449,stronger
1,2450,stronger
1,2451,stronger
1,2452,stronger
1,2453,stronger
1,2454,stronger
1,2455,stronger
1,2456,stronger
1,2457,stronger
1,2458,stronger
1,2459,stronger
1,2460,stronger
1,2461,stronger
1,2462,stronger
1,2463,stronger
1,2464,stronger
1,2465,stronger
1,2466,stronger
1,2467,stronger
1,2468,stronger
1,2469,stronger
1,2470,stronger
1,2471,stronger
1,2472,stronger
1,2473,stronger
1,2474,stronger
1,2475,stronger
1,2476,stronger
1,2477,stronger
1,2478,stronger
1,2479,stronger
1,2480,stronger
1,2481,stronger
1,2482,stronger
1,2483,stronger
1,2484,stronger
1,2485,stronger
1,2486,stronger
1,2487,stronger
1,2488,stronger
1,2489,stronger
1,2490,stronger
1,2491,stronger
1,2492,stronger
1,2493,stronger
1,2494,stronger
1,2495,stronger
1,2496,stronger
1,2497,stronger
1,2498,stronger
1,2499,stronger
1,2500,stronger
1,2501,stronger
1,2502,stronger
1,2503,stronger
1,2504,stronger
1,2505,stronger
1,2506,stronger
1,2507,stronger
1,2508,stronger
1,2509,stronger
1,2510,stronger
1,2511,stronger
1,2512,stronger
1,2513,stronger
1,2514,stronger
1,2515,stronger
1,2516,stronger
1,2517,stronger
1,2518,stronger
1,2519,stronger
1,2520,stronger
1,2521,stronger
1,2522,stronger
1,2523,stronger
1,2524,stronger
1,2525,stronger
1,2526,stronger
1,2527,stronger
1,2528,stronger
1,2529,stronger
1,2530,stronger
1,2531,stronger
1,2532,stronger
1,2533,stronger
1,2534,stronger
1,2535,stronger
1,2536,stronger
1,2537,stronger
1,2538,stronger
1,2539,stronger
1,2540,stronger
1,2541,stronger
1,2542,stronger
1,2543,stronger
1,2544,stronger
1,2545,stronger
1,2546,stronger
1,2547,stronger
1,2548,stronger
1,2549,stronger
1,2550,stronger
1,2551,stronger
1,2552,stronger
1,2553,stronger
1,2554,stronger
1,2555,stronger
1,2556,stronger
1,2557,stronger
1,2558,stronger
1,2559,stronger
1,2560,stronger
1,2561,stronger
1,2562,stronger
1,2563,stronger
1,2564,stronger
1,2565,stronger
1,2566,stronger
1,2567,stronger
1,2568,stronger
1,2569,stronger
1,2570,stronger
1,2571,stronger
1,2572,stronger
1,2573,stronger
1,2574,stronger
1,2575,stronger
1,2576,stronger
1,2577,stronger
1,2578,stronger
1,2579,stronger
1,2580,stronger
1,2581,stronger
1,2582,stronger
1,2583,stronger
1,2584,stronger
1,2585,stronger
1,2586,stronger
1,2587,stronger
1,2588,stronger
1,2589,stronger
1,2590,stronger
1,2591,stronger
1,2592,stronger
1,2593,stronger
1,2594,stronger
1,2595,stronger
1,2596,stronger
1,2597,stronger
1,2598,stronger
1,2599,stronger
1,2600,stronger
1,2601,stronger
1,2602,stronger
1,2603,stronger
1,2604,stronger
1,2605,stronger
1,2606,stronger
1,2607,stronger
1,2608,stronger
1,2609,stronger
1,2610,stronger
1,2611,stronger
1,2612,stronger
1,2613,stronger
1,2614,stronger
1,2615,stronger
1,2616,stronger
1,2617,stronger
1,2618,stronger
1,2619,stronger
1,2620,stronger
1,2621,stronger
1,2622,stronger
1,2623,stronger
1,2624,stronger
1,2625,stronger
1,2626,stronger
1,2627,stronger
1,2628,stronger
1,2629,stronger
1,2630,stronger
1,2631,stronger
1,2632,stronger
1,2633,stronger
1,2634,stronger
1,2635,stronger
1,2636,stronger
1,2637,stronger
1,2638,stronger
1,2639,stronger
1,2640,stronger
1,2641,stronger
1,2642,stronger
1,2643,stronger
1,2644,stronger
1,2645,stronger
1,2646,stronger
1,2647,stronger
1,2648,stronger
1,2649,stronger
1,2650,stronger
1,2651,stronger
1,2652,stronger
1,2653,stronger
1,2654,stronger
1,2655,stronger
1,2656,stronger
1,2657,stronger
1,2658,stronger
1,2659,stronger
1,2660,stronger
1,2661,stronger
1,2662,stronger
1,2663,stronger
1,2664,stronger
1,2665,stronger
1,2666,stronger
1,2667,stronger
1,2668,stronger
1,2669,stronger
1,2670,stronger
1,2671,stronger
1,2672,stronger
1,2673,stronger
1,2674,stronger
1,2675,stronger
1,2676,stronger
1,2677,stronger
1,2678,stronger
1,2679,stronger
1,2680,stronger
1,2681,stronger
1,2682,stronger
1,2683,stronger
1,2684,stronger
1,2685,stronger
1,2686,stronger
1,2687,stronger
1,2688,stronger
1,2689,stronger
1,2690,stronger
1,2691,stronger
1,2692,stronger
1,2693,stronger
1,2694,stronger
1,2695,stronger
1,2696,stronger
1,2697,stronger
1,2698,stronger
1,2699,stronger
1,2700,stronger
1,2701,stronger
1,2702,stronger
1,2703,stronger
1,2704,stronger
1,2705,stronger
1,2706,stronger
1,2707,stronger
1,2708,stronger
1,2709,stronger
1,2710,stronger
1,2711,stronger
1,2712,stronger
1,2713,stronger
1,2714,stronger
1,2715,stronger
1,2716,stronger
1,2717,stronger
1,2718,stronger
1,2719,stronger
1,2720,stronger
1,2721,stronger
1,2722,stronger
1,2723,stronger
1,2724,stronger
1,2725,stronger
1,2726,stronger
1,2727,stronger
1,2728,stronger
1,2729,stronger
1,2730,stronger
1,2731,stronger
1,2732,stronger
1,2733,stronger
1,2734,stronger
1,2735,stronger
1,2736,stronger
1,2737,stronger
1,2738,stronger
1,2739,stronger
1,2740,stronger
1,2741,stronger
1,2742,stronger
1,2743,stronger
1,2744,stronger
1,2745,stronger
1,2746,stronger
1,2747,stronger
1,2748,stronger
1,2749,stronger
1,2750,stronger
1,2751,stronger
1,2752,stronger
1,2753,stronger
1,2754,stronger
1,2755,stronger
1,2756,stronger
1,2757,stronger
1,2758,stronger
1,2759,stronger
1,2760,stronger
1,2761,stronger
1,2762,stronger
1,2763,stronger
1,2764,stronger
1,2765,stronger
1,2766,stronger
1,2767,stronger
1,2768,stronger
1,2769,stronger
1,2770,stronger
1,2771,stronger
1,2772,stronger
1,2773,stronger
1,2774,stronger
1,2775,stronger
1,2776,stronger
1,2777,stronger
1,2778,stronger
1,2779,stronger
1,2780,stronger
1,2781,stronger
1,2782,stronger
1,2783,stronger
1,2784,stronger
1,2785,stronger
1,2786,stronger
1,2787,stronger
1,2788,stronger
1,2789,stronger
1,2790,stronger
1,2791,stronger
1,2792,stronger
1,2793,stronger
1,2794,stronger
1,2795,stronger
1,2796,stronger
1,2797,stronger
1,2798,stronger
1,2799,stronger
1,2800,stronger
1,2801,stronger
1,2802,stronger
1,2803,stronger
1,2804,stronger
1,2805,stronger
1,2806,stronger
1,2807,stronger
1,2808,stronger
1,2809,stronger
1,2810,stronger
1,2811,stronger
1,2812,stronger
1,2813,stronger
1,2814,stronger
1,2815,stronger
1,2816,stronger
1,2817,stronger
1,2818,stronger
1,2819,stronger
1,2820,stronger
1,2821,stronger
1,2822,stronger
1,2823,stronger
1,2824,stronger
1,2825,stronger
1,2826,stronger
1,2827,stronger
1,2828,stronger
1,2829,stronger
1,2830,stronger
1,2831,stronger
1,2832,stronger
1,2833,stronger
1,2834,stronger
1,2835,stronger
1,2836,stronger
1,2837,stronger
1,2838,stronger
1,2839,stronger
1,2840,stronger
1,2841,stronger
1,2842,stronger
1,2843,stronger
1,2844,stronger
1,2845,stronger
1,2846,stronger
1,2847,stronger
1,2848,stronger
1,2849,stronger
1,2850,stronger
1,2851,stronger
1,2852,stronger
1,2853,stronger
1,2854,stronger
1,2855,stronger
1,2856,stronger
1,2857,stronger
1,2858,stronger
1,2859,stronger
1,2860,stronger
1,2861,stronger
1,2862,stronger
1,2863,stronger
1,2864,stronger
1,2865,stronger
1,2866,stronger
1,2867,stronger
1,2868,stronger
1,2869,stronger
1,2870,stronger
1,2871,stronger
1,2872,stronger
1,2873,stronger
1,2874,stronger
1,2875,stronger
1,2876,stronger
1,2877,stronger
1,2878,stronger
1,2879,stronger
1,2880,stronger
1,2881,stronger
1,2882,stronger
1,2883,stronger
1,2884,stronger
1,2885,stronger
1,2886,stronger
1,2887,stronger
1,2888,stronger
1,2889,stronger
1,2890,stronger
1,2891,stronger
1,2892,stronger
1,2893,stronger
1,2894,stronger
1,2895,stronger
1,2896,stronger
1,2897,stronger
1,2898,stronger
1,2899,stronger
1,2900,stronger
1,2901,stronger
1,2902,stronger
1,2903,stronger
1,2904,stronger
1,2905,stronger
1,2906,stronger
1,2907,stronger
1,2908,stronger
1,2909,stronger
1,2910,stronger
1,2911,stronger
1,2912,stronger
1,2913,stronger
1,2914,stronger
1,2915,stronger
1,2916,stronger
1,2917,stronger
1,2918,stronger
1,2919,stronger
1,2920,stronger
1,2921,stronger
1,2922,stronger
1,2923,stronger
1,2924,stronger
1,2925,stronger
1,2926,stronger
1,2927,stronger
1,2928,stronger
1,2929,stronger
1,2930,stronger
1,2931,stronger
1,2932,stronger
1,2933,stronger
1,2934,stronger
1,2935,stronger
1,2936,stronger
1,2937,stronger
1,2938,stronger
1,2939,stronger
1,2940,stronger
1,2941,stronger
1,2942,stronger
1,2943,stronger
1,2944,stronger
1,2945,stronger
1,2946,stronger
1,2947,stronger
1,2948,stronger
1,2949,stronger
1,2950,stronger
1,2951,stronger
1,2952,stronger
1,2953,stronger
1,2954,stronger
1,2955,stronger
1,2956,stronger
1,2957,stronger
1,2958,stronger
1,2959,stronger
1,2960,stronger
1,2961,stronger
1,2962,stronger
1,2963,stronger
1,2964,stronger
1,2965,stronger
1,2966,stronger
1,2967,stronger
1,2968,stronger
1,2969,stronger
1,2970,stronger
1,2971,stronger
1,2972,stronger
1,2973,stronger
1,2974,stronger
1,2975,stronger
1,2976,stronger
1,2977,stronger
1,2978,stronger
1,2979,stronger
1,2980,stronger
1,2981,stronger
1,2982,stronger
1,2983,stronger
1,2984,stronger
1,2985,stronger
1,2986,stronger
1,2987,stronger
1,2988,stronger
1,2989,stronger
1,2990,stronger
1,2991,stronger
1,2992,stronger
1,2993,stronger
1,2994,stronger
1,2995,stronger
1,2996,stronger
1,2997,stronger
1,2998,stronger
1,2999,stronger
1,3000,stronger
1,3001,stronger
1,3002,stronger
1,3003,stronger
1,3004,stronger
1,3005,stronger
1,3006,stronger
1,3007,stronger
1,3008,stronger
1,3009,stronger
1,3010,stronger
1,3011,stronger
1,3012,stronger
1,3013,stronger
1,3014,stronger
1,3015,stronger
1,3016,stronger
1,3017,stronger
1,3018,stronger
1,3019,stronger
1,3020,stronger
1,3021,stronger
1,3022,stronger
1,3023,stronger
1,3024,stronger
1,3025,stronger
1,3026,stronger
1,3027,stronger
1,3028,stronger
1,3029,stronger
1,3030,stronger
1,3031,stronger
1,3032,stronger
1,3033,stronger
1,3034,stronger
1,3035,stronger
1,3036,stronger
1,3037,stronger
1,3038,stronger
1,3039,stronger
1,3040,stronger
1,3041,stronger
1,3042,stronger
1,3043,stronger
1,3044,stronger
1,3045,stronger
1,3046,stronger
1,3047,stronger
1,3048,stronger
1,3049,stronger
1,3050,stronger
1,3051,stronger
1,3052,stronger
1,3053,stronger
1,3054,stronger
1,3055,stronger
1,3056,stronger
1,3057,stronger
1,3058,stronger
1,3059,stronger
1,3060,stronger
1,3061,stronger
1,3062,stronger
1,3063,stronger
1,3064,stronger
1,3065,stronger
1,3066,stronger
1,3067,stronger
1,3068,stronger
1,3069,stronger
1,3070,stronger
1,3071,stronger
1,3072,stronger
1,3073,stronger
1,3074,stronger
1,3075,stronger
1,3076,stronger
1,3077,stronger
1,3078,stronger
1,3079,stronger
1,3080,stronger
1,3081,stronger
1,3082,stronger
1,3083,stronger
1,3084,stronger
1,3085,stronger
1,3086,stronger
1,3087,stronger
1,3088,stronger
1,3089,stronger
1,3090,stronger
1,3091,stronger
1,3092,stronger
1,3093,stronger
1,3094,stronger
1,3095,stronger
1,3096,stronger
1,3097,stronger
1,3098,stronger
1,3099,stronger
1,3100,stronger
1,3101,stronger
1,3102,stronger
1,3103,stronger
1,3104,stronger
1,3105,stronger
1,3106,stronger
1,3107,stronger
1,3108,stronger
1,3109,stronger
1,3110,stronger
1,3111,stronger
1,3112,stronger
1,3113,stronger
1,3114,stronger
1,3115,stronger
1,3116,stronger
1,3117,stronger
1,3118,stronger
1,3119,stronger
1,3120,stronger
1,3121,stronger
1,3122,stronger
1,3123,stronger
1,3124,stronger
1,3125,stronger
1,3126,stronger
1,3127,stronger
1,3128,stronger
1,3129,stronger
1,3130,stronger
1,3131,stronger
1,3132,stronger
1,3133,stronger
1,3134,stronger
1,3135,stronger
1,3136,stronger
1,3137,stronger
1,3138,stronger
1,3139,stronger
1,3140,stronger
1,3141,stronger
1,3142,stronger
1,3143,stronger
1,3144,stronger
1,3145,stronger
1,3146,stronger
1,3147,stronger
1,3148,stronger
1,3149,stronger
1,3150,stronger
1,3151,stronger
1,3152,stronger
1,3153,stronger
1,3154,stronger
1,3155,stronger
1,3156,stronger
1,3157,stronger
1,3158,stronger
1,3159,stronger
1,3160,stronger
1,3161,stronger
1,3162,stronger
1,3163,stronger
1,3164,stronger
1,3165,stronger
1,3166,stronger
1,3167,stronger
1,3168,stronger
1,3169,stronger
1,3170,stronger
1,3171,stronger
1,3172,stronger
1,3173,stronger
1,3174,stronger
1,3175,stronger
1,3176,stronger
1,3177,stronger
1,3178,stronger
1,3179,stronger
1,3180,stronger
1,3181,stronger
1,3182,stronger
1,3183,stronger
1,3184,stronger
1,3185,stronger
1,3186,stronger
1,3187,stronger
1,3188,stronger
1,3189,stronger
1,3190,stronger
1,3191,stronger
1,3192,stronger
1,3193,stronger
1,3194,stronger
1,3195,stronger
1,3196,stronger
1,3197,stronger
1,3198,stronger
1,3199,stronger
1,3200,stronger
1,3201,stronger
1,3202,stronger
1,3203,stronger
1,3204,stronger
1,3205,stronger
1,3206,stronger
1,3207,stronger
1,3208,stronger
1,3209,stronger
1,3210,stronger
1,3211,stronger
1,3212,stronger
1,3213,stronger
1,3214,stronger
1,3215,stronger
1,3216,stronger
1,3217,stronger
1,3218,stronger
1,3219,stronger
1,3220,stronger
1,3221,stronger
1,3222,stronger
1,3223,stronger
1,3224,stronger
1,3225,stronger
1,3226,stronger
1,3227,stronger
1,3228,stronger
1,3229,stronger
1,3230,stronger
1,3231,stronger
1,3232,stronger
1,3233,stronger
1,3234,stronger
1,3235,stronger
1,3236,stronger
1,3237,stronger
1,3238,stronger
1,3239,stronger
1,3240,stronger
1,3241,stronger
1,3242,stronger
1,3243,stronger
1,3244,stronger
1,3245,stronger
1,3246,stronger
1,3247,stronger
1,3248,stronger
1,3249,stronger
1,3250,stronger
1,3251,stronger
1,3252,stronger
1,3253,stronger
1,3254,stronger
1,3255,stronger
1,3256,stronger
1,3257,stronger
1,3258,stronger
1,3259,stronger
1,3260,stronger
1,3261,stronger
1,3262,stronger
1,3263,stronger
1,3264,stronger
1,3265,stronger
1,3266,stronger
1,3267,stronger
1,3268,stronger
1,3269,stronger
1,3270,stronger
1,3271,stronger
1,3272,stronger
1,3273,stronger
1,3274,stronger
1,3275,stronger
1,3276,stronger
1,3277,stronger
1,3278,stronger
1,3279,stronger
1,3280,stronger
1,3281,stronger
1,3282,stronger
1,3283,stronger
1,3284,stronger
1,3285,stronger
1,3286,stronger
1,3287,stronger
1,3288,stronger
1,3289,stronger
1,3290,stronger
1,3291,stronger
1,3292,stronger
1,3293,stronger
1,3294,stronger
1,3295,stronger
1,3296,stronger
1,3297,stronger
1,3298,stronger
1,3299,stronger
1,3300,stronger
1,3301,stronger
1,3302,stronger
1,3303,stronger
1,3304,stronger
1,3305,stronger
1,3306,stronger
1,3307,stronger
1,3308,stronger
1,3309,stronger
1,3310,stronger
1,3311,stronger
1,3312,stronger
1,3313,stronger
1,3314,stronger
1,3315,stronger
1,3316,stronger
1,3317,stronger
1,3318,stronger
1,3319,stronger
1,3320,stronger
1,3321,stronger
1,3322,stronger
1,3323,stronger
1,3324,stronger
1,3325,stronger
1,3326,stronger
1,3327,stronger
1,3328,stronger
1,3329,stronger
1,3330,stronger
1,3331,stronger
1,3332,stronger
1,3333,stronger
1,3334,stronger
1,3335,stronger
1,3336,stronger
1,3337,stronger
1,3338,stronger
1,3339,stronger
1,3340,stronger
1,3341,stronger
1,3342,stronger
1,3343,stronger
1,3344,stronger
1,3345,stronger
1,3346,stronger
1,3347,stronger
1,3348,stronger
1,3349,stronger
1,3350,stronger
1,3351,stronger
1,3352,stronger
1,3353,stronger
1,3354,stronger
1,3355,stronger
1,3356,stronger
1,3357,stronger
1,3358,stronger
1,3359,stronger
1,3360,stronger
1,3361,stronger
1,3362,stronger
1,3363,stronger
1,3364,stronger
1,3365,stronger
1,3366,stronger
1,3367,stronger
1,3368,stronger
1,3369,stronger
1,3370,stronger
1,3371,stronger
1,3372,stronger
1,3373,stronger
1,3374,stronger
1,3375,stronger
1,3376,stronger
1,3377,stronger
1,3378,stronger
1,3379,stronger
1,3380,stronger
1,3381,stronger
1,3382,stronger
1,3383,stronger
1,3384,stronger
1,3385,stronger
1,3386,stronger
1,3387,stronger
1,3388,stronger
1,3389,stronger
1,3390,stronger
1,3391,stronger
1,3392,stronger
1,3393,stronger
1,3394,stronger
1,3395,stronger
1,3396,stronger
1,3397,stronger
1,3398,stronger
1,3399,stronger
1,3400,stronger
1,3401,stronger
1,3402,stronger
1,3403,stronger
1,3404,stronger
1,3405,stronger
1,3406,stronger
1,3407,stronger
1,3408,stronger
1,3409,stronger
1,3410,stronger
1,3411,stronger
1,3412,stronger
1,3413,stronger
1,3414,stronger
1,3415,stronger
1,3416,stronger
1,3417,stronger
1,3418,stronger
1,3419,stronger
1,3420,stronger
1,3421,stronger
1,3422,stronger
1,3423,stronger
1,3424,stronger
1,3425,stronger
1,3426,stronger
1,3427,stronger
1,3428,stronger
1,3429,stronger
1,3430,stronger
1,3431,stronger
1,3432,stronger
1,3433,stronger
1,3434,stronger
1,3435,stronger
1,3436,stronger
1,3437,stronger
1,3438,stronger
1,3439,stronger
1,3440,stronger
1,3441,stronger
1,3442,stronger
1,3443,stronger
1,3444,stronger
1,3445,stronger
1,3446,stronger
1,3447,stronger
1,3448,stronger
1,3449,stronger
1,3450,stronger
1,3451,stronger
1,3452,stronger
1,3453,stronger
1,3454,stronger
1,3455,stronger
1,3456,stronger
1,3457,stronger
1,3458,stronger
1,3459,stronger
1,3460,stronger
1,3461,stronger
1,3462,stronger
1,3463,stronger
1,3464,stronger
1,3465,stronger
1,3466,stronger
1,3467,stronger
1,3468,stronger
1,3469,stronger
1,3470,stronger
1,3471,stronger
1,3472,stronger
1,3473,stronger
1,3474,stronger
1,3475,stronger
1,3476,stronger
1,3477,stronger
1,3478,stronger
1,3479,stronger
1,3480,stronger
1,3481,stronger
1,3482,stronger
1,3483,stronger
1,3484,stronger
1,3485,stronger
1,3486,stronger
1,3487,stronger
1,3488,stronger
1,3489,stronger
1,3490,stronger
1,3491,stronger
1,3492,stronger
1,3493,stronger
1,3494,stronger
1,3495,stronger
1,3496,stronger
1,3497,stronger
1,3498,stronger
1,3499,stronger
1,3500,stronger
1,3501,stronger
1,3502,stronger
1,3503,stronger
1,3504,stronger
1,3505,stronger
1,3506,stronger
1,3507,stronger
1,3508,stronger
1,3509,stronger
1,3510,stronger
1,3511,stronger
1,3512,stronger
1,3513,stronger
1,3514,stronger
1,3515,stronger
1,3516,stronger
1,3517,stronger
1,3518,stronger
1,3519,stronger
1,3520,stronger
1,3521,stronger
1,3522,stronger
1,3523,stronger
1,3524,stronger
1,3525,stronger
1,3526,stronger
1,3527,stronger
1,3528,stronger
1,3529,stronger
1,3530,stronger
1,3531,stronger
1,3532,stronger
1,3533,stronger
1,3534,stronger
1,3535,stronger
1,3536,stronger
1,3537,stronger
1,3538,stronger
1,3539,stronger
1,3540,stronger
1,3541,stronger
1,3542,stronger
1,3543,stronger
1,3544,stronger
1,3545,stronger
1,3546,stronger
1,3547,stronger
1,3548,stronger
1,3549,stronger
1,3550,stronger
1,3551,stronger
1,3552,stronger
1,3553,stronger
1,3554,stronger
1,3555,stronger
1,3556,stronger
1,3557,stronger
1,3558,stronger
1,3559,stronger
1,3560,stronger
1,3561,stronger
1,3562,stronger
1,3563,stronger
1,3564,stronger
1,3565,stronger
1,3566,stronger
1,3567,stronger
1,3568,stronger
1,3569,stronger
1,3570,stronger
1,3571,stronger
1,3572,stronger
1,3573,stronger
1,3574,stronger
1,3575,stronger
1,3576,stronger
1,3577,stronger
1,3578,stronger
1,3579,stronger
1,3580,stronger
1,3581,stronger
1,3582,stronger
1,3583,stronger
1,3584,stronger
1,3585,stronger
1,3586,stronger
1,3587,stronger
1,3588,stronger
1,3589,stronger
1,3590,stronger
1,3591,stronger
1,3592,stronger
1,3593,stronger
1,3594,stronger
1,3595,stronger
1,3596,stronger
1,3597,stronger
1,3598,stronger
1,3599,stronger
1,3600,stronger
1,3601,stronger
1,3602,stronger
1,3603,stronger
1,3604,stronger
1,3605,stronger
1,3606,stronger
1,3607,stronger
1,3608,stronger
1,3609,stronger
1,3610,stronger
1,3611,stronger
1,3612,stronger
1,3613,stronger
1,3614,stronger
1,3615,stronger
1,3616,stronger
1,3617,stronger
1,3618,stronger
1,3619,stronger
1,3620,stronger
1,3621,stronger
1,3622,stronger
1,3623,stronger
1,3624,stronger
1,3625,stronger
1,3626,stronger
1,3627,stronger
1,3628,stronger
1,3629,stronger
1,3630,stronger
1,3631,stronger
1,3632,stronger
1,3633,stronger
1,3634,stronger
1,3635,stronger
1,3636,stronger
1,3637,stronger
1,3638,stronger
1,3639,stronger
1,3640,stronger
1,3641,stronger
1,3642,stronger
1,3643,stronger
1,3644,stronger
1,3645,stronger
1,3646,stronger
1,3647,stronger
1,3648,stronger
1,3649,stronger
1,3650,stronger
1,3651,stronger
1,3652,stronger
1,3653,stronger
1,3654,stronger
1,3655,stronger
1,3656,stronger
1,3657,stronger
1,3658,stronger
1,3659,stronger
1,3660,stronger
1,3661,stronger
1,3662,stronger
1,3663,stronger
1,3664,stronger
1,3665,stronger
1,3666,stronger
1,3667,stronger
1,3668,stronger
1,3669,stronger
1,3670,stronger
1,3671,stronger
1,3672,stronger
1,3673,stronger
1,3674,stronger
1,3675,stronger
1,3676,stronger
1,3677,stronger
1,3678,stronger
1,3679,stronger
1,3680,stronger
1,3681,stronger
1,3682,stronger
1,3683,stronger
1,3684,stronger
1,3685,stronger
1,3686,stronger
1,3687,stronger
1,3688,stronger
1,3689,stronger
1,3690,stronger
1,3691,stronger
1,3692,stronger
1,3693,stronger
1,3694,stronger
1,3695,stronger
1,3696,stronger
1,3697,stronger
1,3698,stronger
1,3699,stronger
1,3700,stronger
1,3701,stronger
1,3702,stronger
1,3703,stronger
1,3704,stronger
1,3705,stronger
1,3706,stronger
1,3707,stronger
1,3708,stronger
1,3709,stronger
1,3710,stronger
1,3711,stronger
1,3712,stronger
1,3713,stronger
1,3714,stronger
1,3715,stronger
1,3716,stronger
1,3717,stronger
1,3718,stronger
1,3719,stronger
1,3720,stronger
1,3721,stronger
1,3722,stronger
1,3723,stronger
1,3724,stronger
1,3725,stronger
1,3726,stronger
1,3727,stronger
1,3728,stronger
1,3729,stronger
1,3730,stronger
1,3731,stronger
1,3732,stronger
1,3733,stronger
1,3734,stronger
1,3735,stronger
1,3736,stronger
1,3737,stronger
1,3738,stronger
1,3739,stronger
1,3740,stronger
1,3741,stronger
1,3742,stronger
1,3743,stronger
1,3744,stronger
1,3745,stronger
1,3746,stronger
1,3747,stronger
1,3748,stronger
1,3749,stronger
1,3750,stronger
1,3751,stronger
1,3752,stronger
1,3753,stronger
1,3754,stronger
1,3755,stronger
1,3756,stronger
1,3757,stronger
1,3758,stronger
1,3759,stronger
1,3760,stronger
1,3761,stronger
1,3762,stronger
1,3763,stronger
1,3764,stronger
1,3765,stronger
1,3766,stronger
1,3767,stronger
1,3768,stronger
1,3769,stronger
1,3770,stronger
1,3771,stronger
1,3772,stronger
1,3773,stronger
1,3774,stronger
1,3775,stronger
1,3776,stronger
1,3777,stronger
1,3778,stronger
1,3779,stronger
1,3780,stronger
1,3781,stronger
1,3782,stronger
1,3783,stronger
1,3784,stronger
1,3785,stronger
1,3786,stronger
1,3787,stronger
1,3788,stronger
1,3789,stronger
1,3790,stronger
1,3791,stronger
1,3792,stronger
1,3793,stronger
1,3794,stronger
1,3795,stronger
1,3796,stronger
1,3797,stronger
1,3798,stronger
1,3799,stronger
1,3800,stronger
1,3801,stronger
1,3802,stronger
1,3803,stronger
1,3804,stronger
1,3805,stronger
1,3806,stronger
1,3807,stronger
1,3808,stronger
1,3809,stronger
1,3810,stronger
1,3811,stronger
1,3812,stronger
1,3813,stronger
1,3814,stronger
1,3815,stronger
1,3816,stronger
1,3817,stronger
1,3818,stronger
1,3819,stronger
1,3820,stronger
1,3821,stronger
1,3822,stronger
1,3823,stronger
1,3824,stronger
1,3825,stronger
1,3826,stronger
1,3827,stronger
1,3828,stronger
1,3829,stronger
1,3830,stronger
1,3831,stronger
1,3832,stronger
1,3833,stronger
1,3834,stronger
1,3835,stronger
1,3836,stronger
1,3837,stronger
1,3838,stronger
1,3839,stronger
1,3840,stronger
1,3841,stronger
1,3842,stronger
1,3843,stronger
1,3844,stronger
1,3845,stronger
1,3846,stronger
1,3847,stronger
1,3848,stronger
1,3849,stronger
1,3850,stronger
1,3851,stronger
1,3852,stronger
1,3853,stronger
1,3854,stronger
1,3855,stronger
1,3856,stronger
1,3857,stronger
1,3858,stronger
1,3859,stronger
1,3860,stronger
1,3861,stronger
1,3862,stronger
1,3863,stronger
1,3864,stronger
1,3865,stronger
1,3866,stronger
1,3867,stronger
1,3868,stronger
1,3869,stronger
1,3870,stronger
1,3871,stronger
1,3872,stronger
1,3873,stronger
1,3874,stronger
1,3875,stronger
1,3876,stronger
1,3877,stronger
1,3878,stronger
1,3879,stronger
1,3880,stronger
1,3881,stronger
1,3882,stronger
1,3883,stronger
1,3884,stronger
1,3885,stronger
1,3886,stronger
1,3887,stronger
1,3888,stronger
1,3889,stronger
1,3890,stronger
1,3891,stronger
1,3892,stronger
1,3893,stronger
1,3894,stronger
1,3895,stronger
1,3896,stronger
1,3897,stronger
1,3898,stronger
1,3899,stronger
1,3900,stronger
1,3901,stronger
1,3902,stronger
1,3903,stronger
1,3904,stronger
1,3905,stronger
1,3906,stronger
1,3907,stronger
1,3908,stronger
1,3909,stronger
1,3910,stronger
1,3911,stronger
1,3912,stronger
1,3913,stronger
1,3914,stronger
1,3915,stronger
1,3916,stronger
1,3917,stronger
1,3918,stronger
1,3919,stronger
1,3920,stronger
1,3921,stronger
1,3922,stronger
1,3923,stronger
1,3924,stronger
1,3925,stronger
1,3926,stronger
1,3927,stronger
1,3928,stronger
1,3929,stronger
1,3930,stronger
1,3931,stronger
1,3932,stronger
1,3933,stronger
1,3934,stronger
1,3935,stronger
1,3936,stronger
1,3937,stronger
1,3938,stronger
1,3939,stronger
1,3940,stronger
1,3941,stronger
1,3942,stronger
1,3943,stronger
1,3944,stronger
1,3945,stronger
1,3946,stronger
1,3947,stronger
1,3948,stronger
1,3949,stronger
1,3950,stronger
1,3951,stronger
1,3952,stronger
1,3953,stronger
1,3954,stronger
1,3955,stronger
1,3956,stronger
1,3957,stronger
1,3958,stronger
1,3959,stronger
1,3960,stronger
1,3961,stronger
1,3962,stronger
1,3963,stronger
1,3964,stronger
1,3965,stronger
1,3966,stronger
1,3967,stronger
1,3968,stronger
1,3969,stronger
1,3970,stronger
1,3971,stronger
1,3972,stronger
1,3973,stronger
1,3974,stronger
1,3975,stronger
1,3976,stronger
1,3977,stronger
1,3978,stronger
1,3979,stronger
1,3980,stronger
1,3981,stronger
1,3982,stronger
1,3983,stronger
1,3984,stronger
1,3985,stronger
1,3986,stronger
1,3987,stronger
1,3988,stronger
1,3989,stronger
1,3990,stronger
1,3991,stronger
1,3992,stronger
1,3993,stronger
1,3994,stronger
1,3995,stronger
1,3996,stronger
1,3997,stronger
1,3998,stronger
1,3999,stronger
1,4000,stronger
1,4001,stronger
1,4002,stronger
1,4003,stronger
1,4004,stronger
1,4005,stronger
1,4006,stronger
1,4007,stronger
1,4008,stronger
1,4009,stronger
1,4010,stronger
1,4011,stronger
1,4012,stronger
1,4013,stronger
1,4014,stronger
1,4015,stronger
1,4016,stronger
1,4017,stronger
1,4018,stronger
1,4019,stronger
1,4020,stronger
1,4021,stronger
1,4022,stronger
1,4023,stronger
1,4024,stronger
1,4025,stronger
1,4026,stronger
1,4027,stronger
1,4028,stronger
1,4029,stronger
1,4030,stronger
1,4031,stronger
1,4032,stronger
1,4033,stronger
1,4034,stronger
1,4035,stronger
1,4036,stronger
1,4037,stronger
1,4038,stronger
1,4039,stronger
1,4040,stronger
1,4041,stronger
1,4042,stronger
1,4043,stronger
1,4044,stronger
1,4045,stronger
1,4046,stronger
1,4047,stronger
1,4048,stronger
1,4049,stronger
1,4050,stronger
1,4051,stronger
1,4052,stronger
1,4053,stronger
1,4054,stronger
1,4055,stronger
1,4056,stronger
1,4057,stronger
1,4058,stronger
1,4059,stronger
1,4060,stronger
1,4061,stronger
1,4062,stronger
1,4063,stronger
1,4064,stronger
1,4065,stronger
1,4066,stronger
1,4067,stronger
1,4068,stronger
1,4069,stronger
1,4070,stronger
1,4071,stronger
1,4072,stronger
1,4073,stronger
1,4074,stronger
1,4075,stronger
1,4076,stronger
1,4077,stronger
1,4078,stronger
1,4079,stronger
1,4080,stronger
1,4081,stronger
1,4082,stronger
1,4083,stronger
1,4084,stronger
1,4085,stronger
1,4086,stronger
1,4087,stronger
1,4088,stronger
1,4089,stronger
1,4090,stronger
1,4091,stronger
1,4092,stronger
1,4093,stronger
1,4094,stronger
1,4095,stronger
1,4096,stronger
1,4097,stronger
1,4098,stronger
1,4099,stronger
1,4100,stronger
1,4101,stronger
1,4102,stronger
1,4103,stronger
1,4104,stronger
1,4105,stronger
1,4106,stronger
1,4107,stronger
1,4108,stronger
1,4109,stronger
1,4110,stronger
1,4111,stronger
1,4112,stronger
1,4113,stronger
1,4114,stronger
1,4115,stronger
1,4116,stronger
1,4117,stronger
1,4118,stronger
1,4119,stronger
1,4120,stronger
1,4121,stronger
1,4122,stronger
1,4123,stronger
1,4124,stronger
1,4125,stronger
1,4126,stronger
1,4127,stronger
1,4128,stronger
1,4129,stronger
1,4130,stronger
1,4131,stronger
1,4132,stronger
1,4133,stronger
1,4134,stronger
1,4135,stronger
1,4136,stronger
1,4137,stronger
1,4138,stronger
1,4139,stronger
1,4140,stronger
1,4141,stronger
1,4142,stronger
1,4143,stronger
1,4144,stronger
1,4145,stronger
1,4146,stronger
1,4147,stronger
1,4148,stronger
1,4149,stronger
1,4150,stronger
1,4151,stronger
1,4152,stronger
1,4153,stronger
1,4154,stronger
1,4155,stronger
1,4156,stronger
1,4157,stronger
1,4158,stronger
1,4159,stronger
1,4160,stronger
1,4161,stronger
1,4162,stronger
1,4163,stronger
1,4164,stronger
1,4165,stronger
1,4166,stronger
1,4167,stronger
1,4168,stronger
1,4169,stronger
1,4170,stronger
1,4171,stronger
1,4172,stronger
1,4173,stronger
1,4174,stronger
1,4175,stronger
1,4176,stronger
1,4177,stronger
1,4178,stronger
1,4179,stronger
1,4180,stronger
1,4181,stronger
1,4182,stronger
1,4183,stronger
1,4184,stronger
1,4185,stronger
1,4186,stronger
1,4187,stronger
1,4188,stronger
1,4189,stronger
1,4190,stronger
1,4191,stronger
1,4192,stronger
1,4193,stronger
1,4194,stronger
1,4195,stronger
1,4196,stronger
1,4197,stronger
1,4198,stronger
1,4199,stronger
1,4200,stronger
1,4201,stronger
1,4202,stronger
1,4203,stronger
1,4204,stronger
1,4205,stronger
1,4206,stronger
1,4207,stronger
1,4208,stronger
1,4209,stronger
1,4210,stronger
1,4211,stronger
1,4212,stronger
1,4213,stronger
1,4214,stronger
1,4215,stronger
1,4216,stronger
1,4217,stronger
1,4218,stronger
1,4219,stronger
1,4220,stronger
1,4221,stronger
1,4222,stronger
1,4223,stronger
1,4224,stronger
1,4225,stronger
1,4226,stronger
1,4227,stronger
1,4228,stronger
1,4229,stronger
1,4230,stronger
1,4231,stronger
1,4232,stronger
1,4233,stronger
1,4234,stronger
1,4235,stronger
1,4236,stronger
1,4237,stronger
1,4238,stronger
1,4239,stronger
1,4240,stronger
1,4241,stronger
1,4242,stronger
1,4243,stronger
1,4244,stronger
1,4245,stronger
1,4246,stronger
1,4247,stronger
1,4248,stronger
1,4249,stronger
1,4250,stronger
1,4251,stronger
1,4252,stronger
1,4253,stronger
1,4254,stronger
1,4255,stronger
1,4256,stronger
1,4257,stronger
1,4258,stronger
1,4259,stronger
1,4260,stronger
1,4261,stronger
1,4262,stronger
1,4263,stronger
1,4264,stronger
1,4265,stronger
1,4266,stronger
1,4267,stronger
1,4268,stronger
1,4269,stronger
1,4270,stronger
1,4271,stronger
1,4272,stronger
1,4273,stronger
1,4274,stronger
1,4275,stronger
1,4276,stronger
1,4277,stronger
1,4278,stronger
1,4279,stronger
1,4280,stronger
1,4281,stronger
1,4282,stronger
1,4283,stronger
1,4284,stronger
1,4285,stronger
1,4286,stronger
1,4287,stronger
1,4288,stronger
1,4289,stronger
1,4290,stronger
1,4291,stronger
1,4292,stronger
1,4293,stronger
1,4294,stronger
1,4295,stronger
1,4296,stronger
1,4297,stronger
1,4298,stronger
1,4299,stronger
1,4300,stronger
1,4301,stronger
1,4302,stronger
1,4303,stronger
1,4304,stronger
1,4305,stronger
1,4306,stronger
1,4307,stronger
1,4308,stronger
1,4309,stronger
1,4310,stronger
1,4311,stronger
1,4312,stronger
1,4313,stronger
1,4314,stronger
1,4315,stronger
1,4316,stronger
1,4317,stronger
1,4318,stronger
1,4319,stronger
1,4320,stronger
1,4321,stronger
1,4322,stronger
1,4323,stronger
1,4324,stronger
1,4325,stronger
1,4326,stronger
1,4327,stronger
1,4328,stronger
1,4329,stronger
1,4330,stronger
1,4331,stronger
1,4332,stronger
1,4333,stronger
1,4334,stronger
1,4335,stronger
1,4336,stronger
1,4337,stronger
1,4338,stronger
1,4339,stronger
1,4340,stronger
1,4341,stronger
1,4342,stronger
1,4343,stronger
1,4344,stronger
1,4345,stronger
1,4346,stronger
1,4347,stronger
1,4348,stronger
1,4349,stronger
1,4350,stronger
1,4351,stronger
1,4352,stronger
1,4353,stronger
1,4354,stronger
1,4355,stronger
1,4356,stronger
1,4357,stronger
1,4358,stronger
1,4359,stronger
1,4360,stronger
1,4361,stronger
1,4362,stronger
1,4363,stronger
1,4364,stronger
1,4365,stronger
1,4366,stronger
1,4367,stronger
1,4368,stronger
1,4369,stronger
1,4370,stronger
1,4371,stronger
1,4372,stronger
1,4373,stronger
1,4374,stronger
1,4375,stronger
1,4376,stronger
1,4377,stronger
1,4378,stronger
1,4379,stronger
1,4380,stronger
1,4381,stronger
1,4382,stronger
1,4383,stronger
1,4384,stronger
1,4385,stronger
1,4386,stronger
1,4387,stronger
1,4388,stronger
1,4389,stronger
1,4390,stronger
1,4391,stronger
1,4392,stronger
1,4393,stronger
1,4394,stronger
1,4395,stronger
1,4396,stronger
1,4397,stronger
1,4398,stronger
1,4399,stronger
1,4400,stronger
1,4401,stronger
1,4402,stronger
1,4403,stronger
1,4404,stronger
1,4405,stronger
1,4406,stronger
1,4407,stronger
1,4408,stronger
1,4409,stronger
1,4410,stronger
1,4411,stronger
1,4412,stronger
1,4413,stronger
1,4414,stronger
1,4415,stronger
1,4416,stronger
1,4417,stronger
1,4418,stronger
1,4419,stronger
1,4420,stronger
1,4421,stronger
1,4422,stronger
1,4423,stronger
1,4424,stronger
1,4425,stronger
1,4426,stronger
1,4427,stronger
1,4428,stronger
1,4429,stronger
1,4430,stronger
1,4431,stronger
1,4432,stronger
1,4433,stronger
1,4434,stronger
1,4435,stronger
1,4436,stronger
1,4437,stronger
1,4438,stronger
1,4439,stronger
1,4440,stronger
1,4441,stronger
1,4442,stronger
1,4443,stronger
1,4444,stronger
1,4445,stronger
1,4446,stronger
1,4447,stronger
1,4448,stronger
1,4449,stronger
1,4450,stronger
1,4451,stronger
1,4452,stronger
1,4453,stronger
1,4454,stronger
1,4455,stronger
1,4456,stronger
1,4457,stronger
1,4458,stronger
1,4459,stronger
1,4460,stronger
1,4461,stronger
1,4462,stronger
1,4463,stronger
1,4464,stronger
1,4465,stronger
1,4466,stronger
1,4467,stronger
1,4468,stronger
1,4469,stronger
1,4470,stronger
1,4471,stronger
1,4472,stronger
1,4473,stronger
1,4474,stronger
1,4475,stronger
1,4476,stronger
1,4477,stronger
1,4478,stronger
1,4479,stronger
1,4480,stronger
1,4481,stronger
1,4482,stronger
1,4483,stronger
1,4484,stronger
1,4485,stronger
1,4486,stronger
1,4487,stronger
1,4488,stronger
1,4489,stronger
1,4490,stronger
1,4491,stronger
1,4492,stronger
1,4493,stronger
1,4494,stronger
1,4495,stronger
1,4496,stronger
1,4497,stronger
1,4498,stronger
1,4499,stronger
1,4500,stronger
1,4501,stronger
1,4502,stronger
1,4503,stronger
1,4504,stronger
1,4505,stronger
1,4506,stronger
1,4507,stronger
1,4508,stronger
1,4509,stronger
1,4510,stronger
1,4511,stronger
1,4512,stronger
1,4513,stronger
1,4514,stronger
1,4515,stronger
1,4516,stronger
1,4517,stronger
1,4518,stronger
1,4519,stronger
1,4520,stronger
1,4521,stronger
1,4522,stronger
1,4523,stronger
1,4524,stronger
1,4525,stronger
1,4526,stronger
1,4527,stronger
1,4528,stronger
1,4529,stronger
1,4530,stronger
1,4531,stronger
1,4532,stronger
1,4533,stronger
1,4534,stronger
1,4535,stronger
1,4536,stronger
1,4537,stronger
1,4538,stronger
1,4539,stronger
1,4540,stronger
1,4541,stronger
1,4542,stronger
1,4543,stronger
1,4544,stronger
1,4545,stronger
1,4546,stronger
1,4547,stronger
1,4548,stronger
1,4549,stronger
1,4550,stronger
1,4551,stronger
1,4552,stronger
1,4553,stronger
1,4554,stronger
1,4555,stronger
1,4556,stronger
1,4557,stronger
1,4558,stronger
1,4559,stronger
1,4560,stronger
1,4561,stronger
1,4562,stronger
1,4563,stronger
1,4564,stronger
1,4565,stronger
1,4566,stronger
1,4567,stronger
1,4568,stronger
1,4569,stronger
1,4570,stronger
1,4571,stronger
1,4572,stronger
1,4573,stronger
1,4574,stronger
1,4575,stronger
1,4576,stronger
1,4577,stronger
1,4578,stronger
1,4579,stronger
1,4580,stronger
1,4581,stronger
1,4582,stronger
1,4583,stronger
1,4584,stronger
1,4585,stronger
1,4586,stronger
1,4587,stronger
1,4588,stronger
1,4589,stronger
1,4590,stronger
1,4591,stronger
1,4592,stronger
1,4593,stronger
1,4594,stronger
1,4595,stronger
1,4596,stronger
1,4597,stronger
1,4598,stronger
1,4599,stronger
1,4600,stronger
1,4601,stronger
1,4602,stronger
1,4603,stronger
1,4604,stronger
1,4605,stronger
1,4606,stronger
1,4607,stronger
1,4608,stronger
1,4609,stronger
1,4610,stronger
1,4611,stronger
1,4612,stronger
1,4613,stronger
1,4614,stronger
1,4615,stronger
1,4616,stronger
1,4617,stronger
1,4618,stronger
1,4619,stronger
1,4620,stronger
1,4621,stronger
1,4622,stronger
1,4623,stronger
1,4624,stronger
1,4625,stronger
1,4626,stronger
1,4627,stronger
1,4628,stronger
1,4629,stronger
1,4630,stronger
1,4631,stronger
1,4632,stronger
1,4633,stronger
1,4634,stronger
1,4635,stronger
1,4636,stronger
1,4637,stronger
1,4638,stronger
1,4639,stronger
1,4640,stronger
1,4641,stronger
1,4642,stronger
1,4643,stronger
1,4644,stronger
1,4645,stronger
1,4646,stronger
1,4647,stronger
1,4648,stronger
1,4649,stronger
1,4650,stronger
1,4651,stronger
1,4652,stronger
1,4653,stronger
1,4654,stronger
1,4655,stronger
1,4656,stronger
1,4657,stronger
1,4658,stronger
1,4659,stronger
1,4660,stronger
1,4661,stronger
1,4662,stronger
1,4663,stronger
1,4664,stronger
1,4665,stronger
1,4666,stronger
1,4667,stronger
1,4668,stronger
1,4669,stronger
1,4670,stronger
1,4671,stronger
1,4672,stronger
1,4673,stronger
1,4674,stronger
1,4675,stronger
1,4676,stronger
1,4677,stronger
1,4678,stronger
1,4679,stronger
1,4680,stronger
1,4681,stronger
1,4682,stronger
1,4683,stronger
1,4684,stronger
1,4685,stronger
1,4686,stronger
1,4687,stronger
1,4688,stronger
1,4689,stronger
1,4690,stronger
1,4691,stronger
1,4692,stronger
1,4693,stronger
1,4694,stronger
2,1,weaker
2,2,equivalent
2,3,weaker
2,4,weaker
2,5,weaker
2,6,equivalent
2,7,equivalent
2,8,weaker
2,9,weaker
2,10,weaker
2,11,weaker
2,12,weaker
2,13,weaker
2,14,weaker
2,15,equivalent
2,16,weaker
2,17,equivalent
2,18,equivalent
2,19,weaker
2,20,equivalent
2,21,equivalent
2,22,equivalent
2,23,weaker
2,24,weaker
2,25,weaker
2,26,weaker
2,27,weaker
2,28,weaker
2,29,weaker
2,30,equivalent
2,31,weaker
2,32,equivalent
2,33,equivalent
2,34,weaker
2,35,equivalent
2,36,equivalent
2,37,equivalent
2,38,weaker
2,39,weaker
2,40,weaker
2,41,weaker
2,42,weaker
2,43,weaker
2,44,weaker
2,45,weaker
2,46,weaker
2,47,weaker
2,48,weaker
2,49,weaker
2,50,weaker
2,51,weaker
2,52,weaker
2,53,weaker
2,54,weaker
2,55,weaker
2,56,weaker
2,57,weaker
2,58,weaker
2,59,weaker
2,60,weaker
2,61,weaker
2,62,weaker
2,63,weaker
2,64,equivalent
2,65,weaker
2,66,weaker
2,67,equivalent
2,68,weaker
2,69,equivalent
2,70,equivalent
2,71,equivalent
2,72,weaker
2,73,weaker
2,74,equivalent
2,75,weaker
2,76,equivalent
2,77,equivalent
2,78,weaker
2,79,equivalent
2,80,equivalent
2,81,equivalent
2,82,weaker
2,83,equivalent
2,84,equivalent
2,85,equivalent
2,86,weaker
2,87,equivalent
2,88,equivalent
2,89,equivalent
2,90,weaker
2,91,equivalent
2,92,equivalent
2,93,equivalent
2,94,weaker
2,95,equivalent
2,96,equivalent
2,97,equivalent
2,98,equivalent
2,99,weaker
2,100,weaker
2,101,weaker
2,102,weaker
2,103,weaker
2,104,weaker
2,105,weaker
2,106,weaker
2,107,weaker
2,108,weaker
2,109,weaker
2,110,weaker
2,111,weaker
2,112,weaker
2,113,weaker
2,114,weaker
2,115,weaker
2,116,equivalent
2,117,weaker
2,118,weaker
2,119,equivalent
2,120,weaker
2,121,equivalent
2,122,equivalent
2,123,equivalent
2,124,weaker
2,125,weaker
2,126,equivalent
2,127,weaker
2,128,equivalent
2,129,equivalent
2,130,weaker
2,131,equivalent
2,132,equivalent
2,133,equivalent
2,134,weaker
2,135,equivalent
2,136,equivalent
2,137,equivalent
2,138,weaker
2,139,equivalent
2,140,equivalent
2,141,equivalent
2,142,weaker
2,143,equivalent
2,144,equivalent
2,145,equivalent
2,146,weaker
2,147,equivalent
2,148,equivalent
2,149,equivalent
2,150,equivalent
2,151,weaker
2,152,weaker
2,153,weaker
2,154,weaker
2,155,weaker
2,156,weaker
2,157,weaker
2,158,weaker
2,159,weaker
2,160,weaker
2,161,weaker
2,162,weaker
2,163,weaker
2,164,weaker
2,165,weaker
2,166,weaker
2,167,weaker
2,168,weaker
2,169,weaker
2,170,weaker
2,171,equivalent
2,172,weaker
2,173,equivalent
2,174,equivalent
2,175,equivalent
2,176,weaker
2,177,weaker
2,178,equivalent
2,179,weaker
2,180,equivalent
2,181,equivalent
2,182,weaker
2,183,equivalent
2,184,equivalent
2,185,equivalent
2,186,weaker
2,187,equivalent
2,188,equivalent
2,189,equivalent
2,190,weaker
2,191,equivalent
2,192,equivalent
2,193,equivalent
2,194,weaker
2,195,equivalent
2,196,equivalent
2,197,equivalent
2,198,weaker
2,199,equivalent
2,200,equivalent
2,201,equivalent
2,202,equivalent
2,203,weaker
2,204,weaker
2,205,weaker
2,206,weaker
2,207,weaker
2,208,weaker
2,209,weaker
2,210,weaker
2,211,weaker
2,212,weaker
2,213,weaker
2,214,weaker
2,215,weaker
2,216,weaker
2,217,weaker
2,218,weaker
2,219,weaker
2,220,equivalent
2,221,weaker
2,222,weaker
2,223,equivalent
2,224,weaker
2,225,equivalent
2,226,equivalent
2,227,equivalent
2,228,weaker
2,229,weaker
2,230,equivalent
2,231,weaker
2,232,equivalent
2,233,equivalent
2,234,weaker
2,235,equivalent
2,236,equivalent
2,237,equivalent
2,238,weaker
2,239,equivalent
2,240,equivalent
2,241,equivalent
2,242,weaker
2,243,equivalent
2,244,equivalent
2,245,equivalent
2,246,weaker
2,247,equivalent
2,248,equivalent
2,249,equivalent
2,250,weaker
2,251,equivalent
2,252,equivalent
2,253,equivalent
2,254,equivalent
2,255,weaker
2,256,weaker
2,257,weaker
2,258,weaker
2,259,weaker
2,260,weaker
2,261,weaker
2,262,weaker
2,263,weaker
2,264,weaker
2,265,weaker
2,266,weaker
2,267,weaker
2,268,weaker
2,269,weaker
2,270,weaker
2,271,weaker
2,272,equivalent
2,273,weaker
2,274,weaker
2,275,equivalent
2,276,weaker
2,277,equivalent
2,278,equivalent
2,279,equivalent
2,280,weaker
2,281,weaker
2,282,equivalent
2,283,weaker
2,284,equivalent
2,285,equivalent
2,286,weaker
2,287,equivalent
2,288,equivalent
2,289,equivalent
2,290,weaker
2,291,equivalent
2,292,equivalent
2,293,equivalent
2,294,weaker
2,295,equivalent
2,296,equivalent
2,297,equivalent
2,298,weaker
2,299,equivalent
2,300,equivalent
2,301,equivalent
2,302,weaker
2,303,equivalent
2,304,equivalent
2,305,equivalent
2,306,equivalent
2,307,weaker
2,308,weaker
2,309,weaker
2,310,weaker
2,311,weaker
2,312,weaker
2,313,weaker
2,314,weaker
2,315,weaker
2,316,weaker
2,317,weaker
2,318,weaker
2,319,weaker
2,320,weaker
2,321,weaker
2,322,weaker
2,323,weaker
2,324,weaker
2,325,weaker
2,326,weaker
2,327,weaker
2,328,weaker
2,329,weaker
2,330,weaker
2,331,weaker
2,332,weaker
2,333,weaker
2,334,weaker
2,335,weaker
2,336,weaker
2,337,weaker
2,338,weaker
2,339,weaker
2,340,weaker
2,341,weaker
2,342,weaker
2,343,weaker
2,344,weaker
2,345,weaker
2,346,weaker
2,347,weaker
2,348,weaker
2,349,weaker
2,350,weaker
2,351,weaker
2,352,weaker
2,353,weaker
2,354,weaker
2,355,weaker
2,356,weaker
2,357,weaker
2,358,weaker
2,359,weaker
2,360,weaker
2,361,weaker
2,362,weaker
2,363,weaker
2,364,weaker
2,365,weaker
2,366,weaker
2,367,weaker
2,368,weaker
2,369,weaker
2,370,weaker
2,371,weaker
2,372,weaker
2,373,weaker
2,374,weaker
2,375,weaker
2,376,weaker
2,377,weaker
2,378,weaker
2,379,weaker
2,380,weaker
2,381,weaker
2,382,weaker
2,383,weaker
2,384,weaker
2,385,weaker
2,386,weaker
2,387,weaker
2,388,weaker
2,389,weaker
2,390,weaker
2,391,weaker
2,392,weaker
2,393,weaker
2,394,weaker
2,395,weaker
2,396,weaker
2,397,weaker
2,398,weaker
2,399,weaker
2,400,weaker
2,401,weaker
2,402,weaker
2,403,weaker
2,404,weaker
2,405,weaker
2,406,weaker
2,407,weaker
2,408,weaker
2,409,weaker
2,410,weaker
2,411,weaker
2,412,weaker
2,413,weaker
2,414,weaker
2,415,weaker
2,416,weaker
2,417,weaker
2,418,weaker
2,419,weaker
2,420,weaker
2,421,weaker
2,422,weaker
2,423,weaker
2,424,weaker
2,425,weaker
2,426,weaker
2,427,weaker
2,428,weaker
2,429,weaker
2,430,weaker
2,431,weaker
2,432,weaker
2,433,weaker
2,434,weaker
2,435,weaker
2,436,weaker
2,437,weaker
2,438,weaker
2,439,weaker
2,440,weaker
2,441,weaker
2,442,weaker
2,443,weaker
2,444,weaker
2,445,weaker
2,446,weaker
2,447,weaker
2,448,weaker
2,449,weaker
2,450,weaker
2,451,weaker
2,452,weaker
2,453,weaker
2,454,weaker
2,455,weaker
2,456,weaker
2,457,weaker
2,458,weaker
2,459,weaker
2,460,weaker
2,461,weaker
2,462,weaker
2,463,weaker
2,464,weaker
2,465,equivalent
2,466,weaker
2,467,weaker
2,468,equivalent
2,469,weaker
2,470,equivalent
2,471,equivalent
2,472,equivalent
2,473,weaker
2,474,weaker
2,475,equivalent
2,476,weaker
2,477,weaker
2,478,equivalent
2,479,weaker
2,480,equivalent
2,481,weaker
2,482,equivalent
2,483,weaker
2,484,equivalent
2,485,equivalent
2,486,equivalent
2,487,weaker
2,488,equivalent
2,489,weaker
2,490,equivalent
2,491,weaker
2,492,weaker
2,493,equivalent
2,494,equivalent
2,495,weaker
2,496,equivalent
2,497,equivalent
2,498,equivalent
2,499,equivalent
2,500,weaker
2,501,weaker
2,502,equivalent
2,503,weaker
2,504,weaker
2,505,equivalent
2,506,weaker
2,507,equivalent
2,508,weaker
2,509,equivalent
2,510,weaker
2,511,weaker
2,512,equivalent
2,513,weaker
2,514,equivalent
2,515,equivalent
2,516,weaker
2,517,equivalent
2,518,equivalent
2,519,equivalent
2,520,weaker
2,521,equivalent
2,522,weaker
2,523,equivalent
2,524,weaker
2,525,equivalent
2,526,equivalent
2,527,equivalent
2,528,weaker
2,529,equivalent
2,530,equivalent
2,531,equivalent
2,532,weaker
2,533,equivalent
2,534,equivalent
2,535,equivalent
2,536,equivalent
2,537,weaker
2,538,equivalent
2,539,equivalent
2,540,equivalent
2,541,weaker
2,542,equivalent
2,543,weaker
2,544,equivalent
2,545,weaker
2,546,weaker
2,547,equivalent
2,548,equivalent
2,549,weaker
2,550,equivalent
2,551,equivalent
2,552,equivalent
2,553,equivalent
2,554,weaker
2,555,equivalent
2,556,weaker
2,557,equivalent
2,558,weaker
2,559,equivalent
2,560,equivalent
2,561,equivalent
2,562,weaker
2,563,equivalent
2,564,equivalent
2,565,equivalent
2,566,weaker
2,567,equivalent
2,568,equivalent
2,569,equivalent
2,570,equivalent
2,571,weaker
2,572,weaker
2,573,equivalent
2,574,equivalent
2,575,weaker
2,576,equivalent
2,577,equivalent
2,578,equivalent
2,579,weaker
2,580,equivalent
2,581,equivalent
2,582,equivalent
2,583,weaker
2,584,equivalent
2,585,equivalent
2,586,equivalent
2,587,equivalent
2,588,weaker
2,589,equivalent
2,590,equivalent
2,591,equivalent
2,592,equivalent
2,593,weaker
2,594,equivalent
2,595,equivalent
2,596,equivalent
2,597,equivalent
2,598,weaker
2,599,equivalent
2,600,equivalent
2,601,equivalent
2,602,equivalent
2,603,weaker
2,604,equivalent
2,605,equivalent
2,606,equivalent
2,607,equivalent
2,608,weaker
2,609,equivalent
2,610,equivalent
2,611,equivalent
2,612,equivalent
2,613,equivalent
2,614,weaker
2,615,weaker
2,616,weaker
2,617,weaker
2,618,weaker
2,619,weaker
2,620,weaker
2,621,weaker
2,622,weaker
2,623,weaker
2,624,weaker
2,625,weaker
2,626,weaker
2,627,weaker
2,628,weaker
2,629,weaker
2,630,weaker
2,631,weaker
2,632,weaker
2,633,weaker
2,634,weaker
2,635,weaker
2,636,weaker
2,637,weaker
2,638,weaker
2,639,weaker
2,640,weaker
2,641,weaker
2,642,weaker
2,643,weaker
2,644,weaker
2,645,weaker
2,646,weaker
2,647,weaker
2,648,weaker
2,649,weaker
2,650,weaker
2,651,weaker
2,652,weaker
2,653,weaker
2,654,weaker
2,655,weaker
2,656,weaker
2,657,weaker
2,658,weaker
2,659,weaker
2,660,weaker
2,661,weaker
2,662,weaker
2,663,weaker
2,664,weaker
2,665,weaker
2,666,weaker
2,667,weaker
2,668,equivalent
2,669,weaker
2,670,weaker
2,671,equivalent
2,672,weaker
2,673,equivalent
2,674,equivalent
2,675,equivalent
2,676,weaker
2,677,weaker
2,678,equivalent
2,679,weaker
2,680,weaker
2,681,equivalent
2,682,weaker
2,683,equivalent
2,684,weaker
2,685,equivalent
2,686,weaker
2,687,equivalent
2,688,equivalent
2,689,equivalent
2,690,weaker
2,691,equivalent
2,692,weaker
2,693,equivalent
2,694,weaker
2,695,weaker
2,696,equivalent
2,697,equivalent
2,698,weaker
2,699,equivalent
2,700,equivalent
2,701,equivalent
2,702,equivalent
2,703,weaker
2,704,weaker
2,705,equivalent
2,706,weaker
2,707,weaker
2,708,equivalent
2,709,weaker
2,710,equivalent
2,711,weaker
2,712,equivalent
2,713,weaker
2,714,weaker
2,715,equivalent
2,716,weaker
2,717,equivalent
2,718,equivalent
2,719,weaker
2,720,equivalent
2,721,equivalent
2,722,equivalent
2,723,weaker
2,724,equivalent
2,725,weaker
2,726,equivalent
2,727,weaker
2,728,equivalent
2,729,equivalent
2,730,equivalent
2,731,weaker
2,732,equivalent
2,733,equivalent
2,734,equivalent
2,735,weaker
2,736,equivalent
2,737,equivalent
2,738,equivalent
2,739,equivalent
2,740,weaker
2,741,equivalent
2,742,equivalent
2,743,equivalent
2,744,weaker
2,745,equivalent
2,746,weaker
2,747,equivalent
2,748,weaker
2,749,weaker
2,750,equivalent
2,751,equivalent
2,752,weaker
2,753,equivalent
2,754,equivalent
2,755,equivalent
2,756,equivalent
2,757,weaker
2,758,equivalent
2,759,weaker
2,760,equivalent
2,761,weaker
2,762,equivalent
2,763,equivalent
2,764,equivalent
2,765,weaker
2,766,equivalent
2,767,equivalent
2,768,equivalent
2,769,weaker
2,770,equivalent
2,771,equivalent
2,772,equivalent
2,773,equivalent
2,774,weaker
2,775,weaker
2,776,equivalent
2,777,equivalent
2,778,weaker
2,779,equivalent
2,780,equivalent
2,781,equivalent
2,782,weaker
2,783,equivalent
2,784,equivalent
2,785,equivalent
2,786,weaker
2,787,equivalent
2,788,equivalent
2,789,equivalent
2,790,equivalent
2,791,weaker
2,792,equivalent
2,793,equivalent
2,794,equivalent
2,795,equivalent
2,796,weaker
2,797,equivalent
2,798,equivalent
2,799,equivalent
2,800,equivalent
2,801,weaker
2,802,equivalent
2,803,equivalent
2,804,equivalent
2,805,equivalent
2,806,weaker
2,807,equivalent
2,808,equivalent
2,809,equivalent
2,810,equivalent
2,811,weaker
2,812,equivalent
2,813,equivalent
2,814,equivalent
2,815,equivalent
2,816,equivalent
2,817,weaker
2,818,weaker
2,819,weaker
2,820,weaker
2,821,weaker
2,822,weaker
2,823,weaker
2,824,weaker
2,825,weaker
2,826,weaker
2,827,weaker
2,828,weaker
2,829,weaker
2,830,weaker
2,831,weaker
2,832,weaker
2,833,weaker
2,834,weaker
2,835,weaker
2,836,weaker
2,837,weaker
2,838,weaker
2,839,weaker
2,840,weaker
2,841,weaker
2,842,weaker
2,843,weaker
2,844,weaker
2,845,weaker
2,846,weaker
2,847,weaker
2,848,weaker
2,849,weaker
2,850,weaker
2,851,weaker
2,852,weaker
2,853,weaker
2,854,weaker
2,855,weaker
2,856,weaker
2,857,weaker
2,858,weaker
2,859,weaker
2,860,weaker
2,861,weaker
2,862,weaker
2,863,weaker
2,864,weaker
2,865,weaker
2,866,weaker
2,867,weaker
2,868,weaker
2,869,weaker
2,870,weaker
2,871,equivalent
2,872,weaker
2,873,weaker
2,874,equivalent
2,875,weaker
2,876,equivalent
2,877,equivalent
2,878,equivalent
2,879,weaker
2,880,weaker
2,881,equivalent
2,882,weaker
2,883,weaker
2,884,equivalent
2,885,weaker
2,886,equivalent
2,887,weaker
2,888,equivalent
2,889,weaker
2,890,equivalent
2,891,equivalent
2,892,equivalent
2,893,weaker
2,894,equivalent
2,895,weaker
2,896,equivalent
2,897,weaker
2,898,weaker
2,899,equivalent
2,900,equivalent
2,901,weaker
2,902,equivalent
2,903,equivalent
2,904,equivalent
2,905,equivalent
2,906,weaker
2,907,weaker
2,908,equivalent
2,909,weaker
2,910,weaker
2,911,equivalent
2,912,weaker
2,913,equivalent
2,914,weaker
2,915,equivalent
2,916,weaker
2,917,weaker
2,918,equivalent
2,919,weaker
2,920,equivalent
2,921,equivalent
2,922,weaker
2,923,equivalent
2,924,equivalent
2,925,equivalent
2,926,weaker
2,927,equivalent
2,928,weaker
2,929,equivalent
2,930,weaker
2,931,equivalent
2,932,equivalent
2,933,equivalent
2,934,weaker
2,935,equivalent
2,936,equivalent
2,937,equivalent
2,938,weaker
2,939,equivalent
2,940,equivalent
2,941,equivalent
2,942,equivalent
2,943,weaker
2,944,equivalent
2,945,equivalent
2,946,equivalent
2,947,weaker
2,948,equivalent
2,949,weaker
2,950,equivalent
2,951,weaker
2,952,weaker
2,953,equivalent
2,954,equivalent
2,955,weaker
2,956,equivalent
2,957,equivalent
2,958,equivalent
2,959,equivalent
2,960,weaker
2,961,equivalent
2,962,weaker
2,963,equivalent
2,964,weaker
2,965,equivalent
2,966,equivalent
2,967,equivalent
2,968,weaker
2,969,equivalent
2,970,equivalent
2,971,equivalent
2,972,weaker
2,973,equivalent
2,974,equivalent
2,975,equivalent
2,976,equivalent
2,977,weaker
2,978,weaker
2,979,equivalent
2,980,equivalent
2,981,weaker
2,982,equivalent
2,983,equivalent
2,984,equivalent
2,985,weaker
2,986,equivalent
2,987,equivalent
2,988,equivalent
2,989,weaker
2,990,equivalent
2,991,equivalent
2,992,equivalent
2,993,equivalent
2,994,weaker
2,995,equivalent
2,996,equivalent
2,997,equivalent
2,998,equivalent
2,999,weaker
2,1000,equivalent
2,1001,equivalent
2,1002,equivalent
2,1003,equivalent
2,1004,weaker
2,1005,equivalent
2,1006,equivalent
2,1007,equivalent
2,1008,equivalent
2,1009,weaker
2,1010,equivalent
2,1011,equivalent
2,1012,equivalent
2,1013,equivalent
2,1014,weaker
2,1015,equivalent
2,1016,equivalent
2,1017,equivalent
2,1018,equivalent
2,1019,equivalent
2,1020,weaker
2,1021,weaker
2,1022,weaker
2,1023,weaker
2,1024,weaker
2,1025,weaker
2,1026,weaker
2,1027,weaker
2,1028,weaker
2,1029,weaker
2,1030,weaker
2,1031,weaker
2,1032,weaker
2,1033,weaker
2,1034,weaker
2,1035,weaker
2,1036,weaker
2,1037,weaker
2,1038,weaker
2,1039,weaker
2,1040,weaker
2,1041,weaker
2,1042,weaker
2,1043,weaker
2,1044,weaker
2,1045,weaker
2,1046,weaker
2,1047,weaker
2,1048,weaker
2,1049,weaker
2,1050,weaker
2,1051,weaker
2,1052,weaker
2,1053,weaker
2,1054,weaker
2,1055,weaker
2,1056,weaker
2,1057,weaker
2,1058,weaker
2,1059,weaker
2,1060,weaker
2,1061,weaker
2,1062,weaker
2,1063,weaker
2,1064,weaker
2,1065,weaker
2,1066,weaker
2,1067,weaker
2,1068,weaker
2,1069,weaker
2,1070,weaker
2,1071,weaker
2,1072,weaker
2,1073,weaker
2,1074,equivalent
2,1075,weaker
2,1076,weaker
2,1077,equivalent
2,1078,weaker
2,1079,equivalent
2,1080,equivalent
2,1081,equivalent
2,1082,weaker
2,1083,weaker
2,1084,equivalent
2,1085,weaker
2,1086,weaker
2,1087,equivalent
2,1088,weaker
2,1089,equivalent
2,1090,weaker
2,1091,equivalent
2,1092,weaker
2,1093,equivalent
2,1094,equivalent
2,1095,equivalent
2,1096,weaker
2,1097,equivalent
2,1098,weaker
2,1099,equivalent
2,1100,weaker
2,1101,weaker
2,1102,equivalent
2,1103,equivalent
2,1104,weaker
2,1105,equivalent
2,1106,equivalent
2,1107,equivalent
2,1108,equivalent
2,1109,weaker
2,1110,weaker
2,1111,equivalent
2,1112,weaker
2,1113,weaker
2,1114,equivalent
2,1115,weaker
2,1116,equivalent
2,1117,weaker
2,1118,equivalent
2,1119,weaker
2,1120,weaker
2,1121,equivalent
2,1122,weaker
2,1123,equivalent
2,1124,equivalent
2,1125,weaker
2,1126,equivalent
2,1127,equivalent
2,1128,equivalent
2,1129,weaker
2,1130,equivalent
2,1131,weaker
2,1132,equivalent
2,1133,weaker
2,1134,equivalent
2,1135,equivalent
2,1136,equivalent
2,1137,weaker
2,1138,equivalent
2,1139,equivalent
2,1140,equivalent
2,1141,weaker
2,1142,equivalent
2,1143,equivalent
2,1144,equivalent
2,1145,equivalent
2,1146,weaker
2,1147,equivalent
2,1148,equivalent
2,1149,equivalent
2,1150,weaker
2,1151,equivalent
2,1152,weaker
2,1153,equivalent
2,1154,weaker
2,1155,weaker
2,1156,equivalent
2,1157,equivalent
2,1158,weaker
2,1159,equivalent
2,1160,equivalent
2,1161,equivalent
2,1162,equivalent
2,1163,weaker
2,1164,equivalent
2,1165,weaker
2,1166,equivalent
2,1167,weaker
2,1168,equivalent
2,1169,equivalent
2,1170,equivalent
2,1171,weaker
2,1172,equivalent
2,1173,equivalent
2,1174,equivalent
2,1175,weaker
2,1176,equivalent
2,1177,equivalent
2,1178,equivalent
2,1179,equivalent
2,1180,weaker
2,1181,weaker
2,1182,equivalent
2,1183,equivalent
2,1184,weaker
2,1185,equivalent
2,1186,equivalent
2,1187,equivalent
2,1188,weaker
2,1189,equivalent
2,1190,equivalent
2,1191,equivalent
2,1192,weaker
2,1193,equivalent
2,1194,equivalent
2,1195,equivalent
2,1196,equivalent
2,1197,weaker
2,1198,equivalent
2,1199,equivalent
2,1200,equivalent
2,1201,equivalent
2,1202,weaker
2,1203,equivalent
2,1204,equivalent
2,1205,equivalent
2,1206,equivalent
2,1207,weaker
2,1208,equivalent
2,1209,equivalent
2,1210,equivalent
2,1211,equivalent
2,1212,weaker
2,1213,equivalent
2,1214,equivalent
2,1215,equivalent
2,1216,equivalent
2,1217,weaker
2,1218,equivalent
2,1219,equivalent
2,1220,equivalent
2,1221,equivalent
2,1222,equivalent
2,1223,weaker
2,1224,weaker
2,1225,weaker
2,1226,weaker
2,1227,weaker
2,1228,weaker
2,1229,weaker
2,1230,weaker
2,1231,weaker
2,1232,weaker
2,1233,weaker
2,1234,weaker
2,1235,weaker
2,1236,weaker
2,1237,weaker
2,1238,weaker
2,1239,weaker
2,1240,weaker
2,1241,weaker
2,1242,weaker
2,1243,weaker
2,1244,weaker
2,1245,weaker
2,1246,weaker
2,1247,weaker
2,1248,weaker
2,1249,weaker
2,1250,weaker
2,1251,weaker
2,1252,weaker
2,1253,weaker
2,1254,weaker
2,1255,weaker
2,1256,weaker
2,1257,weaker
2,1258,weaker
2,1259,weaker
2,1260,weaker
2,1261,weaker
2,1262,weaker
2,1263,weaker
2,1264,weaker
2,1265,weaker
2,1266,weaker
2,1267,weaker
2,1268,weaker
2,1269,weaker
2,1270,weaker
2,1271,weaker
2,1272,weaker
2,1273,weaker
2,1274,weaker
2,1275,weaker
2,1276,weaker
2,1277,equivalent
2,1278,weaker
2,1279,weaker
2,1280,equivalent
2,1281,weaker
2,1282,equivalent
2,1283,equivalent
2,1284,equivalent
2,1285,weaker
2,1286,weaker
2,1287,equivalent
2,1288,weaker
2,1289,weaker
2,1290,equivalent
2,1291,weaker
2,1292,equivalent
2,1293,weaker
2,1294,equivalent
2,1295,weaker
2,1296,equivalent
2,1297,equivalent
2,1298,equivalent
2,1299,weaker
2,1300,equivalent
2,1301,weaker
2,1302,equivalent
2,1303,weaker
2,1304,weaker
2,1305,equivalent
2,1306,equivalent
2,1307,weaker
2,1308,equivalent
2,1309,equivalent
2,1310,equivalent
2,1311,equivalent
2,1312,weaker
2,1313,weaker
2,1314,equivalent
2,1315,weaker
2,1316,weaker
2,1317,equivalent
2,1318,weaker
2,1319,equivalent
2,1320,weaker
2,1321,equivalent
2,1322,weaker
2,1323,weaker
2,1324,equivalent
2,1325,weaker
2,1326,equivalent
2,1327,equivalent
2,1328,weaker
2,1329,equivalent
2,1330,equivalent
2,1331,equivalent
2,1332,weaker
2,1333,equivalent
2,1334,weaker
2,1335,equivalent
2,1336,weaker
2,1337,equivalent
2,1338,equivalent
2,1339,equivalent
2,1340,weaker
2,1341,equivalent
2,1342,equivalent
2,1343,equivalent
2,1344,weaker
2,1345,equivalent
2,1346,equivalent
2,1347,equivalent
2,1348,equivalent
2,1349,weaker
2,1350,equivalent
2,1351,equivalent
2,1352,equivalent
2,1353,weaker
2,1354,equivalent
2,1355,weaker
2,1356,equivalent
2,1357,weaker
2,1358,weaker
2,1359,equivalent
2,1360,equivalent
2,1361,weaker
2,1362,equivalent
2,1363,equivalent
2,1364,equivalent
2,1365,equivalent
2,1366,weaker
2,1367,equivalent
2,1368,weaker
2,1369,equivalent
2,1370,weaker
2,1371,equivalent
2,1372,equivalent
2,1373,equivalent
2,1374,weaker
2,1375,equivalent
2,1376,equivalent
2,1377,equivalent
2,1378,weaker
2,1379,equivalent
2,1380,equivalent
2,1381,equivalent
2,1382,equivalent
2,1383,weaker
2,1384,weaker
2,1385,equivalent
2,1386,equivalent
2,1387,weaker
2,1388,equivalent
2,1389,equivalent
2,1390,equivalent
2,1391,weaker
2,1392,equivalent
2,1393,equivalent
2,1394,equivalent
2,1395,weaker
2,1396,equivalent
2,1397,equivalent
2,1398,equivalent
2,1399,equivalent
2,1400,weaker
2,1401,equivalent
2,1402,equivalent
2,1403,equivalent
2,1404,equivalent
2,1405,weaker
2,1406,equivalent
2,1407,equivalent
2,1408,equivalent
2,1409,equivalent
2,1410,weaker
2,1411,equivalent
2,1412,equivalent
2,1413,equivalent
2,1414,equivalent
2,1415,weaker
2,1416,equivalent
2,1417,equivalent
2,1418,equivalent
2,1419,equivalent
2,1420,weaker
2,1421,equivalent
2,1422,equivalent
2,1423,equivalent
2,1424,equivalent
2,1425,equivalent
2,1426,weaker
2,1427,weaker
2,1428,weaker
2,1429,weaker
2,1430,weaker
2,1431,weaker
2,1432,weaker
2,1433,weaker
2,1434,weaker
2,1435,weaker
2,1436,weaker
2,1437,weaker
2,1438,weaker
2,1439,weaker
2,1440,weaker
2,1441,weaker
2,1442,weaker
2,1443,weaker
2,1444,weaker
2,1445,weaker
2,1446,weaker
2,1447,weaker
2,1448,weaker
2,1449,weaker
2,1450,weaker
2,1451,weaker
2,1452,weaker
2,1453,weaker
2,1454,weaker
2,1455,weaker
2,1456,weaker
2,1457,weaker
2,1458,weaker
2,1459,weaker
2,1460,weaker
2,1461,weaker
2,1462,weaker
2,1463,weaker
2,1464,weaker
2,1465,weaker
2,1466,weaker
2,1467,weaker
2,1468,weaker
2,1469,weaker
2,1470,weaker
2,1471,weaker
2,1472,weaker
2,1473,weaker
2,1474,weaker
2,1475,weaker
2,1476,weaker
2,1477,weaker
2,1478,weaker
2,1479,weaker
2,1480,weaker
2,1481,weaker
2,1482,weaker
2,1483,weaker
2,1484,weaker
2,1485,weaker
2,1486,weaker
2,1487,weaker
2,1488,weaker
2,1489,weaker
2,1490,equivalent
2,1491,weaker
2,1492,weaker
2,1493,equivalent
2,1494,weaker
2,1495,equivalent
2,1496,weaker
2,1497,equivalent
2,1498,weaker
2,1499,equivalent
2,1500,equivalent
2,1501,equivalent
2,1502,weaker
2,1503,equivalent
2,1504,weaker
2,1505,equivalent
2,1506,weaker
2,1507,weaker
2,1508,equivalent
2,1509,equivalent
2,1510,weaker
2,1511,equivalent
2,1512,equivalent
2,1513,equivalent
2,1514,equivalent
2,1515,weaker
2,1516,weaker
2,1517,equivalent
2,1518,weaker
2,1519,weaker
2,1520,equivalent
2,1521,weaker
2,1522,equivalent
2,1523,weaker
2,1524,equivalent
2,1525,weaker
2,1526,weaker
2,1527,equivalent
2,1528,weaker
2,1529,equivalent
2,1530,equivalent
2,1531,weaker
2,1532,equivalent
2,1533,equivalent
2,1534,equivalent
2,1535,weaker
2,1536,equivalent
2,1537,weaker
2,1538,equivalent
2,1539,weaker
2,1540,equivalent
2,1541,equivalent
2,1542,equivalent
2,1543,weaker
2,1544,equivalent
2,1545,equivalent
2,1546,equivalent
2,1547,weaker
2,1548,equivalent
2,1549,equivalent
2,1550,equivalent
2,1551,equivalent
2,1552,weaker
2,1553,equivalent
2,1554,equivalent
2,1555,equivalent
2,1556,weaker
2,1557,equivalent
2,1558,weaker
2,1559,equivalent
2,1560,weaker
2,1561,weaker
2,1562,equivalent
2,1563,equivalent
2,1564,weaker
2,1565,equivalent
2,1566,equivalent
2,1567,equivalent
2,1568,equivalent
2,1569,weaker
2,1570,equivalent
2,1571,weaker
2,1572,equivalent
2,1573,weaker
2,1574,equivalent
2,1575,equivalent
2,1576,equivalent
2,1577,weaker
2,1578,equivalent
2,1579,equivalent
2,1580,equivalent
2,1581,weaker
2,1582,equivalent
2,1583,equivalent
2,1584,equivalent
2,1585,equivalent
2,1586,weaker
2,1587,weaker
2,1588,equivalent
2,1589,equivalent
2,1590,weaker
2,1591,equivalent
2,1592,equivalent
2,1593,equivalent
2,1594,weaker
2,1595,equivalent
2,1596,equivalent
2,1597,equivalent
2,1598,weaker
2,1599,equivalent
2,1600,equivalent
2,1601,equivalent
2,1602,equivalent
2,1603,weaker
2,1604,equivalent
2,1605,equivalent
2,1606,equivalent
2,1607,equivalent
2,1608,weaker
2,1609,equivalent
2,1610,equivalent
2,1611,equivalent
2,1612,equivalent
2,1613,weaker
2,1614,equivalent
2,1615,equivalent
2,1616,equivalent
2,1617,equivalent
2,1618,weaker
2,1619,equivalent
2,1620,equivalent
2,1621,equivalent
2,1622,equivalent
2,1623,weaker
2,1624,equivalent
2,1625,equivalent
2,1626,equivalent
2,1627,equivalent
2,1628,equivalent
2,1629,weaker
2,1630,weaker
2,1631,weaker
2,1632,weaker
2,1633,weaker
2,1634,weaker
2,1635,weaker
2,1636,weaker
2,1637,weaker
2,1638,weaker
2,1639,weaker
2,1640,weaker
2,1641,weaker
2,1642,weaker
2,1643,weaker
2,1644,weaker
2,1645,weaker
2,1646,weaker
2,1647,weaker
2,1648,weaker
2,1649,weaker
2,1650,weaker
2,1651,weaker
2,1652,weaker
2,1653,weaker
2,1654,weaker
2,1655,weaker
2,1656,weaker
2,1657,weaker
2,1658,weaker
2,1659,weaker
2,1660,weaker
2,1661,weaker
2,1662,weaker
2,1663,weaker
2,1664,weaker
2,1665,weaker
2,1666,weaker
2,1667,weaker
2,1668,weaker
2,1669,weaker
2,1670,weaker
2,1671,weaker
2,1672,weaker
2,1673,weaker
2,1674,weaker
2,1675,weaker
2,1676,weaker
2,1677,weaker
2,1678,weaker
2,1679,weaker
2,1680,weaker
2,1681,weaker
2,1682,weaker
2,1683,equivalent
2,1684,weaker
2,1685,weaker
2,1686,equivalent
2,1687,weaker
2,1688,equivalent
2,1689,equivalent
2,1690,equivalent
2,1691,weaker
2,1692,weaker
2,1693,equivalent
2,1694,weaker
2,1695,weaker
2,1696,equivalent
2,1697,weaker
2,1698,equivalent
2,1699,weaker
2,1700,equivalent
2,1701,weaker
2,1702,equivalent
2,1703,equivalent
2,1704,equivalent
2,1705,weaker
2,1706,equivalent
2,1707,weaker
2,1708,equivalent
2,1709,weaker
2,1710,weaker
2,1711,equivalent
2,1712,equivalent
2,1713,weaker
2,1714,equivalent
2,1715,equivalent
2,1716,equivalent
2,1717,equivalent
2,1718,weaker
2,1719,weaker
2,1720,equivalent
2,1721,weaker
2,1722,weaker
2,1723,equivalent
2,1724,weaker
2,1725,equivalent
2,1726,weaker
2,1727,equivalent
2,1728,weaker
2,1729,weaker
2,1730,equivalent
2,1731,weaker
2,1732,equivalent
2,1733,equivalent
2,1734,weaker
2,1735,equivalent
2,1736,equivalent
2,1737,equivalent
2,1738,weaker
2,1739,equivalent
2,1740,weaker
2,1741,equivalent
2,1742,weaker
2,1743,equivalent
2,1744,equivalent
2,1745,equivalent
2,1746,weaker
2,1747,equivalent
2,1748,equivalent
2,1749,equivalent
2,1750,weaker
2,1751,equivalent
2,1752,equivalent
2,1753,equivalent
2,1754,equivalent
2,1755,weaker
2,1756,equivalent
2,1757,equivalent
2,1758,equivalent
2,1759,weaker
2,1760,equivalent
2,1761,weaker
2,1762,equivalent
2,1763,weaker
2,1764,weaker
2,1765,equivalent
2,1766,equivalent
2,1767,weaker
2,1768,equivalent
2,1769,equivalent
2,1770,equivalent
2,1771,equivalent
2,1772,weaker
2,1773,equivalent
2,1774,weaker
2,1775,equivalent
2,1776,weaker
2,1777,equivalent
2,1778,equivalent
2,1779,equivalent
2,1780,weaker
2,1781,equivalent
2,1782,equivalent
2,1783,equivalent
2,1784,weaker
2,1785,equivalent
2,1786,equivalent
2,1787,equivalent
2,1788,equivalent
2,1789,weaker
2,1790,weaker
2,1791,equivalent
2,1792,equivalent
2,1793,weaker
2,1794,equivalent
2,1795,equivalent
2,1796,equivalent
2,1797,weaker
2,1798,equivalent
2,1799,equivalent
2,1800,equivalent
2,1801,weaker
2,1802,equivalent
2,1803,equivalent
2,1804,equivalent
2,1805,equivalent
2,1806,weaker
2,1807,equivalent
2,1808,equivalent
2,1809,equivalent
2,1810,equivalent
2,1811,weaker
2,1812,equivalent
2,1813,equivalent
2,1814,equivalent
2,1815,equivalent
2,1816,weaker
2,1817,equivalent
2,1818,equivalent
2,1819,equivalent
2,1820,equivalent
2,1821,weaker
2,1822,equivalent
2,1823,equivalent
2,1824,equivalent
2,1825,equivalent
2,1826,weaker
2,1827,equivalent
2,1828,equivalent
2,1829,equivalent
2,1830,equivalent
2,1831,equivalent
2,1832,weaker
2,1833,weaker
2,1834,weaker
2,1835,weaker
2,1836,weaker
2,1837,weaker
2,1838,weaker
2,1839,weaker
2,1840,weaker
2,1841,weaker
2,1842,weaker
2,1843,weaker
2,1844,weaker
2,1845,weaker
2,1846,weaker
2,1847,weaker
2,1848,weaker
2,1849,weaker
2,1850,weaker
2,1851,weaker
2,1852,weaker
2,1853,weaker
2,1854,weaker
2,1855,weaker
2,1856,weaker
2,1857,weaker
2,1858,weaker
2,1859,weaker
2,1860,weaker
2,1861,weaker
2,1862,weaker
2,1863,weaker
2,1864,weaker
2,1865,weaker
2,1866,weaker
2,1867,weaker
2,1868,weaker
2,1869,weaker
2,1870,weaker
2,1871,weaker
2,1872,weaker
2,1873,weaker
2,1874,weaker
2,1875,weaker
2,1876,weaker
2,1877,weaker
2,1878,weaker
2,1879,weaker
2,1880,weaker
2,1881,weaker
2,1882,weaker
2,1883,weaker
2,1884,weaker
2,1885,weaker
2,1886,equivalent
2,1887,weaker
2,1888,weaker
2,1889,equivalent
2,1890,weaker
2,1891,equivalent
2,1892,equivalent
2,1893,equivalent
2,1894,weaker
2,1895,weaker
2,1896,equivalent
2,1897,weaker
2,1898,weaker
2,1899,equivalent
2,1900,weaker
2,1901,equivalent
2,1902,weaker
2,1903,equivalent
2,1904,weaker
2,1905,equivalent
2,1906,equivalent
2,1907,equivalent
2,1908,weaker
2,1909,equivalent
2,1910,weaker
2,1911,equivalent
2,1912,weaker
2,1913,weaker
2,1914,equivalent
2,1915,equivalent
2,1916,weaker
2,1917,equivalent
2,1918,equivalent
2,1919,equivalent
2,1920,equivalent
2,1921,weaker
2,1922,weaker
2,1923,equivalent
2,1924,weaker
2,1925,weaker
2,1926,equivalent
2,1927,weaker
2,1928,equivalent
2,1929,weaker
2,1930,equivalent
2,1931,weaker
2,1932,weaker
2,1933,equivalent
2,1934,weaker
2,1935,equivalent
2,1936,equivalent
2,1937,weaker
2,1938,equivalent
2,1939,equivalent
2,1940,equivalent
2,1941,weaker
2,1942,equivalent
2,1943,weaker
2,1944,equivalent
2,1945,weaker
2,1946,equivalent
2,1947,equivalent
2,1948,equivalent
2,1949,weaker
2,1950,equivalent
2,1951,equivalent
2,1952,equivalent
2,1953,weaker
2,1954,equivalent
2,1955,equivalent
2,1956,equivalent
2,1957,equivalent
2,1958,weaker
2,1959,equivalent
2,1960,equivalent
2,1961,equivalent
2,1962,weaker
2,1963,equivalent
2,1964,weaker
2,1965,equivalent
2,1966,weaker
2,1967,weaker
2,1968,equivalent
2,1969,equivalent
2,1970,weaker
2,1971,equivalent
2,1972,equivalent
2,1973,equivalent
2,1974,equivalent
2,1975,weaker
2,1976,equivalent
2,1977,weaker
2,1978,equivalent
2,1979,weaker
2,1980,equivalent
2,1981,equivalent
2,1982,equivalent
2,1983,weaker
2,1984,equivalent
2,1985,equivalent
2,1986,equivalent
2,1987,weaker
2,1988,equivalent
2,1989,equivalent
2,1990,equivalent
2,1991,equivalent
2,1992,weaker
2,1993,weaker
2,1994,equivalent
2,1995,equivalent
2,1996,weaker
2,1997,equivalent
2,1998,equivalent
2,1999,equivalent
2,2000,weaker
2,2001,equivalent
2,2002,equivalent
2,2003,equivalent
2,2004,weaker
2,2005,equivalent
2,2006,equivalent
2,2007,equivalent
2,2008,equivalent
2,2009,weaker
2,2010,equivalent
2,2011,equivalent
2,2012,equivalent
2,2013,equivalent
2,2014,weaker
2,2015,equivalent
2,2016,equivalent
2,2017,equivalent
2,2018,equivalent
2,2019,weaker
2,2020,equivalent
2,2021,equivalent
2,2022,equivalent
2,2023,equivalent
2,2024,weaker
2,2025,equivalent
2,2026,equivalent
2,2027,equivalent
2,2028,equivalent
2,2029,weaker
2,2030,equivalent
2,2031,equivalent
2,2032,equivalent
2,2033,equivalent
2,2034,equivalent
2,2035,weaker
2,2036,weaker
2,2037,weaker
2,2038,weaker
2,2039,weaker
2,2040,weaker
2,2041,weaker
2,2042,weaker
2,2043,weaker
2,2044,weaker
2,2045,weaker
2,2046,weaker
2,2047,weaker
2,2048,weaker
2,2049,weaker
2,2050,weaker
2,2051,weaker
2,2052,weaker
2,2053,weaker
2,2054,weaker
2,2055,weaker
2,2056,weaker
2,2057,weaker
2,2058,weaker
2,2059,weaker
2,2060,weaker
2,2061,weaker
2,2062,weaker
2,2063,weaker
2,2064,weaker
2,2065,weaker
2,2066,weaker
2,2067,weaker
2,2068,weaker
2,2069,weaker
2,2070,weaker
2,2071,weaker
2,2072,weaker
2,2073,weaker
2,2074,weaker
2,2075,weaker
2,2076,weaker
2,2077,weaker
2,2078,weaker
2,2079,weaker
2,2080,weaker
2,2081,weaker
2,2082,weaker
2,2083,weaker
2,2084,weaker
2,2085,weaker
2,2086,weaker
2,2087,weaker
2,2088,weaker
2,2089,weaker
2,2090,weaker
2,2091,weaker
2,2092,equivalent
2,2093,weaker
2,2094,equivalent
2,2095,equivalent
2,2096,equivalent
2,2097,weaker
2,2098,weaker
2,2099,equivalent
2,2100,weaker
2,2101,weaker
2,2102,equivalent
2,2103,weaker
2,2104,equivalent
2,2105,weaker
2,2106,equivalent
2,2107,weaker
2,2108,equivalent
2,2109,equivalent
2,2110,equivalent
2,2111,weaker
2,2112,equivalent
2,2113,weaker
2,2114,equivalent
2,2115,weaker
2,2116,weaker
2,2117,equivalent
2,2118,equivalent
2,2119,weaker
2,2120,equivalent
2,2121,equivalent
2,2122,equivalent
2,2123,equivalent
2,2124,weaker
2,2125,weaker
2,2126,weaker
2,2127,weaker
2,2128,weaker
2,2129,equivalent
2,2130,weaker
2,2131,equivalent
2,2132,weaker
2,2133,equivalent
2,2134,weaker
2,2135,weaker
2,2136,equivalent
2,2137,weaker
2,2138,equivalent
2,2139,equivalent
2,2140,weaker
2,2141,equivalent
2,2142,equivalent
2,2143,equivalent
2,2144,weaker
2,2145,equivalent
2,2146,weaker
2,2147,equivalent
2,2148,weaker
2,2149,equivalent
2,2150,equivalent
2,2151,equivalent
2,2152,weaker
2,2153,equivalent
2,2154,equivalent
2,2155,equivalent
2,2156,weaker
2,2157,equivalent
2,2158,equivalent
2,2159,equivalent
2,2160,equivalent
2,2161,weaker
2,2162,weaker
2,2163,weaker
2,2164,weaker
2,2165,weaker
2,2166,equivalent
2,2167,weaker
2,2168,equivalent
2,2169,weaker
2,2170,weaker
2,2171,equivalent
2,2172,equivalent
2,2173,weaker
2,2174,equivalent
2,2175,equivalent
2,2176,equivalent
2,2177,equivalent
2,2178,weaker
2,2179,equivalent
2,2180,weaker
2,2181,equivalent
2,2182,weaker
2,2183,equivalent
2,2184,equivalent
2,2185,equivalent
2,2186,weaker
2,2187,equivalent
2,2188,equivalent
2,2189,equivalent
2,2190,weaker
2,2191,equivalent
2,2192,equivalent
2,2193,equivalent
2,2194,equivalent
2,2195,weaker
2,2196,weaker
2,2197,equivalent
2,2198,equivalent
2,2199,weaker
2,2200,equivalent
2,2201,equivalent
2,2202,equivalent
2,2203,weaker
2,2204,equivalent
2,2205,equivalent
2,2206,equivalent
2,2207,weaker
2,2208,equivalent
2,2209,equivalent
2,2210,equivalent
2,2211,equivalent
2,2212,weaker
2,2213,equivalent
2,2214,equivalent
2,2215,equivalent
2,2216,equivalent
2,2217,weaker
2,2218,equivalent
2,2219,equivalent
2,2220,equivalent
2,2221,equivalent
2,2222,weaker
2,2223,equivalent
2,2224,equivalent
2,2225,equivalent
2,2226,equivalent
2,2227,weaker
2,2228,equivalent
2,2229,equivalent
2,2230,equivalent
2,2231,equivalent
2,2232,weaker
2,2233,equivalent
2,2234,equivalent
2,2235,equivalent
2,2236,equivalent
2,2237,equivalent
2,2238,weaker
2,2239,weaker
2,2240,weaker
2,2241,weaker
2,2242,weaker
2,2243,weaker
2,2244,weaker
2,2245,weaker
2,2246,weaker
2,2247,weaker
2,2248,weaker
2,2249,weaker
2,2250,weaker
2,2251,weaker
2,2252,weaker
2,2253,weaker
2,2254,weaker
2,2255,weaker
2,2256,weaker
2,2257,weaker
2,2258,weaker
2,2259,weaker
2,2260,weaker
2,2261,weaker
2,2262,weaker
2,2263,weaker
2,2264,weaker
2,2265,weaker
2,2266,weaker
2,2267,weaker
2,2268,weaker
2,2269,weaker
2,2270,weaker
2,2271,weaker
2,2272,weaker
2,2273,weaker
2,2274,weaker
2,2275,weaker
2,2276,weaker
2,2277,weaker
2,2278,weaker
2,2279,weaker
2,2280,weaker
2,2281,weaker
2,2282,weaker
2,2283,weaker
2,2284,weaker
2,2285,weaker
2,2286,weaker
2,2287,weaker
2,2288,weaker
2,2289,weaker
2,2290,weaker
2,2291,weaker
2,2292,equivalent
2,2293,weaker
2,2294,weaker
2,2295,equivalent
2,2296,weaker
2,2297,equivalent
2,2298,equivalent
2,2299,equivalent
2,2300,weaker
2,2301,weaker
2,2302,equivalent
2,2303,weaker
2,2304,weaker
2,2305,equivalent
2,2306,weaker
2,2307,equivalent
2,2308,weaker
2,2309,equivalent
2,2310,weaker
2,2311,equivalent
2,2312,equivalent
2,2313,equivalent
2,2314,weaker
2,2315,equivalent
2,2316,weaker
2,2317,equivalent
2,2318,weaker
2,2319,weaker
2,2320,equivalent
2,2321,equivalent
2,2322,weaker
2,2323,equivalent
2,2324,equivalent
2,2325,equivalent
2,2326,equivalent
2,2327,weaker
2,2328,weaker
2,2329,equivalent
2,2330,weaker
2,2331,weaker
2,2332,equivalent
2,2333,weaker
2,2334,equivalent
2,2335,weaker
2,2336,equivalent
2,2337,weaker
2,2338,weaker
2,2339,equivalent
2,2340,weaker
2,2341,equivalent
2,2342,equivalent
2,2343,weaker
2,2344,equivalent
2,2345,equivalent
2,2346,equivalent
2,2347,weaker
2,2348,equivalent
2,2349,weaker
2,2350,equivalent
2,2351,weaker
2,2352,equivalent
2,2353,equivalent
2,2354,equivalent
2,2355,weaker
2,2356,equivalent
2,2357,equivalent
2,2358,equivalent
2,2359,weaker
2,2360,equivalent
2,2361,equivalent
2,2362,equivalent
2,2363,equivalent
2,2364,weaker
2,2365,equivalent
2,2366,equivalent
2,2367,equivalent
2,2368,weaker
2,2369,equivalent
2,2370,weaker
2,2371,equivalent
2,2372,weaker
2,2373,weaker
2,2374,equivalent
2,2375,equivalent
2,2376,weaker
2,2377,equivalent
2,2378,equivalent
2,2379,equivalent
2,2380,equivalent
2,2381,weaker
2,2382,equivalent
2,2383,weaker
2,2384,equivalent
2,2385,weaker
2,2386,equivalent
2,2387,equivalent
2,2388,equivalent
2,2389,weaker
2,2390,equivalent
2,2391,equivalent
2,2392,equivalent
2,2393,weaker
2,2394,equivalent
2,2395,equivalent
2,2396,equivalent
2,2397,equivalent
2,2398,weaker
2,2399,weaker
2,2400,equivalent
2,2401,equivalent
2,2402,weaker
2,2403,equivalent
2,2404,equivalent
2,2405,equivalent
2,2406,weaker
2,2407,equivalent
2,2408,equivalent
2,2409,equivalent
2,2410,weaker
2,2411,equivalent
2,2412,equivalent
2,2413,equivalent
2,2414,equivalent
2,2415,weaker
2,2416,equivalent
2,2417,equivalent
2,2418,equivalent
2,2419,equivalent
2,2420,weaker
2,2421,equivalent
2,2422,equivalent
2,2423,equivalent
2,2424,equivalent
2,2425,weaker
2,2426,equivalent
2,2427,equivalent
2,2428,equivalent
2,2429,equivalent
2,2430,weaker
2,2431,equivalent
2,2432,equivalent
2,2433,equivalent
2,2434,equivalent
2,2435,weaker
2,2436,equivalent
2,2437,equivalent
2,2438,equivalent
2,2439,equivalent
2,2440,equivalent
2,2441,weaker
2,2442,weaker
2,2443,weaker
2,2444,weaker
2,2445,weaker
2,2446,weaker
2,2447,weaker
2,2448,weaker
2,2449,weaker
2,2450,weaker
2,2451,weaker
2,2452,weaker
2,2453,weaker
2,2454,weaker
2,2455,weaker
2,2456,weaker
2,2457,weaker
2,2458,weaker
2,2459,weaker
2,2460,weaker
2,2461,weaker
2,2462,weaker
2,2463,weaker
2,2464,weaker
2,2465,weaker
2,2466,weaker
2,2467,weaker
2,2468,weaker
2,2469,weaker
2,2470,weaker
2,2471,weaker
2,2472,weaker
2,2473,weaker
2,2474,weaker
2,2475,weaker
2,2476,weaker
2,2477,weaker
2,2478,weaker
2,2479,weaker
2,2480,weaker
2,2481,weaker
2,2482,weaker
2,2483,weaker
2,2484,weaker
2,2485,weaker
2,2486,weaker
2,2487,weaker
2,2488,weaker
2,2489,weaker
2,2490,weaker
2,2491,weaker
2,2492,weaker
2,2493,weaker
2,2494,weaker
2,2495,equivalent
2,2496,weaker
2,2497,weaker
2,2498,equivalent
2,2499,weaker
2,2500,equivalent
2,2501,equivalent
2,2502,equivalent
2,2503,weaker
2,2504,weaker
2,2505,equivalent
2,2506,weaker
2,2507,weaker
2,2508,equivalent
2,2509,weaker
2,2510,equivalent
2,2511,weaker
2,2512,equivalent
2,2513,weaker
2,2514,equivalent
2,2515,equivalent
2,2516,equivalent
2,2517,weaker
2,2518,equivalent
2,2519,weaker
2,2520,equivalent
2,2521,weaker
2,2522,weaker
2,2523,equivalent
2,2524,equivalent
2,2525,weaker
2,2526,equivalent
2,2527,equivalent
2,2528,equivalent
2,2529,equivalent
2,2530,weaker
2,2531,weaker
2,2532,equivalent
2,2533,weaker
2,2534,weaker
2,2535,equivalent
2,2536,weaker
2,2537,equivalent
2,2538,weaker
2,2539,equivalent
2,2540,weaker
2,2541,weaker
2,2542,equivalent
2,2543,weaker
2,2544,equivalent
2,2545,equivalent
2,2546,weaker
2,2547,equivalent
2,2548,equivalent
2,2549,equivalent
2,2550,weaker
2,2551,equivalent
2,2552,weaker
2,2553,equivalent
2,2554,weaker
2,2555,equivalent
2,2556,equivalent
2,2557,equivalent
2,2558,weaker
2,2559,equivalent
2,2560,equivalent
2,2561,equivalent
2,2562,weaker
2,2563,equivalent
2,2564,equivalent
2,2565,equivalent
2,2566,equivalent
2,2567,weaker
2,2568,equivalent
2,2569,equivalent
2,2570,equivalent
2,2571,weaker
2,2572,equivalent
2,2573,weaker
2,2574,equivalent
2,2575,weaker
2,2576,weaker
2,2577,equivalent
2,2578,equivalent
2,2579,weaker
2,2580,equivalent
2,2581,equivalent
2,2582,equivalent
2,2583,equivalent
2,2584,weaker
2,2585,equivalent
2,2586,weaker
2,2587,equivalent
2,2588,weaker
2,2589,equivalent
2,2590,equivalent
2,2591,equivalent
2,2592,weaker
2,2593,equivalent
2,2594,equivalent
2,2595,equivalent
2,2596,weaker
2,2597,equivalent
2,2598,equivalent
2,2599,equivalent
2,2600,equivalent
2,2601,weaker
2,2602,weaker
2,2603,equivalent
2,2604,equivalent
2,2605,weaker
2,2606,equivalent
2,2607,equivalent
2,2608,equivalent
2,2609,weaker
2,2610,equivalent
2,2611,equivalent
2,2612,equivalent
2,2613,weaker
2,2614,equivalent
2,2615,equivalent
2,2616,equivalent
2,2617,equivalent
2,2618,weaker
2,2619,equivalent
2,2620,equivalent
2,2621,equivalent
2,2622,equivalent
2,2623,weaker
2,2624,equivalent
2,2625,equivalent
2,2626,equivalent
2,2627,equivalent
2,2628,weaker
2,2629,equivalent
2,2630,equivalent
2,2631,equivalent
2,2632,equivalent
2,2633,weaker
2,2634,equivalent
2,2635,equivalent
2,2636,equivalent
2,2637,equivalent
2,2638,weaker
2,2639,equivalent
2,2640,equivalent
2,2641,equivalent
2,2642,equivalent
2,2643,equivalent
2,2644,weaker
2,2645,weaker
2,2646,weaker
2,2647,weaker
2,2648,weaker
2,2649,weaker
2,2650,weaker
2,2651,weaker
2,2652,weaker
2,2653,weaker
2,2654,weaker
2,2655,weaker
2,2656,weaker
2,2657,weaker
2,2658,weaker
2,2659,weaker
2,2660,weaker
2,2661,weaker
2,2662,weaker
2,2663,weaker
2,2664,weaker
2,2665,weaker
2,2666,weaker
2,2667,weaker
2,2668,weaker
2,2669,weaker
2,2670,weaker
2,2671,weaker
2,2672,weaker
2,2673,weaker
2,2674,weaker
2,2675,weaker
2,2676,weaker
2,2677,weaker
2,2678,weaker
2,2679,weaker
2,2680,weaker
2,2681,weaker
2,2682,weaker
2,2683,weaker
2,2684,weaker
2,2685,weaker
2,2686,weaker
2,2687,weaker
2,2688,weaker
2,2689,weaker
2,2690,weaker
2,2691,weaker
2,2692,weaker
2,2693,weaker
2,2694,weaker
2,2695,weaker
2,2696,weaker
2,2697,weaker
2,2698,equivalent
2,2699,weaker
2,2700,weaker
2,2701,equivalent
2,2702,weaker
2,2703,equivalent
2,2704,equivalent
2,2705,equivalent
2,2706,weaker
2,2707,weaker
2,2708,equivalent
2,2709,weaker
2,2710,weaker
2,2711,equivalent
2,2712,weaker
2,2713,equivalent
2,2714,weaker
2,2715,equivalent
2,2716,weaker
2,2717,equivalent
2,2718,equivalent
2,2719,equivalent
2,2720,weaker
2,2721,equivalent
2,2722,weaker
2,2723,equivalent
2,2724,weaker
2,2725,weaker
2,2726,equivalent
2,2727,equivalent
2,2728,weaker
2,2729,equivalent
2,2730,equivalent
2,2731,equivalent
2,2732,equivalent
2,2733,weaker
2,2734,weaker
2,2735,equivalent
2,2736,weaker
2,2737,weaker
2,2738,equivalent
2,2739,weaker
2,2740,equivalent
2,2741,weaker
2,2742,equivalent
2,2743,weaker
2,2744,weaker
2,2745,equivalent
2,2746,weaker
2,2747,equivalent
2,2748,equivalent
2,2749,weaker
2,2750,equivalent
2,2751,equivalent
2,2752,equivalent
2,2753,weaker
2,2754,equivalent
2,2755,weaker
2,2756,equivalent
2,2757,weaker
2,2758,equivalent
2,2759,equivalent
2,2760,equivalent
2,2761,weaker
2,2762,equivalent
2,2763,equivalent
2,2764,equivalent
2,2765,weaker
2,2766,equivalent
2,2767,equivalent
2,2768,equivalent
2,2769,equivalent
2,2770,weaker
2,2771,equivalent
2,2772,equivalent
2,2773,equivalent
2,2774,weaker
2,2775,equivalent
2,2776,weaker
2,2777,equivalent
2,2778,weaker
2,2779,weaker
2,2780,equivalent
2,2781,equivalent
2,2782,weaker
2,2783,equivalent
2,2784,equivalent
2,2785,equivalent
2,2786,equivalent
2,2787,weaker
2,2788,equivalent
2,2789,weaker
2,2790,equivalent
2,2791,weaker
2,2792,equivalent
2,2793,equivalent
2,2794,equivalent
2,2795,weaker
2,2796,equivalent
2,2797,equivalent
2,2798,equivalent
2,2799,weaker
2,2800,equivalent
2,2801,equivalent
2,2802,equivalent
2,2803,equivalent
2,2804,weaker
2,2805,weaker
2,2806,equivalent
2,2807,equivalent
2,2808,weaker
2,2809,equivalent
2,2810,equivalent
2,2811,equivalent
2,2812,weaker
2,2813,equivalent
2,2814,equivalent
2,2815,equivalent
2,2816,weaker
2,2817,equivalent
2,2818,equivalent
2,2819,equivalent
2,2820,equivalent
2,2821,weaker
2,2822,equivalent
2,2823,equivalent
2,2824,equivalent
2,2825,equivalent
2,2826,weaker
2,2827,equivalent
2,2828,equivalent
2,2829,equivalent
2,2830,equivalent
2,2831,weaker
2,2832,equivalent
2,2833,equivalent
2,2834,equivalent
2,2835,equivalent
2,2836,weaker
2,2837,equivalent
2,2838,equivalent
2,2839,equivalent
2,2840,equivalent
2,2841,weaker
2,2842,equivalent
2,2843,equivalent
2,2844,equivalent
2,2845,equivalent
2,2846,equivalent
2,2847,weaker
2,2848,weaker
2,2849,weaker
2,2850,weaker
2,2851,weaker
2,2852,weaker
2,2853,weaker
2,2854,weaker
2,2855,weaker
2,2856,weaker
2,2857,weaker
2,2858,weaker
2,2859,weaker
2,2860,weaker
2,2861,weaker
2,2862,weaker
2,2863,weaker
2,2864,weaker
2,2865,weaker
2,2866,weaker
2,2867,weaker
2,2868,weaker
2,2869,weaker
2,2870,weaker
2,2871,weaker
2,2872,weaker
2,2873,weaker
2,2874,weaker
2,2875,weaker
2,2876,weaker
2,2877,weaker
2,2878,weaker
2,2879,weaker
2,2880,weaker
2,2881,weaker
2,2882,weaker
2,2883,weaker
2,2884,weaker
2,2885,weaker
2,2886,weaker
2,2887,weaker
2,2888,weaker
2,2889,weaker
2,2890,weaker
2,2891,weaker
2,2892,weaker
2,2893,weaker
2,2894,weaker
2,2895,weaker
2,2896,weaker
2,2897,weaker
2,2898,weaker
2,2899,weaker
2,2900,weaker
2,2901,equivalent
2,2902,weaker
2,2903,weaker
2,2904,equivalent
2,2905,weaker
2,2906,equivalent
2,2907,equivalent
2,2908,equivalent
2,2909,weaker
2,2910,weaker
2,2911,equivalent
2,2912,weaker
2,2913,weaker
2,2914,equivalent
2,2915,weaker
2,2916,equivalent
2,2917,weaker
2,2918,equivalent
2,2919,weaker
2,2920,equivalent
2,2921,equivalent
2,2922,equivalent
2,2923,weaker
2,2924,equivalent
2,2925,weaker
2,2926,equivalent
2,2927,weaker
2,2928,weaker
2,2929,equivalent
2,2930,equivalent
2,2931,weaker
2,2932,equivalent
2,2933,equivalent
2,2934,equivalent
2,2935,equivalent
2,2936,weaker
2,2937,weaker
2,2938,equivalent
2,2939,weaker
2,2940,weaker
2,2941,equivalent
2,2942,weaker
2,2943,equivalent
2,2944,weaker
2,2945,equivalent
2,2946,weaker
2,2947,weaker
2,2948,equivalent
2,2949,weaker
2,2950,equivalent
2,2951,equivalent
2,2952,weaker
2,2953,equivalent
2,2954,equivalent
2,2955,equivalent
2,2956,weaker
2,2957,equivalent
2,2958,weaker
2,2959,equivalent
2,2960,weaker
2,2961,equivalent
2,2962,equivalent
2,2963,equivalent
2,2964,weaker
2,2965,equivalent
2,2966,equivalent
2,2967,equivalent
2,2968,weaker
2,2969,equivalent
2,2970,equivalent
2,2971,equivalent
2,2972,equivalent
2,2973,weaker
2,2974,equivalent
2,2975,equivalent
2,2976,equivalent
2,2977,weaker
2,2978,equivalent
2,2979,weaker
2,2980,equivalent
2,2981,weaker
2,2982,weaker
2,2983,equivalent
2,2984,equivalent
2,2985,weaker
2,2986,equivalent
2,2987,equivalent
2,2988,equivalent
2,2989,equivalent
2,2990,weaker
2,2991,equivalent
2,2992,weaker
2,2993,equivalent
2,2994,weaker
2,2995,equivalent
2,2996,equivalent
2,2997,equivalent
2,2998,weaker
2,2999,equivalent
2,3000,equivalent
2,3001,equivalent
2,3002,weaker
2,3003,equivalent
2,3004,equivalent
2,3005,equivalent
2,3006,equivalent
2,3007,weaker
2,3008,weaker
2,3009,equivalent
2,3010,equivalent
2,3011,weaker
2,3012,equivalent
2,3013,equivalent
2,3014,equivalent
2,3015,weaker
2,3016,equivalent
2,3017,equivalent
2,3018,equivalent
2,3019,weaker
2,3020,equivalent
2,3021,equivalent
2,3022,equivalent
2,3023,equivalent
2,3024,weaker
2,3025,equivalent
2,3026,equivalent
2,3027,equivalent
2,3028,equivalent
2,3029,weaker
2,3030,equivalent
2,3031,equivalent
2,3032,equivalent
2,3033,equivalent
2,3034,weaker
2,3035,equivalent
2,3036,equivalent
2,3037,equivalent
2,3038,equivalent
2,3039,weaker
2,3040,equivalent
2,3041,equivalent
2,3042,equivalent
2,3043,equivalent
2,3044,weaker
2,3045,equivalent
2,3046,equivalent
2,3047,equivalent
2,3048,equivalent
2,3049,equivalent
2,3050,weaker
2,3051,weaker
2,3052,weaker
2,3053,weaker
2,3054,weaker
2,3055,weaker
2,3056,weaker
2,3057,weaker
2,3058,weaker
2,3059,weaker
2,3060,weaker
2,3061,weaker
2,3062,weaker
2,3063,weaker
2,3064,weaker
2,3065,weaker
2,3066,weaker
2,3067,weaker
2,3068,weaker
2,3069,weaker
2,3070,weaker
2,3071,weaker
2,3072,weaker
2,3073,weaker
2,3074,weaker
2,3075,weaker
2,3076,weaker
2,3077,weaker
2,3078,weaker
2,3079,weaker
2,3080,weaker
2,3081,weaker
2,3082,weaker
2,3083,weaker
2,3084,weaker
2,3085,weaker
2,3086,weaker
2,3087,weaker
2,3088,weaker
2,3089,weaker
2,3090,weaker
2,3091,weaker
2,3092,weaker
2,3093,weaker
2,3094,weaker
2,3095,weaker
2,3096,weaker
2,3097,weaker
2,3098,weaker
2,3099,weaker
2,3100,weaker
2,3101,weaker
2,3102,weaker
2,3103,weaker
2,3104,equivalent
2,3105,weaker
2,3106,weaker
2,3107,equivalent
2,3108,weaker
2,3109,equivalent
2,3110,equivalent
2,3111,equivalent
2,3112,weaker
2,3113,weaker
2,3114,equivalent
2,3115,weaker
2,3116,weaker
2,3117,equivalent
2,3118,weaker
2,3119,equivalent
2,3120,weaker
2,3121,equivalent
2,3122,weaker
2,3123,equivalent
2,3124,equivalent
2,3125,equivalent
2,3126,weaker
2,3127,equivalent
2,3128,weaker
2,3129,equivalent
2,3130,weaker
2,3131,weaker
2,3132,equivalent
2,3133,equivalent
2,3134,weaker
2,3135,equivalent
2,3136,equivalent
2,3137,equivalent
2,3138,equivalent
2,3139,weaker
2,3140,weaker
2,3141,equivalent
2,3142,weaker
2,3143,weaker
2,3144,equivalent
2,3145,weaker
2,3146,equivalent
2,3147,weaker
2,3148,equivalent
2,3149,weaker
2,3150,weaker
2,3151,equivalent
2,3152,weaker
2,3153,equivalent
2,3154,equivalent
2,3155,weaker
2,3156,equivalent
2,3157,equivalent
2,3158,equivalent
2,3159,weaker
2,3160,equivalent
2,3161,weaker
2,3162,equivalent
2,3163,weaker
2,3164,equivalent
2,3165,equivalent
2,3166,equivalent
2,3167,weaker
2,3168,equivalent
2,3169,equivalent
2,3170,equivalent
2,3171,weaker
2,3172,equivalent
2,3173,equivalent
2,3174,equivalent
2,3175,equivalent
2,3176,weaker
2,3177,equivalent
2,3178,equivalent
2,3179,equivalent
2,3180,weaker
2,3181,equivalent
2,3182,weaker
2,3183,equivalent
2,3184,weaker
2,3185,weaker
2,3186,equivalent
2,3187,equivalent
2,3188,weaker
2,3189,equivalent
2,3190,equivalent
2,3191,equivalent
2,3192,equivalent
2,3193,weaker
2,3194,equivalent
2,3195,weaker
2,3196,equivalent
2,3197,weaker
2,3198,equivalent
2,3199,equivalent
2,3200,equivalent
2,3201,weaker
2,3202,equivalent
2,3203,equivalent
2,3204,equivalent
2,3205,weaker
2,3206,equivalent
2,3207,equivalent
2,3208,equivalent
2,3209,equivalent
2,3210,weaker
2,3211,weaker
2,3212,equivalent
2,3213,equivalent
2,3214,weaker
2,3215,equivalent
2,3216,equivalent
2,3217,equivalent
2,3218,weaker
2,3219,equivalent
2,3220,equivalent
2,3221,equivalent
2,3222,weaker
2,3223,equivalent
2,3224,equivalent
2,3225,equivalent
2,3226,equivalent
2,3227,weaker
2,3228,equivalent
2,3229,equivalent
2,3230,equivalent
2,3231,equivalent
2,3232,weaker
2,3233,equivalent
2,3234,equivalent
2,3235,equivalent
2,3236,equivalent
2,3237,weaker
2,3238,equivalent
2,3239,equivalent
2,3240,equivalent
2,3241,equivalent
2,3242,weaker
2,3243,equivalent
2,3244,equivalent
2,3245,equivalent
2,3246,equivalent
2,3247,weaker
2,3248,equivalent
2,3249,equivalent
2,3250,equivalent
2,3251,equivalent
2,3252,equivalent
2,3253,weaker
2,3254,weaker
2,3255,weaker
2,3256,weaker
2,3257,weaker
2,3258,weaker
2,3259,weaker
2,3260,weaker
2,3261,weaker
2,3262,weaker
2,3263,weaker
2,3264,weaker
2,3265,weaker
2,3266,weaker
2,3267,weaker
2,3268,weaker
2,3269,weaker
2,3270,weaker
2,3271,weaker
2,3272,weaker
2,3273,weaker
2,3274,weaker
2,3275,weaker
2,3276,weaker
2,3277,weaker
2,3278,weaker
2,3279,weaker
2,3280,weaker
2,3281,weaker
2,3282,weaker
2,3283,weaker
2,3284,weaker
2,3285,weaker
2,3286,weaker
2,3287,weaker
2,3288,weaker
2,3289,weaker
2,3290,weaker
2,3291,weaker
2,3292,weaker
2,3293,weaker
2,3294,weaker
2,3295,weaker
2,3296,weaker
2,3297,weaker
2,3298,weaker
2,3299,weaker
2,3300,weaker
2,3301,weaker
2,3302,weaker
2,3303,weaker
2,3304,weaker
2,3305,weaker
2,3306,weaker
2,3307,weaker
2,3308,weaker
2,3309,weaker
2,3310,weaker
2,3311,weaker
2,3312,weaker
2,3313,weaker
2,3314,weaker
2,3315,weaker
2,3316,weaker
2,3317,weaker
2,3318,weaker
2,3319,weaker
2,3320,weaker
2,3321,weaker
2,3322,weaker
2,3323,weaker
2,3324,weaker
2,3325,weaker
2,3326,weaker
2,3327,weaker
2,3328,weaker
2,3329,weaker
2,3330,weaker
2,3331,weaker
2,3332,weaker
2,3333,weaker
2,3334,weaker
2,3335,weaker
2,3336,weaker
2,3337,weaker
2,3338,weaker
2,3339,weaker
2,3340,weaker
2,3341,weaker
2,3342,weaker
2,3343,weaker
2,3344,weaker
2,3345,weaker
2,3346,weaker
2,3347,weaker
2,3348,weaker
2,3349,weaker
2,3350,weaker
2,3351,weaker
2,3352,weaker
2,3353,weaker
2,3354,weaker
2,3355,weaker
2,3356,weaker
2,3357,weaker
2,3358,weaker
2,3359,weaker
2,3360,weaker
2,3361,weaker
2,3362,weaker
2,3363,weaker
2,3364,weaker
2,3365,weaker
2,3366,weaker
2,3367,weaker
2,3368,weaker
2,3369,weaker
2,3370,weaker
2,3371,weaker
2,3372,weaker
2,3373,weaker
2,3374,weaker
2,3375,weaker
2,3376,weaker
2,3377,weaker
2,3378,weaker
2,3379,weaker
2,3380,weaker
2,3381,weaker
2,3382,weaker
2,3383,weaker
2,3384,weaker
2,3385,weaker
2,3386,weaker
2,3387,weaker
2,3388,weaker
2,3389,weaker
2,3390,weaker
2,3391,weaker
2,3392,weaker
2,3393,weaker
2,3394,weaker
2,3395,weaker
2,3396,weaker
2,3397,weaker
2,3398,weaker
2,3399,weaker
2,3400,weaker
2,3401,weaker
2,3402,weaker
2,3403,weaker
2,3404,weaker
2,3405,weaker
2,3406,weaker
2,3407,weaker
2,3408,weaker
2,3409,weaker
2,3410,weaker
2,3411,weaker
2,3412,weaker
2,3413,weaker
2,3414,weaker
2,3415,weaker
2,3416,weaker
2,3417,weaker
2,3418,weaker
2,3419,weaker
2,3420,weaker
2,3421,weaker
2,3422,weaker
2,3423,weaker
2,3424,weaker
2,3425,weaker
2,3426,weaker
2,3427,weaker
2,3428,weaker
2,3429,weaker
2,3430,weaker
2,3431,weaker
2,3432,weaker
2,3433,weaker
2,3434,weaker
2,3435,weaker
2,3436,weaker
2,3437,weaker
2,3438,weaker
2,3439,weaker
2,3440,weaker
2,3441,weaker
2,3442,weaker
2,3443,weaker
2,3444,weaker
2,3445,weaker
2,3446,weaker
2,3447,weaker
2,3448,weaker
2,3449,weaker
2,3450,weaker
2,3451,weaker
2,3452,weaker
2,3453,weaker
2,3454,weaker
2,3455,weaker
2,3456,weaker
2,3457,weaker
2,3458,weaker
2,3459,weaker
2,3460,weaker
2,3461,weaker
2,3462,weaker
2,3463,weaker
2,3464,weaker
2,3465,weaker
2,3466,weaker
2,3467,weaker
2,3468,weaker
2,3469,weaker
2,3470,weaker
2,3471,weaker
2,3472,weaker
2,3473,weaker
2,3474,weaker
2,3475,weaker
2,3476,weaker
2,3477,weaker
2,3478,weaker
2,3479,weaker
2,3480,weaker
2,3481,weaker
2,3482,weaker
2,3483,weaker
2,3484,weaker
2,3485,weaker
2,3486,weaker
2,3487,weaker
2,3488,weaker
2,3489,weaker
2,3490,weaker
2,3491,weaker
2,3492,weaker
2,3493,weaker
2,3494,weaker
2,3495,weaker
2,3496,weaker
2,3497,weaker
2,3498,weaker
2,3499,weaker
2,3500,weaker
2,3501,weaker
2,3502,weaker
2,3503,weaker
2,3504,weaker
2,3505,weaker
2,3506,weaker
2,3507,weaker
2,3508,weaker
2,3509,weaker
2,3510,weaker
2,3511,weaker
2,3512,weaker
2,3513,weaker
2,3514,weaker
2,3515,weaker
2,3516,weaker
2,3517,weaker
2,3518,weaker
2,3519,weaker
2,3520,weaker
2,3521,weaker
2,3522,weaker
2,3523,weaker
2,3524,weaker
2,3525,weaker
2,3526,weaker
2,3527,weaker
2,3528,weaker
2,3529,weaker
2,3530,weaker
2,3531,weaker
2,3532,weaker
2,3533,weaker
2,3534,weaker
2,3535,weaker
2,3536,weaker
2,3537,weaker
2,3538,weaker
2,3539,weaker
2,3540,weaker
2,3541,weaker
2,3542,weaker
2,3543,weaker
2,3544,weaker
2,3545,weaker
2,3546,weaker
2,3547,weaker
2,3548,weaker
2,3549,weaker
2,3550,weaker
2,3551,weaker
2,3552,weaker
2,3553,weaker
2,3554,weaker
2,3555,weaker
2,3556,weaker
2,3557,weaker
2,3558,weaker
2,3559,weaker
2,3560,weaker
2,3561,weaker
2,3562,weaker
2,3563,weaker
2,3564,weaker
2,3565,weaker
2,3566,weaker
2,3567,weaker
2,3568,weaker
2,3569,weaker
2,3570,weaker
2,3571,weaker
2,3572,weaker
2,3573,weaker
2,3574,weaker
2,3575,weaker
2,3576,weaker
2,3577,weaker
2,3578,weaker
2,3579,weaker
2,3580,weaker
2,3581,weaker
2,3582,weaker
2,3583,weaker
2,3584,weaker
2,3585,weaker
2,3586,weaker
2,3587,weaker
2,3588,weaker
2,3589,weaker
2,3590,weaker
2,3591,weaker
2,3592,weaker
2,3593,weaker
2,3594,weaker
2,3595,weaker
2,3596,weaker
2,3597,weaker
2,3598,weaker
2,3599,weaker
2,3600,weaker
2,3601,weaker
2,3602,weaker
2,3603,weaker
2,3604,weaker
2,3605,weaker
2,3606,weaker
2,3607,weaker
2,3608,weaker
2,3609,weaker
2,3610,weaker
2,3611,weaker
2,3612,weaker
2,3613,weaker
2,3614,weaker
2,3615,weaker
2,3616,weaker
2,3617,weaker
2,3618,weaker
2,3619,weaker
2,3620,weaker
2,3621,weaker
2,3622,weaker
2,3623,weaker
2,3624,weaker
2,3625,weaker
2,3626,weaker
2,3627,weaker
2,3628,weaker
2,3629,weaker
2,3630,weaker
2,3631,weaker
2,3632,weaker
2,3633,weaker
2,3634,weaker
2,3635,weaker
2,3636,weaker
2,3637,weaker
2,3638,weaker
2,3639,weaker
2,3640,weaker
2,3641,weaker
2,3642,weaker
2,3643,weaker
2,3644,weaker
2,3645,weaker
2,3646,weaker
2,3647,weaker
2,3648,weaker
2,3649,weaker
2,3650,weaker
2,3651,weaker
2,3652,weaker
2,3653,weaker
2,3654,weaker
2,3655,weaker
2,3656,weaker
2,3657,weaker
2,3658,weaker
2,3659,weaker
2,3660,weaker
2,3661,weaker
2,3662,weaker
2,3663,weaker
2,3664,weaker
2,3665,weaker
2,3666,weaker
2,3667,weaker
2,3668,weaker
2,3669,weaker
2,3670,weaker
2,3671,weaker
2,3672,weaker
2,3673,weaker
2,3674,weaker
2,3675,weaker
2,3676,weaker
2,3677,weaker
2,3678,weaker
2,3679,weaker
2,3680,weaker
2,3681,weaker
2,3682,weaker
2,3683,weaker
2,3684,weaker
2,3685,weaker
2,3686,weaker
2,3687,weaker
2,3688,weaker
2,3689,weaker
2,3690,weaker
2,3691,weaker
2,3692,weaker
2,3693,weaker
2,3694,weaker
2,3695,weaker
2,3696,weaker
2,3697,weaker
2,3698,weaker
2,3699,weaker
2,3700,weaker
2,3701,weaker
2,3702,weaker
2,3703,weaker
2,3704,weaker
2,3705,weaker
2,3706,weaker
2,3707,weaker
2,3708,weaker
2,3709,weaker
2,3710,weaker
2,3711,weaker
2,3712,weaker
2,3713,weaker
2,3714,weaker
2,3715,weaker
2,3716,weaker
2,3717,weaker
2,3718,weaker
2,3719,weaker
2,3720,weaker
2,3721,weaker
2,3722,weaker
2,3723,weaker
2,3724,weaker
2,3725,weaker
2,3726,weaker
2,3727,weaker
2,3728,weaker
2,3729,weaker
2,3730,weaker
2,3731,weaker
2,3732,weaker
2,3733,weaker
2,3734,weaker
2,3735,weaker
2,3736,weaker
2,3737,weaker
2,3738,weaker
2,3739,weaker
2,3740,weaker
2,3741,weaker
2,3742,weaker
2,3743,weaker
2,3744,weaker
2,3745,weaker
2,3746,weaker
2,3747,weaker
2,3748,weaker
2,3749,weaker
2,3750,weaker
2,3751,weaker
2,3752,weaker
2,3753,weaker
2,3754,weaker
2,3755,weaker
2,3756,weaker
2,3757,weaker
2,3758,weaker
2,3759,weaker
2,3760,weaker
2,3761,weaker
2,3762,weaker
2,3763,weaker
2,3764,weaker
2,3765,weaker
2,3766,weaker
2,3767,weaker
2,3768,weaker
2,3769,weaker
2,3770,weaker
2,3771,weaker
2,3772,weaker
2,3773,weaker
2,3774,weaker
2,3775,weaker
2,3776,weaker
2,3777,weaker
2,3778,weaker
2,3779,weaker
2,3780,weaker
2,3781,weaker
2,3782,weaker
2,3783,weaker
2,3784,weaker
2,3785,weaker
2,3786,weaker
2,3787,weaker
2,3788,weaker
2,3789,weaker
2,3790,weaker
2,3791,weaker
2,3792,weaker
2,3793,weaker
2,3794,weaker
2,3795,weaker
2,3796,weaker
2,3797,weaker
2,3798,weaker
2,3799,weaker
2,3800,weaker
2,3801,weaker
2,3802,weaker
2,3803,weaker
2,3804,weaker
2,3805,weaker
2,3806,weaker
2,3807,weaker
2,3808,weaker
2,3809,weaker
2,3810,weaker
2,3811,weaker
2,3812,weaker
2,3813,weaker
2,3814,weaker
2,3815,weaker
2,3816,weaker
2,3817,weaker
2,3818,weaker
2,3819,weaker
2,3820,weaker
2,3821,weaker
2,3822,weaker
2,3823,weaker
2,3824,weaker
2,3825,weaker
2,3826,weaker
2,3827,weaker
2,3828,weaker
2,3829,weaker
2,3830,weaker
2,3831,weaker
2,3832,weaker
2,3833,weaker
2,3834,weaker
2,3835,weaker
2,3836,weaker
2,3837,weaker
2,3838,weaker
2,3839,weaker
2,3840,weaker
2,3841,weaker
2,3842,weaker
2,3843,weaker
2,3844,weaker
2,3845,weaker
2,3846,weaker
2,3847,weaker
2,3848,weaker
2,3849,weaker
2,3850,weaker
2,3851,weaker
2,3852,weaker
2,3853,weaker
2,3854,weaker
2,3855,weaker
2,3856,weaker
2,3857,weaker
2,3858,weaker
2,3859,weaker
2,3860,weaker
2,3861,weaker
2,3862,weaker
2,3863,weaker
2,3864,weaker
2,3865,weaker
2,3866,weaker
2,3867,weaker
2,3868,weaker
2,3869,weaker
2,3870,weaker
2,3871,weaker
2,3872,weaker
2,3873,weaker
2,3874,weaker
2,3875,weaker
2,3876,weaker
2,3877,weaker
2,3878,weaker
2,3879,weaker
2,3880,weaker
2,3881,weaker
2,3882,weaker
2,3883,weaker
2,3884,weaker
2,3885,weaker
2,3886,weaker
2,3887,weaker
2,3888,weaker
2,3889,weaker
2,3890,weaker
2,3891,weaker
2,3892,weaker
2,3893,weaker
2,3894,weaker
2,3895,weaker
2,3896,weaker
2,3897,weaker
2,3898,weaker
2,3899,weaker
2,3900,weaker
2,3901,weaker
2,3902,weaker
2,3903,weaker
2,3904,weaker
2,3905,weaker
2,3906,weaker
2,3907,weaker
2,3908,weaker
2,3909,weaker
2,3910,weaker
2,3911,weaker
2,3912,weaker
2,3913,weaker
2,3914,weaker
2,3915,weaker
2,3916,weaker
2,3917,weaker
2,3918,weaker
2,3919,weaker
2,3920,weaker
2,3921,weaker
2,3922,weaker
2,3923,weaker
2,3924,weaker
2,3925,weaker
2,3926,weaker
2,3927,weaker
2,3928,weaker
2,3929,weaker
2,3930,weaker
2,3931,weaker
2,3932,weaker
2,3933,weaker
2,3934,weaker
2,3935,weaker
2,3936,weaker
2,3937,weaker
2,3938,weaker
2,3939,weaker
2,3940,weaker
2,3941,weaker
2,3942,weaker
2,3943,weaker
2,3944,weaker
2,3945,weaker
2,3946,weaker
2,3947,weaker
2,3948,weaker
2,3949,weaker
2,3950,weaker
2,3951,weaker
2,3952,weaker
2,3953,weaker
2,3954,weaker
2,3955,weaker
2,3956,weaker
2,3957,weaker
2,3958,weaker
2,3959,weaker
2,3960,weaker
2,3961,weaker
2,3962,weaker
2,3963,weaker
2,3964,weaker
2,3965,weaker
2,3966,weaker
2,3967,weaker
2,3968,weaker
2,3969,weaker
2,3970,weaker
2,3971,weaker
2,3972,weaker
2,3973,weaker
2,3974,weaker
2,3975,weaker
2,3976,weaker
2,3977,weaker
2,3978,weaker
2,3979,weaker
2,3980,weaker
2,3981,weaker
2,3982,weaker
2,3983,weaker
2,3984,weaker
2,3985,weaker
2,3986,weaker
2,3987,weaker
2,3988,weaker
2,3989,weaker
2,3990,weaker
2,3991,weaker
2,3992,weaker
2,3993,weaker
2,3994,weaker
2,3995,weaker
2,3996,weaker
2,3997,weaker
2,3998,weaker
2,3999,weaker
2,4000,weaker
2,4001,weaker
2,4002,weaker
2,4003,weaker
2,4004,weaker
2,4005,weaker
2,4006,weaker
2,4007,weaker
2,4008,weaker
2,4009,weaker
2,4010,weaker
2,4011,weaker
2,4012,weaker
2,4013,weaker
2,4014,weaker
2,4015,weaker
2,4016,weaker
2,4017,weaker
2,4018,weaker
2,4019,weaker
2,4020,weaker
2,4021,weaker
2,4022,weaker
2,4023,weaker
2,4024,weaker
2,4025,weaker
2,4026,weaker
2,4027,weaker
2,4028,weaker
2,4029,weaker
2,4030,weaker
2,4031,weaker
2,4032,weaker
2,4033,weaker
2,4034,weaker
2,4035,weaker
2,4036,weaker
2,4037,weaker
2,4038,weaker
2,4039,weaker
2,4040,weaker
2,4041,weaker
2,4042,weaker
2,4043,weaker
2,4044,weaker
2,4045,weaker
2,4046,weaker
2,4047,weaker
2,4048,weaker
2,4049,weaker
2,4050,weaker
2,4051,weaker
2,4052,weaker
2,4053,weaker
2,4054,weaker
2,4055,weaker
2,4056,weaker
2,4057,weaker
2,4058,weaker
2,4059,weaker
2,4060,weaker
2,4061,weaker
2,4062,weaker
2,4063,weaker
2,4064,weaker
2,4065,weaker
2,4066,weaker
2,4067,weaker
2,4068,weaker
2,4069,weaker
2,4070,weaker
2,4071,weaker
2,4072,weaker
2,4073,weaker
2,4074,weaker
2,4075,weaker
2,4076,weaker
2,4077,weaker
2,4078,weaker
2,4079,weaker
2,4080,weaker
2,4081,weaker
2,4082,weaker
2,4083,weaker
2,4084,weaker
2,4085,weaker
2,4086,weaker
2,4087,weaker
2,4088,weaker
2,4089,weaker
2,4090,weaker
2,4091,weaker
2,4092,weaker
2,4093,weaker
2,4094,weaker
2,4095,weaker
2,4096,weaker
2,4097,weaker
2,4098,weaker
2,4099,weaker
2,4100,weaker
2,4101,weaker
2,4102,weaker
2,4103,weaker
2,4104,weaker
2,4105,weaker
2,4106,weaker
2,4107,weaker
2,4108,weaker
2,4109,weaker
2,4110,weaker
2,4111,weaker
2,4112,weaker
2,4113,weaker
2,4114,weaker
2,4115,weaker
2,4116,weaker
2,4117,weaker
2,4118,weaker
2,4119,weaker
2,4120,weaker
2,4121,weaker
2,4122,weaker
2,4123,weaker
2,4124,weaker
2,4125,weaker
2,4126,weaker
2,4127,weaker
2,4128,weaker
2,4129,weaker
2,4130,weaker
2,4131,weaker
2,4132,weaker
2,4133,weaker
2,4134,weaker
2,4135,weaker
2,4136,weaker
2,4137,weaker
2,4138,weaker
2,4139,weaker
2,4140,weaker
2,4141,weaker
2,4142,weaker
2,4143,weaker
2,4144,weaker
2,4145,weaker
2,4146,weaker
2,4147,weaker
2,4148,weaker
2,4149,weaker
2,4150,weaker
2,4151,weaker
2,4152,weaker
2,4153,weaker
2,4154,weaker
2,4155,weaker
2,4156,weaker
2,4157,weaker
2,4158,weaker
2,4159,weaker
2,4160,weaker
2,4161,weaker
2,4162,weaker
2,4163,weaker
2,4164,weaker
2,4165,weaker
2,4166,weaker
2,4167,weaker
2,4168,weaker
2,4169,weaker
2,4170,weaker
2,4171,weaker
2,4172,weaker
2,4173,weaker
2,4174,weaker
2,4175,weaker
2,4176,weaker
2,4177,weaker
2,4178,weaker
2,4179,weaker
2,4180,weaker
2,4181,weaker
2,4182,weaker
2,4183,weaker
2,4184,weaker
2,4185,weaker
2,4186,weaker
2,4187,weaker
2,4188,weaker
2,4189,weaker
2,4190,weaker
2,4191,weaker
2,4192,weaker
2,4193,weaker
2,4194,weaker
2,4195,weaker
2,4196,weaker
2,4197,weaker
2,4198,weaker
2,4199,weaker
2,4200,weaker
2,4201,weaker
2,4202,weaker
2,4203,weaker
2,4204,weaker
2,4205,weaker
2,4206,weaker
2,4207,weaker
2,4208,weaker
2,4209,weaker
2,4210,weaker
2,4211,weaker
2,4212,weaker
2,4213,weaker
2,4214,weaker
2,4215,weaker
2,4216,weaker
2,4217,weaker
2,4218,weaker
2,4219,weaker
2,4220,weaker
2,4221,weaker
2,4222,weaker
2,4223,weaker
2,4224,weaker
2,4225,weaker
2,4226,weaker
2,4227,weaker
2,4228,weaker
2,4229,weaker
2,4230,weaker
2,4231,weaker
2,4232,weaker
2,4233,weaker
2,4234,weaker
2,4235,weaker
2,4236,weaker
2,4237,weaker
2,4238,weaker
2,4239,weaker
2,4240,weaker
2,4241,weaker
2,4242,weaker
2,4243,weaker
2,4244,weaker
2,4245,weaker
2,4246,weaker
2,4247,weaker
2,4248,weaker
2,4249,weaker
2,4250,weaker
2,4251,weaker
2,4252,weaker
2,4253,weaker
2,4254,weaker
2,4255,weaker
2,4256,weaker
2,4257,weaker
2,4258,weaker
2,4259,weaker
2,4260,weaker
2,4261,weaker
2,4262,weaker
2,4263,weaker
2,4264,weaker
2,4265,weaker
2,4266,weaker
2,4267,weaker
2,4268,weaker
2,4269,weaker
2,4270,weaker
2,4271,weaker
2,4272,weaker
2,4273,weaker
2,4274,weaker
2,4275,weaker
2,4276,weaker
2,4277,weaker
2,4278,weaker
2,4279,weaker
2,4280,weaker
2,4281,weaker
2,4282,weaker
2,4283,weaker
2,4284,weaker
2,4285,weaker
2,4286,weaker
2,4287,weaker
2,4288,weaker
2,4289,weaker
2,4290,weaker
2,4291,weaker
2,4292,weaker
2,4293,weaker
2,4294,weaker
2,4295,weaker
2,4296,weaker
2,4297,weaker
2,4298,weaker
2,4299,weaker
2,4300,weaker
2,4301,weaker
2,4302,weaker
2,4303,weaker
2,4304,weaker
2,4305,weaker
2,4306,weaker
2,4307,weaker
2,4308,weaker
2,4309,weaker
2,4310,weaker
2,4311,weaker
2,4312,weaker
2,4313,weaker
2,4314,weaker
2,4315,weaker
2,4316,weaker
2,4317,weaker
2,4318,weaker
2,4319,weaker
2,4320,weaker
2,4321,weaker
2,4322,weaker
2,4323,weaker
2,4324,weaker
2,4325,weaker
2,4326,weaker
2,4327,weaker
2,4328,weaker
2,4329,weaker
2,4330,weaker
2,4331,weaker
2,4332,weaker
2,4333,weaker
2,4334,weaker
2,4335,weaker
2,4336,weaker
2,4337,weaker
2,4338,weaker
2,4339,weaker
2,4340,weaker
2,4341,weaker
2,4342,weaker
2,4343,weaker
2,4344,weaker
2,4345,weaker
2,4346,weaker
2,4347,weaker
2,4348,weaker
2,4349,weaker
2,4350,weaker
2,4351,weaker
2,4352,weaker
2,4353,weaker
2,4354,weaker
2,4355,weaker
2,4356,weaker
2,4357,weaker
2,4358,weaker
2,4359,weaker
2,4360,weaker
2,4361,weaker
2,4362,weaker
2,4363,weaker
2,4364,weaker
2,4365,weaker
2,4366,weaker
2,4367,weaker
2,4368,weaker
2,4369,weaker
2,4370,weaker
2,4371,weaker
2,4372,weaker
2,4373,weaker
2,4374,weaker
2,4375,weaker
2,4376,weaker
2,4377,weaker
2,4378,weaker
2,4379,weaker
2,4380,weaker
2,4381,weaker
2,4382,weaker
2,4383,weaker
2,4384,weaker
2,4385,weaker
2,4386,weaker
2,4387,weaker
2,4388,weaker
2,4389,weaker
2,4390,weaker
2,4391,weaker
2,4392,weaker
2,4393,weaker
2,4394,weaker
2,4395,weaker
2,4396,weaker
2,4397,weaker
2,4398,weaker
2,4399,weaker
2,4400,weaker
2,4401,weaker
2,4402,weaker
2,4403,weaker
2,4404,weaker
2,4405,weaker
2,4406,weaker
2,4407,weaker
2,4408,weaker
2,4409,weaker
2,4410,weaker
2,4411,weaker
2,4412,weaker
2,4413,weaker
2,4414,weaker
2,4415,weaker
2,4416,weaker
2,4417,weaker
2,4418,weaker
2,4419,weaker
2,4420,weaker
2,4421,weaker
2,4422,weaker
2,4423,weaker
2,4424,weaker
2,4425,weaker
2,4426,weaker
2,4427,weaker
2,4428,weaker
2,4429,weaker
2,4430,weaker
2,4431,weaker
2,4432,weaker
2,4433,weaker
2,4434,weaker
2,4435,weaker
2,4436,weaker
2,4437,weaker
2,4438,weaker
2,4439,weaker
2,4440,weaker
2,4441,weaker
2,4442,weaker
2,4443,weaker
2,4444,weaker
2,4445,weaker
2,4446,weaker
2,4447,weaker
2,4448,weaker
2,4449,weaker
2,4450,weaker
2,4451,weaker
2,4452,weaker
2,4453,weaker
2,4454,weaker
2,4455,weaker
2,4456,weaker
2,4457,weaker
2,4458,weaker
2,4459,weaker
2,4460,weaker
2,4461,weaker
2,4462,weaker
2,4463,weaker
2,4464,weaker
2,4465,weaker
2,4466,weaker
2,4467,weaker
2,4468,weaker
2,4469,weaker
2,4470,weaker
2,4471,weaker
2,4472,weaker
2,4473,weaker
2,4474,weaker
2,4475,weaker
2,4476,weaker
2,4477,weaker
2,4478,weaker
2,4479,weaker
2,4480,weaker
2,4481,weaker
2,4482,weaker
2,4483,weaker
2,4484,weaker
2,4485,weaker
2,4486,weaker
2,4487,weaker
2,4488,weaker
2,4489,weaker
2,4490,weaker
2,4491,weaker
2,4492,weaker
2,4493,weaker
2,4494,weaker
2,4495,weaker
2,4496,weaker
2,4497,weaker
2,4498,weaker
2,4499,weaker
2,4500,weaker
2,4501,weaker
2,4502,weaker
2,4503,weaker
2,4504,weaker
2,4505,weaker
2,4506,weaker
2,4507,weaker
2,4508,weaker
2,4509,weaker
2,4510,weaker
2,4511,weaker
2,4512,weaker
2,4513,weaker
2,4514,weaker
2,4515,weaker
2,4516,weaker
2,4517,weaker
2,4518,weaker
2,4519,weaker
2,4520,weaker
2,4521,weaker
2,4522,weaker
2,4523,weaker
2,4524,weaker
2,4525,weaker
2,4526,weaker
2,4527,weaker
2,4528,weaker
2,4529,weaker
2,4530,weaker
2,4531,weaker
2,4532,weaker
2,4533,weaker
2,4534,weaker
2,4535,weaker
2,4536,weaker
2,4537,weaker
2,4538,weaker
2,4539,weaker
2,4540,weaker
2,4541,weaker
2,4542,weaker
2,4543,weaker
2,4544,weaker
2,4545,weaker
2,4546,weaker
2,4547,weaker
2,4548,weaker
2,4549,weaker
2,4550,weaker
2,4551,weaker
2,4552,weaker
2,4553,weaker
2,4554,weaker
2,4555,weaker
2,4556,weaker
2,4557,weaker
2,4558,weaker
2,4559,weaker
2,4560,weaker
2,4561,weaker
2,4562,weaker
2,4563,weaker
2,4564,weaker
2,4565,weaker
2,4566,weaker
2,4567,weaker
2,4568,weaker
2,4569,weaker
2,4570,weaker
2,4571,weaker
2,4572,weaker
2,4573,weaker
2,4574,weaker
2,4575,weaker
2,4576,weaker
2,4577,weaker
2,4578,weaker
2,4579,weaker
2,4580,weaker
2,4581,weaker
2,4582,weaker
2,4583,weaker
2,4584,weaker
2,4585,weaker
2,4586,weaker
2,4587,weaker
2,4588,weaker
2,4589,weaker
2,4590,weaker
2,4591,weaker
2,4592,weaker
2,4593,weaker
2,4594,weaker
2,4595,weaker
2,4596,weaker
2,4597,weaker
2,4598,weaker
2,4599,weaker
2,4600,weaker
2,4601,weaker
2,4602,weaker
2,4603,weaker
2,4604,weaker
2,4605,weaker
2,4606,weaker
2,4607,weaker
2,4608,weaker
2,4609,weaker
2,4610,weaker
2,4611,weaker
2,4612,weaker
2,4613,weaker
2,4614,weaker
2,4615,weaker
2,4616,weaker
2,4617,weaker
2,4618,weaker
2,4619,weaker
2,4620,weaker
2,4621,weaker
2,4622,weaker
2,4623,weaker
2,4624,weaker
2,4625,weaker
2,4626,weaker
2,4627,weaker
2,4628,weaker
2,4629,weaker
2,4630,weaker
2,4631,weaker
2,4632,weaker
2,4633,weaker
2,4634,weaker
2,4635,weaker
2,4636,weaker
2,4637,weaker
2,4638,weaker
2,4639,weaker
2,4640,weaker
2,4641,weaker
2,4642,weaker
2,4643,weaker
2,4644,weaker
2,4645,weaker
2,4646,weaker
2,4647,weaker
2,4648,weaker
2,4649,weaker
2,4650,weaker
2,4651,weaker
2,4652,weaker
2,4653,weaker
2,4654,weaker
2,4655,weaker
2,4656,weaker
2,4657,weaker
2,4658,weaker
2,4659,weaker
2,4660,weaker
2,4661,weaker
2,4662,weaker
2,4663,weaker
2,4664,weaker
2,4665,weaker
2,4666,weaker
2,4667,weaker
2,4668,weaker
2,4669,weaker
2,4670,weaker
2,4671,weaker
2,4672,weaker
2,4673,weaker
2,4674,weaker
2,4675,weaker
2,4676,weaker
2,4677,weaker
2,4678,weaker
2,4679,weaker
2,4680,weaker
2,4681,weaker
2,4682,weaker
2,4683,weaker
2,4684,weaker
2,4685,weaker
2,4686,weaker
2,4687,weaker
2,4688,weaker
2,4689,weaker
2,4690,weaker
2,4691,weaker
2,4692,weaker
2,4693,weaker
2,4694,weaker
3,1,weaker
3,2,stronger
3,3,equivalent
3,4,stronger
3,5,stronger
3,6,stronger
3,7,stronger
3,8,weaker
3,9,stronger
3,10,incomparable
3,11,incomparable
3,12,stronger
3,13,incomparable
3,14,incomparable
3,15,stronger
3,16,incomparable
3,17,stronger
3,18,stronger
3,19,incomparable
3,20,stronger
3,21,stronger
3,22,stronger
3,23,weaker
3,24,incomparable
3,25,incomparable
3,26,incomparable
3,27,incomparable
3,28,stronger
3,29,incomparable
3,30,stronger
3,31,incomparable
3,32,stronger
3,33,stronger
3,34,stronger
3,35,stronger
3,36,stronger
3,37,stronger
3,38,incomparable
3,39,incomparable
3,40,incomparable
3,41,incomparable
3,42,incomparable
3,43,incomparable
3,44,incomparable
3,45,incomparable
3,46,incomparable
3,47,weaker
3,48,stronger
3,49,incomparable
3,50,incomparable
3,51,stronger
3,52,incomparable
3,53,incomparable
3,54,stronger
3,55,incomparable
3,56,incomparable
3,57,stronger
3,58,incomparable
3,59,stronger
3,60,stronger
3,61,stronger
3,62,incomparable
3,63,incomparable
3,64,stronger
3,65,incomparable
3,66,incomparable
3,67,stronger
3,68,incomparable
3,69,stronger
3,70,stronger
3,71,stronger
3,72,incomparable
3,73,incomparable
3,74,stronger
3,75,incomparable
3,76,stronger
3,77,stronger
3,78,incomparable
3,79,stronger
3,80,stronger
3,81,stronger
3,82,incomparable
3,83,stronger
3,84,stronger
3,85,stronger
3,86,incomparable
3,87,stronger
3,88,stronger
3,89,stronger
3,90,incomparable
3,91,stronger
3,92,stronger
3,93,stronger
3,94,incomparable
3,95,stronger
3,96,stronger
3,97,stronger
3,98,stronger
3,99,weaker
3,100,incomparable
3,101,incomparable
3,102,stronger
3,103,stronger
3,104,incomparable
3,105,incomparable
3,106,incomparable
3,107,incomparable
3,108,incomparable
3,109,incomparable
3,110,incomparable
3,111,incomparable
3,112,stronger
3,113,stronger
3,114,incomparable
3,115,incomparable
3,116,stronger
3,117,incomparable
3,118,incomparable
3,119,stronger
3,120,incomparable
3,121,stronger
3,122,stronger
3,123,stronger
3,124,incomparable
3,125,incomparable
3,126,stronger
3,127,incomparable
3,128,stronger
3,129,stronger
3,130,incomparable
3,131,stronger
3,132,stronger
3,133,stronger
3,134,incomparable
3,135,stronger
3,136,stronger
3,137,stronger
3,138,incomparable
3,139,stronger
3,140,stronger
3,141,stronger
3,142,incomparable
3,143,stronger
3,144,stronger
3,145,stronger
3,146,incomparable
3,147,stronger
3,148,stronger
3,149,stronger
3,150,stronger
3,151,weaker
3,152,incomparable
3,153,incomparable
3,154,incomparable
3,155,incomparable
3,156,incomparable
3,157,incomparable
3,158,incomparable
3,159,incomparable
3,160,incomparable
3,161,incomparable
3,162,incomparable
3,163,incomparable
3,164,incomparable
3,165,incomparable
3,166,incomparable
3,167,incomparable
3,168,incomparable
3,169,incomparable
3,170,incomparable
3,171,stronger
3,172,incomparable
3,173,stronger
3,174,stronger
3,175,stronger
3,176,incomparable
3,177,incomparable
3,178,stronger
3,179,incomparable
3,180,stronger
3,181,stronger
3,182,incomparable
3,183,stronger
3,184,stronger
3,185,stronger
3,186,incomparable
3,187,stronger
3,188,stronger
3,189,stronger
3,190,incomparable
3,191,stronger
3,192,stronger
3,193,stronger
3,194,incomparable
3,195,stronger
3,196,stronger
3,197,stronger
3,198,incomparable
3,199,stronger
3,200,stronger
3,201,stronger
3,202,stronger
3,203,weaker
3,204,incomparable
3,205,incomparable
3,206,incomparable
3,207,incomparable
3,208,incomparable
3,209,incomparable
3,210,incomparable
3,211,incomparable
3,212,incomparable
3,213,incomparable
3,214,incomparable
3,215,incomparable
3,216,incomparable
3,217,incomparable
3,218,incomparable
3,219,incomparable
3,220,stronger
3,221,incomparable
3,222,incomparable
3,223,stronger
3,224,incomparable
3,225,stronger
3,226,stronger
3,227,stronger
3,228,stronger
3,229,incomparable
3,230,stronger
3,231,incomparable
3,232,stronger
3,233,stronger
3,234,stronger
3,235,stronger
3,236,stronger
3,237,stronger
3,238,stronger
3,239,stronger
3,240,stronger
3,241,stronger
3,242,incomparable
3,243,stronger
3,244,stronger
3,245,stronger
3,246,incomparable
3,247,stronger
3,248,stronger
3,249,stronger
3,250,stronger
3,251,stronger
3,252,stronger
3,253,stronger
3,254,stronger
3,255,weaker
3,256,incomparable
3,257,incomparable
3,258,incomparable
3,259,incomparable
3,260,incomparable
3,261,incomparable
3,262,incomparable
3,263,incomparable
3,264,incomparable
3,265,incomparable
3,266,incomparable
3,267,incomparable
3,268,incomparable
3,269,incomparable
3,270,stronger
3,271,incomparable
3,272,stronger
3,273,incomparable
3,274,incomparable
3,275,stronger
3,276,stronger
3,277,stronger
3,278,stronger
3,279,stronger
3,280,incomparable
3,281,incomparable
3,282,stronger
3,283,incomparable
3,284,stronger
3,285,stronger
3,286,stronger
3,287,stronger
3,288,stronger
3,289,stronger
3,290,stronger
3,291,stronger
3,292,stronger
3,293,stronger
3,294,stronger
3,295,stronger
3,296,stronger
3,297,stronger
3,298,stronger
3,299,stronger
3,300,stronger
3,301,stronger
3,302,stronger
3,303,stronger
3,304,stronger
3,305,stronger
3,306,stronger
3,307,weaker
3,308,incomparable
3,309,incomparable
3,310,incomparable
3,311,incomparable
3,312,incomparable
3,313,incomparable
3,314,incomparable
3,315,incomparable
3,316,incomparable
3,317,incomparable
3,318,incomparable
3,319,incomparable
3,320,incomparable
3,321,incomparable
3,322,incomparable
3,323,incomparable
3,324,incomparable
3,325,incomparable
3,326,weaker
3,327,incomparable
3,328,incomparable
3,329,incomparable
3,330,incomparable
3,331,incomparable
3,332,incomparable
3,333,incomparable
3,334,incomparable
3,335,incomparable
3,336,incomparable
3,337,incomparable
3,338,incomparable
3,339,incomparable
3,340,incomparable
3,341,incomparable
3,342,incomparable
3,343,incomparable
3,344,incomparable
3,345,incomparable
3,346,incomparable
3,347,incomparable
3,348,incomparable
3,349,incomparable
3,350,incomparable
3,351,incomparable
3,352,incomparable
3,353,incomparable
3,354,incomparable
3,355,incomparable
3,356,incomparable
3,357,incomparable
3,358,incomparable
3,359,weaker
3,360,incomparable
3,361,incomparable
3,362,incomparable
3,363,incomparable
3,364,incomparable
3,365,incomparable
3,366,incomparable
3,367,incomparable
3,368,incomparable
3,369,incomparable
3,370,incomparable
3,371,incomparable
3,372,incomparable
3,373,incomparable
3,374,incomparable
3,375,weaker
3,376,incomparable
3,377,incomparable
3,378,incomparable
3,379,incomparable
3,380,incomparable
3,381,incomparable
3,382,incomparable
3,383,incomparable
3,384,incomparable
3,385,incomparable
3,386,incomparable
3,387,incomparable
3,388,incomparable
3,389,incomparable
3,390,incomparable
3,391,incomparable
3,392,incomparable
3,393,incomparable
3,394,incomparable
3,395,incomparable
3,396,incomparable
3,397,incomparable
3,398,incomparable
3,399,incomparable
3,400,incomparable
3,401,incomparable
3,402,incomparable
3,403,incomparable
3,404,incomparable
3,405,incomparable
3,406,incomparable
3,407,incomparable
3,408,incomparable
3,409,incomparable
3,410,incomparable
3,411,weaker
3,412,stronger
3,413,incomparable
3,414,incomparable
3,415,stronger
3,416,incomparable
3,417,incomparable
3,418,stronger
3,419,incomparable
3,420,incomparable
3,421,stronger
3,422,incomparable
3,423,stronger
3,424,stronger
3,425,stronger
3,426,incomparable
3,427,incomparable
3,428,stronger
3,429,incomparable
3,430,incomparable
3,431,stronger
3,432,incomparable
3,433,incomparable
3,434,incomparable
3,435,stronger
3,436,incomparable
3,437,incomparable
3,438,stronger
3,439,incomparable
3,440,incomparable
3,441,stronger
3,442,incomparable
3,443,incomparable
3,444,incomparable
3,445,stronger
3,446,incomparable
3,447,stronger
3,448,stronger
3,449,stronger
3,450,incomparable
3,451,stronger
3,452,incomparable
3,453,stronger
3,454,incomparable
3,455,incomparable
3,456,stronger
3,457,stronger
3,458,incomparable
3,459,stronger
3,460,stronger
3,461,stronger
3,462,stronger
3,463,incomparable
3,464,incomparable
3,465,stronger
3,466,incomparable
3,467,incomparable
3,468,stronger
3,469,incomparable
3,470,stronger
3,471,stronger
3,472,stronger
3,473,incomparable
3,474,incomparable
3,475,stronger
3,476,incomparable
3,477,incomparable
3,478,stronger
3,479,incomparable
3,480,stronger
3,481,incomparable
3,482,stronger
3,483,incomparable
3,484,stronger
3,485,stronger
3,486,stronger
3,487,incomparable
3,488,stronger
3,489,incomparable
3,490,stronger
3,491,incomparable
3,492,incomparable
3,493,stronger
3,494,stronger
3,495,incomparable
3,496,stronger
3,497,stronger
3,498,stronger
3,499,stronger
3,500,incomparable
3,501,incomparable
3,502,stronger
3,503,incomparable
3,504,incomparable
3,505,stronger
3,506,incomparable
3,507,stronger
3,508,incomparable
3,509,stronger
3,510,incomparable
3,511,incomparable
3,512,stronger
3,513,incomparable
3,514,stronger
3,515,stronger
3,516,incomparable
3,517,stronger
3,518,stronger
3,519,stronger
3,520,incomparable
3,521,stronger
3,522,incomparable
3,523,stronger
3,524,incomparable
3,525,stronger
3,526,stronger
3,527,stronger
3,528,incomparable
3,529,stronger
3,530,stronger
3,531,stronger
3,532,incomparable
3,533,stronger
3,534,stronger
3,535,stronger
3,536,stronger
3,537,incomparable
3,538,stronger
3,539,stronger
3,540,stronger
3,541,incomparable
3,542,stronger
3,543,incomparable
3,544,stronger
3,545,incomparable
3,546,incomparable
3,547,stronger
3,548,stronger
3,549,incomparable
3,550,stronger
3,551,stronger
3,552,stronger
3,553,stronger
3,554,incomparable
3,555,stronger
3,556,incomparable
3,557,stronger
3,558,incomparable
3,559,stronger
3,560,stronger
3,561,stronger
3,562,incomparable
3,563,stronger
3,564,stronger
3,565,stronger
3,566,incomparable
3,567,stronger
3,568,stronger
3,569,stronger
3,570,stronger
3,571,incomparable
3,572,incomparable
3,573,stronger
3,574,stronger
3,575,incomparable
3,576,stronger
3,577,stronger
3,578,stronger
3,579,incomparable
3,580,stronger
3,581,stronger
3,582,stronger
3,583,incomparable
3,584,stronger
3,585,stronger
3,586,stronger
3,587,stronger
3,588,incomparable
3,589,stronger
3,590,stronger
3,591,stronger
3,592,stronger
3,593,incomparable
3,594,stronger
3,595,stronger
3,596,stronger
3,597,stronger
3,598,incomparable
3,599,stronger
3,600,stronger
3,601,stronger
3,602,stronger
3,603,incomparable
3,604,stronger
3,605,stronger
3,606,stronger
3,607,stronger
3,608,incomparable
3,609,stronger
3,610,stronger
3,611,stronger
3,612,stronger
3,613,stronger
3,614,weaker
3,615,incomparable
3,616,incomparable
3,617,incomparable
3,618,stronger
3,619,incomparable
3,620,incomparable
3,621,incomparable
3,622,incomparable
3,623,incomparable
3,624,incomparable
3,625,incomparable
3,626,incomparable
3,627,stronger
3,628,stronger
3,629,incomparable
3,630,incomparable
3,631,stronger
3,632,incomparable
3,633,incomparable
3,634,stronger
3,635,incomparable
3,636,stronger
3,637,stronger
3,638,stronger
3,639,incomparable
3,640,incomparable
3,641,stronger
3,642,incomparable
3,643,incomparable
3,644,stronger
3,645,incomparable
3,646,incomparable
3,647,incomparable
3,648,stronger
3,649,incomparable
3,650,stronger
3,651,stronger
3,652,stronger
3,653,incomparable
3,654,stronger
3,655,incomparable
3,656,stronger
3,657,incomparable
3,658,incomparable
3,659,stronger
3,660,stronger
3,661,incomparable
3,662,stronger
3,663,stronger
3,664,stronger
3,665,stronger
3,666,incomparable
3,667,incomparable
3,668,stronger
3,669,incomparable
3,670,incomparable
3,671,stronger
3,672,incomparable
3,673,stronger
3,674,stronger
3,675,stronger
3,676,incomparable
3,677,incomparable
3,678,stronger
3,679,incomparable
3,680,incomparable
3,681,stronger
3,682,incomparable
3,683,stronger
3,684,incomparable
3,685,stronger
3,686,incomparable
3,687,stronger
3,688,stronger
3,689,stronger
3,690,incomparable
3,691,stronger
3,692,incomparable
3,693,stronger
3,694,incomparable
3,695,incomparable
3,696,stronger
3,697,stronger
3,698,incomparable
3,699,stronger
3,700,stronger
3,701,stronger
3,702,stronger
3,703,incomparable
3,704,incomparable
3,705,stronger
3,706,incomparable
3,707,incomparable
3,708,stronger
3,709,incomparable
3,710,stronger
3,711,incomparable
3,712,stronger
3,713,incomparable
3,714,incomparable
3,715,stronger
3,716,incomparable
3,717,stronger
3,718,stronger
3,719,incomparable
3,720,stronger
3,721,stronger
3,722,stronger
3,723,incomparable
3,724,stronger
3,725,incomparable
3,726,stronger
3,727,incomparable
3,728,stronger
3,729,stronger
3,730,stronger
3,731,incomparable
3,732,stronger
3,733,stronger
3,734,stronger
3,735,incomparable
3,736,stronger
3,737,stronger
3,738,stronger
3,739,stronger
3,740,incomparable
3,741,stronger
3,742,stronger
3,743,stronger
3,744,incomparable
3,745,stronger
3,746,incomparable
3,747,stronger
3,748,incomparable
3,749,incomparable
3,750,stronger
3,751,stronger
3,752,incomparable
3,753,stronger
3,754,stronger
3,755,stronger
3,756,stronger
3,757,incomparable
3,758,stronger
3,759,incomparable
3,760,stronger
3,761,incomparable
3,762,stronger
3,763,stronger
3,764,stronger
3,765,incomparable
3,766,stronger
3,767,stronger
3,768,stronger
3,769,incomparable
3,770,stronger
3,771,stronger
3,772,stronger
3,773,stronger
3,774,incomparable
3,775,incomparable
3,776,stronger
3,777,stronger
3,778,incomparable
3,779,stronger
3,780,stronger
3,781,stronger
3,782,incomparable
3,783,stronger
3,784,stronger
3,785,stronger
3,786,incomparable
3,787,stronger
3,788,stronger
3,789,stronger
3,790,stronger
3,791,incomparable
3,792,stronger
3,793,stronger
3,794,stronger
3,795,stronger
3,796,incomparable
3,797,stronger
3,798,stronger
3,799,stronger
3,800,stronger
3,801,incomparable
3,802,stronger
3,803,stronger
3,804,stronger
3,805,stronger
3,806,incomparable
3,807,stronger
3,808,stronger
3,809,stronger
3,810,stronger
3,811,incomparable
3,812,stronger
3,813,stronger
3,814,stronger
3,815,stronger
3,816,stronger
3,817,weaker
3,818,incomparable
3,819,incomparable
3,820,incomparable
3,821,incomparable
3,822,incomparable
3,823,incomparable
3,824,stronger
3,825,incomparable
3,826,incomparable
3,827,stronger
3,828,incomparable
3,829,stronger
3,830,stronger
3,831,stronger
3,832,incomparable
3,833,incomparable
3,834,incomparable
3,835,incomparable
3,836,incomparable
3,837,incomparable
3,838,incomparable
3,839,incomparable
3,840,incomparable
3,841,incomparable
3,842,incomparable
3,843,incomparable
3,844,incomparable
3,845,incomparable
3,846,incomparable
3,847,incomparable
3,848,incomparable
3,849,incomparable
3,850,incomparable
3,851,incomparable
3,852,incomparable
3,853,stronger
3,854,incomparable
3,855,stronger
3,856,incomparable
3,857,stronger
3,858,incomparable
3,859,stronger
3,860,incomparable
3,861,incomparable
3,862,stronger
3,863,stronger
3,864,incomparable
3,865,stronger
3,866,stronger
3,867,stronger
3,868,stronger
3,869,incomparable
3,870,incomparable
3,871,stronger
3,872,incomparable
3,873,incomparable
3,874,stronger
3,875,incomparable
3,876,stronger
3,877,stronger
3,878,stronger
3,879,incomparable
3,880,incomparable
3,881,stronger
3,882,incomparable
3,883,incomparable
3,884,stronger
3,885,incomparable
3,886,stronger
3,887,incomparable
3,888,stronger
3,889,incomparable
3,890,stronger
3,891,stronger
3,892,stronger
3,893,incomparable
3,894,stronger
3,895,incomparable
3,896,stronger
3,897,incomparable
3,898,incomparable
3,899,stronger
3,900,stronger
3,901,incomparable
3,902,stronger
3,903,stronger
3,904,stronger
3,905,stronger
3,906,incomparable
3,907,incomparable
3,908,stronger
3,909,incomparable
3,910,incomparable
3,911,stronger
3,912,incomparable
3,913,stronger
3,914,incomparable
3,915,stronger
3,916,incomparable
3,917,incomparable
3,918,stronger
3,919,incomparable
3,920,stronger
3,921,stronger
3,922,incomparable
3,923,stronger
3,924,stronger
3,925,stronger
3,926,incomparable
3,927,stronger
3,928,incomparable
3,929,stronger
3,930,incomparable
3,931,stronger
3,932,stronger
3,933,stronger
3,934,incomparable
3,935,stronger
3,936,stronger
3,937,stronger
3,938,incomparable
3,939,stronger
3,940,stronger
3,941,stronger
3,942,stronger
3,943,incomparable
3,944,stronger
3,945,stronger
3,946,stronger
3,947,incomparable
3,948,stronger
3,949,incomparable
3,950,stronger
3,951,incomparable
3,952,incomparable
3,953,stronger
3,954,stronger
3,955,incomparable
3,956,stronger
3,957,stronger
3,958,stronger
3,959,stronger
3,960,incomparable
3,961,stronger
3,962,incomparable
3,963,stronger
3,964,incomparable
3,965,stronger
3,966,stronger
3,967,stronger
3,968,incomparable
3,969,stronger
3,970,stronger
3,971,stronger
3,972,incomparable
3,973,stronger
3,974,stronger
3,975,stronger
3,976,stronger
3,977,incomparable
3,978,incomparable
3,979,stronger
3,980,stronger
3,981,incomparable
3,982,stronger
3,983,stronger
3,984,stronger
3,985,incomparable
3,986,stronger
3,987,stronger
3,988,stronger
3,989,incomparable
3,990,stronger
3,991,stronger
3,992,stronger
3,993,stronger
3,994,incomparable
3,995,stronger
3,996,stronger
3,997,stronger
3,998,stronger
3,999,incomparable
3,1000,stronger
3,1001,stronger
3,1002,stronger
3,1003,stronger
3,1004,incomparable
3,1005,stronger
3,1006,stronger
3,1007,stronger
3,1008,stronger
3,1009,incomparable
3,1010,stronger
3,1011,stronger
3,1012,stronger
3,1013,stronger
3,1014,incomparable
3,1015,stronger
3,1016,stronger
3,1017,stronger
3,1018,stronger
3,1019,stronger
3,1020,weaker
3,1021,incomparable
3,1022,incomparable
3,1023,incomparable
3,1024,stronger
3,1025,incomparable
3,1026,incomparable
3,1027,stronger
3,1028,incomparable
3,1029,incomparable
3,1030,stronger
3,1031,incomparable
3,1032,stronger
3,1033,stronger
3,1034,stronger
3,1035,incomparable
3,1036,incomparable
3,1037,stronger
3,1038,incomparable
3,1039,incomparable
3,1040,stronger
3,1041,incomparable
3,1042,incomparable
3,1043,incomparable
3,1044,stronger
3,1045,incomparable
3,1046,incomparable
3,1047,stronger
3,1048,incomparable
3,1049,incomparable
3,1050,incomparable
3,1051,incomparable
3,1052,incomparable
3,1053,incomparable
3,1054,stronger
3,1055,incomparable
3,1056,incomparable
3,1057,stronger
3,1058,stronger
3,1059,incomparable
3,1060,incomparable
3,1061,incomparable
3,1062,stronger
3,1063,incomparable
3,1064,incomparable
3,1065,stronger
3,1066,stronger
3,1067,incomparable
3,1068,incomparable
3,1069,stronger
3,1070,stronger
3,1071,stronger
3,1072,incomparable
3,1073,incomparable
3,1074,stronger
3,1075,incomparable
3,1076,unknown
3,1077,stronger
3,1078,incomparable
3,1079,stronger
3,1080,stronger
3,1081,stronger
3,1082,incomparable
3,1083,incomparable
3,1084,stronger
3,1085,incomparable
3,1086,incomparable
3,1087,stronger
3,1088,incomparable
3,1089,stronger
3,1090,incomparable
3,1091,stronger
3,1092,incomparable
3,1093,stronger
3,1094,stronger
3,1095,stronger
3,1096,incomparable
3,1097,stronger
3,1098,incomparable
3,1099,stronger
3,1100,incomparable
3,1101,incomparable
3,1102,stronger
3,1103,stronger
3,1104,incomparable
3,1105,stronger
3,1106,stronger
3,1107,stronger
3,1108,stronger
3,1109,incomparable
3,1110,incomparable
3,1111,stronger
3,1112,incomparable
3,1113,incomparable
3,1114,stronger
3,1115,incomparable
3,1116,stronger
3,1117,incomparable
3,1118,stronger
3,1119,incomparable
3,1120,incomparable
3,1121,stronger
3,1122,incomparable
3,1123,stronger
3,1124,stronger
3,1125,incomparable
3,1126,stronger
3,1127,stronger
3,1128,stronger
3,1129,incomparable
3,1130,stronger
3,1131,incomparable
3,1132,stronger
3,1133,incomparable
3,1134,stronger
3,1135,stronger
3,1136,stronger
3,1137,incomparable
3,1138,stronger
3,1139,stronger
3,1140,stronger
3,1141,incomparable
3,1142,stronger
3,1143,stronger
3,1144,stronger
3,1145,stronger
3,1146,incomparable
3,1147,stronger
3,1148,stronger
3,1149,stronger
3,1150,incomparable
3,1151,stronger
3,1152,incomparable
3,1153,stronger
3,1154,incomparable
3,1155,incomparable
3,1156,stronger
3,1157,stronger
3,1158,incomparable
3,1159,stronger
3,1160,stronger
3,1161,stronger
3,1162,stronger
3,1163,incomparable
3,1164,stronger
3,1165,incomparable
3,1166,stronger
3,1167,incomparable
3,1168,stronger
3,1169,stronger
3,1170,stronger
3,1171,incomparable
3,1172,stronger
3,1173,stronger
3,1174,stronger
3,1175,incomparable
3,1176,stronger
3,1177,stronger
3,1178,stronger
3,1179,stronger
3,1180,incomparable
3,1181,incomparable
3,1182,stronger
3,1183,stronger
3,1184,incomparable
3,1185,stronger
3,1186,stronger
3,1187,stronger
3,1188,incomparable
3,1189,stronger
3,1190,stronger
3,1191,stronger
3,1192,incomparable
3,1193,stronger
3,1194,stronger
3,1195,stronger
3,1196,stronger
3,1197,incomparable
3,1198,stronger
3,1199,stronger
3,1200,stronger
3,1201,stronger
3,1202,incomparable
3,1203,stronger
3,1204,stronger
3,1205,stronger
3,1206,stronger
3,1207,incomparable
3,1208,stronger
3,1209,stronger
3,1210,stronger
3,1211,stronger
3,1212,incomparable
3,1213,stronger
3,1214,stronger
3,1215,stronger
3,1216,stronger
3,1217,incomparable
3,1218,stronger
3,1219,stronger
3,1220,stronger
3,1221,stronger
3,1222,stronger
3,1223,weaker
3,1224,incomparable
3,1225,incomparable
3,1226,incomparable
3,1227,incomparable
3,1228,incomparable
3,1229,incomparable
3,1230,incomparable
3,1231,incomparable
3,1232,stronger
3,1233,stronger
3,1234,incomparable
3,1235,stronger
3,1236,stronger
3,1237,stronger
3,1238,incomparable
3,1239,incomparable
3,1240,incomparable
3,1241,incomparable
3,1242,incomparable
3,1243,incomparable
3,1244,incomparable
3,1245,incomparable
3,1246,incomparable
3,1247,incomparable
3,1248,incomparable
3,1249,incomparable
3,1250,incomparable
3,1251,incomparable
3,1252,incomparable
3,1253,incomparable
3,1254,incomparable
3,1255,incomparable
3,1256,incomparable
3,1257,incomparable
3,1258,incomparable
3,1259,incomparable
3,1260,incomparable
3,1261,incomparable
3,1262,incomparable
3,1263,incomparable
3,1264,incomparable
3,1265,incomparable
3,1266,incomparable
3,1267,incomparable
3,1268,stronger
3,1269,stronger
3,1270,incomparable
3,1271,incomparable
3,1272,stronger
3,1273,stronger
3,1274,stronger
3,1275,incomparable
3,1276,incomparable
3,1277,stronger
3,1278,incomparable
3,1279,incomparable
3,1280,stronger
3,1281,incomparable
3,1282,stronger
3,1283,stronger
3,1284,stronger
3,1285,incomparable
3,1286,incomparable
3,1287,stronger
3,1288,incomparable
3,1289,incomparable
3,1290,stronger
3,1291,incomparable
3,1292,stronger
3,1293,incomparable
3,1294,stronger
3,1295,incomparable
3,1296,stronger
3,1297,stronger
3,1298,stronger
3,1299,incomparable
3,1300,stronger
3,1301,incomparable
3,1302,stronger
3,1303,incomparable
3,1304,incomparable
3,1305,stronger
3,1306,stronger
3,1307,incomparable
3,1308,stronger
3,1309,stronger
3,1310,stronger
3,1311,stronger
3,1312,incomparable
3,1313,incomparable
3,1314,stronger
3,1315,incomparable
3,1316,incomparable
3,1317,stronger
3,1318,incomparable
3,1319,stronger
3,1320,incomparable
3,1321,stronger
3,1322,incomparable
3,1323,incomparable
3,1324,stronger
3,1325,incomparable
3,1326,stronger
3,1327,stronger
3,1328,incomparable
3,1329,stronger
3,1330,stronger
3,1331,stronger
3,1332,incomparable
3,1333,stronger
3,1334,incomparable
3,1335,stronger
3,1336,incomparable
3,1337,stronger
3,1338,stronger
3,1339,stronger
3,1340,incomparable
3,1341,stronger
3,1342,stronger
3,1343,stronger
3,1344,incomparable
3,1345,stronger
3,1346,stronger
3,1347,stronger
3,1348,stronger
3,1349,incomparable
3,1350,stronger
3,1351,stronger
3,1352,stronger
3,1353,incomparable
3,1354,stronger
3,1355,incomparable
3,1356,stronger
3,1357,incomparable
3,1358,incomparable
3,1359,stronger
3,1360,stronger
3,1361,incomparable
3,1362,stronger
3,1363,stronger
3,1364,stronger
3,1365,stronger
3,1366,incomparable
3,1367,stronger
3,1368,incomparable
3,1369,stronger
3,1370,incomparable
3,1371,stronger
3,1372,stronger
3,1373,stronger
3,1374,incomparable
3,1375,stronger
3,1376,stronger
3,1377,stronger
3,1378,incomparable
3,1379,stronger
3,1380,stronger
3,1381,stronger
3,1382,stronger
3,1383,incomparable
3,1384,incomparable
3,1385,stronger
3,1386,stronger
3,1387,incomparable
3,1388,stronger
3,1389,stronger
3,1390,stronger
3,1391,incomparable
3,1392,stronger
3,1393,stronger
3,1394,stronger
3,1395,incomparable
3,1396,stronger
3,1397,stronger
3,1398,stronger
3,1399,stronger
3,1400,incomparable
3,1401,stronger
3,1402,stronger
3,1403,stronger
3,1404,stronger
3,1405,incomparable
3,1406,stronger
3,1407,stronger
3,1408,stronger
3,1409,stronger
3,1410,incomparable
3,1411,stronger
3,1412,stronger
3,1413,stronger
3,1414,stronger
3,1415,incomparable
3,1416,stronger
3,1417,stronger
3,1418,stronger
3,1419,stronger
3,1420,incomparable
3,1421,stronger
3,1422,stronger
3,1423,stronger
3,1424,stronger
3,1425,stronger
3,1426,weaker
3,1427,incomparable
3,1428,incomparable
3,1429,incomparable
3,1430,incomparable
3,1431,incomparable
3,1432,incomparable
3,1433,incomparable
3,1434,incomparable
3,1435,incomparable
3,1436,incomparable
3,1437,incomparable
3,1438,incomparable
3,1439,incomparable
3,1440,incomparable
3,1441,incomparable
3,1442,incomparable
3,1443,incomparable
3,1444,incomparable
3,1445,incomparable
3,1446,incomparable
3,1447,incomparable
3,1448,incomparable
3,1449,incomparable
3,1450,incomparable
3,1451,incomparable
3,1452,incomparable
3,1453,incomparable
3,1454,incomparable
3,1455,incomparable
3,1456,incomparable
3,1457,incomparable
3,1458,incomparable
3,1459,incomparable
3,1460,incomparable
3,1461,incomparable
3,1462,incomparable
3,1463,incomparable
3,1464,incomparable
3,1465,incomparable
3,1466,incomparable
3,1467,incomparable
3,1468,incomparable
3,1469,incomparable
3,1470,incomparable
3,1471,incomparable
3,1472,incomparable
3,1473,incomparable
3,1474,incomparable
3,1475,incomparable
3,1476,incomparable
3,1477,incomparable
3,1478,incomparable
3,1479,incomparable
3,1480,incomparable
3,1481,incomparable
3,1482,incomparable
3,1483,incomparable
3,1484,incomparable
3,1485,incomparable
3,1486,incomparable
3,1487,incomparable
3,1488,incomparable
3,1489,incomparable
3,1490,stronger
3,1491,incomparable
3,1492,incomparable
3,1493,stronger
3,1494,incomparable
3,1495,stronger
3,1496,incomparable
3,1497,stronger
3,1498,incomparable
3,1499,stronger
3,1500,stronger
3,1501,stronger
3,1502,incomparable
3,1503,stronger
3,1504,incomparable
3,1505,stronger
3,1506,incomparable
3,1507,incomparable
3,1508,stronger
3,1509,stronger
3,1510,incomparable
3,1511,stronger
3,1512,stronger
3,1513,stronger
3,1514,stronger
3,1515,incomparable
3,1516,incomparable
3,1517,stronger
3,1518,incomparable
3,1519,incomparable
3,1520,stronger
3,1521,incomparable
3,1522,stronger
3,1523,incomparable
3,1524,stronger
3,1525,incomparable
3,1526,incomparable
3,1527,stronger
3,1528,incomparable
3,1529,stronger
3,1530,stronger
3,1531,incomparable
3,1532,stronger
3,1533,stronger
3,1534,stronger
3,1535,incomparable
3,1536,stronger
3,1537,incomparable
3,1538,stronger
3,1539,incomparable
3,1540,stronger
3,1541,stronger
3,1542,stronger
3,1543,incomparable
3,1544,stronger
3,1545,stronger
3,1546,stronger
3,1547,incomparable
3,1548,stronger
3,1549,stronger
3,1550,stronger
3,1551,stronger
3,1552,incomparable
3,1553,stronger
3,1554,stronger
3,1555,stronger
3,1556,incomparable
3,1557,stronger
3,1558,incomparable
3,1559,stronger
3,1560,incomparable
3,1561,incomparable
3,1562,stronger
3,1563,stronger
3,1564,incomparable
3,1565,stronger
3,1566,stronger
3,1567,stronger
3,1568,stronger
3,1569,incomparable
3,1570,stronger
3,1571,incomparable
3,1572,stronger
3,1573,incomparable
3,1574,stronger
3,1575,stronger
3,1576,stronger
3,1577,incomparable
3,1578,stronger
3,1579,stronger
3,1580,stronger
3,1581,incomparable
3,1582,stronger
3,1583,stronger
3,1584,stronger
3,1585,stronger
3,1586,incomparable
3,1587,incomparable
3,1588,stronger
3,1589,stronger
3,1590,incomparable
3,1591,stronger
3,1592,stronger
3,1593,stronger
3,1594,incomparable
3,1595,stronger
3,1596,stronger
3,1597,stronger
3,1598,incomparable
3,1599,stronger
3,1600,stronger
3,1601,stronger
3,1602,stronger
3,1603,incomparable
3,1604,stronger
3,1605,stronger
3,1606,stronger
3,1607,stronger
3,1608,incomparable
3,1609,stronger
3,1610,stronger
3,1611,stronger
3,1612,stronger
3,1613,incomparable
3,1614,stronger
3,1615,stronger
3,1616,stronger
3,1617,stronger
3,1618,incomparable
3,1619,stronger
3,1620,stronger
3,1621,stronger
3,1622,stronger
3,1623,incomparable
3,1624,stronger
3,1625,stronger
3,1626,stronger
3,1627,stronger
3,1628,stronger
3,1629,weaker
3,1630,incomparable
3,1631,incomparable
3,1632,incomparable
3,1633,incomparable
3,1634,incomparable
3,1635,incomparable
3,1636,incomparable
3,1637,incomparable
3,1638,incomparable
3,1639,incomparable
3,1640,incomparable
3,1641,incomparable
3,1642,incomparable
3,1643,incomparable
3,1644,incomparable
3,1645,incomparable
3,1646,incomparable
3,1647,incomparable
3,1648,incomparable
3,1649,incomparable
3,1650,incomparable
3,1651,incomparable
3,1652,incomparable
3,1653,incomparable
3,1654,incomparable
3,1655,incomparable
3,1656,incomparable
3,1657,incomparable
3,1658,incomparable
3,1659,incomparable
3,1660,incomparable
3,1661,incomparable
3,1662,incomparable
3,1663,incomparable
3,1664,incomparable
3,1665,incomparable
3,1666,incomparable
3,1667,incomparable
3,1668,incomparable
3,1669,incomparable
3,1670,incomparable
3,1671,incomparable
3,1672,incomparable
3,1673,incomparable
3,1674,incomparable
3,1675,incomparable
3,1676,incomparable
3,1677,incomparable
3,1678,incomparable
3,1679,incomparable
3,1680,incomparable
3,1681,incomparable
3,1682,incomparable
3,1683,stronger
3,1684,incomparable
3,1685,incomparable
3,1686,stronger
3,1687,incomparable
3,1688,stronger
3,1689,stronger
3,1690,stronger
3,1691,incomparable
3,1692,incomparable
3,1693,stronger
3,1694,incomparable
3,1695,incomparable
3,1696,stronger
3,1697,incomparable
3,1698,stronger
3,1699,incomparable
3,1700,stronger
3,1701,incomparable
3,1702,stronger
3,1703,stronger
3,1704,stronger
3,1705,incomparable
3,1706,stronger
3,1707,incomparable
3,1708,stronger
3,1709,incomparable
3,1710,incomparable
3,1711,stronger
3,1712,stronger
3,1713,incomparable
3,1714,stronger
3,1715,stronger
3,1716,stronger
3,1717,stronger
3,1718,incomparable
3,1719,incomparable
3,1720,stronger
3,1721,incomparable
3,1722,incomparable
3,1723,stronger
3,1724,incomparable
3,1725,stronger
3,1726,incomparable
3,1727,stronger
3,1728,incomparable
3,1729,incomparable
3,1730,stronger
3,1731,incomparable
3,1732,stronger
3,1733,stronger
3,1734,incomparable
3,1735,stronger
3,1736,stronger
3,1737,stronger
3,1738,incomparable
3,1739,stronger
3,1740,incomparable
3,1741,stronger
3,1742,incomparable
3,1743,stronger
3,1744,stronger
3,1745,stronger
3,1746,incomparable
3,1747,stronger
3,1748,stronger
3,1749,stronger
3,1750,incomparable
3,1751,stronger
3,1752,stronger
3,1753,stronger
3,1754,stronger
3,1755,incomparable
3,1756,stronger
3,1757,stronger
3,1758,stronger
3,1759,incomparable
3,1760,stronger
3,1761,incomparable
3,1762,stronger
3,1763,incomparable
3,1764,incomparable
3,1765,stronger
3,1766,stronger
3,1767,incomparable
3,1768,stronger
3,1769,stronger
3,1770,stronger
3,1771,stronger
3,1772,incomparable
3,1773,stronger
3,1774,incomparable
3,1775,stronger
3,1776,incomparable
3,1777,stronger
3,1778,stronger
3,1779,stronger
3,1780,incomparable
3,1781,stronger
3,1782,stronger
3,1783,stronger
3,1784,incomparable
3,1785,stronger
3,1786,stronger
3,1787,stronger
3,1788,stronger
3,1789,incomparable
3,1790,incomparable
3,1791,stronger
3,1792,stronger
3,1793,incomparable
3,1794,stronger
3,1795,stronger
3,1796,stronger
3,1797,incomparable
3,1798,stronger
3,1799,stronger
3,1800,stronger
3,1801,incomparable
3,1802,stronger
3,1803,stronger
3,1804,stronger
3,1805,stronger
3,1806,incomparable
3,1807,stronger
3,1808,stronger
3,1809,stronger
3,1810,stronger
3,1811,incomparable
3,1812,stronger
3,1813,stronger
3,1814,stronger
3,1815,stronger
3,1816,incomparable
3,1817,stronger
3,1818,stronger
3,1819,stronger
3,1820,stronger
3,1821,incomparable
3,1822,stronger
3,1823,stronger
3,1824,stronger
3,1825,stronger
3,1826,incomparable
3,1827,stronger
3,1828,stronger
3,1829,stronger
3,1830,stronger
3,1831,stronger
3,1832,weaker
3,1833,incomparable
3,1834,incomparable
3,1835,incomparable
3,1836,incomparable
3,1837,incomparable
3,1838,incomparable
3,1839,incomparable
3,1840,incomparable
3,1841,incomparable
3,1842,incomparable
3,1843,incomparable
3,1844,incomparable
3,1845,incomparable
3,1846,incomparable
3,1847,incomparable
3,1848,incomparable
3,1849,incomparable
3,1850,incomparable
3,1851,incomparable
3,1852,incomparable
3,1853,incomparable
3,1854,incomparable
3,1855,incomparable
3,1856,incomparable
3,1857,incomparable
3,1858,incomparable
3,1859,incomparable
3,1860,incomparable
3,1861,incomparable
3,1862,incomparable
3,1863,incomparable
3,1864,incomparable
3,1865,incomparable
3,1866,incomparable
3,1867,incomparable
3,1868,incomparable
3,1869,incomparable
3,1870,incomparable
3,1871,incomparable
3,1872,incomparable
3,1873,incomparable
3,1874,incomparable
3,1875,incomparable
3,1876,incomparable
3,1877,incomparable
3,1878,incomparable
3,1879,incomparable
3,1880,incomparable
3,1881,incomparable
3,1882,incomparable
3,1883,incomparable
3,1884,incomparable
3,1885,incomparable
3,1886,stronger
3,1887,incomparable
3,1888,incomparable
3,1889,stronger
3,1890,incomparable
3,1891,stronger
3,1892,stronger
3,1893,stronger
3,1894,incomparable
3,1895,incomparable
3,1896,stronger
3,1897,incomparable
3,1898,incomparable
3,1899,stronger
3,1900,incomparable
3,1901,stronger
3,1902,incomparable
3,1903,stronger
3,1904,incomparable
3,1905,stronger
3,1906,stronger
3,1907,stronger
3,1908,incomparable
3,1909,stronger
3,1910,incomparable
3,1911,stronger
3,1912,incomparable
3,1913,incomparable
3,1914,stronger
3,1915,stronger
3,1916,incomparable
3,1917,stronger
3,1918,stronger
3,1919,stronger
3,1920,stronger
3,1921,incomparable
3,1922,incomparable
3,1923,stronger
3,1924,incomparable
3,1925,incomparable
3,1926,stronger
3,1927,incomparable
3,1928,stronger
3,1929,incomparable
3,1930,stronger
3,1931,incomparable
3,1932,incomparable
3,1933,stronger
3,1934,incomparable
3,1935,stronger
3,1936,stronger
3,1937,incomparable
3,1938,stronger
3,1939,stronger
3,1940,stronger
3,1941,incomparable
3,1942,stronger
3,1943,incomparable
3,1944,stronger
3,1945,incomparable
3,1946,stronger
3,1947,stronger
3,1948,stronger
3,1949,incomparable
3,1950,stronger
3,1951,stronger
3,1952,stronger
3,1953,incomparable
3,1954,stronger
3,1955,stronger
3,1956,stronger
3,1957,stronger
3,1958,incomparable
3,1959,stronger
3,1960,stronger
3,1961,stronger
3,1962,incomparable
3,1963,stronger
3,1964,incomparable
3,1965,stronger
3,1966,incomparable
3,1967,incomparable
3,1968,stronger
3,1969,stronger
3,1970,incomparable
3,1971,stronger
3,1972,stronger
3,1973,stronger
3,1974,stronger
3,1975,incomparable
3,1976,stronger
3,1977,incomparable
3,1978,stronger
3,1979,incomparable
3,1980,stronger
3,1981,stronger
3,1982,stronger
3,1983,incomparable
3,1984,stronger
3,1985,stronger
3,1986,stronger
3,1987,incomparable
3,1988,stronger
3,1989,stronger
3,1990,stronger
3,1991,stronger
3,1992,incomparable
3,1993,incomparable
3,1994,stronger
3,1995,stronger
3,1996,incomparable
3,1997,stronger
3,1998,stronger
3,1999,stronger
3,2000,incomparable
3,2001,stronger
3,2002,stronger
3,2003,stronger
3,2004,incomparable
3,2005,stronger
3,2006,stronger
3,2007,stronger
3,2008,stronger
3,2009,incomparable
3,2010,stronger
3,2011,stronger
3,2012,stronger
3,2013,stronger
3,2014,incomparable
3,2015,stronger
3,2016,stronger
3,2017,stronger
3,2018,stronger
3,2019,incomparable
3,2020,stronger
3,2021,stronger
3,2022,stronger
3,2023,stronger
3,2024,incomparable
3,2025,stronger
3,2026,stronger
3,2027,stronger
3,2028,stronger
3,2029,incomparable
3,2030,stronger
3,2031,stronger
3,2032,stronger
3,2033,stronger
3,2034,stronger
3,2035,weaker
3,2036,incomparable
3,2037,incomparable
3,2038,incomparable
3,2039,incomparable
3,2040,incomparable
3,2041,incomparable
3,2042,incomparable
3,2043,incomparable
3,2044,incomparable
3,2045,incomparable
3,2046,incomparable
3,2047,incomparable
3,2048,incomparable
3,2049,incomparable
3,2050,incomparable
3,2051,incomparable
3,2052,incomparable
3,2053,incomparable
3,2054,incomparable
3,2055,incomparable
3,2056,incomparable
3,2057,incomparable
3,2058,incomparable
3,2059,incomparable
3,2060,incomparable
3,2061,incomparable
3,2062,incomparable
3,2063,incomparable
3,2064,incomparable
3,2065,incomparable
3,2066,incomparable
3,2067,incomparable
3,2068,incomparable
3,2069,incomparable
3,2070,incomparable
3,2071,incomparable
3,2072,incomparable
3,2073,incomparable
3,2074,incomparable
3,2075,incomparable
3,2076,incomparable
3,2077,incomparable
3,2078,incomparable
3,2079,incomparable
3,2080,incomparable
3,2081,incomparable
3,2082,incomparable
3,2083,incomparable
3,2084,incomparable
3,2085,incomparable
3,2086,incomparable
3,2087,incomparable
3,2088,incomparable
3,2089,incomparable
3,2090,incomparable
3,2091,incomparable
3,2092,stronger
3,2093,incomparable
3,2094,stronger
3,2095,stronger
3,2096,stronger
3,2097,incomparable
3,2098,incomparable
3,2099,stronger
3,2100,incomparable
3,2101,incomparable
3,2102,stronger
3,2103,incomparable
3,2104,stronger
3,2105,incomparable
3,2106,stronger
3,2107,incomparable
3,2108,stronger
3,2109,stronger
3,2110,stronger
3,2111,incomparable
3,2112,stronger
3,2113,incomparable
3,2114,stronger
3,2115,incomparable
3,2116,incomparable
3,2117,stronger
3,2118,stronger
3,2119,incomparable
3,2120,stronger
3,2121,stronger
3,2122,stronger
3,2123,stronger
3,2124,incomparable
3,2125,incomparable
3,2126,incomparable
3,2127,incomparable
3,2128,incomparable
3,2129,stronger
3,2130,incomparable
3,2131,stronger
3,2132,incomparable
3,2133,stronger
3,2134,incomparable
3,2135,incomparable
3,2136,stronger
3,2137,incomparable
3,2138,stronger
3,2139,stronger
3,2140,incomparable
3,2141,stronger
3,2142,stronger
3,2143,stronger
3,2144,incomparable
3,2145,stronger
3,2146,incomparable
3,2147,stronger
3,2148,incomparable
3,2149,stronger
3,2150,stronger
3,2151,stronger
3,2152,incomparable
3,2153,stronger
3,2154,stronger
3,2155,stronger
3,2156,incomparable
3,2157,stronger
3,2158,stronger
3,2159,stronger
3,2160,stronger
3,2161,incomparable
3,2162,incomparable
3,2163,incomparable
3,2164,incomparable
3,2165,incomparable
3,2166,stronger
3,2167,incomparable
3,2168,stronger
3,2169,incomparable
3,2170,incomparable
3,2171,stronger
3,2172,stronger
3,2173,incomparable
3,2174,stronger
3,2175,stronger
3,2176,stronger
3,2177,stronger
3,2178,incomparable
3,2179,stronger
3,2180,incomparable
3,2181,stronger
3,2182,incomparable
3,2183,stronger
3,2184,stronger
3,2185,stronger
3,2186,incomparable
3,2187,stronger
3,2188,stronger
3,2189,stronger
3,2190,incomparable
3,2191,stronger
3,2192,stronger
3,2193,stronger
3,2194,stronger
3,2195,incomparable
3,2196,incomparable
3,2197,stronger
3,2198,stronger
3,2199,incomparable
3,2200,stronger
3,2201,stronger
3,2202,stronger
3,2203,incomparable
3,2204,stronger
3,2205,stronger
3,2206,stronger
3,2207,incomparable
3,2208,stronger
3,2209,stronger
3,2210,stronger
3,2211,stronger
3,2212,incomparable
3,2213,stronger
3,2214,stronger
3,2215,stronger
3,2216,stronger
3,2217,incomparable
3,2218,stronger
3,2219,stronger
3,2220,stronger
3,2221,stronger
3,2222,incomparable
3,2223,stronger
3,2224,stronger
3,2225,stronger
3,2226,stronger
3,2227,incomparable
3,2228,stronger
3,2229,stronger
3,2230,stronger
3,2231,stronger
3,2232,incomparable
3,2233,stronger
3,2234,stronger
3,2235,stronger
3,2236,stronger
3,2237,stronger
3,2238,weaker
3,2239,incomparable
3,2240,incomparable
3,2241,incomparable
3,2242,incomparable
3,2243,incomparable
3,2244,incomparable
3,2245,incomparable
3,2246,incomparable
3,2247,incomparable
3,2248,incomparable
3,2249,incomparable
3,2250,incomparable
3,2251,incomparable
3,2252,incomparable
3,2253,incomparable
3,2254,incomparable
3,2255,incomparable
3,2256,incomparable
3,2257,incomparable
3,2258,incomparable
3,2259,incomparable
3,2260,incomparable
3,2261,incomparable
3,2262,incomparable
3,2263,incomparable
3,2264,incomparable
3,2265,incomparable
3,2266,incomparable
3,2267,incomparable
3,2268,incomparable
3,2269,incomparable
3,2270,incomparable
3,2271,incomparable
3,2272,incomparable
3,2273,incomparable
3,2274,incomparable
3,2275,incomparable
3,2276,incomparable
3,2277,incomparable
3,2278,incomparable
3,2279,incomparable
3,2280,incomparable
3,2281,incomparable
3,2282,incomparable
3,2283,incomparable
3,2284,incomparable
3,2285,incomparable
3,2286,incomparable
3,2287,incomparable
3,2288,incomparable
3,2289,incomparable
3,2290,incomparable
3,2291,incomparable
3,2292,stronger
3,2293,incomparable
3,2294,incomparable
3,2295,stronger
3,2296,incomparable
3,2297,stronger
3,2298,stronger
3,2299,stronger
3,2300,incomparable
3,2301,incomparable
3,2302,stronger
3,2303,incomparable
3,2304,incomparable
3,2305,stronger
3,2306,incomparable
3,2307,stronger
3,2308,incomparable
3,2309,stronger
3,2310,incomparable
3,2311,stronger
3,2312,stronger
3,2313,stronger
3,2314,incomparable
3,2315,stronger
3,2316,incomparable
3,2317,stronger
3,2318,incomparable
3,2319,incomparable
3,2320,stronger
3,2321,stronger
3,2322,incomparable
3,2323,stronger
3,2324,stronger
3,2325,stronger
3,2326,stronger
3,2327,incomparable
3,2328,incomparable
3,2329,stronger
3,2330,incomparable
3,2331,incomparable
3,2332,stronger
3,2333,incomparable
3,2334,stronger
3,2335,incomparable
3,2336,stronger
3,2337,stronger
3,2338,incomparable
3,2339,stronger
3,2340,incomparable
3,2341,stronger
3,2342,stronger
3,2343,stronger
3,2344,stronger
3,2345,stronger
3,2346,stronger
3,2347,stronger
3,2348,stronger
3,2349,incomparable
3,2350,stronger
3,2351,incomparable
3,2352,stronger
3,2353,stronger
3,2354,stronger
3,2355,incomparable
3,2356,stronger
3,2357,stronger
3,2358,stronger
3,2359,stronger
3,2360,stronger
3,2361,stronger
3,2362,stronger
3,2363,stronger
3,2364,incomparable
3,2365,stronger
3,2366,stronger
3,2367,stronger
3,2368,incomparable
3,2369,stronger
3,2370,incomparable
3,2371,stronger
3,2372,incomparable
3,2373,incomparable
3,2374,stronger
3,2375,stronger
3,2376,incomparable
3,2377,stronger
3,2378,stronger
3,2379,stronger
3,2380,stronger
3,2381,stronger
3,2382,stronger
3,2383,incomparable
3,2384,stronger
3,2385,incomparable
3,2386,stronger
3,2387,stronger
3,2388,stronger
3,2389,incomparable
3,2390,stronger
3,2391,stronger
3,2392,stronger
3,2393,stronger
3,2394,stronger
3,2395,stronger
3,2396,stronger
3,2397,stronger
3,2398,stronger
3,2399,incomparable
3,2400,stronger
3,2401,stronger
3,2402,incomparable
3,2403,stronger
3,2404,stronger
3,2405,stronger
3,2406,incomparable
3,2407,stronger
3,2408,stronger
3,2409,stronger
3,2410,stronger
3,2411,stronger
3,2412,stronger
3,2413,stronger
3,2414,stronger
3,2415,stronger
3,2416,stronger
3,2417,stronger
3,2418,stronger
3,2419,stronger
3,2420,incomparable
3,2421,stronger
3,2422,stronger
3,2423,stronger
3,2424,stronger
3,2425,incomparable
3,2426,stronger
3,2427,stronger
3,2428,stronger
3,2429,stronger
3,2430,incomparable
3,2431,stronger
3,2432,stronger
3,2433,stronger
3,2434,stronger
3,2435,stronger
3,2436,stronger
3,2437,stronger
3,2438,stronger
3,2439,stronger
3,2440,stronger
3,2441,weaker
3,2442,incomparable
3,2443,incomparable
3,2444,incomparable
3,2445,incomparable
3,2446,incomparable
3,2447,incomparable
3,2448,incomparable
3,2449,incomparable
3,2450,incomparable
3,2451,incomparable
3,2452,incomparable
3,2453,incomparable
3,2454,incomparable
3,2455,incomparable
3,2456,incomparable
3,2457,incomparable
3,2458,incomparable
3,2459,incomparable
3,2460,incomparable
3,2461,incomparable
3,2462,incomparable
3,2463,incomparable
3,2464,incomparable
3,2465,incomparable
3,2466,incomparable
3,2467,incomparable
3,2468,incomparable
3,2469,incomparable
3,2470,incomparable
3,2471,incomparable
3,2472,incomparable
3,2473,incomparable
3,2474,incomparable
3,2475,incomparable
3,2476,incomparable
3,2477,incomparable
3,2478,incomparable
3,2479,incomparable
3,2480,incomparable
3,2481,incomparable
3,2482,incomparable
3,2483,incomparable
3,2484,incomparable
3,2485,incomparable
3,2486,incomparable
3,2487,incomparable
3,2488,incomparable
3,2489,incomparable
3,2490,incomparable
3,2491,incomparable
3,2492,incomparable
3,2493,incomparable
3,2494,incomparable
3,2495,stronger
3,2496,incomparable
3,2497,incomparable
3,2498,stronger
3,2499,stronger
3,2500,stronger
3,2501,stronger
3,2502,stronger
3,2503,incomparable
3,2504,incomparable
3,2505,stronger
3,2506,incomparable
3,2507,incomparable
3,2508,stronger
3,2509,stronger
3,2510,stronger
3,2511,incomparable
3,2512,stronger
3,2513,stronger
3,2514,stronger
3,2515,stronger
3,2516,stronger
3,2517,incomparable
3,2518,stronger
3,2519,incomparable
3,2520,stronger
3,2521,stronger
3,2522,incomparable
3,2523,stronger
3,2524,stronger
3,2525,stronger
3,2526,stronger
3,2527,stronger
3,2528,stronger
3,2529,stronger
3,2530,incomparable
3,2531,unknown
3,2532,stronger
3,2533,incomparable
3,2534,incomparable
3,2535,stronger
3,2536,incomparable
3,2537,stronger
3,2538,incomparable
3,2539,stronger
3,2540,incomparable
3,2541,incomparable
3,2542,stronger
3,2543,incomparable
3,2544,stronger
3,2545,stronger
3,2546,stronger
3,2547,stronger
3,2548,stronger
3,2549,stronger
3,2550,stronger
3,2551,stronger
3,2552,incomparable
3,2553,stronger
3,2554,incomparable
3,2555,stronger
3,2556,stronger
3,2557,stronger
3,2558,incomparable
3,2559,stronger
3,2560,stronger
3,2561,stronger
3,2562,stronger
3,2563,stronger
3,2564,stronger
3,2565,stronger
3,2566,stronger
3,2567,stronger
3,2568,stronger
3,2569,stronger
3,2570,stronger
3,2571,incomparable
3,2572,stronger
3,2573,incomparable
3,2574,stronger
3,2575,stronger
3,2576,incomparable
3,2577,stronger
3,2578,stronger
3,2579,stronger
3,2580,stronger
3,2581,stronger
3,2582,stronger
3,2583,stronger
3,2584,stronger
3,2585,stronger
3,2586,incomparable
3,2587,stronger
3,2588,incomparable
3,2589,stronger
3,2590,stronger
3,2591,stronger
3,2592,incomparable
3,2593,stronger
3,2594,stronger
3,2595,stronger
3,2596,stronger
3,2597,stronger
3,2598,stronger
3,2599,stronger
3,2600,stronger
3,2601,stronger
3,2602,incomparable
3,2603,stronger
3,2604,stronger
3,2605,incomparable
3,2606,stronger
3,2607,stronger
3,2608,stronger
3,2609,incomparable
3,2610,stronger
3,2611,stronger
3,2612,stronger
3,2613,stronger
3,2614,stronger
3,2615,stronger
3,2616,stronger
3,2617,stronger
3,2618,stronger
3,2619,stronger
3,2620,stronger
3,2621,stronger
3,2622,stronger
3,2623,incomparable
3,2624,stronger
3,2625,stronger
3,2626,stronger
3,2627,stronger
3,2628,stronger
3,2629,stronger
3,2630,stronger
3,2631,stronger
3,2632,stronger
3,2633,stronger
3,2634,stronger
3,2635,stronger
3,2636,stronger
3,2637,stronger
3,2638,stronger
3,2639,stronger
3,2640,stronger
3,2641,stronger
3,2642,stronger
3,2643,stronger
3,2644,weaker
3,2645,incomparable
3,2646,incomparable
3,2647,incomparable
3,2648,incomparable
3,2649,incomparable
3,2650,incomparable
3,2651,incomparable
3,2652,incomparable
3,2653,incomparable
3,2654,incomparable
3,2655,incomparable
3,2656,incomparable
3,2657,incomparable
3,2658,incomparable
3,2659,incomparable
3,2660,incomparable
3,2661,incomparable
3,2662,incomparable
3,2663,incomparable
3,2664,incomparable
3,2665,incomparable
3,2666,incomparable
3,2667,incomparable
3,2668,incomparable
3,2669,incomparable
3,2670,incomparable
3,2671,incomparable
3,2672,incomparable
3,2673,incomparable
3,2674,incomparable
3,2675,incomparable
3,2676,incomparable
3,2677,incomparable
3,2678,incomparable
3,2679,incomparable
3,2680,incomparable
3,2681,incomparable
3,2682,incomparable
3,2683,incomparable
3,2684,incomparable
3,2685,incomparable
3,2686,incomparable
3,2687,incomparable
3,2688,incomparable
3,2689,incomparable
3,2690,incomparable
3,2691,incomparable
3,2692,incomparable
3,2693,incomparable
3,2694,incomparable
3,2695,incomparable
3,2696,incomparable
3,2697,incomparable
3,2698,stronger
3,2699,incomparable
3,2700,incomparable
3,2701,stronger
3,2702,incomparable
3,2703,stronger
3,2704,stronger
3,2705,stronger
3,2706,incomparable
3,2707,incomparable
3,2708,stronger
3,2709,incomparable
3,2710,incomparable
3,2711,stronger
3,2712,incomparable
3,2713,stronger
3,2714,incomparable
3,2715,stronger
3,2716,stronger
3,2717,stronger
3,2718,stronger
3,2719,stronger
3,2720,stronger
3,2721,stronger
3,2722,incomparable
3,2723,stronger
3,2724,incomparable
3,2725,incomparable
3,2726,stronger
3,2727,stronger
3,2728,stronger
3,2729,stronger
3,2730,stronger
3,2731,stronger
3,2732,stronger
3,2733,incomparable
3,2734,incomparable
3,2735,stronger
3,2736,incomparable
3,2737,incomparable
3,2738,stronger
3,2739,incomparable
3,2740,stronger
3,2741,incomparable
3,2742,stronger
3,2743,incomparable
3,2744,incomparable
3,2745,stronger
3,2746,incomparable
3,2747,stronger
3,2748,stronger
3,2749,stronger
3,2750,stronger
3,2751,stronger
3,2752,stronger
3,2753,stronger
3,2754,stronger
3,2755,incomparable
3,2756,stronger
3,2757,stronger
3,2758,stronger
3,2759,stronger
3,2760,stronger
3,2761,incomparable
3,2762,stronger
3,2763,stronger
3,2764,stronger
3,2765,stronger
3,2766,stronger
3,2767,stronger
3,2768,stronger
3,2769,stronger
3,2770,incomparable
3,2771,stronger
3,2772,stronger
3,2773,stronger
3,2774,incomparable
3,2775,stronger
3,2776,incomparable
3,2777,stronger
3,2778,incomparable
3,2779,incomparable
3,2780,stronger
3,2781,stronger
3,2782,incomparable
3,2783,stronger
3,2784,stronger
3,2785,stronger
3,2786,stronger
3,2787,stronger
3,2788,stronger
3,2789,incomparable
3,2790,stronger
3,2791,incomparable
3,2792,stronger
3,2793,stronger
3,2794,stronger
3,2795,incomparable
3,2796,stronger
3,2797,stronger
3,2798,stronger
3,2799,stronger
3,2800,stronger
3,2801,stronger
3,2802,stronger
3,2803,stronger
3,2804,stronger
3,2805,incomparable
3,2806,stronger
3,2807,stronger
3,2808,incomparable
3,2809,stronger
3,2810,stronger
3,2811,stronger
3,2812,incomparable
3,2813,stronger
3,2814,stronger
3,2815,stronger
3,2816,stronger
3,2817,stronger
3,2818,stronger
3,2819,stronger
3,2820,stronger
3,2821,stronger
3,2822,stronger
3,2823,stronger
3,2824,stronger
3,2825,stronger
3,2826,stronger
3,2827,stronger
3,2828,stronger
3,2829,stronger
3,2830,stronger
3,2831,stronger
3,2832,stronger
3,2833,stronger
3,2834,stronger
3,2835,stronger
3,2836,incomparable
3,2837,stronger
3,2838,stronger
3,2839,stronger
3,2840,stronger
3,2841,stronger
3,2842,stronger
3,2843,stronger
3,2844,stronger
3,2845,stronger
3,2846,stronger
3,2847,weaker
3,2848,incomparable
3,2849,incomparable
3,2850,incomparable
3,2851,incomparable
3,2852,incomparable
3,2853,incomparable
3,2854,incomparable
3,2855,incomparable
3,2856,incomparable
3,2857,incomparable
3,2858,incomparable
3,2859,incomparable
3,2860,incomparable
3,2861,incomparable
3,2862,incomparable
3,2863,incomparable
3,2864,incomparable
3,2865,incomparable
3,2866,incomparable
3,2867,incomparable
3,2868,incomparable
3,2869,incomparable
3,2870,incomparable
3,2871,incomparable
3,2872,incomparable
3,2873,incomparable
3,2874,incomparable
3,2875,incomparable
3,2876,incomparable
3,2877,incomparable
3,2878,incomparable
3,2879,incomparable
3,2880,incomparable
3,2881,incomparable
3,2882,incomparable
3,2883,incomparable
3,2884,incomparable
3,2885,incomparable
3,2886,incomparable
3,2887,incomparable
3,2888,incomparable
3,2889,incomparable
3,2890,incomparable
3,2891,incomparable
3,2892,incomparable
3,2893,incomparable
3,2894,incomparable
3,2895,incomparable
3,2896,incomparable
3,2897,incomparable
3,2898,incomparable
3,2899,incomparable
3,2900,incomparable
3,2901,stronger
3,2902,incomparable
3,2903,incomparable
3,2904,stronger
3,2905,stronger
3,2906,stronger
3,2907,stronger
3,2908,stronger
3,2909,incomparable
3,2910,incomparable
3,2911,stronger
3,2912,incomparable
3,2913,incomparable
3,2914,stronger
3,2915,stronger
3,2916,stronger
3,2917,incomparable
3,2918,stronger
3,2919,incomparable
3,2920,stronger
3,2921,stronger
3,2922,stronger
3,2923,stronger
3,2924,stronger
3,2925,incomparable
3,2926,stronger
3,2927,stronger
3,2928,incomparable
3,2929,stronger
3,2930,stronger
3,2931,stronger
3,2932,stronger
3,2933,stronger
3,2934,stronger
3,2935,stronger
3,2936,incomparable
3,2937,incomparable
3,2938,stronger
3,2939,incomparable
3,2940,incomparable
3,2941,stronger
3,2942,stronger
3,2943,stronger
3,2944,incomparable
3,2945,stronger
3,2946,incomparable
3,2947,incomparable
3,2948,stronger
3,2949,incomparable
3,2950,stronger
3,2951,stronger
3,2952,stronger
3,2953,stronger
3,2954,stronger
3,2955,stronger
3,2956,stronger
3,2957,stronger
3,2958,incomparable
3,2959,stronger
3,2960,stronger
3,2961,stronger
3,2962,stronger
3,2963,stronger
3,2964,incomparable
3,2965,stronger
3,2966,stronger
3,2967,stronger
3,2968,stronger
3,2969,stronger
3,2970,stronger
3,2971,stronger
3,2972,stronger
3,2973,stronger
3,2974,stronger
3,2975,stronger
3,2976,stronger
3,2977,stronger
3,2978,stronger
3,2979,incomparable
3,2980,stronger
3,2981,stronger
3,2982,incomparable
3,2983,stronger
3,2984,stronger
3,2985,stronger
3,2986,stronger
3,2987,stronger
3,2988,stronger
3,2989,stronger
3,2990,incomparable
3,2991,stronger
3,2992,incomparable
3,2993,stronger
3,2994,incomparable
3,2995,stronger
3,2996,stronger
3,2997,stronger
3,2998,incomparable
3,2999,stronger
3,3000,stronger
3,3001,stronger
3,3002,stronger
3,3003,stronger
3,3004,stronger
3,3005,stronger
3,3006,stronger
3,3007,incomparable
3,3008,incomparable
3,3009,stronger
3,3010,stronger
3,3011,incomparable
3,3012,stronger
3,3013,stronger
3,3014,stronger
3,3015,stronger
3,3016,stronger
3,3017,stronger
3,3018,stronger
3,3019,stronger
3,3020,stronger
3,3021,stronger
3,3022,stronger
3,3023,stronger
3,3024,stronger
3,3025,stronger
3,3026,stronger
3,3027,stronger
3,3028,stronger
3,3029,stronger
3,3030,stronger
3,3031,stronger
3,3032,stronger
3,3033,stronger
3,3034,stronger
3,3035,stronger
3,3036,stronger
3,3037,stronger
3,3038,stronger
3,3039,stronger
3,3040,stronger
3,3041,stronger
3,3042,stronger
3,3043,stronger
3,3044,stronger
3,3045,stronger
3,3046,stronger
3,3047,stronger
3,3048,stronger
3,3049,stronger
3,3050,weaker
3,3051,incomparable
3,3052,incomparable
3,3053,incomparable
3,3054,incomparable
3,3055,incomparable
3,3056,incomparable
3,3057,incomparable
3,3058,incomparable
3,3059,incomparable
3,3060,incomparable
3,3061,incomparable
3,3062,incomparable
3,3063,incomparable
3,3064,incomparable
3,3065,incomparable
3,3066,incomparable
3,3067,incomparable
3,3068,incomparable
3,3069,incomparable
3,3070,incomparable
3,3071,incomparable
3,3072,incomparable
3,3073,incomparable
3,3074,incomparable
3,3075,incomparable
3,3076,incomparable
3,3077,incomparable
3,3078,incomparable
3,3079,incomparable
3,3080,incomparable
3,3081,incomparable
3,3082,incomparable
3,3083,incomparable
3,3084,incomparable
3,3085,incomparable
3,3086,incomparable
3,3087,incomparable
3,3088,incomparable
3,3089,incomparable
3,3090,incomparable
3,3091,incomparable
3,3092,incomparable
3,3093,incomparable
3,3094,incomparable
3,3095,incomparable
3,3096,incomparable
3,3097,incomparable
3,3098,incomparable
3,3099,incomparable
3,3100,incomparable
3,3101,incomparable
3,3102,stronger
3,3103,incomparable
3,3104,stronger
3,3105,incomparable
3,3106,incomparable
3,3107,stronger
3,3108,stronger
3,3109,stronger
3,3110,stronger
3,3111,stronger
3,3112,incomparable
3,3113,incomparable
3,3114,stronger
3,3115,incomparable
3,3116,incomparable
3,3117,stronger
3,3118,stronger
3,3119,stronger
3,3120,incomparable
3,3121,stronger
3,3122,stronger
3,3123,stronger
3,3124,stronger
3,3125,stronger
3,3126,stronger
3,3127,stronger
3,3128,incomparable
3,3129,stronger
3,3130,stronger
3,3131,incomparable
3,3132,stronger
3,3133,stronger
3,3134,stronger
3,3135,stronger
3,3136,stronger
3,3137,stronger
3,3138,stronger
3,3139,incomparable
3,3140,incomparable
3,3141,stronger
3,3142,incomparable
3,3143,incomparable
3,3144,stronger
3,3145,incomparable
3,3146,stronger
3,3147,incomparable
3,3148,stronger
3,3149,incomparable
3,3150,incomparable
3,3151,stronger
3,3152,incomparable
3,3153,stronger
3,3154,stronger
3,3155,stronger
3,3156,stronger
3,3157,stronger
3,3158,stronger
3,3159,stronger
3,3160,stronger
3,3161,incomparable
3,3162,stronger
3,3163,stronger
3,3164,stronger
3,3165,stronger
3,3166,stronger
3,3167,incomparable
3,3168,stronger
3,3169,stronger
3,3170,stronger
3,3171,stronger
3,3172,stronger
3,3173,stronger
3,3174,stronger
3,3175,stronger
3,3176,stronger
3,3177,stronger
3,3178,stronger
3,3179,stronger
3,3180,incomparable
3,3181,stronger
3,3182,incomparable
3,3183,stronger
3,3184,stronger
3,3185,incomparable
3,3186,stronger
3,3187,stronger
3,3188,stronger
3,3189,stronger
3,3190,stronger
3,3191,stronger
3,3192,stronger
3,3193,stronger
3,3194,stronger
3,3195,incomparable
3,3196,stronger
3,3197,incomparable
3,3198,stronger
3,3199,stronger
3,3200,stronger
3,3201,incomparable
3,3202,stronger
3,3203,stronger
3,3204,stronger
3,3205,stronger
3,3206,stronger
3,3207,stronger
3,3208,stronger
3,3209,stronger
3,3210,stronger
3,3211,incomparable
3,3212,stronger
3,3213,stronger
3,3214,incomparable
3,3215,stronger
3,3216,stronger
3,3217,stronger
3,3218,stronger
3,3219,stronger
3,3220,stronger
3,3221,stronger
3,3222,stronger
3,3223,stronger
3,3224,stronger
3,3225,stronger
3,3226,stronger
3,3227,stronger
3,3228,stronger
3,3229,stronger
3,3230,stronger
3,3231,stronger
3,3232,stronger
3,3233,stronger
3,3234,stronger
3,3235,stronger
3,3236,stronger
3,3237,stronger
3,3238,stronger
3,3239,stronger
3,3240,stronger
3,3241,stronger
3,3242,stronger
3,3243,stronger
3,3244,stronger
3,3245,stronger
3,3246,stronger
3,3247,stronger
3,3248,stronger
3,3249,stronger
3,3250,stronger
3,3251,stronger
3,3252,stronger
3,3253,weaker
3,3254,incomparable
3,3255,incomparable
3,3256,incomparable
3,3257,incomparable
3,3258,incomparable
3,3259,incomparable
3,3260,incomparable
3,3261,incomparable
3,3262,incomparable
3,3263,incomparable
3,3264,incomparable
3,3265,incomparable
3,3266,incomparable
3,3267,incomparable
3,3268,incomparable
3,3269,incomparable
3,3270,incomparable
3,3271,incomparable
3,3272,incomparable
3,3273,incomparable
3,3274,incomparable
3,3275,incomparable
3,3276,incomparable
3,3277,incomparable
3,3278,incomparable
3,3279,incomparable
3,3280,incomparable
3,3281,incomparable
3,3282,incomparable
3,3283,incomparable
3,3284,incomparable
3,3285,incomparable
3,3286,incomparable
3,3287,incomparable
3,3288,incomparable
3,3289,incomparable
3,3290,incomparable
3,3291,incomparable
3,3292,incomparable
3,3293,incomparable
3,3294,incomparable
3,3295,incomparable
3,3296,incomparable
3,3297,incomparable
3,3298,incomparable
3,3299,incomparable
3,3300,incomparable
3,3301,incomparable
3,3302,incomparable
3,3303,incomparable
3,3304,incomparable
3,3305,incomparable
3,3306,incomparable
3,3307,incomparable
3,3308,incomparable
3,3309,incomparable
3,3310,incomparable
3,3311,incomparable
3,3312,incomparable
3,3313,incomparable
3,3314,incomparable
3,3315,incomparable
3,3316,incomparable
3,3317,incomparable
3,3318,incomparable
3,3319,weaker
3,3320,incomparable
3,3321,incomparable
3,3322,incomparable
3,3323,incomparable
3,3324,incomparable
3,3325,incomparable
3,3326,incomparable
3,3327,incomparable
3,3328,incomparable
3,3329,incomparable
3,3330,incomparable
3,3331,incomparable
3,3332,incomparable
3,3333,incomparable
3,3334,incomparable
3,3335,incomparable
3,3336,incomparable
3,3337,incomparable
3,3338,incomparable
3,3339,incomparable
3,3340,incomparable
3,3341,incomparable
3,3342,incomparable
3,3343,incomparable
3,3344,incomparable
3,3345,incomparable
3,3346,incomparable
3,3347,incomparable
3,3348,incomparable
3,3349,incomparable
3,3350,incomparable
3,3351,incomparable
3,3352,incomparable
3,3353,incomparable
3,3354,incomparable
3,3355,incomparable
3,3356,incomparable
3,3357,incomparable
3,3358,incomparable
3,3359,incomparable
3,3360,incomparable
3,3361,incomparable
3,3362,incomparable
3,3363,incomparable
3,3364,incomparable
3,3365,incomparable
3,3366,incomparable
3,3367,incomparable
3,3368,incomparable
3,3369,incomparable
3,3370,incomparable
3,3371,incomparable
3,3372,incomparable
3,3373,incomparable
3,3374,incomparable
3,3375,incomparable
3,3376,incomparable
3,3377,incomparable
3,3378,incomparable
3,3379,incomparable
3,3380,incomparable
3,3381,incomparable
3,3382,incomparable
3,3383,incomparable
3,3384,incomparable
3,3385,incomparable
3,3386,incomparable
3,3387,incomparable
3,3388,incomparable
3,3389,incomparable
3,3390,incomparable
3,3391,incomparable
3,3392,incomparable
3,3393,incomparable
3,3394,incomparable
3,3395,incomparable
3,3396,incomparable
3,3397,incomparable
3,3398,incomparable
3,3399,incomparable
3,3400,incomparable
3,3401,incomparable
3,3402,incomparable
3,3403,incomparable
3,3404,incomparable
3,3405,incomparable
3,3406,incomparable
3,3407,incomparable
3,3408,incomparable
3,3409,incomparable
3,3410,incomparable
3,3411,incomparable
3,3412,incomparable
3,3413,incomparable
3,3414,incomparable
3,3415,incomparable
3,3416,incomparable
3,3417,incomparable
3,3418,incomparable
3,3419,incomparable
3,3420,incomparable
3,3421,incomparable
3,3422,incomparable
3,3423,incomparable
3,3424,incomparable
3,3425,incomparable
3,3426,incomparable
3,3427,incomparable
3,3428,incomparable
3,3429,incomparable
3,3430,incomparable
3,3431,incomparable
3,3432,incomparable
3,3433,incomparable
3,3434,incomparable
3,3435,incomparable
3,3436,incomparable
3,3437,incomparable
3,3438,incomparable
3,3439,incomparable
3,3440,incomparable
3,3441,incomparable
3,3442,incomparable
3,3443,incomparable
3,3444,incomparable
3,3445,incomparable
3,3446,incomparable
3,3447,incomparable
3,3448,incomparable
3,3449,incomparable
3,3450,incomparable
3,3451,incomparable
3,3452,incomparable
3,3453,incomparable
3,3454,incomparable
3,3455,incomparable
3,3456,weaker
3,3457,incomparable
3,3458,incomparable
3,3459,incomparable
3,3460,incomparable
3,3461,incomparable
3,3462,incomparable
3,3463,incomparable
3,3464,incomparable
3,3465,incomparable
3,3466,incomparable
3,3467,incomparable
3,3468,incomparable
3,3469,incomparable
3,3470,incomparable
3,3471,incomparable
3,3472,incomparable
3,3473,incomparable
3,3474,incomparable
3,3475,incomparable
3,3476,incomparable
3,3477,incomparable
3,3478,incomparable
3,3479,incomparable
3,3480,incomparable
3,3481,incomparable
3,3482,incomparable
3,3483,incomparable
3,3484,incomparable
3,3485,incomparable
3,3486,incomparable
3,3487,incomparable
3,3488,incomparable
3,3489,incomparable
3,3490,incomparable
3,3491,incomparable
3,3492,incomparable
3,3493,incomparable
3,3494,incomparable
3,3495,incomparable
3,3496,incomparable
3,3497,incomparable
3,3498,incomparable
3,3499,incomparable
3,3500,incomparable
3,3501,incomparable
3,3502,incomparable
3,3503,incomparable
3,3504,incomparable
3,3505,incomparable
3,3506,incomparable
3,3507,incomparable
3,3508,incomparable
3,3509,incomparable
3,3510,incomparable
3,3511,incomparable
3,3512,incomparable
3,3513,incomparable
3,3514,incomparable
3,3515,incomparable
3,3516,incomparable
3,3517,incomparable
3,3518,incomparable
3,3519,incomparable
3,3520,incomparable
3,3521,incomparable
3,3522,weaker
3,3523,incomparable
3,3524,incomparable
3,3525,incomparable
3,3526,incomparable
3,3527,incomparable
3,3528,incomparable
3,3529,incomparable
3,3530,incomparable
3,3531,incomparable
3,3532,incomparable
3,3533,incomparable
3,3534,incomparable
3,3535,incomparable
3,3536,incomparable
3,3537,incomparable
3,3538,incomparable
3,3539,incomparable
3,3540,incomparable
3,3541,incomparable
3,3542,incomparable
3,3543,incomparable
3,3544,incomparable
3,3545,incomparable
3,3546,incomparable
3,3547,incomparable
3,3548,incomparable
3,3549,incomparable
3,3550,incomparable
3,3551,incomparable
3,3552,incomparable
3,3553,incomparable
3,3554,incomparable
3,3555,incomparable
3,3556,incomparable
3,3557,incomparable
3,3558,incomparable
3,3559,incomparable
3,3560,incomparable
3,3561,incomparable
3,3562,incomparable
3,3563,incomparable
3,3564,incomparable
3,3565,incomparable
3,3566,incomparable
3,3567,incomparable
3,3568,incomparable
3,3569,incomparable
3,3570,incomparable
3,3571,incomparable
3,3572,incomparable
3,3573,incomparable
3,3574,incomparable
3,3575,incomparable
3,3576,incomparable
3,3577,incomparable
3,3578,incomparable
3,3579,incomparable
3,3580,incomparable
3,3581,incomparable
3,3582,incomparable
3,3583,incomparable
3,3584,incomparable
3,3585,incomparable
3,3586,incomparable
3,3587,incomparable
3,3588,incomparable
3,3589,incomparable
3,3590,incomparable
3,3591,incomparable
3,3592,incomparable
3,3593,incomparable
3,3594,incomparable
3,3595,incomparable
3,3596,incomparable
3,3597,incomparable
3,3598,incomparable
3,3599,incomparable
3,3600,incomparable
3,3601,incomparable
3,3602,incomparable
3,3603,incomparable
3,3604,incomparable
3,3605,incomparable
3,3606,incomparable
3,3607,incomparable
3,3608,incomparable
3,3609,incomparable
3,3610,incomparable
3,3611,incomparable
3,3612,incomparable
3,3613,incomparable
3,3614,incomparable
3,3615,incomparable
3,3616,incomparable
3,3617,incomparable
3,3618,incomparable
3,3619,incomparable
3,3620,incomparable
3,3621,incomparable
3,3622,incomparable
3,3623,incomparable
3,3624,incomparable
3,3625,incomparable
3,3626,incomparable
3,3627,incomparable
3,3628,incomparable
3,3629,incomparable
3,3630,incomparable
3,3631,incomparable
3,3632,incomparable
3,3633,incomparable
3,3634,incomparable
3,3635,incomparable
3,3636,incomparable
3,3637,incomparable
3,3638,incomparable
3,3639,incomparable
3,3640,incomparable
3,3641,incomparable
3,3642,incomparable
3,3643,incomparable
3,3644,incomparable
3,3645,incomparable
3,3646,incomparable
3,3647,incomparable
3,3648,incomparable
3,3649,incomparable
3,3650,incomparable
3,3651,incomparable
3,3652,incomparable
3,3653,incomparable
3,3654,incomparable
3,3655,incomparable
3,3656,incomparable
3,3657,incomparable
3,3658,incomparable
3,3659,weaker
3,3660,incomparable
3,3661,incomparable
3,3662,incomparable
3,3663,incomparable
3,3664,incomparable
3,3665,incomparable
3,3666,incomparable
3,3667,incomparable
3,3668,incomparable
3,3669,incomparable
3,3670,incomparable
3,3671,incomparable
3,3672,incomparable
3,3673,incomparable
3,3674,incomparable
3,3675,incomparable
3,3676,incomparable
3,3677,incomparable
3,3678,incomparable
3,3679,incomparable
3,3680,incomparable
3,3681,incomparable
3,3682,incomparable
3,3683,incomparable
3,3684,incomparable
3,3685,incomparable
3,3686,incomparable
3,3687,incomparable
3,3688,incomparable
3,3689,incomparable
3,3690,incomparable
3,3691,incomparable
3,3692,incomparable
3,3693,incomparable
3,3694,incomparable
3,3695,incomparable
3,3696,incomparable
3,3697,incomparable
3,3698,incomparable
3,3699,incomparable
3,3700,incomparable
3,3701,incomparable
3,3702,incomparable
3,3703,incomparable
3,3704,incomparable
3,3705,incomparable
3,3706,incomparable
3,3707,incomparable
3,3708,incomparable
3,3709,incomparable
3,3710,incomparable
3,3711,incomparable
3,3712,incomparable
3,3713,incomparable
3,3714,incomparable
3,3715,weaker
3,3716,incomparable
3,3717,incomparable
3,3718,incomparable
3,3719,incomparable
3,3720,incomparable
3,3721,incomparable
3,3722,weaker
3,3723,incomparable
3,3724,incomparable
3,3725,incomparable
3,3726,incomparable
3,3727,incomparable
3,3728,incomparable
3,3729,incomparable
3,3730,incomparable
3,3731,incomparable
3,3732,incomparable
3,3733,incomparable
3,3734,incomparable
3,3735,incomparable
3,3736,incomparable
3,3737,incomparable
3,3738,incomparable
3,3739,incomparable
3,3740,incomparable
3,3741,incomparable
3,3742,incomparable
3,3743,incomparable
3,3744,incomparable
3,3745,incomparable
3,3746,incomparable
3,3747,incomparable
3,3748,incomparable
3,3749,incomparable
3,3750,incomparable
3,3751,incomparable
3,3752,incomparable
3,3753,incomparable
3,3754,incomparable
3,3755,incomparable
3,3756,incomparable
3,3757,incomparable
3,3758,incomparable
3,3759,incomparable
3,3760,incomparable
3,3761,incomparable
3,3762,incomparable
3,3763,incomparable
3,3764,incomparable
3,3765,incomparable
3,3766,incomparable
3,3767,incomparable
3,3768,incomparable
3,3769,incomparable
3,3770,incomparable
3,3771,incomparable
3,3772,incomparable
3,3773,incomparable
3,3774,incomparable
3,3775,incomparable
3,3776,incomparable
3,3777,incomparable
3,3778,incomparable
3,3779,incomparable
3,3780,incomparable
3,3781,incomparable
3,3782,incomparable
3,3783,incomparable
3,3784,incomparable
3,3785,incomparable
3,3786,incomparable
3,3787,incomparable
3,3788,incomparable
3,3789,incomparable
3,3790,incomparable
3,3791,incomparable
3,3792,incomparable
3,3793,incomparable
3,3794,incomparable
3,3795,incomparable
3,3796,incomparable
3,3797,incomparable
3,3798,incomparable
3,3799,incomparable
3,3800,incomparable
3,3801,incomparable
3,3802,incomparable
3,3803,incomparable
3,3804,incomparable
3,3805,incomparable
3,3806,incomparable
3,3807,incomparable
3,3808,incomparable
3,3809,incomparable
3,3810,incomparable
3,3811,incomparable
3,3812,incomparable
3,3813,incomparable
3,3814,incomparable
3,3815,incomparable
3,3816,incomparable
3,3817,incomparable
3,3818,incomparable
3,3819,incomparable
3,3820,incomparable
3,3821,incomparable
3,3822,incomparable
3,3823,incomparable
3,3824,incomparable
3,3825,incomparable
3,3826,incomparable
3,3827,incomparable
3,3828,incomparable
3,3829,incomparable
3,3830,incomparable
3,3831,incomparable
3,3832,incomparable
3,3833,incomparable
3,3834,incomparable
3,3835,incomparable
3,3836,incomparable
3,3837,incomparable
3,3838,incomparable
3,3839,incomparable
3,3840,incomparable
3,3841,incomparable
3,3842,incomparable
3,3843,incomparable
3,3844,incomparable
3,3845,incomparable
3,3846,incomparable
3,3847,incomparable
3,3848,incomparable
3,3849,incomparable
3,3850,incomparable
3,3851,incomparable
3,3852,incomparable
3,3853,incomparable
3,3854,incomparable
3,3855,incomparable
3,3856,incomparable
3,3857,incomparable
3,3858,incomparable
3,3859,incomparable
3,3860,incomparable
3,3861,incomparable
3,3862,weaker
3,3863,incomparable
3,3864,incomparable
3,3865,incomparable
3,3866,incomparable
3,3867,incomparable
3,3868,incomparable
3,3869,incomparable
3,3870,incomparable
3,3871,incomparable
3,3872,incomparable
3,3873,incomparable
3,3874,incomparable
3,3875,incomparable
3,3876,incomparable
3,3877,incomparable
3,3878,incomparable
3,3879,incomparable
3,3880,incomparable
3,3881,incomparable
3,3882,incomparable
3,3883,incomparable
3,3884,incomparable
3,3885,incomparable
3,3886,incomparable
3,3887,incomparable
3,3888,incomparable
3,3889,incomparable
3,3890,incomparable
3,3891,incomparable
3,3892,incomparable
3,3893,incomparable
3,3894,incomparable
3,3895,incomparable
3,3896,incomparable
3,3897,incomparable
3,3898,incomparable
3,3899,incomparable
3,3900,incomparable
3,3901,incomparable
3,3902,incomparable
3,3903,incomparable
3,3904,incomparable
3,3905,incomparable
3,3906,incomparable
3,3907,incomparable
3,3908,incomparable
3,3909,incomparable
3,3910,incomparable
3,3911,incomparable
3,3912,incomparable
3,3913,incomparable
3,3914,incomparable
3,3915,weaker
3,3916,incomparable
3,3917,incomparable
3,3918,incomparable
3,3919,incomparable
3,3920,incomparable
3,3921,incomparable
3,3922,incomparable
3,3923,incomparable
3,3924,incomparable
3,3925,incomparable
3,3926,incomparable
3,3927,incomparable
3,3928,incomparable
3,3929,incomparable
3,3930,incomparable
3,3931,incomparable
3,3932,incomparable
3,3933,incomparable
3,3934,incomparable
3,3935,incomparable
3,3936,incomparable
3,3937,incomparable
3,3938,incomparable
3,3939,incomparable
3,3940,incomparable
3,3941,incomparable
3,3942,incomparable
3,3943,incomparable
3,3944,incomparable
3,3945,incomparable
3,3946,incomparable
3,3947,incomparable
3,3948,incomparable
3,3949,incomparable
3,3950,incomparable
3,3951,incomparable
3,3952,incomparable
3,3953,incomparable
3,3954,incomparable
3,3955,incomparable
3,3956,incomparable
3,3957,incomparable
3,3958,incomparable
3,3959,incomparable
3,3960,incomparable
3,3961,incomparable
3,3962,incomparable
3,3963,incomparable
3,3964,incomparable
3,3965,incomparable
3,3966,incomparable
3,3967,incomparable
3,3968,incomparable
3,3969,incomparable
3,3970,incomparable
3,3971,incomparable
3,3972,incomparable
3,3973,incomparable
3,3974,incomparable
3,3975,incomparable
3,3976,incomparable
3,3977,incomparable
3,3978,incomparable
3,3979,incomparable
3,3980,incomparable
3,3981,incomparable
3,3982,incomparable
3,3983,incomparable
3,3984,incomparable
3,3985,incomparable
3,3986,incomparable
3,3987,incomparable
3,3988,incomparable
3,3989,incomparable
3,3990,incomparable
3,3991,incomparable
3,3992,incomparable
3,3993,incomparable
3,3994,incomparable
3,3995,incomparable
3,3996,incomparable
3,3997,incomparable
3,3998,incomparable
3,3999,incomparable
3,4000,incomparable
3,4001,incomparable
3,4002,incomparable
3,4003,incomparable
3,4004,incomparable
3,4005,incomparable
3,4006,incomparable
3,4007,incomparable
3,4008,incomparable
3,4009,incomparable
3,4010,incomparable
3,4011,incomparable
3,4012,incomparable
3,4013,incomparable
3,4014,incomparable
3,4015,incomparable
3,4016,incomparable
3,4017,incomparable
3,4018,incomparable
3,4019,incomparable
3,4020,incomparable
3,4021,incomparable
3,4022,incomparable
3,4023,incomparable
3,4024,incomparable
3,4025,incomparable
3,4026,incomparable
3,4027,incomparable
3,4028,incomparable
3,4029,incomparable
3,4030,incomparable
3,4031,incomparable
3,4032,incomparable
3,4033,incomparable
3,4034,incomparable
3,4035,incomparable
3,4036,incomparable
3,4037,incomparable
3,4038,incomparable
3,4039,incomparable
3,4040,incomparable
3,4041,incomparable
3,4042,incomparable
3,4043,incomparable
3,4044,incomparable
3,4045,incomparable
3,4046,incomparable
3,4047,incomparable
3,4048,incomparable
3,4049,incomparable
3,4050,incomparable
3,4051,incomparable
3,4052,incomparable
3,4053,incomparable
3,4054,incomparable
3,4055,incomparable
3,4056,incomparable
3,4057,incomparable
3,4058,incomparable
3,4059,incomparable
3,4060,incomparable
3,4061,incomparable
3,4062,incomparable
3,4063,incomparable
3,4064,incomparable
3,4065,weaker
3,4066,incomparable
3,4067,incomparable
3,4068,incomparable
3,4069,incomparable
3,4070,incomparable
3,4071,incomparable
3,4072,incomparable
3,4073,incomparable
3,4074,incomparable
3,4075,incomparable
3,4076,incomparable
3,4077,incomparable
3,4078,incomparable
3,4079,incomparable
3,4080,incomparable
3,4081,incomparable
3,4082,incomparable
3,4083,incomparable
3,4084,incomparable
3,4085,incomparable
3,4086,incomparable
3,4087,incomparable
3,4088,incomparable
3,4089,incomparable
3,4090,incomparable
3,4091,incomparable
3,4092,incomparable
3,4093,incomparable
3,4094,incomparable
3,4095,incomparable
3,4096,incomparable
3,4097,incomparable
3,4098,incomparable
3,4099,incomparable
3,4100,incomparable
3,4101,incomparable
3,4102,incomparable
3,4103,incomparable
3,4104,incomparable
3,4105,incomparable
3,4106,incomparable
3,4107,incomparable
3,4108,incomparable
3,4109,incomparable
3,4110,incomparable
3,4111,incomparable
3,4112,incomparable
3,4113,incomparable
3,4114,incomparable
3,4115,incomparable
3,4116,incomparable
3,4117,incomparable
3,4118,weaker
3,4119,incomparable
3,4120,incomparable
3,4121,incomparable
3,4122,incomparable
3,4123,incomparable
3,4124,incomparable
3,4125,incomparable
3,4126,incomparable
3,4127,incomparable
3,4128,incomparable
3,4129,incomparable
3,4130,incomparable
3,4131,incomparable
3,4132,incomparable
3,4133,incomparable
3,4134,incomparable
3,4135,incomparable
3,4136,incomparable
3,4137,incomparable
3,4138,incomparable
3,4139,incomparable
3,4140,incomparable
3,4141,incomparable
3,4142,incomparable
3,4143,incomparable
3,4144,incomparable
3,4145,incomparable
3,4146,incomparable
3,4147,incomparable
3,4148,incomparable
3,4149,incomparable
3,4150,incomparable
3,4151,incomparable
3,4152,incomparable
3,4153,incomparable
3,4154,incomparable
3,4155,incomparable
3,4156,incomparable
3,4157,incomparable
3,4158,incomparable
3,4159,incomparable
3,4160,incomparable
3,4161,incomparable
3,4162,incomparable
3,4163,incomparable
3,4164,incomparable
3,4165,incomparable
3,4166,incomparable
3,4167,incomparable
3,4168,incomparable
3,4169,incomparable
3,4170,incomparable
3,4171,incomparable
3,4172,incomparable
3,4173,incomparable
3,4174,incomparable
3,4175,incomparable
3,4176,incomparable
3,4177,incomparable
3,4178,incomparable
3,4179,incomparable
3,4180,incomparable
3,4181,incomparable
3,4182,incomparable
3,4183,incomparable
3,4184,incomparable
3,4185,incomparable
3,4186,incomparable
3,4187,incomparable
3,4188,incomparable
3,4189,incomparable
3,4190,incomparable
3,4191,incomparable
3,4192,incomparable
3,4193,incomparable
3,4194,incomparable
3,4195,incomparable
3,4196,incomparable
3,4197,incomparable
3,4198,incomparable
3,4199,incomparable
3,4200,incomparable
3,4201,incomparable
3,4202,incomparable
3,4203,incomparable
3,4204,incomparable
3,4205,incomparable
3,4206,incomparable
3,4207,incomparable
3,4208,incomparable
3,4209,incomparable
3,4210,incomparable
3,4211,incomparable
3,4212,incomparable
3,4213,incomparable
3,4214,incomparable
3,4215,incomparable
3,4216,incomparable
3,4217,incomparable
3,4218,incomparable
3,4219,incomparable
3,4220,incomparable
3,4221,incomparable
3,4222,incomparable
3,4223,incomparable
3,4224,incomparable
3,4225,incomparable
3,4226,incomparable
3,4227,incomparable
3,4228,incomparable
3,4229,incomparable
3,4230,incomparable
3,4231,incomparable
3,4232,incomparable
3,4233,incomparable
3,4234,incomparable
3,4235,incomparable
3,4236,incomparable
3,4237,incomparable
3,4238,incomparable
3,4239,incomparable
3,4240,incomparable
3,4241,incomparable
3,4242,incomparable
3,4243,incomparable
3,4244,incomparable
3,4245,incomparable
3,4246,incomparable
3,4247,incomparable
3,4248,incomparable
3,4249,incomparable
3,4250,incomparable
3,4251,incomparable
3,4252,incomparable
3,4253,incomparable
3,4254,incomparable
3,4255,incomparable
3,4256,incomparable
3,4257,incomparable
3,4258,incomparable
3,4259,incomparable
3,4260,incomparable
3,4261,incomparable
3,4262,incomparable
3,4263,incomparable
3,4264,incomparable
3,4265,incomparable
3,4266,incomparable
3,4267,incomparable
3,4268,incomparable
3,4269,incomparable
3,4270,incomparable
3,4271,incomparable
3,4272,incomparable
3,4273,incomparable
3,4274,incomparable
3,4275,incomparable
3,4276,incomparable
3,4277,incomparable
3,4278,incomparable
3,4279,incomparable
3,4280,incomparable
3,4281,incomparable
3,4282,incomparable
3,4283,incomparable
3,4284,incomparable
3,4285,incomparable
3,4286,incomparable
3,4287,incomparable
3,4288,incomparable
3,4289,incomparable
3,4290,incomparable
3,4291,incomparable
3,4292,incomparable
3,4293,incomparable
3,4294,incomparable
3,4295,incomparable
3,4296,incomparable
3,4297,incomparable
3,4298,incomparable
3,4299,incomparable
3,4300,incomparable
3,4301,incomparable
3,4302,incomparable
3,4303,incomparable
3,4304,incomparable
3,4305,incomparable
3,4306,incomparable
3,4307,incomparable
3,4308,incomparable
3,4309,incomparable
3,4310,incomparable
3,4311,incomparable
3,4312,incomparable
3,4313,incomparable
3,4314,incomparable
3,4315,incomparable
3,4316,incomparable
3,4317,incomparable
3,4318,incomparable
3,4319,incomparable
3,4320,incomparable
3,4321,incomparable
3,4322,incomparable
3,4323,incomparable
3,4324,incomparable
3,4325,incomparable
3,4326,incomparable
3,4327,incomparable
3,4328,incomparable
3,4329,incomparable
3,4330,incomparable
3,4331,incomparable
3,4332,incomparable
3,4333,incomparable
3,4334,incomparable
3,4335,incomparable
3,4336,incomparable
3,4337,incomparable
3,4338,incomparable
3,4339,incomparable
3,4340,incomparable
3,4341,incomparable
3,4342,incomparable
3,4343,incomparable
3,4344,incomparable
3,4345,incomparable
3,4346,incomparable
3,4347,incomparable
3,4348,incomparable
3,4349,incomparable
3,4350,incomparable
3,4351,incomparable
3,4352,incomparable
3,4353,incomparable
3,4354,incomparable
3,4355,incomparable
3,4356,incomparable
3,4357,incomparable
3,4358,incomparable
3,4359,incomparable
3,4360,incomparable
3,4361,incomparable
3,4362,incomparable
3,4363,incomparable
3,4364,incomparable
3,4365,incomparable
3,4366,incomparable
3,4367,incomparable
3,4368,incomparable
3,4369,incomparable
3,4370,incomparable
3,4371,incomparable
3,4372,incomparable
3,4373,incomparable
3,4374,incomparable
3,4375,incomparable
3,4376,incomparable
3,4377,incomparable
3,4378,incomparable
3,4379,incomparable
3,4380,weaker
3,4381,incomparable
3,4382,incomparable
3,4383,incomparable
3,4384,incomparable
3,4385,incomparable
3,4386,incomparable
3,4387,incomparable
3,4388,incomparable
3,4389,incomparable
3,4390,incomparable
3,4391,incomparable
3,4392,incomparable
3,4393,incomparable
3,4394,incomparable
3,4395,incomparable
3,4396,incomparable
3,4397,incomparable
3,4398,incomparable
3,4399,incomparable
3,4400,incomparable
3,4401,incomparable
3,4402,incomparable
3,4403,incomparable
3,4404,incomparable
3,4405,incomparable
3,4406,incomparable
3,4407,incomparable
3,4408,incomparable
3,4409,incomparable
3,4410,incomparable
3,4411,incomparable
3,4412,incomparable
3,4413,incomparable
3,4414,incomparable
3,4415,incomparable
3,4416,incomparable
3,4417,incomparable
3,4418,incomparable
3,4419,incomparable
3,4420,incomparable
3,4421,incomparable
3,4422,incomparable
3,4423,incomparable
3,4424,incomparable
3,4425,incomparable
3,4426,incomparable
3,4427,incomparable
3,4428,incomparable
3,4429,incomparable
3,4430,incomparable
3,4431,incomparable
3,4432,incomparable
3,4433,incomparable
3,4434,incomparable
3,4435,incomparable
3,4436,incomparable
3,4437,incomparable
3,4438,incomparable
3,4439,incomparable
3,4440,incomparable
3,4441,incomparable
3,4442,incomparable
3,4443,incomparable
3,4444,incomparable
3,4445,incomparable
3,4446,incomparable
3,4447,incomparable
3,4448,incomparable
3,4449,incomparable
3,4450,incomparable
3,4451,incomparable
3,4452,incomparable
3,4453,incomparable
3,4454,incomparable
3,4455,incomparable
3,4456,incomparable
3,4457,incomparable
3,4458,incomparable
3,4459,incomparable
3,4460,incomparable
3,4461,incomparable
3,4462,incomparable
3,4463,incomparable
3,4464,incomparable
3,4465,incomparable
3,4466,incomparable
3,4467,incomparable
3,4468,incomparable
3,4469,incomparable
3,4470,weaker
3,4471,incomparable
3,4472,incomparable
3,4473,incomparable
3,4474,incomparable
3,4475,incomparable
3,4476,incomparable
3,4477,incomparable
3,4478,incomparable
3,4479,incomparable
3,4480,incomparable
3,4481,incomparable
3,4482,incomparable
3,4483,incomparable
3,4484,incomparable
3,4485,incomparable
3,4486,incomparable
3,4487,incomparable
3,4488,incomparable
3,4489,incomparable
3,4490,incomparable
3,4491,incomparable
3,4492,incomparable
3,4493,incomparable
3,4494,incomparable
3,4495,incomparable
3,4496,incomparable
3,4497,incomparable
3,4498,incomparable
3,4499,incomparable
3,4500,incomparable
3,4501,incomparable
3,4502,incomparable
3,4503,incomparable
3,4504,incomparable
3,4505,incomparable
3,4506,incomparable
3,4507,incomparable
3,4508,incomparable
3,4509,incomparable
3,4510,incomparable
3,4511,incomparable
3,4512,incomparable
3,4513,incomparable
3,4514,incomparable
3,4515,incomparable
3,4516,incomparable
3,4517,incomparable
3,4518,incomparable
3,4519,incomparable
3,4520,incomparable
3,4521,incomparable
3,4522,incomparable
3,4523,incomparable
3,4524,incomparable
3,4525,incomparable
3,4526,incomparable
3,4527,incomparable
3,4528,incomparable
3,4529,incomparable
3,4530,incomparable
3,4531,incomparable
3,4532,incomparable
3,4533,incomparable
3,4534,incomparable
3,4535,incomparable
3,4536,incomparable
3,4537,incomparable
3,4538,incomparable
3,4539,incomparable
3,4540,incomparable
3,4541,incomparable
3,4542,incomparable
3,4543,incomparable
3,4544,incomparable
3,4545,incomparable
3,4546,incomparable
3,4547,incomparable
3,4548,incomparable
3,4549,incomparable
3,4550,incomparable
3,4551,incomparable
3,4552,incomparable
3,4553,incomparable
3,4554,incomparable
3,4555,incomparable
3,4556,incomparable
3,4557,incomparable
3,4558,incomparable
3,4559,incomparable
3,4560,incomparable
3,4561,incomparable
3,4562,incomparable
3,4563,incomparable
3,4564,incomparable
3,4565,incomparable
3,4566,incomparable
3,4567,incomparable
3,4568,incomparable
3,4569,incomparable
3,4570,incomparable
3,4571,incomparable
3,4572,incomparable
3,4573,incomparable
3,4574,incomparable
3,4575,incomparable
3,4576,incomparable
3,4577,incomparable
3,4578,incomparable
3,4579,incomparable
3,4580,incomparable
3,4581,incomparable
3,4582,incomparable
3,4583,incomparable
3,4584,incomparable
3,4585,incomparable
3,4586,incomparable
3,4587,incomparable
3,4588,incomparable
3,4589,incomparable
3,4590,incomparable
3,4591,incomparable
3,4592,incomparable
3,4593,incomparable
3,4594,incomparable
3,4595,incomparable
3,4596,incomparable
3,4597,incomparable
3,4598,incomparable
3,4599,incomparable
3,4600,incomparable
3,4601,incomparable
3,4602,incomparable
3,4603,incomparable
3,4604,incomparable
3,4605,incomparable
3,4606,incomparable
3,4607,incomparable
3,4608,incomparable
3,4609,incomparable
3,4610,incomparable
3,4611,incomparable
3,4612,incomparable
3,4613,incomparable
3,4614,incomparable
3,4615,incomparable
3,4616,incomparable
3,4617,incomparable
3,4618,incomparable
3,4619,incomparable
3,4620,incomparable
3,4621,incomparable
3,4622,incomparable
3,4623,incomparable
3,4624,incomparable
3,4625,incomparable
3,4626,incomparable
3,4627,incomparable
3,4628,incomparable
3,4629,incomparable
3,4630,incomparable
3,4631,incomparable
3,4632,incomparable
3,4633,incomparable
3,4634,incomparable
3,4635,incomparable
3,4636,incomparable
3,4637,incomparable
3,4638,incomparable
3,4639,incomparable
3,4640,incomparable
3,4641,incomparable
3,4642,incomparable
3,4643,incomparable
3,4644,incomparable
3,4645,incomparable
3,4646,incomparable
3,4647,incomparable
3,4648,incomparable
3,4649,incomparable
3,4650,incomparable
3,4651,incomparable
3,4652,incomparable
3,4653,incomparable
3,4654,incomparable
3,4655,incomparable
3,4656,incomparable
3,4657,incomparable
3,4658,incomparable
3,4659,incomparable
3,4660,incomparable
3,4661,incomparable
3,4662,incomparable
3,4663,incomparable
3,4664,incomparable
3,4665,incomparable
3,4666,incomparable
3,4667,incomparable
3,4668,incomparable
3,4669,incomparable
3,4670,incomparable
3,4671,incomparable
3,4672,incomparable
3,4673,incomparable
3,4674,incomparable
3,4675,incomparable
3,4676,incomparable
3,4677,incomparable
3,4678,incomparable
3,4679,incomparable
3,4680,incomparable
3,4681,incomparable
3,4682,incomparable
3,4683,incomparable
3,4684,incomparable
3,4685,incomparable
3,4686,incomparable
3,4687,incomparable
3,4688,incomparable
3,4689,incomparable
3,4690,incomparable
3,4691,incomparable
3,4692,incomparable
3,4693,incomparable
3,4694,incomparable
4,1,weaker
4,2,stronger
4,3,weaker
4,4,equivalent
4,5,incomparable
4,6,stronger
4,7,stronger
4,8,weaker
4,9,weaker
4,10,weaker
4,11,weaker
4,12,equivalent
4,13,incomparable
4,14,incomparable
4,15,stronger
4,16,incomparable
4,17,stronger
4,18,stronger
4,19,incomparable
4,20,stronger
4,21,stronger
4,22,stronger
4,23,weaker
4,24,weaker
4,25,weaker
4,26,weaker
4,27,weaker
4,28,incomparable
4,29,incomparable
4,30,stronger
4,31,incomparable
4,32,stronger
4,33,stronger
4,34,incomparable
4,35,stronger
4,36,stronger
4,37,stronger
4,38,weaker
4,39,incomparable
4,40,incomparable
4,41,incomparable
4,42,weaker
4,43,incomparable
4,44,incomparable
4,45,incomparable
4,46,incomparable
4,47,weaker
4,48,weaker
4,49,weaker
4,50,weaker
4,51,weaker
4,52,weaker
4,53,weaker
4,54,equivalent
4,55,weaker
4,56,weaker
4,57,equivalent
4,58,weaker
4,59,equivalent
4,60,equivalent
4,61,equivalent
4,62,incomparable
4,63,incomparable
4,64,stronger
4,65,incomparable
4,66,incomparable
4,67,stronger
4,68,incomparable
4,69,stronger
4,70,stronger
4,71,stronger
4,72,incomparable
4,73,incomparable
4,74,stronger
4,75,incomparable
4,76,stronger
4,77,stronger
4,78,incomparable
4,79,stronger
4,80,stronger
4,81,stronger
4,82,incomparable
4,83,stronger
4,84,stronger
4,85,stronger
4,86,incomparable
4,87,stronger
4,88,stronger
4,89,stronger
4,90,incomparable
4,91,stronger
4,92,stronger
4,93,stronger
4,94,incomparable
4,95,stronger
4,96,stronger
4,97,stronger
4,98,stronger
4,99,weaker
4,100,weaker
4,101,weaker
4,102,weaker
4,103,weaker
4,104,weaker
4,105,weaker
4,106,weaker
4,107,weaker
4,108,weaker
4,109,weaker
4,110,weaker
4,111,weaker
4,112,equivalent
4,113,equivalent
4,114,incomparable
4,115,incomparable
4,116,stronger
4,117,incomparable
4,118,incomparable
4,119,stronger
4,120,incomparable
4,121,stronger
4,122,stronger
4,123,stronger
4,124,incomparable
4,125,incomparable
4,126,stronger
4,127,incomparable
4,128,stronger
4,129,stronger
4,130,incomparable
4,131,stronger
4,132,stronger
4,133,stronger
4,134,incomparable
4,135,stronger
4,136,stronger
4,137,stronger
4,138,incomparable
4,139,stronger
4,140,stronger
4,141,stronger
4,142,incomparable
4,143,stronger
4,144,stronger
4,145,stronger
4,146,incomparable
4,147,stronger
4,148,stronger
4,149,stronger
4,150,stronger
4,151,weaker
4,152,weaker
4,153,weaker
4,154,weaker
4,155,weaker
4,156,weaker
4,157,weaker
4,158,weaker
4,159,weaker
4,160,weaker
4,161,weaker
4,162,weaker
4,163,weaker
4,164,weaker
4,165,weaker
4,166,incomparable
4,167,incomparable
4,168,incomparable
4,169,incomparable
4,170,incomparable
4,171,stronger
4,172,incomparable
4,173,stronger
4,174,stronger
4,175,stronger
4,176,incomparable
4,177,incomparable
4,178,stronger
4,179,incomparable
4,180,stronger
4,181,stronger
4,182,incomparable
4,183,stronger
4,184,stronger
4,185,stronger
4,186,incomparable
4,187,stronger
4,188,stronger
4,189,stronger
4,190,incomparable
4,191,stronger
4,192,stronger
4,193,stronger
4,194,incomparable
4,195,stronger
4,196,stronger
4,197,stronger
4,198,incomparable
4,199,stronger
4,200,stronger
4,201,stronger
4,202,stronger
4,203,weaker
4,204,weaker
4,205,weaker
4,206,weaker
4,207,weaker
4,208,weaker
4,209,weaker
4,210,weaker
4,211,weaker
4,212,weaker
4,213,weaker
4,214,weaker
4,215,weaker
4,216,weaker
4,217,weaker
4,218,incomparable
4,219,incomparable
4,220,stronger
4,221,incomparable
4,222,incomparable
4,223,stronger
4,224,incomparable
4,225,stronger
4,226,stronger
4,227,stronger
4,228,incomparable
4,229,incomparable
4,230,stronger
4,231,incomparable
4,232,stronger
4,233,stronger
4,234,incomparable
4,235,stronger
4,236,stronger
4,237,stronger
4,238,incomparable
4,239,stronger
4,240,stronger
4,241,stronger
4,242,incomparable
4,243,stronger
4,244,stronger
4,245,stronger
4,246,incomparable
4,247,stronger
4,248,stronger
4,249,stronger
4,250,incomparable
4,251,stronger
4,252,stronger
4,253,stronger
4,254,stronger
4,255,weaker
4,256,weaker
4,257,weaker
4,258,weaker
4,259,weaker
4,260,weaker
4,261,weaker
4,262,weaker
4,263,weaker
4,264,weaker
4,265,weaker
4,266,weaker
4,267,weaker
4,268,weaker
4,269,weaker
4,270,incomparable
4,271,incomparable
4,272,stronger
4,273,incomparable
4,274,incomparable
4,275,stronger
4,276,incomparable
4,277,stronger
4,278,stronger
4,279,stronger
4,280,incomparable
4,281,incomparable
4,282,stronger
4,283,incomparable
4,284,stronger
4,285,stronger
4,286,incomparable
4,287,stronger
4,288,stronger
4,289,stronger
4,290,incomparable
4,291,stronger
4,292,stronger
4,293,stronger
4,294,incomparable
4,295,stronger
4,296,stronger
4,297,stronger
4,298,incomparable
4,299,stronger
4,300,stronger
4,301,stronger
4,302,incomparable
4,303,stronger
4,304,stronger
4,305,stronger
4,306,stronger
4,307,weaker
4,308,weaker
4,309,weaker
4,310,weaker
4,311,weaker
4,312,incomparable
4,313,incomparable
4,314,incomparable
4,315,incomparable
4,316,incomparable
4,317,incomparable
4,318,incomparable
4,319,incomparable
4,320,incomparable
4,321,incomparable
4,322,weaker
4,323,weaker
4,324,weaker
4,325,weaker
4,326,weaker
4,327,weaker
4,328,weaker
4,329,weaker
4,330,weaker
4,331,weaker
4,332,incomparable
4,333,incomparable
4,334,incomparable
4,335,incomparable
4,336,incomparable
4,337,incomparable
4,338,incomparable
4,339,incomparable
4,340,incomparable
4,341,incomparable
4,342,incomparable
4,343,incomparable
4,344,incomparable
4,345,incomparable
4,346,incomparable
4,347,incomparable
4,348,incomparable
4,349,incomparable
4,350,incomparable
4,351,incomparable
4,352,incomparable
4,353,incomparable
4,354,incomparable
4,355,incomparable
4,356,incomparable
4,357,incomparable
4,358,incomparable
4,359,weaker
4,360,weaker
4,361,weaker
4,362,weaker
4,363,weaker
4,364,incomparable
4,365,incomparable
4,366,incomparable
4,367,incomparable
4,368,incomparable
4,369,incomparable
4,370,incomparable
4,371,incomparable
4,372,incomparable
4,373,incomparable
4,374,weaker
4,375,weaker
4,376,weaker
4,377,weaker
4,378,weaker
4,379,weaker
4,380,weaker
4,381,weaker
4,382,weaker
4,383,weaker
4,384,incomparable
4,385,incomparable
4,386,incomparable
4,387,incomparable
4,388,incomparable
4,389,incomparable
4,390,incomparable
4,391,incomparable
4,392,incomparable
4,393,incomparable
4,394,incomparable
4,395,incomparable
4,396,incomparable
4,397,incomparable
4,398,incomparable
4,399,incomparable
4,400,incomparable
4,401,incomparable
4,402,incomparable
4,403,incomparable
4,404,incomparable
4,405,incomparable
4,406,incomparable
4,407,incomparable
4,408,incomparable
4,409,incomparable
4,410,incomparable
4,411,weaker
4,412,weaker
4,413,weaker
4,414,weaker
4,415,weaker
4,416,weaker
4,417,weaker
4,418,weaker
4,419,weaker
4,420,weaker
4,421,weaker
4,422,weaker
4,423,weaker
4,424,weaker
4,425,weaker
4,426,weaker
4,427,weaker
4,428,weaker
4,429,weaker
4,430,weaker
4,431,equivalent
4,432,weaker
4,433,weaker
4,434,weaker
4,435,equivalent
4,436,weaker
4,437,weaker
4,438,equivalent
4,439,weaker
4,440,weaker
4,441,equivalent
4,442,weaker
4,443,weaker
4,444,weaker
4,445,equivalent
4,446,weaker
4,447,equivalent
4,448,equivalent
4,449,equivalent
4,450,weaker
4,451,equivalent
4,452,weaker
4,453,equivalent
4,454,weaker
4,455,weaker
4,456,equivalent
4,457,equivalent
4,458,weaker
4,459,equivalent
4,460,equivalent
4,461,equivalent
4,462,equivalent
4,463,incomparable
4,464,incomparable
4,465,stronger
4,466,incomparable
4,467,incomparable
4,468,stronger
4,469,incomparable
4,470,stronger
4,471,stronger
4,472,stronger
4,473,incomparable
4,474,incomparable
4,475,stronger
4,476,incomparable
4,477,incomparable
4,478,stronger
4,479,incomparable
4,480,stronger
4,481,incomparable
4,482,stronger
4,483,incomparable
4,484,stronger
4,485,stronger
4,486,stronger
4,487,incomparable
4,488,stronger
4,489,incomparable
4,490,stronger
4,491,incomparable
4,492,incomparable
4,493,stronger
4,494,stronger
4,495,incomparable
4,496,stronger
4,497,stronger
4,498,stronger
4,499,stronger
4,500,incomparable
4,501,incomparable
4,502,stronger
4,503,incomparable
4,504,incomparable
4,505,stronger
4,506,incomparable
4,507,stronger
4,508,incomparable
4,509,stronger
4,510,incomparable
4,511,incomparable
4,512,stronger
4,513,incomparable
4,514,stronger
4,515,stronger
4,516,incomparable
4,517,stronger
4,518,stronger
4,519,stronger
4,520,incomparable
4,521,stronger
4,522,incomparable
4,523,stronger
4,524,incomparable
4,525,stronger
4,526,stronger
4,527,stronger
4,528,incomparable
4,529,stronger
4,530,stronger
4,531,stronger
4,532,incomparable
4,533,stronger
4,534,stronger
4,535,stronger
4,536,stronger
4,537,incomparable
4,538,stronger
4,539,stronger
4,540,stronger
4,541,incomparable
4,542,stronger
4,543,incomparable
4,544,stronger
4,545,incomparable
4,546,incomparable
4,547,stronger
4,548,stronger
4,549,incomparable
4,550,stronger
4,551,stronger
4,552,stronger
4,553,stronger
4,554,incomparable
4,555,stronger
4,556,incomparable
4,557,stronger
4,558,incomparable
4,559,stronger
4,560,stronger
4,561,stronger
4,562,incomparable
4,563,stronger
4,564,stronger
4,565,stronger
4,566,incomparable
4,567,stronger
4,568,stronger
4,569,stronger
4,570,stronger
4,571,incomparable
4,572,incomparable
4,573,stronger
4,574,stronger
4,575,incomparable
4,576,stronger
4,577,stronger
4,578,stronger
4,579,incomparable
4,580,stronger
4,581,stronger
4,582,stronger
4,583,incomparable
4,584,stronger
4,585,stronger
4,586,stronger
4,587,stronger
4,588,incomparable
4,589,stronger
4,590,stronger
4,591,stronger
4,592,stronger
4,593,incomparable
4,594,stronger
4,595,stronger
4,596,stronger
4,597,stronger
4,598,incomparable
4,599,stronger
4,600,stronger
4,601,stronger
4,602,stronger
4,603,incomparable
4,604,stronger
4,605,stronger
4,606,stronger
4,607,stronger
4,608,incomparable
4,609,stronger
4,610,stronger
4,611,stronger
4,612,stronger
4,613,stronger
4,614,weaker
4,615,weaker
4,616,weaker
4,617,weaker
4,618,weaker
4,619,weaker
4,620,weaker
4,621,weaker
4,622,weaker
4,623,weaker
4,624,weaker
4,625,weaker
4,626,weaker
4,627,weaker
4,628,weaker
4,629,weaker
4,630,weaker
4,631,equivalent
4,632,weaker
4,633,weaker
4,634,equivalent
4,635,weaker
4,636,equivalent
4,637,equivalent
4,638,equivalent
4,639,weaker
4,640,weaker
4,641,equivalent
4,642,weaker
4,643,weaker
4,644,equivalent
4,645,weaker
4,646,weaker
4,647,weaker
4,648,equivalent
4,649,weaker
4,650,equivalent
4,651,equivalent
4,652,equivalent
4,653,weaker
4,654,equivalent
4,655,weaker
4,656,equivalent
4,657,weaker
4,658,weaker
4,659,equivalent
4,660,equivalent
4,661,weaker
4,662,equivalent
4,663,equivalent
4,664,equivalent
4,665,equivalent
4,666,incomparable
4,667,incomparable
4,668,stronger
4,669,incomparable
4,670,incomparable
4,671,stronger
4,672,incomparable
4,673,stronger
4,674,stronger
4,675,stronger
4,676,incomparable
4,677,incomparable
4,678,stronger
4,679,incomparable
4,680,incomparable
4,681,stronger
4,682,incomparable
4,683,stronger
4,684,incomparable
4,685,stronger
4,686,incomparable
4,687,stronger
4,688,stronger
4,689,stronger
4,690,incomparable
4,691,stronger
4,692,incomparable
4,693,stronger
4,694,incomparable
4,695,incomparable
4,696,stronger
4,697,stronger
4,698,incomparable
4,699,stronger
4,700,stronger
4,701,stronger
4,702,stronger
4,703,incomparable
4,704,incomparable
4,705,stronger
4,706,incomparable
4,707,incomparable
4,708,stronger
4,709,incomparable
4,710,stronger
4,711,incomparable
4,712,stronger
4,713,incomparable
4,714,incomparable
4,715,stronger
4,716,incomparable
4,717,stronger
4,718,stronger
4,719,incomparable
4,720,stronger
4,721,stronger
4,722,stronger
4,723,incomparable
4,724,stronger
4,725,incomparable
4,726,stronger
4,727,incomparable
4,728,stronger
4,729,stronger
4,730,stronger
4,731,incomparable
4,732,stronger
4,733,stronger
4,734,stronger
4,735,incomparable
4,736,stronger
4,737,stronger
4,738,stronger
4,739,stronger
4,740,incomparable
4,741,stronger
4,742,stronger
4,743,stronger
4,744,incomparable
4,745,stronger
4,746,incomparable
4,747,stronger
4,748,incomparable
4,749,incomparable
4,750,stronger
4,751,stronger
4,752,incomparable
4,753,stronger
4,754,stronger
4,755,stronger
4,756,stronger
4,757,incomparable
4,758,stronger
4,759,incomparable
4,760,stronger
4,761,incomparable
4,762,stronger
4,763,stronger
4,764,stronger
4,765,incomparable
4,766,stronger
4,767,stronger
4,768,stronger
4,769,incomparable
4,770,stronger
4,771,stronger
4,772,stronger
4,773,stronger
4,774,incomparable
4,775,incomparable
4,776,stronger
4,777,stronger
4,778,incomparable
4,779,stronger
4,780,stronger
4,781,stronger
4,782,incomparable
4,783,stronger
4,784,stronger
4,785,stronger
4,786,incomparable
4,787,stronger
4,788,stronger
4,789,stronger
4,790,stronger
4,791,incomparable
4,792,stronger
4,793,stronger
4,794,stronger
4,795,stronger
4,796,incomparable
4,797,stronger
4,798,stronger
4,799,stronger
4,800,stronger
4,801,incomparable
4,802,stronger
4,803,stronger
4,804,stronger
4,805,stronger
4,806,incomparable
4,807,stronger
4,808,stronger
4,809,stronger
4,810,stronger
4,811,incomparable
4,812,stronger
4,813,stronger
4,814,stronger
4,815,stronger
4,816,stronger
4,817,weaker
4,818,weaker
4,819,weaker
4,820,weaker
4,821,weaker
4,822,weaker
4,823,weaker
4,824,weaker
4,825,weaker
4,826,weaker
4,827,weaker
4,828,weaker
4,829,weaker
4,830,weaker
4,831,weaker
4,832,weaker
4,833,weaker
4,834,weaker
4,835,weaker
4,836,weaker
4,837,weaker
4,838,weaker
4,839,weaker
4,840,weaker
4,841,weaker
4,842,weaker
4,843,weaker
4,844,weaker
4,845,weaker
4,846,weaker
4,847,weaker
4,848,weaker
4,849,weaker
4,850,weaker
4,851,weaker
4,852,weaker
4,853,equivalent
4,854,weaker
4,855,equivalent
4,856,weaker
4,857,equivalent
4,858,weaker
4,859,equivalent
4,860,weaker
4,861,weaker
4,862,equivalent
4,863,equivalent
4,864,weaker
4,865,equivalent
4,866,equivalent
4,867,equivalent
4,868,equivalent
4,869,incomparable
4,870,incomparable
4,871,stronger
4,872,incomparable
4,873,incomparable
4,874,stronger
4,875,incomparable
4,876,stronger
4,877,stronger
4,878,stronger
4,879,incomparable
4,880,incomparable
4,881,stronger
4,882,incomparable
4,883,incomparable
4,884,stronger
4,885,incomparable
4,886,stronger
4,887,incomparable
4,888,stronger
4,889,incomparable
4,890,stronger
4,891,stronger
4,892,stronger
4,893,incomparable
4,894,stronger
4,895,incomparable
4,896,stronger
4,897,incomparable
4,898,incomparable
4,899,stronger
4,900,stronger
4,901,incomparable
4,902,stronger
4,903,stronger
4,904,stronger
4,905,stronger
4,906,incomparable
4,907,incomparable
4,908,stronger
4,909,incomparable
4,910,incomparable
4,911,stronger
4,912,incomparable
4,913,stronger
4,914,incomparable
4,915,stronger
4,916,incomparable
4,917,incomparable
4,918,stronger
4,919,incomparable
4,920,stronger
4,921,stronger
4,922,incomparable
4,923,stronger
4,924,stronger
4,925,stronger
4,926,incomparable
4,927,stronger
4,928,incomparable
4,929,stronger
4,930,incomparable
4,931,stronger
4,932,stronger
4,933,stronger
4,934,incomparable
4,935,stronger
4,936,stronger
4,937,stronger
4,938,incomparable
4,939,stronger
4,940,stronger
4,941,stronger
4,942,stronger
4,943,incomparable
4,944,stronger
4,945,stronger
4,946,stronger
4,947,incomparable
4,948,stronger
4,949,incomparable
4,950,stronger
4,951,incomparable
4,952,incomparable
4,953,stronger
4,954,stronger
4,955,incomparable
4,956,stronger
4,957,stronger
4,958,stronger
4,959,stronger
4,960,incomparable
4,961,stronger
4,962,incomparable
4,963,stronger
4,964,incomparable
4,965,stronger
4,966,stronger
4,967,stronger
4,968,incomparable
4,969,stronger
4,970,stronger
4,971,stronger
4,972,incomparable
4,973,stronger
4,974,stronger
4,975,stronger
4,976,stronger
4,977,incomparable
4,978,incomparable
4,979,stronger
4,980,stronger
4,981,incomparable
4,982,stronger
4,983,stronger
4,984,stronger
4,985,incomparable
4,986,stronger
4,987,stronger
4,988,stronger
4,989,incomparable
4,990,stronger
4,991,stronger
4,992,stronger
4,993,stronger
4,994,incomparable
4,995,stronger
4,996,stronger
4,997,stronger
4,998,stronger
4,999,incomparable
4,1000,stronger
4,1001,stronger
4,1002,stronger
4,1003,stronger
4,1004,incomparable
4,1005,stronger
4,1006,stronger
4,1007,stronger
4,1008,stronger
4,1009,incomparable
4,1010,stronger
4,1011,stronger
4,1012,stronger
4,1013,stronger
4,1014,incomparable
4,1015,stronger
4,1016,stronger
4,1017,stronger
4,1018,stronger
4,1019,stronger
4,1020,weaker
4,1021,weaker
4,1022,weaker
4,1023,weaker
4,1024,weaker
4,1025,weaker
4,1026,weaker
4,1027,weaker
4,1028,weaker
4,1029,weaker
4,1030,weaker
4,1031,weaker
4,1032,weaker
4,1033,weaker
4,1034,weaker
4,1035,weaker
4,1036,weaker
4,1037,weaker
4,1038,weaker
4,1039,weaker
4,1040,equivalent
4,1041,weaker
4,1042,weaker
4,1043,weaker
4,1044,equivalent
4,1045,weaker
4,1046,weaker
4,1047,equivalent
4,1048,weaker
4,1049,weaker
4,1050,weaker
4,1051,weaker
4,1052,weaker
4,1053,weaker
4,1054,equivalent
4,1055,weaker
4,1056,weaker
4,1057,equivalent
4,1058,equivalent
4,1059,weaker
4,1060,weaker
4,1061,weaker
4,1062,equivalent
4,1063,weaker
4,1064,weaker
4,1065,equivalent
4,1066,equivalent
4,1067,weaker
4,1068,weaker
4,1069,equivalent
4,1070,equivalent
4,1071,equivalent
4,1072,incomparable
4,1073,incomparable
4,1074,stronger
4,1075,incomparable
4,1076,incomparable
4,1077,stronger
4,1078,incomparable
4,1079,stronger
4,1080,stronger
4,1081,stronger
4,1082,incomparable
4,1083,incomparable
4,1084,stronger
4,1085,incomparable
4,1086,incomparable
4,1087,stronger
4,1088,incomparable
4,1089,stronger
4,1090,incomparable
4,1091,stronger
4,1092,incomparable
4,1093,stronger
4,1094,stronger
4,1095,stronger
4,1096,incomparable
4,1097,stronger
4,1098,incomparable
4,1099,stronger
4,1100,incomparable
4,1101,incomparable
4,1102,stronger
4,1103,stronger
4,1104,incomparable
4,1105,stronger
4,1106,stronger
4,1107,stronger
4,1108,stronger
4,1109,incomparable
4,1110,incomparable
4,1111,stronger
4,1112,incomparable
4,1113,incomparable
4,1114,stronger
4,1115,incomparable
4,1116,stronger
4,1117,incomparable
4,1118,stronger
4,1119,incomparable
4,1120,incomparable
4,1121,stronger
4,1122,incomparable
4,1123,stronger
4,1124,stronger
4,1125,incomparable
4,1126,stronger
4,1127,stronger
4,1128,stronger
4,1129,incomparable
4,1130,stronger
4,1131,incomparable
4,1132,stronger
4,1133,incomparable
4,1134,stronger
4,1135,stronger
4,1136,stronger
4,1137,incomparable
4,1138,stronger
4,1139,stronger
4,1140,stronger
4,1141,incomparable
4,1142,stronger
4,1143,stronger
4,1144,stronger
4,1145,stronger
4,1146,incomparable
4,1147,stronger
4,1148,stronger
4,1149,stronger
4,1150,incomparable
4,1151,stronger
4,1152,incomparable
4,1153,stronger
4,1154,incomparable
4,1155,incomparable
4,1156,stronger
4,1157,stronger
4,1158,incomparable
4,1159,stronger
4,1160,stronger
4,1161,stronger
4,1162,stronger
4,1163,incomparable
4,1164,stronger
4,1165,incomparable
4,1166,stronger
4,1167,incomparable
4,1168,stronger
4,1169,stronger
4,1170,stronger
4,1171,incomparable
4,1172,stronger
4,1173,stronger
4,1174,stronger
4,1175,incomparable
4,1176,stronger
4,1177,stronger
4,1178,stronger
4,1179,stronger
4,1180,incomparable
4,1181,incomparable
4,1182,stronger
4,1183,stronger
4,1184,incomparable
4,1185,stronger
4,1186,stronger
4,1187,stronger
4,1188,incomparable
4,1189,stronger
4,1190,stronger
4,1191,stronger
4,1192,incomparable
4,1193,stronger
4,1194,stronger
4,1195,stronger
4,1196,stronger
4,1197,incomparable
4,1198,stronger
4,1199,stronger
4,1200,stronger
4,1201,stronger
4,1202,incomparable
4,1203,stronger
4,1204,stronger
4,1205,stronger
4,1206,stronger
4,1207,incomparable
4,1208,stronger
4,1209,stronger
4,1210,stronger
4,1211,stronger
4,1212,incomparable
4,1213,stronger
4,1214,stronger
4,1215,stronger
4,1216,stronger
4,1217,incomparable
4,1218,stronger
4,1219,stronger
4,1220,stronger
4,1221,stronger
4,1222,stronger
4,1223,weaker
4,1224,weaker
4,1225,weaker
4,1226,weaker
4,1227,weaker
4,1228,weaker
4,1229,weaker
4,1230,weaker
4,1231,weaker
4,1232,weaker
4,1233,weaker
4,1234,weaker
4,1235,weaker
4,1236,weaker
4,1237,weaker
4,1238,weaker
4,1239,weaker
4,1240,weaker
4,1241,weaker
4,1242,weaker
4,1243,weaker
4,1244,weaker
4,1245,weaker
4,1246,weaker
4,1247,weaker
4,1248,weaker
4,1249,weaker
4,1250,weaker
4,1251,weaker
4,1252,weaker
4,1253,weaker
4,1254,weaker
4,1255,weaker
4,1256,weaker
4,1257,weaker
4,1258,weaker
4,1259,weaker
4,1260,weaker
4,1261,weaker
4,1262,weaker
4,1263,weaker
4,1264,weaker
4,1265,weaker
4,1266,weaker
4,1267,weaker
4,1268,equivalent
4,1269,equivalent
4,1270,weaker
4,1271,weaker
4,1272,equivalent
4,1273,equivalent
4,1274,equivalent
4,1275,incomparable
4,1276,incomparable
4,1277,stronger
4,1278,incomparable
4,1279,incomparable
4,1280,stronger
4,1281,incomparable
4,1282,stronger
4,1283,stronger
4,1284,stronger
4,1285,incomparable
4,1286,incomparable
4,1287,stronger
4,1288,incomparable
4,1289,incomparable
4,1290,stronger
4,1291,incomparable
4,1292,stronger
4,1293,incomparable
4,1294,stronger
4,1295,incomparable
4,1296,stronger
4,1297,stronger
4,1298,stronger
4,1299,incomparable
4,1300,stronger
4,1301,incomparable
4,1302,stronger
4,1303,incomparable
4,1304,incomparable
4,1305,stronger
4,1306,stronger
4,1307,incomparable
4,1308,stronger
4,1309,stronger
4,1310,stronger
4,1311,stronger
4,1312,incomparable
4,1313,incomparable
4,1314,stronger
4,1315,incomparable
4,1316,incomparable
4,1317,stronger
4,1318,incomparable
4,1319,stronger
4,1320,incomparable
4,1321,stronger
4,1322,incomparable
4,1323,incomparable
4,1324,stronger
4,1325,incomparable
4,1326,stronger
4,1327,stronger
4,1328,incomparable
4,1329,stronger
4,1330,stronger
4,1331,stronger
4,1332,incomparable
4,1333,stronger
4,1334,incomparable
4,1335,stronger
4,1336,incomparable
4,1337,stronger
4,1338,stronger
4,1339,stronger
4,1340,incomparable
4,1341,stronger
4,1342,stronger
4,1343,stronger
4,1344,incomparable
4,1345,stronger
4,1346,stronger
4,1347,stronger
4,1348,stronger
4,1349,incomparable
4,1350,stronger
4,1351,stronger
4,1352,stronger
4,1353,incomparable
4,1354,stronger
4,1355,incomparable
4,1356,stronger
4,1357,incomparable
4,1358,incomparable
4,1359,stronger
4,1360,stronger
4,1361,incomparable
4,1362,stronger
4,1363,stronger
4,1364,stronger
4,1365,stronger
4,1366,incomparable
4,1367,stronger
4,1368,incomparable
4,1369,stronger
4,1370,incomparable
4,1371,stronger
4,1372,stronger
4,1373,stronger
4,1374,incomparable
4,1375,stronger
4,1376,stronger
4,1377,stronger
4,1378,incomparable
4,1379,stronger
4,1380,stronger
4,1381,stronger
4,1382,stronger
4,1383,incomparable
4,1384,incomparable
4,1385,stronger
4,1386,stronger
4,1387,incomparable
4,1388,stronger
4,1389,stronger
4,1390,stronger
4,1391,incomparable
4,1392,stronger
4,1393,stronger
4,1394,stronger
4,1395,incomparable
4,1396,stronger
4,1397,stronger
4,1398,stronger
4,1399,stronger
4,1400,incomparable
4,1401,stronger
4,1402,stronger
4,1403,stronger
4,1404,stronger
4,1405,incomparable
4,1406,stronger
4,1407,stronger
4,1408,stronger
4,1409,stronger
4,1410,incomparable
4,1411,stronger
4,1412,stronger
4,1413,stronger
4,1414,stronger
4,1415,incomparable
4,1416,stronger
4,1417,stronger
4,1418,stronger
4,1419,stronger
4,1420,incomparable
4,1421,stronger
4,1422,stronger
4,1423,stronger
4,1424,stronger
4,1425,stronger
4,1426,weaker
4,1427,weaker
4,1428,weaker
4,1429,weaker
4,1430,weaker
4,1431,weaker
4,1432,weaker
4,1433,weaker
4,1434,weaker
4,1435,weaker
4,1436,weaker
4,1437,weaker
4,1438,weaker
4,1439,weaker
4,1440,weaker
4,1441,weaker
4,1442,weaker
4,1443,weaker
4,1444,weaker
4,1445,weaker
4,1446,weaker
4,1447,weaker
4,1448,weaker
4,1449,weaker
4,1450,weaker
4,1451,weaker
4,1452,weaker
4,1453,weaker
4,1454,weaker
4,1455,weaker
4,1456,weaker
4,1457,weaker
4,1458,weaker
4,1459,weaker
4,1460,weaker
4,1461,weaker
4,1462,weaker
4,1463,weaker
4,1464,weaker
4,1465,weaker
4,1466,weaker
4,1467,weaker
4,1468,weaker
4,1469,weaker
4,1470,weaker
4,1471,weaker
4,1472,weaker
4,1473,weaker
4,1474,weaker
4,1475,weaker
4,1476,weaker
4,1477,weaker
4,1478,incomparable
4,1479,incomparable
4,1480,incomparable
4,1481,incomparable
4,1482,incomparable
4,1483,incomparable
4,1484,incomparable
4,1485,incomparable
4,1486,incomparable
4,1487,incomparable
4,1488,incomparable
4,1489,incomparable
4,1490,stronger
4,1491,incomparable
4,1492,incomparable
4,1493,stronger
4,1494,incomparable
4,1495,stronger
4,1496,incomparable
4,1497,stronger
4,1498,incomparable
4,1499,stronger
4,1500,stronger
4,1501,stronger
4,1502,incomparable
4,1503,stronger
4,1504,incomparable
4,1505,stronger
4,1506,incomparable
4,1507,incomparable
4,1508,stronger
4,1509,stronger
4,1510,incomparable
4,1511,stronger
4,1512,stronger
4,1513,stronger
4,1514,stronger
4,1515,incomparable
4,1516,incomparable
4,1517,stronger
4,1518,incomparable
4,1519,incomparable
4,1520,stronger
4,1521,incomparable
4,1522,stronger
4,1523,incomparable
4,1524,stronger
4,1525,incomparable
4,1526,incomparable
4,1527,stronger
4,1528,incomparable
4,1529,stronger
4,1530,stronger
4,1531,incomparable
4,1532,stronger
4,1533,stronger
4,1534,stronger
4,1535,incomparable
4,1536,stronger
4,1537,incomparable
4,1538,stronger
4,1539,incomparable
4,1540,stronger
4,1541,stronger
4,1542,stronger
4,1543,incomparable
4,1544,stronger
4,1545,stronger
4,1546,stronger
4,1547,incomparable
4,1548,stronger
4,1549,stronger
4,1550,stronger
4,1551,stronger
4,1552,incomparable
4,1553,stronger
4,1554,stronger
4,1555,stronger
4,1556,incomparable
4,1557,stronger
4,1558,incomparable
4,1559,stronger
4,1560,incomparable
4,1561,incomparable
4,1562,stronger
4,1563,stronger
4,1564,incomparable
4,1565,stronger
4,1566,stronger
4,1567,stronger
4,1568,stronger
4,1569,incomparable
4,1570,stronger
4,1571,incomparable
4,1572,stronger
4,1573,incomparable
4,1574,stronger
4,1575,stronger
4,1576,stronger
4,1577,incomparable
4,1578,stronger
4,1579,stronger
4,1580,stronger
4,1581,incomparable
4,1582,stronger
4,1583,stronger
4,1584,stronger
4,1585,stronger
4,1586,incomparable
4,1587,incomparable
4,1588,stronger
4,1589,stronger
4,1590,incomparable
4,1591,stronger
4,1592,stronger
4,1593,stronger
4,1594,incomparable
4,1595,stronger
4,1596,stronger
4,1597,stronger
4,1598,incomparable
4,1599,stronger
4,1600,stronger
4,1601,stronger
4,1602,stronger
4,1603,incomparable
4,1604,stronger
4,1605,stronger
4,1606,stronger
4,1607,stronger
4,1608,incomparable
4,1609,stronger
4,1610,stronger
4,1611,stronger
4,1612,stronger
4,1613,incomparable
4,1614,stronger
4,1615,stronger
4,1616,stronger
4,1617,stronger
4,1618,incomparable
4,1619,stronger
4,1620,stronger
4,1621,stronger
4,1622,stronger
4,1623,incomparable
4,1624,stronger
4,1625,stronger
4,1626,stronger
4,1627,stronger
4,1628,stronger
4,1629,weaker
4,1630,weaker
4,1631,weaker
4,1632,weaker
4,1633,weaker
4,1634,weaker
4,1635,weaker
4,1636,weaker
4,1637,weaker
4,1638,weaker
4,1639,weaker
4,1640,weaker
4,1641,weaker
4,1642,weaker
4,1643,weaker
4,1644,weaker
4,1645,weaker
4,1646,weaker
4,1647,weaker
4,1648,weaker
4,1649,weaker
4,1650,weaker
4,1651,weaker
4,1652,weaker
4,1653,weaker
4,1654,weaker
4,1655,weaker
4,1656,weaker
4,1657,weaker
4,1658,weaker
4,1659,weaker
4,1660,weaker
4,1661,weaker
4,1662,weaker
4,1663,weaker
4,1664,weaker
4,1665,weaker
4,1666,weaker
4,1667,weaker
4,1668,weaker
4,1669,weaker
4,1670,weaker
4,1671,weaker
4,1672,weaker
4,1673,weaker
4,1674,weaker
4,1675,weaker
4,1676,weaker
4,1677,weaker
4,1678,weaker
4,1679,weaker
4,1680,weaker
4,1681,incomparable
4,1682,incomparable
4,1683,stronger
4,1684,incomparable
4,1685,incomparable
4,1686,stronger
4,1687,incomparable
4,1688,stronger
4,1689,stronger
4,1690,stronger
4,1691,incomparable
4,1692,incomparable
4,1693,stronger
4,1694,incomparable
4,1695,incomparable
4,1696,stronger
4,1697,incomparable
4,1698,stronger
4,1699,incomparable
4,1700,stronger
4,1701,incomparable
4,1702,stronger
4,1703,stronger
4,1704,stronger
4,1705,incomparable
4,1706,stronger
4,1707,incomparable
4,1708,stronger
4,1709,incomparable
4,1710,incomparable
4,1711,stronger
4,1712,stronger
4,1713,incomparable
4,1714,stronger
4,1715,stronger
4,1716,stronger
4,1717,stronger
4,1718,incomparable
4,1719,incomparable
4,1720,stronger
4,1721,incomparable
4,1722,incomparable
4,1723,stronger
4,1724,incomparable
4,1725,stronger
4,1726,incomparable
4,1727,stronger
4,1728,incomparable
4,1729,incomparable
4,1730,stronger
4,1731,incomparable
4,1732,stronger
4,1733,stronger
4,1734,incomparable
4,1735,stronger
4,1736,stronger
4,1737,stronger
4,1738,incomparable
4,1739,stronger
4,1740,incomparable
4,1741,stronger
4,1742,incomparable
4,1743,stronger
4,1744,stronger
4,1745,stronger
4,1746,incomparable
4,1747,stronger
4,1748,stronger
4,1749,stronger
4,1750,incomparable
4,1751,stronger
4,1752,stronger
4,1753,stronger
4,1754,stronger
4,1755,incomparable
4,1756,stronger
4,1757,stronger
4,1758,stronger
4,1759,incomparable
4,1760,stronger
4,1761,incomparable
4,1762,stronger
4,1763,incomparable
4,1764,incomparable
4,1765,stronger
4,1766,stronger
4,1767,incomparable
4,1768,stronger
4,1769,stronger
4,1770,stronger
4,1771,stronger
4,1772,incomparable
4,1773,stronger
4,1774,incomparable
4,1775,stronger
4,1776,incomparable
4,1777,stronger
4,1778,stronger
4,1779,stronger
4,1780,incomparable
4,1781,stronger
4,1782,stronger
4,1783,stronger
4,1784,incomparable
4,1785,stronger
4,1786,stronger
4,1787,stronger
4,1788,stronger
4,1789,incomparable
4,1790,incomparable
4,1791,stronger
4,1792,stronger
4,1793,incomparable
4,1794,stronger
4,1795,stronger
4,1796,stronger
4,1797,incomparable
4,1798,stronger
4,1799,stronger
4,1800,stronger
4,1801,incomparable
4,1802,stronger
4,1803,stronger
4,1804,stronger
4,1805,stronger
4,1806,incomparable
4,1807,stronger
4,1808,stronger
4,1809,stronger
4,1810,stronger
4,1811,incomparable
4,1812,stronger
4,1813,stronger
4,1814,stronger
4,1815,stronger
4,1816,incomparable
4,1817,stronger
4,1818,stronger
4,1819,stronger
4,1820,stronger
4,1821,incomparable
4,1822,stronger
4,1823,stronger
4,1824,stronger
4,1825,stronger
4,1826,incomparable
4,1827,stronger
4,1828,stronger
4,1829,stronger
4,1830,stronger
4,1831,stronger
4,1832,weaker
4,1833,weaker
4,1834,weaker
4,1835,weaker
4,1836,weaker
4,1837,weaker
4,1838,weaker
4,1839,weaker
4,1840,weaker
4,1841,weaker
4,1842,weaker
4,1843,weaker
4,1844,weaker
4,1845,weaker
4,1846,weaker
4,1847,weaker
4,1848,weaker
4,1849,weaker
4,1850,weaker
4,1851,weaker
4,1852,weaker
4,1853,weaker
4,1854,weaker
4,1855,weaker
4,1856,weaker
4,1857,weaker
4,1858,weaker
4,1859,weaker
4,1860,weaker
4,1861,weaker
4,1862,weaker
4,1863,weaker
4,1864,weaker
4,1865,weaker
4,1866,weaker
4,1867,weaker
4,1868,weaker
4,1869,weaker
4,1870,weaker
4,1871,weaker
4,1872,weaker
4,1873,weaker
4,1874,weaker
4,1875,weaker
4,1876,weaker
4,1877,weaker
4,1878,weaker
4,1879,weaker
4,1880,weaker
4,1881,weaker
4,1882,weaker
4,1883,weaker
4,1884,incomparable
4,1885,incomparable
4,1886,stronger
4,1887,incomparable
4,1888,incomparable
4,1889,stronger
4,1890,incomparable
4,1891,stronger
4,1892,stronger
4,1893,stronger
4,1894,incomparable
4,1895,incomparable
4,1896,stronger
4,1897,incomparable
4,1898,incomparable
4,1899,stronger
4,1900,incomparable
4,1901,stronger
4,1902,incomparable
4,1903,stronger
4,1904,incomparable
4,1905,stronger
4,1906,stronger
4,1907,stronger
4,1908,incomparable
4,1909,stronger
4,1910,incomparable
4,1911,stronger
4,1912,incomparable
4,1913,incomparable
4,1914,stronger
4,1915,stronger
4,1916,incomparable
4,1917,stronger
4,1918,stronger
4,1919,stronger
4,1920,stronger
4,1921,incomparable
4,1922,incomparable
4,1923,stronger
4,1924,incomparable
4,1925,incomparable
4,1926,stronger
4,1927,incomparable
4,1928,stronger
4,1929,incomparable
4,1930,stronger
4,1931,incomparable
4,1932,incomparable
4,1933,stronger
4,1934,incomparable
4,1935,stronger
4,1936,stronger
4,1937,incomparable
4,1938,stronger
4,1939,stronger
4,1940,stronger
4,1941,incomparable
4,1942,stronger
4,1943,incomparable
4,1944,stronger
4,1945,incomparable
4,1946,stronger
4,1947,stronger
4,1948,stronger
4,1949,incomparable
4,1950,stronger
4,1951,stronger
4,1952,stronger
4,1953,incomparable
4,1954,stronger
4,1955,stronger
4,1956,stronger
4,1957,stronger
4,1958,incomparable
4,1959,stronger
4,1960,stronger
4,1961,stronger
4,1962,incomparable
4,1963,stronger
4,1964,incomparable
4,1965,stronger
4,1966,incomparable
4,1967,incomparable
4,1968,stronger
4,1969,stronger
4,1970,incomparable
4,1971,stronger
4,1972,stronger
4,1973,stronger
4,1974,stronger
4,1975,incomparable
4,1976,stronger
4,1977,incomparable
4,1978,stronger
4,1979,incomparable
4,1980,stronger
4,1981,stronger
4,1982,stronger
4,1983,incomparable
4,1984,stronger
4,1985,stronger
4,1986,stronger
4,1987,incomparable
4,1988,stronger
4,1989,stronger
4,1990,stronger
4,1991,stronger
4,1992,incomparable
4,1993,incomparable
4,1994,stronger
4,1995,stronger
4,1996,incomparable
4,1997,stronger
4,1998,stronger
4,1999,stronger
4,2000,incomparable
4,2001,stronger
4,2002,stronger
4,2003,stronger
4,2004,incomparable
4,2005,stronger
4,2006,stronger
4,2007,stronger
4,2008,stronger
4,2009,incomparable
4,2010,stronger
4,2011,stronger
4,2012,stronger
4,2013,stronger
4,2014,incomparable
4,2015,stronger
4,2016,stronger
4,2017,stronger
4,2018,stronger
4,2019,incomparable
4,2020,stronger
4,2021,stronger
4,2022,stronger
4,2023,stronger
4,2024,incomparable
4,2025,stronger
4,2026,stronger
4,2027,stronger
4,2028,stronger
4,2029,incomparable
4,2030,stronger
4,2031,stronger
4,2032,stronger
4,2033,stronger
4,2034,stronger
4,2035,weaker
4,2036,weaker
4,2037,weaker
4,2038,weaker
4,2039,weaker
4,2040,weaker
4,2041,weaker
4,2042,weaker
4,2043,weaker
4,2044,weaker
4,2045,weaker
4,2046,weaker
4,2047,weaker
4,2048,weaker
4,2049,weaker
4,2050,weaker
4,2051,weaker
4,2052,weaker
4,2053,weaker
4,2054,weaker
4,2055,weaker
4,2056,weaker
4,2057,weaker
4,2058,weaker
4,2059,weaker
4,2060,weaker
4,2061,weaker
4,2062,weaker
4,2063,weaker
4,2064,weaker
4,2065,weaker
4,2066,weaker
4,2067,weaker
4,2068,weaker
4,2069,weaker
4,2070,weaker
4,2071,weaker
4,2072,weaker
4,2073,weaker
4,2074,weaker
4,2075,weaker
4,2076,weaker
4,2077,weaker
4,2078,weaker
4,2079,weaker
4,2080,weaker
4,2081,weaker
4,2082,weaker
4,2083,weaker
4,2084,weaker
4,2085,weaker
4,2086,weaker
4,2087,incomparable
4,2088,incomparable
4,2089,incomparable
4,2090,incomparable
4,2091,incomparable
4,2092,stronger
4,2093,incomparable
4,2094,stronger
4,2095,stronger
4,2096,stronger
4,2097,incomparable
4,2098,incomparable
4,2099,stronger
4,2100,incomparable
4,2101,incomparable
4,2102,stronger
4,2103,incomparable
4,2104,stronger
4,2105,incomparable
4,2106,stronger
4,2107,incomparable
4,2108,stronger
4,2109,stronger
4,2110,stronger
4,2111,incomparable
4,2112,stronger
4,2113,incomparable
4,2114,stronger
4,2115,incomparable
4,2116,incomparable
4,2117,stronger
4,2118,stronger
4,2119,incomparable
4,2120,stronger
4,2121,stronger
4,2122,stronger
4,2123,stronger
4,2124,incomparable
4,2125,incomparable
4,2126,incomparable
4,2127,incomparable
4,2128,incomparable
4,2129,stronger
4,2130,incomparable
4,2131,stronger
4,2132,incomparable
4,2133,stronger
4,2134,incomparable
4,2135,incomparable
4,2136,stronger
4,2137,incomparable
4,2138,stronger
4,2139,stronger
4,2140,incomparable
4,2141,stronger
4,2142,stronger
4,2143,stronger
4,2144,incomparable
4,2145,stronger
4,2146,incomparable
4,2147,stronger
4,2148,incomparable
4,2149,stronger
4,2150,stronger
4,2151,stronger
4,2152,incomparable
4,2153,stronger
4,2154,stronger
4,2155,stronger
4,2156,incomparable
4,2157,stronger
4,2158,stronger
4,2159,stronger
4,2160,stronger
4,2161,incomparable
4,2162,incomparable
4,2163,incomparable
4,2164,incomparable
4,2165,incomparable
4,2166,stronger
4,2167,incomparable
4,2168,stronger
4,2169,incomparable
4,2170,incomparable
4,2171,stronger
4,2172,stronger
4,2173,incomparable
4,2174,stronger
4,2175,stronger
4,2176,stronger
4,2177,stronger
4,2178,incomparable
4,2179,stronger
4,2180,incomparable
4,2181,stronger
4,2182,incomparable
4,2183,stronger
4,2184,stronger
4,2185,stronger
4,2186,incomparable
4,2187,stronger
4,2188,stronger
4,2189,stronger
4,2190,incomparable
4,2191,stronger
4,2192,stronger
4,2193,stronger
4,2194,stronger
4,2195,incomparable
4,2196,incomparable
4,2197,stronger
4,2198,stronger
4,2199,incomparable
4,2200,stronger
4,2201,stronger
4,2202,stronger
4,2203,incomparable
4,2204,stronger
4,2205,stronger
4,2206,stronger
4,2207,incomparable
4,2208,stronger
4,2209,stronger
4,2210,stronger
4,2211,stronger
4,2212,incomparable
4,2213,stronger
4,2214,stronger
4,2215,stronger
4,2216,stronger
4,2217,incomparable
4,2218,stronger
4,2219,stronger
4,2220,stronger
4,2221,stronger
4,2222,incomparable
4,2223,stronger
4,2224,stronger
4,2225,stronger
4,2226,stronger
4,2227,incomparable
4,2228,stronger
4,2229,stronger
4,2230,stronger
4,2231,stronger
4,2232,incomparable
4,2233,stronger
4,2234,stronger
4,2235,stronger
4,2236,stronger
4,2237,stronger
4,2238,weaker
4,2239,weaker
4,2240,weaker
4,2241,weaker
4,2242,weaker
4,2243,weaker
4,2244,weaker
4,2245,weaker
4,2246,weaker
4,2247,weaker
4,2248,weaker
4,2249,weaker
4,2250,weaker
4,2251,weaker
4,2252,weaker
4,2253,weaker
4,2254,weaker
4,2255,weaker
4,2256,weaker
4,2257,weaker
4,2258,weaker
4,2259,weaker
4,2260,weaker
4,2261,weaker
4,2262,weaker
4,2263,weaker
4,2264,weaker
4,2265,weaker
4,2266,weaker
4,2267,weaker
4,2268,weaker
4,2269,weaker
4,2270,weaker
4,2271,weaker
4,2272,weaker
4,2273,weaker
4,2274,weaker
4,2275,weaker
4,2276,weaker
4,2277,weaker
4,2278,weaker
4,2279,weaker
4,2280,weaker
4,2281,weaker
4,2282,weaker
4,2283,weaker
4,2284,weaker
4,2285,weaker
4,2286,weaker
4,2287,weaker
4,2288,weaker
4,2289,weaker
4,2290,incomparable
4,2291,incomparable
4,2292,stronger
4,2293,incomparable
4,2294,incomparable
4,2295,stronger
4,2296,incomparable
4,2297,stronger
4,2298,stronger
4,2299,stronger
4,2300,incomparable
4,2301,incomparable
4,2302,stronger
4,2303,incomparable
4,2304,incomparable
4,2305,stronger
4,2306,incomparable
4,2307,stronger
4,2308,incomparable
4,2309,stronger
4,2310,incomparable
4,2311,stronger
4,2312,stronger
4,2313,stronger
4,2314,incomparable
4,2315,stronger
4,2316,incomparable
4,2317,stronger
4,2318,incomparable
4,2319,incomparable
4,2320,stronger
4,2321,stronger
4,2322,incomparable
4,2323,stronger
4,2324,stronger
4,2325,stronger
4,2326,stronger
4,2327,incomparable
4,2328,incomparable
4,2329,stronger
4,2330,incomparable
4,2331,incomparable
4,2332,stronger
4,2333,incomparable
4,2334,stronger
4,2335,incomparable
4,2336,stronger
4,2337,incomparable
4,2338,incomparable
4,2339,stronger
4,2340,incomparable
4,2341,stronger
4,2342,stronger
4,2343,incomparable
4,2344,stronger
4,2345,stronger
4,2346,stronger
4,2347,incomparable
4,2348,stronger
4,2349,incomparable
4,2350,stronger
4,2351,incomparable
4,2352,stronger
4,2353,stronger
4,2354,stronger
4,2355,incomparable
4,2356,stronger
4,2357,stronger
4,2358,stronger
4,2359,incomparable
4,2360,stronger
4,2361,stronger
4,2362,stronger
4,2363,stronger
4,2364,incomparable
4,2365,stronger
4,2366,stronger
4,2367,stronger
4,2368,incomparable
4,2369,stronger
4,2370,incomparable
4,2371,stronger
4,2372,incomparable
4,2373,incomparable
4,2374,stronger
4,2375,stronger
4,2376,incomparable
4,2377,stronger
4,2378,stronger
4,2379,stronger
4,2380,stronger
4,2381,incomparable
4,2382,stronger
4,2383,incomparable
4,2384,stronger
4,2385,incomparable
4,2386,stronger
4,2387,stronger
4,2388,stronger
4,2389,incomparable
4,2390,stronger
4,2391,stronger
4,2392,stronger
4,2393,incomparable
4,2394,stronger
4,2395,stronger
4,2396,stronger
4,2397,stronger
4,2398,incomparable
4,2399,incomparable
4,2400,stronger
4,2401,stronger
4,2402,incomparable
4,2403,stronger
4,2404,stronger
4,2405,stronger
4,2406,incomparable
4,2407,stronger
4,2408,stronger
4,2409,stronger
4,2410,incomparable
4,2411,stronger
4,2412,stronger
4,2413,stronger
4,2414,stronger
4,2415,incomparable
4,2416,stronger
4,2417,stronger
4,2418,stronger
4,2419,stronger
4,2420,incomparable
4,2421,stronger
4,2422,stronger
4,2423,stronger
4,2424,stronger
4,2425,incomparable
4,2426,stronger
4,2427,stronger
4,2428,stronger
4,2429,stronger
4,2430,incomparable
4,2431,stronger
4,2432,stronger
4,2433,stronger
4,2434,stronger
4,2435,incomparable
4,2436,stronger
4,2437,stronger
4,2438,stronger
4,2439,stronger
4,2440,stronger
4,2441,weaker
4,2442,weaker
4,2443,weaker
4,2444,weaker
4,2445,weaker
4,2446,weaker
4,2447,weaker
4,2448,weaker
4,2449,weaker
4,2450,weaker
4,2451,weaker
4,2452,weaker
4,2453,weaker
4,2454,weaker
4,2455,weaker
4,2456,weaker
4,2457,weaker
4,2458,weaker
4,2459,weaker
4,2460,weaker
4,2461,weaker
4,2462,weaker
4,2463,weaker
4,2464,weaker
4,2465,weaker
4,2466,weaker
4,2467,weaker
4,2468,weaker
4,2469,weaker
4,2470,weaker
4,2471,weaker
4,2472,weaker
4,2473,weaker
4,2474,weaker
4,2475,weaker
4,2476,weaker
4,2477,weaker
4,2478,weaker
4,2479,weaker
4,2480,weaker
4,2481,weaker
4,2482,weaker
4,2483,weaker
4,2484,weaker
4,2485,weaker
4,2486,weaker
4,2487,weaker
4,2488,weaker
4,2489,weaker
4,2490,weaker
4,2491,weaker
4,2492,weaker
4,2493,incomparable
4,2494,incomparable
4,2495,stronger
4,2496,incomparable
4,2497,incomparable
4,2498,stronger
4,2499,incomparable
4,2500,stronger
4,2501,stronger
4,2502,stronger
4,2503,incomparable
4,2504,incomparable
4,2505,stronger
4,2506,incomparable
4,2507,incomparable
4,2508,stronger
4,2509,incomparable
4,2510,stronger
4,2511,incomparable
4,2512,stronger
4,2513,incomparable
4,2514,stronger
4,2515,stronger
4,2516,stronger
4,2517,incomparable
4,2518,stronger
4,2519,incomparable
4,2520,stronger
4,2521,incomparable
4,2522,incomparable
4,2523,stronger
4,2524,stronger
4,2525,incomparable
4,2526,stronger
4,2527,stronger
4,2528,stronger
4,2529,stronger
4,2530,incomparable
4,2531,incomparable
4,2532,stronger
4,2533,incomparable
4,2534,incomparable
4,2535,stronger
4,2536,incomparable
4,2537,stronger
4,2538,incomparable
4,2539,stronger
4,2540,incomparable
4,2541,incomparable
4,2542,stronger
4,2543,incomparable
4,2544,stronger
4,2545,stronger
4,2546,incomparable
4,2547,stronger
4,2548,stronger
4,2549,stronger
4,2550,incomparable
4,2551,stronger
4,2552,incomparable
4,2553,stronger
4,2554,incomparable
4,2555,stronger
4,2556,stronger
4,2557,stronger
4,2558,incomparable
4,2559,stronger
4,2560,stronger
4,2561,stronger
4,2562,incomparable
4,2563,stronger
4,2564,stronger
4,2565,stronger
4,2566,stronger
4,2567,incomparable
4,2568,stronger
4,2569,stronger
4,2570,stronger
4,2571,incomparable
4,2572,stronger
4,2573,incomparable
4,2574,stronger
4,2575,incomparable
4,2576,incomparable
4,2577,stronger
4,2578,stronger
4,2579,incomparable
4,2580,stronger
4,2581,stronger
4,2582,stronger
4,2583,stronger
4,2584,incomparable
4,2585,stronger
4,2586,incomparable
4,2587,stronger
4,2588,incomparable
4,2589,stronger
4,2590,stronger
4,2591,stronger
4,2592,incomparable
4,2593,stronger
4,2594,stronger
4,2595,stronger
4,2596,incomparable
4,2597,stronger
4,2598,stronger
4,2599,stronger
4,2600,stronger
4,2601,incomparable
4,2602,incomparable
4,2603,stronger
4,2604,stronger
4,2605,incomparable
4,2606,stronger
4,2607,stronger
4,2608,stronger
4,2609,incomparable
4,2610,stronger
4,2611,stronger
4,2612,stronger
4,2613,incomparable
4,2614,stronger
4,2615,stronger
4,2616,stronger
4,2617,stronger
4,2618,incomparable
4,2619,stronger
4,2620,stronger
4,2621,stronger
4,2622,stronger
4,2623,incomparable
4,2624,stronger
4,2625,stronger
4,2626,stronger
4,2627,stronger
4,2628,incomparable
4,2629,stronger
4,2630,stronger
4,2631,stronger
4,2632,stronger
4,2633,incomparable
4,2634,stronger
4,2635,stronger
4,2636,stronger
4,2637,stronger
4,2638,incomparable
4,2639,stronger
4,2640,stronger
4,2641,stronger
4,2642,stronger
4,2643,stronger
4,2644,weaker
4,2645,weaker
4,2646,weaker
4,2647,weaker
4,2648,weaker
4,2649,weaker
4,2650,weaker
4,2651,weaker
4,2652,weaker
4,2653,weaker
4,2654,weaker
4,2655,weaker
4,2656,weaker
4,2657,weaker
4,2658,weaker
4,2659,weaker
4,2660,weaker
4,2661,weaker
4,2662,weaker
4,2663,weaker
4,2664,weaker
4,2665,weaker
4,2666,weaker
4,2667,weaker
4,2668,weaker
4,2669,weaker
4,2670,weaker
4,2671,weaker
4,2672,weaker
4,2673,weaker
4,2674,weaker
4,2675,weaker
4,2676,weaker
4,2677,weaker
4,2678,weaker
4,2679,weaker
4,2680,weaker
4,2681,weaker
4,2682,weaker
4,2683,weaker
4,2684,weaker
4,2685,weaker
4,2686,weaker
4,2687,weaker
4,2688,weaker
4,2689,weaker
4,2690,weaker
4,2691,weaker
4,2692,weaker
4,2693,weaker
4,2694,weaker
4,2695,weaker
4,2696,incomparable
4,2697,incomparable
4,2698,stronger
4,2699,incomparable
4,2700,incomparable
4,2701,stronger
4,2702,incomparable
4,2703,stronger
4,2704,stronger
4,2705,stronger
4,2706,incomparable
4,2707,incomparable
4,2708,stronger
4,2709,incomparable
4,2710,incomparable
4,2711,stronger
4,2712,incomparable
4,2713,stronger
4,2714,incomparable
4,2715,stronger
4,2716,incomparable
4,2717,stronger
4,2718,stronger
4,2719,stronger
4,2720,incomparable
4,2721,stronger
4,2722,incomparable
4,2723,stronger
4,2724,incomparable
4,2725,incomparable
4,2726,stronger
4,2727,stronger
4,2728,incomparable
4,2729,stronger
4,2730,stronger
4,2731,stronger
4,2732,stronger
4,2733,incomparable
4,2734,incomparable
4,2735,stronger
4,2736,incomparable
4,2737,incomparable
4,2738,stronger
4,2739,incomparable
4,2740,stronger
4,2741,incomparable
4,2742,stronger
4,2743,incomparable
4,2744,incomparable
4,2745,stronger
4,2746,incomparable
4,2747,stronger
4,2748,stronger
4,2749,incomparable
4,2750,stronger
4,2751,stronger
4,2752,stronger
4,2753,incomparable
4,2754,stronger
4,2755,incomparable
4,2756,stronger
4,2757,incomparable
4,2758,stronger
4,2759,stronger
4,2760,stronger
4,2761,incomparable
4,2762,stronger
4,2763,stronger
4,2764,stronger
4,2765,incomparable
4,2766,stronger
4,2767,stronger
4,2768,stronger
4,2769,stronger
4,2770,incomparable
4,2771,stronger
4,2772,stronger
4,2773,stronger
4,2774,incomparable
4,2775,stronger
4,2776,incomparable
4,2777,stronger
4,2778,incomparable
4,2779,incomparable
4,2780,stronger
4,2781,stronger
4,2782,incomparable
4,2783,stronger
4,2784,stronger
4,2785,stronger
4,2786,stronger
4,2787,incomparable
4,2788,stronger
4,2789,incomparable
4,2790,stronger
4,2791,incomparable
4,2792,stronger
4,2793,stronger
4,2794,stronger
4,2795,incomparable
4,2796,stronger
4,2797,stronger
4,2798,stronger
4,2799,incomparable
4,2800,stronger
4,2801,stronger
4,2802,stronger
4,2803,stronger
4,2804,incomparable
4,2805,incomparable
4,2806,stronger
4,2807,stronger
4,2808,incomparable
4,2809,stronger
4,2810,stronger
4,2811,stronger
4,2812,incomparable
4,2813,stronger
4,2814,stronger
4,2815,stronger
4,2816,incomparable
4,2817,stronger
4,2818,stronger
4,2819,stronger
4,2820,stronger
4,2821,incomparable
4,2822,stronger
4,2823,stronger
4,2824,stronger
4,2825,stronger
4,2826,incomparable
4,2827,stronger
4,2828,stronger
4,2829,stronger
4,2830,stronger
4,2831,incomparable
4,2832,stronger
4,2833,stronger
4,2834,stronger
4,2835,stronger
4,2836,incomparable
4,2837,stronger
4,2838,stronger
4,2839,stronger
4,2840,stronger
4,2841,incomparable
4,2842,stronger
4,2843,stronger
4,2844,stronger
4,2845,stronger
4,2846,stronger
4,2847,weaker
4,2848,weaker
4,2849,weaker
4,2850,weaker
4,2851,weaker
4,2852,weaker
4,2853,weaker
4,2854,weaker
4,2855,weaker
4,2856,weaker
4,2857,weaker
4,2858,weaker
4,2859,weaker
4,2860,weaker
4,2861,weaker
4,2862,weaker
4,2863,weaker
4,2864,weaker
4,2865,weaker
4,2866,weaker
4,2867,weaker
4,2868,weaker
4,2869,weaker
4,2870,weaker
4,2871,weaker
4,2872,weaker
4,2873,weaker
4,2874,weaker
4,2875,weaker
4,2876,weaker
4,2877,weaker
4,2878,weaker
4,2879,weaker
4,2880,weaker
4,2881,weaker
4,2882,weaker
4,2883,weaker
4,2884,weaker
4,2885,weaker
4,2886,weaker
4,2887,weaker
4,2888,weaker
4,2889,weaker
4,2890,weaker
4,2891,weaker
4,2892,weaker
4,2893,weaker
4,2894,weaker
4,2895,weaker
4,2896,weaker
4,2897,weaker
4,2898,weaker
4,2899,incomparable
4,2900,incomparable
4,2901,stronger
4,2902,incomparable
4,2903,incomparable
4,2904,stronger
4,2905,incomparable
4,2906,stronger
4,2907,stronger
4,2908,stronger
4,2909,incomparable
4,2910,incomparable
4,2911,stronger
4,2912,incomparable
4,2913,incomparable
4,2914,stronger
4,2915,incomparable
4,2916,stronger
4,2917,incomparable
4,2918,stronger
4,2919,incomparable
4,2920,stronger
4,2921,stronger
4,2922,stronger
4,2923,incomparable
4,2924,stronger
4,2925,incomparable
4,2926,stronger
4,2927,incomparable
4,2928,incomparable
4,2929,stronger
4,2930,stronger
4,2931,incomparable
4,2932,stronger
4,2933,stronger
4,2934,stronger
4,2935,stronger
4,2936,incomparable
4,2937,incomparable
4,2938,stronger
4,2939,incomparable
4,2940,incomparable
4,2941,stronger
4,2942,incomparable
4,2943,stronger
4,2944,incomparable
4,2945,stronger
4,2946,incomparable
4,2947,incomparable
4,2948,stronger
4,2949,incomparable
4,2950,stronger
4,2951,stronger
4,2952,incomparable
4,2953,stronger
4,2954,stronger
4,2955,stronger
4,2956,incomparable
4,2957,stronger
4,2958,incomparable
4,2959,stronger
4,2960,incomparable
4,2961,stronger
4,2962,stronger
4,2963,stronger
4,2964,incomparable
4,2965,stronger
4,2966,stronger
4,2967,stronger
4,2968,incomparable
4,2969,stronger
4,2970,stronger
4,2971,stronger
4,2972,stronger
4,2973,incomparable
4,2974,stronger
4,2975,stronger
4,2976,stronger
4,2977,incomparable
4,2978,stronger
4,2979,incomparable
4,2980,stronger
4,2981,incomparable
4,2982,incomparable
4,2983,stronger
4,2984,stronger
4,2985,incomparable
4,2986,stronger
4,2987,stronger
4,2988,stronger
4,2989,stronger
4,2990,incomparable
4,2991,stronger
4,2992,incomparable
4,2993,stronger
4,2994,incomparable
4,2995,stronger
4,2996,stronger
4,2997,stronger
4,2998,incomparable
4,2999,stronger
4,3000,stronger
4,3001,stronger
4,3002,incomparable
4,3003,stronger
4,3004,stronger
4,3005,stronger
4,3006,stronger
4,3007,incomparable
4,3008,incomparable
4,3009,stronger
4,3010,stronger
4,3011,incomparable
4,3012,stronger
4,3013,stronger
4,3014,stronger
4,3015,incomparable
4,3016,stronger
4,3017,stronger
4,3018,stronger
4,3019,incomparable
4,3020,stronger
4,3021,stronger
4,3022,stronger
4,3023,stronger
4,3024,incomparable
4,3025,stronger
4,3026,stronger
4,3027,stronger
4,3028,stronger
4,3029,incomparable
4,3030,stronger
4,3031,stronger
4,3032,stronger
4,3033,stronger
4,3034,incomparable
4,3035,stronger
4,3036,stronger
4,3037,stronger
4,3038,stronger
4,3039,incomparable
4,3040,stronger
4,3041,stronger
4,3042,stronger
4,3043,stronger
4,3044,incomparable
4,3045,stronger
4,3046,stronger
4,3047,stronger
4,3048,stronger
4,3049,stronger
4,3050,weaker
4,3051,weaker
4,3052,weaker
4,3053,weaker
4,3054,weaker
4,3055,weaker
4,3056,weaker
4,3057,weaker
4,3058,weaker
4,3059,weaker
4,3060,weaker
4,3061,weaker
4,3062,weaker
4,3063,weaker
4,3064,weaker
4,3065,weaker
4,3066,weaker
4,3067,weaker
4,3068,weaker
4,3069,weaker
4,3070,weaker
4,3071,weaker
4,3072,weaker
4,3073,weaker
4,3074,weaker
4,3075,weaker
4,3076,weaker
4,3077,weaker
4,3078,weaker
4,3079,weaker
4,3080,weaker
4,3081,weaker
4,3082,weaker
4,3083,weaker
4,3084,weaker
4,3085,weaker
4,3086,weaker
4,3087,weaker
4,3088,weaker
4,3089,weaker
4,3090,weaker
4,3091,weaker
4,3092,weaker
4,3093,weaker
4,3094,weaker
4,3095,weaker
4,3096,weaker
4,3097,weaker
4,3098,weaker
4,3099,weaker
4,3100,weaker
4,3101,weaker
4,3102,incomparable
4,3103,incomparable
4,3104,stronger
4,3105,incomparable
4,3106,incomparable
4,3107,stronger
4,3108,incomparable
4,3109,stronger
4,3110,stronger
4,3111,stronger
4,3112,incomparable
4,3113,incomparable
4,3114,stronger
4,3115,incomparable
4,3116,incomparable
4,3117,stronger
4,3118,incomparable
4,3119,stronger
4,3120,incomparable
4,3121,stronger
4,3122,incomparable
4,3123,stronger
4,3124,stronger
4,3125,stronger
4,3126,incomparable
4,3127,stronger
4,3128,incomparable
4,3129,stronger
4,3130,incomparable
4,3131,incomparable
4,3132,stronger
4,3133,stronger
4,3134,incomparable
4,3135,stronger
4,3136,stronger
4,3137,stronger
4,3138,stronger
4,3139,incomparable
4,3140,incomparable
4,3141,stronger
4,3142,incomparable
4,3143,incomparable
4,3144,stronger
4,3145,incomparable
4,3146,stronger
4,3147,incomparable
4,3148,stronger
4,3149,incomparable
4,3150,incomparable
4,3151,stronger
4,3152,incomparable
4,3153,stronger
4,3154,stronger
4,3155,incomparable
4,3156,stronger
4,3157,stronger
4,3158,stronger
4,3159,incomparable
4,3160,stronger
4,3161,incomparable
4,3162,stronger
4,3163,incomparable
4,3164,stronger
4,3165,stronger
4,3166,stronger
4,3167,incomparable
4,3168,stronger
4,3169,stronger
4,3170,stronger
4,3171,incomparable
4,3172,stronger
4,3173,stronger
4,3174,stronger
4,3175,stronger
4,3176,incomparable
4,3177,stronger
4,3178,stronger
4,3179,stronger
4,3180,incomparable
4,3181,stronger
4,3182,incomparable
4,3183,stronger
4,3184,incomparable
4,3185,incomparable
4,3186,stronger
4,3187,stronger
4,3188,incomparable
4,3189,stronger
4,3190,stronger
4,3191,stronger
4,3192,stronger
4,3193,incomparable
4,3194,stronger
4,3195,incomparable
4,3196,stronger
4,3197,incomparable
4,3198,stronger
4,3199,stronger
4,3200,stronger
4,3201,incomparable
4,3202,stronger
4,3203,stronger
4,3204,stronger
4,3205,incomparable
4,3206,stronger
4,3207,stronger
4,3208,stronger
4,3209,stronger
4,3210,incomparable
4,3211,incomparable
4,3212,stronger
4,3213,stronger
4,3214,incomparable
4,3215,stronger
4,3216,stronger
4,3217,stronger
4,3218,incomparable
4,3219,stronger
4,3220,stronger
4,3221,stronger
4,3222,incomparable
4,3223,stronger
4,3224,stronger
4,3225,stronger
4,3226,stronger
4,3227,incomparable
4,3228,stronger
4,3229,stronger
4,3230,stronger
4,3231,stronger
4,3232,incomparable
4,3233,stronger
4,3234,stronger
4,3235,stronger
4,3236,stronger
4,3237,incomparable
4,3238,stronger
4,3239,stronger
4,3240,stronger
4,3241,stronger
4,3242,incomparable
4,3243,stronger
4,3244,stronger
4,3245,stronger
4,3246,stronger
4,3247,incomparable
4,3248,stronger
4,3249,stronger
4,3250,stronger
4,3251,stronger
4,3252,stronger
4,3253,weaker
4,3254,weaker
4,3255,weaker
4,3256,weaker
4,3257,weaker
4,3258,weaker
4,3259,weaker
4,3260,weaker
4,3261,weaker
4,3262,weaker
4,3263,weaker
4,3264,weaker
4,3265,weaker
4,3266,weaker
4,3267,weaker
4,3268,incomparable
4,3269,incomparable
4,3270,incomparable
4,3271,incomparable
4,3272,incomparable
4,3273,incomparable
4,3274,incomparable
4,3275,incomparable
4,3276,incomparable
4,3277,incomparable
4,3278,incomparable
4,3279,incomparable
4,3280,incomparable
4,3281,incomparable
4,3282,incomparable
4,3283,incomparable
4,3284,incomparable
4,3285,incomparable
4,3286,incomparable
4,3287,incomparable
4,3288,incomparable
4,3289,incomparable
4,3290,incomparable
4,3291,incomparable
4,3292,incomparable
4,3293,incomparable
4,3294,incomparable
4,3295,incomparable
4,3296,incomparable
4,3297,incomparable
4,3298,incomparable
4,3299,incomparable
4,3300,incomparable
4,3301,incomparable
4,3302,incomparable
4,3303,incomparable
4,3304,incomparable
4,3305,weaker
4,3306,weaker
4,3307,weaker
4,3308,weaker
4,3309,weaker
4,3310,weaker
4,3311,weaker
4,3312,weaker
4,3313,weaker
4,3314,weaker
4,3315,weaker
4,3316,weaker
4,3317,weaker
4,3318,weaker
4,3319,weaker
4,3320,weaker
4,3321,weaker
4,3322,weaker
4,3323,weaker
4,3324,weaker
4,3325,weaker
4,3326,weaker
4,3327,weaker
4,3328,weaker
4,3329,weaker
4,3330,weaker
4,3331,weaker
4,3332,weaker
4,3333,weaker
4,3334,weaker
4,3335,weaker
4,3336,weaker
4,3337,weaker
4,3338,weaker
4,3339,weaker
4,3340,weaker
4,3341,weaker
4,3342,incomparable
4,3343,incomparable
4,3344,incomparable
4,3345,incomparable
4,3346,incomparable
4,3347,incomparable
4,3348,incomparable
4,3349,incomparable
4,3350,incomparable
4,3351,incomparable
4,3352,incomparable
4,3353,incomparable
4,3354,incomparable
4,3355,incomparable
4,3356,incomparable
4,3357,incomparable
4,3358,incomparable
4,3359,incomparable
4,3360,incomparable
4,3361,incomparable
4,3362,incomparable
4,3363,incomparable
4,3364,incomparable
4,3365,incomparable
4,3366,incomparable
4,3367,incomparable
4,3368,incomparable
4,3369,incomparable
4,3370,incomparable
4,3371,incomparable
4,3372,incomparable
4,3373,incomparable
4,3374,incomparable
4,3375,incomparable
4,3376,incomparable
4,3377,incomparable
4,3378,incomparable
4,3379,incomparable
4,3380,incomparable
4,3381,incomparable
4,3382,incomparable
4,3383,incomparable
4,3384,incomparable
4,3385,incomparable
4,3386,incomparable
4,3387,incomparable
4,3388,incomparable
4,3389,incomparable
4,3390,incomparable
4,3391,incomparable
4,3392,incomparable
4,3393,incomparable
4,3394,incomparable
4,3395,incomparable
4,3396,incomparable
4,3397,incomparable
4,3398,incomparable
4,3399,incomparable
4,3400,incomparable
4,3401,incomparable
4,3402,incomparable
4,3403,incomparable
4,3404,incomparable
4,3405,incomparable
4,3406,incomparable
4,3407,incomparable
4,3408,incomparable
4,3409,incomparable
4,3410,incomparable
4,3411,incomparable
4,3412,incomparable
4,3413,incomparable
4,3414,incomparable
4,3415,incomparable
4,3416,incomparable
4,3417,incomparable
4,3418,incomparable
4,3419,incomparable
4,3420,incomparable
4,3421,incomparable
4,3422,incomparable
4,3423,incomparable
4,3424,incomparable
4,3425,incomparable
4,3426,incomparable
4,3427,incomparable
4,3428,incomparable
4,3429,incomparable
4,3430,incomparable
4,3431,incomparable
4,3432,incomparable
4,3433,incomparable
4,3434,incomparable
4,3435,incomparable
4,3436,incomparable
4,3437,incomparable
4,3438,incomparable
4,3439,incomparable
4,3440,incomparable
4,3441,incomparable
4,3442,incomparable
4,3443,incomparable
4,3444,incomparable
4,3445,incomparable
4,3446,incomparable
4,3447,incomparable
4,3448,incomparable
4,3449,incomparable
4,3450,incomparable
4,3451,incomparable
4,3452,incomparable
4,3453,incomparable
4,3454,incomparable
4,3455,incomparable
4,3456,weaker
4,3457,weaker
4,3458,weaker
4,3459,weaker
4,3460,weaker
4,3461,weaker
4,3462,weaker
4,3463,weaker
4,3464,weaker
4,3465,weaker
4,3466,weaker
4,3467,weaker
4,3468,weaker
4,3469,weaker
4,3470,weaker
4,3471,incomparable
4,3472,incomparable
4,3473,incomparable
4,3474,incomparable
4,3475,incomparable
4,3476,incomparable
4,3477,incomparable
4,3478,incomparable
4,3479,incomparable
4,3480,incomparable
4,3481,incomparable
4,3482,incomparable
4,3483,incomparable
4,3484,incomparable
4,3485,incomparable
4,3486,incomparable
4,3487,incomparable
4,3488,incomparable
4,3489,incomparable
4,3490,incomparable
4,3491,incomparable
4,3492,incomparable
4,3493,incomparable
4,3494,incomparable
4,3495,incomparable
4,3496,incomparable
4,3497,incomparable
4,3498,incomparable
4,3499,incomparable
4,3500,incomparable
4,3501,incomparable
4,3502,incomparable
4,3503,incomparable
4,3504,incomparable
4,3505,incomparable
4,3506,incomparable
4,3507,incomparable
4,3508,weaker
4,3509,weaker
4,3510,weaker
4,3511,weaker
4,3512,weaker
4,3513,weaker
4,3514,weaker
4,3515,weaker
4,3516,weaker
4,3517,weaker
4,3518,weaker
4,3519,weaker
4,3520,weaker
4,3521,weaker
4,3522,weaker
4,3523,weaker
4,3524,weaker
4,3525,weaker
4,3526,weaker
4,3527,weaker
4,3528,weaker
4,3529,weaker
4,3530,weaker
4,3531,weaker
4,3532,weaker
4,3533,weaker
4,3534,weaker
4,3535,weaker
4,3536,weaker
4,3537,weaker
4,3538,weaker
4,3539,weaker
4,3540,weaker
4,3541,weaker
4,3542,weaker
4,3543,weaker
4,3544,weaker
4,3545,incomparable
4,3546,incomparable
4,3547,incomparable
4,3548,incomparable
4,3549,incomparable
4,3550,incomparable
4,3551,incomparable
4,3552,incomparable
4,3553,incomparable
4,3554,incomparable
4,3555,incomparable
4,3556,incomparable
4,3557,incomparable
4,3558,incomparable
4,3559,incomparable
4,3560,incomparable
4,3561,incomparable
4,3562,incomparable
4,3563,incomparable
4,3564,incomparable
4,3565,incomparable
4,3566,incomparable
4,3567,incomparable
4,3568,incomparable
4,3569,incomparable
4,3570,incomparable
4,3571,incomparable
4,3572,incomparable
4,3573,incomparable
4,3574,incomparable
4,3575,incomparable
4,3576,incomparable
4,3577,incomparable
4,3578,incomparable
4,3579,incomparable
4,3580,incomparable
4,3581,incomparable
4,3582,incomparable
4,3583,incomparable
4,3584,incomparable
4,3585,incomparable
4,3586,incomparable
4,3587,incomparable
4,3588,incomparable
4,3589,incomparable
4,3590,incomparable
4,3591,incomparable
4,3592,incomparable
4,3593,incomparable
4,3594,incomparable
4,3595,incomparable
4,3596,incomparable
4,3597,incomparable
4,3598,incomparable
4,3599,incomparable
4,3600,incomparable
4,3601,incomparable
4,3602,incomparable
4,3603,incomparable
4,3604,incomparable
4,3605,incomparable
4,3606,incomparable
4,3607,incomparable
4,3608,incomparable
4,3609,incomparable
4,3610,incomparable
4,3611,incomparable
4,3612,incomparable
4,3613,incomparable
4,3614,incomparable
4,3615,incomparable
4,3616,incomparable
4,3617,incomparable
4,3618,incomparable
4,3619,incomparable
4,3620,incomparable
4,3621,incomparable
4,3622,incomparable
4,3623,incomparable
4,3624,incomparable
4,3625,incomparable
4,3626,incomparable
4,3627,incomparable
4,3628,incomparable
4,3629,incomparable
4,3630,incomparable
4,3631,incomparable
4,3632,incomparable
4,3633,incomparable
4,3634,incomparable
4,3635,incomparable
4,3636,incomparable
4,3637,incomparable
4,3638,incomparable
4,3639,incomparable
4,3640,incomparable
4,3641,incomparable
4,3642,incomparable
4,3643,incomparable
4,3644,incomparable
4,3645,incomparable
4,3646,incomparable
4,3647,incomparable
4,3648,incomparable
4,3649,incomparable
4,3650,incomparable
4,3651,incomparable
4,3652,incomparable
4,3653,incomparable
4,3654,incomparable
4,3655,incomparable
4,3656,incomparable
4,3657,incomparable
4,3658,incomparable
4,3659,weaker
4,3660,weaker
4,3661,weaker
4,3662,weaker
4,3663,weaker
4,3664,weaker
4,3665,weaker
4,3666,weaker
4,3667,weaker
4,3668,weaker
4,3669,weaker
4,3670,weaker
4,3671,weaker
4,3672,weaker
4,3673,weaker
4,3674,incomparable
4,3675,incomparable
4,3676,incomparable
4,3677,incomparable
4,3678,incomparable
4,3679,incomparable
4,3680,incomparable
4,3681,incomparable
4,3682,incomparable
4,3683,incomparable
4,3684,incomparable
4,3685,incomparable
4,3686,incomparable
4,3687,incomparable
4,3688,incomparable
4,3689,incomparable
4,3690,incomparable
4,3691,incomparable
4,3692,incomparable
4,3693,incomparable
4,3694,incomparable
4,3695,incomparable
4,3696,incomparable
4,3697,incomparable
4,3698,incomparable
4,3699,incomparable
4,3700,incomparable
4,3701,incomparable
4,3702,incomparable
4,3703,incomparable
4,3704,incomparable
4,3705,incomparable
4,3706,incomparable
4,3707,incomparable
4,3708,incomparable
4,3709,incomparable
4,3710,incomparable
4,3711,weaker
4,3712,weaker
4,3713,weaker
4,3714,weaker
4,3715,weaker
4,3716,weaker
4,3717,weaker
4,3718,weaker
4,3719,weaker
4,3720,weaker
4,3721,weaker
4,3722,weaker
4,3723,weaker
4,3724,weaker
4,3725,weaker
4,3726,weaker
4,3727,weaker
4,3728,weaker
4,3729,weaker
4,3730,weaker
4,3731,weaker
4,3732,weaker
4,3733,weaker
4,3734,weaker
4,3735,weaker
4,3736,weaker
4,3737,weaker
4,3738,weaker
4,3739,weaker
4,3740,weaker
4,3741,weaker
4,3742,weaker
4,3743,weaker
4,3744,weaker
4,3745,weaker
4,3746,weaker
4,3747,weaker
4,3748,incomparable
4,3749,incomparable
4,3750,incomparable
4,3751,incomparable
4,3752,incomparable
4,3753,incomparable
4,3754,incomparable
4,3755,incomparable
4,3756,incomparable
4,3757,incomparable
4,3758,incomparable
4,3759,incomparable
4,3760,incomparable
4,3761,incomparable
4,3762,incomparable
4,3763,incomparable
4,3764,incomparable
4,3765,incomparable
4,3766,incomparable
4,3767,incomparable
4,3768,incomparable
4,3769,incomparable
4,3770,incomparable
4,3771,incomparable
4,3772,incomparable
4,3773,incomparable
4,3774,incomparable
4,3775,incomparable
4,3776,incomparable
4,3777,incomparable
4,3778,incomparable
4,3779,incomparable
4,3780,incomparable
4,3781,incomparable
4,3782,incomparable
4,3783,incomparable
4,3784,incomparable
4,3785,incomparable
4,3786,incomparable
4,3787,incomparable
4,3788,incomparable
4,3789,incomparable
4,3790,incomparable
4,3791,incomparable
4,3792,incomparable
4,3793,incomparable
4,3794,incomparable
4,3795,incomparable
4,3796,incomparable
4,3797,incomparable
4,3798,incomparable
4,3799,incomparable
4,3800,incomparable
4,3801,incomparable
4,3802,incomparable
4,3803,incomparable
4,3804,incomparable
4,3805,incomparable
4,3806,incomparable
4,3807,incomparable
4,3808,incomparable
4,3809,incomparable
4,3810,incomparable
4,3811,incomparable
4,3812,incomparable
4,3813,incomparable
4,3814,incomparable
4,3815,incomparable
4,3816,incomparable
4,3817,incomparable
4,3818,incomparable
4,3819,incomparable
4,3820,incomparable
4,3821,incomparable
4,3822,incomparable
4,3823,incomparable
4,3824,incomparable
4,3825,incomparable
4,3826,incomparable
4,3827,incomparable
4,3828,incomparable
4,3829,incomparable
4,3830,incomparable
4,3831,incomparable
4,3832,incomparable
4,3833,incomparable
4,3834,incomparable
4,3835,incomparable
4,3836,incomparable
4,3837,incomparable
4,3838,incomparable
4,3839,incomparable
4,3840,incomparable
4,3841,incomparable
4,3842,incomparable
4,3843,incomparable
4,3844,incomparable
4,3845,incomparable
4,3846,incomparable
4,3847,incomparable
4,3848,incomparable
4,3849,incomparable
4,3850,incomparable
4,3851,incomparable
4,3852,incomparable
4,3853,incomparable
4,3854,incomparable
4,3855,incomparable
4,3856,incomparable
4,3857,incomparable
4,3858,incomparable
4,3859,incomparable
4,3860,incomparable
4,3861,incomparable
4,3862,weaker
4,3863,weaker
4,3864,weaker
4,3865,weaker
4,3866,weaker
4,3867,weaker
4,3868,weaker
4,3869,weaker
4,3870,weaker
4,3871,weaker
4,3872,weaker
4,3873,weaker
4,3874,weaker
4,3875,weaker
4,3876,weaker
4,3877,incomparable
4,3878,incomparable
4,3879,incomparable
4,3880,incomparable
4,3881,incomparable
4,3882,incomparable
4,3883,incomparable
4,3884,incomparable
4,3885,incomparable
4,3886,incomparable
4,3887,incomparable
4,3888,incomparable
4,3889,incomparable
4,3890,incomparable
4,3891,incomparable
4,3892,incomparable
4,3893,incomparable
4,3894,incomparable
4,3895,incomparable
4,3896,incomparable
4,3897,incomparable
4,3898,incomparable
4,3899,incomparable
4,3900,incomparable
4,3901,incomparable
4,3902,incomparable
4,3903,incomparable
4,3904,incomparable
4,3905,incomparable
4,3906,incomparable
4,3907,incomparable
4,3908,incomparable
4,3909,incomparable
4,3910,incomparable
4,3911,incomparable
4,3912,incomparable
4,3913,incomparable
4,3914,weaker
4,3915,weaker
4,3916,weaker
4,3917,weaker
4,3918,weaker
4,3919,weaker
4,3920,weaker
4,3921,weaker
4,3922,weaker
4,3923,weaker
4,3924,weaker
4,3925,weaker
4,3926,weaker
4,3927,weaker
4,3928,weaker
4,3929,weaker
4,3930,weaker
4,3931,weaker
4,3932,weaker
4,3933,weaker
4,3934,weaker
4,3935,weaker
4,3936,weaker
4,3937,weaker
4,3938,weaker
4,3939,weaker
4,3940,weaker
4,3941,weaker
4,3942,weaker
4,3943,weaker
4,3944,weaker
4,3945,weaker
4,3946,weaker
4,3947,weaker
4,3948,weaker
4,3949,weaker
4,3950,weaker
4,3951,incomparable
4,3952,incomparable
4,3953,incomparable
4,3954,incomparable
4,3955,incomparable
4,3956,incomparable
4,3957,incomparable
4,3958,incomparable
4,3959,incomparable
4,3960,incomparable
4,3961,incomparable
4,3962,incomparable
4,3963,incomparable
4,3964,incomparable
4,3965,incomparable
4,3966,incomparable
4,3967,incomparable
4,3968,incomparable
4,3969,incomparable
4,3970,incomparable
4,3971,incomparable
4,3972,incomparable
4,3973,incomparable
4,3974,incomparable
4,3975,incomparable
4,3976,incomparable
4,3977,incomparable
4,3978,incomparable
4,3979,incomparable
4,3980,incomparable
4,3981,incomparable
4,3982,incomparable
4,3983,incomparable
4,3984,incomparable
4,3985,incomparable
4,3986,incomparable
4,3987,incomparable
4,3988,incomparable
4,3989,incomparable
4,3990,incomparable
4,3991,incomparable
4,3992,incomparable
4,3993,incomparable
4,3994,incomparable
4,3995,incomparable
4,3996,incomparable
4,3997,incomparable
4,3998,incomparable
4,3999,incomparable
4,4000,incomparable
4,4001,incomparable
4,4002,incomparable
4,4003,incomparable
4,4004,incomparable
4,4005,incomparable
4,4006,incomparable
4,4007,incomparable
4,4008,incomparable
4,4009,incomparable
4,4010,incomparable
4,4011,incomparable
4,4012,incomparable
4,4013,incomparable
4,4014,incomparable
4,4015,incomparable
4,4016,incomparable
4,4017,incomparable
4,4018,incomparable
4,4019,incomparable
4,4020,incomparable
4,4021,incomparable
4,4022,incomparable
4,4023,incomparable
4,4024,incomparable
4,4025,incomparable
4,4026,incomparable
4,4027,incomparable
4,4028,incomparable
4,4029,incomparable
4,4030,incomparable
4,4031,incomparable
4,4032,incomparable
4,4033,incomparable
4,4034,incomparable
4,4035,incomparable
4,4036,incomparable
4,4037,incomparable
4,4038,incomparable
4,4039,incomparable
4,4040,incomparable
4,4041,incomparable
4,4042,incomparable
4,4043,incomparable
4,4044,incomparable
4,4045,incomparable
4,4046,incomparable
4,4047,incomparable
4,4048,incomparable
4,4049,incomparable
4,4050,incomparable
4,4051,incomparable
4,4052,incomparable
4,4053,incomparable
4,4054,incomparable
4,4055,incomparable
4,4056,incomparable
4,4057,incomparable
4,4058,incomparable
4,4059,incomparable
4,4060,incomparable
4,4061,incomparable
4,4062,incomparable
4,4063,incomparable
4,4064,incomparable
4,4065,weaker
4,4066,weaker
4,4067,weaker
4,4068,weaker
4,4069,weaker
4,4070,weaker
4,4071,weaker
4,4072,weaker
4,4073,weaker
4,4074,weaker
4,4075,weaker
4,4076,weaker
4,4077,weaker
4,4078,weaker
4,4079,weaker
4,4080,incomparable
4,4081,incomparable
4,4082,incomparable
4,4083,incomparable
4,4084,incomparable
4,4085,incomparable
4,4086,incomparable
4,4087,incomparable
4,4088,incomparable
4,4089,incomparable
4,4090,incomparable
4,4091,incomparable
4,4092,incomparable
4,4093,incomparable
4,4094,incomparable
4,4095,incomparable
4,4096,incomparable
4,4097,incomparable
4,4098,incomparable
4,4099,incomparable
4,4100,incomparable
4,4101,incomparable
4,4102,incomparable
4,4103,incomparable
4,4104,incomparable
4,4105,incomparable
4,4106,incomparable
4,4107,incomparable
4,4108,incomparable
4,4109,incomparable
4,4110,incomparable
4,4111,incomparable
4,4112,incomparable
4,4113,incomparable
4,4114,incomparable
4,4115,incomparable
4,4116,incomparable
4,4117,weaker
4,4118,weaker
4,4119,weaker
4,4120,weaker
4,4121,weaker
4,4122,weaker
4,4123,weaker
4,4124,weaker
4,4125,weaker
4,4126,weaker
4,4127,weaker
4,4128,weaker
4,4129,weaker
4,4130,weaker
4,4131,weaker
4,4132,weaker
4,4133,weaker
4,4134,weaker
4,4135,weaker
4,4136,weaker
4,4137,weaker
4,4138,weaker
4,4139,weaker
4,4140,weaker
4,4141,weaker
4,4142,weaker
4,4143,weaker
4,4144,weaker
4,4145,weaker
4,4146,weaker
4,4147,weaker
4,4148,weaker
4,4149,weaker
4,4150,weaker
4,4151,weaker
4,4152,weaker
4,4153,weaker
4,4154,incomparable
4,4155,incomparable
4,4156,incomparable
4,4157,incomparable
4,4158,incomparable
4,4159,incomparable
4,4160,incomparable
4,4161,incomparable
4,4162,incomparable
4,4163,incomparable
4,4164,incomparable
4,4165,incomparable
4,4166,incomparable
4,4167,incomparable
4,4168,incomparable
4,4169,incomparable
4,4170,incomparable
4,4171,incomparable
4,4172,incomparable
4,4173,incomparable
4,4174,incomparable
4,4175,incomparable
4,4176,incomparable
4,4177,incomparable
4,4178,incomparable
4,4179,incomparable
4,4180,incomparable
4,4181,incomparable
4,4182,incomparable
4,4183,incomparable
4,4184,incomparable
4,4185,incomparable
4,4186,incomparable
4,4187,incomparable
4,4188,incomparable
4,4189,incomparable
4,4190,incomparable
4,4191,incomparable
4,4192,incomparable
4,4193,incomparable
4,4194,incomparable
4,4195,incomparable
4,4196,incomparable
4,4197,incomparable
4,4198,incomparable
4,4199,incomparable
4,4200,incomparable
4,4201,incomparable
4,4202,incomparable
4,4203,incomparable
4,4204,incomparable
4,4205,incomparable
4,4206,incomparable
4,4207,incomparable
4,4208,incomparable
4,4209,incomparable
4,4210,incomparable
4,4211,incomparable
4,4212,incomparable
4,4213,incomparable
4,4214,incomparable
4,4215,incomparable
4,4216,incomparable
4,4217,incomparable
4,4218,incomparable
4,4219,incomparable
4,4220,incomparable
4,4221,incomparable
4,4222,incomparable
4,4223,incomparable
4,4224,incomparable
4,4225,incomparable
4,4226,incomparable
4,4227,incomparable
4,4228,incomparable
4,4229,incomparable
4,4230,incomparable
4,4231,incomparable
4,4232,incomparable
4,4233,incomparable
4,4234,incomparable
4,4235,incomparable
4,4236,incomparable
4,4237,incomparable
4,4238,incomparable
4,4239,incomparable
4,4240,incomparable
4,4241,incomparable
4,4242,incomparable
4,4243,incomparable
4,4244,incomparable
4,4245,incomparable
4,4246,incomparable
4,4247,incomparable
4,4248,incomparable
4,4249,incomparable
4,4250,incomparable
4,4251,incomparable
4,4252,incomparable
4,4253,incomparable
4,4254,incomparable
4,4255,incomparable
4,4256,incomparable
4,4257,incomparable
4,4258,incomparable
4,4259,incomparable
4,4260,incomparable
4,4261,incomparable
4,4262,incomparable
4,4263,incomparable
4,4264,incomparable
4,4265,incomparable
4,4266,incomparable
4,4267,incomparable
4,4268,weaker
4,4269,weaker
4,4270,weaker
4,4271,weaker
4,4272,incomparable
4,4273,incomparable
4,4274,incomparable
4,4275,incomparable
4,4276,incomparable
4,4277,incomparable
4,4278,incomparable
4,4279,incomparable
4,4280,incomparable
4,4281,incomparable
4,4282,weaker
4,4283,weaker
4,4284,weaker
4,4285,weaker
4,4286,weaker
4,4287,weaker
4,4288,weaker
4,4289,weaker
4,4290,incomparable
4,4291,incomparable
4,4292,incomparable
4,4293,incomparable
4,4294,incomparable
4,4295,incomparable
4,4296,incomparable
4,4297,incomparable
4,4298,incomparable
4,4299,incomparable
4,4300,incomparable
4,4301,incomparable
4,4302,incomparable
4,4303,incomparable
4,4304,incomparable
4,4305,incomparable
4,4306,incomparable
4,4307,incomparable
4,4308,incomparable
4,4309,incomparable
4,4310,incomparable
4,4311,incomparable
4,4312,incomparable
4,4313,incomparable
4,4314,weaker
4,4315,weaker
4,4316,weaker
4,4317,weaker
4,4318,weaker
4,4319,weaker
4,4320,incomparable
4,4321,incomparable
4,4322,incomparable
4,4323,incomparable
4,4324,incomparable
4,4325,incomparable
4,4326,incomparable
4,4327,incomparable
4,4328,incomparable
4,4329,incomparable
4,4330,incomparable
4,4331,incomparable
4,4332,incomparable
4,4333,incomparable
4,4334,incomparable
4,4335,incomparable
4,4336,incomparable
4,4337,incomparable
4,4338,incomparable
4,4339,weaker
4,4340,weaker
4,4341,weaker
4,4342,weaker
4,4343,incomparable
4,4344,incomparable
4,4345,incomparable
4,4346,incomparable
4,4347,incomparable
4,4348,incomparable
4,4349,incomparable
4,4350,incomparable
4,4351,incomparable
4,4352,incomparable
4,4353,incomparable
4,4354,incomparable
4,4355,incomparable
4,4356,incomparable
4,4357,weaker
4,4358,weaker
4,4359,weaker
4,4360,weaker
4,4361,weaker
4,4362,incomparable
4,4363,incomparable
4,4364,incomparable
4,4365,incomparable
4,4366,incomparable
4,4367,incomparable
4,4368,incomparable
4,4369,incomparable
4,4370,incomparable
4,4371,incomparable
4,4372,incomparable
4,4373,incomparable
4,4374,incomparable
4,4375,incomparable
4,4376,incomparable
4,4377,incomparable
4,4378,incomparable
4,4379,incomparable
4,4380,weaker
4,4381,weaker
4,4382,weaker
4,4383,weaker
4,4384,weaker
4,4385,incomparable
4,4386,incomparable
4,4387,incomparable
4,4388,incomparable
4,4389,incomparable
4,4390,incomparable
4,4391,incomparable
4,4392,incomparable
4,4393,incomparable
4,4394,incomparable
4,4395,weaker
4,4396,weaker
4,4397,weaker
4,4398,weaker
4,4399,weaker
4,4400,weaker
4,4401,weaker
4,4402,weaker
4,4403,weaker
4,4404,weaker
4,4405,incomparable
4,4406,incomparable
4,4407,incomparable
4,4408,incomparable
4,4409,incomparable
4,4410,incomparable
4,4411,incomparable
4,4412,incomparable
4,4413,incomparable
4,4414,incomparable
4,4415,incomparable
4,4416,incomparable
4,4417,incomparable
4,4418,incomparable
4,4419,incomparable
4,4420,incomparable
4,4421,incomparable
4,4422,incomparable
4,4423,incomparable
4,4424,incomparable
4,4425,incomparable
4,4426,incomparable
4,4427,incomparable
4,4428,incomparable
4,4429,incomparable
4,4430,incomparable
4,4431,incomparable
4,4432,weaker
4,4433,weaker
4,4434,weaker
4,4435,weaker
4,4436,weaker
4,4437,weaker
4,4438,weaker
4,4439,weaker
4,4440,weaker
4,4441,weaker
4,4442,incomparable
4,4443,incomparable
4,4444,incomparable
4,4445,incomparable
4,4446,incomparable
4,4447,incomparable
4,4448,incomparable
4,4449,incomparable
4,4450,incomparable
4,4451,incomparable
4,4452,incomparable
4,4453,incomparable
4,4454,incomparable
4,4455,incomparable
4,4456,incomparable
4,4457,incomparable
4,4458,incomparable
4,4459,incomparable
4,4460,incomparable
4,4461,incomparable
4,4462,incomparable
4,4463,incomparable
4,4464,incomparable
4,4465,incomparable
4,4466,incomparable
4,4467,incomparable
4,4468,incomparable
4,4469,weaker
4,4470,weaker
4,4471,weaker
4,4472,weaker
4,4473,weaker
4,4474,weaker
4,4475,weaker
4,4476,weaker
4,4477,weaker
4,4478,weaker
4,4479,incomparable
4,4480,incomparable
4,4481,incomparable
4,4482,incomparable
4,4483,incomparable
4,4484,incomparable
4,4485,incomparable
4,4486,incomparable
4,4487,incomparable
4,4488,incomparable
4,4489,incomparable
4,4490,incomparable
4,4491,incomparable
4,4492,incomparable
4,4493,incomparable
4,4494,incomparable
4,4495,incomparable
4,4496,incomparable
4,4497,incomparable
4,4498,incomparable
4,4499,incomparable
4,4500,incomparable
4,4501,incomparable
4,4502,incomparable
4,4503,incomparable
4,4504,incomparable
4,4505,incomparable
4,4506,weaker
4,4507,weaker
4,4508,weaker
4,4509,weaker
4,4510,weaker
4,4511,weaker
4,4512,weaker
4,4513,weaker
4,4514,weaker
4,4515,weaker
4,4516,weaker
4,4517,weaker
4,4518,weaker
4,4519,weaker
4,4520,weaker
4,4521,weaker
4,4522,weaker
4,4523,incomparable
4,4524,incomparable
4,4525,incomparable
4,4526,incomparable
4,4527,incomparable
4,4528,incomparable
4,4529,incomparable
4,4530,incomparable
4,4531,incomparable
4,4532,incomparable
4,4533,incomparable
4,4534,incomparable
4,4535,incomparable
4,4536,incomparable
4,4537,incomparable
4,4538,incomparable
4,4539,incomparable
4,4540,incomparable
4,4541,incomparable
4,4542,incomparable
4,4543,incomparable
4,4544,incomparable
4,4545,incomparable
4,4546,incomparable
4,4547,incomparable
4,4548,incomparable
4,4549,incomparable
4,4550,incomparable
4,4551,incomparable
4,4552,incomparable
4,4553,incomparable
4,4554,incomparable
4,4555,incomparable
4,4556,incomparable
4,4557,incomparable
4,4558,incomparable
4,4559,incomparable
4,4560,incomparable
4,4561,incomparable
4,4562,incomparable
4,4563,incomparable
4,4564,incomparable
4,4565,incomparable
4,4566,incomparable
4,4567,incomparable
4,4568,incomparable
4,4569,incomparable
4,4570,incomparable
4,4571,incomparable
4,4572,incomparable
4,4573,incomparable
4,4574,incomparable
4,4575,incomparable
4,4576,incomparable
4,4577,incomparable
4,4578,incomparable
4,4579,incomparable
4,4580,incomparable
4,4581,incomparable
4,4582,incomparable
4,4583,weaker
4,4584,weaker
4,4585,weaker
4,4586,weaker
4,4587,incomparable
4,4588,incomparable
4,4589,incomparable
4,4590,incomparable
4,4591,incomparable
4,4592,incomparable
4,4593,incomparable
4,4594,incomparable
4,4595,incomparable
4,4596,incomparable
4,4597,weaker
4,4598,weaker
4,4599,weaker
4,4600,weaker
4,4601,weaker
4,4602,weaker
4,4603,weaker
4,4604,weaker
4,4605,incomparable
4,4606,incomparable
4,4607,incomparable
4,4608,incomparable
4,4609,incomparable
4,4610,incomparable
4,4611,incomparable
4,4612,incomparable
4,4613,incomparable
4,4614,incomparable
4,4615,incomparable
4,4616,incomparable
4,4617,incomparable
4,4618,incomparable
4,4619,incomparable
4,4620,incomparable
4,4621,incomparable
4,4622,incomparable
4,4623,incomparable
4,4624,incomparable
4,4625,incomparable
4,4626,incomparable
4,4627,incomparable
4,4628,incomparable
4,4629,weaker
4,4630,weaker
4,4631,weaker
4,4632,weaker
4,4633,weaker
4,4634,weaker
4,4635,incomparable
4,4636,incomparable
4,4637,incomparable
4,4638,incomparable
4,4639,incomparable
4,4640,incomparable
4,4641,incomparable
4,4642,incomparable
4,4643,incomparable
4,4644,incomparable
4,4645,incomparable
4,4646,incomparable
4,4647,incomparable
4,4648,incomparable
4,4649,incomparable
4,4650,incomparable
4,4651,incomparable
4,4652,incomparable
4,4653,incomparable
4,4654,weaker
4,4655,weaker
4,4656,weaker
4,4657,weaker
4,4658,incomparable
4,4659,incomparable
4,4660,incomparable
4,4661,incomparable
4,4662,incomparable
4,4663,incomparable
4,4664,incomparable
4,4665,incomparable
4,4666,incomparable
4,4667,incomparable
4,4668,incomparable
4,4669,incomparable
4,4670,incomparable
4,4671,incomparable
4,4672,weaker
4,4673,weaker
4,4674,weaker
4,4675,weaker
4,4676,weaker
4,4677,incomparable
4,4678,incomparable
4,4679,incomparable
4,4680,incomparable
4,4681,incomparable
4,4682,incomparable
4,4683,incomparable
4,4684,incomparable
4,4685,incomparable
4,4686,incomparable
4,4687,incomparable
4,4688,incomparable
4,4689,incomparable
4,4690,incomparable
4,4691,incomparable
4,4692,incomparable
4,4693,incomparable
4,4694,incomparable
5,1,weaker
5,2,stronger
5,3,weaker
5,4,incomparable
5,5,equivalent
5,6,stronger
5,7,stronger
5,8,weaker
5,9,incomparable
5,10,weaker
5,11,incomparable
5,12,incomparable
5,13,weaker
5,14,incomparable
5,15,stronger
5,16,weaker
5,17,stronger
5,18,stronger
5,19,weaker
5,20,stronger
5,21,stronger
5,22,stronger
5,23,weaker
5,24,incomparable
5,25,weaker
5,26,incomparable
5,27,incomparable
5,28,weaker
5,29,incomparable
5,30,stronger
5,31,weaker
5,32,stronger
5,33,stronger
5,34,equivalent
5,35,stronger
5,36,stronger
5,37,stronger
5,38,incomparable
5,39,weaker
5,40,incomparable
5,41,incomparable
5,42,incomparable
5,43,incomparable
5,44,incomparable
5,45,weaker
5,46,incomparable
5,47,weaker
5,48,incomparable
5,49,weaker
5,50,incomparable
5,51,incomparable
5,52,weaker
5,53,incomparable
5,54,incomparable
5,55,weaker
5,56,incomparable
5,57,incomparable
5,58,weaker
5,59,incomparable
5,60,incomparable
5,61,incomparable
5,62,weaker
5,63,incomparable
5,64,stronger
5,65,weaker
5,66,incomparable
5,67,stronger
5,68,weaker
5,69,stronger
5,70,stronger
5,71,stronger
5,72,weaker
5,73,incomparable
5,74,stronger
5,75,weaker
5,76,stronger
5,77,stronger
5,78,weaker
5,79,stronger
5,80,stronger
5,81,stronger
5,82,weaker
5,83,stronger
5,84,stronger
5,85,stronger
5,86,weaker
5,87,stronger
5,88,stronger
5,89,stronger
5,90,weaker
5,91,stronger
5,92,stronger
5,93,stronger
5,94,weaker
5,95,stronger
5,96,stronger
5,97,stronger
5,98,stronger
5,99,weaker
5,100,incomparable
5,101,weaker
5,102,incomparable
5,103,incomparable
5,104,weaker
5,105,incomparable
5,106,incomparable
5,107,weaker
5,108,incomparable
5,109,incomparable
5,110,weaker
5,111,incomparable
5,112,incomparable
5,113,incomparable
5,114,weaker
5,115,incomparable
5,116,stronger
5,117,weaker
5,118,incomparable
5,119,stronger
5,120,weaker
5,121,stronger
5,122,stronger
5,123,stronger
5,124,weaker
5,125,incomparable
5,126,stronger
5,127,weaker
5,128,stronger
5,129,stronger
5,130,weaker
5,131,stronger
5,132,stronger
5,133,stronger
5,134,weaker
5,135,stronger
5,136,stronger
5,137,stronger
5,138,weaker
5,139,stronger
5,140,stronger
5,141,stronger
5,142,weaker
5,143,stronger
5,144,stronger
5,145,stronger
5,146,weaker
5,147,stronger
5,148,stronger
5,149,stronger
5,150,stronger
5,151,weaker
5,152,incomparable
5,153,weaker
5,154,incomparable
5,155,incomparable
5,156,weaker
5,157,incomparable
5,158,incomparable
5,159,weaker
5,160,incomparable
5,161,incomparable
5,162,weaker
5,163,incomparable
5,164,incomparable
5,165,incomparable
5,166,weaker
5,167,incomparable
5,168,incomparable
5,169,weaker
5,170,incomparable
5,171,stronger
5,172,weaker
5,173,stronger
5,174,stronger
5,175,stronger
5,176,weaker
5,177,incomparable
5,178,stronger
5,179,weaker
5,180,stronger
5,181,stronger
5,182,weaker
5,183,stronger
5,184,stronger
5,185,stronger
5,186,weaker
5,187,stronger
5,188,stronger
5,189,stronger
5,190,weaker
5,191,stronger
5,192,stronger
5,193,stronger
5,194,weaker
5,195,stronger
5,196,stronger
5,197,stronger
5,198,weaker
5,199,stronger
5,200,stronger
5,201,stronger
5,202,stronger
5,203,weaker
5,204,incomparable
5,205,weaker
5,206,incomparable
5,207,incomparable
5,208,weaker
5,209,incomparable
5,210,incomparable
5,211,weaker
5,212,incomparable
5,213,incomparable
5,214,weaker
5,215,incomparable
5,216,incomparable
5,217,incomparable
5,218,weaker
5,219,incomparable
5,220,stronger
5,221,weaker
5,222,incomparable
5,223,stronger
5,224,weaker
5,225,stronger
5,226,stronger
5,227,stronger
5,228,weaker
5,229,incomparable
5,230,stronger
5,231,weaker
5,232,stronger
5,233,stronger
5,234,equivalent
5,235,stronger
5,236,stronger
5,237,stronger
5,238,weaker
5,239,stronger
5,240,stronger
5,241,stronger
5,242,weaker
5,243,stronger
5,244,stronger
5,245,stronger
5,246,weaker
5,247,stronger
5,248,stronger
5,249,stronger
5,250,equivalent
5,251,stronger
5,252,stronger
5,253,stronger
5,254,stronger
5,255,weaker
5,256,incomparable
5,257,weaker
5,258,incomparable
5,259,incomparable
5,260,weaker
5,261,incomparable
5,262,incomparable
5,263,weaker
5,264,incomparable
5,265,incomparable
5,266,weaker
5,267,incomparable
5,268,incomparable
5,269,incomparable
5,270,weaker
5,271,incomparable
5,272,stronger
5,273,weaker
5,274,incomparable
5,275,stronger
5,276,equivalent
5,277,stronger
5,278,stronger
5,279,stronger
5,280,weaker
5,281,incomparable
5,282,stronger
5,283,weaker
5,284,stronger
5,285,stronger
5,286,equivalent
5,287,stronger
5,288,stronger
5,289,stronger
5,290,weaker
5,291,stronger
5,292,stronger
5,293,stronger
5,294,equivalent
5,295,stronger
5,296,stronger
5,297,stronger
5,298,equivalent
5,299,stronger
5,300,stronger
5,301,stronger
5,302,equivalent
5,303,stronger
5,304,stronger
5,305,stronger
5,306,stronger
5,307,weaker
5,308,incomparable
5,309,weaker
5,310,incomparable
5,311,incomparable
5,312,weaker
5,313,incomparable
5,314,incomparable
5,315,weaker
5,316,incomparable
5,317,incomparable
5,318,weaker
5,319,incomparable
5,320,incomparable
5,321,incomparable
5,322,incomparable
5,323,weaker
5,324,incomparable
5,325,incomparable
5,326,weaker
5,327,incomparable
5,328,incomparable
5,329,weaker
5,330,incomparable
5,331,incomparable
5,332,incomparable
5,333,weaker
5,334,incomparable
5,335,incomparable
5,336,weaker
5,337,incomparable
5,338,incomparable
5,339,weaker
5,340,incomparable
5,341,incomparable
5,342,incomparable
5,343,weaker
5,344,incomparable
5,345,incomparable
5,346,incomparable
5,347,weaker
5,348,incomparable
5,349,incomparable
5,350,incomparable
5,351,weaker
5,352,incomparable
5,353,incomparable
5,354,incomparable
5,355,weaker
5,356,incomparable
5,357,incomparable
5,358,incomparable
5,359,weaker
5,360,incomparable
5,361,weaker
5,362,incomparable
5,363,incomparable
5,364,weaker
5,365,incomparable
5,366,incomparable
5,367,weaker
5,368,incomparable
5,369,incomparable
5,370,weaker
5,371,incomparable
5,372,incomparable
5,373,incomparable
5,374,incomparable
5,375,weaker
5,376,incomparable
5,377,incomparable
5,378,weaker
5,379,incomparable
5,380,incomparable
5,381,weaker
5,382,incomparable
5,383,incomparable
5,384,incomparable
5,385,weaker
5,386,incomparable
5,387,incomparable
5,388,weaker
5,389,incomparable
5,390,incomparable
5,391,weaker
5,392,incomparable
5,393,incomparable
5,394,incomparable
5,395,weaker
5,396,incomparable
5,397,incomparable
5,398,incomparable
5,399,weaker
5,400,incomparable
5,401,incomparable
5,402,incomparable
5,403,weaker
5,404,incomparable
5,405,incomparable
5,406,incomparable
5,407,weaker
5,408,incomparable
5,409,incomparable
5,410,incomparable
5,411,weaker
5,412,incomparable
5,413,weaker
5,414,incomparable
5,415,incomparable
5,416,weaker
5,417,incomparable
5,418,incomparable
5,419,weaker
5,420,incomparable
5,421,incomparable
5,422,weaker
5,423,incomparable
5,424,incomparable
5,425,incomparable
5,426,weaker
5,427,incomparable
5,428,incomparable
5,429,weaker
5,430,incomparable
5,431,incomparable
5,432,weaker
5,433,incomparable
5,434,incomparable
5,435,incomparable
5,436,weaker
5,437,incomparable
5,438,incomparable
5,439,weaker
5,440,incomparable
5,441,incomparable
5,442,weaker
5,443,incomparable
5,444,incomparable
5,445,incomparable
5,446,weaker
5,447,incomparable
5,448,incomparable
5,449,incomparable
5,450,weaker
5,451,incomparable
5,452,incomparable
5,453,incomparable
5,454,weaker
5,455,incomparable
5,456,incomparable
5,457,incomparable
5,458,weaker
5,459,incomparable
5,460,incomparable
5,461,incomparable
5,462,incomparable
5,463,weaker
5,464,incomparable
5,465,stronger
5,466,weaker
5,467,incomparable
5,468,stronger
5,469,weaker
5,470,stronger
5,471,stronger
5,472,stronger
5,473,weaker
5,474,incomparable
5,475,stronger
5,476,weaker
5,477,incomparable
5,478,stronger
5,479,weaker
5,480,stronger
5,481,incomparable
5,482,stronger
5,483,weaker
5,484,stronger
5,485,stronger
5,486,stronger
5,487,weaker
5,488,stronger
5,489,incomparable
5,490,stronger
5,491,weaker
5,492,incomparable
5,493,stronger
5,494,stronger
5,495,weaker
5,496,stronger
5,497,stronger
5,498,stronger
5,499,stronger
5,500,weaker
5,501,incomparable
5,502,stronger
5,503,weaker
5,504,incomparable
5,505,stronger
5,506,weaker
5,507,stronger
5,508,incomparable
5,509,stronger
5,510,weaker
5,511,incomparable
5,512,stronger
5,513,weaker
5,514,stronger
5,515,stronger
5,516,weaker
5,517,stronger
5,518,stronger
5,519,stronger
5,520,weaker
5,521,stronger
5,522,incomparable
5,523,stronger
5,524,weaker
5,525,stronger
5,526,stronger
5,527,stronger
5,528,weaker
5,529,stronger
5,530,stronger
5,531,stronger
5,532,weaker
5,533,stronger
5,534,stronger
5,535,stronger
5,536,stronger
5,537,weaker
5,538,stronger
5,539,stronger
5,540,stronger
5,541,weaker
5,542,stronger
5,543,incomparable
5,544,stronger
5,545,weaker
5,546,incomparable
5,547,stronger
5,548,stronger
5,549,weaker
5,550,stronger
5,551,stronger
5,552,stronger
5,553,stronger
5,554,weaker
5,555,stronger
5,556,incomparable
5,557,stronger
5,558,weaker
5,559,stronger
5,560,stronger
5,561,stronger
5,562,weaker
5,563,stronger
5,564,stronger
5,565,stronger
5,566,weaker
5,567,stronger
5,568,stronger
5,569,stronger
5,570,stronger
5,571,weaker
5,572,incomparable
5,573,stronger
5,574,stronger
5,575,weaker
5,576,stronger
5,577,stronger
5,578,stronger
5,579,weaker
5,580,stronger
5,581,stronger
5,582,stronger
5,583,weaker
5,584,stronger
5,585,stronger
5,586,stronger
5,587,stronger
5,588,weaker
5,589,stronger
5,590,stronger
5,591,stronger
5,592,stronger
5,593,weaker
5,594,stronger
5,595,stronger
5,596,stronger
5,597,stronger
5,598,weaker
5,599,stronger
5,600,stronger
5,601,stronger
5,602,stronger
5,603,weaker
5,604,stronger
5,605,stronger
5,606,stronger
5,607,stronger
5,608,weaker
5,609,stronger
5,610,stronger
5,611,stronger
5,612,stronger
5,613,stronger
5,614,weaker
5,615,incomparable
5,616,weaker
5,617,incomparable
5,618,incomparable
5,619,weaker
5,620,incomparable
5,621,incomparable
5,622,weaker
5,623,incomparable
5,624,incomparable
5,625,weaker
5,626,incomparable
5,627,incomparable
5,628,incomparable
5,629,weaker
5,630,incomparable
5,631,incomparable
5,632,weaker
5,633,incomparable
5,634,incomparable
5,635,weaker
5,636,incomparable
5,637,incomparable
5,638,incomparable
5,639,weaker
5,640,incomparable
5,641,incomparable
5,642,weaker
5,643,incomparable
5,644,incomparable
5,645,weaker
5,646,incomparable
5,647,incomparable
5,648,incomparable
5,649,weaker
5,650,incomparable
5,651,incomparable
5,652,incomparable
5,653,weaker
5,654,incomparable
5,655,incomparable
5,656,incomparable
5,657,weaker
5,658,incomparable
5,659,incomparable
5,660,incomparable
5,661,weaker
5,662,incomparable
5,663,incomparable
5,664,incomparable
5,665,incomparable
5,666,weaker
5,667,incomparable
5,668,stronger
5,669,weaker
5,670,incomparable
5,671,stronger
5,672,weaker
5,673,stronger
5,674,stronger
5,675,stronger
5,676,weaker
5,677,incomparable
5,678,stronger
5,679,weaker
5,680,incomparable
5,681,stronger
5,682,weaker
5,683,stronger
5,684,incomparable
5,685,stronger
5,686,weaker
5,687,stronger
5,688,stronger
5,689,stronger
5,690,weaker
5,691,stronger
5,692,incomparable
5,693,stronger
5,694,weaker
5,695,incomparable
5,696,stronger
5,697,stronger
5,698,weaker
5,699,stronger
5,700,stronger
5,701,stronger
5,702,stronger
5,703,weaker
5,704,incomparable
5,705,stronger
5,706,weaker
5,707,incomparable
5,708,stronger
5,709,weaker
5,710,stronger
5,711,incomparable
5,712,stronger
5,713,weaker
5,714,incomparable
5,715,stronger
5,716,weaker
5,717,stronger
5,718,stronger
5,719,weaker
5,720,stronger
5,721,stronger
5,722,stronger
5,723,weaker
5,724,stronger
5,725,incomparable
5,726,stronger
5,727,weaker
5,728,stronger
5,729,stronger
5,730,stronger
5,731,weaker
5,732,stronger
5,733,stronger
5,734,stronger
5,735,weaker
5,736,stronger
5,737,stronger
5,738,stronger
5,739,stronger
5,740,weaker
5,741,stronger
5,742,stronger
5,743,stronger
5,744,weaker
5,745,stronger
5,746,incomparable
5,747,stronger
5,748,weaker
5,749,incomparable
5,750,stronger
5,751,stronger
5,752,weaker
5,753,stronger
5,754,stronger
5,755,stronger
5,756,stronger
5,757,weaker
5,758,stronger
5,759,incomparable
5,760,stronger
5,761,weaker
5,762,stronger
5,763,stronger
5,764,stronger
5,765,weaker
5,766,stronger
5,767,stronger
5,768,stronger
5,769,weaker
5,770,stronger
5,771,stronger
5,772,stronger
5,773,stronger
5,774,weaker
5,775,incomparable
5,776,stronger
5,777,stronger
5,778,weaker
5,779,stronger
5,780,stronger
5,781,stronger
5,782,weaker
5,783,stronger
5,784,stronger
5,785,stronger
5,786,weaker
5,787,stronger
5,788,stronger
5,789,stronger
5,790,stronger
5,791,weaker
5,792,stronger
5,793,stronger
5,794,stronger
5,795,stronger
5,796,weaker
5,797,stronger
5,798,stronger
5,799,stronger
5,800,stronger
5,801,weaker
5,802,stronger
5,803,stronger
5,804,stronger
5,805,stronger
5,806,weaker
5,807,stronger
5,808,stronger
5,809,stronger
5,810,stronger
5,811,weaker
5,812,stronger
5,813,stronger
5,814,stronger
5,815,stronger
5,816,stronger
5,817,weaker
5,818,incomparable
5,819,weaker
5,820,incomparable
5,821,incomparable
5,822,weaker
5,823,incomparable
5,824,incomparable
5,825,weaker
5,826,incomparable
5,827,incomparable
5,828,weaker
5,829,incomparable
5,830,incomparable
5,831,incomparable
5,832,weaker
5,833,incomparable
5,834,incomparable
5,835,weaker
5,836,incomparable
5,837,incomparable
5,838,weaker
5,839,incomparable
5,840,incomparable
5,841,incomparable
5,842,weaker
5,843,incomparable
5,844,incomparable
5,845,weaker
5,846,incomparable
5,847,incomparable
5,848,weaker
5,849,incomparable
5,850,incomparable
5,851,incomparable
5,852,weaker
5,853,incomparable
5,854,incomparable
5,855,incomparable
5,856,weaker
5,857,incomparable
5,858,incomparable
5,859,incomparable
5,860,weaker
5,861,incomparable
5,862,incomparable
5,863,incomparable
5,864,weaker
5,865,incomparable
5,866,incomparable
5,867,incomparable
5,868,incomparable
5,869,weaker
5,870,incomparable
5,871,stronger
5,872,weaker
5,873,incomparable
5,874,stronger
5,875,weaker
5,876,stronger
5,877,stronger
5,878,stronger
5,879,weaker
5,880,incomparable
5,881,stronger
5,882,weaker
5,883,incomparable
5,884,stronger
5,885,weaker
5,886,stronger
5,887,incomparable
5,888,stronger
5,889,weaker
5,890,stronger
5,891,stronger
5,892,stronger
5,893,weaker
5,894,stronger
5,895,incomparable
5,896,stronger
5,897,weaker
5,898,incomparable
5,899,stronger
5,900,stronger
5,901,weaker
5,902,stronger
5,903,stronger
5,904,stronger
5,905,stronger
5,906,weaker
5,907,incomparable
5,908,stronger
5,909,weaker
5,910,incomparable
5,911,stronger
5,912,weaker
5,913,stronger
5,914,incomparable
5,915,stronger
5,916,weaker
5,917,incomparable
5,918,stronger
5,919,weaker
5,920,stronger
5,921,stronger
5,922,weaker
5,923,stronger
5,924,stronger
5,925,stronger
5,926,weaker
5,927,stronger
5,928,incomparable
5,929,stronger
5,930,weaker
5,931,stronger
5,932,stronger
5,933,stronger
5,934,weaker
5,935,stronger
5,936,stronger
5,937,stronger
5,938,weaker
5,939,stronger
5,940,stronger
5,941,stronger
5,942,stronger
5,943,weaker
5,944,stronger
5,945,stronger
5,946,stronger
5,947,weaker
5,948,stronger
5,949,incomparable
5,950,stronger
5,951,weaker
5,952,incomparable
5,953,stronger
5,954,stronger
5,955,weaker
5,956,stronger
5,957,stronger
5,958,stronger
5,959,stronger
5,960,weaker
5,961,stronger
5,962,incomparable
5,963,stronger
5,964,weaker
5,965,stronger
5,966,stronger
5,967,stronger
5,968,weaker
5,969,stronger
5,970,stronger
5,971,stronger
5,972,weaker
5,973,stronger
5,974,stronger
5,975,stronger
5,976,stronger
5,977,weaker
5,978,incomparable
5,979,stronger
5,980,stronger
5,981,weaker
5,982,stronger
5,983,stronger
5,984,stronger
5,985,weaker
5,986,stronger
5,987,stronger
5,988,stronger
5,989,weaker
5,990,stronger
5,991,stronger
5,992,stronger
5,993,stronger
5,994,weaker
5,995,stronger
5,996,stronger
5,997,stronger
5,998,stronger
5,999,weaker
5,1000,stronger
5,1001,stronger
5,1002,stronger
5,1003,stronger
5,1004,weaker
5,1005,stronger
5,1006,stronger
5,1007,stronger
5,1008,stronger
5,1009,weaker
5,1010,stronger
5,1011,stronger
5,1012,stronger
5,1013,stronger
5,1014,weaker
5,1015,stronger
5,1016,stronger
5,1017,stronger
5,1018,stronger
5,1019,stronger
5,1020,weaker
5,1021,incomparable
5,1022,weaker
5,1023,incomparable
5,1024,incomparable
5,1025,weaker
5,1026,incomparable
5,1027,incomparable
5,1028,weaker
5,1029,incomparable
5,1030,incomparable
5,1031,weaker
5,1032,incomparable
5,1033,incomparable
5,1034,incomparable
5,1035,weaker
5,1036,incomparable
5,1037,incomparable
5,1038,weaker
5,1039,incomparable
5,1040,incomparable
5,1041,weaker
5,1042,incomparable
5,1043,incomparable
5,1044,incomparable
5,1045,weaker
5,1046,incomparable
5,1047,incomparable
5,1048,weaker
5,1049,incomparable
5,1050,incomparable
5,1051,weaker
5,1052,incomparable
5,1053,incomparable
5,1054,incomparable
5,1055,weaker
5,1056,incomparable
5,1057,incomparable
5,1058,incomparable
5,1059,weaker
5,1060,incomparable
5,1061,incomparable
5,1062,incomparable
5,1063,weaker
5,1064,incomparable
5,1065,incomparable
5,1066,incomparable
5,1067,weaker
5,1068,incomparable
5,1069,incomparable
5,1070,incomparable
5,1071,incomparable
5,1072,weaker
5,1073,incomparable
5,1074,stronger
5,1075,weaker
5,1076,incomparable
5,1077,stronger
5,1078,weaker
5,1079,stronger
5,1080,stronger
5,1081,stronger
5,1082,weaker
5,1083,incomparable
5,1084,stronger
5,1085,weaker
5,1086,incomparable
5,1087,stronger
5,1088,weaker
5,1089,stronger
5,1090,incomparable
5,1091,stronger
5,1092,weaker
5,1093,stronger
5,1094,stronger
5,1095,stronger
5,1096,weaker
5,1097,stronger
5,1098,incomparable
5,1099,stronger
5,1100,weaker
5,1101,incomparable
5,1102,stronger
5,1103,stronger
5,1104,weaker
5,1105,stronger
5,1106,stronger
5,1107,stronger
5,1108,stronger
5,1109,weaker
5,1110,incomparable
5,1111,stronger
5,1112,weaker
5,1113,incomparable
5,1114,stronger
5,1115,weaker
5,1116,stronger
5,1117,incomparable
5,1118,stronger
5,1119,weaker
5,1120,incomparable
5,1121,stronger
5,1122,weaker
5,1123,stronger
5,1124,stronger
5,1125,weaker
5,1126,stronger
5,1127,stronger
5,1128,stronger
5,1129,weaker
5,1130,stronger
5,1131,incomparable
5,1132,stronger
5,1133,weaker
5,1134,stronger
5,1135,stronger
5,1136,stronger
5,1137,weaker
5,1138,stronger
5,1139,stronger
5,1140,stronger
5,1141,weaker
5,1142,stronger
5,1143,stronger
5,1144,stronger
5,1145,stronger
5,1146,weaker
5,1147,stronger
5,1148,stronger
5,1149,stronger
5,1150,weaker
5,1151,stronger
5,1152,incomparable
5,1153,stronger
5,1154,weaker
5,1155,incomparable
5,1156,stronger
5,1157,stronger
5,1158,weaker
5,1159,stronger
5,1160,stronger
5,1161,stronger
5,1162,stronger
5,1163,weaker
5,1164,stronger
5,1165,incomparable
5,1166,stronger
5,1167,weaker
5,1168,stronger
5,1169,stronger
5,1170,stronger
5,1171,weaker
5,1172,stronger
5,1173,stronger
5,1174,stronger
5,1175,weaker
5,1176,stronger
5,1177,stronger
5,1178,stronger
5,1179,stronger
5,1180,weaker
5,1181,incomparable
5,1182,stronger
5,1183,stronger
5,1184,weaker
5,1185,stronger
5,1186,stronger
5,1187,stronger
5,1188,weaker
5,1189,stronger
5,1190,stronger
5,1191,stronger
5,1192,weaker
5,1193,stronger
5,1194,stronger
5,1195,stronger
5,1196,stronger
5,1197,weaker
5,1198,stronger
5,1199,stronger
5,1200,stronger
5,1201,stronger
5,1202,weaker
5,1203,stronger
5,1204,stronger
5,1205,stronger
5,1206,stronger
5,1207,weaker
5,1208,stronger
5,1209,stronger
5,1210,stronger
5,1211,stronger
5,1212,weaker
5,1213,stronger
5,1214,stronger
5,1215,stronger
5,1216,stronger
5,1217,weaker
5,1218,stronger
5,1219,stronger
5,1220,stronger
5,1221,stronger
5,1222,stronger
5,1223,weaker
5,1224,incomparable
5,1225,weaker
5,1226,incomparable
5,1227,incomparable
5,1228,weaker
5,1229,incomparable
5,1230,incomparable
5,1231,weaker
5,1232,incomparable
5,1233,incomparable
5,1234,weaker
5,1235,incomparable
5,1236,incomparable
5,1237,incomparable
5,1238,weaker
5,1239,incomparable
5,1240,incomparable
5,1241,weaker
5,1242,incomparable
5,1243,incomparable
5,1244,weaker
5,1245,incomparable
5,1246,incomparable
5,1247,incomparable
5,1248,weaker
5,1249,incomparable
5,1250,incomparable
5,1251,weaker
5,1252,incomparable
5,1253,incomparable
5,1254,weaker
5,1255,incomparable
5,1256,incomparable
5,1257,incomparable
5,1258,weaker
5,1259,incomparable
5,1260,incomparable
5,1261,incomparable
5,1262,weaker
5,1263,incomparable
5,1264,incomparable
5,1265,incomparable
5,1266,weaker
5,1267,incomparable
5,1268,incomparable
5,1269,incomparable
5,1270,weaker
5,1271,incomparable
5,1272,incomparable
5,1273,incomparable
5,1274,incomparable
5,1275,weaker
5,1276,incomparable
5,1277,stronger
5,1278,weaker
5,1279,incomparable
5,1280,stronger
5,1281,weaker
5,1282,stronger
5,1283,stronger
5,1284,stronger
5,1285,weaker
5,1286,incomparable
5,1287,stronger
5,1288,weaker
5,1289,incomparable
5,1290,stronger
5,1291,weaker
5,1292,stronger
5,1293,incomparable
5,1294,stronger
5,1295,weaker
5,1296,stronger
5,1297,stronger
5,1298,stronger
5,1299,weaker
5,1300,stronger
5,1301,incomparable
5,1302,stronger
5,1303,weaker
5,1304,incomparable
5,1305,stronger
5,1306,stronger
5,1307,weaker
5,1308,stronger
5,1309,stronger
5,1310,stronger
5,1311,stronger
5,1312,weaker
5,1313,incomparable
5,1314,stronger
5,1315,weaker
5,1316,incomparable
5,1317,stronger
5,1318,weaker
5,1319,stronger
5,1320,incomparable
5,1321,stronger
5,1322,weaker
5,1323,incomparable
5,1324,stronger
5,1325,weaker
5,1326,stronger
5,1327,stronger
5,1328,weaker
5,1329,stronger
5,1330,stronger
5,1331,stronger
5,1332,weaker
5,1333,stronger
5,1334,incomparable
5,1335,stronger
5,1336,weaker
5,1337,stronger
5,1338,stronger
5,1339,stronger
5,1340,weaker
5,1341,stronger
5,1342,stronger
5,1343,stronger
5,1344,weaker
5,1345,stronger
5,1346,stronger
5,1347,stronger
5,1348,stronger
5,1349,weaker
5,1350,stronger
5,1351,stronger
5,1352,stronger
5,1353,weaker
5,1354,stronger
5,1355,incomparable
5,1356,stronger
5,1357,weaker
5,1358,incomparable
5,1359,stronger
5,1360,stronger
5,1361,weaker
5,1362,stronger
5,1363,stronger
5,1364,stronger
5,1365,stronger
5,1366,weaker
5,1367,stronger
5,1368,incomparable
5,1369,stronger
5,1370,weaker
5,1371,stronger
5,1372,stronger
5,1373,stronger
5,1374,weaker
5,1375,stronger
5,1376,stronger
5,1377,stronger
5,1378,weaker
5,1379,stronger
5,1380,stronger
5,1381,stronger
5,1382,stronger
5,1383,weaker
5,1384,incomparable
5,1385,stronger
5,1386,stronger
5,1387,weaker
5,1388,stronger
5,1389,stronger
5,1390,stronger
5,1391,weaker
5,1392,stronger
5,1393,stronger
5,1394,stronger
5,1395,weaker
5,1396,stronger
5,1397,stronger
5,1398,stronger
5,1399,stronger
5,1400,weaker
5,1401,stronger
5,1402,stronger
5,1403,stronger
5,1404,stronger
5,1405,weaker
5,1406,stronger
5,1407,stronger
5,1408,stronger
5,1409,stronger
5,1410,weaker
5,1411,stronger
5,1412,stronger
5,1413,stronger
5,1414,stronger
5,1415,weaker
5,1416,stronger
5,1417,stronger
5,1418,stronger
5,1419,stronger
5,1420,weaker
5,1421,stronger
5,1422,stronger
5,1423,stronger
5,1424,stronger
5,1425,stronger
5,1426,weaker
5,1427,incomparable
5,1428,weaker
5,1429,incomparable
5,1430,incomparable
5,1431,weaker
5,1432,incomparable
5,1433,incomparable
5,1434,weaker
5,1435,incomparable
5,1436,incomparable
5,1437,weaker
5,1438,incomparable
5,1439,incomparable
5,1440,incomparable
5,1441,weaker
5,1442,incomparable
5,1443,incomparable
5,1444,weaker
5,1445,incomparable
5,1446,incomparable
5,1447,weaker
5,1448,incomparable
5,1449,incomparable
5,1450,incomparable
5,1451,weaker
5,1452,incomparable
5,1453,incomparable
5,1454,weaker
5,1455,incomparable
5,1456,incomparable
5,1457,weaker
5,1458,incomparable
5,1459,incomparable
5,1460,incomparable
5,1461,weaker
5,1462,incomparable
5,1463,incomparable
5,1464,incomparable
5,1465,weaker
5,1466,incomparable
5,1467,incomparable
5,1468,incomparable
5,1469,weaker
5,1470,incomparable
5,1471,incomparable
5,1472,incomparable
5,1473,weaker
5,1474,incomparable
5,1475,incomparable
5,1476,incomparable
5,1477,incomparable
5,1478,weaker
5,1479,incomparable
5,1480,incomparable
5,1481,weaker
5,1482,incomparable
5,1483,incomparable
5,1484,weaker
5,1485,incomparable
5,1486,incomparable
5,1487,incomparable
5,1488,weaker
5,1489,incomparable
5,1490,stronger
5,1491,weaker
5,1492,incomparable
5,1493,stronger
5,1494,weaker
5,1495,stronger
5,1496,incomparable
5,1497,stronger
5,1498,weaker
5,1499,stronger
5,1500,stronger
5,1501,stronger
5,1502,weaker
5,1503,stronger
5,1504,incomparable
5,1505,stronger
5,1506,weaker
5,1507,incomparable
5,1508,stronger
5,1509,stronger
5,1510,weaker
5,1511,stronger
5,1512,stronger
5,1513,stronger
5,1514,stronger
5,1515,weaker
5,1516,incomparable
5,1517,stronger
5,1518,weaker
5,1519,incomparable
5,1520,stronger
5,1521,weaker
5,1522,stronger
5,1523,incomparable
5,1524,stronger
5,1525,weaker
5,1526,incomparable
5,1527,stronger
5,1528,weaker
5,1529,stronger
5,1530,stronger
5,1531,weaker
5,1532,stronger
5,1533,stronger
5,1534,stronger
5,1535,weaker
5,1536,stronger
5,1537,incomparable
5,1538,stronger
5,1539,weaker
5,1540,stronger
5,1541,stronger
5,1542,stronger
5,1543,weaker
5,1544,stronger
5,1545,stronger
5,1546,stronger
5,1547,weaker
5,1548,stronger
5,1549,stronger
5,1550,stronger
5,1551,stronger
5,1552,weaker
5,1553,stronger
5,1554,stronger
5,1555,stronger
5,1556,weaker
5,1557,stronger
5,1558,incomparable
5,1559,stronger
5,1560,weaker
5,1561,incomparable
5,1562,stronger
5,1563,stronger
5,1564,weaker
5,1565,stronger
5,1566,stronger
5,1567,stronger
5,1568,stronger
5,1569,weaker
5,1570,stronger
5,1571,incomparable
5,1572,stronger
5,1573,weaker
5,1574,stronger
5,1575,stronger
5,1576,stronger
5,1577,weaker
5,1578,stronger
5,1579,stronger
5,1580,stronger
5,1581,weaker
5,1582,stronger
5,1583,stronger
5,1584,stronger
5,1585,stronger
5,1586,weaker
5,1587,incomparable
5,1588,stronger
5,1589,stronger
5,1590,weaker
5,1591,stronger
5,1592,stronger
5,1593,stronger
5,1594,weaker
5,1595,stronger
5,1596,stronger
5,1597,stronger
5,1598,weaker
5,1599,stronger
5,1600,stronger
5,1601,stronger
5,1602,stronger
5,1603,weaker
5,1604,stronger
5,1605,stronger
5,1606,stronger
5,1607,stronger
5,1608,weaker
5,1609,stronger
5,1610,stronger
5,1611,stronger
5,1612,stronger
5,1613,weaker
5,1614,stronger
5,1615,stronger
5,1616,stronger
5,1617,stronger
5,1618,weaker
5,1619,stronger
5,1620,stronger
5,1621,stronger
5,1622,stronger
5,1623,weaker
5,1624,stronger
5,1625,stronger
5,1626,stronger
5,1627,stronger
5,1628,stronger
5,1629,weaker
5,1630,incomparable
5,1631,weaker
5,1632,incomparable
5,1633,incomparable
5,1634,weaker
5,1635,incomparable
5,1636,incomparable
5,1637,weaker
5,1638,incomparable
5,1639,incomparable
5,1640,weaker
5,1641,incomparable
5,1642,incomparable
5,1643,incomparable
5,1644,weaker
5,1645,incomparable
5,1646,incomparable
5,1647,weaker
5,1648,incomparable
5,1649,incomparable
5,1650,weaker
5,1651,incomparable
5,1652,incomparable
5,1653,incomparable
5,1654,weaker
5,1655,incomparable
5,1656,incomparable
5,1657,weaker
5,1658,incomparable
5,1659,incomparable
5,1660,weaker
5,1661,incomparable
5,1662,incomparable
5,1663,incomparable
5,1664,weaker
5,1665,incomparable
5,1666,incomparable
5,1667,incomparable
5,1668,weaker
5,1669,incomparable
5,1670,incomparable
5,1671,incomparable
5,1672,weaker
5,1673,incomparable
5,1674,incomparable
5,1675,incomparable
5,1676,weaker
5,1677,incomparable
5,1678,incomparable
5,1679,incomparable
5,1680,incomparable
5,1681,weaker
5,1682,incomparable
5,1683,stronger
5,1684,weaker
5,1685,incomparable
5,1686,stronger
5,1687,weaker
5,1688,stronger
5,1689,stronger
5,1690,stronger
5,1691,weaker
5,1692,incomparable
5,1693,stronger
5,1694,weaker
5,1695,incomparable
5,1696,stronger
5,1697,weaker
5,1698,stronger
5,1699,incomparable
5,1700,stronger
5,1701,weaker
5,1702,stronger
5,1703,stronger
5,1704,stronger
5,1705,weaker
5,1706,stronger
5,1707,incomparable
5,1708,stronger
5,1709,weaker
5,1710,incomparable
5,1711,stronger
5,1712,stronger
5,1713,weaker
5,1714,stronger
5,1715,stronger
5,1716,stronger
5,1717,stronger
5,1718,weaker
5,1719,incomparable
5,1720,stronger
5,1721,weaker
5,1722,incomparable
5,1723,stronger
5,1724,weaker
5,1725,stronger
5,1726,incomparable
5,1727,stronger
5,1728,weaker
5,1729,incomparable
5,1730,stronger
5,1731,weaker
5,1732,stronger
5,1733,stronger
5,1734,weaker
5,1735,stronger
5,1736,stronger
5,1737,stronger
5,1738,weaker
5,1739,stronger
5,1740,incomparable
5,1741,stronger
5,1742,weaker
5,1743,stronger
5,1744,stronger
5,1745,stronger
5,1746,weaker
5,1747,stronger
5,1748,stronger
5,1749,stronger
5,1750,weaker
5,1751,stronger
5,1752,stronger
5,1753,stronger
5,1754,stronger
5,1755,weaker
5,1756,stronger
5,1757,stronger
5,1758,stronger
5,1759,weaker
5,1760,stronger
5,1761,incomparable
5,1762,stronger
5,1763,weaker
5,1764,incomparable
5,1765,stronger
5,1766,stronger
5,1767,weaker
5,1768,stronger
5,1769,stronger
5,1770,stronger
5,1771,stronger
5,1772,weaker
5,1773,stronger
5,1774,incomparable
5,1775,stronger
5,1776,weaker
5,1777,stronger
5,1778,stronger
5,1779,stronger
5,1780,weaker
5,1781,stronger
5,1782,stronger
5,1783,stronger
5,1784,weaker
5,1785,stronger
5,1786,stronger
5,1787,stronger
5,1788,stronger
5,1789,weaker
5,1790,incomparable
5,1791,stronger
5,1792,stronger
5,1793,weaker
5,1794,stronger
5,1795,stronger
5,1796,stronger
5,1797,weaker
5,1798,stronger
5,1799,stronger
5,1800,stronger
5,1801,weaker
5,1802,stronger
5,1803,stronger
5,1804,stronger
5,1805,stronger
5,1806,weaker
5,1807,stronger
5,1808,stronger
5,1809,stronger
5,1810,stronger
5,1811,weaker
5,1812,stronger
5,1813,stronger
5,1814,stronger
5,1815,stronger
5,1816,weaker
5,1817,stronger
5,1818,stronger
5,1819,stronger
5,1820,stronger
5,1821,weaker
5,1822,stronger
5,1823,stronger
5,1824,stronger
5,1825,stronger
5,1826,weaker
5,1827,stronger
5,1828,stronger
5,1829,stronger
5,1830,stronger
5,1831,stronger
5,1832,weaker
5,1833,incomparable
5,1834,weaker
5,1835,incomparable
5,1836,incomparable
5,1837,weaker
5,1838,incomparable
5,1839,incomparable
5,1840,weaker
5,1841,incomparable
5,1842,incomparable
5,1843,weaker
5,1844,incomparable
5,1845,incomparable
5,1846,incomparable
5,1847,weaker
5,1848,incomparable
5,1849,incomparable
5,1850,weaker
5,1851,incomparable
5,1852,incomparable
5,1853,weaker
5,1854,incomparable
5,1855,incomparable
5,1856,incomparable
5,1857,weaker
5,1858,incomparable
5,1859,incomparable
5,1860,weaker
5,1861,incomparable
5,1862,incomparable
5,1863,weaker
5,1864,incomparable
5,1865,incomparable
5,1866,incomparable
5,1867,weaker
5,1868,incomparable
5,1869,incomparable
5,1870,incomparable
5,1871,weaker
5,1872,incomparable
5,1873,incomparable
5,1874,incomparable
5,1875,weaker
5,1876,incomparable
5,1877,incomparable
5,1878,incomparable
5,1879,weaker
5,1880,incomparable
5,1881,incomparable
5,1882,incomparable
5,1883,incomparable
5,1884,weaker
5,1885,incomparable
5,1886,stronger
5,1887,weaker
5,1888,incomparable
5,1889,stronger
5,1890,weaker
5,1891,stronger
5,1892,stronger
5,1893,stronger
5,1894,weaker
5,1895,incomparable
5,1896,stronger
5,1897,weaker
5,1898,incomparable
5,1899,stronger
5,1900,weaker
5,1901,stronger
5,1902,incomparable
5,1903,stronger
5,1904,weaker
5,1905,stronger
5,1906,stronger
5,1907,stronger
5,1908,weaker
5,1909,stronger
5,1910,incomparable
5,1911,stronger
5,1912,weaker
5,1913,incomparable
5,1914,stronger
5,1915,stronger
5,1916,weaker
5,1917,stronger
5,1918,stronger
5,1919,stronger
5,1920,stronger
5,1921,weaker
5,1922,incomparable
5,1923,stronger
5,1924,weaker
5,1925,incomparable
5,1926,stronger
5,1927,weaker
5,1928,stronger
5,1929,incomparable
5,1930,stronger
5,1931,weaker
5,1932,incomparable
5,1933,stronger
5,1934,weaker
5,1935,stronger
5,1936,stronger
5,1937,weaker
5,1938,stronger
5,1939,stronger
5,1940,stronger
5,1941,weaker
5,1942,stronger
5,1943,incomparable
5,1944,stronger
5,1945,weaker
5,1946,stronger
5,1947,stronger
5,1948,stronger
5,1949,weaker
5,1950,stronger
5,1951,stronger
5,1952,stronger
5,1953,weaker
5,1954,stronger
5,1955,stronger
5,1956,stronger
5,1957,stronger
5,1958,weaker
5,1959,stronger
5,1960,stronger
5,1961,stronger
5,1962,weaker
5,1963,stronger
5,1964,incomparable
5,1965,stronger
5,1966,weaker
5,1967,incomparable
5,1968,stronger
5,1969,stronger
5,1970,weaker
5,1971,stronger
5,1972,stronger
5,1973,stronger
5,1974,stronger
5,1975,weaker
5,1976,stronger
5,1977,incomparable
5,1978,stronger
5,1979,weaker
5,1980,stronger
5,1981,stronger
5,1982,stronger
5,1983,weaker
5,1984,stronger
5,1985,stronger
5,1986,stronger
5,1987,weaker
5,1988,stronger
5,1989,stronger
5,1990,stronger
5,1991,stronger
5,1992,weaker
5,1993,incomparable
5,1994,stronger
5,1995,stronger
5,1996,weaker
5,1997,stronger
5,1998,stronger
5,1999,stronger
5,2000,weaker
5,2001,stronger
5,2002,stronger
5,2003,stronger
5,2004,weaker
5,2005,stronger
5,2006,stronger
5,2007,stronger
5,2008,stronger
5,2009,weaker
5,2010,stronger
5,2011,stronger
5,2012,stronger
5,2013,stronger
5,2014,weaker
5,2015,stronger
5,2016,stronger
5,2017,stronger
5,2018,stronger
5,2019,weaker
5,2020,stronger
5,2021,stronger
5,2022,stronger
5,2023,stronger
5,2024,weaker
5,2025,stronger
5,2026,stronger
5,2027,stronger
5,2028,stronger
5,2029,weaker
5,2030,stronger
5,2031,stronger
5,2032,stronger
5,2033,stronger
5,2034,stronger
5,2035,weaker
5,2036,incomparable
5,2037,weaker
5,2038,incomparable
5,2039,incomparable
5,2040,weaker
5,2041,incomparable
5,2042,incomparable
5,2043,weaker
5,2044,incomparable
5,2045,incomparable
5,2046,weaker
5,2047,incomparable
5,2048,incomparable
5,2049,incomparable
5,2050,weaker
5,2051,incomparable
5,2052,incomparable
5,2053,weaker
5,2054,incomparable
5,2055,incomparable
5,2056,weaker
5,2057,incomparable
5,2058,incomparable
5,2059,incomparable
5,2060,weaker
5,2061,incomparable
5,2062,incomparable
5,2063,weaker
5,2064,incomparable
5,2065,incomparable
5,2066,weaker
5,2067,incomparable
5,2068,incomparable
5,2069,incomparable
5,2070,weaker
5,2071,incomparable
5,2072,incomparable
5,2073,incomparable
5,2074,weaker
5,2075,incomparable
5,2076,incomparable
5,2077,incomparable
5,2078,weaker
5,2079,incomparable
5,2080,incomparable
5,2081,incomparable
5,2082,weaker
5,2083,incomparable
5,2084,incomparable
5,2085,incomparable
5,2086,incomparable
5,2087,weaker
5,2088,incomparable
5,2089,incomparable
5,2090,weaker
5,2091,incomparable
5,2092,stronger
5,2093,weaker
5,2094,stronger
5,2095,stronger
5,2096,stronger
5,2097,weaker
5,2098,incomparable
5,2099,stronger
5,2100,weaker
5,2101,incomparable
5,2102,stronger
5,2103,weaker
5,2104,stronger
5,2105,incomparable
5,2106,stronger
5,2107,weaker
5,2108,stronger
5,2109,stronger
5,2110,stronger
5,2111,weaker
5,2112,stronger
5,2113,incomparable
5,2114,stronger
5,2115,weaker
5,2116,incomparable
5,2117,stronger
5,2118,stronger
5,2119,weaker
5,2120,stronger
5,2121,stronger
5,2122,stronger
5,2123,stronger
5,2124,weaker
5,2125,incomparable
5,2126,incomparable
5,2127,weaker
5,2128,incomparable
5,2129,stronger
5,2130,weaker
5,2131,stronger
5,2132,incomparable
5,2133,stronger
5,2134,weaker
5,2135,incomparable
5,2136,stronger
5,2137,weaker
5,2138,stronger
5,2139,stronger
5,2140,weaker
5,2141,stronger
5,2142,stronger
5,2143,stronger
5,2144,weaker
5,2145,stronger
5,2146,incomparable
5,2147,stronger
5,2148,weaker
5,2149,stronger
5,2150,stronger
5,2151,stronger
5,2152,weaker
5,2153,stronger
5,2154,stronger
5,2155,stronger
5,2156,weaker
5,2157,stronger
5,2158,stronger
5,2159,stronger
5,2160,stronger
5,2161,weaker
5,2162,incomparable
5,2163,incomparable
5,2164,incomparable
5,2165,weaker
5,2166,stronger
5,2167,incomparable
5,2168,stronger
5,2169,weaker
5,2170,incomparable
5,2171,stronger
5,2172,stronger
5,2173,weaker
5,2174,stronger
5,2175,stronger
5,2176,stronger
5,2177,stronger
5,2178,weaker
5,2179,stronger
5,2180,incomparable
5,2181,stronger
5,2182,weaker
5,2183,stronger
5,2184,stronger
5,2185,stronger
5,2186,weaker
5,2187,stronger
5,2188,stronger
5,2189,stronger
5,2190,weaker
5,2191,stronger
5,2192,stronger
5,2193,stronger
5,2194,stronger
5,2195,weaker
5,2196,incomparable
5,2197,stronger
5,2198,stronger
5,2199,weaker
5,2200,stronger
5,2201,stronger
5,2202,stronger
5,2203,weaker
5,2204,stronger
5,2205,stronger
5,2206,stronger
5,2207,weaker
5,2208,stronger
5,2209,stronger
5,2210,stronger
5,2211,stronger
5,2212,weaker
5,2213,stronger
5,2214,stronger
5,2215,stronger
5,2216,stronger
5,2217,weaker
5,2218,stronger
5,2219,stronger
5,2220,stronger
5,2221,stronger
5,2222,weaker
5,2223,stronger
5,2224,stronger
5,2225,stronger
5,2226,stronger
5,2227,weaker
5,2228,stronger
5,2229,stronger
5,2230,stronger
5,2231,stronger
5,2232,weaker
5,2233,stronger
5,2234,stronger
5,2235,stronger
5,2236,stronger
5,2237,stronger
5,2238,weaker
5,2239,incomparable
5,2240,weaker
5,2241,incomparable
5,2242,incomparable
5,2243,weaker
5,2244,incomparable
5,2245,incomparable
5,2246,weaker
5,2247,incomparable
5,2248,incomparable
5,2249,weaker
5,2250,incomparable
5,2251,incomparable
5,2252,incomparable
5,2253,weaker
5,2254,incomparable
5,2255,incomparable
5,2256,weaker
5,2257,incomparable
5,2258,incomparable
5,2259,weaker
5,2260,incomparable
5,2261,incomparable
5,2262,incomparable
5,2263,weaker
5,2264,incomparable
5,2265,incomparable
5,2266,weaker
5,2267,incomparable
5,2268,incomparable
5,2269,weaker
5,2270,incomparable
5,2271,incomparable
5,2272,incomparable
5,2273,weaker
5,2274,incomparable
5,2275,incomparable
5,2276,incomparable
5,2277,weaker
5,2278,incomparable
5,2279,incomparable
5,2280,incomparable
5,2281,weaker
5,2282,incomparable
5,2283,incomparable
5,2284,incomparable
5,2285,weaker
5,2286,incomparable
5,2287,incomparable
5,2288,incomparable
5,2289,incomparable
5,2290,weaker
5,2291,incomparable
5,2292,stronger
5,2293,weaker
5,2294,incomparable
5,2295,stronger
5,2296,weaker
5,2297,stronger
5,2298,stronger
5,2299,stronger
5,2300,weaker
5,2301,incomparable
5,2302,stronger
5,2303,weaker
5,2304,incomparable
5,2305,stronger
5,2306,weaker
5,2307,stronger
5,2308,incomparable
5,2309,stronger
5,2310,weaker
5,2311,stronger
5,2312,stronger
5,2313,stronger
5,2314,weaker
5,2315,stronger
5,2316,incomparable
5,2317,stronger
5,2318,weaker
5,2319,incomparable
5,2320,stronger
5,2321,stronger
5,2322,weaker
5,2323,stronger
5,2324,stronger
5,2325,stronger
5,2326,stronger
5,2327,weaker
5,2328,incomparable
5,2329,stronger
5,2330,weaker
5,2331,incomparable
5,2332,stronger
5,2333,weaker
5,2334,stronger
5,2335,incomparable
5,2336,stronger
5,2337,weaker
5,2338,incomparable
5,2339,stronger
5,2340,weaker
5,2341,stronger
5,2342,stronger
5,2343,equivalent
5,2344,stronger
5,2345,stronger
5,2346,stronger
5,2347,weaker
5,2348,stronger
5,2349,incomparable
5,2350,stronger
5,2351,weaker
5,2352,stronger
5,2353,stronger
5,2354,stronger
5,2355,weaker
5,2356,stronger
5,2357,stronger
5,2358,stronger
5,2359,equivalent
5,2360,stronger
5,2361,stronger
5,2362,stronger
5,2363,stronger
5,2364,weaker
5,2365,stronger
5,2366,stronger
5,2367,stronger
5,2368,weaker
5,2369,stronger
5,2370,incomparable
5,2371,stronger
5,2372,weaker
5,2373,incomparable
5,2374,stronger
5,2375,stronger
5,2376,weaker
5,2377,stronger
5,2378,stronger
5,2379,stronger
5,2380,stronger
5,2381,weaker
5,2382,stronger
5,2383,incomparable
5,2384,stronger
5,2385,weaker
5,2386,stronger
5,2387,stronger
5,2388,stronger
5,2389,weaker
5,2390,stronger
5,2391,stronger
5,2392,stronger
5,2393,equivalent
5,2394,stronger
5,2395,stronger
5,2396,stronger
5,2397,stronger
5,2398,weaker
5,2399,incomparable
5,2400,stronger
5,2401,stronger
5,2402,weaker
5,2403,stronger
5,2404,stronger
5,2405,stronger
5,2406,weaker
5,2407,stronger
5,2408,stronger
5,2409,stronger
5,2410,equivalent
5,2411,stronger
5,2412,stronger
5,2413,stronger
5,2414,stronger
5,2415,weaker
5,2416,stronger
5,2417,stronger
5,2418,stronger
5,2419,stronger
5,2420,weaker
5,2421,stronger
5,2422,stronger
5,2423,stronger
5,2424,stronger
5,2425,weaker
5,2426,stronger
5,2427,stronger
5,2428,stronger
5,2429,stronger
5,2430,weaker
5,2431,stronger
5,2432,stronger
5,2433,stronger
5,2434,stronger
5,2435,equivalent
5,2436,stronger
5,2437,stronger
5,2438,stronger
5,2439,stronger
5,2440,stronger
5,2441,weaker
5,2442,incomparable
5,2443,weaker
5,2444,incomparable
5,2445,incomparable
5,2446,weaker
5,2447,incomparable
5,2448,incomparable
5,2449,weaker
5,2450,incomparable
5,2451,incomparable
5,2452,weaker
5,2453,incomparable
5,2454,incomparable
5,2455,incomparable
5,2456,weaker
5,2457,incomparable
5,2458,incomparable
5,2459,weaker
5,2460,incomparable
5,2461,incomparable
5,2462,weaker
5,2463,incomparable
5,2464,incomparable
5,2465,incomparable
5,2466,weaker
5,2467,incomparable
5,2468,incomparable
5,2469,weaker
5,2470,incomparable
5,2471,incomparable
5,2472,weaker
5,2473,incomparable
5,2474,incomparable
5,2475,incomparable
5,2476,weaker
5,2477,incomparable
5,2478,incomparable
5,2479,incomparable
5,2480,weaker
5,2481,incomparable
5,2482,incomparable
5,2483,incomparable
5,2484,weaker
5,2485,incomparable
5,2486,incomparable
5,2487,incomparable
5,2488,weaker
5,2489,incomparable
5,2490,incomparable
5,2491,incomparable
5,2492,incomparable
5,2493,weaker
5,2494,incomparable
5,2495,stronger
5,2496,weaker
5,2497,incomparable
5,2498,stronger
5,2499,weaker
5,2500,stronger
5,2501,stronger
5,2502,stronger
5,2503,weaker
5,2504,incomparable
5,2505,stronger
5,2506,weaker
5,2507,incomparable
5,2508,stronger
5,2509,equivalent
5,2510,stronger
5,2511,incomparable
5,2512,stronger
5,2513,weaker
5,2514,stronger
5,2515,stronger
5,2516,stronger
5,2517,weaker
5,2518,stronger
5,2519,incomparable
5,2520,stronger
5,2521,equivalent
5,2522,incomparable
5,2523,stronger
5,2524,stronger
5,2525,equivalent
5,2526,stronger
5,2527,stronger
5,2528,stronger
5,2529,stronger
5,2530,weaker
5,2531,incomparable
5,2532,stronger
5,2533,weaker
5,2534,incomparable
5,2535,stronger
5,2536,weaker
5,2537,stronger
5,2538,incomparable
5,2539,stronger
5,2540,weaker
5,2541,incomparable
5,2542,stronger
5,2543,weaker
5,2544,stronger
5,2545,stronger
5,2546,equivalent
5,2547,stronger
5,2548,stronger
5,2549,stronger
5,2550,weaker
5,2551,stronger
5,2552,incomparable
5,2553,stronger
5,2554,weaker
5,2555,stronger
5,2556,stronger
5,2557,stronger
5,2558,weaker
5,2559,stronger
5,2560,stronger
5,2561,stronger
5,2562,equivalent
5,2563,stronger
5,2564,stronger
5,2565,stronger
5,2566,stronger
5,2567,weaker
5,2568,stronger
5,2569,stronger
5,2570,stronger
5,2571,weaker
5,2572,stronger
5,2573,incomparable
5,2574,stronger
5,2575,equivalent
5,2576,incomparable
5,2577,stronger
5,2578,stronger
5,2579,equivalent
5,2580,stronger
5,2581,stronger
5,2582,stronger
5,2583,stronger
5,2584,weaker
5,2585,stronger
5,2586,incomparable
5,2587,stronger
5,2588,weaker
5,2589,stronger
5,2590,stronger
5,2591,stronger
5,2592,weaker
5,2593,stronger
5,2594,stronger
5,2595,stronger
5,2596,equivalent
5,2597,stronger
5,2598,stronger
5,2599,stronger
5,2600,stronger
5,2601,weaker
5,2602,incomparable
5,2603,stronger
5,2604,stronger
5,2605,weaker
5,2606,stronger
5,2607,stronger
5,2608,stronger
5,2609,weaker
5,2610,stronger
5,2611,stronger
5,2612,stronger
5,2613,equivalent
5,2614,stronger
5,2615,stronger
5,2616,stronger
5,2617,stronger
5,2618,weaker
5,2619,stronger
5,2620,stronger
5,2621,stronger
5,2622,stronger
5,2623,weaker
5,2624,stronger
5,2625,stronger
5,2626,stronger
5,2627,stronger
5,2628,equivalent
5,2629,stronger
5,2630,stronger
5,2631,stronger
5,2632,stronger
5,2633,equivalent
5,2634,stronger
5,2635,stronger
5,2636,stronger
5,2637,stronger
5,2638,equivalent
5,2639,stronger
5,2640,stronger
5,2641,stronger
5,2642,stronger
5,2643,stronger
5,2644,weaker
5,2645,incomparable
5,2646,weaker
5,2647,incomparable
5,2648,incomparable
5,2649,weaker
5,2650,incomparable
5,2651,incomparable
5,2652,weaker
5,2653,incomparable
5,2654,incomparable
5,2655,weaker
5,2656,incomparable
5,2657,incomparable
5,2658,incomparable
5,2659,weaker
5,2660,incomparable
5,2661,incomparable
5,2662,weaker
5,2663,incomparable
5,2664,incomparable
5,2665,weaker
5,2666,incomparable
5,2667,incomparable
5,2668,incomparable
5,2669,weaker
5,2670,incomparable
5,2671,incomparable
5,2672,weaker
5,2673,incomparable
5,2674,incomparable
5,2675,weaker
5,2676,incomparable
5,2677,incomparable
5,2678,incomparable
5,2679,weaker
5,2680,incomparable
5,2681,incomparable
5,2682,incomparable
5,2683,weaker
5,2684,incomparable
5,2685,incomparable
5,2686,incomparable
5,2687,weaker
5,2688,incomparable
5,2689,incomparable
5,2690,incomparable
5,2691,weaker
5,2692,incomparable
5,2693,incomparable
5,2694,incomparable
5,2695,incomparable
5,2696,weaker
5,2697,incomparable
5,2698,stronger
5,2699,weaker
5,2700,incomparable
5,2701,stronger
5,2702,weaker
5,2703,stronger
5,2704,stronger
5,2705,stronger
5,2706,weaker
5,2707,incomparable
5,2708,stronger
5,2709,weaker
5,2710,incomparable
5,2711,stronger
5,2712,weaker
5,2713,stronger
5,2714,incomparable
5,2715,stronger
5,2716,weaker
5,2717,stronger
5,2718,stronger
5,2719,stronger
5,2720,equivalent
5,2721,stronger
5,2722,incomparable
5,2723,stronger
5,2724,weaker
5,2725,incomparable
5,2726,stronger
5,2727,stronger
5,2728,equivalent
5,2729,stronger
5,2730,stronger
5,2731,stronger
5,2732,stronger
5,2733,weaker
5,2734,incomparable
5,2735,stronger
5,2736,weaker
5,2737,incomparable
5,2738,stronger
5,2739,weaker
5,2740,stronger
5,2741,incomparable
5,2742,stronger
5,2743,weaker
5,2744,incomparable
5,2745,stronger
5,2746,weaker
5,2747,stronger
5,2748,stronger
5,2749,equivalent
5,2750,stronger
5,2751,stronger
5,2752,stronger
5,2753,weaker
5,2754,stronger
5,2755,incomparable
5,2756,stronger
5,2757,equivalent
5,2758,stronger
5,2759,stronger
5,2760,stronger
5,2761,weaker
5,2762,stronger
5,2763,stronger
5,2764,stronger
5,2765,equivalent
5,2766,stronger
5,2767,stronger
5,2768,stronger
5,2769,stronger
5,2770,weaker
5,2771,stronger
5,2772,stronger
5,2773,stronger
5,2774,weaker
5,2775,stronger
5,2776,incomparable
5,2777,stronger
5,2778,weaker
5,2779,incomparable
5,2780,stronger
5,2781,stronger
5,2782,weaker
5,2783,stronger
5,2784,stronger
5,2785,stronger
5,2786,stronger
5,2787,weaker
5,2788,stronger
5,2789,incomparable
5,2790,stronger
5,2791,weaker
5,2792,stronger
5,2793,stronger
5,2794,stronger
5,2795,weaker
5,2796,stronger
5,2797,stronger
5,2798,stronger
5,2799,equivalent
5,2800,stronger
5,2801,stronger
5,2802,stronger
5,2803,stronger
5,2804,weaker
5,2805,incomparable
5,2806,stronger
5,2807,stronger
5,2808,weaker
5,2809,stronger
5,2810,stronger
5,2811,stronger
5,2812,weaker
5,2813,stronger
5,2814,stronger
5,2815,stronger
5,2816,equivalent
5,2817,stronger
5,2818,stronger
5,2819,stronger
5,2820,stronger
5,2821,weaker
5,2822,stronger
5,2823,stronger
5,2824,stronger
5,2825,stronger
5,2826,equivalent
5,2827,stronger
5,2828,stronger
5,2829,stronger
5,2830,stronger
5,2831,equivalent
5,2832,stronger
5,2833,stronger
5,2834,stronger
5,2835,stronger
5,2836,weaker
5,2837,stronger
5,2838,stronger
5,2839,stronger
5,2840,stronger
5,2841,equivalent
5,2842,stronger
5,2843,stronger
5,2844,stronger
5,2845,stronger
5,2846,stronger
5,2847,weaker
5,2848,incomparable
5,2849,weaker
5,2850,incomparable
5,2851,incomparable
5,2852,weaker
5,2853,incomparable
5,2854,incomparable
5,2855,weaker
5,2856,incomparable
5,2857,incomparable
5,2858,weaker
5,2859,incomparable
5,2860,incomparable
5,2861,incomparable
5,2862,weaker
5,2863,incomparable
5,2864,incomparable
5,2865,weaker
5,2866,incomparable
5,2867,incomparable
5,2868,weaker
5,2869,incomparable
5,2870,incomparable
5,2871,incomparable
5,2872,weaker
5,2873,incomparable
5,2874,incomparable
5,2875,weaker
5,2876,incomparable
5,2877,incomparable
5,2878,weaker
5,2879,incomparable
5,2880,incomparable
5,2881,incomparable
5,2882,weaker
5,2883,incomparable
5,2884,incomparable
5,2885,incomparable
5,2886,weaker
5,2887,incomparable
5,2888,incomparable
5,2889,incomparable
5,2890,weaker
5,2891,incomparable
5,2892,incomparable
5,2893,incomparable
5,2894,weaker
5,2895,incomparable
5,2896,incomparable
5,2897,incomparable
5,2898,incomparable
5,2899,weaker
5,2900,incomparable
5,2901,stronger
5,2902,weaker
5,2903,incomparable
5,2904,stronger
5,2905,equivalent
5,2906,stronger
5,2907,stronger
5,2908,stronger
5,2909,weaker
5,2910,incomparable
5,2911,stronger
5,2912,weaker
5,2913,incomparable
5,2914,stronger
5,2915,equivalent
5,2916,stronger
5,2917,incomparable
5,2918,stronger
5,2919,weaker
5,2920,stronger
5,2921,stronger
5,2922,stronger
5,2923,equivalent
5,2924,stronger
5,2925,incomparable
5,2926,stronger
5,2927,equivalent
5,2928,incomparable
5,2929,stronger
5,2930,stronger
5,2931,equivalent
5,2932,stronger
5,2933,stronger
5,2934,stronger
5,2935,stronger
5,2936,weaker
5,2937,incomparable
5,2938,stronger
5,2939,weaker
5,2940,incomparable
5,2941,stronger
5,2942,equivalent
5,2943,stronger
5,2944,incomparable
5,2945,stronger
5,2946,weaker
5,2947,incomparable
5,2948,stronger
5,2949,weaker
5,2950,stronger
5,2951,stronger
5,2952,equivalent
5,2953,stronger
5,2954,stronger
5,2955,stronger
5,2956,weaker
5,2957,stronger
5,2958,incomparable
5,2959,stronger
5,2960,equivalent
5,2961,stronger
5,2962,stronger
5,2963,stronger
5,2964,weaker
5,2965,stronger
5,2966,stronger
5,2967,stronger
5,2968,equivalent
5,2969,stronger
5,2970,stronger
5,2971,stronger
5,2972,stronger
5,2973,weaker
5,2974,stronger
5,2975,stronger
5,2976,stronger
5,2977,equivalent
5,2978,stronger
5,2979,incomparable
5,2980,stronger
5,2981,equivalent
5,2982,incomparable
5,2983,stronger
5,2984,stronger
5,2985,equivalent
5,2986,stronger
5,2987,stronger
5,2988,stronger
5,2989,stronger
5,2990,weaker
5,2991,stronger
5,2992,incomparable
5,2993,stronger
5,2994,weaker
5,2995,stronger
5,2996,stronger
5,2997,stronger
5,2998,weaker
5,2999,stronger
5,3000,stronger
5,3001,stronger
5,3002,equivalent
5,3003,stronger
5,3004,stronger
5,3005,stronger
5,3006,stronger
5,3007,weaker
5,3008,incomparable
5,3009,stronger
5,3010,stronger
5,3011,weaker
5,3012,stronger
5,3013,stronger
5,3014,stronger
5,3015,equivalent
5,3016,stronger
5,3017,stronger
5,3018,stronger
5,3019,equivalent
5,3020,stronger
5,3021,stronger
5,3022,stronger
5,3023,stronger
5,3024,weaker
5,3025,stronger
5,3026,stronger
5,3027,stronger
5,3028,stronger
5,3029,equivalent
5,3030,stronger
5,3031,stronger
5,3032,stronger
5,3033,stronger
5,3034,equivalent
5,3035,stronger
5,3036,stronger
5,3037,stronger
5,3038,stronger
5,3039,equivalent
5,3040,stronger
5,3041,stronger
5,3042,stronger
5,3043,stronger
5,3044,equivalent
5,3045,stronger
5,3046,stronger
5,3047,stronger
5,3048,stronger
5,3049,stronger
5,3050,weaker
5,3051,incomparable
5,3052,weaker
5,3053,incomparable
5,3054,incomparable
5,3055,weaker
5,3056,incomparable
5,3057,incomparable
5,3058,weaker
5,3059,incomparable
5,3060,incomparable
5,3061,weaker
5,3062,incomparable
5,3063,incomparable
5,3064,incomparable
5,3065,weaker
5,3066,incomparable
5,3067,incomparable
5,3068,weaker
5,3069,incomparable
5,3070,incomparable
5,3071,weaker
5,3072,incomparable
5,3073,incomparable
5,3074,incomparable
5,3075,weaker
5,3076,incomparable
5,3077,incomparable
5,3078,weaker
5,3079,incomparable
5,3080,incomparable
5,3081,weaker
5,3082,incomparable
5,3083,incomparable
5,3084,incomparable
5,3085,weaker
5,3086,incomparable
5,3087,incomparable
5,3088,incomparable
5,3089,weaker
5,3090,incomparable
5,3091,incomparable
5,3092,incomparable
5,3093,weaker
5,3094,incomparable
5,3095,incomparable
5,3096,incomparable
5,3097,weaker
5,3098,incomparable
5,3099,incomparable
5,3100,incomparable
5,3101,incomparable
5,3102,weaker
5,3103,incomparable
5,3104,stronger
5,3105,weaker
5,3106,incomparable
5,3107,stronger
5,3108,weaker
5,3109,stronger
5,3110,stronger
5,3111,stronger
5,3112,weaker
5,3113,incomparable
5,3114,stronger
5,3115,weaker
5,3116,incomparable
5,3117,stronger
5,3118,equivalent
5,3119,stronger
5,3120,incomparable
5,3121,stronger
5,3122,weaker
5,3123,stronger
5,3124,stronger
5,3125,stronger
5,3126,equivalent
5,3127,stronger
5,3128,incomparable
5,3129,stronger
5,3130,equivalent
5,3131,incomparable
5,3132,stronger
5,3133,stronger
5,3134,equivalent
5,3135,stronger
5,3136,stronger
5,3137,stronger
5,3138,stronger
5,3139,weaker
5,3140,incomparable
5,3141,stronger
5,3142,weaker
5,3143,incomparable
5,3144,stronger
5,3145,weaker
5,3146,stronger
5,3147,incomparable
5,3148,stronger
5,3149,weaker
5,3150,incomparable
5,3151,stronger
5,3152,weaker
5,3153,stronger
5,3154,stronger
5,3155,equivalent
5,3156,stronger
5,3157,stronger
5,3158,stronger
5,3159,weaker
5,3160,stronger
5,3161,incomparable
5,3162,stronger
5,3163,equivalent
5,3164,stronger
5,3165,stronger
5,3166,stronger
5,3167,weaker
5,3168,stronger
5,3169,stronger
5,3170,stronger
5,3171,equivalent
5,3172,stronger
5,3173,stronger
5,3174,stronger
5,3175,stronger
5,3176,weaker
5,3177,stronger
5,3178,stronger
5,3179,stronger
5,3180,weaker
5,3181,stronger
5,3182,incomparable
5,3183,stronger
5,3184,equivalent
5,3185,incomparable
5,3186,stronger
5,3187,stronger
5,3188,equivalent
5,3189,stronger
5,3190,stronger
5,3191,stronger
5,3192,stronger
5,3193,weaker
5,3194,stronger
5,3195,incomparable
5,3196,stronger
5,3197,weaker
5,3198,stronger
5,3199,stronger
5,3200,stronger
5,3201,weaker
5,3202,stronger
5,3203,stronger
5,3204,stronger
5,3205,equivalent
5,3206,stronger
5,3207,stronger
5,3208,stronger
5,3209,stronger
5,3210,weaker
5,3211,incomparable
5,3212,stronger
5,3213,stronger
5,3214,weaker
5,3215,stronger
5,3216,stronger
5,3217,stronger
5,3218,equivalent
5,3219,stronger
5,3220,stronger
5,3221,stronger
5,3222,equivalent
5,3223,stronger
5,3224,stronger
5,3225,stronger
5,3226,stronger
5,3227,weaker
5,3228,stronger
5,3229,stronger
5,3230,stronger
5,3231,stronger
5,3232,equivalent
5,3233,stronger
5,3234,stronger
5,3235,stronger
5,3236,stronger
5,3237,equivalent
5,3238,stronger
5,3239,stronger
5,3240,stronger
5,3241,stronger
5,3242,equivalent
5,3243,stronger
5,3244,stronger
5,3245,stronger
5,3246,stronger
5,3247,equivalent
5,3248,stronger
5,3249,stronger
5,3250,stronger
5,3251,stronger
5,3252,stronger
5,3253,weaker
5,3254,incomparable
5,3255,weaker
5,3256,incomparable
5,3257,incomparable
5,3258,weaker
5,3259,incomparable
5,3260,incomparable
5,3261,weaker
5,3262,incomparable
5,3263,incomparable
5,3264,weaker
5,3265,incomparable
5,3266,incomparable
5,3267,incomparable
5,3268,weaker
5,3269,incomparable
5,3270,incomparable
5,3271,weaker
5,3272,incomparable
5,3273,incomparable
5,3274,weaker
5,3275,incomparable
5,3276,incomparable
5,3277,incomparable
5,3278,weaker
5,3279,incomparable
5,3280,incomparable
5,3281,weaker
5,3282,incomparable
5,3283,incomparable
5,3284,weaker
5,3285,incomparable
5,3286,incomparable
5,3287,incomparable
5,3288,weaker
5,3289,incomparable
5,3290,incomparable
5,3291,incomparable
5,3292,weaker
5,3293,incomparable
5,3294,incomparable
5,3295,incomparable
5,3296,weaker
5,3297,incomparable
5,3298,incomparable
5,3299,incomparable
5,3300,weaker
5,3301,incomparable
5,3302,incomparable
5,3303,incomparable
5,3304,incomparable
5,3305,incomparable
5,3306,weaker
5,3307,incomparable
5,3308,incomparable
5,3309,weaker
5,3310,incomparable
5,3311,incomparable
5,3312,weaker
5,3313,incomparable
5,3314,incomparable
5,3315,incomparable
5,3316,weaker
5,3317,incomparable
5,3318,incomparable
5,3319,weaker
5,3320,incomparable
5,3321,incomparable
5,3322,weaker
5,3323,incomparable
5,3324,incomparable
5,3325,incomparable
5,3326,weaker
5,3327,incomparable
5,3328,incomparable
5,3329,incomparable
5,3330,weaker
5,3331,incomparable
5,3332,incomparable
5,3333,incomparable
5,3334,weaker
5,3335,incomparable
5,3336,incomparable
5,3337,incomparable
5,3338,weaker
5,3339,incomparable
5,3340,incomparable
5,3341,incomparable
5,3342,incomparable
5,3343,weaker
5,3344,incomparable
5,3345,incomparable
5,3346,weaker
5,3347,incomparable
5,3348,incomparable
5,3349,weaker
5,3350,incomparable
5,3351,incomparable
5,3352,incomparable
5,3353,weaker
5,3354,incomparable
5,3355,incomparable
5,3356,weaker
5,3357,incomparable
5,3358,incomparable
5,3359,weaker
5,3360,incomparable
5,3361,incomparable
5,3362,incomparable
5,3363,weaker
5,3364,incomparable
5,3365,incomparable
5,3366,incomparable
5,3367,weaker
5,3368,incomparable
5,3369,incomparable
5,3370,incomparable
5,3371,weaker
5,3372,incomparable
5,3373,incomparable
5,3374,incomparable
5,3375,weaker
5,3376,incomparable
5,3377,incomparable
5,3378,incomparable
5,3379,incomparable
5,3380,weaker
5,3381,incomparable
5,3382,incomparable
5,3383,incomparable
5,3384,weaker
5,3385,incomparable
5,3386,incomparable
5,3387,incomparable
5,3388,weaker
5,3389,incomparable
5,3390,incomparable
5,3391,incomparable
5,3392,weaker
5,3393,incomparable
5,3394,incomparable
5,3395,incomparable
5,3396,incomparable
5,3397,weaker
5,3398,incomparable
5,3399,incomparable
5,3400,incomparable
5,3401,weaker
5,3402,incomparable
5,3403,incomparable
5,3404,incomparable
5,3405,weaker
5,3406,incomparable
5,3407,incomparable
5,3408,incomparable
5,3409,weaker
5,3410,incomparable
5,3411,incomparable
5,3412,incomparable
5,3413,incomparable
5,3414,weaker
5,3415,incomparable
5,3416,incomparable
5,3417,incomparable
5,3418,weaker
5,3419,incomparable
5,3420,incomparable
5,3421,incomparable
5,3422,weaker
5,3423,incomparable
5,3424,incomparable
5,3425,incomparable
5,3426,weaker
5,3427,incomparable
5,3428,incomparable
5,3429,incomparable
5,3430,incomparable
5,3431,weaker
5,3432,incomparable
5,3433,incomparable
5,3434,incomparable
5,3435,incomparable
5,3436,weaker
5,3437,incomparable
5,3438,incomparable
5,3439,incomparable
5,3440,incomparable
5,3441,weaker
5,3442,incomparable
5,3443,incomparable
5,3444,incomparable
5,3445,incomparable
5,3446,weaker
5,3447,incomparable
5,3448,incomparable
5,3449,incomparable
5,3450,incomparable
5,3451,weaker
5,3452,incomparable
5,3453,incomparable
5,3454,incomparable
5,3455,incomparable
5,3456,weaker
5,3457,incomparable
5,3458,weaker
5,3459,incomparable
5,3460,incomparable
5,3461,weaker
5,3462,incomparable
5,3463,incomparable
5,3464,weaker
5,3465,incomparable
5,3466,incomparable
5,3467,weaker
5,3468,incomparable
5,3469,incomparable
5,3470,incomparable
5,3471,weaker
5,3472,incomparable
5,3473,incomparable
5,3474,weaker
5,3475,incomparable
5,3476,incomparable
5,3477,weaker
5,3478,incomparable
5,3479,incomparable
5,3480,incomparable
5,3481,weaker
5,3482,incomparable
5,3483,incomparable
5,3484,weaker
5,3485,incomparable
5,3486,incomparable
5,3487,weaker
5,3488,incomparable
5,3489,incomparable
5,3490,incomparable
5,3491,weaker
5,3492,incomparable
5,3493,incomparable
5,3494,incomparable
5,3495,weaker
5,3496,incomparable
5,3497,incomparable
5,3498,incomparable
5,3499,weaker
5,3500,incomparable
5,3501,incomparable
5,3502,incomparable
5,3503,weaker
5,3504,incomparable
5,3505,incomparable
5,3506,incomparable
5,3507,incomparable
5,3508,incomparable
5,3509,weaker
5,3510,incomparable
5,3511,incomparable
5,3512,weaker
5,3513,incomparable
5,3514,incomparable
5,3515,weaker
5,3516,incomparable
5,3517,incomparable
5,3518,incomparable
5,3519,weaker
5,3520,incomparable
5,3521,incomparable
5,3522,weaker
5,3523,incomparable
5,3524,incomparable
5,3525,weaker
5,3526,incomparable
5,3527,incomparable
5,3528,incomparable
5,3529,weaker
5,3530,incomparable
5,3531,incomparable
5,3532,incomparable
5,3533,weaker
5,3534,incomparable
5,3535,incomparable
5,3536,incomparable
5,3537,weaker
5,3538,incomparable
5,3539,incomparable
5,3540,incomparable
5,3541,weaker
5,3542,incomparable
5,3543,incomparable
5,3544,incomparable
5,3545,incomparable
5,3546,weaker
5,3547,incomparable
5,3548,incomparable
5,3549,weaker
5,3550,incomparable
5,3551,incomparable
5,3552,weaker
5,3553,incomparable
5,3554,incomparable
5,3555,incomparable
5,3556,weaker
5,3557,incomparable
5,3558,incomparable
5,3559,weaker
5,3560,incomparable
5,3561,incomparable
5,3562,weaker
5,3563,incomparable
5,3564,incomparable
5,3565,incomparable
5,3566,weaker
5,3567,incomparable
5,3568,incomparable
5,3569,incomparable
5,3570,weaker
5,3571,incomparable
5,3572,incomparable
5,3573,incomparable
5,3574,weaker
5,3575,incomparable
5,3576,incomparable
5,3577,incomparable
5,3578,weaker
5,3579,incomparable
5,3580,incomparable
5,3581,incomparable
5,3582,incomparable
5,3583,weaker
5,3584,incomparable
5,3585,incomparable
5,3586,incomparable
5,3587,weaker
5,3588,incomparable
5,3589,incomparable
5,3590,incomparable
5,3591,weaker
5,3592,incomparable
5,3593,incomparable
5,3594,incomparable
5,3595,weaker
5,3596,incomparable
5,3597,incomparable
5,3598,incomparable
5,3599,incomparable
5,3600,weaker
5,3601,incomparable
5,3602,incomparable
5,3603,incomparable
5,3604,weaker
5,3605,incomparable
5,3606,incomparable
5,3607,incomparable
5,3608,weaker
5,3609,incomparable
5,3610,incomparable
5,3611,incomparable
5,3612,weaker
5,3613,incomparable
5,3614,incomparable
5,3615,incomparable
5,3616,incomparable
5,3617,weaker
5,3618,incomparable
5,3619,incomparable
5,3620,incomparable
5,3621,weaker
5,3622,incomparable
5,3623,incomparable
5,3624,incomparable
5,3625,weaker
5,3626,incomparable
5,3627,incomparable
5,3628,incomparable
5,3629,weaker
5,3630,incomparable
5,3631,incomparable
5,3632,incomparable
5,3633,incomparable
5,3634,weaker
5,3635,incomparable
5,3636,incomparable
5,3637,incomparable
5,3638,incomparable
5,3639,weaker
5,3640,incomparable
5,3641,incomparable
5,3642,incomparable
5,3643,incomparable
5,3644,weaker
5,3645,incomparable
5,3646,incomparable
5,3647,incomparable
5,3648,incomparable
5,3649,weaker
5,3650,incomparable
5,3651,incomparable
5,3652,incomparable
5,3653,incomparable
5,3654,weaker
5,3655,incomparable
5,3656,incomparable
5,3657,incomparable
5,3658,incomparable
5,3659,weaker
5,3660,incomparable
5,3661,weaker
5,3662,incomparable
5,3663,incomparable
5,3664,weaker
5,3665,incomparable
5,3666,incomparable
5,3667,weaker
5,3668,incomparable
5,3669,incomparable
5,3670,weaker
5,3671,incomparable
5,3672,incomparable
5,3673,incomparable
5,3674,weaker
5,3675,incomparable
5,3676,incomparable
5,3677,weaker
5,3678,incomparable
5,3679,incomparable
5,3680,weaker
5,3681,incomparable
5,3682,incomparable
5,3683,incomparable
5,3684,weaker
5,3685,incomparable
5,3686,incomparable
5,3687,weaker
5,3688,incomparable
5,3689,incomparable
5,3690,weaker
5,3691,incomparable
5,3692,incomparable
5,3693,incomparable
5,3694,weaker
5,3695,incomparable
5,3696,incomparable
5,3697,incomparable
5,3698,weaker
5,3699,incomparable
5,3700,incomparable
5,3701,incomparable
5,3702,weaker
5,3703,incomparable
5,3704,incomparable
5,3705,incomparable
5,3706,weaker
5,3707,incomparable
5,3708,incomparable
5,3709,incomparable
5,3710,incomparable
5,3711,incomparable
5,3712,weaker
5,3713,incomparable
5,3714,incomparable
5,3715,weaker
5,3716,incomparable
5,3717,incomparable
5,3718,weaker
5,3719,incomparable
5,3720,incomparable
5,3721,incomparable
5,3722,weaker
5,3723,incomparable
5,3724,incomparable
5,3725,weaker
5,3726,incomparable
5,3727,incomparable
5,3728,weaker
5,3729,incomparable
5,3730,incomparable
5,3731,incomparable
5,3732,weaker
5,3733,incomparable
5,3734,incomparable
5,3735,incomparable
5,3736,weaker
5,3737,incomparable
5,3738,incomparable
5,3739,incomparable
5,3740,weaker
5,3741,incomparable
5,3742,incomparable
5,3743,incomparable
5,3744,weaker
5,3745,incomparable
5,3746,incomparable
5,3747,incomparable
5,3748,incomparable
5,3749,weaker
5,3750,incomparable
5,3751,incomparable
5,3752,weaker
5,3753,incomparable
5,3754,incomparable
5,3755,weaker
5,3756,incomparable
5,3757,incomparable
5,3758,incomparable
5,3759,weaker
5,3760,incomparable
5,3761,incomparable
5,3762,weaker
5,3763,incomparable
5,3764,incomparable
5,3765,weaker
5,3766,incomparable
5,3767,incomparable
5,3768,incomparable
5,3769,weaker
5,3770,incomparable
5,3771,incomparable
5,3772,incomparable
5,3773,weaker
5,3774,incomparable
5,3775,incomparable
5,3776,incomparable
5,3777,weaker
5,3778,incomparable
5,3779,incomparable
5,3780,incomparable
5,3781,weaker
5,3782,incomparable
5,3783,incomparable
5,3784,incomparable
5,3785,incomparable
5,3786,weaker
5,3787,incomparable
5,3788,incomparable
5,3789,incomparable
5,3790,weaker
5,3791,incomparable
5,3792,incomparable
5,3793,incomparable
5,3794,weaker
5,3795,incomparable
5,3796,incomparable
5,3797,incomparable
5,3798,weaker
5,3799,incomparable
5,3800,incomparable
5,3801,incomparable
5,3802,incomparable
5,3803,weaker
5,3804,incomparable
5,3805,incomparable
5,3806,incomparable
5,3807,weaker
5,3808,incomparable
5,3809,incomparable
5,3810,incomparable
5,3811,weaker
5,3812,incomparable
5,3813,incomparable
5,3814,incomparable
5,3815,weaker
5,3816,incomparable
5,3817,incomparable
5,3818,incomparable
5,3819,incomparable
5,3820,weaker
5,3821,incomparable
5,3822,incomparable
5,3823,incomparable
5,3824,weaker
5,3825,incomparable
5,3826,incomparable
5,3827,incomparable
5,3828,weaker
5,3829,incomparable
5,3830,incomparable
5,3831,incomparable
5,3832,weaker
5,3833,incomparable
5,3834,incomparable
5,3835,incomparable
5,3836,incomparable
5,3837,weaker
5,3838,incomparable
5,3839,incomparable
5,3840,incomparable
5,3841,incomparable
5,3842,weaker
5,3843,incomparable
5,3844,incomparable
5,3845,incomparable
5,3846,incomparable
5,3847,weaker
5,3848,incomparable
5,3849,incomparable
5,3850,incomparable
5,3851,incomparable
5,3852,weaker
5,3853,incomparable
5,3854,incomparable
5,3855,incomparable
5,3856,incomparable
5,3857,weaker
5,3858,incomparable
5,3859,incomparable
5,3860,incomparable
5,3861,incomparable
5,3862,weaker
5,3863,incomparable
5,3864,weaker
5,3865,incomparable
5,3866,incomparable
5,3867,weaker
5,3868,incomparable
5,3869,incomparable
5,3870,weaker
5,3871,incomparable
5,3872,incomparable
5,3873,weaker
5,3874,incomparable
5,3875,incomparable
5,3876,incomparable
5,3877,weaker
5,3878,incomparable
5,3879,incomparable
5,3880,weaker
5,3881,incomparable
5,3882,incomparable
5,3883,weaker
5,3884,incomparable
5,3885,incomparable
5,3886,incomparable
5,3887,weaker
5,3888,incomparable
5,3889,incomparable
5,3890,weaker
5,3891,incomparable
5,3892,incomparable
5,3893,weaker
5,3894,incomparable
5,3895,incomparable
5,3896,incomparable
5,3897,weaker
5,3898,incomparable
5,3899,incomparable
5,3900,incomparable
5,3901,weaker
5,3902,incomparable
5,3903,incomparable
5,3904,incomparable
5,3905,weaker
5,3906,incomparable
5,3907,incomparable
5,3908,incomparable
5,3909,weaker
5,3910,incomparable
5,3911,incomparable
5,3912,incomparable
5,3913,incomparable
5,3914,incomparable
5,3915,weaker
5,3916,incomparable
5,3917,incomparable
5,3918,weaker
5,3919,incomparable
5,3920,incomparable
5,3921,weaker
5,3922,incomparable
5,3923,incomparable
5,3924,incomparable
5,3925,weaker
5,3926,incomparable
5,3927,incomparable
5,3928,weaker
5,3929,incomparable
5,3930,incomparable
5,3931,weaker
5,3932,incomparable
5,3933,incomparable
5,3934,incomparable
5,3935,weaker
5,3936,incomparable
5,3937,incomparable
5,3938,incomparable
5,3939,weaker
5,3940,incomparable
5,3941,incomparable
5,3942,incomparable
5,3943,weaker
5,3944,incomparable
5,3945,incomparable
5,3946,incomparable
5,3947,weaker
5,3948,incomparable
5,3949,incomparable
5,3950,incomparable
5,3951,incomparable
5,3952,weaker
5,3953,incomparable
5,3954,incomparable
5,3955,weaker
5,3956,incomparable
5,3957,incomparable
5,3958,weaker
5,3959,incomparable
5,3960,incomparable
5,3961,incomparable
5,3962,weaker
5,3963,incomparable
5,3964,incomparable
5,3965,weaker
5,3966,incomparable
5,3967,incomparable
5,3968,weaker
5,3969,incomparable
5,3970,incomparable
5,3971,incomparable
5,3972,weaker
5,3973,incomparable
5,3974,incomparable
5,3975,incomparable
5,3976,weaker
5,3977,incomparable
5,3978,incomparable
5,3979,incomparable
5,3980,weaker
5,3981,incomparable
5,3982,incomparable
5,3983,incomparable
5,3984,weaker
5,3985,incomparable
5,3986,incomparable
5,3987,incomparable
5,3988,incomparable
5,3989,weaker
5,3990,incomparable
5,3991,incomparable
5,3992,incomparable
5,3993,weaker
5,3994,incomparable
5,3995,incomparable
5,3996,incomparable
5,3997,weaker
5,3998,incomparable
5,3999,incomparable
5,4000,incomparable
5,4001,weaker
5,4002,incomparable
5,4003,incomparable
5,4004,incomparable
5,4005,incomparable
5,4006,weaker
5,4007,incomparable
5,4008,incomparable
5,4009,incomparable
5,4010,weaker
5,4011,incomparable
5,4012,incomparable
5,4013,incomparable
5,4014,weaker
5,4015,incomparable
5,4016,incomparable
5,4017,incomparable
5,4018,weaker
5,4019,incomparable
5,4020,incomparable
5,4021,incomparable
5,4022,incomparable
5,4023,weaker
5,4024,incomparable
5,4025,incomparable
5,4026,incomparable
5,4027,weaker
5,4028,incomparable
5,4029,incomparable
5,4030,incomparable
5,4031,weaker
5,4032,incomparable
5,4033,incomparable
5,4034,incomparable
5,4035,weaker
5,4036,incomparable
5,4037,incomparable
5,4038,incomparable
5,4039,incomparable
5,4040,weaker
5,4041,incomparable
5,4042,incomparable
5,4043,incomparable
5,4044,incomparable
5,4045,weaker
5,4046,incomparable
5,4047,incomparable
5,4048,incomparable
5,4049,incomparable
5,4050,weaker
5,4051,incomparable
5,4052,incomparable
5,4053,incomparable
5,4054,incomparable
5,4055,weaker
5,4056,incomparable
5,4057,incomparable
5,4058,incomparable
5,4059,incomparable
5,4060,weaker
5,4061,incomparable
5,4062,incomparable
5,4063,incomparable
5,4064,incomparable
5,4065,weaker
5,4066,incomparable
5,4067,weaker
5,4068,incomparable
5,4069,incomparable
5,4070,weaker
5,4071,incomparable
5,4072,incomparable
5,4073,weaker
5,4074,incomparable
5,4075,incomparable
5,4076,weaker
5,4077,incomparable
5,4078,incomparable
5,4079,incomparable
5,4080,weaker
5,4081,incomparable
5,4082,incomparable
5,4083,weaker
5,4084,incomparable
5,4085,incomparable
5,4086,weaker
5,4087,incomparable
5,4088,incomparable
5,4089,incomparable
5,4090,weaker
5,4091,incomparable
5,4092,incomparable
5,4093,weaker
5,4094,incomparable
5,4095,incomparable
5,4096,weaker
5,4097,incomparable
5,4098,incomparable
5,4099,incomparable
5,4100,weaker
5,4101,incomparable
5,4102,incomparable
5,4103,incomparable
5,4104,weaker
5,4105,incomparable
5,4106,incomparable
5,4107,incomparable
5,4108,weaker
5,4109,incomparable
5,4110,incomparable
5,4111,incomparable
5,4112,weaker
5,4113,incomparable
5,4114,incomparable
5,4115,incomparable
5,4116,incomparable
5,4117,incomparable
5,4118,weaker
5,4119,incomparable
5,4120,incomparable
5,4121,weaker
5,4122,incomparable
5,4123,incomparable
5,4124,weaker
5,4125,incomparable
5,4126,incomparable
5,4127,incomparable
5,4128,weaker
5,4129,incomparable
5,4130,incomparable
5,4131,weaker
5,4132,incomparable
5,4133,incomparable
5,4134,weaker
5,4135,incomparable
5,4136,incomparable
5,4137,incomparable
5,4138,weaker
5,4139,incomparable
5,4140,incomparable
5,4141,incomparable
5,4142,weaker
5,4143,incomparable
5,4144,incomparable
5,4145,incomparable
5,4146,weaker
5,4147,incomparable
5,4148,incomparable
5,4149,incomparable
5,4150,weaker
5,4151,incomparable
5,4152,incomparable
5,4153,incomparable
5,4154,incomparable
5,4155,weaker
5,4156,incomparable
5,4157,incomparable
5,4158,weaker
5,4159,incomparable
5,4160,incomparable
5,4161,weaker
5,4162,incomparable
5,4163,incomparable
5,4164,incomparable
5,4165,weaker
5,4166,incomparable
5,4167,incomparable
5,4168,weaker
5,4169,incomparable
5,4170,incomparable
5,4171,weaker
5,4172,incomparable
5,4173,incomparable
5,4174,incomparable
5,4175,weaker
5,4176,incomparable
5,4177,incomparable
5,4178,incomparable
5,4179,weaker
5,4180,incomparable
5,4181,incomparable
5,4182,incomparable
5,4183,weaker
5,4184,incomparable
5,4185,incomparable
5,4186,incomparable
5,4187,weaker
5,4188,incomparable
5,4189,incomparable
5,4190,incomparable
5,4191,incomparable
5,4192,weaker
5,4193,incomparable
5,4194,incomparable
5,4195,incomparable
5,4196,weaker
5,4197,incomparable
5,4198,incomparable
5,4199,incomparable
5,4200,weaker
5,4201,incomparable
5,4202,incomparable
5,4203,incomparable
5,4204,weaker
5,4205,incomparable
5,4206,incomparable
5,4207,incomparable
5,4208,incomparable
5,4209,weaker
5,4210,incomparable
5,4211,incomparable
5,4212,incomparable
5,4213,weaker
5,4214,incomparable
5,4215,incomparable
5,4216,incomparable
5,4217,weaker
5,4218,incomparable
5,4219,incomparable
5,4220,incomparable
5,4221,weaker
5,4222,incomparable
5,4223,incomparable
5,4224,incomparable
5,4225,incomparable
5,4226,weaker
5,4227,incomparable
5,4228,incomparable
5,4229,incomparable
5,4230,weaker
5,4231,incomparable
5,4232,incomparable
5,4233,incomparable
5,4234,weaker
5,4235,incomparable
5,4236,incomparable
5,4237,incomparable
5,4238,weaker
5,4239,incomparable
5,4240,incomparable
5,4241,incomparable
5,4242,incomparable
5,4243,weaker
5,4244,incomparable
5,4245,incomparable
5,4246,incomparable
5,4247,incomparable
5,4248,weaker
5,4249,incomparable
5,4250,incomparable
5,4251,incomparable
5,4252,incomparable
5,4253,weaker
5,4254,incomparable
5,4255,incomparable
5,4256,incomparable
5,4257,incomparable
5,4258,weaker
5,4259,incomparable
5,4260,incomparable
5,4261,incomparable
5,4262,incomparable
5,4263,weaker
5,4264,incomparable
5,4265,incomparable
5,4266,incomparable
5,4267,incomparable
5,4268,incomparable
5,4269,weaker
5,4270,incomparable
5,4271,incomparable
5,4272,weaker
5,4273,incomparable
5,4274,incomparable
5,4275,weaker
5,4276,incomparable
5,4277,incomparable
5,4278,weaker
5,4279,incomparable
5,4280,incomparable
5,4281,incomparable
5,4282,incomparable
5,4283,incomparable
5,4284,weaker
5,4285,incomparable
5,4286,incomparable
5,4287,weaker
5,4288,incomparable
5,4289,incomparable
5,4290,incomparable
5,4291,weaker
5,4292,incomparable
5,4293,incomparable
5,4294,incomparable
5,4295,incomparable
5,4296,weaker
5,4297,incomparable
5,4298,incomparable
5,4299,incomparable
5,4300,weaker
5,4301,incomparable
5,4302,incomparable
5,4303,incomparable
5,4304,weaker
5,4305,incomparable
5,4306,incomparable
5,4307,weaker
5,4308,incomparable
5,4309,incomparable
5,4310,weaker
5,4311,incomparable
5,4312,incomparable
5,4313,incomparable
5,4314,incomparable
5,4315,incomparable
5,4316,weaker
5,4317,incomparable
5,4318,incomparable
5,4319,incomparable
5,4320,weaker
5,4321,incomparable
5,4322,incomparable
5,4323,weaker
5,4324,incomparable
5,4325,incomparable
5,4326,incomparable
5,4327,weaker
5,4328,incomparable
5,4329,incomparable
5,4330,weaker
5,4331,incomparable
5,4332,incomparable
5,4333,incomparable
5,4334,weaker
5,4335,incomparable
5,4336,incomparable
5,4337,incomparable
5,4338,incomparable
5,4339,incomparable
5,4340,weaker
5,4341,incomparable
5,4342,incomparable
5,4343,incomparable
5,4344,incomparable
5,4345,incomparable
5,4346,incomparable
5,4347,incomparable
5,4348,weaker
5,4349,incomparable
5,4350,incomparable
5,4351,weaker
5,4352,incomparable
5,4353,incomparable
5,4354,weaker
5,4355,incomparable
5,4356,incomparable
5,4357,incomparable
5,4358,incomparable
5,4359,incomparable
5,4360,weaker
5,4361,incomparable
5,4362,weaker
5,4363,incomparable
5,4364,incomparable
5,4365,incomparable
5,4366,incomparable
5,4367,weaker
5,4368,incomparable
5,4369,incomparable
5,4370,incomparable
5,4371,incomparable
5,4372,incomparable
5,4373,incomparable
5,4374,weaker
5,4375,incomparable
5,4376,incomparable
5,4377,incomparable
5,4378,weaker
5,4379,incomparable
5,4380,weaker
5,4381,incomparable
5,4382,weaker
5,4383,incomparable
5,4384,incomparable
5,4385,weaker
5,4386,incomparable
5,4387,incomparable
5,4388,weaker
5,4389,incomparable
5,4390,incomparable
5,4391,weaker
5,4392,incomparable
5,4393,incomparable
5,4394,incomparable
5,4395,incomparable
5,4396,weaker
5,4397,incomparable
5,4398,incomparable
5,4399,weaker
5,4400,incomparable
5,4401,incomparable
5,4402,weaker
5,4403,incomparable
5,4404,incomparable
5,4405,incomparable
5,4406,weaker
5,4407,incomparable
5,4408,incomparable
5,4409,weaker
5,4410,incomparable
5,4411,incomparable
5,4412,weaker
5,4413,incomparable
5,4414,incomparable
5,4415,incomparable
5,4416,weaker
5,4417,incomparable
5,4418,incomparable
5,4419,incomparable
5,4420,weaker
5,4421,incomparable
5,4422,incomparable
5,4423,incomparable
5,4424,weaker
5,4425,incomparable
5,4426,incomparable
5,4427,incomparable
5,4428,weaker
5,4429,incomparable
5,4430,incomparable
5,4431,incomparable
5,4432,weaker
5,4433,incomparable
5,4434,incomparable
5,4435,weaker
5,4436,incomparable
5,4437,incomparable
5,4438,weaker
5,4439,incomparable
5,4440,incomparable
5,4441,incomparable
5,4442,weaker
5,4443,incomparable
5,4444,incomparable
5,4445,weaker
5,4446,incomparable
5,4447,incomparable
5,4448,weaker
5,4449,incomparable
5,4450,incomparable
5,4451,incomparable
5,4452,weaker
5,4453,incomparable
5,4454,incomparable
5,4455,incomparable
5,4456,weaker
5,4457,incomparable
5,4458,incomparable
5,4459,incomparable
5,4460,weaker
5,4461,incomparable
5,4462,incomparable
5,4463,incomparable
5,4464,weaker
5,4465,incomparable
5,4466,incomparable
5,4467,incomparable
5,4468,incomparable
5,4469,incomparable
5,4470,weaker
5,4471,incomparable
5,4472,incomparable
5,4473,weaker
5,4474,incomparable
5,4475,incomparable
5,4476,weaker
5,4477,incomparable
5,4478,incomparable
5,4479,incomparable
5,4480,weaker
5,4481,incomparable
5,4482,incomparable
5,4483,weaker
5,4484,incomparable
5,4485,incomparable
5,4486,weaker
5,4487,incomparable
5,4488,incomparable
5,4489,incomparable
5,4490,weaker
5,4491,incomparable
5,4492,incomparable
5,4493,incomparable
5,4494,weaker
5,4495,incomparable
5,4496,incomparable
5,4497,incomparable
5,4498,weaker
5,4499,incomparable
5,4500,incomparable
5,4501,incomparable
5,4502,weaker
5,4503,incomparable
5,4504,incomparable
5,4505,incomparable
5,4506,incomparable
5,4507,incomparable
5,4508,weaker
5,4509,incomparable
5,4510,incomparable
5,4511,incomparable
5,4512,weaker
5,4513,incomparable
5,4514,incomparable
5,4515,incomparable
5,4516,weaker
5,4517,incomparable
5,4518,incomparable
5,4519,incomparable
5,4520,weaker
5,4521,incomparable
5,4522,incomparable
5,4523,incomparable
5,4524,incomparable
5,4525,weaker
5,4526,incomparable
5,4527,incomparable
5,4528,incomparable
5,4529,weaker
5,4530,incomparable
5,4531,incomparable
5,4532,incomparable
5,4533,weaker
5,4534,incomparable
5,4535,incomparable
5,4536,incomparable
5,4537,weaker
5,4538,incomparable
5,4539,incomparable
5,4540,incomparable
5,4541,incomparable
5,4542,weaker
5,4543,incomparable
5,4544,incomparable
5,4545,incomparable
5,4546,weaker
5,4547,incomparable
5,4548,incomparable
5,4549,incomparable
5,4550,weaker
5,4551,incomparable
5,4552,incomparable
5,4553,incomparable
5,4554,weaker
5,4555,incomparable
5,4556,incomparable
5,4557,incomparable
5,4558,incomparable
5,4559,weaker
5,4560,incomparable
5,4561,incomparable
5,4562,incomparable
5,4563,incomparable
5,4564,weaker
5,4565,incomparable
5,4566,incomparable
5,4567,incomparable
5,4568,incomparable
5,4569,weaker
5,4570,incomparable
5,4571,incomparable
5,4572,incomparable
5,4573,incomparable
5,4574,weaker
5,4575,incomparable
5,4576,incomparable
5,4577,incomparable
5,4578,incomparable
5,4579,weaker
5,4580,incomparable
5,4581,incomparable
5,4582,incomparable
5,4583,incomparable
5,4584,weaker
5,4585,incomparable
5,4586,incomparable
5,4587,weaker
5,4588,incomparable
5,4589,incomparable
5,4590,weaker
5,4591,incomparable
5,4592,incomparable
5,4593,weaker
5,4594,incomparable
5,4595,incomparable
5,4596,incomparable
5,4597,incomparable
5,4598,incomparable
5,4599,weaker
5,4600,incomparable
5,4601,incomparable
5,4602,weaker
5,4603,incomparable
5,4604,incomparable
5,4605,incomparable
5,4606,weaker
5,4607,incomparable
5,4608,incomparable
5,4609,incomparable
5,4610,incomparable
5,4611,weaker
5,4612,incomparable
5,4613,incomparable
5,4614,incomparable
5,4615,weaker
5,4616,incomparable
5,4617,incomparable
5,4618,incomparable
5,4619,weaker
5,4620,incomparable
5,4621,incomparable
5,4622,weaker
5,4623,incomparable
5,4624,incomparable
5,4625,weaker
5,4626,incomparable
5,4627,incomparable
5,4628,incomparable
5,4629,incomparable
5,4630,incomparable
5,4631,weaker
5,4632,incomparable
5,4633,incomparable
5,4634,incomparable
5,4635,weaker
5,4636,incomparable
5,4637,incomparable
5,4638,weaker
5,4639,incomparable
5,4640,incomparable
5,4641,incomparable
5,4642,weaker
5,4643,incomparable
5,4644,incomparable
5,4645,weaker
5,4646,incomparable
5,4647,incomparable
5,4648,incomparable
5,4649,weaker
5,4650,incomparable
5,4651,incomparable
5,4652,incomparable
5,4653,incomparable
5,4654,incomparable
5,4655,weaker
5,4656,incomparable
5,4657,incomparable
5,4658,incomparable
5,4659,incomparable
5,4660,incomparable
5,4661,incomparable
5,4662,incomparable
5,4663,weaker
5,4664,incomparable
5,4665,incomparable
5,4666,weaker
5,4667,incomparable
5,4668,incomparable
5,4669,weaker
5,4670,incomparable
5,4671,incomparable
5,4672,incomparable
5,4673,incomparable
5,4674,incomparable
5,4675,weaker
5,4676,incomparable
5,4677,weaker
5,4678,incomparable
5,4679,incomparable
5,4680,incomparable
5,4681,incomparable
5,4682,weaker
5,4683,incomparable
5,4684,incomparable
5,4685,incomparable
5,4686,incomparable
5,4687,incomparable
5,4688,incomparable
5,4689,weaker
5,4690,incomparable
5,4691,incomparable
5,4692,incomparable
5,4693,weaker
5,4694,incomparable
6,1,weaker
6,2,equivalent
6,3,weaker
6,4,weaker
6,5,weaker
6,6,equivalent
6,7,equivalent
6,8,weaker
6,9,weaker
6,10,weaker
6,11,weaker
6,12,weaker
6,13,weaker
6,14,weaker
6,15,equivalent
6,16,weaker
6,17,equivalent
6,18,equivalent
6,19,weaker
6,20,equivalent
6,21,equivalent
6,22,equivalent
6,23,weaker
6,24,weaker
6,25,weaker
6,26,weaker
6,27,weaker
6,28,weaker
6,29,weaker
6,30,equivalent
6,31,weaker
6,32,equivalent
6,33,equivalent
6,34,weaker
6,35,equivalent
6,36,equivalent
6,37,equivalent
6,38,weaker
6,39,weaker
6,40,weaker
6,41,weaker
6,42,weaker
6,43,weaker
6,44,weaker
6,45,weaker
6,46,weaker
6,47,weaker
6,48,weaker
6,49,weaker
6,50,weaker
6,51,weaker
6,52,weaker
6,53,weaker
6,54,weaker
6,55,weaker
6,56,weaker
6,57,weaker
6,58,weaker
6,59,weaker
6,60,weaker
6,61,weaker
6,62,weaker
6,63,weaker
6,64,equivalent
6,65,weaker
6,66,weaker
6,67,equivalent
6,68,weaker
6,69,equivalent
6,70,equivalent
6,71,equivalent
6,72,weaker
6,73,weaker
6,74,equivalent
6,75,weaker
6,76,equivalent
6,77,equivalent
6,78,weaker
6,79,equivalent
6,80,equivalent
6,81,equivalent
6,82,weaker
6,83,equivalent
6,84,equivalent
6,85,equivalent
6,86,weaker
6,87,equivalent
6,88,equivalent
6,89,equivalent
6,90,weaker
6,91,equivalent
6,92,equivalent
6,93,equivalent
6,94,weaker
6,95,equivalent
6,96,equivalent
6,97,equivalent
6,98,equivalent
6,99,weaker
6,100,weaker
6,101,weaker
6,102,weaker
6,103,weaker
6,104,weaker
6,105,weaker
6,106,weaker
6,107,weaker
6,108,weaker
6,109,weaker
6,110,weaker
6,111,weaker
6,112,weaker
6,113,weaker
6,114,weaker
6,115,weaker
6,116,equivalent
6,117,weaker
6,118,weaker
6,119,equivalent
6,120,weaker
6,121,equivalent
6,122,equivalent
6,123,equivalent
6,124,weaker
6,125,weaker
6,126,equivalent
6,127,weaker
6,128,equivalent
6,129,equivalent
6,130,weaker
6,131,equivalent
6,132,equivalent
6,133,equivalent
6,134,weaker
6,135,equivalent
6,136,equivalent
6,137,equivalent
6,138,weaker
6,139,equivalent
6,140,equivalent
6,141,equivalent
6,142,weaker
6,143,equivalent
6,144,equivalent
6,145,equivalent
6,146,weaker
6,147,equivalent
6,148,equivalent
6,149,equivalent
6,150,equivalent
6,151,weaker
6,152,weaker
6,153,weaker
6,154,weaker
6,155,weaker
6,156,weaker
6,157,weaker
6,158,weaker
6,159,weaker
6,160,weaker
6,161,weaker
6,162,weaker
6,163,weaker
6,164,weaker
6,165,weaker
6,166,weaker
6,167,weaker
6,168,weaker
6,169,weaker
6,170,weaker
6,171,equivalent
6,172,weaker
6,173,equivalent
6,174,equivalent
6,175,equivalent
6,176,weaker
6,177,weaker
6,178,equivalent
6,179,weaker
6,180,equivalent
6,181,equivalent
6,182,weaker
6,183,equivalent
6,184,equivalent
6,185,equivalent
6,186,weaker
6,187,equivalent
6,188,equivalent
6,189,equivalent
6,190,weaker
6,191,equivalent
6,192,equivalent
6,193,equivalent
6,194,weaker
6,195,equivalent
6,196,equivalent
6,197,equivalent
6,198,weaker
6,199,equivalent
6,200,equivalent
6,201,equivalent
6,202,equivalent
6,203,weaker
6,204,weaker
6,205,weaker
6,206,weaker
6,207,weaker
6,208,weaker
6,209,weaker
6,210,weaker
6,211,weaker
6,212,weaker
6,213,weaker
6,214,weaker
6,215,weaker
6,216,weaker
6,217,weaker
6,218,weaker
6,219,weaker
6,220,equivalent
6,221,weaker
6,222,weaker
6,223,equivalent
6,224,weaker
6,225,equivalent
6,226,equivalent
6,227,equivalent
6,228,weaker
6,229,weaker
6,230,equivalent
6,231,weaker
6,232,equivalent
6,233,equivalent
6,234,weaker
6,235,equivalent
6,236,equivalent
6,237,equivalent
6,238,weaker
6,239,equivalent
6,240,equivalent
6,241,equivalent
6,242,weaker
6,243,equivalent
6,244,equivalent
6,245,equivalent
6,246,weaker
6,247,equivalent
6,248,equivalent
6,249,equivalent
6,250,weaker
6,251,equivalent
6,252,equivalent
6,253,equivalent
6,254,equivalent
6,255,weaker
6,256,weaker
6,257,weaker
6,258,weaker
6,259,weaker
6,260,weaker
6,261,weaker
6,262,weaker
6,263,weaker
6,264,weaker
6,265,weaker
6,266,weaker
6,267,weaker
6,268,weaker
6,269,weaker
6,270,weaker
6,271,weaker
6,272,equivalent
6,273,weaker
6,274,weaker
6,275,equivalent
6,276,weaker
6,277,equivalent
6,278,equivalent
6,279,equivalent
6,280,weaker
6,281,weaker
6,282,equivalent
6,283,weaker
6,284,equivalent
6,285,equivalent
6,286,weaker
6,287,equivalent
6,288,equivalent
6,289,equivalent
6,290,weaker
6,291,equivalent
6,292,equivalent
6,293,equivalent
6,294,weaker
6,295,equivalent
6,296,equivalent
6,297,equivalent
6,298,weaker
6,299,equivalent
6,300,equivalent
6,301,equivalent
6,302,weaker
6,303,equivalent
6,304,equivalent
6,305,equivalent
6,306,equivalent
6,307,weaker
6,308,weaker
6,309,weaker
6,310,weaker
6,311,weaker
6,312,weaker
6,313,weaker
6,314,weaker
6,315,weaker
6,316,weaker
6,317,weaker
6,318,weaker
6,319,weaker
6,320,weaker
6,321,weaker
6,322,weaker
6,323,weaker
6,324,weaker
6,325,weaker
6,326,weaker
6,327,weaker
6,328,weaker
6,329,weaker
6,330,weaker
6,331,weaker
6,332,weaker
6,333,weaker
6,334,weaker
6,335,weaker
6,336,weaker
6,337,weaker
6,338,weaker
6,339,weaker
6,340,weaker
6,341,weaker
6,342,weaker
6,343,weaker
6,344,weaker
6,345,weaker
6,346,weaker
6,347,weaker
6,348,weaker
6,349,weaker
6,350,weaker
6,351,weaker
6,352,weaker
6,353,weaker
6,354,weaker
6,355,weaker
6,356,weaker
6,357,weaker
6,358,weaker
6,359,weaker
6,360,weaker
6,361,weaker
6,362,weaker
6,363,weaker
6,364,weaker
6,365,weaker
6,366,weaker
6,367,weaker
6,368,weaker
6,369,weaker
6,370,weaker
6,371,weaker
6,372,weaker
6,373,weaker
6,374,weaker
6,375,weaker
6,376,weaker
6,377,weaker
6,378,weaker
6,379,weaker
6,380,weaker
6,381,weaker
6,382,weaker
6,383,weaker
6,384,weaker
6,385,weaker
6,386,weaker
6,387,weaker
6,388,weaker
6,389,weaker
6,390,weaker
6,391,weaker
6,392,weaker
6,393,weaker
6,394,weaker
6,395,weaker
6,396,weaker
6,397,weaker
6,398,weaker
6,399,weaker
6,400,weaker
6,401,weaker
6,402,weaker
6,403,weaker
6,404,weaker
6,405,weaker
6,406,weaker
6,407,weaker
6,408,weaker
6,409,weaker
6,410,weaker
6,411,weaker
6,412,weaker
6,413,weaker
6,414,weaker
6,415,weaker
6,416,weaker
6,417,weaker
6,418,weaker
6,419,weaker
6,420,weaker
6,421,weaker
6,422,weaker
6,423,weaker
6,424,weaker
6,425,weaker
6,426,weaker
6,427,weaker
6,428,weaker
6,429,weaker
6,430,weaker
6,431,weaker
6,432,weaker
6,433,weaker
6,434,weaker
6,435,weaker
6,436,weaker
6,437,weaker
6,438,weaker
6,439,weaker
6,440,weaker
6,441,weaker
6,442,weaker
6,443,weaker
6,444,weaker
6,445,weaker
6,446,weaker
6,447,weaker
6,448,weaker
6,449,weaker
6,450,weaker
6,451,weaker
6,452,weaker
6,453,weaker
6,454,weaker
6,455,weaker
6,456,weaker
6,457,weaker
6,458,weaker
6,459,weaker
6,460,weaker
6,461,weaker
6,462,weaker
6,463,weaker
6,464,weaker
6,465,equivalent
6,466,weaker
6,467,weaker
6,468,equivalent
6,469,weaker
6,470,equivalent
6,471,equivalent
6,472,equivalent
6,473,weaker
6,474,weaker
6,475,equivalent
6,476,weaker
6,477,weaker
6,478,equivalent
6,479,weaker
6,480,equivalent
6,481,weaker
6,482,equivalent
6,483,weaker
6,484,equivalent
6,485,equivalent
6,486,equivalent
6,487,weaker
6,488,equivalent
6,489,weaker
6,490,equivalent
6,491,weaker
6,492,weaker
6,493,equivalent
6,494,equivalent
6,495,weaker
6,496,equivalent
6,497,equivalent
6,498,equivalent
6,499,equivalent
6,500,weaker
6,501,weaker
6,502,equivalent
6,503,weaker
6,504,weaker
6,505,equivalent
6,506,weaker
6,507,equivalent
6,508,weaker
6,509,equivalent
6,510,weaker
6,511,weaker
6,512,equivalent
6,513,weaker
6,514,equivalent
6,515,equivalent
6,516,weaker
6,517,equivalent
6,518,equivalent
6,519,equivalent
6,520,weaker
6,521,equivalent
6,522,weaker
6,523,equivalent
6,524,weaker
6,525,equivalent
6,526,equivalent
6,527,equivalent
6,528,weaker
6,529,equivalent
6,530,equivalent
6,531,equivalent
6,532,weaker
6,533,equivalent
6,534,equivalent
6,535,equivalent
6,536,equivalent
6,537,weaker
6,538,equivalent
6,539,equivalent
6,540,equivalent
6,541,weaker
6,542,equivalent
6,543,weaker
6,544,equivalent
6,545,weaker
6,546,weaker
6,547,equivalent
6,548,equivalent
6,549,weaker
6,550,equivalent
6,551,equivalent
6,552,equivalent
6,553,equivalent
6,554,weaker
6,555,equivalent
6,556,weaker
6,557,equivalent
6,558,weaker
6,559,equivalent
6,560,equivalent
6,561,equivalent
6,562,weaker
6,563,equivalent
6,564,equivalent
6,565,equivalent
6,566,weaker
6,567,equivalent
6,568,equivalent
6,569,equivalent
6,570,equivalent
6,571,weaker
6,572,weaker
6,573,equivalent
6,574,equivalent
6,575,weaker
6,576,equivalent
6,577,equivalent
6,578,equivalent
6,579,weaker
6,580,equivalent
6,581,equivalent
6,582,equivalent
6,583,weaker
6,584,equivalent
6,585,equivalent
6,586,equivalent
6,587,equivalent
6,588,weaker
6,589,equivalent
6,590,equivalent
6,591,equivalent
6,592,equivalent
6,593,weaker
6,594,equivalent
6,595,equivalent
6,596,equivalent
6,597,equivalent
6,598,weaker
6,599,equivalent
6,600,equivalent
6,601,equivalent
6,602,equivalent
6,603,weaker
6,604,equivalent
6,605,equivalent
6,606,equivalent
6,607,equivalent
6,608,weaker
6,609,equivalent
6,610,equivalent
6,611,equivalent
6,612,equivalent
6,613,equivalent
6,614,weaker
6,615,weaker
6,616,weaker
6,617,weaker
6,618,weaker
6,619,weaker
6,620,weaker
6,621,weaker
6,622,weaker
6,623,weaker
6,624,weaker
6,625,weaker
6,626,weaker
6,627,weaker
6,628,weaker
6,629,weaker
6,630,weaker
6,631,weaker
6,632,weaker
6,633,weaker
6,634,weaker
6,635,weaker
6,636,weaker
6,637,weaker
6,638,weaker
6,639,weaker
6,640,weaker
6,641,weaker
6,642,weaker
6,643,weaker
6,644,weaker
6,645,weaker
6,646,weaker
6,647,weaker
6,648,weaker
6,649,weaker
6,650,weaker
6,651,weaker
6,652,weaker
6,653,weaker
6,654,weaker
6,655,weaker
6,656,weaker
6,657,weaker
6,658,weaker
6,659,weaker
6,660,weaker
6,661,weaker
6,662,weaker
6,663,weaker
6,664,weaker
6,665,weaker
6,666,weaker
6,667,weaker
6,668,equivalent
6,669,weaker
6,670,weaker
6,671,equivalent
6,672,weaker
6,673,equivalent
6,674,equivalent
6,675,equivalent
6,676,weaker
6,677,weaker
6,678,equivalent
6,679,weaker
6,680,weaker
6,681,equivalent
6,682,weaker
6,683,equivalent
6,684,weaker
6,685,equivalent
6,686,weaker
6,687,equivalent
6,688,equivalent
6,689,equivalent
6,690,weaker
6,691,equivalent
6,692,weaker
6,693,equivalent
6,694,weaker
6,695,weaker
6,696,equivalent
6,697,equivalent
6,698,weaker
6,699,equivalent
6,700,equivalent
6,701,equivalent
6,702,equivalent
6,703,weaker
6,704,weaker
6,705,equivalent
6,706,weaker
6,707,weaker
6,708,equivalent
6,709,weaker
6,710,equivalent
6,711,weaker
6,712,equivalent
6,713,weaker
6,714,weaker
6,715,equivalent
6,716,weaker
6,717,equivalent
6,718,equivalent
6,719,weaker
6,720,equivalent
6,721,equivalent
6,722,equivalent
6,723,weaker
6,724,equivalent
6,725,weaker
6,726,equivalent
6,727,weaker
6,728,equivalent
6,729,equivalent
6,730,equivalent
6,731,weaker
6,732,equivalent
6,733,equivalent
6,734,equivalent
6,735,weaker
6,736,equivalent
6,737,equivalent
6,738,equivalent
6,739,equivalent
6,740,weaker
6,741,equivalent
6,742,equivalent
6,743,equivalent
6,744,weaker
6,745,equivalent
6,746,weaker
6,747,equivalent
6,748,weaker
6,749,weaker
6,750,equivalent
6,751,equivalent
6,752,weaker
6,753,equivalent
6,754,equivalent
6,755,equivalent
6,756,equivalent
6,757,weaker
6,758,equivalent
6,759,weaker
6,760,equivalent
6,761,weaker
6,762,equivalent
6,763,equivalent
6,764,equivalent
6,765,weaker
6,766,equivalent
6,767,equivalent
6,768,equivalent
6,769,weaker
6,770,equivalent
6,771,equivalent
6,772,equivalent
6,773,equivalent
6,774,weaker
6,775,weaker
6,776,equivalent
6,777,equivalent
6,778,weaker
6,779,equivalent
6,780,equivalent
6,781,equivalent
6,782,weaker
6,783,equivalent
6,784,equivalent
6,785,equivalent
6,786,weaker
6,787,equivalent
6,788,equivalent
6,789,equivalent
6,790,equivalent
6,791,weaker
6,792,equivalent
6,793,equivalent
6,794,equivalent
6,795,equivalent
6,796,weaker
6,797,equivalent
6,798,equivalent
6,799,equivalent
6,800,equivalent
6,801,weaker
6,802,equivalent
6,803,equivalent
6,804,equivalent
6,805,equivalent
6,806,weaker
6,807,equivalent
6,808,equivalent
6,809,equivalent
6,810,equivalent
6,811,weaker
6,812,equivalent
6,813,equivalent
6,814,equivalent
6,815,equivalent
6,816,equivalent
6,817,weaker
6,818,weaker
6,819,weaker
6,820,weaker
6,821,weaker
6,822,weaker
6,823,weaker
6,824,weaker
6,825,weaker
6,826,weaker
6,827,weaker
6,828,weaker
6,829,weaker
6,830,weaker
6,831,weaker
6,832,weaker
6,833,weaker
6,834,weaker
6,835,weaker
6,836,weaker
6,837,weaker
6,838,weaker
6,839,weaker
6,840,weaker
6,841,weaker
6,842,weaker
6,843,weaker
6,844,weaker
6,845,weaker
6,846,weaker
6,847,weaker
6,848,weaker
6,849,weaker
6,850,weaker
6,851,weaker
6,852,weaker
6,853,weaker
6,854,weaker
6,855,weaker
6,856,weaker
6,857,weaker
6,858,weaker
6,859,weaker
6,860,weaker
6,861,weaker
6,862,weaker
6,863,weaker
6,864,weaker
6,865,weaker
6,866,weaker
6,867,weaker
6,868,weaker
6,869,weaker
6,870,weaker
6,871,equivalent
6,872,weaker
6,873,weaker
6,874,equivalent
6,875,weaker
6,876,equivalent
6,877,equivalent
6,878,equivalent
6,879,weaker
6,880,weaker
6,881,equivalent
6,882,weaker
6,883,weaker
6,884,equivalent
6,885,weaker
6,886,equivalent
6,887,weaker
6,888,equivalent
6,889,weaker
6,890,equivalent
6,891,equivalent
6,892,equivalent
6,893,weaker
6,894,equivalent
6,895,weaker
6,896,equivalent
6,897,weaker
6,898,weaker
6,899,equivalent
6,900,equivalent
6,901,weaker
6,902,equivalent
6,903,equivalent
6,904,equivalent
6,905,equivalent
6,906,weaker
6,907,weaker
6,908,equivalent
6,909,weaker
6,910,weaker
6,911,equivalent
6,912,weaker
6,913,equivalent
6,914,weaker
6,915,equivalent
6,916,weaker
6,917,weaker
6,918,equivalent
6,919,weaker
6,920,equivalent
6,921,equivalent
6,922,weaker
6,923,equivalent
6,924,equivalent
6,925,equivalent
6,926,weaker
6,927,equivalent
6,928,weaker
6,929,equivalent
6,930,weaker
6,931,equivalent
6,932,equivalent
6,933,equivalent
6,934,weaker
6,935,equivalent
6,936,equivalent
6,937,equivalent
6,938,weaker
6,939,equivalent
6,940,equivalent
6,941,equivalent
6,942,equivalent
6,943,weaker
6,944,equivalent
6,945,equivalent
6,946,equivalent
6,947,weaker
6,948,equivalent
6,949,weaker
6,950,equivalent
6,951,weaker
6,952,weaker
6,953,equivalent
6,954,equivalent
6,955,weaker
6,956,equivalent
6,957,equivalent
6,958,equivalent
6,959,equivalent
6,960,weaker
6,961,equivalent
6,962,weaker
6,963,equivalent
6,964,weaker
6,965,equivalent
6,966,equivalent
6,967,equivalent
6,968,weaker
6,969,equivalent
6,970,equivalent
6,971,equivalent
6,972,weaker
6,973,equivalent
6,974,equivalent
6,975,equivalent
6,976,equivalent
6,977,weaker
6,978,weaker
6,979,equivalent
6,980,equivalent
6,981,weaker
6,982,equivalent
6,983,equivalent
6,984,equivalent
6,985,weaker
6,986,equivalent
6,987,equivalent
6,988,equivalent
6,989,weaker
6,990,equivalent
6,991,equivalent
6,992,equivalent
6,993,equivalent
6,994,weaker
6,995,equivalent
6,996,equivalent
6,997,equivalent
6,998,equivalent
6,999,weaker
6,1000,equivalent
6,1001,equivalent
6,1002,equivalent
6,1003,equivalent
6,1004,weaker
6,1005,equivalent
6,1006,equivalent
6,1007,equivalent
6,1008,equivalent
6,1009,weaker
6,1010,equivalent
6,1011,equivalent
6,1012,equivalent
6,1013,equivalent
6,1014,weaker
6,1015,equivalent
6,1016,equivalent
6,1017,equivalent
6,1018,equivalent
6,1019,equivalent
6,1020,weaker
6,1021,weaker
6,1022,weaker
6,1023,weaker
6,1024,weaker
6,1025,weaker
6,1026,weaker
6,1027,weaker
6,1028,weaker
6,1029,weaker
6,1030,weaker
6,1031,weaker
6,1032,weaker
6,1033,weaker
6,1034,weaker
6,1035,weaker
6,1036,weaker
6,1037,weaker
6,1038,weaker
6,1039,weaker
6,1040,weaker
6,1041,weaker
6,1042,weaker
6,1043,weaker
6,1044,weaker
6,1045,weaker
6,1046,weaker
6,1047,weaker
6,1048,weaker
6,1049,weaker
6,1050,weaker
6,1051,weaker
6,1052,weaker
6,1053,weaker
6,1054,weaker
6,1055,weaker
6,1056,weaker
6,1057,weaker
6,1058,weaker
6,1059,weaker
6,1060,weaker
6,1061,weaker
6,1062,weaker
6,1063,weaker
6,1064,weaker
6,1065,weaker
6,1066,weaker
6,1067,weaker
6,1068,weaker
6,1069,weaker
6,1070,weaker
6,1071,weaker
6,1072,weaker
6,1073,weaker
6,1074,equivalent
6,1075,weaker
6,1076,weaker
6,1077,equivalent
6,1078,weaker
6,1079,equivalent
6,1080,equivalent
6,1081,equivalent
6,1082,weaker
6,1083,weaker
6,1084,equivalent
6,1085,weaker
6,1086,weaker
6,1087,equivalent
6,1088,weaker
6,1089,equivalent
6,1090,weaker
6,1091,equivalent
6,1092,weaker
6,1093,equivalent
6,1094,equivalent
6,1095,equivalent
6,1096,weaker
6,1097,equivalent
6,1098,weaker
6,1099,equivalent
6,1100,weaker
6,1101,weaker
6,1102,equivalent
6,1103,equivalent
6,1104,weaker
6,1105,equivalent
6,1106,equivalent
6,1107,equivalent
6,1108,equivalent
6,1109,weaker
6,1110,weaker
6,1111,equivalent
6,1112,weaker
6,1113,weaker
6,1114,equivalent
6,1115,weaker
6,1116,equivalent
6,1117,weaker
6,1118,equivalent
6,1119,weaker
6,1120,weaker
6,1121,equivalent
6,1122,weaker
6,1123,equivalent
6,1124,equivalent
6,1125,weaker
6,1126,equivalent
6,1127,equivalent
6,1128,equivalent
6,1129,weaker
6,1130,equivalent
6,1131,weaker
6,1132,equivalent
6,1133,weaker
6,1134,equivalent
6,1135,equivalent
6,1136,equivalent
6,1137,weaker
6,1138,equivalent
6,1139,equivalent
6,1140,equivalent
6,1141,weaker
6,1142,equivalent
6,1143,equivalent
6,1144,equivalent
6,1145,equivalent
6,1146,weaker
6,1147,equivalent
6,1148,equivalent
6,1149,equivalent
6,1150,weaker
6,1151,equivalent
6,1152,weaker
6,1153,equivalent
6,1154,weaker
6,1155,weaker
6,1156,equivalent
6,1157,equivalent
6,1158,weaker
6,1159,equivalent
6,1160,equivalent
6,1161,equivalent
6,1162,equivalent
6,1163,weaker
6,1164,equivalent
6,1165,weaker
6,1166,equivalent
6,1167,weaker
6,1168,equivalent
6,1169,equivalent
6,1170,equivalent
6,1171,weaker
6,1172,equivalent
6,1173,equivalent
6,1174,equivalent
6,1175,weaker
6,1176,equivalent
6,1177,equivalent
6,1178,equivalent
6,1179,equivalent
6,1180,weaker
6,1181,weaker
6,1182,equivalent
6,1183,equivalent
6,1184,weaker
6,1185,equivalent
6,1186,equivalent
6,1187,equivalent
6,1188,weaker
6,1189,equivalent
6,1190,equivalent
6,1191,equivalent
6,1192,weaker
6,1193,equivalent
6,1194,equivalent
6,1195,equivalent
6,1196,equivalent
6,1197,weaker
6,1198,equivalent
6,1199,equivalent
6,1200,equivalent
6,1201,equivalent
6,1202,weaker
6,1203,equivalent
6,1204,equivalent
6,1205,equivalent
6,1206,equivalent
6,1207,weaker
6,1208,equivalent
6,1209,equivalent
6,1210,equivalent
6,1211,equivalent
6,1212,weaker
6,1213,equivalent
6,1214,equivalent
6,1215,equivalent
6,1216,equivalent
6,1217,weaker
6,1218,equivalent
6,1219,equivalent
6,1220,equivalent
6,1221,equivalent
6,1222,equivalent
6,1223,weaker
6,1224,weaker
6,1225,weaker
6,1226,weaker
6,1227,weaker
6,1228,weaker
6,1229,weaker
6,1230,weaker
6,1231,weaker
6,1232,weaker
6,1233,weaker
6,1234,weaker
6,1235,weaker
6,1236,weaker
6,1237,weaker
6,1238,weaker
6,1239,weaker
6,1240,weaker
6,1241,weaker
6,1242,weaker
6,1243,weaker
6,1244,weaker
6,1245,weaker
6,1246,weaker
6,1247,weaker
6,1248,weaker
6,1249,weaker
6,1250,weaker
6,1251,weaker
6,1252,weaker
6,1253,weaker
6,1254,weaker
6,1255,weaker
6,1256,weaker
6,1257,weaker
6,1258,weaker
6,1259,weaker
6,1260,weaker
6,1261,weaker
6,1262,weaker
6,1263,weaker
6,1264,weaker
6,1265,weaker
6,1266,weaker
6,1267,weaker
6,1268,weaker
6,1269,weaker
6,1270,weaker
6,1271,weaker
6,1272,weaker
6,1273,weaker
6,1274,weaker
6,1275,weaker
6,1276,weaker
6,1277,equivalent
6,1278,weaker
6,1279,weaker
6,1280,equivalent
6,1281,weaker
6,1282,equivalent
6,1283,equivalent
6,1284,equivalent
6,1285,weaker
6,1286,weaker
6,1287,equivalent
6,1288,weaker
6,1289,weaker
6,1290,equivalent
6,1291,weaker
6,1292,equivalent
6,1293,weaker
6,1294,equivalent
6,1295,weaker
6,1296,equivalent
6,1297,equivalent
6,1298,equivalent
6,1299,weaker
6,1300,equivalent
6,1301,weaker
6,1302,equivalent
6,1303,weaker
6,1304,weaker
6,1305,equivalent
6,1306,equivalent
6,1307,weaker
6,1308,equivalent
6,1309,equivalent
6,1310,equivalent
6,1311,equivalent
6,1312,weaker
6,1313,weaker
6,1314,equivalent
6,1315,weaker
6,1316,weaker
6,1317,equivalent
6,1318,weaker
6,1319,equivalent
6,1320,weaker
6,1321,equivalent
6,1322,weaker
6,1323,weaker
6,1324,equivalent
6,1325,weaker
6,1326,equivalent
6,1327,equivalent
6,1328,weaker
6,1329,equivalent
6,1330,equivalent
6,1331,equivalent
6,1332,weaker
6,1333,equivalent
6,1334,weaker
6,1335,equivalent
6,1336,weaker
6,1337,equivalent
6,1338,equivalent
6,1339,equivalent
6,1340,weaker
6,1341,equivalent
6,1342,equivalent
6,1343,equivalent
6,1344,weaker
6,1345,equivalent
6,1346,equivalent
6,1347,equivalent
6,1348,equivalent
6,1349,weaker
6,1350,equivalent
6,1351,equivalent
6,1352,equivalent
6,1353,weaker
6,1354,equivalent
6,1355,weaker
6,1356,equivalent
6,1357,weaker
6,1358,weaker
6,1359,equivalent
6,1360,equivalent
6,1361,weaker
6,1362,equivalent
6,1363,equivalent
6,1364,equivalent
6,1365,equivalent
6,1366,weaker
6,1367,equivalent
6,1368,weaker
6,1369,equivalent
6,1370,weaker
6,1371,equivalent
6,1372,equivalent
6,1373,equivalent
6,1374,weaker
6,1375,equivalent
6,1376,equivalent
6,1377,equivalent
6,1378,weaker
6,1379,equivalent
6,1380,equivalent
6,1381,equivalent
6,1382,equivalent
6,1383,weaker
6,1384,weaker
6,1385,equivalent
6,1386,equivalent
6,1387,weaker
6,1388,equivalent
6,1389,equivalent
6,1390,equivalent
6,1391,weaker
6,1392,equivalent
6,1393,equivalent
6,1394,equivalent
6,1395,weaker
6,1396,equivalent
6,1397,equivalent
6,1398,equivalent
6,1399,equivalent
6,1400,weaker
6,1401,equivalent
6,1402,equivalent
6,1403,equivalent
6,1404,equivalent
6,1405,weaker
6,1406,equivalent
6,1407,equivalent
6,1408,equivalent
6,1409,equivalent
6,1410,weaker
6,1411,equivalent
6,1412,equivalent
6,1413,equivalent
6,1414,equivalent
6,1415,weaker
6,1416,equivalent
6,1417,equivalent
6,1418,equivalent
6,1419,equivalent
6,1420,weaker
6,1421,equivalent
6,1422,equivalent
6,1423,equivalent
6,1424,equivalent
6,1425,equivalent
6,1426,weaker
6,1427,weaker
6,1428,weaker
6,1429,weaker
6,1430,weaker
6,1431,weaker
6,1432,weaker
6,1433,weaker
6,1434,weaker
6,1435,weaker
6,1436,weaker
6,1437,weaker
6,1438,weaker
6,1439,weaker
6,1440,weaker
6,1441,weaker
6,1442,weaker
6,1443,weaker
6,1444,weaker
6,1445,weaker
6,1446,weaker
6,1447,weaker
6,1448,weaker
6,1449,weaker
6,1450,weaker
6,1451,weaker
6,1452,weaker
6,1453,weaker
6,1454,weaker
6,1455,weaker
6,1456,weaker
6,1457,weaker
6,1458,weaker
6,1459,weaker
6,1460,weaker
6,1461,weaker
6,1462,weaker
6,1463,weaker
6,1464,weaker
6,1465,weaker
6,1466,weaker
6,1467,weaker
6,1468,weaker
6,1469,weaker
6,1470,weaker
6,1471,weaker
6,1472,weaker
6,1473,weaker
6,1474,weaker
6,1475,weaker
6,1476,weaker
6,1477,weaker
6,1478,weaker
6,1479,weaker
6,1480,weaker
6,1481,weaker
6,1482,weaker
6,1483,weaker
6,1484,weaker
6,1485,weaker
6,1486,weaker
6,1487,weaker
6,1488,weaker
6,1489,weaker
6,1490,equivalent
6,1491,weaker
6,1492,weaker
6,1493,equivalent
6,1494,weaker
6,1495,equivalent
6,1496,weaker
6,1497,equivalent
6,1498,weaker
6,1499,equivalent
6,1500,equivalent
6,1501,equivalent
6,1502,weaker
6,1503,equivalent
6,1504,weaker
6,1505,equivalent
6,1506,weaker
6,1507,weaker
6,1508,equivalent
6,1509,equivalent
6,1510,weaker
6,1511,equivalent
6,1512,equivalent
6,1513,equivalent
6,1514,equivalent
6,1515,weaker
6,1516,weaker
6,1517,equivalent
6,1518,weaker
6,1519,weaker
6,1520,equivalent
6,1521,weaker
6,1522,equivalent
6,1523,weaker
6,1524,equivalent
6,1525,weaker
6,1526,weaker
6,1527,equivalent
6,1528,weaker
6,1529,equivalent
6,1530,equivalent
6,1531,weaker
6,1532,equivalent
6,1533,equivalent
6,1534,equivalent
6,1535,weaker
6,1536,equivalent
6,1537,weaker
6,1538,equivalent
6,1539,weaker
6,1540,equivalent
6,1541,equivalent
6,1542,equivalent
6,1543,weaker
6,1544,equivalent
6,1545,equivalent
6,1546,equivalent
6,1547,weaker
6,1548,equivalent
6,1549,equivalent
6,1550,equivalent
6,1551,equivalent
6,1552,weaker
6,1553,equivalent
6,1554,equivalent
6,1555,equivalent
6,1556,weaker
6,1557,equivalent
6,1558,weaker
6,1559,equivalent
6,1560,weaker
6,1561,weaker
6,1562,equivalent
6,1563,equivalent
6,1564,weaker
6,1565,equivalent
6,1566,equivalent
6,1567,equivalent
6,1568,equivalent
6,1569,weaker
6,1570,equivalent
6,1571,weaker
6,1572,equivalent
6,1573,weaker
6,1574,equivalent
6,1575,equivalent
6,1576,equivalent
6,1577,weaker
6,1578,equivalent
6,1579,equivalent
6,1580,equivalent
6,1581,weaker
6,1582,equivalent
6,1583,equivalent
6,1584,equivalent
6,1585,equivalent
6,1586,weaker
6,1587,weaker
6,1588,equivalent
6,1589,equivalent
6,1590,weaker
6,1591,equivalent
6,1592,equivalent
6,1593,equivalent
6,1594,weaker
6,1595,equivalent
6,1596,equivalent
6,1597,equivalent
6,1598,weaker
6,1599,equivalent
6,1600,equivalent
6,1601,equivalent
6,1602,equivalent
6,1603,weaker
6,1604,equivalent
6,1605,equivalent
6,1606,equivalent
6,1607,equivalent
6,1608,weaker
6,1609,equivalent
6,1610,equivalent
6,1611,equivalent
6,1612,equivalent
6,1613,weaker
6,1614,equivalent
6,1615,equivalent
6,1616,equivalent
6,1617,equivalent
6,1618,weaker
6,1619,equivalent
6,1620,equivalent
6,1621,equivalent
6,1622,equivalent
6,1623,weaker
6,1624,equivalent
6,1625,equivalent
6,1626,equivalent
6,1627,equivalent
6,1628,equivalent
6,1629,weaker
6,1630,weaker
6,1631,weaker
6,1632,weaker
6,1633,weaker
6,1634,weaker
6,1635,weaker
6,1636,weaker
6,1637,weaker
6,1638,weaker
6,1639,weaker
6,1640,weaker
6,1641,weaker
6,1642,weaker
6,1643,weaker
6,1644,weaker
6,1645,weaker
6,1646,weaker
6,1647,weaker
6,1648,weaker
6,1649,weaker
6,1650,weaker
6,1651,weaker
6,1652,weaker
6,1653,weaker
6,1654,weaker
6,1655,weaker
6,1656,weaker
6,1657,weaker
6,1658,weaker
6,1659,weaker
6,1660,weaker
6,1661,weaker
6,1662,weaker
6,1663,weaker
6,1664,weaker
6,1665,weaker
6,1666,weaker
6,1667,weaker
6,1668,weaker
6,1669,weaker
6,1670,weaker
6,1671,weaker
6,1672,weaker
6,1673,weaker
6,1674,weaker
6,1675,weaker
6,1676,weaker
6,1677,weaker
6,1678,weaker
6,1679,weaker
6,1680,weaker
6,1681,weaker
6,1682,weaker
6,1683,equivalent
6,1684,weaker
6,1685,weaker
6,1686,equivalent
6,1687,weaker
6,1688,equivalent
6,1689,equivalent
6,1690,equivalent
6,1691,weaker
6,1692,weaker
6,1693,equivalent
6,1694,weaker
6,1695,weaker
6,1696,equivalent
6,1697,weaker
6,1698,equivalent
6,1699,weaker
6,1700,equivalent
6,1701,weaker
6,1702,equivalent
6,1703,equivalent
6,1704,equivalent
6,1705,weaker
6,1706,equivalent
6,1707,weaker
6,1708,equivalent
6,1709,weaker
6,1710,weaker
6,1711,equivalent
6,1712,equivalent
6,1713,weaker
6,1714,equivalent
6,1715,equivalent
6,1716,equivalent
6,1717,equivalent
6,1718,weaker
6,1719,weaker
6,1720,equivalent
6,1721,weaker
6,1722,weaker
6,1723,equivalent
6,1724,weaker
6,1725,equivalent
6,1726,weaker
6,1727,equivalent
6,1728,weaker
6,1729,weaker
6,1730,equivalent
6,1731,weaker
6,1732,equivalent
6,1733,equivalent
6,1734,weaker
6,1735,equivalent
6,1736,equivalent
6,1737,equivalent
6,1738,weaker
6,1739,equivalent
6,1740,weaker
6,1741,equivalent
6,1742,weaker
6,1743,equivalent
6,1744,equivalent
6,1745,equivalent
6,1746,weaker
6,1747,equivalent
6,1748,equivalent
6,1749,equivalent
6,1750,weaker
6,1751,equivalent
6,1752,equivalent
6,1753,equivalent
6,1754,equivalent
6,1755,weaker
6,1756,equivalent
6,1757,equivalent
6,1758,equivalent
6,1759,weaker
6,1760,equivalent
6,1761,weaker
6,1762,equivalent
6,1763,weaker
6,1764,weaker
6,1765,equivalent
6,1766,equivalent
6,1767,weaker
6,1768,equivalent
6,1769,equivalent
6,1770,equivalent
6,1771,equivalent
6,1772,weaker
6,1773,equivalent
6,1774,weaker
6,1775,equivalent
6,1776,weaker
6,1777,equivalent
6,1778,equivalent
6,1779,equivalent
6,1780,weaker
6,1781,equivalent
6,1782,equivalent
6,1783,equivalent
6,1784,weaker
6,1785,equivalent
6,1786,equivalent
6,1787,equivalent
6,1788,equivalent
6,1789,weaker
6,1790,weaker
6,1791,equivalent
6,1792,equivalent
6,1793,weaker
6,1794,equivalent
6,1795,equivalent
6,1796,equivalent
6,1797,weaker
6,1798,equivalent
6,1799,equivalent
6,1800,equivalent
6,1801,weaker
6,1802,equivalent
6,1803,equivalent
6,1804,equivalent
6,1805,equivalent
6,1806,weaker
6,1807,equivalent
6,1808,equivalent
6,1809,equivalent
6,1810,equivalent
6,1811,weaker
6,1812,equivalent
6,1813,equivalent
6,1814,equivalent
6,1815,equivalent
6,1816,weaker
6,1817,equivalent
6,1818,equivalent
6,1819,equivalent
6,1820,equivalent
6,1821,weaker
6,1822,equivalent
6,1823,equivalent
6,1824,equivalent
6,1825,equivalent
6,1826,weaker
6,1827,equivalent
6,1828,equivalent
6,1829,equivalent
6,1830,equivalent
6,1831,equivalent
6,1832,weaker
6,1833,weaker
6,1834,weaker
6,1835,weaker
6,1836,weaker
6,1837,weaker
6,1838,weaker
6,1839,weaker
6,1840,weaker
6,1841,weaker
6,1842,weaker
6,1843,weaker
6,1844,weaker
6,1845,weaker
6,1846,weaker
6,1847,weaker
6,1848,weaker
6,1849,weaker
6,1850,weaker
6,1851,weaker
6,1852,weaker
6,1853,weaker
6,1854,weaker
6,1855,weaker
6,1856,weaker
6,1857,weaker
6,1858,weaker
6,1859,weaker
6,1860,weaker
6,1861,weaker
6,1862,weaker
6,1863,weaker
6,1864,weaker
6,1865,weaker
6,1866,weaker
6,1867,weaker
6,1868,weaker
6,1869,weaker
6,1870,weaker
6,1871,weaker
6,1872,weaker
6,1873,weaker
6,1874,weaker
6,1875,weaker
6,1876,weaker
6,1877,weaker
6,1878,weaker
6,1879,weaker
6,1880,weaker
6,1881,weaker
6,1882,weaker
6,1883,weaker
6,1884,weaker
6,1885,weaker
6,1886,equivalent
6,1887,weaker
6,1888,weaker
6,1889,equivalent
6,1890,weaker
6,1891,equivalent
6,1892,equivalent
6,1893,equivalent
6,1894,weaker
6,1895,weaker
6,1896,equivalent
6,1897,weaker
6,1898,weaker
6,1899,equivalent
6,1900,weaker
6,1901,equivalent
6,1902,weaker
6,1903,equivalent
6,1904,weaker
6,1905,equivalent
6,1906,equivalent
6,1907,equivalent
6,1908,weaker
6,1909,equivalent
6,1910,weaker
6,1911,equivalent
6,1912,weaker
6,1913,weaker
6,1914,equivalent
6,1915,equivalent
6,1916,weaker
6,1917,equivalent
6,1918,equivalent
6,1919,equivalent
6,1920,equivalent
6,1921,weaker
6,1922,weaker
6,1923,equivalent
6,1924,weaker
6,1925,weaker
6,1926,equivalent
6,1927,weaker
6,1928,equivalent
6,1929,weaker
6,1930,equivalent
6,1931,weaker
6,1932,weaker
6,1933,equivalent
6,1934,weaker
6,1935,equivalent
6,1936,equivalent
6,1937,weaker
6,1938,equivalent
6,1939,equivalent
6,1940,equivalent
6,1941,weaker
6,1942,equivalent
6,1943,weaker
6,1944,equivalent
6,1945,weaker
6,1946,equivalent
6,1947,equivalent
6,1948,equivalent
6,1949,weaker
6,1950,equivalent
6,1951,equivalent
6,1952,equivalent
6,1953,weaker
6,1954,equivalent
6,1955,equivalent
6,1956,equivalent
6,1957,equivalent
6,1958,weaker
6,1959,equivalent
6,1960,equivalent
6,1961,equivalent
6,1962,weaker
6,1963,equivalent
6,1964,weaker
6,1965,equivalent
6,1966,weaker
6,1967,weaker
6,1968,equivalent
6,1969,equivalent
6,1970,weaker
6,1971,equivalent
6,1972,equivalent
6,1973,equivalent
6,1974,equivalent
6,1975,weaker
6,1976,equivalent
6,1977,weaker
6,1978,equivalent
6,1979,weaker
6,1980,equivalent
6,1981,equivalent
6,1982,equivalent
6,1983,weaker
6,1984,equivalent
6,1985,equivalent
6,1986,equivalent
6,1987,weaker
6,1988,equivalent
6,1989,equivalent
6,1990,equivalent
6,1991,equivalent
6,1992,weaker
6,1993,weaker
6,1994,equivalent
6,1995,equivalent
6,1996,weaker
6,1997,equivalent
6,1998,equivalent
6,1999,equivalent
6,2000,weaker
6,2001,equivalent
6,2002,equivalent
6,2003,equivalent
6,2004,weaker
6,2005,equivalent
6,2006,equivalent
6,2007,equivalent
6,2008,equivalent
6,2009,weaker
6,2010,equivalent
6,2011,equivalent
6,2012,equivalent
6,2013,equivalent
6,2014,weaker
6,2015,equivalent
6,2016,equivalent
6,2017,equivalent
6,2018,equivalent
6,2019,weaker
6,2020,equivalent
6,2021,equivalent
6,2022,equivalent
6,2023,equivalent
6,2024,weaker
6,2025,equivalent
6,2026,equivalent
6,2027,equivalent
6,2028,equivalent
6,2029,weaker
6,2030,equivalent
6,2031,equivalent
6,2032,equivalent
6,2033,equivalent
6,2034,equivalent
6,2035,weaker
6,2036,weaker
6,2037,weaker
6,2038,weaker
6,2039,weaker
6,2040,weaker
6,2041,weaker
6,2042,weaker
6,2043,weaker
6,2044,weaker
6,2045,weaker
6,2046,weaker
6,2047,weaker
6,2048,weaker
6,2049,weaker
6,2050,weaker
6,2051,weaker
6,2052,weaker
6,2053,weaker
6,2054,weaker
6,2055,weaker
6,2056,weaker
6,2057,weaker
6,2058,weaker
6,2059,weaker
6,2060,weaker
6,2061,weaker
6,2062,weaker
6,2063,weaker
6,2064,weaker
6,2065,weaker
6,2066,weaker
6,2067,weaker
6,2068,weaker
6,2069,weaker
6,2070,weaker
6,2071,weaker
6,2072,weaker
6,2073,weaker
6,2074,weaker
6,2075,weaker
6,2076,weaker
6,2077,weaker
6,2078,weaker
6,2079,weaker
6,2080,weaker
6,2081,weaker
6,2082,weaker
6,2083,weaker
6,2084,weaker
6,2085,weaker
6,2086,weaker
6,2087,weaker
6,2088,weaker
6,2089,weaker
6,2090,weaker
6,2091,weaker
6,2092,equivalent
6,2093,weaker
6,2094,equivalent
6,2095,equivalent
6,2096,equivalent
6,2097,weaker
6,2098,weaker
6,2099,equivalent
6,2100,weaker
6,2101,weaker
6,2102,equivalent
6,2103,weaker
6,2104,equivalent
6,2105,weaker
6,2106,equivalent
6,2107,weaker
6,2108,equivalent
6,2109,equivalent
6,2110,equivalent
6,2111,weaker
6,2112,equivalent
6,2113,weaker
6,2114,equivalent
6,2115,weaker
6,2116,weaker
6,2117,equivalent
6,2118,equivalent
6,2119,weaker
6,2120,equivalent
6,2121,equivalent
6,2122,equivalent
6,2123,equivalent
6,2124,weaker
6,2125,weaker
6,2126,weaker
6,2127,weaker
6,2128,weaker
6,2129,equivalent
6,2130,weaker
6,2131,equivalent
6,2132,weaker
6,2133,equivalent
6,2134,weaker
6,2135,weaker
6,2136,equivalent
6,2137,weaker
6,2138,equivalent
6,2139,equivalent
6,2140,weaker
6,2141,equivalent
6,2142,equivalent
6,2143,equivalent
6,2144,weaker
6,2145,equivalent
6,2146,weaker
6,2147,equivalent
6,2148,weaker
6,2149,equivalent
6,2150,equivalent
6,2151,equivalent
6,2152,weaker
6,2153,equivalent
6,2154,equivalent
6,2155,equivalent
6,2156,weaker
6,2157,equivalent
6,2158,equivalent
6,2159,equivalent
6,2160,equivalent
6,2161,weaker
6,2162,weaker
6,2163,weaker
6,2164,weaker
6,2165,weaker
6,2166,equivalent
6,2167,weaker
6,2168,equivalent
6,2169,weaker
6,2170,weaker
6,2171,equivalent
6,2172,equivalent
6,2173,weaker
6,2174,equivalent
6,2175,equivalent
6,2176,equivalent
6,2177,equivalent
6,2178,weaker
6,2179,equivalent
6,2180,weaker
6,2181,equivalent
6,2182,weaker
6,2183,equivalent
6,2184,equivalent
6,2185,equivalent
6,2186,weaker
6,2187,equivalent
6,2188,equivalent
6,2189,equivalent
6,2190,weaker
6,2191,equivalent
6,2192,equivalent
6,2193,equivalent
6,2194,equivalent
6,2195,weaker
6,2196,weaker
6,2197,equivalent
6,2198,equivalent
6,2199,weaker
6,2200,equivalent
6,2201,equivalent
6,2202,equivalent
6,2203,weaker
6,2204,equivalent
6,2205,equivalent
6,2206,equivalent
6,2207,weaker
6,2208,equivalent
6,2209,equivalent
6,2210,equivalent
6,2211,equivalent
6,2212,weaker
6,2213,equivalent
6,2214,equivalent
6,2215,equivalent
6,2216,equivalent
6,2217,weaker
6,2218,equivalent
6,2219,equivalent
6,2220,equivalent
6,2221,equivalent
6,2222,weaker
6,2223,equivalent
6,2224,equivalent
6,2225,equivalent
6,2226,equivalent
6,2227,weaker
6,2228,equivalent
6,2229,equivalent
6,2230,equivalent
6,2231,equivalent
6,2232,weaker
6,2233,equivalent
6,2234,equivalent
6,2235,equivalent
6,2236,equivalent
6,2237,equivalent
6,2238,weaker
6,2239,weaker
6,2240,weaker
6,2241,weaker
6,2242,weaker
6,2243,weaker
6,2244,weaker
6,2245,weaker
6,2246,weaker
6,2247,weaker
6,2248,weaker
6,2249,weaker
6,2250,weaker
6,2251,weaker
6,2252,weaker
6,2253,weaker
6,2254,weaker
6,2255,weaker
6,2256,weaker
6,2257,weaker
6,2258,weaker
6,2259,weaker
6,2260,weaker
6,2261,weaker
6,2262,weaker
6,2263,weaker
6,2264,weaker
6,2265,weaker
6,2266,weaker
6,2267,weaker
6,2268,weaker
6,2269,weaker
6,2270,weaker
6,2271,weaker
6,2272,weaker
6,2273,weaker
6,2274,weaker
6,2275,weaker
6,2276,weaker
6,2277,weaker
6,2278,weaker
6,2279,weaker
6,2280,weaker
6,2281,weaker
6,2282,weaker
6,2283,weaker
6,2284,weaker
6,2285,weaker
6,2286,weaker
6,2287,weaker
6,2288,weaker
6,2289,weaker
6,2290,weaker
6,2291,weaker
6,2292,equivalent
6,2293,weaker
6,2294,weaker
6,2295,equivalent
6,2296,weaker
6,2297,equivalent
6,2298,equivalent
6,2299,equivalent
6,2300,weaker
6,2301,weaker
6,2302,equivalent
6,2303,weaker
6,2304,weaker
6,2305,equivalent
6,2306,weaker
6,2307,equivalent
6,2308,weaker
6,2309,equivalent
6,2310,weaker
6,2311,equivalent
6,2312,equivalent
6,2313,equivalent
6,2314,weaker
6,2315,equivalent
6,2316,weaker
6,2317,equivalent
6,2318,weaker
6,2319,weaker
6,2320,equivalent
6,2321,equivalent
6,2322,weaker
6,2323,equivalent
6,2324,equivalent
6,2325,equivalent
6,2326,equivalent
6,2327,weaker
6,2328,weaker
6,2329,equivalent
6,2330,weaker
6,2331,weaker
6,2332,equivalent
6,2333,weaker
6,2334,equivalent
6,2335,weaker
6,2336,equivalent
6,2337,weaker
6,2338,weaker
6,2339,equivalent
6,2340,weaker
6,2341,equivalent
6,2342,equivalent
6,2343,weaker
6,2344,equivalent
6,2345,equivalent
6,2346,equivalent
6,2347,weaker
6,2348,equivalent
6,2349,weaker
6,2350,equivalent
6,2351,weaker
6,2352,equivalent
6,2353,equivalent
6,2354,equivalent
6,2355,weaker
6,2356,equivalent
6,2357,equivalent
6,2358,equivalent
6,2359,weaker
6,2360,equivalent
6,2361,equivalent
6,2362,equivalent
6,2363,equivalent
6,2364,weaker
6,2365,equivalent
6,2366,equivalent
6,2367,equivalent
6,2368,weaker
6,2369,equivalent
6,2370,weaker
6,2371,equivalent
6,2372,weaker
6,2373,weaker
6,2374,equivalent
6,2375,equivalent
6,2376,weaker
6,2377,equivalent
6,2378,equivalent
6,2379,equivalent
6,2380,equivalent
6,2381,weaker
6,2382,equivalent
6,2383,weaker
6,2384,equivalent
6,2385,weaker
6,2386,equivalent
6,2387,equivalent
6,2388,equivalent
6,2389,weaker
6,2390,equivalent
6,2391,equivalent
6,2392,equivalent
6,2393,weaker
6,2394,equivalent
6,2395,equivalent
6,2396,equivalent
6,2397,equivalent
6,2398,weaker
6,2399,weaker
6,2400,equivalent
6,2401,equivalent
6,2402,weaker
6,2403,equivalent
6,2404,equivalent
6,2405,equivalent
6,2406,weaker
6,2407,equivalent
6,2408,equivalent
6,2409,equivalent
6,2410,weaker
6,2411,equivalent
6,2412,equivalent
6,2413,equivalent
6,2414,equivalent
6,2415,weaker
6,2416,equivalent
6,2417,equivalent
6,2418,equivalent
6,2419,equivalent
6,2420,weaker
6,2421,equivalent
6,2422,equivalent
6,2423,equivalent
6,2424,equivalent
6,2425,weaker
6,2426,equivalent
6,2427,equivalent
6,2428,equivalent
6,2429,equivalent
6,2430,weaker
6,2431,equivalent
6,2432,equivalent
6,2433,equivalent
6,2434,equivalent
6,2435,weaker
6,2436,equivalent
6,2437,equivalent
6,2438,equivalent
6,2439,equivalent
6,2440,equivalent
6,2441,weaker
6,2442,weaker
6,2443,weaker
6,2444,weaker
6,2445,weaker
6,2446,weaker
6,2447,weaker
6,2448,weaker
6,2449,weaker
6,2450,weaker
6,2451,weaker
6,2452,weaker
6,2453,weaker
6,2454,weaker
6,2455,weaker
6,2456,weaker
6,2457,weaker
6,2458,weaker
6,2459,weaker
6,2460,weaker
6,2461,weaker
6,2462,weaker
6,2463,weaker
6,2464,weaker
6,2465,weaker
6,2466,weaker
6,2467,weaker
6,2468,weaker
6,2469,weaker
6,2470,weaker
6,2471,weaker
6,2472,weaker
6,2473,weaker
6,2474,weaker
6,2475,weaker
6,2476,weaker
6,2477,weaker
6,2478,weaker
6,2479,weaker
6,2480,weaker
6,2481,weaker
6,2482,weaker
6,2483,weaker
6,2484,weaker
6,2485,weaker
6,2486,weaker
6,2487,weaker
6,2488,weaker
6,2489,weaker
6,2490,weaker
6,2491,weaker
6,2492,weaker
6,2493,weaker
6,2494,weaker
6,2495,equivalent
6,2496,weaker
6,2497,weaker
6,2498,equivalent
6,2499,weaker
6,2500,equivalent
6,2501,equivalent
6,2502,equivalent
6,2503,weaker
6,2504,weaker
6,2505,equivalent
6,2506,weaker
6,2507,weaker
6,2508,equivalent
6,2509,weaker
6,2510,equivalent
6,2511,weaker
6,2512,equivalent
6,2513,weaker
6,2514,equivalent
6,2515,equivalent
6,2516,equivalent
6,2517,weaker
6,2518,equivalent
6,2519,weaker
6,2520,equivalent
6,2521,weaker
6,2522,weaker
6,2523,equivalent
6,2524,equivalent
6,2525,weaker
6,2526,equivalent
6,2527,equivalent
6,2528,equivalent
6,2529,equivalent
6,2530,weaker
6,2531,weaker
6,2532,equivalent
6,2533,weaker
6,2534,weaker
6,2535,equivalent
6,2536,weaker
6,2537,equivalent
6,2538,weaker
6,2539,equivalent
6,2540,weaker
6,2541,weaker
6,2542,equivalent
6,2543,weaker
6,2544,equivalent
6,2545,equivalent
6,2546,weaker
6,2547,equivalent
6,2548,equivalent
6,2549,equivalent
6,2550,weaker
6,2551,equivalent
6,2552,weaker
6,2553,equivalent
6,2554,weaker
6,2555,equivalent
6,2556,equivalent
6,2557,equivalent
6,2558,weaker
6,2559,equivalent
6,2560,equivalent
6,2561,equivalent
6,2562,weaker
6,2563,equivalent
6,2564,equivalent
6,2565,equivalent
6,2566,equivalent
6,2567,weaker
6,2568,equivalent
6,2569,equivalent
6,2570,equivalent
6,2571,weaker
6,2572,equivalent
6,2573,weaker
6,2574,equivalent
6,2575,weaker
6,2576,weaker
6,2577,equivalent
6,2578,equivalent
6,2579,weaker
6,2580,equivalent
6,2581,equivalent
6,2582,equivalent
6,2583,equivalent
6,2584,weaker
6,2585,equivalent
6,2586,weaker
6,2587,equivalent
6,2588,weaker
6,2589,equivalent
6,2590,equivalent
6,2591,equivalent
6,2592,weaker
6,2593,equivalent
6,2594,equivalent
6,2595,equivalent
6,2596,weaker
6,2597,equivalent
6,2598,equivalent
6,2599,equivalent
6,2600,equivalent
6,2601,weaker
6,2602,weaker
6,2603,equivalent
6,2604,equivalent
6,2605,weaker
6,2606,equivalent
6,2607,equivalent
6,2608,equivalent
6,2609,weaker
6,2610,equivalent
6,2611,equivalent
6,2612,equivalent
6,2613,weaker
6,2614,equivalent
6,2615,equivalent
6,2616,equivalent
6,2617,equivalent
6,2618,weaker
6,2619,equivalent
6,2620,equivalent
6,2621,equivalent
6,2622,equivalent
6,2623,weaker
6,2624,equivalent
6,2625,equivalent
6,2626,equivalent
6,2627,equivalent
6,2628,weaker
6,2629,equivalent
6,2630,equivalent
6,2631,equivalent
6,2632,equivalent
6,2633,weaker
6,2634,equivalent
6,2635,equivalent
6,2636,equivalent
6,2637,equivalent
6,2638,weaker
6,2639,equivalent
6,2640,equivalent
6,2641,equivalent
6,2642,equivalent
6,2643,equivalent
6,2644,weaker
6,2645,weaker
6,2646,weaker
6,2647,weaker
6,2648,weaker
6,2649,weaker
6,2650,weaker
6,2651,weaker
6,2652,weaker
6,2653,weaker
6,2654,weaker
6,2655,weaker
6,2656,weaker
6,2657,weaker
6,2658,weaker
6,2659,weaker
6,2660,weaker
6,2661,weaker
6,2662,weaker
6,2663,weaker
6,2664,weaker
6,2665,weaker
6,2666,weaker
6,2667,weaker
6,2668,weaker
6,2669,weaker
6,2670,weaker
6,2671,weaker
6,2672,weaker
6,2673,weaker
6,2674,weaker
6,2675,weaker
6,2676,weaker
6,2677,weaker
6,2678,weaker
6,2679,weaker
6,2680,weaker
6,2681,weaker
6,2682,weaker
6,2683,weaker
6,2684,weaker
6,2685,weaker
6,2686,weaker
6,2687,weaker
6,2688,weaker
6,2689,weaker
6,2690,weaker
6,2691,weaker
6,2692,weaker
6,2693,weaker
6,2694,weaker
6,2695,weaker
6,2696,weaker
6,2697,weaker
6,2698,equivalent
6,2699,weaker
6,2700,weaker
6,2701,equivalent
6,2702,weaker
6,2703,equivalent
6,2704,equivalent
6,2705,equivalent
6,2706,weaker
6,2707,weaker
6,2708,equivalent
6,2709,weaker
6,2710,weaker
6,2711,equivalent
6,2712,weaker
6,2713,equivalent
6,2714,weaker
6,2715,equivalent
6,2716,weaker
6,2717,equivalent
6,2718,equivalent
6,2719,equivalent
6,2720,weaker
6,2721,equivalent
6,2722,weaker
6,2723,equivalent
6,2724,weaker
6,2725,weaker
6,2726,equivalent
6,2727,equivalent
6,2728,weaker
6,2729,equivalent
6,2730,equivalent
6,2731,equivalent
6,2732,equivalent
6,2733,weaker
6,2734,weaker
6,2735,equivalent
6,2736,weaker
6,2737,weaker
6,2738,equivalent
6,2739,weaker
6,2740,equivalent
6,2741,weaker
6,2742,equivalent
6,2743,weaker
6,2744,weaker
6,2745,equivalent
6,2746,weaker
6,2747,equivalent
6,2748,equivalent
6,2749,weaker
6,2750,equivalent
6,2751,equivalent
6,2752,equivalent
6,2753,weaker
6,2754,equivalent
6,2755,weaker
6,2756,equivalent
6,2757,weaker
6,2758,equivalent
6,2759,equivalent
6,2760,equivalent
6,2761,weaker
6,2762,equivalent
6,2763,equivalent
6,2764,equivalent
6,2765,weaker
6,2766,equivalent
6,2767,equivalent
6,2768,equivalent
6,2769,equivalent
6,2770,weaker
6,2771,equivalent
6,2772,equivalent
6,2773,equivalent
6,2774,weaker
6,2775,equivalent
6,2776,weaker
6,2777,equivalent
6,2778,weaker
6,2779,weaker
6,2780,equivalent
6,2781,equivalent
6,2782,weaker
6,2783,equivalent
6,2784,equivalent
6,2785,equivalent
6,2786,equivalent
6,2787,weaker
6,2788,equivalent
6,2789,weaker
6,2790,equivalent
6,2791,weaker
6,2792,equivalent
6,2793,equivalent
6,2794,equivalent
6,2795,weaker
6,2796,equivalent
6,2797,equivalent
6,2798,equivalent
6,2799,weaker
6,2800,equivalent
6,2801,equivalent
6,2802,equivalent
6,2803,equivalent
6,2804,weaker
6,2805,weaker
6,2806,equivalent
6,2807,equivalent
6,2808,weaker
6,2809,equivalent
6,2810,equivalent
6,2811,equivalent
6,2812,weaker
6,2813,equivalent
6,2814,equivalent
6,2815,equivalent
6,2816,weaker
6,2817,equivalent
6,2818,equivalent
6,2819,equivalent
6,2820,equivalent
6,2821,weaker
6,2822,equivalent
6,2823,equivalent
6,2824,equivalent
6,2825,equivalent
6,2826,weaker
6,2827,equivalent
6,2828,equivalent
6,2829,equivalent
6,2830,equivalent
6,2831,weaker
6,2832,equivalent
6,2833,equivalent
6,2834,equivalent
6,2835,equivalent
6,2836,weaker
6,2837,equivalent
6,2838,equivalent
6,2839,equivalent
6,2840,equivalent
6,2841,weaker
6,2842,equivalent
6,2843,equivalent
6,2844,equivalent
6,2845,equivalent
6,2846,equivalent
6,2847,weaker
6,2848,weaker
6,2849,weaker
6,2850,weaker
6,2851,weaker
6,2852,weaker
6,2853,weaker
6,2854,weaker
6,2855,weaker
6,2856,weaker
6,2857,weaker
6,2858,weaker
6,2859,weaker
6,2860,weaker
6,2861,weaker
6,2862,weaker
6,2863,weaker
6,2864,weaker
6,2865,weaker
6,2866,weaker
6,2867,weaker
6,2868,weaker
6,2869,weaker
6,2870,weaker
6,2871,weaker
6,2872,weaker
6,2873,weaker
6,2874,weaker
6,2875,weaker
6,2876,weaker
6,2877,weaker
6,2878,weaker
6,2879,weaker
6,2880,weaker
6,2881,weaker
6,2882,weaker
6,2883,weaker
6,2884,weaker
6,2885,weaker
6,2886,weaker
6,2887,weaker
6,2888,weaker
6,2889,weaker
6,2890,weaker
6,2891,weaker
6,2892,weaker
6,2893,weaker
6,2894,weaker
6,2895,weaker
6,2896,weaker
6,2897,weaker
6,2898,weaker
6,2899,weaker
6,2900,weaker
6,2901,equivalent
6,2902,weaker
6,2903,weaker
6,2904,equivalent
6,2905,weaker
6,2906,equivalent
6,2907,equivalent
6,2908,equivalent
6,2909,weaker
6,2910,weaker
6,2911,equivalent
6,2912,weaker
6,2913,weaker
6,2914,equivalent
6,2915,weaker
6,2916,equivalent
6,2917,weaker
6,2918,equivalent
6,2919,weaker
6,2920,equivalent
6,2921,equivalent
6,2922,equivalent
6,2923,weaker
6,2924,equivalent
6,2925,weaker
6,2926,equivalent
6,2927,weaker
6,2928,weaker
6,2929,equivalent
6,2930,equivalent
6,2931,weaker
6,2932,equivalent
6,2933,equivalent
6,2934,equivalent
6,2935,equivalent
6,2936,weaker
6,2937,weaker
6,2938,equivalent
6,2939,weaker
6,2940,weaker
6,2941,equivalent
6,2942,weaker
6,2943,equivalent
6,2944,weaker
6,2945,equivalent
6,2946,weaker
6,2947,weaker
6,2948,equivalent
6,2949,weaker
6,2950,equivalent
6,2951,equivalent
6,2952,weaker
6,2953,equivalent
6,2954,equivalent
6,2955,equivalent
6,2956,weaker
6,2957,equivalent
6,2958,weaker
6,2959,equivalent
6,2960,weaker
6,2961,equivalent
6,2962,equivalent
6,2963,equivalent
6,2964,weaker
6,2965,equivalent
6,2966,equivalent
6,2967,equivalent
6,2968,weaker
6,2969,equivalent
6,2970,equivalent
6,2971,equivalent
6,2972,equivalent
6,2973,weaker
6,2974,equivalent
6,2975,equivalent
6,2976,equivalent
6,2977,weaker
6,2978,equivalent
6,2979,weaker
6,2980,equivalent
6,2981,weaker
6,2982,weaker
6,2983,equivalent
6,2984,equivalent
6,2985,weaker
6,2986,equivalent
6,2987,equivalent
6,2988,equivalent
6,2989,equivalent
6,2990,weaker
6,2991,equivalent
6,2992,weaker
6,2993,equivalent
6,2994,weaker
6,2995,equivalent
6,2996,equivalent
6,2997,equivalent
6,2998,weaker
6,2999,equivalent
6,3000,equivalent
6,3001,equivalent
6,3002,weaker
6,3003,equivalent
6,3004,equivalent
6,3005,equivalent
6,3006,equivalent
6,3007,weaker
6,3008,weaker
6,3009,equivalent
6,3010,equivalent
6,3011,weaker
6,3012,equivalent
6,3013,equivalent
6,3014,equivalent
6,3015,weaker
6,3016,equivalent
6,3017,equivalent
6,3018,equivalent
6,3019,weaker
6,3020,equivalent
6,3021,equivalent
6,3022,equivalent
6,3023,equivalent
6,3024,weaker
6,3025,equivalent
6,3026,equivalent
6,3027,equivalent
6,3028,equivalent
6,3029,weaker
6,3030,equivalent
6,3031,equivalent
6,3032,equivalent
6,3033,equivalent
6,3034,weaker
6,3035,equivalent
6,3036,equivalent
6,3037,equivalent
6,3038,equivalent
6,3039,weaker
6,3040,equivalent
6,3041,equivalent
6,3042,equivalent
6,3043,equivalent
6,3044,weaker
6,3045,equivalent
6,3046,equivalent
6,3047,equivalent
6,3048,equivalent
6,3049,equivalent
6,3050,weaker
6,3051,weaker
6,3052,weaker
6,3053,weaker
6,3054,weaker
6,3055,weaker
6,3056,weaker
6,3057,weaker
6,3058,weaker
6,3059,weaker
6,3060,weaker
6,3061,weaker
6,3062,weaker
6,3063,weaker
6,3064,weaker
6,3065,weaker
6,3066,weaker
6,3067,weaker
6,3068,weaker
6,3069,weaker
6,3070,weaker
6,3071,weaker
6,3072,weaker
6,3073,weaker
6,3074,weaker
6,3075,weaker
6,3076,weaker
6,3077,weaker
6,3078,weaker
6,3079,weaker
6,3080,weaker
6,3081,weaker
6,3082,weaker
6,3083,weaker
6,3084,weaker
6,3085,weaker
6,3086,weaker
6,3087,weaker
6,3088,weaker
6,3089,weaker
6,3090,weaker
6,3091,weaker
6,3092,weaker
6,3093,weaker
6,3094,weaker
6,3095,weaker
6,3096,weaker
6,3097,weaker
6,3098,weaker
6,3099,weaker
6,3100,weaker
6,3101,weaker
6,3102,weaker
6,3103,weaker
6,3104,equivalent
6,3105,weaker
6,3106,weaker
6,3107,equivalent
6,3108,weaker
6,3109,equivalent
6,3110,equivalent
6,3111,equivalent
6,3112,weaker
6,3113,weaker
6,3114,equivalent
6,3115,weaker
6,3116,weaker
6,3117,equivalent
6,3118,weaker
6,3119,equivalent
6,3120,weaker
6,3121,equivalent
6,3122,weaker
6,3123,equivalent
6,3124,equivalent
6,3125,equivalent
6,3126,weaker
6,3127,equivalent
6,3128,weaker
6,3129,equivalent
6,3130,weaker
6,3131,weaker
6,3132,equivalent
6,3133,equivalent
6,3134,weaker
6,3135,equivalent
6,3136,equivalent
6,3137,equivalent
6,3138,equivalent
6,3139,weaker
6,3140,weaker
6,3141,equivalent
6,3142,weaker
6,3143,weaker
6,3144,equivalent
6,3145,weaker
6,3146,equivalent
6,3147,weaker
6,3148,equivalent
6,3149,weaker
6,3150,weaker
6,3151,equivalent
6,3152,weaker
6,3153,equivalent
6,3154,equivalent
6,3155,weaker
6,3156,equivalent
6,3157,equivalent
6,3158,equivalent
6,3159,weaker
6,3160,equivalent
6,3161,weaker
6,3162,equivalent
6,3163,weaker
6,3164,equivalent
6,3165,equivalent
6,3166,equivalent
6,3167,weaker
6,3168,equivalent
6,3169,equivalent
6,3170,equivalent
6,3171,weaker
6,3172,equivalent
6,3173,equivalent
6,3174,equivalent
6,3175,equivalent
6,3176,weaker
6,3177,equivalent
6,3178,equivalent
6,3179,equivalent
6,3180,weaker
6,3181,equivalent
6,3182,weaker
6,3183,equivalent
6,3184,weaker
6,3185,weaker
6,3186,equivalent
6,3187,equivalent
6,3188,weaker
6,3189,equivalent
6,3190,equivalent
6,3191,equivalent
6,3192,equivalent
6,3193,weaker
6,3194,equivalent
6,3195,weaker
6,3196,equivalent
6,3197,weaker
6,3198,equivalent
6,3199,equivalent
6,3200,equivalent
6,3201,weaker
6,3202,equivalent
6,3203,equivalent
6,3204,equivalent
6,3205,weaker
6,3206,equivalent
6,3207,equivalent
6,3208,equivalent
6,3209,equivalent
6,3210,weaker
6,3211,weaker
6,3212,equivalent
6,3213,equivalent
6,3214,weaker
6,3215,equivalent
6,3216,equivalent
6,3217,equivalent
6,3218,weaker
6,3219,equivalent
6,3220,equivalent
6,3221,equivalent
6,3222,weaker
6,3223,equivalent
6,3224,equivalent
6,3225,equivalent
6,3226,equivalent
6,3227,weaker
6,3228,equivalent
6,3229,equivalent
6,3230,equivalent
6,3231,equivalent
6,3232,weaker
6,3233,equivalent
6,3234,equivalent
6,3235,equivalent
6,3236,equivalent
6,3237,weaker
6,3238,equivalent
6,3239,equivalent
6,3240,equivalent
6,3241,equivalent
6,3242,weaker
6,3243,equivalent
6,3244,equivalent
6,3245,equivalent
6,3246,equivalent
6,3247,weaker
6,3248,equivalent
6,3249,equivalent
6,3250,equivalent
6,3251,equivalent
6,3252,equivalent
6,3253,weaker
6,3254,weaker
6,3255,weaker
6,3256,weaker
6,3257,weaker
6,3258,weaker
6,3259,weaker
6,3260,weaker
6,3261,weaker
6,3262,weaker
6,3263,weaker
6,3264,weaker
6,3265,weaker
6,3266,weaker
6,3267,weaker
6,3268,weaker
6,3269,weaker
6,3270,weaker
6,3271,weaker
6,3272,weaker
6,3273,weaker
6,3274,weaker
6,3275,weaker
6,3276,weaker
6,3277,weaker
6,3278,weaker
6,3279,weaker
6,3280,weaker
6,3281,weaker
6,3282,weaker
6,3283,weaker
6,3284,weaker
6,3285,weaker
6,3286,weaker
6,3287,weaker
6,3288,weaker
6,3289,weaker
6,3290,weaker
6,3291,weaker
6,3292,weaker
6,3293,weaker
6,3294,weaker
6,3295,weaker
6,3296,weaker
6,3297,weaker
6,3298,weaker
6,3299,weaker
6,3300,weaker
6,3301,weaker
6,3302,weaker
6,3303,weaker
6,3304,weaker
6,3305,weaker
6,3306,weaker
6,3307,weaker
6,3308,weaker
6,3309,weaker
6,3310,weaker
6,3311,weaker
6,3312,weaker
6,3313,weaker
6,3314,weaker
6,3315,weaker
6,3316,weaker
6,3317,weaker
6,3318,weaker
6,3319,weaker
6,3320,weaker
6,3321,weaker
6,3322,weaker
6,3323,weaker
6,3324,weaker
6,3325,weaker
6,3326,weaker
6,3327,weaker
6,3328,weaker
6,3329,weaker
6,3330,weaker
6,3331,weaker
6,3332,weaker
6,3333,weaker
6,3334,weaker
6,3335,weaker
6,3336,weaker
6,3337,weaker
6,3338,weaker
6,3339,weaker
6,3340,weaker
6,3341,weaker
6,3342,weaker
6,3343,weaker
6,3344,weaker
6,3345,weaker
6,3346,weaker
6,3347,weaker
6,3348,weaker
6,3349,weaker
6,3350,weaker
6,3351,weaker
6,3352,weaker
6,3353,weaker
6,3354,weaker
6,3355,weaker
6,3356,weaker
6,3357,weaker
6,3358,weaker
6,3359,weaker
6,3360,weaker
6,3361,weaker
6,3362,weaker
6,3363,weaker
6,3364,weaker
6,3365,weaker
6,3366,weaker
6,3367,weaker
6,3368,weaker
6,3369,weaker
6,3370,weaker
6,3371,weaker
6,3372,weaker
6,3373,weaker
6,3374,weaker
6,3375,weaker
6,3376,weaker
6,3377,weaker
6,3378,weaker
6,3379,weaker
6,3380,weaker
6,3381,weaker
6,3382,weaker
6,3383,weaker
6,3384,weaker
6,3385,weaker
6,3386,weaker
6,3387,weaker
6,3388,weaker
6,3389,weaker
6,3390,weaker
6,3391,weaker
6,3392,weaker
6,3393,weaker
6,3394,weaker
6,3395,weaker
6,3396,weaker
6,3397,weaker
6,3398,weaker
6,3399,weaker
6,3400,weaker
6,3401,weaker
6,3402,weaker
6,3403,weaker
6,3404,weaker
6,3405,weaker
6,3406,weaker
6,3407,weaker
6,3408,weaker
6,3409,weaker
6,3410,weaker
6,3411,weaker
6,3412,weaker
6,3413,weaker
6,3414,weaker
6,3415,weaker
6,3416,weaker
6,3417,weaker
6,3418,weaker
6,3419,weaker
6,3420,weaker
6,3421,weaker
6,3422,weaker
6,3423,weaker
6,3424,weaker
6,3425,weaker
6,3426,weaker
6,3427,weaker
6,3428,weaker
6,3429,weaker
6,3430,weaker
6,3431,weaker
6,3432,weaker
6,3433,weaker
6,3434,weaker
6,3435,weaker
6,3436,weaker
6,3437,weaker
6,3438,weaker
6,3439,weaker
6,3440,weaker
6,3441,weaker
6,3442,weaker
6,3443,weaker
6,3444,weaker
6,3445,weaker
6,3446,weaker
6,3447,weaker
6,3448,weaker
6,3449,weaker
6,3450,weaker
6,3451,weaker
6,3452,weaker
6,3453,weaker
6,3454,weaker
6,3455,weaker
6,3456,weaker
6,3457,weaker
6,3458,weaker
6,3459,weaker
6,3460,weaker
6,3461,weaker
6,3462,weaker
6,3463,weaker
6,3464,weaker
6,3465,weaker
6,3466,weaker
6,3467,weaker
6,3468,weaker
6,3469,weaker
6,3470,weaker
6,3471,weaker
6,3472,weaker
6,3473,weaker
6,3474,weaker
6,3475,weaker
6,3476,weaker
6,3477,weaker
6,3478,weaker
6,3479,weaker
6,3480,weaker
6,3481,weaker
6,3482,weaker
6,3483,weaker
6,3484,weaker
6,3485,weaker
6,3486,weaker
6,3487,weaker
6,3488,weaker
6,3489,weaker
6,3490,weaker
6,3491,weaker
6,3492,weaker
6,3493,weaker
6,3494,weaker
6,3495,weaker
6,3496,weaker
6,3497,weaker
6,3498,weaker
6,3499,weaker
6,3500,weaker
6,3501,weaker
6,3502,weaker
6,3503,weaker
6,3504,weaker
6,3505,weaker
6,3506,weaker
6,3507,weaker
6,3508,weaker
6,3509,weaker
6,3510,weaker
6,3511,weaker
6,3512,weaker
6,3513,weaker
6,3514,weaker
6,3515,weaker
6,3516,weaker
6,3517,weaker
6,3518,weaker
6,3519,weaker
6,3520,weaker
6,3521,weaker
6,3522,weaker
6,3523,weaker
6,3524,weaker
6,3525,weaker
6,3526,weaker
6,3527,weaker
6,3528,weaker
6,3529,weaker
6,3530,weaker
6,3531,weaker
6,3532,weaker
6,3533,weaker
6,3534,weaker
6,3535,weaker
6,3536,weaker
6,3537,weaker
6,3538,weaker
6,3539,weaker
6,3540,weaker
6,3541,weaker
6,3542,weaker
6,3543,weaker
6,3544,weaker
6,3545,weaker
6,3546,weaker
6,3547,weaker
6,3548,weaker
6,3549,weaker
6,3550,weaker
6,3551,weaker
6,3552,weaker
6,3553,weaker
6,3554,weaker
6,3555,weaker
6,3556,weaker
6,3557,weaker
6,3558,weaker
6,3559,weaker
6,3560,weaker
6,3561,weaker
6,3562,weaker
6,3563,weaker
6,3564,weaker
6,3565,weaker
6,3566,weaker
6,3567,weaker
6,3568,weaker
6,3569,weaker
6,3570,weaker
6,3571,weaker
6,3572,weaker
6,3573,weaker
6,3574,weaker
6,3575,weaker
6,3576,weaker
6,3577,weaker
6,3578,weaker
6,3579,weaker
6,3580,weaker
6,3581,weaker
6,3582,weaker
6,3583,weaker
6,3584,weaker
6,3585,weaker
6,3586,weaker
6,3587,weaker
6,3588,weaker
6,3589,weaker
6,3590,weaker
6,3591,weaker
6,3592,weaker
6,3593,weaker
6,3594,weaker
6,3595,weaker
6,3596,weaker
6,3597,weaker
6,3598,weaker
6,3599,weaker
6,3600,weaker
6,3601,weaker
6,3602,weaker
6,3603,weaker
6,3604,weaker
6,3605,weaker
6,3606,weaker
6,3607,weaker
6,3608,weaker
6,3609,weaker
6,3610,weaker
6,3611,weaker
6,3612,weaker
6,3613,weaker
6,3614,weaker
6,3615,weaker
6,3616,weaker
6,3617,weaker
6,3618,weaker
6,3619,weaker
6,3620,weaker
6,3621,weaker
6,3622,weaker
6,3623,weaker
6,3624,weaker
6,3625,weaker
6,3626,weaker
6,3627,weaker
6,3628,weaker
6,3629,weaker
6,3630,weaker
6,3631,weaker
6,3632,weaker
6,3633,weaker
6,3634,weaker
6,3635,weaker
6,3636,weaker
6,3637,weaker
6,3638,weaker
6,3639,weaker
6,3640,weaker
6,3641,weaker
6,3642,weaker
6,3643,weaker
6,3644,weaker
6,3645,weaker
6,3646,weaker
6,3647,weaker
6,3648,weaker
6,3649,weaker
6,3650,weaker
6,3651,weaker
6,3652,weaker
6,3653,weaker
6,3654,weaker
6,3655,weaker
6,3656,weaker
6,3657,weaker
6,3658,weaker
6,3659,weaker
6,3660,weaker
6,3661,weaker
6,3662,weaker
6,3663,weaker
6,3664,weaker
6,3665,weaker
6,3666,weaker
6,3667,weaker
6,3668,weaker
6,3669,weaker
6,3670,weaker
6,3671,weaker
6,3672,weaker
6,3673,weaker
6,3674,weaker
6,3675,weaker
6,3676,weaker
6,3677,weaker
6,3678,weaker
6,3679,weaker
6,3680,weaker
6,3681,weaker
6,3682,weaker
6,3683,weaker
6,3684,weaker
6,3685,weaker
6,3686,weaker
6,3687,weaker
6,3688,weaker
6,3689,weaker
6,3690,weaker
6,3691,weaker
6,3692,weaker
6,3693,weaker
6,3694,weaker
6,3695,weaker
6,3696,weaker
6,3697,weaker
6,3698,weaker
6,3699,weaker
6,3700,weaker
6,3701,weaker
6,3702,weaker
6,3703,weaker
6,3704,weaker
6,3705,weaker
6,3706,weaker
6,3707,weaker
6,3708,weaker
6,3709,weaker
6,3710,weaker
6,3711,weaker
6,3712,weaker
6,3713,weaker
6,3714,weaker
6,3715,weaker
6,3716,weaker
6,3717,weaker
6,3718,weaker
6,3719,weaker
6,3720,weaker
6,3721,weaker
6,3722,weaker
6,3723,weaker
6,3724,weaker
6,3725,weaker
6,3726,weaker
6,3727,weaker
6,3728,weaker
6,3729,weaker
6,3730,weaker
6,3731,weaker
6,3732,weaker
6,3733,weaker
6,3734,weaker
6,3735,weaker
6,3736,weaker
6,3737,weaker
6,3738,weaker
6,3739,weaker
6,3740,weaker
6,3741,weaker
6,3742,weaker
6,3743,weaker
6,3744,weaker
6,3745,weaker
6,3746,weaker
6,3747,weaker
6,3748,weaker
6,3749,weaker
6,3750,weaker
6,3751,weaker
6,3752,weaker
6,3753,weaker
6,3754,weaker
6,3755,weaker
6,3756,weaker
6,3757,weaker
6,3758,weaker
6,3759,weaker
6,3760,weaker
6,3761,weaker
6,3762,weaker
6,3763,weaker
6,3764,weaker
6,3765,weaker
6,3766,weaker
6,3767,weaker
6,3768,weaker
6,3769,weaker
6,3770,weaker
6,3771,weaker
6,3772,weaker
6,3773,weaker
6,3774,weaker
6,3775,weaker
6,3776,weaker
6,3777,weaker
6,3778,weaker
6,3779,weaker
6,3780,weaker
6,3781,weaker
6,3782,weaker
6,3783,weaker
6,3784,weaker
6,3785,weaker
6,3786,weaker
6,3787,weaker
6,3788,weaker
6,3789,weaker
6,3790,weaker
6,3791,weaker
6,3792,weaker
6,3793,weaker
6,3794,weaker
6,3795,weaker
6,3796,weaker
6,3797,weaker
6,3798,weaker
6,3799,weaker
6,3800,weaker
6,3801,weaker
6,3802,weaker
6,3803,weaker
6,3804,weaker
6,3805,weaker
6,3806,weaker
6,3807,weaker
6,3808,weaker
6,3809,weaker
6,3810,weaker
6,3811,weaker
6,3812,weaker
6,3813,weaker
6,3814,weaker
6,3815,weaker
6,3816,weaker
6,3817,weaker
6,3818,weaker
6,3819,weaker
6,3820,weaker
6,3821,weaker
6,3822,weaker
6,3823,weaker
6,3824,weaker
6,3825,weaker
6,3826,weaker
6,3827,weaker
6,3828,weaker
6,3829,weaker
6,3830,weaker
6,3831,weaker
6,3832,weaker
6,3833,weaker
6,3834,weaker
6,3835,weaker
6,3836,weaker
6,3837,weaker
6,3838,weaker
6,3839,weaker
6,3840,weaker
6,3841,weaker
6,3842,weaker
6,3843,weaker
6,3844,weaker
6,3845,weaker
6,3846,weaker
6,3847,weaker
6,3848,weaker
6,3849,weaker
6,3850,weaker
6,3851,weaker
6,3852,weaker
6,3853,weaker
6,3854,weaker
6,3855,weaker
6,3856,weaker
6,3857,weaker
6,3858,weaker
6,3859,weaker
6,3860,weaker
6,3861,weaker
6,3862,weaker
6,3863,weaker
6,3864,weaker
6,3865,weaker
6,3866,weaker
6,3867,weaker
6,3868,weaker
6,3869,weaker
6,3870,weaker
6,3871,weaker
6,3872,weaker
6,3873,weaker
6,3874,weaker
6,3875,weaker
6,3876,weaker
6,3877,weaker
6,3878,weaker
6,3879,weaker
6,3880,weaker
6,3881,weaker
6,3882,weaker
6,3883,weaker
6,3884,weaker
6,3885,weaker
6,3886,weaker
6,3887,weaker
6,3888,weaker
6,3889,weaker
6,3890,weaker
6,3891,weaker
6,3892,weaker
6,3893,weaker
6,3894,weaker
6,3895,weaker
6,3896,weaker
6,3897,weaker
6,3898,weaker
6,3899,weaker
6,3900,weaker
6,3901,weaker
6,3902,weaker
6,3903,weaker
6,3904,weaker
6,3905,weaker
6,3906,weaker
6,3907,weaker
6,3908,weaker
6,3909,weaker
6,3910,weaker
6,3911,weaker
6,3912,weaker
6,3913,weaker
6,3914,weaker
6,3915,weaker
6,3916,weaker
6,3917,weaker
6,3918,weaker
6,3919,weaker
6,3920,weaker
6,3921,weaker
6,3922,weaker
6,3923,weaker
6,3924,weaker
6,3925,weaker
6,3926,weaker
6,3927,weaker
6,3928,weaker
6,3929,weaker
6,3930,weaker
6,3931,weaker
6,3932,weaker
6,3933,weaker
6,3934,weaker
6,3935,weaker
6,3936,weaker
6,3937,weaker
6,3938,weaker
6,3939,weaker
6,3940,weaker
6,3941,weaker
6,3942,weaker
6,3943,weaker
6,3944,weaker
6,3945,weaker
6,3946,weaker
6,3947,weaker
6,3948,weaker
6,3949,weaker
6,3950,weaker
6,3951,weaker
6,3952,weaker
6,3953,weaker
6,3954,weaker
6,3955,weaker
6,3956,weaker
6,3957,weaker
6,3958,weaker
6,3959,weaker
6,3960,weaker
6,3961,weaker
6,3962,weaker
6,3963,weaker
6,3964,weaker
6,3965,weaker
6,3966,weaker
6,3967,weaker
6,3968,weaker
6,3969,weaker
6,3970,weaker
6,3971,weaker
6,3972,weaker
6,3973,weaker
6,3974,weaker
6,3975,weaker
6,3976,weaker
6,3977,weaker
6,3978,weaker
6,3979,weaker
6,3980,weaker
6,3981,weaker
6,3982,weaker
6,3983,weaker
6,3984,weaker
6,3985,weaker
6,3986,weaker
6,3987,weaker
6,3988,weaker
6,3989,weaker
6,3990,weaker
6,3991,weaker
6,3992,weaker
6,3993,weaker
6,3994,weaker
6,3995,weaker
6,3996,weaker
6,3997,weaker
6,3998,weaker
6,3999,weaker
6,4000,weaker
6,4001,weaker
6,4002,weaker
6,4003,weaker
6,4004,weaker
6,4005,weaker
6,4006,weaker
6,4007,weaker
6,4008,weaker
6,4009,weaker
6,4010,weaker
6,4011,weaker
6,4012,weaker
6,4013,weaker
6,4014,weaker
6,4015,weaker
6,4016,weaker
6,4017,weaker
6,4018,weaker
6,4019,weaker
6,4020,weaker
6,4021,weaker
6,4022,weaker
6,4023,weaker
6,4024,weaker
6,4025,weaker
6,4026,weaker
6,4027,weaker
6,4028,weaker
6,4029,weaker
6,4030,weaker
6,4031,weaker
6,4032,weaker
6,4033,weaker
6,4034,weaker
6,4035,weaker
6,4036,weaker
6,4037,weaker
6,4038,weaker
6,4039,weaker
6,4040,weaker
6,4041,weaker
6,4042,weaker
6,4043,weaker
6,4044,weaker
6,4045,weaker
6,4046,weaker
6,4047,weaker
6,4048,weaker
6,4049,weaker
6,4050,weaker
6,4051,weaker
6,4052,weaker
6,4053,weaker
6,4054,weaker
6,4055,weaker
6,4056,weaker
6,4057,weaker
6,4058,weaker
6,4059,weaker
6,4060,weaker
6,4061,weaker
6,4062,weaker
6,4063,weaker
6,4064,weaker
6,4065,weaker
6,4066,weaker
6,4067,weaker
6,4068,weaker
6,4069,weaker
6,4070,weaker
6,4071,weaker
6,4072,weaker
6,4073,weaker
6,4074,weaker
6,4075,weaker
6,4076,weaker
6,4077,weaker
6,4078,weaker
6,4079,weaker
6,4080,weaker
6,4081,weaker
6,4082,weaker
6,4083,weaker
6,4084,weaker
6,4085,weaker
6,4086,weaker
6,4087,weaker
6,4088,weaker
6,4089,weaker
6,4090,weaker
6,4091,weaker
6,4092,weaker
6,4093,weaker
6,4094,weaker
6,4095,weaker
6,4096,weaker
6,4097,weaker
6,4098,weaker
6,4099,weaker
6,4100,weaker
6,4101,weaker
6,4102,weaker
6,4103,weaker
6,4104,weaker
6,4105,weaker
6,4106,weaker
6,4107,weaker
6,4108,weaker
6,4109,weaker
6,4110,weaker
6,4111,weaker
6,4112,weaker
6,4113,weaker
6,4114,weaker
6,4115,weaker
6,4116,weaker
6,4117,weaker
6,4118,weaker
6,4119,weaker
6,4120,weaker
6,4121,weaker
6,4122,weaker
6,4123,weaker
6,4124,weaker
6,4125,weaker
6,4126,weaker
6,4127,weaker
6,4128,weaker
6,4129,weaker
6,4130,weaker
6,4131,weaker
6,4132,weaker
6,4133,weaker
6,4134,weaker
6,4135,weaker
6,4136,weaker
6,4137,weaker
6,4138,weaker
6,4139,weaker
6,4140,weaker
6,4141,weaker
6,4142,weaker
6,4143,weaker
6,4144,weaker
6,4145,weaker
6,4146,weaker
6,4147,weaker
6,4148,weaker
6,4149,weaker
6,4150,weaker
6,4151,weaker
6,4152,weaker
6,4153,weaker
6,4154,weaker
6,4155,weaker
6,4156,weaker
6,4157,weaker
6,4158,weaker
6,4159,weaker
6,4160,weaker
6,4161,weaker
6,4162,weaker
6,4163,weaker
6,4164,weaker
6,4165,weaker
6,4166,weaker
6,4167,weaker
6,4168,weaker
6,4169,weaker
6,4170,weaker
6,4171,weaker
6,4172,weaker
6,4173,weaker
6,4174,weaker
6,4175,weaker
6,4176,weaker
6,4177,weaker
6,4178,weaker
6,4179,weaker
6,4180,weaker
6,4181,weaker
6,4182,weaker
6,4183,weaker
6,4184,weaker
6,4185,weaker
6,4186,weaker
6,4187,weaker
6,4188,weaker
6,4189,weaker
6,4190,weaker
6,4191,weaker
6,4192,weaker
6,4193,weaker
6,4194,weaker
6,4195,weaker
6,4196,weaker
6,4197,weaker
6,4198,weaker
6,4199,weaker
6,4200,weaker
6,4201,weaker
6,4202,weaker
6,4203,weaker
6,4204,weaker
6,4205,weaker
6,4206,weaker
6,4207,weaker
6,4208,weaker
6,4209,weaker
6,4210,weaker
6,4211,weaker
6,4212,weaker
6,4213,weaker
6,4214,weaker
6,4215,weaker
6,4216,weaker
6,4217,weaker
6,4218,weaker
6,4219,weaker
6,4220,weaker
6,4221,weaker
6,4222,weaker
6,4223,weaker
6,4224,weaker
6,4225,weaker
6,4226,weaker
6,4227,weaker
6,4228,weaker
6,4229,weaker
6,4230,weaker
6,4231,weaker
6,4232,weaker
6,4233,weaker
6,4234,weaker
6,4235,weaker
6,4236,weaker
6,4237,weaker
6,4238,weaker
6,4239,weaker
6,4240,weaker
6,4241,weaker
6,4242,weaker
6,4243,weaker
6,4244,weaker
6,4245,weaker
6,4246,weaker
6,4247,weaker
6,4248,weaker
6,4249,weaker
6,4250,weaker
6,4251,weaker
6,4252,weaker
6,4253,weaker
6,4254,weaker
6,4255,weaker
6,4256,weaker
6,4257,weaker
6,4258,weaker
6,4259,weaker
6,4260,weaker
6,4261,weaker
6,4262,weaker
6,4263,weaker
6,4264,weaker
6,4265,weaker
6,4266,weaker
6,4267,weaker
6,4268,weaker
6,4269,weaker
6,4270,weaker
6,4271,weaker
6,4272,weaker
6,4273,weaker
6,4274,weaker
6,4275,weaker
6,4276,weaker
6,4277,weaker
6,4278,weaker
6,4279,weaker
6,4280,weaker
6,4281,weaker
6,4282,weaker
6,4283,weaker
6,4284,weaker
6,4285,weaker
6,4286,weaker
6,4287,weaker
6,4288,weaker
6,4289,weaker
6,4290,weaker
6,4291,weaker
6,4292,weaker
6,4293,weaker
6,4294,weaker
6,4295,weaker
6,4296,weaker
6,4297,weaker
6,4298,weaker
6,4299,weaker
6,4300,weaker
6,4301,weaker
6,4302,weaker
6,4303,weaker
6,4304,weaker
6,4305,weaker
6,4306,weaker
6,4307,weaker
6,4308,weaker
6,4309,weaker
6,4310,weaker
6,4311,weaker
6,4312,weaker
6,4313,weaker
6,4314,weaker
6,4315,weaker
6,4316,weaker
6,4317,weaker
6,4318,weaker
6,4319,weaker
6,4320,weaker
6,4321,weaker
6,4322,weaker
6,4323,weaker
6,4324,weaker
6,4325,weaker
6,4326,weaker
6,4327,weaker
6,4328,weaker
6,4329,weaker
6,4330,weaker
6,4331,weaker
6,4332,weaker
6,4333,weaker
6,4334,weaker
6,4335,weaker
6,4336,weaker
6,4337,weaker
6,4338,weaker
6,4339,weaker
6,4340,weaker
6,4341,weaker
6,4342,weaker
6,4343,weaker
6,4344,weaker
6,4345,weaker
6,4346,weaker
6,4347,weaker
6,4348,weaker
6,4349,weaker
6,4350,weaker
6,4351,weaker
6,4352,weaker
6,4353,weaker
6,4354,weaker
6,4355,weaker
6,4356,weaker
6,4357,weaker
6,4358,weaker
6,4359,weaker
6,4360,weaker
6,4361,weaker
6,4362,weaker
6,4363,weaker
6,4364,weaker
6,4365,weaker
6,4366,weaker
6,4367,weaker
6,4368,weaker
6,4369,weaker
6,4370,weaker
6,4371,weaker
6,4372,weaker
6,4373,weaker
6,4374,weaker
6,4375,weaker
6,4376,weaker
6,4377,weaker
6,4378,weaker
6,4379,weaker
6,4380,weaker
6,4381,weaker
6,4382,weaker
6,4383,weaker
6,4384,weaker
6,4385,weaker
6,4386,weaker
6,4387,weaker
6,4388,weaker
6,4389,weaker
6,4390,weaker
6,4391,weaker
6,4392,weaker
6,4393,weaker
6,4394,weaker
6,4395,weaker
6,4396,weaker
6,4397,weaker
6,4398,weaker
6,4399,weaker
6,4400,weaker
6,4401,weaker
6,4402,weaker
6,4403,weaker
6,4404,weaker
6,4405,weaker
6,4406,weaker
6,4407,weaker
6,4408,weaker
6,4409,weaker
6,4410,weaker
6,4411,weaker
6,4412,weaker
6,4413,weaker
6,4414,weaker
6,4415,weaker
6,4416,weaker
6,4417,weaker
6,4418,weaker
6,4419,weaker
6,4420,weaker
6,4421,weaker
6,4422,weaker
6,4423,weaker
6,4424,weaker
6,4425,weaker
6,4426,weaker
6,4427,weaker
6,4428,weaker
6,4429,weaker
6,4430,weaker
6,4431,weaker
6,4432,weaker
6,4433,weaker
6,4434,weaker
6,4435,weaker
6,4436,weaker
6,4437,weaker
6,4438,weaker
6,4439,weaker
6,4440,weaker
6,4441,weaker
6,4442,weaker
6,4443,weaker
6,4444,weaker
6,4445,weaker
6,4446,weaker
6,4447,weaker
6,4448,weaker
6,4449,weaker
6,4450,weaker
6,4451,weaker
6,4452,weaker
6,4453,weaker
6,4454,weaker
6,4455,weaker
6,4456,weaker
6,4457,weaker
6,4458,weaker
6,4459,weaker
6,4460,weaker
6,4461,weaker
6,4462,weaker
6,4463,weaker
6,4464,weaker
6,4465,weaker
6,4466,weaker
6,4467,weaker
6,4468,weaker
6,4469,weaker
6,4470,weaker
6,4471,weaker
6,4472,weaker
6,4473,weaker
6,4474,weaker
6,4475,weaker
6,4476,weaker
6,4477,weaker
6,4478,weaker
6,4479,weaker
6,4480,weaker
6,4481,weaker
6,4482,weaker
6,4483,weaker
6,4484,weaker
6,4485,weaker
6,4486,weaker
6,4487,weaker
6,4488,weaker
6,4489,weaker
6,4490,weaker
6,4491,weaker
6,4492,weaker
6,4493,weaker
6,4494,weaker
6,4495,weaker
6,4496,weaker
6,4497,weaker
6,4498,weaker
6,4499,weaker
6,4500,weaker
6,4501,weaker
6,4502,weaker
6,4503,weaker
6,4504,weaker
6,4505,weaker
6,4506,weaker
6,4507,weaker
6,4508,weaker
6,4509,weaker
6,4510,weaker
6,4511,weaker
6,4512,weaker
6,4513,weaker
6,4514,weaker
6,4515,weaker
6,4516,weaker
6,4517,weaker
6,4518,weaker
6,4519,weaker
6,4520,weaker
6,4521,weaker
6,4522,weaker
6,4523,weaker
6,4524,weaker
6,4525,weaker
6,4526,weaker
6,4527,weaker
6,4528,weaker
6,4529,weaker
6,4530,weaker
6,4531,weaker
6,4532,weaker
6,4533,weaker
6,4534,weaker
6,4535,weaker
6,4536,weaker
6,4537,weaker
6,4538,weaker
6,4539,weaker
6,4540,weaker
6,4541,weaker
6,4542,weaker
6,4543,weaker
6,4544,weaker
6,4545,weaker
6,4546,weaker
6,4547,weaker
6,4548,weaker
6,4549,weaker
6,4550,weaker
6,4551,weaker
6,4552,weaker
6,4553,weaker
6,4554,weaker
6,4555,weaker
6,4556,weaker
6,4557,weaker
6,4558,weaker
6,4559,weaker
6,4560,weaker
6,4561,weaker
6,4562,weaker
6,4563,weaker
6,4564,weaker
6,4565,weaker
6,4566,weaker
6,4567,weaker
6,4568,weaker
6,4569,weaker
6,4570,weaker
6,4571,weaker
6,4572,weaker
6,4573,weaker
6,4574,weaker
6,4575,weaker
6,4576,weaker
6,4577,weaker
6,4578,weaker
6,4579,weaker
6,4580,weaker
6,4581,weaker
6,4582,weaker
6,4583,weaker
6,4584,weaker
6,4585,weaker
6,4586,weaker
6,4587,weaker
6,4588,weaker
6,4589,weaker
6,4590,weaker
6,4591,weaker
6,4592,weaker
6,4593,weaker
6,4594,weaker
6,4595,weaker
6,4596,weaker
6,4597,weaker
6,4598,weaker
6,4599,weaker
6,4600,weaker
6,4601,weaker
6,4602,weaker
6,4603,weaker
6,4604,weaker
6,4605,weaker
6,4606,weaker
6,4607,weaker
6,4608,weaker
6,4609,weaker
6,4610,weaker
6,4611,weaker
6,4612,weaker
6,4613,weaker
6,4614,weaker
6,4615,weaker
6,4616,weaker
6,4617,weaker
6,4618,weaker
6,4619,weaker
6,4620,weaker
6,4621,weaker
6,4622,weaker
6,4623,weaker
6,4624,weaker
6,4625,weaker
6,4626,weaker
6,4627,weaker
6,4628,weaker
6,4629,weaker
6,4630,weaker
6,4631,weaker
6,4632,weaker
6,4633,weaker
6,4634,weaker
6,4635,weaker
6,4636,weaker
6,4637,weaker
6,4638,weaker
6,4639,weaker
6,4640,weaker
6,4641,weaker
6,4642,weaker
6,4643,weaker
6,4644,weaker
6,4645,weaker
6,4646,weaker
6,4647,weaker
6,4648,weaker
6,4649,weaker
6,4650,weaker
6,4651,weaker
6,4652,weaker
6,4653,weaker
6,4654,weaker
6,4655,weaker
6,4656,weaker
6,4657,weaker
6,4658,weaker
6,4659,weaker
6,4660,weaker
6,4661,weaker
6,4662,weaker
6,4663,weaker
6,4664,weaker
6,4665,weaker
6,4666,weaker
6,4667,weaker
6,4668,weaker
6,4669,weaker
6,4670,weaker
6,4671,weaker
6,4672,weaker
6,4673,weaker
6,4674,weaker
6,4675,weaker
6,4676,weaker
6,4677,weaker
6,4678,weaker
6,4679,weaker
6,4680,weaker
6,4681,weaker
6,4682,weaker
6,4683,weaker
6,4684,weaker
6,4685,weaker
6,4686,weaker
6,4687,weaker
6,4688,weaker
6,4689,weaker
6,4690,weaker
6,4691,weaker
6,4692,weaker
6,4693,weaker
6,4694,weaker
7,1,weaker
7,2,equivalent
7,3,weaker
7,4,weaker
7,5,weaker
7,6,equivalent
7,7,equivalent
7,8,weaker
7,9,weaker
7,10,weaker
7,11,weaker
7,12,weaker
7,13,weaker
7,14,weaker
7,15,equivalent
7,16,weaker
7,17,equivalent
7,18,equivalent
7,19,weaker
7,20,equivalent
7,21,equivalent
7,22,equivalent
7,23,weaker
7,24,weaker
7,25,weaker
7,26,weaker
7,27,weaker
7,28,weaker
7,29,weaker
7,30,equivalent
7,31,weaker
7,32,equivalent
7,33,equivalent
7,34,weaker
7,35,equivalent
7,36,equivalent
7,37,equivalent
7,38,weaker
7,39,weaker
7,40,weaker
7,41,weaker
7,42,weaker
7,43,weaker
7,44,weaker
7,45,weaker
7,46,weaker
7,47,weaker
7,48,weaker
7,49,weaker
7,50,weaker
7,51,weaker
7,52,weaker
7,53,weaker
7,54,weaker
7,55,weaker
7,56,weaker
7,57,weaker
7,58,weaker
7,59,weaker
7,60,weaker
7,61,weaker
7,62,weaker
7,63,weaker
7,64,equivalent
7,65,weaker
7,66,weaker
7,67,equivalent
7,68,weaker
7,69,equivalent
7,70,equivalent
7,71,equivalent
7,72,weaker
7,73,weaker
7,74,equivalent
7,75,weaker
7,76,equivalent
7,77,equivalent
7,78,weaker
7,79,equivalent
7,80,equivalent
7,81,equivalent
7,82,weaker
7,83,equivalent
7,84,equivalent
7,85,equivalent
7,86,weaker
7,87,equivalent
7,88,equivalent
7,89,equivalent
7,90,weaker
7,91,equivalent
7,92,equivalent
7,93,equivalent
7,94,weaker
7,95,equivalent
7,96,equivalent
7,97,equivalent
7,98,equivalent
7,99,weaker
7,100,weaker
7,101,weaker
7,102,weaker
7,103,weaker
7,104,weaker
7,105,weaker
7,106,weaker
7,107,weaker
7,108,weaker
7,109,weaker
7,110,weaker
7,111,weaker
7,112,weaker
7,113,weaker
7,114,weaker
7,115,weaker
7,116,equivalent
7,117,weaker
7,118,weaker
7,119,equivalent
7,120,weaker
7,121,equivalent
7,122,equivalent
7,123,equivalent
7,124,weaker
7,125,weaker
7,126,equivalent
7,127,weaker
7,128,equivalent
7,129,equivalent
7,130,weaker
7,131,equivalent
7,132,equivalent
7,133,equivalent
7,134,weaker
7,135,equivalent
7,136,equivalent
7,137,equivalent
7,138,weaker
7,139,equivalent
7,140,equivalent
7,141,equivalent
7,142,weaker
7,143,equivalent
7,144,equivalent
7,145,equivalent
7,146,weaker
7,147,equivalent
7,148,equivalent
7,149,equivalent
7,150,equivalent
7,151,weaker
7,152,weaker
7,153,weaker
7,154,weaker
7,155,weaker
7,156,weaker
7,157,weaker
7,158,weaker
7,159,weaker
7,160,weaker
7,161,weaker
7,162,weaker
7,163,weaker
7,164,weaker
7,165,weaker
7,166,weaker
7,167,weaker
7,168,weaker
7,169,weaker
7,170,weaker
7,171,equivalent
7,172,weaker
7,173,equivalent
7,174,equivalent
7,175,equivalent
7,176,weaker
7,177,weaker
7,178,equivalent
7,179,weaker
7,180,equivalent
7,181,equivalent
7,182,weaker
7,183,equivalent
7,184,equivalent
7,185,equivalent
7,186,weaker
7,187,equivalent
7,188,equivalent
7,189,equivalent
7,190,weaker
7,191,equivalent
7,192,equivalent
7,193,equivalent
7,194,weaker
7,195,equivalent
7,196,equivalent
7,197,equivalent
7,198,weaker
7,199,equivalent
7,200,equivalent
7,201,equivalent
7,202,equivalent
7,203,weaker
7,204,weaker
7,205,weaker
7,206,weaker
7,207,weaker
7,208,weaker
7,209,weaker
7,210,weaker
7,211,weaker
7,212,weaker
7,213,weaker
7,214,weaker
7,215,weaker
7,216,weaker
7,217,weaker
7,218,weaker
7,219,weaker
7,220,equivalent
7,221,weaker
7,222,weaker
7,223,equivalent
7,224,weaker
7,225,equivalent
7,226,equivalent
7,227,equivalent
7,228,weaker
7,229,weaker
7,230,equivalent
7,231,weaker
7,232,equivalent
7,233,equivalent
7,234,weaker
7,235,equivalent
7,236,equivalent
7,237,equivalent
7,238,weaker
7,239,equivalent
7,240,equivalent
7,241,equivalent
7,242,weaker
7,243,equivalent
7,244,equivalent
7,245,equivalent
7,246,weaker
7,247,equivalent
7,248,equivalent
7,249,equivalent
7,250,weaker
7,251,equivalent
7,252,equivalent
7,253,equivalent
7,254,equivalent
7,255,weaker
7,256,weaker
7,257,weaker
7,258,weaker
7,259,weaker
7,260,weaker
7,261,weaker
7,262,weaker
7,263,weaker
7,264,weaker
7,265,weaker
7,266,weaker
7,267,weaker
7,268,weaker
7,269,weaker
7,270,weaker
7,271,weaker
7,272,equivalent
7,273,weaker
7,274,weaker
7,275,equivalent
7,276,weaker
7,277,equivalent
7,278,equivalent
7,279,equivalent
7,280,weaker
7,281,weaker
7,282,equivalent
7,283,weaker
7,284,equivalent
7,285,equivalent
7,286,weaker
7,287,equivalent
7,288,equivalent
7,289,equivalent
7,290,weaker
7,291,equivalent
7,292,equivalent
7,293,equivalent
7,294,weaker
7,295,equivalent
7,296,equivalent
7,297,equivalent
7,298,weaker
7,299,equivalent
7,300,equivalent
7,301,equivalent
7,302,weaker
7,303,equivalent
7,304,equivalent
7,305,equivalent
7,306,equivalent
7,307,weaker
7,308,weaker
7,309,weaker
7,310,weaker
7,311,weaker
7,312,weaker
7,313,weaker
7,314,weaker
7,315,weaker
7,316,weaker
7,317,weaker
7,318,weaker
7,319,weaker
7,320,weaker
7,321,weaker
7,322,weaker
7,323,weaker
7,324,weaker
7,325,weaker
7,326,weaker
7,327,weaker
7,328,weaker
7,329,weaker
7,330,weaker
7,331,weaker
7,332,weaker
7,333,weaker
7,334,weaker
7,335,weaker
7,336,weaker
7,337,weaker
7,338,weaker
7,339,weaker
7,340,weaker
7,341,weaker
7,342,weaker
7,343,weaker
7,344,weaker
7,345,weaker
7,346,weaker
7,347,weaker
7,348,weaker
7,349,weaker
7,350,weaker
7,351,weaker
7,352,weaker
7,353,weaker
7,354,weaker
7,355,weaker
7,356,weaker
7,357,weaker
7,358,weaker
7,359,weaker
7,360,weaker
7,361,weaker
7,362,weaker
7,363,weaker
7,364,weaker
7,365,weaker
7,366,weaker
7,367,weaker
7,368,weaker
7,369,weaker
7,370,weaker
7,371,weaker
7,372,weaker
7,373,weaker
7,374,weaker
7,375,weaker
7,376,weaker
7,377,weaker
7,378,weaker
7,379,weaker
7,380,weaker
7,381,weaker
7,382,weaker
7,383,weaker
7,384,weaker
7,385,weaker
7,386,weaker
7,387,weaker
7,388,weaker
7,389,weaker
7,390,weaker
7,391,weaker
7,392,weaker
7,393,weaker
7,394,weaker
7,395,weaker
7,396,weaker
7,397,weaker
7,398,weaker
7,399,weaker
7,400,weaker
7,401,weaker
7,402,weaker
7,403,weaker
7,404,weaker
7,405,weaker
7,406,weaker
7,407,weaker
7,408,weaker
7,409,weaker
7,410,weaker
7,411,weaker
7,412,weaker
7,413,weaker
7,414,weaker
7,415,weaker
7,416,weaker
7,417,weaker
7,418,weaker
7,419,weaker
7,420,weaker
7,421,weaker
7,422,weaker
7,423,weaker
7,424,weaker
7,425,weaker
7,426,weaker
7,427,weaker
7,428,weaker
7,429,weaker
7,430,weaker
7,431,weaker
7,432,weaker
7,433,weaker
7,434,weaker
7,435,weaker
7,436,weaker
7,437,weaker
7,438,weaker
7,439,weaker
7,440,weaker
7,441,weaker
7,442,weaker
7,443,weaker
7,444,weaker
7,445,weaker
7,446,weaker
7,447,weaker
7,448,weaker
7,449,weaker
7,450,weaker
7,451,weaker
7,452,weaker
7,453,weaker
7,454,weaker
7,455,weaker
7,456,weaker
7,457,weaker
7,458,weaker
7,459,weaker
7,460,weaker
7,461,weaker
7,462,weaker
7,463,weaker
7,464,weaker
7,465,equivalent
7,466,weaker
7,467,weaker
7,468,equivalent
7,469,weaker
7,470,equivalent
7,471,equivalent
7,472,equivalent
7,473,weaker
7,474,weaker
7,475,equivalent
7,476,weaker
7,477,weaker
7,478,equivalent
7,479,weaker
7,480,equivalent
7,481,weaker
7,482,equivalent
7,483,weaker
7,484,equivalent
7,485,equivalent
7,486,equivalent
7,487,weaker
7,488,equivalent
7,489,weaker
7,490,equivalent
7,491,weaker
7,492,weaker
7,493,equivalent
7,494,equivalent
7,495,weaker
7,496,equivalent
7,497,equivalent
7,498,equivalent
7,499,equivalent
7,500,weaker
7,501,weaker
7,502,equivalent
7,503,weaker
7,504,weaker
7,505,equivalent
7,506,weaker
7,507,equivalent
7,508,weaker
7,509,equivalent
7,510,weaker
7,511,weaker
7,512,equivalent
7,513,weaker
7,514,equivalent
7,515,equivalent
7,516,weaker
7,517,equivalent
7,518,equivalent
7,519,equivalent
7,520,weaker
7,521,equivalent
7,522,weaker
7,523,equivalent
7,524,weaker
7,525,equivalent
7,526,equivalent
7,527,equivalent
7,528,weaker
7,529,equivalent
7,530,equivalent
7,531,equivalent
7,532,weaker
7,533,equivalent
7,534,equivalent
7,535,equivalent
7,536,equivalent
7,537,weaker
7,538,equivalent
7,539,equivalent
7,540,equivalent
7,541,weaker
7,542,equivalent
7,543,weaker
7,544,equivalent
7,545,weaker
7,546,weaker
7,547,equivalent
7,548,equivalent
7,549,weaker
7,550,equivalent
7,551,equivalent
7,552,equivalent
7,553,equivalent
7,554,weaker
7,555,equivalent
7,556,weaker
7,557,equivalent
7,558,weaker
7,559,equivalent
7,560,equivalent
7,561,equivalent
7,562,weaker
7,563,equivalent
7,564,equivalent
7,565,equivalent
7,566,weaker
7,567,equivalent
7,568,equivalent
7,569,equivalent
7,570,equivalent
7,571,weaker
7,572,weaker
7,573,equivalent
7,574,equivalent
7,575,weaker
7,576,equivalent
7,577,equivalent
7,578,equivalent
7,579,weaker
7,580,equivalent
7,581,equivalent
7,582,equivalent
7,583,weaker
7,584,equivalent
7,585,equivalent
7,586,equivalent
7,587,equivalent
7,588,weaker
7,589,equivalent
7,590,equivalent
7,591,equivalent
7,592,equivalent
7,593,weaker
7,594,equivalent
7,595,equivalent
7,596,equivalent
7,597,equivalent
7,598,weaker
7,599,equivalent
7,600,equivalent
7,601,equivalent
7,602,equivalent
7,603,weaker
7,604,equivalent
7,605,equivalent
7,606,equivalent
7,607,equivalent
7,608,weaker
7,609,equivalent
7,610,equivalent
7,611,equivalent
7,612,equivalent
7,613,equivalent
7,614,weaker
7,615,weaker
7,616,weaker
7,617,weaker
7,618,weaker
7,619,weaker
7,620,weaker
7,621,weaker
7,622,weaker
7,623,weaker
7,624,weaker
7,625,weaker
7,626,weaker
7,627,weaker
7,628,weaker
7,629,weaker
7,630,weaker
7,631,weaker
7,632,weaker
7,633,weaker
7,634,weaker
7,635,weaker
7,636,weaker
7,637,weaker
7,638,weaker
7,639,weaker
7,640,weaker
7,641,weaker
7,642,weaker
7,643,weaker
7,644,weaker
7,645,weaker
7,646,weaker
7,647,weaker
7,648,weaker
7,649,weaker
7,650,weaker
7,651,weaker
7,652,weaker
7,653,weaker
7,654,weaker
7,655,weaker
7,656,weaker
7,657,weaker
7,658,weaker
7,659,weaker
7,660,weaker
7,661,weaker
7,662,weaker
7,663,weaker
7,664,weaker
7,665,weaker
7,666,weaker
7,667,weaker
7,668,equivalent
7,669,weaker
7,670,weaker
7,671,equivalent
7,672,weaker
7,673,equivalent
7,674,equivalent
7,675,equivalent
7,676,weaker
7,677,weaker
7,678,equivalent
7,679,weaker
7,680,weaker
7,681,equivalent
7,682,weaker
7,683,equivalent
7,684,weaker
7,685,equivalent
7,686,weaker
7,687,equivalent
7,688,equivalent
7,689,equivalent
7,690,weaker
7,691,equivalent
7,692,weaker
7,693,equivalent
7,694,weaker
7,695,weaker
7,696,equivalent
7,697,equivalent
7,698,weaker
7,699,equivalent
7,700,equivalent
7,701,equivalent
7,702,equivalent
7,703,weaker
7,704,weaker
7,705,equivalent
7,706,weaker
7,707,weaker
7,708,equivalent
7,709,weaker
7,710,equivalent
7,711,weaker
7,712,equivalent
7,713,weaker
7,714,weaker
7,715,equivalent
7,716,weaker
7,717,equivalent
7,718,equivalent
7,719,weaker
7,720,equivalent
7,721,equivalent
7,722,equivalent
7,723,weaker
7,724,equivalent
7,725,weaker
7,726,equivalent
7,727,weaker
7,728,equivalent
7,729,equivalent
7,730,equivalent
7,731,weaker
7,732,equivalent
7,733,equivalent
7,734,equivalent
7,735,weaker
7,736,equivalent
7,737,equivalent
7,738,equivalent
7,739,equivalent
7,740,weaker
7,741,equivalent
7,742,equivalent
7,743,equivalent
7,744,weaker
7,745,equivalent
7,746,weaker
7,747,equivalent
7,748,weaker
7,749,weaker
7,750,equivalent
7,751,equivalent
7,752,weaker
7,753,equivalent
7,754,equivalent
7,755,equivalent
7,756,equivalent
7,757,weaker
7,758,equivalent
7,759,weaker
7,760,equivalent
7,761,weaker
7,762,equivalent
7,763,equivalent
7,764,equivalent
7,765,weaker
7,766,equivalent
7,767,equivalent
7,768,equivalent
7,769,weaker
7,770,equivalent
7,771,equivalent
7,772,equivalent
7,773,equivalent
7,774,weaker
7,775,weaker
7,776,equivalent
7,777,equivalent
7,778,weaker
7,779,equivalent
7,780,equivalent
7,781,equivalent
7,782,weaker
7,783,equivalent
7,784,equivalent
7,785,equivalent
7,786,weaker
7,787,equivalent
7,788,equivalent
7,789,equivalent
7,790,equivalent
7,791,weaker
7,792,equivalent
7,793,equivalent
7,794,equivalent
7,795,equivalent
7,796,weaker
7,797,equivalent
7,798,equivalent
7,799,equivalent
7,800,equivalent
7,801,weaker
7,802,equivalent
7,803,equivalent
7,804,equivalent
7,805,equivalent
7,806,weaker
7,807,equivalent
7,808,equivalent
7,809,equivalent
7,810,equivalent
7,811,weaker
7,812,equivalent
7,813,equivalent
7,814,equivalent
7,815,equivalent
7,816,equivalent
7,817,weaker
7,818,weaker
7,819,weaker
7,820,weaker
7,821,weaker
7,822,weaker
7,823,weaker
7,824,weaker
7,825,weaker
7,826,weaker
7,827,weaker
7,828,weaker
7,829,weaker
7,830,weaker
7,831,weaker
7,832,weaker
7,833,weaker
7,834,weaker
7,835,weaker
7,836,weaker
7,837,weaker
7,838,weaker
7,839,weaker
7,840,weaker
7,841,weaker
7,842,weaker
7,843,weaker
7,844,weaker
7,845,weaker
7,846,weaker
7,847,weaker
7,848,weaker
7,849,weaker
7,850,weaker
7,851,weaker
7,852,weaker
7,853,weaker
7,854,weaker
7,855,weaker
7,856,weaker
7,857,weaker
7,858,weaker
7,859,weaker
7,860,weaker
7,861,weaker
7,862,weaker
7,863,weaker
7,864,weaker
7,865,weaker
7,866,weaker
7,867,weaker
7,868,weaker
7,869,weaker
7,870,weaker
7,871,equivalent
7,872,weaker
7,873,weaker
7,874,equivalent
7,875,weaker
7,876,equivalent
7,877,equivalent
7,878,equivalent
7,879,weaker
7,880,weaker
7,881,equivalent
7,882,weaker
7,883,weaker
7,884,equivalent
7,885,weaker
7,886,equivalent
7,887,weaker
7,888,equivalent
7,889,weaker
7,890,equivalent
7,891,equivalent
7,892,equivalent
7,893,weaker
7,894,equivalent
7,895,weaker
7,896,equivalent
7,897,weaker
7,898,weaker
7,899,equivalent
7,900,equivalent
7,901,weaker
7,902,equivalent
7,903,equivalent
7,904,equivalent
7,905,equivalent
7,906,weaker
7,907,weaker
7,908,equivalent
7,909,weaker
7,910,weaker
7,911,equivalent
7,912,weaker
7,913,equivalent
7,914,weaker
7,915,equivalent
7,916,weaker
7,917,weaker
7,918,equivalent
7,919,weaker
7,920,equivalent
7,921,equivalent
7,922,weaker
7,923,equivalent
7,924,equivalent
7,925,equivalent
7,926,weaker
7,927,equivalent
7,928,weaker
7,929,equivalent
7,930,weaker
7,931,equivalent
7,932,equivalent
7,933,equivalent
7,934,weaker
7,935,equivalent
7,936,equivalent
7,937,equivalent
7,938,weaker
7,939,equivalent
7,940,equivalent
7,941,equivalent
7,942,equivalent
7,943,weaker
7,944,equivalent
7,945,equivalent
7,946,equivalent
7,947,weaker
7,948,equivalent
7,949,weaker
7,950,equivalent
7,951,weaker
7,952,weaker
7,953,equivalent
7,954,equivalent
7,955,weaker
7,956,equivalent
7,957,equivalent
7,958,equivalent
7,959,equivalent
7,960,weaker
7,961,equivalent
7,962,weaker
7,963,equivalent
7,964,weaker
7,965,equivalent
7,966,equivalent
7,967,equivalent
7,968,weaker
7,969,equivalent
7,970,equivalent
7,971,equivalent
7,972,weaker
7,973,equivalent
7,974,equivalent
7,975,equivalent
7,976,equivalent
7,977,weaker
7,978,weaker
7,979,equivalent
7,980,equivalent
7,981,weaker
7,982,equivalent
7,983,equivalent
7,984,equivalent
7,985,weaker
7,986,equivalent
7,987,equivalent
7,988,equivalent
7,989,weaker
7,990,equivalent
7,991,equivalent
7,992,equivalent
7,993,equivalent
7,994,weaker
7,995,equivalent
7,996,equivalent
7,997,equivalent
7,998,equivalent
7,999,weaker
7,1000,equivalent
7,1001,equivalent
7,1002,equivalent
7,1003,equivalent
7,1004,weaker
7,1005,equivalent
7,1006,equivalent
7,1007,equivalent
7,1008,equivalent
7,1009,weaker
7,1010,equivalent
7,1011,equivalent
7,1012,equivalent
7,1013,equivalent
7,1014,weaker
7,1015,equivalent
7,1016,equivalent
7,1017,equivalent
7,1018,equivalent
7,1019,equivalent
7,1020,weaker
7,1021,weaker
7,1022,weaker
7,1023,weaker
7,1024,weaker
7,1025,weaker
7,1026,weaker
7,1027,weaker
7,1028,weaker
7,1029,weaker
7,1030,weaker
7,1031,weaker
7,1032,weaker
7,1033,weaker
7,1034,weaker
7,1035,weaker
7,1036,weaker
7,1037,weaker
7,1038,weaker
7,1039,weaker
7,1040,weaker
7,1041,weaker
7,1042,weaker
7,1043,weaker
7,1044,weaker
7,1045,weaker
7,1046,weaker
7,1047,weaker
7,1048,weaker
7,1049,weaker
7,1050,weaker
7,1051,weaker
7,1052,weaker
7,1053,weaker
7,1054,weaker
7,1055,weaker
7,1056,weaker
7,1057,weaker
7,1058,weaker
7,1059,weaker
7,1060,weaker
7,1061,weaker
7,1062,weaker
7,1063,weaker
7,1064,weaker
7,1065,weaker
7,1066,weaker
7,1067,weaker
7,1068,weaker
7,1069,weaker
7,1070,weaker
7,1071,weaker
7,1072,weaker
7,1073,weaker
7,1074,equivalent
7,1075,weaker
7,1076,weaker
7,1077,equivalent
7,1078,weaker
7,1079,equivalent
7,1080,equivalent
7,1081,equivalent
7,1082,weaker
7,1083,weaker
7,1084,equivalent
7,1085,weaker
7,1086,weaker
7,1087,equivalent
7,1088,weaker
7,1089,equivalent
7,1090,weaker
7,1091,equivalent
7,1092,weaker
7,1093,equivalent
7,1094,equivalent
7,1095,equivalent
7,1096,weaker
7,1097,equivalent
7,1098,weaker
7,1099,equivalent
7,1100,weaker
7,1101,weaker
7,1102,equivalent
7,1103,equivalent
7,1104,weaker
7,1105,equivalent
7,1106,equivalent
7,1107,equivalent
7,1108,equivalent
7,1109,weaker
7,1110,weaker
7,1111,equivalent
7,1112,weaker
7,1113,weaker
7,1114,equivalent
7,1115,weaker
7,1116,equivalent
7,1117,weaker
7,1118,equivalent
7,1119,weaker
7,1120,weaker
7,1121,equivalent
7,1122,weaker
7,1123,equivalent
7,1124,equivalent
7,1125,weaker
7,1126,equivalent
7,1127,equivalent
7,1128,equivalent
7,1129,weaker
7,1130,equivalent
7,1131,weaker
7,1132,equivalent
7,1133,weaker
7,1134,equivalent
7,1135,equivalent
7,1136,equivalent
7,1137,weaker
7,1138,equivalent
7,1139,equivalent
7,1140,equivalent
7,1141,weaker
7,1142,equivalent
7,1143,equivalent
7,1144,equivalent
7,1145,equivalent
7,1146,weaker
7,1147,equivalent
7,1148,equivalent
7,1149,equivalent
7,1150,weaker
7,1151,equivalent
7,1152,weaker
7,1153,equivalent
7,1154,weaker
7,1155,weaker
7,1156,equivalent
7,1157,equivalent
7,1158,weaker
7,1159,equivalent
7,1160,equivalent
7,1161,equivalent
7,1162,equivalent
7,1163,weaker
7,1164,equivalent
7,1165,weaker
7,1166,equivalent
7,1167,weaker
7,1168,equivalent
7,1169,equivalent
7,1170,equivalent
7,1171,weaker
7,1172,equivalent
7,1173,equivalent
7,1174,equivalent
7,1175,weaker
7,1176,equivalent
7,1177,equivalent
7,1178,equivalent
7,1179,equivalent
7,1180,weaker
7,1181,weaker
7,1182,equivalent
7,1183,equivalent
7,1184,weaker
7,1185,equivalent
7,1186,equivalent
7,1187,equivalent
7,1188,weaker
7,1189,equivalent
7,1190,equivalent
7,1191,equivalent
7,1192,weaker
7,1193,equivalent
7,1194,equivalent
7,1195,equivalent
7,1196,equivalent
7,1197,weaker
7,1198,equivalent
7,1199,equivalent
7,1200,equivalent
7,1201,equivalent
7,1202,weaker
7,1203,equivalent
7,1204,equivalent
7,1205,equivalent
7,1206,equivalent
7,1207,weaker
7,1208,equivalent
7,1209,equivalent
7,1210,equivalent
7,1211,equivalent
7,1212,weaker
7,1213,equivalent
7,1214,equivalent
7,1215,equivalent
7,1216,equivalent
7,1217,weaker
7,1218,equivalent
7,1219,equivalent
7,1220,equivalent
7,1221,equivalent
7,1222,equivalent
7,1223,weaker
7,1224,weaker
7,1225,weaker
7,1226,weaker
7,1227,weaker
7,1228,weaker
7,1229,weaker
7,1230,weaker
7,1231,weaker
7,1232,weaker
7,1233,weaker
7,1234,weaker
7,1235,weaker
7,1236,weaker
7,1237,weaker
7,1238,weaker
7,1239,weaker
7,1240,weaker
7,1241,weaker
7,1242,weaker
7,1243,weaker
7,1244,weaker
7,1245,weaker
7,1246,weaker
7,1247,weaker
7,1248,weaker
7,1249,weaker
7,1250,weaker
7,1251,weaker
7,1252,weaker
7,1253,weaker
7,1254,weaker
7,1255,weaker
7,1256,weaker
7,1257,weaker
7,1258,weaker
7,1259,weaker
7,1260,weaker
7,1261,weaker
7,1262,weaker
7,1263,weaker
7,1264,weaker
7,1265,weaker
7,1266,weaker
7,1267,weaker
7,1268,weaker
7,1269,weaker
7,1270,weaker
7,1271,weaker
7,1272,weaker
7,1273,weaker
7,1274,weaker
7,1275,weaker
7,1276,weaker
7,1277,equivalent
7,1278,weaker
7,1279,weaker
7,1280,equivalent
7,1281,weaker
7,1282,equivalent
7,1283,equivalent
7,1284,equivalent
7,1285,weaker
7,1286,weaker
7,1287,equivalent
7,1288,weaker
7,1289,weaker
7,1290,equivalent
7,1291,weaker
7,1292,equivalent
7,1293,weaker
7,1294,equivalent
7,1295,weaker
7,1296,equivalent
7,1297,equivalent
7,1298,equivalent
7,1299,weaker
7,1300,equivalent
7,1301,weaker
7,1302,equivalent
7,1303,weaker
7,1304,weaker
7,1305,equivalent
7,1306,equivalent
7,1307,weaker
7,1308,equivalent
7,1309,equivalent
7,1310,equivalent
7,1311,equivalent
7,1312,weaker
7,1313,weaker
7,1314,equivalent
7,1315,weaker
7,1316,weaker
7,1317,equivalent
7,1318,weaker
7,1319,equivalent
7,1320,weaker
7,1321,equivalent
7,1322,weaker
7,1323,weaker
7,1324,equivalent
7,1325,weaker
7,1326,equivalent
7,1327,equivalent
7,1328,weaker
7,1329,equivalent
7,1330,equivalent
7,1331,equivalent
7,1332,weaker
7,1333,equivalent
7,1334,weaker
7,1335,equivalent
7,1336,weaker
7,1337,equivalent
7,1338,equivalent
7,1339,equivalent
7,1340,weaker
7,1341,equivalent
7,1342,equivalent
7,1343,equivalent
7,1344,weaker
7,1345,equivalent
7,1346,equivalent
7,1347,equivalent
7,1348,equivalent
7,1349,weaker
7,1350,equivalent
7,1351,equivalent
7,1352,equivalent
7,1353,weaker
7,1354,equivalent
7,1355,weaker
7,1356,equivalent
7,1357,weaker
7,1358,weaker
7,1359,equivalent
7,1360,equivalent
7,1361,weaker
7,1362,equivalent
7,1363,equivalent
7,1364,equivalent
7,1365,equivalent
7,1366,weaker
7,1367,equivalent
7,1368,weaker
7,1369,equivalent
7,1370,weaker
7,1371,equivalent
7,1372,equivalent
7,1373,equivalent
7,1374,weaker
7,1375,equivalent
7,1376,equivalent
7,1377,equivalent
7,1378,weaker
7,1379,equivalent
7,1380,equivalent
7,1381,equivalent
7,1382,equivalent
7,1383,weaker
7,1384,weaker
7,1385,equivalent
7,1386,equivalent
7,1387,weaker
7,1388,equivalent
7,1389,equivalent
7,1390,equivalent
7,1391,weaker
7,1392,equivalent
7,1393,equivalent
7,1394,equivalent
7,1395,weaker
7,1396,equivalent
7,1397,equivalent
7,1398,equivalent
7,1399,equivalent
7,1400,weaker
7,1401,equivalent
7,1402,equivalent
7,1403,equivalent
7,1404,equivalent
7,1405,weaker
7,1406,equivalent
7,1407,equivalent
7,1408,equivalent
7,1409,equivalent
7,1410,weaker
7,1411,equivalent
7,1412,equivalent
7,1413,equivalent
7,1414,equivalent
7,1415,weaker
7,1416,equivalent
7,1417,equivalent
7,1418,equivalent
7,1419,equivalent
7,1420,weaker
7,1421,equivalent
7,1422,equivalent
7,1423,equivalent
7,1424,equivalent
7,1425,equivalent
7,1426,weaker
7,1427,weaker
7,1428,weaker
7,1429,weaker
7,1430,weaker
7,1431,weaker
7,1432,weaker
7,1433,weaker
7,1434,weaker
7,1435,weaker
7,1436,weaker
7,1437,weaker
7,1438,weaker
7,1439,weaker
7,1440,weaker
7,1441,weaker
7,1442,weaker
7,1443,weaker
7,1444,weaker
7,1445,weaker
7,1446,weaker
7,1447,weaker
7,1448,weaker
7,1449,weaker
7,1450,weaker
7,1451,weaker
7,1452,weaker
7,1453,weaker
7,1454,weaker
7,1455,weaker
7,1456,weaker
7,1457,weaker
7,1458,weaker
7,1459,weaker
7,1460,weaker
7,1461,weaker
7,1462,weaker
7,1463,weaker
7,1464,weaker
7,1465,weaker
7,1466,weaker
7,1467,weaker
7,1468,weaker
7,1469,weaker
7,1470,weaker
7,1471,weaker
7,1472,weaker
7,1473,weaker
7,1474,weaker
7,1475,weaker
7,1476,weaker
7,1477,weaker
7,1478,weaker
7,1479,weaker
7,1480,weaker
7,1481,weaker
7,1482,weaker
7,1483,weaker
7,1484,weaker
7,1485,weaker
7,1486,weaker
7,1487,weaker
7,1488,weaker
7,1489,weaker
7,1490,equivalent
7,1491,weaker
7,1492,weaker
7,1493,equivalent
7,1494,weaker
7,1495,equivalent
7,1496,weaker
7,1497,equivalent
7,1498,weaker
7,1499,equivalent
7,1500,equivalent
7,1501,equivalent
7,1502,weaker
7,1503,equivalent
7,1504,weaker
7,1505,equivalent
7,1506,weaker
7,1507,weaker
7,1508,equivalent
7,1509,equivalent
7,1510,weaker
7,1511,equivalent
7,1512,equivalent
7,1513,equivalent
7,1514,equivalent
7,1515,weaker
7,1516,weaker
7,1517,equivalent
7,1518,weaker
7,1519,weaker
7,1520,equivalent
7,1521,weaker
7,1522,equivalent
7,1523,weaker
7,1524,equivalent
7,1525,weaker
7,1526,weaker
7,1527,equivalent
7,1528,weaker
7,1529,equivalent
7,1530,equivalent
7,1531,weaker
7,1532,equivalent
7,1533,equivalent
7,1534,equivalent
7,1535,weaker
7,1536,equivalent
7,1537,weaker
7,1538,equivalent
7,1539,weaker
7,1540,equivalent
7,1541,equivalent
7,1542,equivalent
7,1543,weaker
7,1544,equivalent
7,1545,equivalent
7,1546,equivalent
7,1547,weaker
7,1548,equivalent
7,1549,equivalent
7,1550,equivalent
7,1551,equivalent
7,1552,weaker
7,1553,equivalent
7,1554,equivalent
7,1555,equivalent
7,1556,weaker
7,1557,equivalent
7,1558,weaker
7,1559,equivalent
7,1560,weaker
7,1561,weaker
7,1562,equivalent
7,1563,equivalent
7,1564,weaker
7,1565,equivalent
7,1566,equivalent
7,1567,equivalent
7,1568,equivalent
7,1569,weaker
7,1570,equivalent
7,1571,weaker
7,1572,equivalent
7,1573,weaker
7,1574,equivalent
7,1575,equivalent
7,1576,equivalent
7,1577,weaker
7,1578,equivalent
7,1579,equivalent
7,1580,equivalent
7,1581,weaker
7,1582,equivalent
7,1583,equivalent
7,1584,equivalent
7,1585,equivalent
7,1586,weaker
7,1587,weaker
7,1588,equivalent
7,1589,equivalent
7,1590,weaker
7,1591,equivalent
7,1592,equivalent
7,1593,equivalent
7,1594,weaker
7,1595,equivalent
7,1596,equivalent
7,1597,equivalent
7,1598,weaker
7,1599,equivalent
7,1600,equivalent
7,1601,equivalent
7,1602,equivalent
7,1603,weaker
7,1604,equivalent
7,1605,equivalent
7,1606,equivalent
7,1607,equivalent
7,1608,weaker
7,1609,equivalent
7,1610,equivalent
7,1611,equivalent
7,1612,equivalent
7,1613,weaker
7,1614,equivalent
7,1615,equivalent
7,1616,equivalent
7,1617,equivalent
7,1618,weaker
7,1619,equivalent
7,1620,equivalent
7,1621,equivalent
7,1622,equivalent
7,1623,weaker
7,1624,equivalent
7,1625,equivalent
7,1626,equivalent
7,1627,equivalent
7,1628,equivalent
7,1629,weaker
7,1630,weaker
7,1631,weaker
7,1632,weaker
7,1633,weaker
7,1634,weaker
7,1635,weaker
7,1636,weaker
7,1637,weaker
7,1638,weaker
7,1639,weaker
7,1640,weaker
7,1641,weaker
7,1642,weaker
7,1643,weaker
7,1644,weaker
7,1645,weaker
7,1646,weaker
7,1647,weaker
7,1648,weaker
7,1649,weaker
7,1650,weaker
7,1651,weaker
7,1652,weaker
7,1653,weaker
7,1654,weaker
7,1655,weaker
7,1656,weaker
7,1657,weaker
7,1658,weaker
7,1659,weaker
7,1660,weaker
7,1661,weaker
7,1662,weaker
7,1663,weaker
7,1664,weaker
7,1665,weaker
7,1666,weaker
7,1667,weaker
7,1668,weaker
7,1669,weaker
7,1670,weaker
7,1671,weaker
7,1672,weaker
7,1673,weaker
7,1674,weaker
7,1675,weaker
7,1676,weaker
7,1677,weaker
7,1678,weaker
7,1679,weaker
7,1680,weaker
7,1681,weaker
7,1682,weaker
7,1683,equivalent
7,1684,weaker
7,1685,weaker
7,1686,equivalent
7,1687,weaker
7,1688,equivalent
7,1689,equivalent
7,1690,equivalent
7,1691,weaker
7,1692,weaker
7,1693,equivalent
7,1694,weaker
7,1695,weaker
7,1696,equivalent
7,1697,weaker
7,1698,equivalent
7,1699,weaker
7,1700,equivalent
7,1701,weaker
7,1702,equivalent
7,1703,equivalent
7,1704,equivalent
7,1705,weaker
7,1706,equivalent
7,1707,weaker
7,1708,equivalent
7,1709,weaker
7,1710,weaker
7,1711,equivalent
7,1712,equivalent
7,1713,weaker
7,1714,equivalent
7,1715,equivalent
7,1716,equivalent
7,1717,equivalent
7,1718,weaker
7,1719,weaker
7,1720,equivalent
7,1721,weaker
7,1722,weaker
7,1723,equivalent
7,1724,weaker
7,1725,equivalent
7,1726,weaker
7,1727,equivalent
7,1728,weaker
7,1729,weaker
7,1730,equivalent
7,1731,weaker
7,1732,equivalent
7,1733,equivalent
7,1734,weaker
7,1735,equivalent
7,1736,equivalent
7,1737,equivalent
7,1738,weaker
7,1739,equivalent
7,1740,weaker
7,1741,equivalent
7,1742,weaker
7,1743,equivalent
7,1744,equivalent
7,1745,equivalent
7,1746,weaker
7,1747,equivalent
7,1748,equivalent
7,1749,equivalent
7,1750,weaker
7,1751,equivalent
7,1752,equivalent
7,1753,equivalent
7,1754,equivalent
7,1755,weaker
7,1756,equivalent
7,1757,equivalent
7,1758,equivalent
7,1759,weaker
7,1760,equivalent
7,1761,weaker
7,1762,equivalent
7,1763,weaker
7,1764,weaker
7,1765,equivalent
7,1766,equivalent
7,1767,weaker
7,1768,equivalent
7,1769,equivalent
7,1770,equivalent
7,1771,equivalent
7,1772,weaker
7,1773,equivalent
7,1774,weaker
7,1775,equivalent
7,1776,weaker
7,1777,equivalent
7,1778,equivalent
7,1779,equivalent
7,1780,weaker
7,1781,equivalent
7,1782,equivalent
7,1783,equivalent
7,1784,weaker
7,1785,equivalent
7,1786,equivalent
7,1787,equivalent
7,1788,equivalent
7,1789,weaker
7,1790,weaker
7,1791,equivalent
7,1792,equivalent
7,1793,weaker
7,1794,equivalent
7,1795,equivalent
7,1796,equivalent
7,1797,weaker
7,1798,equivalent
7,1799,equivalent
7,1800,equivalent
7,1801,weaker
7,1802,equivalent
7,1803,equivalent
7,1804,equivalent
7,1805,equivalent
7,1806,weaker
7,1807,equivalent
7,1808,equivalent
7,1809,equivalent
7,1810,equivalent
7,1811,weaker
7,1812,equivalent
7,1813,equivalent
7,1814,equivalent
7,1815,equivalent
7,1816,weaker
7,1817,equivalent
7,1818,equivalent
7,1819,equivalent
7,1820,equivalent
7,1821,weaker
7,1822,equivalent
7,1823,equivalent
7,1824,equivalent
7,1825,equivalent
7,1826,weaker
7,1827,equivalent
7,1828,equivalent
7,1829,equivalent
7,1830,equivalent
7,1831,equivalent
7,1832,weaker
7,1833,weaker
7,1834,weaker
7,1835,weaker
7,1836,weaker
7,1837,weaker
7,1838,weaker
7,1839,weaker
7,1840,weaker
7,1841,weaker
7,1842,weaker
7,1843,weaker
7,1844,weaker
7,1845,weaker
7,1846,weaker
7,1847,weaker
7,1848,weaker
7,1849,weaker
7,1850,weaker
7,1851,weaker
7,1852,weaker
7,1853,weaker
7,1854,weaker
7,1855,weaker
7,1856,weaker
7,1857,weaker
7,1858,weaker
7,1859,weaker
7,1860,weaker
7,1861,weaker
7,1862,weaker
7,1863,weaker
7,1864,weaker
7,1865,weaker
7,1866,weaker
7,1867,weaker
7,1868,weaker
7,1869,weaker
7,1870,weaker
7,1871,weaker
7,1872,weaker
7,1873,weaker
7,1874,weaker
7,1875,weaker
7,1876,weaker
7,1877,weaker
7,1878,weaker
7,1879,weaker
7,1880,weaker
7,1881,weaker
7,1882,weaker
7,1883,weaker
7,1884,weaker
7,1885,weaker
7,1886,equivalent
7,1887,weaker
7,1888,weaker
7,1889,equivalent
7,1890,weaker
7,1891,equivalent
7,1892,equivalent
7,1893,equivalent
7,1894,weaker
7,1895,weaker
7,1896,equivalent
7,1897,weaker
7,1898,weaker
7,1899,equivalent
7,1900,weaker
7,1901,equivalent
7,1902,weaker
7,1903,equivalent
7,1904,weaker
7,1905,equivalent
7,1906,equivalent
7,1907,equivalent
7,1908,weaker
7,1909,equivalent
7,1910,weaker
7,1911,equivalent
7,1912,weaker
7,1913,weaker
7,1914,equivalent
7,1915,equivalent
7,1916,weaker
7,1917,equivalent
7,1918,equivalent
7,1919,equivalent
7,1920,equivalent
7,1921,weaker
7,1922,weaker
7,1923,equivalent
7,1924,weaker
7,1925,weaker
7,1926,equivalent
7,1927,weaker
7,1928,equivalent
7,1929,weaker
7,1930,equivalent
7,1931,weaker
7,1932,weaker
7,1933,equivalent
7,1934,weaker
7,1935,equivalent
7,1936,equivalent
7,1937,weaker
7,1938,equivalent
7,1939,equivalent
7,1940,equivalent
7,1941,weaker
7,1942,equivalent
7,1943,weaker
7,1944,equivalent
7,1945,weaker
7,1946,equivalent
7,1947,equivalent
7,1948,equivalent
7,1949,weaker
7,1950,equivalent
7,1951,equivalent
7,1952,equivalent
7,1953,weaker
7,1954,equivalent
7,1955,equivalent
7,1956,equivalent
7,1957,equivalent
7,1958,weaker
7,1959,equivalent
7,1960,equivalent
7,1961,equivalent
7,1962,weaker
7,1963,equivalent
7,1964,weaker
7,1965,equivalent
7,1966,weaker
7,1967,weaker
7,1968,equivalent
7,1969,equivalent
7,1970,weaker
7,1971,equivalent
7,1972,equivalent
7,1973,equivalent
7,1974,equivalent
7,1975,weaker
7,1976,equivalent
7,1977,weaker
7,1978,equivalent
7,1979,weaker
7,1980,equivalent
7,1981,equivalent
7,1982,equivalent
7,1983,weaker
7,1984,equivalent
7,1985,equivalent
7,1986,equivalent
7,1987,weaker
7,1988,equivalent
7,1989,equivalent
7,1990,equivalent
7,1991,equivalent
7,1992,weaker
7,1993,weaker
7,1994,equivalent
7,1995,equivalent
7,1996,weaker
7,1997,equivalent
7,1998,equivalent
7,1999,equivalent
7,2000,weaker
7,2001,equivalent
7,2002,equivalent
7,2003,equivalent
7,2004,weaker
7,2005,equivalent
7,2006,equivalent
7,2007,equivalent
7,2008,equivalent
7,2009,weaker
7,2010,equivalent
7,2011,equivalent
7,2012,equivalent
7,2013,equivalent
7,2014,weaker
7,2015,equivalent
7,2016,equivalent
7,2017,equivalent
7,2018,equivalent
7,2019,weaker
7,2020,equivalent
7,2021,equivalent
7,2022,equivalent
7,2023,equivalent
7,2024,weaker
7,2025,equivalent
7,2026,equivalent
7,2027,equivalent
7,2028,equivalent
7,2029,weaker
7,2030,equivalent
7,2031,equivalent
7,2032,equivalent
7,2033,equivalent
7,2034,equivalent
7,2035,weaker
7,2036,weaker
7,2037,weaker
7,2038,weaker
7,2039,weaker
7,2040,weaker
7,2041,weaker
7,2042,weaker
7,2043,weaker
7,2044,weaker
7,2045,weaker
7,2046,weaker
7,2047,weaker
7,2048,weaker
7,2049,weaker
7,2050,weaker
7,2051,weaker
7,2052,weaker
7,2053,weaker
7,2054,weaker
7,2055,weaker
7,2056,weaker
7,2057,weaker
7,2058,weaker
7,2059,weaker
7,2060,weaker
7,2061,weaker
7,2062,weaker
7,2063,weaker
7,2064,weaker
7,2065,weaker
7,2066,weaker
7,2067,weaker
7,2068,weaker
7,2069,weaker
7,2070,weaker
7,2071,weaker
7,2072,weaker
7,2073,weaker
7,2074,weaker
7,2075,weaker
7,2076,weaker
7,2077,weaker
7,2078,weaker
7,2079,weaker
7,2080,weaker
7,2081,weaker
7,2082,weaker
7,2083,weaker
7,2084,weaker
7,2085,weaker
7,2086,weaker
7,2087,weaker
7,2088,weaker
7,2089,weaker
7,2090,weaker
7,2091,weaker
7,2092,equivalent
7,2093,weaker
7,2094,equivalent
7,2095,equivalent
7,2096,equivalent
7,2097,weaker
7,2098,weaker
7,2099,equivalent
7,2100,weaker
7,2101,weaker
7,2102,equivalent
7,2103,weaker
7,2104,equivalent
7,2105,weaker
7,2106,equivalent
7,2107,weaker
7,2108,equivalent
7,2109,equivalent
7,2110,equivalent
7,2111,weaker
7,2112,equivalent
7,2113,weaker
7,2114,equivalent
7,2115,weaker
7,2116,weaker
7,2117,equivalent
7,2118,equivalent
7,2119,weaker
7,2120,equivalent
7,2121,equivalent
7,2122,equivalent
7,2123,equivalent
7,2124,weaker
7,2125,weaker
7,2126,weaker
7,2127,weaker
7,2128,weaker
7,2129,equivalent
7,2130,weaker
7,2131,equivalent
7,2132,weaker
7,2133,equivalent
7,2134,weaker
7,2135,weaker
7,2136,equivalent
7,2137,weaker
7,2138,equivalent
7,2139,equivalent
7,2140,weaker
7,2141,equivalent
7,2142,equivalent
7,2143,equivalent
7,2144,weaker
7,2145,equivalent
7,2146,weaker
7,2147,equivalent
7,2148,weaker
7,2149,equivalent
7,2150,equivalent
7,2151,equivalent
7,2152,weaker
7,2153,equivalent
7,2154,equivalent
7,2155,equivalent
7,2156,weaker
7,2157,equivalent
7,2158,equivalent
7,2159,equivalent
7,2160,equivalent
7,2161,weaker
7,2162,weaker
7,2163,weaker
7,2164,weaker
7,2165,weaker
7,2166,equivalent
7,2167,weaker
7,2168,equivalent
7,2169,weaker
7,2170,weaker
7,2171,equivalent
7,2172,equivalent
7,2173,weaker
7,2174,equivalent
7,2175,equivalent
7,2176,equivalent
7,2177,equivalent
7,2178,weaker
7,2179,equivalent
7,2180,weaker
7,2181,equivalent
7,2182,weaker
7,2183,equivalent
7,2184,equivalent
7,2185,equivalent
7,2186,weaker
7,2187,equivalent
7,2188,equivalent
7,2189,equivalent
7,2190,weaker
7,2191,equivalent
7,2192,equivalent
7,2193,equivalent
7,2194,equivalent
7,2195,weaker
7,2196,weaker
7,2197,equivalent
7,2198,equivalent
7,2199,weaker
7,2200,equivalent
7,2201,equivalent
7,2202,equivalent
7,2203,weaker
7,2204,equivalent
7,2205,equivalent
7,2206,equivalent
7,2207,weaker
7,2208,equivalent
7,2209,equivalent
7,2210,equivalent
7,2211,equivalent
7,2212,weaker
7,2213,equivalent
7,2214,equivalent
7,2215,equivalent
7,2216,equivalent
7,2217,weaker
7,2218,equivalent
7,2219,equivalent
7,2220,equivalent
7,2221,equivalent
7,2222,weaker
7,2223,equivalent
7,2224,equivalent
7,2225,equivalent
7,2226,equivalent
7,2227,weaker
7,2228,equivalent
7,2229,equivalent
7,2230,equivalent
7,2231,equivalent
7,2232,weaker
7,2233,equivalent
7,2234,equivalent
7,2235,equivalent
7,2236,equivalent
7,2237,equivalent
7,2238,weaker
7,2239,weaker
7,2240,weaker
7,2241,weaker
7,2242,weaker
7,2243,weaker
7,2244,weaker
7,2245,weaker
7,2246,weaker
7,2247,weaker
7,2248,weaker
7,2249,weaker
7,2250,weaker
7,2251,weaker
7,2252,weaker
7,2253,weaker
7,2254,weaker
7,2255,weaker
7,2256,weaker
7,2257,weaker
7,2258,weaker
7,2259,weaker
7,2260,weaker
7,2261,weaker
7,2262,weaker
7,2263,weaker
7,2264,weaker
7,2265,weaker
7,2266,weaker
7,2267,weaker
7,2268,weaker
7,2269,weaker
7,2270,weaker
7,2271,weaker
7,2272,weaker
7,2273,weaker
7,2274,weaker
7,2275,weaker
7,2276,weaker
7,2277,weaker
7,2278,weaker
7,2279,weaker
7,2280,weaker
7,2281,weaker
7,2282,weaker
7,2283,weaker
7,2284,weaker
7,2285,weaker
7,2286,weaker
7,2287,weaker
7,2288,weaker
7,2289,weaker
7,2290,weaker
7,2291,weaker
7,2292,equivalent
7,2293,weaker
7,2294,weaker
7,2295,equivalent
7,2296,weaker
7,2297,equivalent
7,2298,equivalent
7,2299,equivalent
7,2300,weaker
7,2301,weaker
7,2302,equivalent
7,2303,weaker
7,2304,weaker
7,2305,equivalent
7,2306,weaker
7,2307,equivalent
7,2308,weaker
7,2309,equivalent
7,2310,weaker
7,2311,equivalent
7,2312,equivalent
7,2313,equivalent
7,2314,weaker
7,2315,equivalent
7,2316,weaker
7,2317,equivalent
7,2318,weaker
7,2319,weaker
7,2320,equivalent
7,2321,equivalent
7,2322,weaker
7,2323,equivalent
7,2324,equivalent
7,2325,equivalent
7,2326,equivalent
7,2327,weaker
7,2328,weaker
7,2329,equivalent
7,2330,weaker
7,2331,weaker
7,2332,equivalent
7,2333,weaker
7,2334,equivalent
7,2335,weaker
7,2336,equivalent
7,2337,weaker
7,2338,weaker
7,2339,equivalent
7,2340,weaker
7,2341,equivalent
7,2342,equivalent
7,2343,weaker
7,2344,equivalent
7,2345,equivalent
7,2346,equivalent
7,2347,weaker
7,2348,equivalent
7,2349,weaker
7,2350,equivalent
7,2351,weaker
7,2352,equivalent
7,2353,equivalent
7,2354,equivalent
7,2355,weaker
7,2356,equivalent
7,2357,equivalent
7,2358,equivalent
7,2359,weaker
7,2360,equivalent
7,2361,equivalent
7,2362,equivalent
7,2363,equivalent
7,2364,weaker
7,2365,equivalent
7,2366,equivalent
7,2367,equivalent
7,2368,weaker
7,2369,equivalent
7,2370,weaker
7,2371,equivalent
7,2372,weaker
7,2373,weaker
7,2374,equivalent
7,2375,equivalent
7,2376,weaker
7,2377,equivalent
7,2378,equivalent
7,2379,equivalent
7,2380,equivalent
7,2381,weaker
7,2382,equivalent
7,2383,weaker
7,2384,equivalent
7,2385,weaker
7,2386,equivalent
7,2387,equivalent
7,2388,equivalent
7,2389,weaker
7,2390,equivalent
7,2391,equivalent
7,2392,equivalent
7,2393,weaker
7,2394,equivalent
7,2395,equivalent
7,2396,equivalent
7,2397,equivalent
7,2398,weaker
7,2399,weaker
7,2400,equivalent
7,2401,equivalent
7,2402,weaker
7,2403,equivalent
7,2404,equivalent
7,2405,equivalent
7,2406,weaker
7,2407,equivalent
7,2408,equivalent
7,2409,equivalent
7,2410,weaker
7,2411,equivalent
7,2412,equivalent
7,2413,equivalent
7,2414,equivalent
7,2415,weaker
7,2416,equivalent
7,2417,equivalent
7,2418,equivalent
7,2419,equivalent
7,2420,weaker
7,2421,equivalent
7,2422,equivalent
7,2423,equivalent
7,2424,equivalent
7,2425,weaker
7,2426,equivalent
7,2427,equivalent
7,2428,equivalent
7,2429,equivalent
7,2430,weaker
7,2431,equivalent
7,2432,equivalent
7,2433,equivalent
7,2434,equivalent
7,2435,weaker
7,2436,equivalent
7,2437,equivalent
7,2438,equivalent
7,2439,equivalent
7,2440,equivalent
7,2441,weaker
7,2442,weaker
7,2443,weaker
7,2444,weaker
7,2445,weaker
7,2446,weaker
7,2447,weaker
7,2448,weaker
7,2449,weaker
7,2450,weaker
7,2451,weaker
7,2452,weaker
7,2453,weaker
7,2454,weaker
7,2455,weaker
7,2456,weaker
7,2457,weaker
7,2458,weaker
7,2459,weaker
7,2460,weaker
7,2461,weaker
7,2462,weaker
7,2463,weaker
7,2464,weaker
7,2465,weaker
7,2466,weaker
7,2467,weaker
7,2468,weaker
7,2469,weaker
7,2470,weaker
7,2471,weaker
7,2472,weaker
7,2473,weaker
7,2474,weaker
7,2475,weaker
7,2476,weaker
7,2477,weaker
7,2478,weaker
7,2479,weaker
7,2480,weaker
7,2481,weaker
7,2482,weaker
7,2483,weaker
7,2484,weaker
7,2485,weaker
7,2486,weaker
7,2487,weaker
7,2488,weaker
7,2489,weaker
7,2490,weaker
7,2491,weaker
7,2492,weaker
7,2493,weaker
7,2494,weaker
7,2495,equivalent
7,2496,weaker
7,2497,weaker
7,2498,equivalent
7,2499,weaker
7,2500,equivalent
7,2501,equivalent
7,2502,equivalent
7,2503,weaker
7,2504,weaker
7,2505,equivalent
7,2506,weaker
7,2507,weaker
7,2508,equivalent
7,2509,weaker
7,2510,equivalent
7,2511,weaker
7,2512,equivalent
7,2513,weaker
7,2514,equivalent
7,2515,equivalent
7,2516,equivalent
7,2517,weaker
7,2518,equivalent
7,2519,weaker
7,2520,equivalent
7,2521,weaker
7,2522,weaker
7,2523,equivalent
7,2524,equivalent
7,2525,weaker
7,2526,equivalent
7,2527,equivalent
7,2528,equivalent
7,2529,equivalent
7,2530,weaker
7,2531,weaker
7,2532,equivalent
7,2533,weaker
7,2534,weaker
7,2535,equivalent
7,2536,weaker
7,2537,equivalent
7,2538,weaker
7,2539,equivalent
7,2540,weaker
7,2541,weaker
7,2542,equivalent
7,2543,weaker
7,2544,equivalent
7,2545,equivalent
7,2546,weaker
7,2547,equivalent
7,2548,equivalent
7,2549,equivalent
7,2550,weaker
7,2551,equivalent
7,2552,weaker
7,2553,equivalent
7,2554,weaker
7,2555,equivalent
7,2556,equivalent
7,2557,equivalent
7,2558,weaker
7,2559,equivalent
7,2560,equivalent
7,2561,equivalent
7,2562,weaker
7,2563,equivalent
7,2564,equivalent
7,2565,equivalent
7,2566,equivalent
7,2567,weaker
7,2568,equivalent
7,2569,equivalent
7,2570,equivalent
7,2571,weaker
7,2572,equivalent
7,2573,weaker
7,2574,equivalent
7,2575,weaker
7,2576,weaker
7,2577,equivalent
7,2578,equivalent
7,2579,weaker
7,2580,equivalent
7,2581,equivalent
7,2582,equivalent
7,2583,equivalent
7,2584,weaker
7,2585,equivalent
7,2586,weaker
7,2587,equivalent
7,2588,weaker
7,2589,equivalent
7,2590,equivalent
7,2591,equivalent
7,2592,weaker
7,2593,equivalent
7,2594,equivalent
7,2595,equivalent
7,2596,weaker
7,2597,equivalent
7,2598,equivalent
7,2599,equivalent
7,2600,equivalent
7,2601,weaker
7,2602,weaker
7,2603,equivalent
7,2604,equivalent
7,2605,weaker
7,2606,equivalent
7,2607,equivalent
7,2608,equivalent
7,2609,weaker
7,2610,equivalent
7,2611,equivalent
7,2612,equivalent
7,2613,weaker
7,2614,equivalent
7,2615,equivalent
7,2616,equivalent
7,2617,equivalent
7,2618,weaker
7,2619,equivalent
7,2620,equivalent
7,2621,equivalent
7,2622,equivalent
7,2623,weaker
7,2624,equivalent
7,2625,equivalent
7,2626,equivalent
7,2627,equivalent
7,2628,weaker
7,2629,equivalent
7,2630,equivalent
7,2631,equivalent
7,2632,equivalent
7,2633,weaker
7,2634,equivalent
7,2635,equivalent
7,2636,equivalent
7,2637,equivalent
7,2638,weaker
7,2639,equivalent
7,2640,equivalent
7,2641,equivalent
7,2642,equivalent
7,2643,equivalent
7,2644,weaker
7,2645,weaker
7,2646,weaker
7,2647,weaker
7,2648,weaker
7,2649,weaker
7,2650,weaker
7,2651,weaker
7,2652,weaker
7,2653,weaker
7,2654,weaker
7,2655,weaker
7,2656,weaker
7,2657,weaker
7,2658,weaker
7,2659,weaker
7,2660,weaker
7,2661,weaker
7,2662,weaker
7,2663,weaker
7,2664,weaker
7,2665,weaker
7,2666,weaker
7,2667,weaker
7,2668,weaker
7,2669,weaker
7,2670,weaker
7,2671,weaker
7,2672,weaker
7,2673,weaker
7,2674,weaker
7,2675,weaker
7,2676,weaker
7,2677,weaker
7,2678,weaker
7,2679,weaker
7,2680,weaker
7,2681,weaker
7,2682,weaker
7,2683,weaker
7,2684,weaker
7,2685,weaker
7,2686,weaker
7,2687,weaker
7,2688,weaker
7,2689,weaker
7,2690,weaker
7,2691,weaker
7,2692,weaker
7,2693,weaker
7,2694,weaker
7,2695,weaker
7,2696,weaker
7,2697,weaker
7,2698,equivalent
7,2699,weaker
7,2700,weaker
7,2701,equivalent
7,2702,weaker
7,2703,equivalent
7,2704,equivalent
7,2705,equivalent
7,2706,weaker
7,2707,weaker
7,2708,equivalent
7,2709,weaker
7,2710,weaker
7,2711,equivalent
7,2712,weaker
7,2713,equivalent
7,2714,weaker
7,2715,equivalent
7,2716,weaker
7,2717,equivalent
7,2718,equivalent
7,2719,equivalent
7,2720,weaker
7,2721,equivalent
7,2722,weaker
7,2723,equivalent
7,2724,weaker
7,2725,weaker
7,2726,equivalent
7,2727,equivalent
7,2728,weaker
7,2729,equivalent
7,2730,equivalent
7,2731,equivalent
7,2732,equivalent
7,2733,weaker
7,2734,weaker
7,2735,equivalent
7,2736,weaker
7,2737,weaker
7,2738,equivalent
7,2739,weaker
7,2740,equivalent
7,2741,weaker
7,2742,equivalent
7,2743,weaker
7,2744,weaker
7,2745,equivalent
7,2746,weaker
7,2747,equivalent
7,2748,equivalent
7,2749,weaker
7,2750,equivalent
7,2751,equivalent
7,2752,equivalent
7,2753,weaker
7,2754,equivalent
7,2755,weaker
7,2756,equivalent
7,2757,weaker
7,2758,equivalent
7,2759,equivalent
7,2760,equivalent
7,2761,weaker
7,2762,equivalent
7,2763,equivalent
7,2764,equivalent
7,2765,weaker
7,2766,equivalent
7,2767,equivalent
7,2768,equivalent
7,2769,equivalent
7,2770,weaker
7,2771,equivalent
7,2772,equivalent
7,2773,equivalent
7,2774,weaker
7,2775,equivalent
7,2776,weaker
7,2777,equivalent
7,2778,weaker
7,2779,weaker
7,2780,equivalent
7,2781,equivalent
7,2782,weaker
7,2783,equivalent
7,2784,equivalent
7,2785,equivalent
7,2786,equivalent
7,2787,weaker
7,2788,equivalent
7,2789,weaker
7,2790,equivalent
7,2791,weaker
7,2792,equivalent
7,2793,equivalent
7,2794,equivalent
7,2795,weaker
7,2796,equivalent
7,2797,equivalent
7,2798,equivalent
7,2799,weaker
7,2800,equivalent
7,2801,equivalent
7,2802,equivalent
7,2803,equivalent
7,2804,weaker
7,2805,weaker
7,2806,equivalent
7,2807,equivalent
7,2808,weaker
7,2809,equivalent
7,2810,equivalent
7,2811,equivalent
7,2812,weaker
7,2813,equivalent
7,2814,equivalent
7,2815,equivalent
7,2816,weaker
7,2817,equivalent
7,2818,equivalent
7,2819,equivalent
7,2820,equivalent
7,2821,weaker
7,2822,equivalent
7,2823,equivalent
7,2824,equivalent
7,2825,equivalent
7,2826,weaker
7,2827,equivalent
7,2828,equivalent
7,2829,equivalent
7,2830,equivalent
7,2831,weaker
7,2832,equivalent
7,2833,equivalent
7,2834,equivalent
7,2835,equivalent
7,2836,weaker
7,2837,equivalent
7,2838,equivalent
7,2839,equivalent
7,2840,equivalent
7,2841,weaker
7,2842,equivalent
7,2843,equivalent
7,2844,equivalent
7,2845,equivalent
7,2846,equivalent
7,2847,weaker
7,2848,weaker
7,2849,weaker
7,2850,weaker
7,2851,weaker
7,2852,weaker
7,2853,weaker
7,2854,weaker
7,2855,weaker
7,2856,weaker
7,2857,weaker
7,2858,weaker
7,2859,weaker
7,2860,weaker
7,2861,weaker
7,2862,weaker
7,2863,weaker
7,2864,weaker
7,2865,weaker
7,2866,weaker
7,2867,weaker
7,2868,weaker
7,2869,weaker
7,2870,weaker
7,2871,weaker
7,2872,weaker
7,2873,weaker
7,2874,weaker
7,2875,weaker
7,2876,weaker
7,2877,weaker
7,2878,weaker
7,2879,weaker
7,2880,weaker
7,2881,weaker
7,2882,weaker
7,2883,weaker
7,2884,weaker
7,2885,weaker
7,2886,weaker
7,2887,weaker
7,2888,weaker
7,2889,weaker
7,2890,weaker
7,2891,weaker
7,2892,weaker
7,2893,weaker
7,2894,weaker
7,2895,weaker
7,2896,weaker
7,2897,weaker
7,2898,weaker
7,2899,weaker
7,2900,weaker
7,2901,equivalent
7,2902,weaker
7,2903,weaker
7,2904,equivalent
7,2905,weaker
7,2906,equivalent
7,2907,equivalent
7,2908,equivalent
7,2909,weaker
7,2910,weaker
7,2911,equivalent
7,2912,weaker
7,2913,weaker
7,2914,equivalent
7,2915,weaker
7,2916,equivalent
7,2917,weaker
7,2918,equivalent
7,2919,weaker
7,2920,equivalent
7,2921,equivalent
7,2922,equivalent
7,2923,weaker
7,2924,equivalent
7,2925,weaker
7,2926,equivalent
7,2927,weaker
7,2928,weaker
7,2929,equivalent
7,2930,equivalent
7,2931,weaker
7,2932,equivalent
7,2933,equivalent
7,2934,equivalent
7,2935,equivalent
7,2936,weaker
7,2937,weaker
7,2938,equivalent
7,2939,weaker
7,2940,weaker
7,2941,equivalent
7,2942,weaker
7,2943,equivalent
7,2944,weaker
7,2945,equivalent
7,2946,weaker
7,2947,weaker
7,2948,equivalent
7,2949,weaker
7,2950,equivalent
7,2951,equivalent
7,2952,weaker
7,2953,equivalent
7,2954,equivalent
7,2955,equivalent
7,2956,weaker
7,2957,equivalent
7,2958,weaker
7,2959,equivalent
7,2960,weaker
7,2961,equivalent
7,2962,equivalent
7,2963,equivalent
7,2964,weaker
7,2965,equivalent
7,2966,equivalent
7,2967,equivalent
7,2968,weaker
7,2969,equivalent
7,2970,equivalent
7,2971,equivalent
7,2972,equivalent
7,2973,weaker
7,2974,equivalent
7,2975,equivalent
7,2976,equivalent
7,2977,weaker
7,2978,equivalent
7,2979,weaker
7,2980,equivalent
7,2981,weaker
7,2982,weaker
7,2983,equivalent
7,2984,equivalent
7,2985,weaker
7,2986,equivalent
7,2987,equivalent
7,2988,equivalent
7,2989,equivalent
7,2990,weaker
7,2991,equivalent
7,2992,weaker
7,2993,equivalent
7,2994,weaker
7,2995,equivalent
7,2996,equivalent
7,2997,equivalent
7,2998,weaker
7,2999,equivalent
7,3000,equivalent
7,3001,equivalent
7,3002,weaker
7,3003,equivalent
7,3004,equivalent
7,3005,equivalent
7,3006,equivalent
7,3007,weaker
7,3008,weaker
7,3009,equivalent
7,3010,equivalent
7,3011,weaker
7,3012,equivalent
7,3013,equivalent
7,3014,equivalent
7,3015,weaker
7,3016,equivalent
7,3017,equivalent
7,3018,equivalent
7,3019,weaker
7,3020,equivalent
7,3021,equivalent
7,3022,equivalent
7,3023,equivalent
7,3024,weaker
7,3025,equivalent
7,3026,equivalent
7,3027,equivalent
7,3028,equivalent
7,3029,weaker
7,3030,equivalent
7,3031,equivalent
7,3032,equivalent
7,3033,equivalent
7,3034,weaker
7,3035,equivalent
7,3036,equivalent
7,3037,equivalent
7,3038,equivalent
7,3039,weaker
7,3040,equivalent
7,3041,equivalent
7,3042,equivalent
7,3043,equivalent
7,3044,weaker
7,3045,equivalent
7,3046,equivalent
7,3047,equivalent
7,3048,equivalent
7,3049,equivalent
7,3050,weaker
7,3051,weaker
7,3052,weaker
7,3053,weaker
7,3054,weaker
7,3055,weaker
7,3056,weaker
7,3057,weaker
7,3058,weaker
7,3059,weaker
7,3060,weaker
7,3061,weaker
7,3062,weaker
7,3063,weaker
7,3064,weaker
7,3065,weaker
7,3066,weaker
7,3067,weaker
7,3068,weaker
7,3069,weaker
7,3070,weaker
7,3071,weaker
7,3072,weaker
7,3073,weaker
7,3074,weaker
7,3075,weaker
7,3076,weaker
7,3077,weaker
7,3078,weaker
7,3079,weaker
7,3080,weaker
7,3081,weaker
7,3082,weaker
7,3083,weaker
7,3084,weaker
7,3085,weaker
7,3086,weaker
7,3087,weaker
7,3088,weaker
7,3089,weaker
7,3090,weaker
7,3091,weaker
7,3092,weaker
7,3093,weaker
7,3094,weaker
7,3095,weaker
7,3096,weaker
7,3097,weaker
7,3098,weaker
7,3099,weaker
7,3100,weaker
7,3101,weaker
7,3102,weaker
7,3103,weaker
7,3104,equivalent
7,3105,weaker
7,3106,weaker
7,3107,equivalent
7,3108,weaker
7,3109,equivalent
7,3110,equivalent
7,3111,equivalent
7,3112,weaker
7,3113,weaker
7,3114,equivalent
7,3115,weaker
7,3116,weaker
7,3117,equivalent
7,3118,weaker
7,3119,equivalent
7,3120,weaker
7,3121,equivalent
7,3122,weaker
7,3123,equivalent
7,3124,equivalent
7,3125,equivalent
7,3126,weaker
7,3127,equivalent
7,3128,weaker
7,3129,equivalent
7,3130,weaker
7,3131,weaker
7,3132,equivalent
7,3133,equivalent
7,3134,weaker
7,3135,equivalent
7,3136,equivalent
7,3137,equivalent
7,3138,equivalent
7,3139,weaker
7,3140,weaker
7,3141,equivalent
7,3142,weaker
7,3143,weaker
7,3144,equivalent
7,3145,weaker
7,3146,equivalent
7,3147,weaker
7,3148,equivalent
7,3149,weaker
7,3150,weaker
7,3151,equivalent
7,3152,weaker
7,3153,equivalent
7,3154,equivalent
7,3155,weaker
7,3156,equivalent
7,3157,equivalent
7,3158,equivalent
7,3159,weaker
7,3160,equivalent
7,3161,weaker
7,3162,equivalent
7,3163,weaker
7,3164,equivalent
7,3165,equivalent
7,3166,equivalent
7,3167,weaker
7,3168,equivalent
7,3169,equivalent
7,3170,equivalent
7,3171,weaker
7,3172,equivalent
7,3173,equivalent
7,3174,equivalent
7,3175,equivalent
7,3176,weaker
7,3177,equivalent
7,3178,equivalent
7,3179,equivalent
7,3180,weaker
7,3181,equivalent
7,3182,weaker
7,3183,equivalent
7,3184,weaker
7,3185,weaker
7,3186,equivalent
7,3187,equivalent
7,3188,weaker
7,3189,equivalent
7,3190,equivalent
7,3191,equivalent
7,3192,equivalent
7,3193,weaker
7,3194,equivalent
7,3195,weaker
7,3196,equivalent
7,3197,weaker
7,3198,equivalent
7,3199,equivalent
7,3200,equivalent
7,3201,weaker
7,3202,equivalent
7,3203,equivalent
7,3204,equivalent
7,3205,weaker
7,3206,equivalent
7,3207,equivalent
7,3208,equivalent
7,3209,equivalent
7,3210,weaker
7,3211,weaker
7,3212,equivalent
7,3213,equivalent
7,3214,weaker
7,3215,equivalent
7,3216,equivalent
7,3217,equivalent
7,3218,weaker
7,3219,equivalent
7,3220,equivalent
7,3221,equivalent
7,3222,weaker
7,3223,equivalent
7,3224,equivalent
7,3225,equivalent
7,3226,equivalent
7,3227,weaker
7,3228,equivalent
7,3229,equivalent
7,3230,equivalent
7,3231,equivalent
7,3232,weaker
7,3233,equivalent
7,3234,equivalent
7,3235,equivalent
7,3236,equivalent
7,3237,weaker
7,3238,equivalent
7,3239,equivalent
7,3240,equivalent
7,3241,equivalent
7,3242,weaker
7,3243,equivalent
7,3244,equivalent
7,3245,equivalent
7,3246,equivalent
7,3247,weaker
7,3248,equivalent
7,3249,equivalent
7,3250,equivalent
7,3251,equivalent
7,3252,equivalent
7,3253,weaker
7,3254,weaker
7,3255,weaker
7,3256,weaker
7,3257,weaker
7,3258,weaker
7,3259,weaker
7,3260,weaker
7,3261,weaker
7,3262,weaker
7,3263,weaker
7,3264,weaker
7,3265,weaker
7,3266,weaker
7,3267,weaker
7,3268,weaker
7,3269,weaker
7,3270,weaker
7,3271,weaker
7,3272,weaker
7,3273,weaker
7,3274,weaker
7,3275,weaker
7,3276,weaker
7,3277,weaker
7,3278,weaker
7,3279,weaker
7,3280,weaker
7,3281,weaker
7,3282,weaker
7,3283,weaker
7,3284,weaker
7,3285,weaker
7,3286,weaker
7,3287,weaker
7,3288,weaker
7,3289,weaker
7,3290,weaker
7,3291,weaker
7,3292,weaker
7,3293,weaker
7,3294,weaker
7,3295,weaker
7,3296,weaker
7,3297,weaker
7,3298,weaker
7,3299,weaker
7,3300,weaker
7,3301,weaker
7,3302,weaker
7,3303,weaker
7,3304,weaker
7,3305,weaker
7,3306,weaker
7,3307,weaker
7,3308,weaker
7,3309,weaker
7,3310,weaker
7,3311,weaker
7,3312,weaker
7,3313,weaker
7,3314,weaker
7,3315,weaker
7,3316,weaker
7,3317,weaker
7,3318,weaker
7,3319,weaker
7,3320,weaker
7,3321,weaker
7,3322,weaker
7,3323,weaker
7,3324,weaker
7,3325,weaker
7,3326,weaker
7,3327,weaker
7,3328,weaker
7,3329,weaker
7,3330,weaker
7,3331,weaker
7,3332,weaker
7,3333,weaker
7,3334,weaker
7,3335,weaker
7,3336,weaker
7,3337,weaker
7,3338,weaker
7,3339,weaker
7,3340,weaker
7,3341,weaker
7,3342,weaker
7,3343,weaker
7,3344,weaker
7,3345,weaker
7,3346,weaker
7,3347,weaker
7,3348,weaker
7,3349,weaker
7,3350,weaker
7,3351,weaker
7,3352,weaker
7,3353,weaker
7,3354,weaker
7,3355,weaker
7,3356,weaker
7,3357,weaker
7,3358,weaker
7,3359,weaker
7,3360,weaker
7,3361,weaker
7,3362,weaker
7,3363,weaker
7,3364,weaker
7,3365,weaker
7,3366,weaker
7,3367,weaker
7,3368,weaker
7,3369,weaker
7,3370,weaker
7,3371,weaker
7,3372,weaker
7,3373,weaker
7,3374,weaker
7,3375,weaker
7,3376,weaker
7,3377,weaker
7,3378,weaker
7,3379,weaker
7,3380,weaker
7,3381,weaker
7,3382,weaker
7,3383,weaker
7,3384,weaker
7,3385,weaker
7,3386,weaker
7,3387,weaker
7,3388,weaker
7,3389,weaker
7,3390,weaker
7,3391,weaker
7,3392,weaker
7,3393,weaker
7,3394,weaker
7,3395,weaker
7,3396,weaker
7,3397,weaker
7,3398,weaker
7,3399,weaker
7,3400,weaker
7,3401,weaker
7,3402,weaker
7,3403,weaker
7,3404,weaker
7,3405,weaker
7,3406,weaker
7,3407,weaker
7,3408,weaker
7,3409,weaker
7,3410,weaker
7,3411,weaker
7,3412,weaker
7,3413,weaker
7,3414,weaker
7,3415,weaker
7,3416,weaker
7,3417,weaker
7,3418,weaker
7,3419,weaker
7,3420,weaker
7,3421,weaker
7,3422,weaker
7,3423,weaker
7,3424,weaker
7,3425,weaker
7,3426,weaker
7,3427,weaker
7,3428,weaker
7,3429,weaker
7,3430,weaker
7,3431,weaker
7,3432,weaker
7,3433,weaker
7,3434,weaker
7,3435,weaker
7,3436,weaker
7,3437,weaker
7,3438,weaker
7,3439,weaker
7,3440,weaker
7,3441,weaker
7,3442,weaker
7,3443,weaker
7,3444,weaker
7,3445,weaker
7,3446,weaker
7,3447,weaker
7,3448,weaker
7,3449,weaker
7,3450,weaker
7,3451,weaker
7,3452,weaker
7,3453,weaker
7,3454,weaker
7,3455,weaker
7,3456,weaker
7,3457,weaker
7,3458,weaker
7,3459,weaker
7,3460,weaker
7,3461,weaker
7,3462,weaker
7,3463,weaker
7,3464,weaker
7,3465,weaker
7,3466,weaker
7,3467,weaker
7,3468,weaker
7,3469,weaker
7,3470,weaker
7,3471,weaker
7,3472,weaker
7,3473,weaker
7,3474,weaker
7,3475,weaker
7,3476,weaker
7,3477,weaker
7,3478,weaker
7,3479,weaker
7,3480,weaker
7,3481,weaker
7,3482,weaker
7,3483,weaker
7,3484,weaker
7,3485,weaker
7,3486,weaker
7,3487,weaker
7,3488,weaker
7,3489,weaker
7,3490,weaker
7,3491,weaker
7,3492,weaker
7,3493,weaker
7,3494,weaker
7,3495,weaker
7,3496,weaker
7,3497,weaker
7,3498,weaker
7,3499,weaker
7,3500,weaker
7,3501,weaker
7,3502,weaker
7,3503,weaker
7,3504,weaker
7,3505,weaker
7,3506,weaker
7,3507,weaker
7,3508,weaker
7,3509,weaker
7,3510,weaker
7,3511,weaker
7,3512,weaker
7,3513,weaker
7,3514,weaker
7,3515,weaker
7,3516,weaker
7,3517,weaker
7,3518,weaker
7,3519,weaker
7,3520,weaker
7,3521,weaker
7,3522,weaker
7,3523,weaker
7,3524,weaker
7,3525,weaker
7,3526,weaker
7,3527,weaker
7,3528,weaker
7,3529,weaker
7,3530,weaker
7,3531,weaker
7,3532,weaker
7,3533,weaker
7,3534,weaker
7,3535,weaker
7,3536,weaker
7,3537,weaker
7,3538,weaker
7,3539,weaker
7,3540,weaker
7,3541,weaker
7,3542,weaker
7,3543,weaker
7,3544,weaker
7,3545,weaker
7,3546,weaker
7,3547,weaker
7,3548,weaker
7,3549,weaker
7,3550,weaker
7,3551,weaker
7,3552,weaker
7,3553,weaker
7,3554,weaker
7,3555,weaker
7,3556,weaker
7,3557,weaker
7,3558,weaker
7,3559,weaker
7,3560,weaker
7,3561,weaker
7,3562,weaker
7,3563,weaker
7,3564,weaker
7,3565,weaker
7,3566,weaker
7,3567,weaker
7,3568,weaker
7,3569,weaker
7,3570,weaker
7,3571,weaker
7,3572,weaker
7,3573,weaker
7,3574,weaker
7,3575,weaker
7,3576,weaker
7,3577,weaker
7,3578,weaker
7,3579,weaker
7,3580,weaker
7,3581,weaker
7,3582,weaker
7,3583,weaker
7,3584,weaker
7,3585,weaker
7,3586,weaker
7,3587,weaker
7,3588,weaker
7,3589,weaker
7,3590,weaker
7,3591,weaker
7,3592,weaker
7,3593,weaker
7,3594,weaker
7,3595,weaker
7,3596,weaker
7,3597,weaker
7,3598,weaker
7,3599,weaker
7,3600,weaker
7,3601,weaker
7,3602,weaker
7,3603,weaker
7,3604,weaker
7,3605,weaker
7,3606,weaker
7,3607,weaker
7,3608,weaker
7,3609,weaker
7,3610,weaker
7,3611,weaker
7,3612,weaker
7,3613,weaker
7,3614,weaker
7,3615,weaker
7,3616,weaker
7,3617,weaker
7,3618,weaker
7,3619,weaker
7,3620,weaker
7,3621,weaker
7,3622,weaker
7,3623,weaker
7,3624,weaker
7,3625,weaker
7,3626,weaker
7,3627,weaker
7,3628,weaker
7,3629,weaker
7,3630,weaker
7,3631,weaker
7,3632,weaker
7,3633,weaker
7,3634,weaker
7,3635,weaker
7,3636,weaker
7,3637,weaker
7,3638,weaker
7,3639,weaker
7,3640,weaker
7,3641,weaker
7,3642,weaker
7,3643,weaker
7,3644,weaker
7,3645,weaker
7,3646,weaker
7,3647,weaker
7,3648,weaker
7,3649,weaker
7,3650,weaker
7,3651,weaker
7,3652,weaker
7,3653,weaker
7,3654,weaker
7,3655,weaker
7,3656,weaker
7,3657,weaker
7,3658,weaker
7,3659,weaker
7,3660,weaker
7,3661,weaker
7,3662,weaker
7,3663,weaker
7,3664,weaker
7,3665,weaker
7,3666,weaker
7,3667,weaker
7,3668,weaker
7,3669,weaker
7,3670,weaker
7,3671,weaker
7,3672,weaker
7,3673,weaker
7,3674,weaker
7,3675,weaker
7,3676,weaker
7,3677,weaker
7,3678,weaker
7,3679,weaker
7,3680,weaker
7,3681,weaker
7,3682,weaker
7,3683,weaker
7,3684,weaker
7,3685,weaker
7,3686,weaker
7,3687,weaker
7,3688,weaker
7,3689,weaker
7,3690,weaker
7,3691,weaker
7,3692,weaker
7,3693,weaker
7,3694,weaker
7,3695,weaker
7,3696,weaker
7,3697,weaker
7,3698,weaker
7,3699,weaker
7,3700,weaker
7,3701,weaker
7,3702,weaker
7,3703,weaker
7,3704,weaker
7,3705,weaker
7,3706,weaker
7,3707,weaker
7,3708,weaker
7,3709,weaker
7,3710,weaker
7,3711,weaker
7,3712,weaker
7,3713,weaker
7,3714,weaker
7,3715,weaker
7,3716,weaker
7,3717,weaker
7,3718,weaker
7,3719,weaker
7,3720,weaker
7,3721,weaker
7,3722,weaker
7,3723,weaker
7,3724,weaker
7,3725,weaker
7,3726,weaker
7,3727,weaker
7,3728,weaker
7,3729,weaker
7,3730,weaker
7,3731,weaker
7,3732,weaker
7,3733,weaker
7,3734,weaker
7,3735,weaker
7,3736,weaker
7,3737,weaker
7,3738,weaker
7,3739,weaker
7,3740,weaker
7,3741,weaker
7,3742,weaker
7,3743,weaker
7,3744,weaker
7,3745,weaker
7,3746,weaker
7,3747,weaker
7,3748,weaker
7,3749,weaker
7,3750,weaker
7,3751,weaker
7,3752,weaker
7,3753,weaker
7,3754,weaker
7,3755,weaker
7,3756,weaker
7,3757,weaker
7,3758,weaker
7,3759,weaker
7,3760,weaker
7,3761,weaker
7,3762,weaker
7,3763,weaker
7,3764,weaker
7,3765,weaker
7,3766,weaker
7,3767,weaker
7,3768,weaker
7,3769,weaker
7,3770,weaker
7,3771,weaker
7,3772,weaker
7,3773,weaker
7,3774,weaker
7,3775,weaker
7,3776,weaker
7,3777,weaker
7,3778,weaker
7,3779,weaker
7,3780,weaker
7,3781,weaker
7,3782,weaker
7,3783,weaker
7,3784,weaker
7,3785,weaker
7,3786,weaker
7,3787,weaker
7,3788,weaker
7,3789,weaker
7,3790,weaker
7,3791,weaker
7,3792,weaker
7,3793,weaker
7,3794,weaker
7,3795,weaker
7,3796,weaker
7,3797,weaker
7,3798,weaker
7,3799,weaker
7,3800,weaker
7,3801,weaker
7,3802,weaker
7,3803,weaker
7,3804,weaker
7,3805,weaker
7,3806,weaker
7,3807,weaker
7,3808,weaker
7,3809,weaker
7,3810,weaker
7,3811,weaker
7,3812,weaker
7,3813,weaker
7,3814,weaker
7,3815,weaker
7,3816,weaker
7,3817,weaker
7,3818,weaker
7,3819,weaker
7,3820,weaker
7,3821,weaker
7,3822,weaker
7,3823,weaker
7,3824,weaker
7,3825,weaker
7,3826,weaker
7,3827,weaker
7,3828,weaker
7,3829,weaker
7,3830,weaker
7,3831,weaker
7,3832,weaker
7,3833,weaker
7,3834,weaker
7,3835,weaker
7,3836,weaker
7,3837,weaker
7,3838,weaker
7,3839,weaker
7,3840,weaker
7,3841,weaker
7,3842,weaker
7,3843,weaker
7,3844,weaker
7,3845,weaker
7,3846,weaker
7,3847,weaker
7,3848,weaker
7,3849,weaker
7,3850,weaker
7,3851,weaker
7,3852,weaker
7,3853,weaker
7,3854,weaker
7,3855,weaker
7,3856,weaker
7,3857,weaker
7,3858,weaker
7,3859,weaker
7,3860,weaker
7,3861,weaker
7,3862,weaker
7,3863,weaker
7,3864,weaker
7,3865,weaker
7,3866,weaker
7,3867,weaker
7,3868,weaker
7,3869,weaker
7,3870,weaker
7,3871,weaker
7,3872,weaker
7,3873,weaker
7,3874,weaker
7,3875,weaker
7,3876,weaker
7,3877,weaker
7,3878,weaker
7,3879,weaker
7,3880,weaker
7,3881,weaker
7,3882,weaker
7,3883,weaker
7,3884,weaker
7,3885,weaker
7,3886,weaker
7,3887,weaker
7,3888,weaker
7,3889,weaker
7,3890,weaker
7,3891,weaker
7,3892,weaker
7,3893,weaker
7,3894,weaker
7,3895,weaker
7,3896,weaker
7,3897,weaker
7,3898,weaker
7,3899,weaker
7,3900,weaker
7,3901,weaker
7,3902,weaker
7,3903,weaker
7,3904,weaker
7,3905,weaker
7,3906,weaker
7,3907,weaker
7,3908,weaker
7,3909,weaker
7,3910,weaker
7,3911,weaker
7,3912,weaker
7,3913,weaker
7,3914,weaker
7,3915,weaker
7,3916,weaker
7,3917,weaker
7,3918,weaker
7,3919,weaker
7,3920,weaker
7,3921,weaker
7,3922,weaker
7,3923,weaker
7,3924,weaker
7,3925,weaker
7,3926,weaker
7,3927,weaker
7,3928,weaker
7,3929,weaker
7,3930,weaker
7,3931,weaker
7,3932,weaker
7,3933,weaker
7,3934,weaker
7,3935,weaker
7,3936,weaker
7,3937,weaker
7,3938,weaker
7,3939,weaker
7,3940,weaker
7,3941,weaker
7,3942,weaker
7,3943,weaker
7,3944,weaker
7,3945,weaker
7,3946,weaker
7,3947,weaker
7,3948,weaker
7,3949,weaker
7,3950,weaker
7,3951,weaker
7,3952,weaker
7,3953,weaker
7,3954,weaker
7,3955,weaker
7,3956,weaker
7,3957,weaker
7,3958,weaker
7,3959,weaker
7,3960,weaker
7,3961,weaker
7,3962,weaker
7,3963,weaker
7,3964,weaker
7,3965,weaker
7,3966,weaker
7,3967,weaker
7,3968,weaker
7,3969,weaker
7,3970,weaker
7,3971,weaker
7,3972,weaker
7,3973,weaker
7,3974,weaker
7,3975,weaker
7,3976,weaker
7,3977,weaker
7,3978,weaker
7,3979,weaker
7,3980,weaker
7,3981,weaker
7,3982,weaker
7,3983,weaker
7,3984,weaker
7,3985,weaker
7,3986,weaker
7,3987,weaker
7,3988,weaker
7,3989,weaker
7,3990,weaker
7,3991,weaker
7,3992,weaker
7,3993,weaker
7,3994,weaker
7,3995,weaker
7,3996,weaker
7,3997,weaker
7,3998,weaker
7,3999,weaker
7,4000,weaker
7,4001,weaker
7,4002,weaker
7,4003,weaker
7,4004,weaker
7,4005,weaker
7,4006,weaker
7,4007,weaker
7,4008,weaker
7,4009,weaker
7,4010,weaker
7,4011,weaker
7,4012,weaker
7,4013,weaker
7,4014,weaker
7,4015,weaker
7,4016,weaker
7,4017,weaker
7,4018,weaker
7,4019,weaker
7,4020,weaker
7,4021,weaker
7,4022,weaker
7,4023,weaker
7,4024,weaker
7,4025,weaker
7,4026,weaker
7,4027,weaker
7,4028,weaker
7,4029,weaker
7,4030,weaker
7,4031,weaker
7,4032,weaker
7,4033,weaker
7,4034,weaker
7,4035,weaker
7,4036,weaker
7,4037,weaker
7,4038,weaker
7,4039,weaker
7,4040,weaker
7,4041,weaker
7,4042,weaker
7,4043,weaker
7,4044,weaker
7,4045,weaker
7,4046,weaker
7,4047,weaker
7,4048,weaker
7,4049,weaker
7,4050,weaker
7,4051,weaker
7,4052,weaker
7,4053,weaker
7,4054,weaker
7,4055,weaker
7,4056,weaker
7,4057,weaker
7,4058,weaker
7,4059,weaker
7,4060,weaker
7,4061,weaker
7,4062,weaker
7,4063,weaker
7,4064,weaker
7,4065,weaker
7,4066,weaker
7,4067,weaker
7,4068,weaker
7,4069,weaker
7,4070,weaker
7,4071,weaker
7,4072,weaker
7,4073,weaker
7,4074,weaker
7,4075,weaker
7,4076,weaker
7,4077,weaker
7,4078,weaker
7,4079,weaker
7,4080,weaker
7,4081,weaker
7,4082,weaker
7,4083,weaker
7,4084,weaker
7,4085,weaker
7,4086,weaker
7,4087,weaker
7,4088,weaker
7,4089,weaker
7,4090,weaker
7,4091,weaker
7,4092,weaker
7,4093,weaker
7,4094,weaker
7,4095,weaker
7,4096,weaker
7,4097,weaker
7,4098,weaker
7,4099,weaker
7,4100,weaker
7,4101,weaker
7,4102,weaker
7,4103,weaker
7,4104,weaker
7,4105,weaker
7,4106,weaker
7,4107,weaker
7,4108,weaker
7,4109,weaker
7,4110,weaker
7,4111,weaker
7,4112,weaker
7,4113,weaker
7,4114,weaker
7,4115,weaker
7,4116,weaker
7,4117,weaker
7,4118,weaker
7,4119,weaker
7,4120,weaker
7,4121,weaker
7,4122,weaker
7,4123,weaker
7,4124,weaker
7,4125,weaker
7,4126,weaker
7,4127,weaker
7,4128,weaker
7,4129,weaker
7,4130,weaker
7,4131,weaker
7,4132,weaker
7,4133,weaker
7,4134,weaker
7,4135,weaker
7,4136,weaker
7,4137,weaker
7,4138,weaker
7,4139,weaker
7,4140,weaker
7,4141,weaker
7,4142,weaker
7,4143,weaker
7,4144,weaker
7,4145,weaker
7,4146,weaker
7,4147,weaker
7,4148,weaker
7,4149,weaker
7,4150,weaker
7,4151,weaker
7,4152,weaker
7,4153,weaker
7,4154,weaker
7,4155,weaker
7,4156,weaker
7,4157,weaker
7,4158,weaker
7,4159,weaker
7,4160,weaker
7,4161,weaker
7,4162,weaker
7,4163,weaker
7,4164,weaker
7,4165,weaker
7,4166,weaker
7,4167,weaker
7,4168,weaker
7,4169,weaker
7,4170,weaker
7,4171,weaker
7,4172,weaker
7,4173,weaker
7,4174,weaker
7,4175,weaker
7,4176,weaker
7,4177,weaker
7,4178,weaker
7,4179,weaker
7,4180,weaker
7,4181,weaker
7,4182,weaker
7,4183,weaker
7,4184,weaker
7,4185,weaker
7,4186,weaker
7,4187,weaker
7,4188,weaker
7,4189,weaker
7,4190,weaker
7,4191,weaker
7,4192,weaker
7,4193,weaker
7,4194,weaker
7,4195,weaker
7,4196,weaker
7,4197,weaker
7,4198,weaker
7,4199,weaker
7,4200,weaker
7,4201,weaker
7,4202,weaker
7,4203,weaker
7,4204,weaker
7,4205,weaker
7,4206,weaker
7,4207,weaker
7,4208,weaker
7,4209,weaker
7,4210,weaker
7,4211,weaker
7,4212,weaker
7,4213,weaker
7,4214,weaker
7,4215,weaker
7,4216,weaker
7,4217,weaker
7,4218,weaker
7,4219,weaker
7,4220,weaker
7,4221,weaker
7,4222,weaker
7,4223,weaker
7,4224,weaker
7,4225,weaker
7,4226,weaker
7,4227,weaker
7,4228,weaker
7,4229,weaker
7,4230,weaker
7,4231,weaker
7,4232,weaker
7,4233,weaker
7,4234,weaker
7,4235,weaker
7,4236,weaker
7,4237,weaker
7,4238,weaker
7,4239,weaker
7,4240,weaker
7,4241,weaker
7,4242,weaker
7,4243,weaker
7,4244,weaker
7,4245,weaker
7,4246,weaker
7,4247,weaker
7,4248,weaker
7,4249,weaker
7,4250,weaker
7,4251,weaker
7,4252,weaker
7,4253,weaker
7,4254,weaker
7,4255,weaker
7,4256,weaker
7,4257,weaker
7,4258,weaker
7,4259,weaker
7,4260,weaker
7,4261,weaker
7,4262,weaker
7,4263,weaker
7,4264,weaker
7,4265,weaker
7,4266,weaker
7,4267,weaker
7,4268,weaker
7,4269,weaker
7,4270,weaker
7,4271,weaker
7,4272,weaker
7,4273,weaker
7,4274,weaker
7,4275,weaker
7,4276,weaker
7,4277,weaker
7,4278,weaker
7,4279,weaker
7,4280,weaker
7,4281,weaker
7,4282,weaker
7,4283,weaker
7,4284,weaker
7,4285,weaker
7,4286,weaker
7,4287,weaker
7,4288,weaker
7,4289,weaker
7,4290,weaker
7,4291,weaker
7,4292,weaker
7,4293,weaker
7,4294,weaker
7,4295,weaker
7,4296,weaker
7,4297,weaker
7,4298,weaker
7,4299,weaker
7,4300,weaker
7,4301,weaker
7,4302,weaker
7,4303,weaker
7,4304,weaker
7,4305,weaker
7,4306,weaker
7,4307,weaker
7,4308,weaker
7,4309,weaker
7,4310,weaker
7,4311,weaker
7,4312,weaker
7,4313,weaker
7,4314,weaker
7,4315,weaker
7,4316,weaker
7,4317,weaker
7,4318,weaker
7,4319,weaker
7,4320,weaker
7,4321,weaker
7,4322,weaker
7,4323,weaker
7,4324,weaker
7,4325,weaker
7,4326,weaker
7,4327,weaker
7,4328,weaker
7,4329,weaker
7,4330,weaker
7,4331,weaker
7,4332,weaker
7,4333,weaker
7,4334,weaker
7,4335,weaker
7,4336,weaker
7,4337,weaker
7,4338,weaker
7,4339,weaker
7,4340,weaker
7,4341,weaker
7,4342,weaker
7,4343,weaker
7,4344,weaker
7,4345,weaker
7,4346,weaker
7,4347,weaker
7,4348,weaker
7,4349,weaker
7,4350,weaker
7,4351,weaker
7,4352,weaker
7,4353,weaker
7,4354,weaker
7,4355,weaker
7,4356,weaker
7,4357,weaker
7,4358,weaker
7,4359,weaker
7,4360,weaker
7,4361,weaker
7,4362,weaker
7,4363,weaker
7,4364,weaker
7,4365,weaker
7,4366,weaker
7,4367,weaker
7,4368,weaker
7,4369,weaker
7,4370,weaker
7,4371,weaker
7,4372,weaker
7,4373,weaker
7,4374,weaker
7,4375,weaker
7,4376,weaker
7,4377,weaker
7,4378,weaker
7,4379,weaker
7,4380,weaker
7,4381,weaker
7,4382,weaker
7,4383,weaker
7,4384,weaker
7,4385,weaker
7,4386,weaker
7,4387,weaker
7,4388,weaker
7,4389,weaker
7,4390,weaker
7,4391,weaker
7,4392,weaker
7,4393,weaker
7,4394,weaker
7,4395,weaker
7,4396,weaker
7,4397,weaker
7,4398,weaker
7,4399,weaker
7,4400,weaker
7,4401,weaker
7,4402,weaker
7,4403,weaker
7,4404,weaker
7,4405,weaker
7,4406,weaker
7,4407,weaker
7,4408,weaker
7,4409,weaker
7,4410,weaker
7,4411,weaker
7,4412,weaker
7,4413,weaker
7,4414,weaker
7,4415,weaker
7,4416,weaker
7,4417,weaker
7,4418,weaker
7,4419,weaker
7,4420,weaker
7,4421,weaker
7,4422,weaker
7,4423,weaker
7,4424,weaker
7,4425,weaker
7,4426,weaker
7,4427,weaker
7,4428,weaker
7,4429,weaker
7,4430,weaker
7,4431,weaker
7,4432,weaker
7,4433,weaker
7,4434,weaker
7,4435,weaker
7,4436,weaker
7,4437,weaker
7,4438,weaker
7,4439,weaker
7,4440,weaker
7,4441,weaker
7,4442,weaker
7,4443,weaker
7,4444,weaker
7,4445,weaker
7,4446,weaker
7,4447,weaker
7,4448,weaker
7,4449,weaker
7,4450,weaker
7,4451,weaker
7,4452,weaker
7,4453,weaker
7,4454,weaker
7,4455,weaker
7,4456,weaker
7,4457,weaker
7,4458,weaker
7,4459,weaker
7,4460,weaker
7,4461,weaker
7,4462,weaker
7,4463,weaker
7,4464,weaker
7,4465,weaker
7,4466,weaker
7,4467,weaker
7,4468,weaker
7,4469,weaker
7,4470,weaker
7,4471,weaker
7,4472,weaker
7,4473,weaker
7,4474,weaker
7,4475,weaker
7,4476,weaker
7,4477,weaker
7,4478,weaker
7,4479,weaker
7,4480,weaker
7,4481,weaker
7,4482,weaker
7,4483,weaker
7,4484,weaker
7,4485,weaker
7,4486,weaker
7,4487,weaker
7,4488,weaker
7,4489,weaker
7,4490,weaker
7,4491,weaker
7,4492,weaker
7,4493,weaker
7,4494,weaker
7,4495,weaker
7,4496,weaker
7,4497,weaker
7,4498,weaker
7,4499,weaker
7,4500,weaker
7,4501,weaker
7,4502,weaker
7,4503,weaker
7,4504,weaker
7,4505,weaker
7,4506,weaker
7,4507,weaker
7,4508,weaker
7,4509,weaker
7,4510,weaker
7,4511,weaker
7,4512,weaker
7,4513,weaker
7,4514,weaker
7,4515,weaker
7,4516,weaker
7,4517,weaker
7,4518,weaker
7,4519,weaker
7,4520,weaker
7,4521,weaker
7,4522,weaker
7,4523,weaker
7,4524,weaker
7,4525,weaker
7,4526,weaker
7,4527,weaker
7,4528,weaker
7,4529,weaker
7,4530,weaker
7,4531,weaker
7,4532,weaker
7,4533,weaker
7,4534,weaker
7,4535,weaker
7,4536,weaker
7,4537,weaker
7,4538,weaker
7,4539,weaker
7,4540,weaker
7,4541,weaker
7,4542,weaker
7,4543,weaker
7,4544,weaker
7,4545,weaker
7,4546,weaker
7,4547,weaker
7,4548,weaker
7,4549,weaker
7,4550,weaker
7,4551,weaker
7,4552,weaker
7,4553,weaker
7,4554,weaker
7,4555,weaker
7,4556,weaker
7,4557,weaker
7,4558,weaker
7,4559,weaker
7,4560,weaker
7,4561,weaker
7,4562,weaker
7,4563,weaker
7,4564,weaker
7,4565,weaker
7,4566,weaker
7,4567,weaker
7,4568,weaker
7,4569,weaker
7,4570,weaker
7,4571,weaker
7,4572,weaker
7,4573,weaker
7,4574,weaker
7,4575,weaker
7,4576,weaker
7,4577,weaker
7,4578,weaker
7,4579,weaker
7,4580,weaker
7,4581,weaker
7,4582,weaker
7,4583,weaker
7,4584,weaker
7,4585,weaker
7,4586,weaker
7,4587,weaker
7,4588,weaker
7,4589,weaker
7,4590,weaker
7,4591,weaker
7,4592,weaker
7,4593,weaker
7,4594,weaker
7,4595,weaker
7,4596,weaker
7,4597,weaker
7,4598,weaker
7,4599,weaker
7,4600,weaker
7,4601,weaker
7,4602,weaker
7,4603,weaker
7,4604,weaker
7,4605,weaker
7,4606,weaker
7,4607,weaker
7,4608,weaker
7,4609,weaker
7,4610,weaker
7,4611,weaker
7,4612,weaker
7,4613,weaker
7,4614,weaker
7,4615,weaker
7,4616,weaker
7,4617,weaker
7,4618,weaker
7,4619,weaker
7,4620,weaker
7,4621,weaker
7,4622,weaker
7,4623,weaker
7,4624,weaker
7,4625,weaker
7,4626,weaker
7,4627,weaker
7,4628,weaker
7,4629,weaker
7,4630,weaker
7,4631,weaker
7,4632,weaker
7,4633,weaker
7,4634,weaker
7,4635,weaker
7,4636,weaker
7,4637,weaker
7,4638,weaker
7,4639,weaker
7,4640,weaker
7,4641,weaker
7,4642,weaker
7,4643,weaker
7,4644,weaker
7,4645,weaker
7,4646,weaker
7,4647,weaker
7,4648,weaker
7,4649,weaker
7,4650,weaker
7,4651,weaker
7,4652,weaker
7,4653,weaker
7,4654,weaker
7,4655,weaker
7,4656,weaker
7,4657,weaker
7,4658,weaker
7,4659,weaker
7,4660,weaker
7,4661,weaker
7,4662,weaker
7,4663,weaker
7,4664,weaker
7,4665,weaker
7,4666,weaker
7,4667,weaker
7,4668,weaker
7,4669,weaker
7,4670,weaker
7,4671,weaker
7,4672,weaker
7,4673,weaker
7,4674,weaker
7,4675,weaker
7,4676,weaker
7,4677,weaker
7,4678,weaker
7,4679,weaker
7,4680,weaker
7,4681,weaker
7,4682,weaker
7,4683,weaker
7,4684,weaker
7,4685,weaker
7,4686,weaker
7,4687,weaker
7,4688,weaker
7,4689,weaker
7,4690,weaker
7,4691,weaker
7,4692,weaker
7,4693,weaker
7,4694,weaker
8,1,weaker
8,2,stronger
8,3,stronger
8,4,stronger
8,5,stronger
8,6,stronger
8,7,stronger
8,8,equivalent
8,9,stronger
8,10,stronger
8,11,stronger
8,12,stronger
8,13,stronger
8,14,stronger
8,15,stronger
8,16,stronger
8,17,stronger
8,18,stronger
8,19,stronger
8,20,stronger
8,21,stronger
8,22,stronger
8,23,incomparable
8,24,incomparable
8,25,incomparable
8,26,incomparable
8,27,incomparable
8,28,stronger
8,29,stronger
8,30,stronger
8,31,incomparable
8,32,stronger
8,33,stronger
8,34,stronger
8,35,stronger
8,36,stronger
8,37,stronger
8,38,incomparable
8,39,incomparable
8,40,incomparable
8,41,incomparable
8,42,incomparable
8,43,incomparable
8,44,incomparable
8,45,incomparable
8,46,incomparable
8,47,incomparable
8,48,stronger
8,49,incomparable
8,50,incomparable
8,51,stronger
8,52,incomparable
8,53,incomparable
8,54,stronger
8,55,incomparable
8,56,incomparable
8,57,stronger
8,58,incomparable
8,59,stronger
8,60,stronger
8,61,stronger
8,62,incomparable
8,63,incomparable
8,64,stronger
8,65,incomparable
8,66,incomparable
8,67,stronger
8,68,incomparable
8,69,stronger
8,70,stronger
8,71,stronger
8,72,incomparable
8,73,incomparable
8,74,stronger
8,75,incomparable
8,76,stronger
8,77,stronger
8,78,incomparable
8,79,stronger
8,80,stronger
8,81,stronger
8,82,incomparable
8,83,stronger
8,84,stronger
8,85,stronger
8,86,incomparable
8,87,stronger
8,88,stronger
8,89,stronger
8,90,incomparable
8,91,stronger
8,92,stronger
8,93,stronger
8,94,incomparable
8,95,stronger
8,96,stronger
8,97,stronger
8,98,stronger
8,99,incomparable
8,100,stronger
8,101,stronger
8,102,stronger
8,103,stronger
8,104,incomparable
8,105,incomparable
8,106,stronger
8,107,incomparable
8,108,incomparable
8,109,stronger
8,110,stronger
8,111,stronger
8,112,stronger
8,113,stronger
8,114,stronger
8,115,incomparable
8,116,stronger
8,117,incomparable
8,118,incomparable
8,119,stronger
8,120,stronger
8,121,stronger
8,122,stronger
8,123,stronger
8,124,stronger
8,125,incomparable
8,126,stronger
8,127,incomparable
8,128,stronger
8,129,stronger
8,130,stronger
8,131,stronger
8,132,stronger
8,133,stronger
8,134,stronger
8,135,stronger
8,136,stronger
8,137,stronger
8,138,incomparable
8,139,stronger
8,140,stronger
8,141,stronger
8,142,stronger
8,143,stronger
8,144,stronger
8,145,stronger
8,146,stronger
8,147,stronger
8,148,stronger
8,149,stronger
8,150,stronger
8,151,incomparable
8,152,incomparable
8,153,incomparable
8,154,incomparable
8,155,incomparable
8,156,incomparable
8,157,incomparable
8,158,incomparable
8,159,incomparable
8,160,incomparable
8,161,incomparable
8,162,incomparable
8,163,incomparable
8,164,incomparable
8,165,incomparable
8,166,incomparable
8,167,incomparable
8,168,incomparable
8,169,stronger
8,170,incomparable
8,171,stronger
8,172,stronger
8,173,stronger
8,174,stronger
8,175,stronger
8,176,stronger
8,177,incomparable
8,178,stronger
8,179,incomparable
8,180,stronger
8,181,stronger
8,182,stronger
8,183,stronger
8,184,stronger
8,185,stronger
8,186,stronger
8,187,stronger
8,188,stronger
8,189,stronger
8,190,stronger
8,191,stronger
8,192,stronger
8,193,stronger
8,194,incomparable
8,195,stronger
8,196,stronger
8,197,stronger
8,198,stronger
8,199,stronger
8,200,stronger
8,201,stronger
8,202,stronger
8,203,incomparable
8,204,incomparable
8,205,incomparable
8,206,incomparable
8,207,incomparable
8,208,incomparable
8,209,incomparable
8,210,incomparable
8,211,incomparable
8,212,incomparable
8,213,incomparable
8,214,incomparable
8,215,incomparable
8,216,incomparable
8,217,incomparable
8,218,incomparable
8,219,incomparable
8,220,stronger
8,221,incomparable
8,222,incomparable
8,223,stronger
8,224,incomparable
8,225,stronger
8,226,stronger
8,227,stronger
8,228,stronger
8,229,incomparable
8,230,stronger
8,231,incomparable
8,232,stronger
8,233,stronger
8,234,stronger
8,235,stronger
8,236,stronger
8,237,stronger
8,238,stronger
8,239,stronger
8,240,stronger
8,241,stronger
8,242,incomparable
8,243,stronger
8,244,stronger
8,245,stronger
8,246,incomparable
8,247,stronger
8,248,stronger
8,249,stronger
8,250,stronger
8,251,stronger
8,252,stronger
8,253,stronger
8,254,stronger
8,255,incomparable
8,256,incomparable
8,257,incomparable
8,258,incomparable
8,259,incomparable
8,260,incomparable
8,261,incomparable
8,262,incomparable
8,263,incomparable
8,264,incomparable
8,265,incomparable
8,266,incomparable
8,267,incomparable
8,268,incomparable
8,269,incomparable
8,270,stronger
8,271,stronger
8,272,stronger
8,273,incomparable
8,274,incomparable
8,275,stronger
8,276,stronger
8,277,stronger
8,278,stronger
8,279,stronger
8,280,incomparable
8,281,incomparable
8,282,stronger
8,283,incomparable
8,284,stronger
8,285,stronger
8,286,stronger
8,287,stronger
8,288,stronger
8,289,stronger
8,290,stronger
8,291,stronger
8,292,stronger
8,293,stronger
8,294,stronger
8,295,stronger
8,296,stronger
8,297,stronger
8,298,stronger
8,299,stronger
8,300,stronger
8,301,stronger
8,302,stronger
8,303,stronger
8,304,stronger
8,305,stronger
8,306,stronger
8,307,incomparable
8,308,incomparable
8,309,incomparable
8,310,incomparable
8,311,incomparable
8,312,incomparable
8,313,incomparable
8,314,incomparable
8,315,incomparable
8,316,incomparable
8,317,incomparable
8,318,incomparable
8,319,incomparable
8,320,incomparable
8,321,incomparable
8,322,incomparable
8,323,incomparable
8,324,incomparable
8,325,incomparable
8,326,incomparable
8,327,incomparable
8,328,incomparable
8,329,incomparable
8,330,incomparable
8,331,incomparable
8,332,incomparable
8,333,incomparable
8,334,incomparable
8,335,incomparable
8,336,incomparable
8,337,incomparable
8,338,incomparable
8,339,incomparable
8,340,incomparable
8,341,incomparable
8,342,incomparable
8,343,incomparable
8,344,incomparable
8,345,incomparable
8,346,incomparable
8,347,incomparable
8,348,incomparable
8,349,incomparable
8,350,incomparable
8,351,incomparable
8,352,incomparable
8,353,incomparable
8,354,incomparable
8,355,incomparable
8,356,incomparable
8,357,incomparable
8,358,incomparable
8,359,incomparable
8,360,incomparable
8,361,incomparable
8,362,incomparable
8,363,incomparable
8,364,incomparable
8,365,incomparable
8,366,incomparable
8,367,incomparable
8,368,incomparable
8,369,incomparable
8,370,incomparable
8,371,incomparable
8,372,incomparable
8,373,incomparable
8,374,incomparable
8,375,incomparable
8,376,incomparable
8,377,incomparable
8,378,incomparable
8,379,incomparable
8,380,incomparable
8,381,incomparable
8,382,incomparable
8,383,incomparable
8,384,incomparable
8,385,incomparable
8,386,incomparable
8,387,incomparable
8,388,incomparable
8,389,incomparable
8,390,incomparable
8,391,incomparable
8,392,incomparable
8,393,incomparable
8,394,incomparable
8,395,incomparable
8,396,incomparable
8,397,incomparable
8,398,incomparable
8,399,incomparable
8,400,incomparable
8,401,incomparable
8,402,incomparable
8,403,incomparable
8,404,incomparable
8,405,incomparable
8,406,incomparable
8,407,incomparable
8,408,incomparable
8,409,incomparable
8,410,incomparable
8,411,weaker
8,412,stronger
8,413,incomparable
8,414,incomparable
8,415,stronger
8,416,incomparable
8,417,incomparable
8,418,stronger
8,419,incomparable
8,420,incomparable
8,421,stronger
8,422,incomparable
8,423,stronger
8,424,stronger
8,425,stronger
8,426,incomparable
8,427,incomparable
8,428,stronger
8,429,incomparable
8,430,stronger
8,431,stronger
8,432,incomparable
8,433,stronger
8,434,stronger
8,435,stronger
8,436,incomparable
8,437,incomparable
8,438,stronger
8,439,incomparable
8,440,incomparable
8,441,stronger
8,442,incomparable
8,443,incomparable
8,444,stronger
8,445,stronger
8,446,incomparable
8,447,stronger
8,448,stronger
8,449,stronger
8,450,incomparable
8,451,stronger
8,452,incomparable
8,453,stronger
8,454,incomparable
8,455,stronger
8,456,stronger
8,457,stronger
8,458,incomparable
8,459,stronger
8,460,stronger
8,461,stronger
8,462,stronger
8,463,incomparable
8,464,incomparable
8,465,stronger
8,466,incomparable
8,467,incomparable
8,468,stronger
8,469,incomparable
8,470,stronger
8,471,stronger
8,472,stronger
8,473,incomparable
8,474,stronger
8,475,stronger
8,476,incomparable
8,477,incomparable
8,478,stronger
8,479,incomparable
8,480,stronger
8,481,incomparable
8,482,stronger
8,483,incomparable
8,484,stronger
8,485,stronger
8,486,stronger
8,487,incomparable
8,488,stronger
8,489,stronger
8,490,stronger
8,491,incomparable
8,492,stronger
8,493,stronger
8,494,stronger
8,495,incomparable
8,496,stronger
8,497,stronger
8,498,stronger
8,499,stronger
8,500,incomparable
8,501,incomparable
8,502,stronger
8,503,incomparable
8,504,incomparable
8,505,stronger
8,506,incomparable
8,507,stronger
8,508,stronger
8,509,stronger
8,510,incomparable
8,511,incomparable
8,512,stronger
8,513,incomparable
8,514,stronger
8,515,stronger
8,516,incomparable
8,517,stronger
8,518,stronger
8,519,stronger
8,520,incomparable
8,521,stronger
8,522,stronger
8,523,stronger
8,524,incomparable
8,525,stronger
8,526,stronger
8,527,stronger
8,528,incomparable
8,529,stronger
8,530,stronger
8,531,stronger
8,532,incomparable
8,533,stronger
8,534,stronger
8,535,stronger
8,536,stronger
8,537,incomparable
8,538,stronger
8,539,stronger
8,540,stronger
8,541,incomparable
8,542,stronger
8,543,stronger
8,544,stronger
8,545,incomparable
8,546,incomparable
8,547,stronger
8,548,stronger
8,549,incomparable
8,550,stronger
8,551,stronger
8,552,stronger
8,553,stronger
8,554,incomparable
8,555,stronger
8,556,incomparable
8,557,stronger
8,558,incomparable
8,559,stronger
8,560,stronger
8,561,stronger
8,562,incomparable
8,563,stronger
8,564,stronger
8,565,stronger
8,566,incomparable
8,567,stronger
8,568,stronger
8,569,stronger
8,570,stronger
8,571,incomparable
8,572,stronger
8,573,stronger
8,574,stronger
8,575,incomparable
8,576,stronger
8,577,stronger
8,578,stronger
8,579,incomparable
8,580,stronger
8,581,stronger
8,582,stronger
8,583,incomparable
8,584,stronger
8,585,stronger
8,586,stronger
8,587,stronger
8,588,incomparable
8,589,stronger
8,590,stronger
8,591,stronger
8,592,stronger
8,593,incomparable
8,594,stronger
8,595,stronger
8,596,stronger
8,597,stronger
8,598,incomparable
8,599,stronger
8,600,stronger
8,601,stronger
8,602,stronger
8,603,incomparable
8,604,stronger
8,605,stronger
8,606,stronger
8,607,stronger
8,608,incomparable
8,609,stronger
8,610,stronger
8,611,stronger
8,612,stronger
8,613,stronger
8,614,incomparable
8,615,incomparable
8,616,incomparable
8,617,stronger
8,618,stronger
8,619,incomparable
8,620,incomparable
8,621,incomparable
8,622,incomparable
8,623,incomparable
8,624,incomparable
8,625,incomparable
8,626,incomparable
8,627,stronger
8,628,stronger
8,629,incomparable
8,630,incomparable
8,631,stronger
8,632,incomparable
8,633,incomparable
8,634,stronger
8,635,incomparable
8,636,stronger
8,637,stronger
8,638,stronger
8,639,incomparable
8,640,incomparable
8,641,stronger
8,642,incomparable
8,643,incomparable
8,644,stronger
8,645,incomparable
8,646,incomparable
8,647,stronger
8,648,stronger
8,649,incomparable
8,650,stronger
8,651,stronger
8,652,stronger
8,653,incomparable
8,654,stronger
8,655,stronger
8,656,stronger
8,657,incomparable
8,658,stronger
8,659,stronger
8,660,stronger
8,661,incomparable
8,662,stronger
8,663,stronger
8,664,stronger
8,665,stronger
8,666,incomparable
8,667,incomparable
8,668,stronger
8,669,incomparable
8,670,incomparable
8,671,stronger
8,672,incomparable
8,673,stronger
8,674,stronger
8,675,stronger
8,676,incomparable
8,677,incomparable
8,678,stronger
8,679,incomparable
8,680,incomparable
8,681,stronger
8,682,incomparable
8,683,stronger
8,684,stronger
8,685,stronger
8,686,incomparable
8,687,stronger
8,688,stronger
8,689,stronger
8,690,incomparable
8,691,stronger
8,692,incomparable
8,693,stronger
8,694,incomparable
8,695,incomparable
8,696,stronger
8,697,stronger
8,698,incomparable
8,699,stronger
8,700,stronger
8,701,stronger
8,702,stronger
8,703,incomparable
8,704,incomparable
8,705,stronger
8,706,incomparable
8,707,incomparable
8,708,stronger
8,709,incomparable
8,710,stronger
8,711,stronger
8,712,stronger
8,713,incomparable
8,714,incomparable
8,715,stronger
8,716,incomparable
8,717,stronger
8,718,stronger
8,719,incomparable
8,720,stronger
8,721,stronger
8,722,stronger
8,723,incomparable
8,724,stronger
8,725,stronger
8,726,stronger
8,727,incomparable
8,728,stronger
8,729,stronger
8,730,stronger
8,731,incomparable
8,732,stronger
8,733,stronger
8,734,stronger
8,735,incomparable
8,736,stronger
8,737,stronger
8,738,stronger
8,739,stronger
8,740,incomparable
8,741,stronger
8,742,stronger
8,743,stronger
8,744,incomparable
8,745,stronger
8,746,incomparable
8,747,stronger
8,748,incomparable
8,749,incomparable
8,750,stronger
8,751,stronger
8,752,incomparable
8,753,stronger
8,754,stronger
8,755,stronger
8,756,stronger
8,757,incomparable
8,758,stronger
8,759,stronger
8,760,stronger
8,761,incomparable
8,762,stronger
8,763,stronger
8,764,stronger
8,765,incomparable
8,766,stronger
8,767,stronger
8,768,stronger
8,769,incomparable
8,770,stronger
8,771,stronger
8,772,stronger
8,773,stronger
8,774,incomparable
8,775,incomparable
8,776,stronger
8,777,stronger
8,778,incomparable
8,779,stronger
8,780,stronger
8,781,stronger
8,782,incomparable
8,783,stronger
8,784,stronger
8,785,stronger
8,786,incomparable
8,787,stronger
8,788,stronger
8,789,stronger
8,790,stronger
8,791,incomparable
8,792,stronger
8,793,stronger
8,794,stronger
8,795,stronger
8,796,incomparable
8,797,stronger
8,798,stronger
8,799,stronger
8,800,stronger
8,801,incomparable
8,802,stronger
8,803,stronger
8,804,stronger
8,805,stronger
8,806,incomparable
8,807,stronger
8,808,stronger
8,809,stronger
8,810,stronger
8,811,incomparable
8,812,stronger
8,813,stronger
8,814,stronger
8,815,stronger
8,816,stronger
8,817,incomparable
8,818,incomparable
8,819,incomparable
8,820,stronger
8,821,stronger
8,822,incomparable
8,823,stronger
8,824,stronger
8,825,incomparable
8,826,incomparable
8,827,stronger
8,828,incomparable
8,829,stronger
8,830,stronger
8,831,stronger
8,832,incomparable
8,833,incomparable
8,834,incomparable
8,835,incomparable
8,836,incomparable
8,837,incomparable
8,838,incomparable
8,839,stronger
8,840,stronger
8,841,stronger
8,842,incomparable
8,843,incomparable
8,844,stronger
8,845,incomparable
8,846,incomparable
8,847,incomparable
8,848,incomparable
8,849,stronger
8,850,stronger
8,851,stronger
8,852,incomparable
8,853,stronger
8,854,stronger
8,855,stronger
8,856,incomparable
8,857,stronger
8,858,stronger
8,859,stronger
8,860,incomparable
8,861,incomparable
8,862,stronger
8,863,stronger
8,864,incomparable
8,865,stronger
8,866,stronger
8,867,stronger
8,868,stronger
8,869,incomparable
8,870,incomparable
8,871,stronger
8,872,incomparable
8,873,incomparable
8,874,stronger
8,875,incomparable
8,876,stronger
8,877,stronger
8,878,stronger
8,879,incomparable
8,880,incomparable
8,881,stronger
8,882,incomparable
8,883,incomparable
8,884,stronger
8,885,incomparable
8,886,stronger
8,887,stronger
8,888,stronger
8,889,incomparable
8,890,stronger
8,891,stronger
8,892,stronger
8,893,incomparable
8,894,stronger
8,895,stronger
8,896,stronger
8,897,incomparable
8,898,incomparable
8,899,stronger
8,900,stronger
8,901,incomparable
8,902,stronger
8,903,stronger
8,904,stronger
8,905,stronger
8,906,incomparable
8,907,incomparable
8,908,stronger
8,909,incomparable
8,910,incomparable
8,911,stronger
8,912,incomparable
8,913,stronger
8,914,stronger
8,915,stronger
8,916,incomparable
8,917,incomparable
8,918,stronger
8,919,incomparable
8,920,stronger
8,921,stronger
8,922,incomparable
8,923,stronger
8,924,stronger
8,925,stronger
8,926,incomparable
8,927,stronger
8,928,stronger
8,929,stronger
8,930,incomparable
8,931,stronger
8,932,stronger
8,933,stronger
8,934,incomparable
8,935,stronger
8,936,stronger
8,937,stronger
8,938,incomparable
8,939,stronger
8,940,stronger
8,941,stronger
8,942,stronger
8,943,incomparable
8,944,stronger
8,945,stronger
8,946,stronger
8,947,incomparable
8,948,stronger
8,949,incomparable
8,950,stronger
8,951,incomparable
8,952,stronger
8,953,stronger
8,954,stronger
8,955,incomparable
8,956,stronger
8,957,stronger
8,958,stronger
8,959,stronger
8,960,incomparable
8,961,stronger
8,962,incomparable
8,963,stronger
8,964,incomparable
8,965,stronger
8,966,stronger
8,967,stronger
8,968,incomparable
8,969,stronger
8,970,stronger
8,971,stronger
8,972,incomparable
8,973,stronger
8,974,stronger
8,975,stronger
8,976,stronger
8,977,incomparable
8,978,stronger
8,979,stronger
8,980,stronger
8,981,incomparable
8,982,stronger
8,983,stronger
8,984,stronger
8,985,incomparable
8,986,stronger
8,987,stronger
8,988,stronger
8,989,incomparable
8,990,stronger
8,991,stronger
8,992,stronger
8,993,stronger
8,994,incomparable
8,995,stronger
8,996,stronger
8,997,stronger
8,998,stronger
8,999,incomparable
8,1000,stronger
8,1001,stronger
8,1002,stronger
8,1003,stronger
8,1004,incomparable
8,1005,stronger
8,1006,stronger
8,1007,stronger
8,1008,stronger
8,1009,incomparable
8,1010,stronger
8,1011,stronger
8,1012,stronger
8,1013,stronger
8,1014,incomparable
8,1015,stronger
8,1016,stronger
8,1017,stronger
8,1018,stronger
8,1019,stronger
8,1020,weaker
8,1021,incomparable
8,1022,incomparable
8,1023,incomparable
8,1024,stronger
8,1025,stronger
8,1026,incomparable
8,1027,stronger
8,1028,incomparable
8,1029,incomparable
8,1030,stronger
8,1031,stronger
8,1032,stronger
8,1033,stronger
8,1034,stronger
8,1035,incomparable
8,1036,incomparable
8,1037,stronger
8,1038,incomparable
8,1039,incomparable
8,1040,stronger
8,1041,incomparable
8,1042,stronger
8,1043,stronger
8,1044,stronger
8,1045,incomparable
8,1046,incomparable
8,1047,stronger
8,1048,incomparable
8,1049,incomparable
8,1050,incomparable
8,1051,incomparable
8,1052,incomparable
8,1053,stronger
8,1054,stronger
8,1055,stronger
8,1056,stronger
8,1057,stronger
8,1058,stronger
8,1059,stronger
8,1060,stronger
8,1061,incomparable
8,1062,stronger
8,1063,incomparable
8,1064,stronger
8,1065,stronger
8,1066,stronger
8,1067,stronger
8,1068,stronger
8,1069,stronger
8,1070,stronger
8,1071,stronger
8,1072,stronger
8,1073,incomparable
8,1074,stronger
8,1075,incomparable
8,1076,unknown
8,1077,stronger
8,1078,stronger
8,1079,stronger
8,1080,stronger
8,1081,stronger
8,1082,incomparable
8,1083,incomparable
8,1084,stronger
8,1085,incomparable
8,1086,incomparable
8,1087,stronger
8,1088,stronger
8,1089,stronger
8,1090,incomparable
8,1091,stronger
8,1092,stronger
8,1093,stronger
8,1094,stronger
8,1095,stronger
8,1096,stronger
8,1097,stronger
8,1098,stronger
8,1099,stronger
8,1100,stronger
8,1101,incomparable
8,1102,stronger
8,1103,stronger
8,1104,stronger
8,1105,stronger
8,1106,stronger
8,1107,stronger
8,1108,stronger
8,1109,incomparable
8,1110,incomparable
8,1111,stronger
8,1112,incomparable
8,1113,incomparable
8,1114,stronger
8,1115,stronger
8,1116,stronger
8,1117,incomparable
8,1118,stronger
8,1119,stronger
8,1120,incomparable
8,1121,stronger
8,1122,incomparable
8,1123,stronger
8,1124,stronger
8,1125,stronger
8,1126,stronger
8,1127,stronger
8,1128,stronger
8,1129,stronger
8,1130,stronger
8,1131,incomparable
8,1132,stronger
8,1133,stronger
8,1134,stronger
8,1135,stronger
8,1136,stronger
8,1137,incomparable
8,1138,stronger
8,1139,stronger
8,1140,stronger
8,1141,stronger
8,1142,stronger
8,1143,stronger
8,1144,stronger
8,1145,stronger
8,1146,stronger
8,1147,stronger
8,1148,stronger
8,1149,stronger
8,1150,stronger
8,1151,stronger
8,1152,incomparable
8,1153,stronger
8,1154,stronger
8,1155,incomparable
8,1156,stronger
8,1157,stronger
8,1158,stronger
8,1159,stronger
8,1160,stronger
8,1161,stronger
8,1162,stronger
8,1163,stronger
8,1164,stronger
8,1165,stronger
8,1166,stronger
8,1167,stronger
8,1168,stronger
8,1169,stronger
8,1170,stronger
8,1171,incomparable
8,1172,stronger
8,1173,stronger
8,1174,stronger
8,1175,stronger
8,1176,stronger
8,1177,stronger
8,1178,stronger
8,1179,stronger
8,1180,stronger
8,1181,stronger
8,1182,stronger
8,1183,stronger
8,1184,incomparable
8,1185,stronger
8,1186,stronger
8,1187,stronger
8,1188,stronger
8,1189,stronger
8,1190,stronger
8,1191,stronger
8,1192,stronger
8,1193,stronger
8,1194,stronger
8,1195,stronger
8,1196,stronger
8,1197,stronger
8,1198,stronger
8,1199,stronger
8,1200,stronger
8,1201,stronger
8,1202,stronger
8,1203,stronger
8,1204,stronger
8,1205,stronger
8,1206,stronger
8,1207,stronger
8,1208,stronger
8,1209,stronger
8,1210,stronger
8,1211,stronger
8,1212,stronger
8,1213,stronger
8,1214,stronger
8,1215,stronger
8,1216,stronger
8,1217,stronger
8,1218,stronger
8,1219,stronger
8,1220,stronger
8,1221,stronger
8,1222,stronger
8,1223,incomparable
8,1224,incomparable
8,1225,incomparable
8,1226,stronger
8,1227,stronger
8,1228,incomparable
8,1229,incomparable
8,1230,stronger
8,1231,stronger
8,1232,stronger
8,1233,stronger
8,1234,stronger
8,1235,stronger
8,1236,stronger
8,1237,stronger
8,1238,incomparable
8,1239,incomparable
8,1240,incomparable
8,1241,incomparable
8,1242,incomparable
8,1243,incomparable
8,1244,incomparable
8,1245,incomparable
8,1246,stronger
8,1247,stronger
8,1248,incomparable
8,1249,incomparable
8,1250,incomparable
8,1251,incomparable
8,1252,incomparable
8,1253,incomparable
8,1254,incomparable
8,1255,incomparable
8,1256,stronger
8,1257,stronger
8,1258,incomparable
8,1259,incomparable
8,1260,stronger
8,1261,stronger
8,1262,incomparable
8,1263,incomparable
8,1264,stronger
8,1265,stronger
8,1266,stronger
8,1267,stronger
8,1268,stronger
8,1269,stronger
8,1270,stronger
8,1271,stronger
8,1272,stronger
8,1273,stronger
8,1274,stronger
8,1275,stronger
8,1276,incomparable
8,1277,stronger
8,1278,incomparable
8,1279,incomparable
8,1280,stronger
8,1281,stronger
8,1282,stronger
8,1283,stronger
8,1284,stronger
8,1285,incomparable
8,1286,incomparable
8,1287,stronger
8,1288,incomparable
8,1289,incomparable
8,1290,stronger
8,1291,stronger
8,1292,stronger
8,1293,stronger
8,1294,stronger
8,1295,stronger
8,1296,stronger
8,1297,stronger
8,1298,stronger
8,1299,incomparable
8,1300,stronger
8,1301,incomparable
8,1302,stronger
8,1303,stronger
8,1304,stronger
8,1305,stronger
8,1306,stronger
8,1307,stronger
8,1308,stronger
8,1309,stronger
8,1310,stronger
8,1311,stronger
8,1312,stronger
8,1313,incomparable
8,1314,stronger
8,1315,incomparable
8,1316,incomparable
8,1317,stronger
8,1318,stronger
8,1319,stronger
8,1320,stronger
8,1321,stronger
8,1322,incomparable
8,1323,incomparable
8,1324,stronger
8,1325,incomparable
8,1326,stronger
8,1327,stronger
8,1328,stronger
8,1329,stronger
8,1330,stronger
8,1331,stronger
8,1332,stronger
8,1333,stronger
8,1334,stronger
8,1335,stronger
8,1336,incomparable
8,1337,stronger
8,1338,stronger
8,1339,stronger
8,1340,stronger
8,1341,stronger
8,1342,stronger
8,1343,stronger
8,1344,stronger
8,1345,stronger
8,1346,stronger
8,1347,stronger
8,1348,stronger
8,1349,stronger
8,1350,stronger
8,1351,stronger
8,1352,stronger
8,1353,incomparable
8,1354,stronger
8,1355,incomparable
8,1356,stronger
8,1357,stronger
8,1358,incomparable
8,1359,stronger
8,1360,stronger
8,1361,stronger
8,1362,stronger
8,1363,stronger
8,1364,stronger
8,1365,stronger
8,1366,stronger
8,1367,stronger
8,1368,incomparable
8,1369,stronger
8,1370,incomparable
8,1371,stronger
8,1372,stronger
8,1373,stronger
8,1374,stronger
8,1375,stronger
8,1376,stronger
8,1377,stronger
8,1378,stronger
8,1379,stronger
8,1380,stronger
8,1381,stronger
8,1382,stronger
8,1383,stronger
8,1384,stronger
8,1385,stronger
8,1386,stronger
8,1387,incomparable
8,1388,stronger
8,1389,stronger
8,1390,stronger
8,1391,stronger
8,1392,stronger
8,1393,stronger
8,1394,stronger
8,1395,stronger
8,1396,stronger
8,1397,stronger
8,1398,stronger
8,1399,stronger
8,1400,stronger
8,1401,stronger
8,1402,stronger
8,1403,stronger
8,1404,stronger
8,1405,incomparable
8,1406,stronger
8,1407,stronger
8,1408,stronger
8,1409,stronger
8,1410,stronger
8,1411,stronger
8,1412,stronger
8,1413,stronger
8,1414,stronger
8,1415,stronger
8,1416,stronger
8,1417,stronger
8,1418,stronger
8,1419,stronger
8,1420,stronger
8,1421,stronger
8,1422,stronger
8,1423,stronger
8,1424,stronger
8,1425,stronger
8,1426,incomparable
8,1427,incomparable
8,1428,incomparable
8,1429,incomparable
8,1430,incomparable
8,1431,incomparable
8,1432,incomparable
8,1433,incomparable
8,1434,incomparable
8,1435,incomparable
8,1436,incomparable
8,1437,incomparable
8,1438,incomparable
8,1439,incomparable
8,1440,incomparable
8,1441,incomparable
8,1442,incomparable
8,1443,incomparable
8,1444,incomparable
8,1445,incomparable
8,1446,incomparable
8,1447,incomparable
8,1448,incomparable
8,1449,incomparable
8,1450,incomparable
8,1451,incomparable
8,1452,incomparable
8,1453,incomparable
8,1454,incomparable
8,1455,incomparable
8,1456,incomparable
8,1457,incomparable
8,1458,incomparable
8,1459,incomparable
8,1460,incomparable
8,1461,incomparable
8,1462,incomparable
8,1463,incomparable
8,1464,incomparable
8,1465,incomparable
8,1466,incomparable
8,1467,incomparable
8,1468,incomparable
8,1469,incomparable
8,1470,incomparable
8,1471,incomparable
8,1472,incomparable
8,1473,incomparable
8,1474,incomparable
8,1475,incomparable
8,1476,incomparable
8,1477,incomparable
8,1478,incomparable
8,1479,incomparable
8,1480,incomparable
8,1481,incomparable
8,1482,incomparable
8,1483,incomparable
8,1484,incomparable
8,1485,incomparable
8,1486,incomparable
8,1487,incomparable
8,1488,incomparable
8,1489,incomparable
8,1490,stronger
8,1491,incomparable
8,1492,incomparable
8,1493,stronger
8,1494,incomparable
8,1495,stronger
8,1496,incomparable
8,1497,stronger
8,1498,incomparable
8,1499,stronger
8,1500,stronger
8,1501,stronger
8,1502,incomparable
8,1503,stronger
8,1504,stronger
8,1505,stronger
8,1506,incomparable
8,1507,stronger
8,1508,stronger
8,1509,stronger
8,1510,incomparable
8,1511,stronger
8,1512,stronger
8,1513,stronger
8,1514,stronger
8,1515,incomparable
8,1516,incomparable
8,1517,stronger
8,1518,incomparable
8,1519,incomparable
8,1520,stronger
8,1521,incomparable
8,1522,stronger
8,1523,incomparable
8,1524,stronger
8,1525,incomparable
8,1526,incomparable
8,1527,stronger
8,1528,incomparable
8,1529,stronger
8,1530,stronger
8,1531,incomparable
8,1532,stronger
8,1533,stronger
8,1534,stronger
8,1535,incomparable
8,1536,stronger
8,1537,stronger
8,1538,stronger
8,1539,incomparable
8,1540,stronger
8,1541,stronger
8,1542,stronger
8,1543,incomparable
8,1544,stronger
8,1545,stronger
8,1546,stronger
8,1547,incomparable
8,1548,stronger
8,1549,stronger
8,1550,stronger
8,1551,stronger
8,1552,incomparable
8,1553,stronger
8,1554,stronger
8,1555,stronger
8,1556,incomparable
8,1557,stronger
8,1558,stronger
8,1559,stronger
8,1560,incomparable
8,1561,stronger
8,1562,stronger
8,1563,stronger
8,1564,incomparable
8,1565,stronger
8,1566,stronger
8,1567,stronger
8,1568,stronger
8,1569,incomparable
8,1570,stronger
8,1571,stronger
8,1572,stronger
8,1573,incomparable
8,1574,stronger
8,1575,stronger
8,1576,stronger
8,1577,incomparable
8,1578,stronger
8,1579,stronger
8,1580,stronger
8,1581,incomparable
8,1582,stronger
8,1583,stronger
8,1584,stronger
8,1585,stronger
8,1586,incomparable
8,1587,incomparable
8,1588,stronger
8,1589,stronger
8,1590,incomparable
8,1591,stronger
8,1592,stronger
8,1593,stronger
8,1594,incomparable
8,1595,stronger
8,1596,stronger
8,1597,stronger
8,1598,incomparable
8,1599,stronger
8,1600,stronger
8,1601,stronger
8,1602,stronger
8,1603,incomparable
8,1604,stronger
8,1605,stronger
8,1606,stronger
8,1607,stronger
8,1608,incomparable
8,1609,stronger
8,1610,stronger
8,1611,stronger
8,1612,stronger
8,1613,incomparable
8,1614,stronger
8,1615,stronger
8,1616,stronger
8,1617,stronger
8,1618,incomparable
8,1619,stronger
8,1620,stronger
8,1621,stronger
8,1622,stronger
8,1623,incomparable
8,1624,stronger
8,1625,stronger
8,1626,stronger
8,1627,stronger
8,1628,stronger
8,1629,incomparable
8,1630,incomparable
8,1631,incomparable
8,1632,incomparable
8,1633,incomparable
8,1634,incomparable
8,1635,incomparable
8,1636,incomparable
8,1637,incomparable
8,1638,incomparable
8,1639,incomparable
8,1640,incomparable
8,1641,incomparable
8,1642,incomparable
8,1643,incomparable
8,1644,incomparable
8,1645,incomparable
8,1646,incomparable
8,1647,incomparable
8,1648,incomparable
8,1649,incomparable
8,1650,incomparable
8,1651,incomparable
8,1652,incomparable
8,1653,incomparable
8,1654,incomparable
8,1655,incomparable
8,1656,incomparable
8,1657,incomparable
8,1658,incomparable
8,1659,incomparable
8,1660,incomparable
8,1661,incomparable
8,1662,incomparable
8,1663,incomparable
8,1664,incomparable
8,1665,incomparable
8,1666,incomparable
8,1667,incomparable
8,1668,incomparable
8,1669,incomparable
8,1670,incomparable
8,1671,incomparable
8,1672,incomparable
8,1673,incomparable
8,1674,incomparable
8,1675,incomparable
8,1676,incomparable
8,1677,incomparable
8,1678,incomparable
8,1679,incomparable
8,1680,incomparable
8,1681,incomparable
8,1682,incomparable
8,1683,stronger
8,1684,incomparable
8,1685,incomparable
8,1686,stronger
8,1687,stronger
8,1688,stronger
8,1689,stronger
8,1690,stronger
8,1691,incomparable
8,1692,incomparable
8,1693,stronger
8,1694,incomparable
8,1695,incomparable
8,1696,stronger
8,1697,incomparable
8,1698,stronger
8,1699,stronger
8,1700,stronger
8,1701,incomparable
8,1702,stronger
8,1703,stronger
8,1704,stronger
8,1705,incomparable
8,1706,stronger
8,1707,incomparable
8,1708,stronger
8,1709,stronger
8,1710,incomparable
8,1711,stronger
8,1712,stronger
8,1713,stronger
8,1714,stronger
8,1715,stronger
8,1716,stronger
8,1717,stronger
8,1718,incomparable
8,1719,incomparable
8,1720,stronger
8,1721,incomparable
8,1722,incomparable
8,1723,stronger
8,1724,incomparable
8,1725,stronger
8,1726,incomparable
8,1727,stronger
8,1728,incomparable
8,1729,incomparable
8,1730,stronger
8,1731,incomparable
8,1732,stronger
8,1733,stronger
8,1734,stronger
8,1735,stronger
8,1736,stronger
8,1737,stronger
8,1738,incomparable
8,1739,stronger
8,1740,stronger
8,1741,stronger
8,1742,stronger
8,1743,stronger
8,1744,stronger
8,1745,stronger
8,1746,incomparable
8,1747,stronger
8,1748,stronger
8,1749,stronger
8,1750,stronger
8,1751,stronger
8,1752,stronger
8,1753,stronger
8,1754,stronger
8,1755,stronger
8,1756,stronger
8,1757,stronger
8,1758,stronger
8,1759,stronger
8,1760,stronger
8,1761,incomparable
8,1762,stronger
8,1763,stronger
8,1764,stronger
8,1765,stronger
8,1766,stronger
8,1767,stronger
8,1768,stronger
8,1769,stronger
8,1770,stronger
8,1771,stronger
8,1772,stronger
8,1773,stronger
8,1774,stronger
8,1775,stronger
8,1776,stronger
8,1777,stronger
8,1778,stronger
8,1779,stronger
8,1780,stronger
8,1781,stronger
8,1782,stronger
8,1783,stronger
8,1784,stronger
8,1785,stronger
8,1786,stronger
8,1787,stronger
8,1788,stronger
8,1789,stronger
8,1790,incomparable
8,1791,stronger
8,1792,stronger
8,1793,incomparable
8,1794,stronger
8,1795,stronger
8,1796,stronger
8,1797,stronger
8,1798,stronger
8,1799,stronger
8,1800,stronger
8,1801,stronger
8,1802,stronger
8,1803,stronger
8,1804,stronger
8,1805,stronger
8,1806,stronger
8,1807,stronger
8,1808,stronger
8,1809,stronger
8,1810,stronger
8,1811,stronger
8,1812,stronger
8,1813,stronger
8,1814,stronger
8,1815,stronger
8,1816,stronger
8,1817,stronger
8,1818,stronger
8,1819,stronger
8,1820,stronger
8,1821,stronger
8,1822,stronger
8,1823,stronger
8,1824,stronger
8,1825,stronger
8,1826,stronger
8,1827,stronger
8,1828,stronger
8,1829,stronger
8,1830,stronger
8,1831,stronger
8,1832,weaker
8,1833,incomparable
8,1834,incomparable
8,1835,incomparable
8,1836,incomparable
8,1837,incomparable
8,1838,incomparable
8,1839,incomparable
8,1840,incomparable
8,1841,incomparable
8,1842,incomparable
8,1843,incomparable
8,1844,incomparable
8,1845,incomparable
8,1846,incomparable
8,1847,incomparable
8,1848,incomparable
8,1849,incomparable
8,1850,incomparable
8,1851,incomparable
8,1852,incomparable
8,1853,incomparable
8,1854,incomparable
8,1855,incomparable
8,1856,incomparable
8,1857,incomparable
8,1858,incomparable
8,1859,incomparable
8,1860,incomparable
8,1861,incomparable
8,1862,incomparable
8,1863,incomparable
8,1864,incomparable
8,1865,incomparable
8,1866,incomparable
8,1867,incomparable
8,1868,incomparable
8,1869,incomparable
8,1870,incomparable
8,1871,incomparable
8,1872,incomparable
8,1873,incomparable
8,1874,incomparable
8,1875,incomparable
8,1876,incomparable
8,1877,incomparable
8,1878,incomparable
8,1879,incomparable
8,1880,incomparable
8,1881,incomparable
8,1882,incomparable
8,1883,incomparable
8,1884,stronger
8,1885,incomparable
8,1886,stronger
8,1887,incomparable
8,1888,incomparable
8,1889,stronger
8,1890,stronger
8,1891,stronger
8,1892,stronger
8,1893,stronger
8,1894,incomparable
8,1895,unknown
8,1896,stronger
8,1897,incomparable
8,1898,incomparable
8,1899,stronger
8,1900,stronger
8,1901,stronger
8,1902,incomparable
8,1903,stronger
8,1904,stronger
8,1905,stronger
8,1906,stronger
8,1907,stronger
8,1908,stronger
8,1909,stronger
8,1910,incomparable
8,1911,stronger
8,1912,stronger
8,1913,stronger
8,1914,stronger
8,1915,stronger
8,1916,stronger
8,1917,stronger
8,1918,stronger
8,1919,stronger
8,1920,stronger
8,1921,incomparable
8,1922,incomparable
8,1923,stronger
8,1924,incomparable
8,1925,incomparable
8,1926,stronger
8,1927,stronger
8,1928,stronger
8,1929,stronger
8,1930,stronger
8,1931,incomparable
8,1932,incomparable
8,1933,stronger
8,1934,incomparable
8,1935,stronger
8,1936,stronger
8,1937,stronger
8,1938,stronger
8,1939,stronger
8,1940,stronger
8,1941,stronger
8,1942,stronger
8,1943,stronger
8,1944,stronger
8,1945,stronger
8,1946,stronger
8,1947,stronger
8,1948,stronger
8,1949,incomparable
8,1950,stronger
8,1951,stronger
8,1952,stronger
8,1953,stronger
8,1954,stronger
8,1955,stronger
8,1956,stronger
8,1957,stronger
8,1958,stronger
8,1959,stronger
8,1960,stronger
8,1961,stronger
8,1962,stronger
8,1963,stronger
8,1964,stronger
8,1965,stronger
8,1966,stronger
8,1967,incomparable
8,1968,stronger
8,1969,stronger
8,1970,stronger
8,1971,stronger
8,1972,stronger
8,1973,stronger
8,1974,stronger
8,1975,incomparable
8,1976,stronger
8,1977,incomparable
8,1978,stronger
8,1979,stronger
8,1980,stronger
8,1981,stronger
8,1982,stronger
8,1983,incomparable
8,1984,stronger
8,1985,stronger
8,1986,stronger
8,1987,stronger
8,1988,stronger
8,1989,stronger
8,1990,stronger
8,1991,stronger
8,1992,stronger
8,1993,incomparable
8,1994,stronger
8,1995,stronger
8,1996,incomparable
8,1997,stronger
8,1998,stronger
8,1999,stronger
8,2000,stronger
8,2001,stronger
8,2002,stronger
8,2003,stronger
8,2004,stronger
8,2005,stronger
8,2006,stronger
8,2007,stronger
8,2008,stronger
8,2009,stronger
8,2010,stronger
8,2011,stronger
8,2012,stronger
8,2013,stronger
8,2014,stronger
8,2015,stronger
8,2016,stronger
8,2017,stronger
8,2018,stronger
8,2019,stronger
8,2020,stronger
8,2021,stronger
8,2022,stronger
8,2023,stronger
8,2024,stronger
8,2025,stronger
8,2026,stronger
8,2027,stronger
8,2028,stronger
8,2029,stronger
8,2030,stronger
8,2031,stronger
8,2032,stronger
8,2033,stronger
8,2034,stronger
8,2035,incomparable
8,2036,incomparable
8,2037,incomparable
8,2038,incomparable
8,2039,incomparable
8,2040,incomparable
8,2041,incomparable
8,2042,incomparable
8,2043,incomparable
8,2044,incomparable
8,2045,incomparable
8,2046,incomparable
8,2047,incomparable
8,2048,incomparable
8,2049,incomparable
8,2050,incomparable
8,2051,incomparable
8,2052,incomparable
8,2053,incomparable
8,2054,incomparable
8,2055,incomparable
8,2056,incomparable
8,2057,incomparable
8,2058,incomparable
8,2059,incomparable
8,2060,incomparable
8,2061,incomparable
8,2062,incomparable
8,2063,incomparable
8,2064,incomparable
8,2065,incomparable
8,2066,incomparable
8,2067,incomparable
8,2068,incomparable
8,2069,incomparable
8,2070,incomparable
8,2071,incomparable
8,2072,incomparable
8,2073,incomparable
8,2074,incomparable
8,2075,incomparable
8,2076,incomparable
8,2077,incomparable
8,2078,incomparable
8,2079,incomparable
8,2080,incomparable
8,2081,incomparable
8,2082,incomparable
8,2083,incomparable
8,2084,incomparable
8,2085,incomparable
8,2086,incomparable
8,2087,incomparable
8,2088,incomparable
8,2089,incomparable
8,2090,incomparable
8,2091,incomparable
8,2092,stronger
8,2093,incomparable
8,2094,stronger
8,2095,stronger
8,2096,stronger
8,2097,stronger
8,2098,incomparable
8,2099,stronger
8,2100,incomparable
8,2101,incomparable
8,2102,stronger
8,2103,stronger
8,2104,stronger
8,2105,stronger
8,2106,stronger
8,2107,stronger
8,2108,stronger
8,2109,stronger
8,2110,stronger
8,2111,stronger
8,2112,stronger
8,2113,stronger
8,2114,stronger
8,2115,incomparable
8,2116,incomparable
8,2117,stronger
8,2118,stronger
8,2119,stronger
8,2120,stronger
8,2121,stronger
8,2122,stronger
8,2123,stronger
8,2124,incomparable
8,2125,incomparable
8,2126,incomparable
8,2127,incomparable
8,2128,incomparable
8,2129,stronger
8,2130,stronger
8,2131,stronger
8,2132,incomparable
8,2133,stronger
8,2134,incomparable
8,2135,incomparable
8,2136,stronger
8,2137,incomparable
8,2138,stronger
8,2139,stronger
8,2140,stronger
8,2141,stronger
8,2142,stronger
8,2143,stronger
8,2144,stronger
8,2145,stronger
8,2146,incomparable
8,2147,stronger
8,2148,stronger
8,2149,stronger
8,2150,stronger
8,2151,stronger
8,2152,incomparable
8,2153,stronger
8,2154,stronger
8,2155,stronger
8,2156,stronger
8,2157,stronger
8,2158,stronger
8,2159,stronger
8,2160,stronger
8,2161,incomparable
8,2162,incomparable
8,2163,incomparable
8,2164,incomparable
8,2165,incomparable
8,2166,stronger
8,2167,stronger
8,2168,stronger
8,2169,incomparable
8,2170,stronger
8,2171,stronger
8,2172,stronger
8,2173,stronger
8,2174,stronger
8,2175,stronger
8,2176,stronger
8,2177,stronger
8,2178,stronger
8,2179,stronger
8,2180,stronger
8,2181,stronger
8,2182,incomparable
8,2183,stronger
8,2184,stronger
8,2185,stronger
8,2186,stronger
8,2187,stronger
8,2188,stronger
8,2189,stronger
8,2190,stronger
8,2191,stronger
8,2192,stronger
8,2193,stronger
8,2194,stronger
8,2195,stronger
8,2196,stronger
8,2197,stronger
8,2198,stronger
8,2199,stronger
8,2200,stronger
8,2201,stronger
8,2202,stronger
8,2203,incomparable
8,2204,stronger
8,2205,stronger
8,2206,stronger
8,2207,stronger
8,2208,stronger
8,2209,stronger
8,2210,stronger
8,2211,stronger
8,2212,stronger
8,2213,stronger
8,2214,stronger
8,2215,stronger
8,2216,stronger
8,2217,stronger
8,2218,stronger
8,2219,stronger
8,2220,stronger
8,2221,stronger
8,2222,stronger
8,2223,stronger
8,2224,stronger
8,2225,stronger
8,2226,stronger
8,2227,incomparable
8,2228,stronger
8,2229,stronger
8,2230,stronger
8,2231,stronger
8,2232,stronger
8,2233,stronger
8,2234,stronger
8,2235,stronger
8,2236,stronger
8,2237,stronger
8,2238,incomparable
8,2239,incomparable
8,2240,incomparable
8,2241,incomparable
8,2242,incomparable
8,2243,incomparable
8,2244,incomparable
8,2245,incomparable
8,2246,incomparable
8,2247,incomparable
8,2248,incomparable
8,2249,incomparable
8,2250,incomparable
8,2251,incomparable
8,2252,incomparable
8,2253,incomparable
8,2254,incomparable
8,2255,incomparable
8,2256,incomparable
8,2257,incomparable
8,2258,incomparable
8,2259,incomparable
8,2260,incomparable
8,2261,incomparable
8,2262,incomparable
8,2263,incomparable
8,2264,incomparable
8,2265,incomparable
8,2266,incomparable
8,2267,incomparable
8,2268,incomparable
8,2269,incomparable
8,2270,incomparable
8,2271,incomparable
8,2272,incomparable
8,2273,incomparable
8,2274,incomparable
8,2275,incomparable
8,2276,incomparable
8,2277,incomparable
8,2278,incomparable
8,2279,incomparable
8,2280,incomparable
8,2281,incomparable
8,2282,incomparable
8,2283,incomparable
8,2284,incomparable
8,2285,incomparable
8,2286,incomparable
8,2287,incomparable
8,2288,incomparable
8,2289,incomparable
8,2290,incomparable
8,2291,incomparable
8,2292,stronger
8,2293,incomparable
8,2294,incomparable
8,2295,stronger
8,2296,incomparable
8,2297,stronger
8,2298,stronger
8,2299,stronger
8,2300,incomparable
8,2301,incomparable
8,2302,stronger
8,2303,incomparable
8,2304,incomparable
8,2305,stronger
8,2306,incomparable
8,2307,stronger
8,2308,stronger
8,2309,stronger
8,2310,incomparable
8,2311,stronger
8,2312,stronger
8,2313,stronger
8,2314,incomparable
8,2315,stronger
8,2316,incomparable
8,2317,stronger
8,2318,incomparable
8,2319,stronger
8,2320,stronger
8,2321,stronger
8,2322,incomparable
8,2323,stronger
8,2324,stronger
8,2325,stronger
8,2326,stronger
8,2327,incomparable
8,2328,incomparable
8,2329,stronger
8,2330,incomparable
8,2331,incomparable
8,2332,stronger
8,2333,incomparable
8,2334,stronger
8,2335,stronger
8,2336,stronger
8,2337,stronger
8,2338,incomparable
8,2339,stronger
8,2340,incomparable
8,2341,stronger
8,2342,stronger
8,2343,stronger
8,2344,stronger
8,2345,stronger
8,2346,stronger
8,2347,stronger
8,2348,stronger
8,2349,stronger
8,2350,stronger
8,2351,incomparable
8,2352,stronger
8,2353,stronger
8,2354,stronger
8,2355,incomparable
8,2356,stronger
8,2357,stronger
8,2358,stronger
8,2359,stronger
8,2360,stronger
8,2361,stronger
8,2362,stronger
8,2363,stronger
8,2364,incomparable
8,2365,stronger
8,2366,stronger
8,2367,stronger
8,2368,incomparable
8,2369,stronger
8,2370,incomparable
8,2371,stronger
8,2372,incomparable
8,2373,incomparable
8,2374,stronger
8,2375,stronger
8,2376,incomparable
8,2377,stronger
8,2378,stronger
8,2379,stronger
8,2380,stronger
8,2381,stronger
8,2382,stronger
8,2383,incomparable
8,2384,stronger
8,2385,incomparable
8,2386,stronger
8,2387,stronger
8,2388,stronger
8,2389,incomparable
8,2390,stronger
8,2391,stronger
8,2392,stronger
8,2393,stronger
8,2394,stronger
8,2395,stronger
8,2396,stronger
8,2397,stronger
8,2398,stronger
8,2399,stronger
8,2400,stronger
8,2401,stronger
8,2402,incomparable
8,2403,stronger
8,2404,stronger
8,2405,stronger
8,2406,incomparable
8,2407,stronger
8,2408,stronger
8,2409,stronger
8,2410,stronger
8,2411,stronger
8,2412,stronger
8,2413,stronger
8,2414,stronger
8,2415,stronger
8,2416,stronger
8,2417,stronger
8,2418,stronger
8,2419,stronger
8,2420,incomparable
8,2421,stronger
8,2422,stronger
8,2423,stronger
8,2424,stronger
8,2425,incomparable
8,2426,stronger
8,2427,stronger
8,2428,stronger
8,2429,stronger
8,2430,incomparable
8,2431,stronger
8,2432,stronger
8,2433,stronger
8,2434,stronger
8,2435,stronger
8,2436,stronger
8,2437,stronger
8,2438,stronger
8,2439,stronger
8,2440,stronger
8,2441,incomparable
8,2442,incomparable
8,2443,incomparable
8,2444,incomparable
8,2445,incomparable
8,2446,incomparable
8,2447,incomparable
8,2448,incomparable
8,2449,incomparable
8,2450,incomparable
8,2451,incomparable
8,2452,incomparable
8,2453,incomparable
8,2454,incomparable
8,2455,incomparable
8,2456,incomparable
8,2457,incomparable
8,2458,incomparable
8,2459,incomparable
8,2460,incomparable
8,2461,incomparable
8,2462,incomparable
8,2463,incomparable
8,2464,incomparable
8,2465,incomparable
8,2466,incomparable
8,2467,incomparable
8,2468,incomparable
8,2469,incomparable
8,2470,incomparable
8,2471,incomparable
8,2472,incomparable
8,2473,incomparable
8,2474,incomparable
8,2475,incomparable
8,2476,incomparable
8,2477,incomparable
8,2478,incomparable
8,2479,incomparable
8,2480,incomparable
8,2481,incomparable
8,2482,incomparable
8,2483,incomparable
8,2484,incomparable
8,2485,incomparable
8,2486,incomparable
8,2487,incomparable
8,2488,incomparable
8,2489,incomparable
8,2490,incomparable
8,2491,incomparable
8,2492,incomparable
8,2493,incomparable
8,2494,incomparable
8,2495,stronger
8,2496,incomparable
8,2497,incomparable
8,2498,stronger
8,2499,stronger
8,2500,stronger
8,2501,stronger
8,2502,stronger
8,2503,incomparable
8,2504,incomparable
8,2505,stronger
8,2506,incomparable
8,2507,incomparable
8,2508,stronger
8,2509,stronger
8,2510,stronger
8,2511,incomparable
8,2512,stronger
8,2513,stronger
8,2514,stronger
8,2515,stronger
8,2516,stronger
8,2517,incomparable
8,2518,stronger
8,2519,stronger
8,2520,stronger
8,2521,stronger
8,2522,stronger
8,2523,stronger
8,2524,stronger
8,2525,stronger
8,2526,stronger
8,2527,stronger
8,2528,stronger
8,2529,stronger
8,2530,incomparable
8,2531,unknown
8,2532,stronger
8,2533,incomparable
8,2534,incomparable
8,2535,stronger
8,2536,incomparable
8,2537,stronger
8,2538,incomparable
8,2539,stronger
8,2540,incomparable
8,2541,incomparable
8,2542,stronger
8,2543,incomparable
8,2544,stronger
8,2545,stronger
8,2546,stronger
8,2547,stronger
8,2548,stronger
8,2549,stronger
8,2550,stronger
8,2551,stronger
8,2552,stronger
8,2553,stronger
8,2554,incomparable
8,2555,stronger
8,2556,stronger
8,2557,stronger
8,2558,incomparable
8,2559,stronger
8,2560,stronger
8,2561,stronger
8,2562,stronger
8,2563,stronger
8,2564,stronger
8,2565,stronger
8,2566,stronger
8,2567,stronger
8,2568,stronger
8,2569,stronger
8,2570,stronger
8,2571,incomparable
8,2572,stronger
8,2573,incomparable
8,2574,stronger
8,2575,stronger
8,2576,incomparable
8,2577,stronger
8,2578,stronger
8,2579,stronger
8,2580,stronger
8,2581,stronger
8,2582,stronger
8,2583,stronger
8,2584,stronger
8,2585,stronger
8,2586,incomparable
8,2587,stronger
8,2588,incomparable
8,2589,stronger
8,2590,stronger
8,2591,stronger
8,2592,incomparable
8,2593,stronger
8,2594,stronger
8,2595,stronger
8,2596,stronger
8,2597,stronger
8,2598,stronger
8,2599,stronger
8,2600,stronger
8,2601,stronger
8,2602,stronger
8,2603,stronger
8,2604,stronger
8,2605,incomparable
8,2606,stronger
8,2607,stronger
8,2608,stronger
8,2609,incomparable
8,2610,stronger
8,2611,stronger
8,2612,stronger
8,2613,stronger
8,2614,stronger
8,2615,stronger
8,2616,stronger
8,2617,stronger
8,2618,stronger
8,2619,stronger
8,2620,stronger
8,2621,stronger
8,2622,stronger
8,2623,incomparable
8,2624,stronger
8,2625,stronger
8,2626,stronger
8,2627,stronger
8,2628,stronger
8,2629,stronger
8,2630,stronger
8,2631,stronger
8,2632,stronger
8,2633,stronger
8,2634,stronger
8,2635,stronger
8,2636,stronger
8,2637,stronger
8,2638,stronger
8,2639,stronger
8,2640,stronger
8,2641,stronger
8,2642,stronger
8,2643,stronger
8,2644,incomparable
8,2645,incomparable
8,2646,incomparable
8,2647,incomparable
8,2648,incomparable
8,2649,incomparable
8,2650,incomparable
8,2651,incomparable
8,2652,incomparable
8,2653,incomparable
8,2654,incomparable
8,2655,incomparable
8,2656,incomparable
8,2657,incomparable
8,2658,incomparable
8,2659,incomparable
8,2660,incomparable
8,2661,incomparable
8,2662,incomparable
8,2663,incomparable
8,2664,incomparable
8,2665,incomparable
8,2666,incomparable
8,2667,incomparable
8,2668,incomparable
8,2669,incomparable
8,2670,incomparable
8,2671,incomparable
8,2672,incomparable
8,2673,incomparable
8,2674,incomparable
8,2675,incomparable
8,2676,incomparable
8,2677,incomparable
8,2678,incomparable
8,2679,incomparable
8,2680,incomparable
8,2681,incomparable
8,2682,incomparable
8,2683,incomparable
8,2684,incomparable
8,2685,incomparable
8,2686,incomparable
8,2687,incomparable
8,2688,incomparable
8,2689,incomparable
8,2690,incomparable
8,2691,incomparable
8,2692,incomparable
8,2693,incomparable
8,2694,incomparable
8,2695,incomparable
8,2696,incomparable
8,2697,incomparable
8,2698,stronger
8,2699,incomparable
8,2700,incomparable
8,2701,stronger
8,2702,incomparable
8,2703,stronger
8,2704,stronger
8,2705,stronger
8,2706,incomparable
8,2707,incomparable
8,2708,stronger
8,2709,incomparable
8,2710,incomparable
8,2711,stronger
8,2712,incomparable
8,2713,stronger
8,2714,incomparable
8,2715,stronger
8,2716,stronger
8,2717,stronger
8,2718,stronger
8,2719,stronger
8,2720,stronger
8,2721,stronger
8,2722,stronger
8,2723,stronger
8,2724,incomparable
8,2725,incomparable
8,2726,stronger
8,2727,stronger
8,2728,stronger
8,2729,stronger
8,2730,stronger
8,2731,stronger
8,2732,stronger
8,2733,incomparable
8,2734,incomparable
8,2735,stronger
8,2736,incomparable
8,2737,incomparable
8,2738,stronger
8,2739,incomparable
8,2740,stronger
8,2741,incomparable
8,2742,stronger
8,2743,incomparable
8,2744,incomparable
8,2745,stronger
8,2746,incomparable
8,2747,stronger
8,2748,stronger
8,2749,stronger
8,2750,stronger
8,2751,stronger
8,2752,stronger
8,2753,stronger
8,2754,stronger
8,2755,stronger
8,2756,stronger
8,2757,stronger
8,2758,stronger
8,2759,stronger
8,2760,stronger
8,2761,incomparable
8,2762,stronger
8,2763,stronger
8,2764,stronger
8,2765,stronger
8,2766,stronger
8,2767,stronger
8,2768,stronger
8,2769,stronger
8,2770,incomparable
8,2771,stronger
8,2772,stronger
8,2773,stronger
8,2774,incomparable
8,2775,stronger
8,2776,stronger
8,2777,stronger
8,2778,incomparable
8,2779,incomparable
8,2780,stronger
8,2781,stronger
8,2782,incomparable
8,2783,stronger
8,2784,stronger
8,2785,stronger
8,2786,stronger
8,2787,stronger
8,2788,stronger
8,2789,stronger
8,2790,stronger
8,2791,incomparable
8,2792,stronger
8,2793,stronger
8,2794,stronger
8,2795,incomparable
8,2796,stronger
8,2797,stronger
8,2798,stronger
8,2799,stronger
8,2800,stronger
8,2801,stronger
8,2802,stronger
8,2803,stronger
8,2804,stronger
8,2805,incomparable
8,2806,stronger
8,2807,stronger
8,2808,incomparable
8,2809,stronger
8,2810,stronger
8,2811,stronger
8,2812,incomparable
8,2813,stronger
8,2814,stronger
8,2815,stronger
8,2816,stronger
8,2817,stronger
8,2818,stronger
8,2819,stronger
8,2820,stronger
8,2821,stronger
8,2822,stronger
8,2823,stronger
8,2824,stronger
8,2825,stronger
8,2826,stronger
8,2827,stronger
8,2828,stronger
8,2829,stronger
8,2830,stronger
8,2831,stronger
8,2832,stronger
8,2833,stronger
8,2834,stronger
8,2835,stronger
8,2836,incomparable
8,2837,stronger
8,2838,stronger
8,2839,stronger
8,2840,stronger
8,2841,stronger
8,2842,stronger
8,2843,stronger
8,2844,stronger
8,2845,stronger
8,2846,stronger
8,2847,incomparable
8,2848,incomparable
8,2849,incomparable
8,2850,incomparable
8,2851,incomparable
8,2852,incomparable
8,2853,incomparable
8,2854,incomparable
8,2855,incomparable
8,2856,incomparable
8,2857,incomparable
8,2858,incomparable
8,2859,incomparable
8,2860,incomparable
8,2861,incomparable
8,2862,incomparable
8,2863,incomparable
8,2864,incomparable
8,2865,incomparable
8,2866,incomparable
8,2867,incomparable
8,2868,incomparable
8,2869,incomparable
8,2870,incomparable
8,2871,incomparable
8,2872,incomparable
8,2873,incomparable
8,2874,incomparable
8,2875,incomparable
8,2876,incomparable
8,2877,incomparable
8,2878,incomparable
8,2879,incomparable
8,2880,incomparable
8,2881,incomparable
8,2882,incomparable
8,2883,incomparable
8,2884,incomparable
8,2885,incomparable
8,2886,incomparable
8,2887,incomparable
8,2888,incomparable
8,2889,incomparable
8,2890,incomparable
8,2891,incomparable
8,2892,incomparable
8,2893,incomparable
8,2894,incomparable
8,2895,incomparable
8,2896,incomparable
8,2897,incomparable
8,2898,incomparable
8,2899,incomparable
8,2900,incomparable
8,2901,stronger
8,2902,incomparable
8,2903,incomparable
8,2904,stronger
8,2905,stronger
8,2906,stronger
8,2907,stronger
8,2908,stronger
8,2909,incomparable
8,2910,incomparable
8,2911,stronger
8,2912,incomparable
8,2913,incomparable
8,2914,stronger
8,2915,stronger
8,2916,stronger
8,2917,stronger
8,2918,stronger
8,2919,incomparable
8,2920,stronger
8,2921,stronger
8,2922,stronger
8,2923,stronger
8,2924,stronger
8,2925,stronger
8,2926,stronger
8,2927,stronger
8,2928,incomparable
8,2929,stronger
8,2930,stronger
8,2931,stronger
8,2932,stronger
8,2933,stronger
8,2934,stronger
8,2935,stronger
8,2936,incomparable
8,2937,incomparable
8,2938,stronger
8,2939,incomparable
8,2940,incomparable
8,2941,stronger
8,2942,stronger
8,2943,stronger
8,2944,stronger
8,2945,stronger
8,2946,incomparable
8,2947,incomparable
8,2948,stronger
8,2949,incomparable
8,2950,stronger
8,2951,stronger
8,2952,stronger
8,2953,stronger
8,2954,stronger
8,2955,stronger
8,2956,stronger
8,2957,stronger
8,2958,stronger
8,2959,stronger
8,2960,stronger
8,2961,stronger
8,2962,stronger
8,2963,stronger
8,2964,incomparable
8,2965,stronger
8,2966,stronger
8,2967,stronger
8,2968,stronger
8,2969,stronger
8,2970,stronger
8,2971,stronger
8,2972,stronger
8,2973,stronger
8,2974,stronger
8,2975,stronger
8,2976,stronger
8,2977,stronger
8,2978,stronger
8,2979,incomparable
8,2980,stronger
8,2981,stronger
8,2982,incomparable
8,2983,stronger
8,2984,stronger
8,2985,stronger
8,2986,stronger
8,2987,stronger
8,2988,stronger
8,2989,stronger
8,2990,incomparable
8,2991,stronger
8,2992,incomparable
8,2993,stronger
8,2994,incomparable
8,2995,stronger
8,2996,stronger
8,2997,stronger
8,2998,incomparable
8,2999,stronger
8,3000,stronger
8,3001,stronger
8,3002,stronger
8,3003,stronger
8,3004,stronger
8,3005,stronger
8,3006,stronger
8,3007,incomparable
8,3008,incomparable
8,3009,stronger
8,3010,stronger
8,3011,incomparable
8,3012,stronger
8,3013,stronger
8,3014,stronger
8,3015,stronger
8,3016,stronger
8,3017,stronger
8,3018,stronger
8,3019,stronger
8,3020,stronger
8,3021,stronger
8,3022,stronger
8,3023,stronger
8,3024,stronger
8,3025,stronger
8,3026,stronger
8,3027,stronger
8,3028,stronger
8,3029,stronger
8,3030,stronger
8,3031,stronger
8,3032,stronger
8,3033,stronger
8,3034,stronger
8,3035,stronger
8,3036,stronger
8,3037,stronger
8,3038,stronger
8,3039,stronger
8,3040,stronger
8,3041,stronger
8,3042,stronger
8,3043,stronger
8,3044,stronger
8,3045,stronger
8,3046,stronger
8,3047,stronger
8,3048,stronger
8,3049,stronger
8,3050,incomparable
8,3051,incomparable
8,3052,incomparable
8,3053,incomparable
8,3054,incomparable
8,3055,incomparable
8,3056,incomparable
8,3057,incomparable
8,3058,incomparable
8,3059,incomparable
8,3060,incomparable
8,3061,incomparable
8,3062,incomparable
8,3063,incomparable
8,3064,incomparable
8,3065,incomparable
8,3066,incomparable
8,3067,incomparable
8,3068,incomparable
8,3069,incomparable
8,3070,incomparable
8,3071,incomparable
8,3072,incomparable
8,3073,incomparable
8,3074,incomparable
8,3075,incomparable
8,3076,incomparable
8,3077,incomparable
8,3078,incomparable
8,3079,incomparable
8,3080,incomparable
8,3081,incomparable
8,3082,incomparable
8,3083,incomparable
8,3084,incomparable
8,3085,incomparable
8,3086,incomparable
8,3087,incomparable
8,3088,incomparable
8,3089,incomparable
8,3090,incomparable
8,3091,incomparable
8,3092,incomparable
8,3093,incomparable
8,3094,incomparable
8,3095,incomparable
8,3096,incomparable
8,3097,incomparable
8,3098,incomparable
8,3099,incomparable
8,3100,incomparable
8,3101,incomparable
8,3102,stronger
8,3103,stronger
8,3104,stronger
8,3105,incomparable
8,3106,incomparable
8,3107,stronger
8,3108,stronger
8,3109,stronger
8,3110,stronger
8,3111,stronger
8,3112,incomparable
8,3113,incomparable
8,3114,stronger
8,3115,incomparable
8,3116,incomparable
8,3117,stronger
8,3118,stronger
8,3119,stronger
8,3120,stronger
8,3121,stronger
8,3122,stronger
8,3123,stronger
8,3124,stronger
8,3125,stronger
8,3126,stronger
8,3127,stronger
8,3128,incomparable
8,3129,stronger
8,3130,stronger
8,3131,stronger
8,3132,stronger
8,3133,stronger
8,3134,stronger
8,3135,stronger
8,3136,stronger
8,3137,stronger
8,3138,stronger
8,3139,incomparable
8,3140,incomparable
8,3141,stronger
8,3142,incomparable
8,3143,incomparable
8,3144,stronger
8,3145,incomparable
8,3146,stronger
8,3147,incomparable
8,3148,stronger
8,3149,incomparable
8,3150,incomparable
8,3151,stronger
8,3152,incomparable
8,3153,stronger
8,3154,stronger
8,3155,stronger
8,3156,stronger
8,3157,stronger
8,3158,stronger
8,3159,stronger
8,3160,stronger
8,3161,incomparable
8,3162,stronger
8,3163,stronger
8,3164,stronger
8,3165,stronger
8,3166,stronger
8,3167,incomparable
8,3168,stronger
8,3169,stronger
8,3170,stronger
8,3171,stronger
8,3172,stronger
8,3173,stronger
8,3174,stronger
8,3175,stronger
8,3176,stronger
8,3177,stronger
8,3178,stronger
8,3179,stronger
8,3180,incomparable
8,3181,stronger
8,3182,incomparable
8,3183,stronger
8,3184,stronger
8,3185,stronger
8,3186,stronger
8,3187,stronger
8,3188,stronger
8,3189,stronger
8,3190,stronger
8,3191,stronger
8,3192,stronger
8,3193,stronger
8,3194,stronger
8,3195,stronger
8,3196,stronger
8,3197,incomparable
8,3198,stronger
8,3199,stronger
8,3200,stronger
8,3201,incomparable
8,3202,stronger
8,3203,stronger
8,3204,stronger
8,3205,stronger
8,3206,stronger
8,3207,stronger
8,3208,stronger
8,3209,stronger
8,3210,stronger
8,3211,stronger
8,3212,stronger
8,3213,stronger
8,3214,incomparable
8,3215,stronger
8,3216,stronger
8,3217,stronger
8,3218,stronger
8,3219,stronger
8,3220,stronger
8,3221,stronger
8,3222,stronger
8,3223,stronger
8,3224,stronger
8,3225,stronger
8,3226,stronger
8,3227,stronger
8,3228,stronger
8,3229,stronger
8,3230,stronger
8,3231,stronger
8,3232,stronger
8,3233,stronger
8,3234,stronger
8,3235,stronger
8,3236,stronger
8,3237,stronger
8,3238,stronger
8,3239,stronger
8,3240,stronger
8,3241,stronger
8,3242,stronger
8,3243,stronger
8,3244,stronger
8,3245,stronger
8,3246,stronger
8,3247,stronger
8,3248,stronger
8,3249,stronger
8,3250,stronger
8,3251,stronger
8,3252,stronger
8,3253,weaker
8,3254,incomparable
8,3255,incomparable
8,3256,incomparable
8,3257,incomparable
8,3258,incomparable
8,3259,incomparable
8,3260,incomparable
8,3261,incomparable
8,3262,incomparable
8,3263,incomparable
8,3264,incomparable
8,3265,incomparable
8,3266,incomparable
8,3267,incomparable
8,3268,incomparable
8,3269,incomparable
8,3270,incomparable
8,3271,incomparable
8,3272,incomparable
8,3273,incomparable
8,3274,incomparable
8,3275,incomparable
8,3276,incomparable
8,3277,incomparable
8,3278,incomparable
8,3279,incomparable
8,3280,incomparable
8,3281,incomparable
8,3282,incomparable
8,3283,incomparable
8,3284,incomparable
8,3285,incomparable
8,3286,incomparable
8,3287,incomparable
8,3288,incomparable
8,3289,incomparable
8,3290,incomparable
8,3291,incomparable
8,3292,incomparable
8,3293,incomparable
8,3294,incomparable
8,3295,incomparable
8,3296,incomparable
8,3297,incomparable
8,3298,incomparable
8,3299,incomparable
8,3300,incomparable
8,3301,incomparable
8,3302,incomparable
8,3303,incomparable
8,3304,incomparable
8,3305,incomparable
8,3306,incomparable
8,3307,incomparable
8,3308,incomparable
8,3309,incomparable
8,3310,incomparable
8,3311,incomparable
8,3312,incomparable
8,3313,incomparable
8,3314,incomparable
8,3315,incomparable
8,3316,incomparable
8,3317,incomparable
8,3318,incomparable
8,3319,weaker
8,3320,incomparable
8,3321,incomparable
8,3322,incomparable
8,3323,incomparable
8,3324,incomparable
8,3325,incomparable
8,3326,incomparable
8,3327,incomparable
8,3328,incomparable
8,3329,incomparable
8,3330,incomparable
8,3331,incomparable
8,3332,incomparable
8,3333,incomparable
8,3334,incomparable
8,3335,incomparable
8,3336,incomparable
8,3337,incomparable
8,3338,incomparable
8,3339,incomparable
8,3340,incomparable
8,3341,incomparable
8,3342,incomparable
8,3343,incomparable
8,3344,incomparable
8,3345,incomparable
8,3346,incomparable
8,3347,incomparable
8,3348,incomparable
8,3349,incomparable
8,3350,incomparable
8,3351,incomparable
8,3352,incomparable
8,3353,incomparable
8,3354,incomparable
8,3355,incomparable
8,3356,incomparable
8,3357,incomparable
8,3358,incomparable
8,3359,incomparable
8,3360,incomparable
8,3361,incomparable
8,3362,incomparable
8,3363,incomparable
8,3364,incomparable
8,3365,incomparable
8,3366,incomparable
8,3367,incomparable
8,3368,incomparable
8,3369,incomparable
8,3370,incomparable
8,3371,incomparable
8,3372,incomparable
8,3373,incomparable
8,3374,incomparable
8,3375,incomparable
8,3376,incomparable
8,3377,incomparable
8,3378,incomparable
8,3379,incomparable
8,3380,incomparable
8,3381,incomparable
8,3382,incomparable
8,3383,incomparable
8,3384,incomparable
8,3385,incomparable
8,3386,incomparable
8,3387,incomparable
8,3388,incomparable
8,3389,incomparable
8,3390,incomparable
8,3391,incomparable
8,3392,incomparable
8,3393,incomparable
8,3394,incomparable
8,3395,incomparable
8,3396,incomparable
8,3397,incomparable
8,3398,incomparable
8,3399,incomparable
8,3400,incomparable
8,3401,incomparable
8,3402,incomparable
8,3403,incomparable
8,3404,incomparable
8,3405,incomparable
8,3406,incomparable
8,3407,incomparable
8,3408,incomparable
8,3409,incomparable
8,3410,incomparable
8,3411,incomparable
8,3412,incomparable
8,3413,incomparable
8,3414,incomparable
8,3415,incomparable
8,3416,incomparable
8,3417,incomparable
8,3418,incomparable
8,3419,incomparable
8,3420,incomparable
8,3421,incomparable
8,3422,incomparable
8,3423,incomparable
8,3424,incomparable
8,3425,incomparable
8,3426,incomparable
8,3427,incomparable
8,3428,incomparable
8,3429,incomparable
8,3430,incomparable
8,3431,incomparable
8,3432,incomparable
8,3433,incomparable
8,3434,incomparable
8,3435,incomparable
8,3436,incomparable
8,3437,incomparable
8,3438,incomparable
8,3439,incomparable
8,3440,incomparable
8,3441,incomparable
8,3442,incomparable
8,3443,incomparable
8,3444,incomparable
8,3445,incomparable
8,3446,incomparable
8,3447,incomparable
8,3448,incomparable
8,3449,incomparable
8,3450,incomparable
8,3451,incomparable
8,3452,incomparable
8,3453,incomparable
8,3454,incomparable
8,3455,incomparable
8,3456,incomparable
8,3457,incomparable
8,3458,incomparable
8,3459,incomparable
8,3460,incomparable
8,3461,incomparable
8,3462,incomparable
8,3463,incomparable
8,3464,incomparable
8,3465,incomparable
8,3466,incomparable
8,3467,incomparable
8,3468,incomparable
8,3469,incomparable
8,3470,incomparable
8,3471,incomparable
8,3472,incomparable
8,3473,incomparable
8,3474,incomparable
8,3475,incomparable
8,3476,incomparable
8,3477,incomparable
8,3478,incomparable
8,3479,incomparable
8,3480,incomparable
8,3481,incomparable
8,3482,incomparable
8,3483,incomparable
8,3484,incomparable
8,3485,incomparable
8,3486,incomparable
8,3487,incomparable
8,3488,incomparable
8,3489,incomparable
8,3490,incomparable
8,3491,incomparable
8,3492,incomparable
8,3493,incomparable
8,3494,incomparable
8,3495,incomparable
8,3496,incomparable
8,3497,incomparable
8,3498,incomparable
8,3499,incomparable
8,3500,incomparable
8,3501,incomparable
8,3502,incomparable
8,3503,incomparable
8,3504,incomparable
8,3505,incomparable
8,3506,incomparable
8,3507,incomparable
8,3508,incomparable
8,3509,incomparable
8,3510,incomparable
8,3511,incomparable
8,3512,incomparable
8,3513,incomparable
8,3514,incomparable
8,3515,incomparable
8,3516,incomparable
8,3517,incomparable
8,3518,incomparable
8,3519,incomparable
8,3520,incomparable
8,3521,incomparable
8,3522,incomparable
8,3523,incomparable
8,3524,incomparable
8,3525,incomparable
8,3526,incomparable
8,3527,incomparable
8,3528,incomparable
8,3529,incomparable
8,3530,incomparable
8,3531,incomparable
8,3532,incomparable
8,3533,incomparable
8,3534,incomparable
8,3535,incomparable
8,3536,incomparable
8,3537,incomparable
8,3538,incomparable
8,3539,incomparable
8,3540,incomparable
8,3541,incomparable
8,3542,incomparable
8,3543,incomparable
8,3544,incomparable
8,3545,incomparable
8,3546,incomparable
8,3547,incomparable
8,3548,incomparable
8,3549,incomparable
8,3550,incomparable
8,3551,incomparable
8,3552,incomparable
8,3553,incomparable
8,3554,incomparable
8,3555,incomparable
8,3556,incomparable
8,3557,incomparable
8,3558,incomparable
8,3559,incomparable
8,3560,incomparable
8,3561,incomparable
8,3562,incomparable
8,3563,incomparable
8,3564,incomparable
8,3565,incomparable
8,3566,incomparable
8,3567,incomparable
8,3568,incomparable
8,3569,incomparable
8,3570,incomparable
8,3571,incomparable
8,3572,incomparable
8,3573,incomparable
8,3574,incomparable
8,3575,incomparable
8,3576,incomparable
8,3577,incomparable
8,3578,incomparable
8,3579,incomparable
8,3580,incomparable
8,3581,incomparable
8,3582,incomparable
8,3583,incomparable
8,3584,incomparable
8,3585,incomparable
8,3586,incomparable
8,3587,incomparable
8,3588,incomparable
8,3589,incomparable
8,3590,incomparable
8,3591,incomparable
8,3592,incomparable
8,3593,incomparable
8,3594,incomparable
8,3595,incomparable
8,3596,incomparable
8,3597,incomparable
8,3598,incomparable
8,3599,incomparable
8,3600,incomparable
8,3601,incomparable
8,3602,incomparable
8,3603,incomparable
8,3604,incomparable
8,3605,incomparable
8,3606,incomparable
8,3607,incomparable
8,3608,incomparable
8,3609,incomparable
8,3610,incomparable
8,3611,incomparable
8,3612,incomparable
8,3613,incomparable
8,3614,incomparable
8,3615,incomparable
8,3616,incomparable
8,3617,incomparable
8,3618,incomparable
8,3619,incomparable
8,3620,incomparable
8,3621,incomparable
8,3622,incomparable
8,3623,incomparable
8,3624,incomparable
8,3625,incomparable
8,3626,incomparable
8,3627,incomparable
8,3628,incomparable
8,3629,incomparable
8,3630,incomparable
8,3631,incomparable
8,3632,incomparable
8,3633,incomparable
8,3634,incomparable
8,3635,incomparable
8,3636,incomparable
8,3637,incomparable
8,3638,incomparable
8,3639,incomparable
8,3640,incomparable
8,3641,incomparable
8,3642,incomparable
8,3643,incomparable
8,3644,incomparable
8,3645,incomparable
8,3646,incomparable
8,3647,incomparable
8,3648,incomparable
8,3649,incomparable
8,3650,incomparable
8,3651,incomparable
8,3652,incomparable
8,3653,incomparable
8,3654,incomparable
8,3655,incomparable
8,3656,incomparable
8,3657,incomparable
8,3658,incomparable
8,3659,incomparable
8,3660,incomparable
8,3661,incomparable
8,3662,incomparable
8,3663,incomparable
8,3664,incomparable
8,3665,incomparable
8,3666,incomparable
8,3667,incomparable
8,3668,incomparable
8,3669,incomparable
8,3670,incomparable
8,3671,incomparable
8,3672,incomparable
8,3673,incomparable
8,3674,incomparable
8,3675,incomparable
8,3676,incomparable
8,3677,incomparable
8,3678,incomparable
8,3679,incomparable
8,3680,incomparable
8,3681,incomparable
8,3682,incomparable
8,3683,incomparable
8,3684,incomparable
8,3685,incomparable
8,3686,incomparable
8,3687,incomparable
8,3688,incomparable
8,3689,incomparable
8,3690,incomparable
8,3691,incomparable
8,3692,incomparable
8,3693,incomparable
8,3694,incomparable
8,3695,incomparable
8,3696,incomparable
8,3697,incomparable
8,3698,incomparable
8,3699,incomparable
8,3700,incomparable
8,3701,incomparable
8,3702,incomparable
8,3703,incomparable
8,3704,incomparable
8,3705,incomparable
8,3706,incomparable
8,3707,incomparable
8,3708,incomparable
8,3709,incomparable
8,3710,incomparable
8,3711,incomparable
8,3712,incomparable
8,3713,incomparable
8,3714,incomparable
8,3715,incomparable
8,3716,incomparable
8,3717,incomparable
8,3718,incomparable
8,3719,incomparable
8,3720,incomparable
8,3721,incomparable
8,3722,incomparable
8,3723,incomparable
8,3724,incomparable
8,3725,incomparable
8,3726,incomparable
8,3727,incomparable
8,3728,incomparable
8,3729,incomparable
8,3730,incomparable
8,3731,incomparable
8,3732,incomparable
8,3733,incomparable
8,3734,incomparable
8,3735,incomparable
8,3736,incomparable
8,3737,incomparable
8,3738,incomparable
8,3739,incomparable
8,3740,incomparable
8,3741,incomparable
8,3742,incomparable
8,3743,incomparable
8,3744,incomparable
8,3745,incomparable
8,3746,incomparable
8,3747,incomparable
8,3748,incomparable
8,3749,incomparable
8,3750,incomparable
8,3751,incomparable
8,3752,incomparable
8,3753,incomparable
8,3754,incomparable
8,3755,incomparable
8,3756,incomparable
8,3757,incomparable
8,3758,incomparable
8,3759,incomparable
8,3760,incomparable
8,3761,incomparable
8,3762,incomparable
8,3763,incomparable
8,3764,incomparable
8,3765,incomparable
8,3766,incomparable
8,3767,incomparable
8,3768,incomparable
8,3769,incomparable
8,3770,incomparable
8,3771,incomparable
8,3772,incomparable
8,3773,incomparable
8,3774,incomparable
8,3775,incomparable
8,3776,incomparable
8,3777,incomparable
8,3778,incomparable
8,3779,incomparable
8,3780,incomparable
8,3781,incomparable
8,3782,incomparable
8,3783,incomparable
8,3784,incomparable
8,3785,incomparable
8,3786,incomparable
8,3787,incomparable
8,3788,incomparable
8,3789,incomparable
8,3790,incomparable
8,3791,incomparable
8,3792,incomparable
8,3793,incomparable
8,3794,incomparable
8,3795,incomparable
8,3796,incomparable
8,3797,incomparable
8,3798,incomparable
8,3799,incomparable
8,3800,incomparable
8,3801,incomparable
8,3802,incomparable
8,3803,incomparable
8,3804,incomparable
8,3805,incomparable
8,3806,incomparable
8,3807,incomparable
8,3808,incomparable
8,3809,incomparable
8,3810,incomparable
8,3811,incomparable
8,3812,incomparable
8,3813,incomparable
8,3814,incomparable
8,3815,incomparable
8,3816,incomparable
8,3817,incomparable
8,3818,incomparable
8,3819,incomparable
8,3820,incomparable
8,3821,incomparable
8,3822,incomparable
8,3823,incomparable
8,3824,incomparable
8,3825,incomparable
8,3826,incomparable
8,3827,incomparable
8,3828,incomparable
8,3829,incomparable
8,3830,incomparable
8,3831,incomparable
8,3832,incomparable
8,3833,incomparable
8,3834,incomparable
8,3835,incomparable
8,3836,incomparable
8,3837,incomparable
8,3838,incomparable
8,3839,incomparable
8,3840,incomparable
8,3841,incomparable
8,3842,incomparable
8,3843,incomparable
8,3844,incomparable
8,3845,incomparable
8,3846,incomparable
8,3847,incomparable
8,3848,incomparable
8,3849,incomparable
8,3850,incomparable
8,3851,incomparable
8,3852,incomparable
8,3853,incomparable
8,3854,incomparable
8,3855,incomparable
8,3856,incomparable
8,3857,incomparable
8,3858,incomparable
8,3859,incomparable
8,3860,incomparable
8,3861,incomparable
8,3862,weaker
8,3863,incomparable
8,3864,incomparable
8,3865,incomparable
8,3866,incomparable
8,3867,incomparable
8,3868,incomparable
8,3869,incomparable
8,3870,incomparable
8,3871,incomparable
8,3872,incomparable
8,3873,incomparable
8,3874,incomparable
8,3875,incomparable
8,3876,incomparable
8,3877,incomparable
8,3878,incomparable
8,3879,incomparable
8,3880,incomparable
8,3881,incomparable
8,3882,incomparable
8,3883,incomparable
8,3884,incomparable
8,3885,incomparable
8,3886,incomparable
8,3887,incomparable
8,3888,incomparable
8,3889,incomparable
8,3890,incomparable
8,3891,incomparable
8,3892,incomparable
8,3893,incomparable
8,3894,incomparable
8,3895,incomparable
8,3896,incomparable
8,3897,incomparable
8,3898,incomparable
8,3899,incomparable
8,3900,incomparable
8,3901,incomparable
8,3902,incomparable
8,3903,incomparable
8,3904,incomparable
8,3905,incomparable
8,3906,incomparable
8,3907,incomparable
8,3908,incomparable
8,3909,incomparable
8,3910,incomparable
8,3911,incomparable
8,3912,incomparable
8,3913,incomparable
8,3914,incomparable
8,3915,weaker
8,3916,incomparable
8,3917,incomparable
8,3918,incomparable
8,3919,incomparable
8,3920,incomparable
8,3921,incomparable
8,3922,incomparable
8,3923,incomparable
8,3924,incomparable
8,3925,incomparable
8,3926,incomparable
8,3927,incomparable
8,3928,incomparable
8,3929,incomparable
8,3930,incomparable
8,3931,incomparable
8,3932,incomparable
8,3933,incomparable
8,3934,incomparable
8,3935,incomparable
8,3936,incomparable
8,3937,incomparable
8,3938,incomparable
8,3939,incomparable
8,3940,incomparable
8,3941,incomparable
8,3942,incomparable
8,3943,incomparable
8,3944,incomparable
8,3945,incomparable
8,3946,incomparable
8,3947,incomparable
8,3948,incomparable
8,3949,incomparable
8,3950,incomparable
8,3951,incomparable
8,3952,incomparable
8,3953,incomparable
8,3954,incomparable
8,3955,incomparable
8,3956,incomparable
8,3957,incomparable
8,3958,incomparable
8,3959,incomparable
8,3960,incomparable
8,3961,incomparable
8,3962,incomparable
8,3963,incomparable
8,3964,incomparable
8,3965,incomparable
8,3966,incomparable
8,3967,incomparable
8,3968,incomparable
8,3969,incomparable
8,3970,incomparable
8,3971,incomparable
8,3972,incomparable
8,3973,incomparable
8,3974,incomparable
8,3975,incomparable
8,3976,incomparable
8,3977,incomparable
8,3978,incomparable
8,3979,incomparable
8,3980,incomparable
8,3981,incomparable
8,3982,incomparable
8,3983,incomparable
8,3984,incomparable
8,3985,incomparable
8,3986,incomparable
8,3987,incomparable
8,3988,incomparable
8,3989,incomparable
8,3990,incomparable
8,3991,incomparable
8,3992,incomparable
8,3993,incomparable
8,3994,incomparable
8,3995,incomparable
8,3996,incomparable
8,3997,incomparable
8,3998,incomparable
8,3999,incomparable
8,4000,incomparable
8,4001,incomparable
8,4002,incomparable
8,4003,incomparable
8,4004,incomparable
8,4005,incomparable
8,4006,incomparable
8,4007,incomparable
8,4008,incomparable
8,4009,incomparable
8,4010,incomparable
8,4011,incomparable
8,4012,incomparable
8,4013,incomparable
8,4014,incomparable
8,4015,incomparable
8,4016,incomparable
8,4017,incomparable
8,4018,incomparable
8,4019,incomparable
8,4020,incomparable
8,4021,incomparable
8,4022,incomparable
8,4023,incomparable
8,4024,incomparable
8,4025,incomparable
8,4026,incomparable
8,4027,incomparable
8,4028,incomparable
8,4029,incomparable
8,4030,incomparable
8,4031,incomparable
8,4032,incomparable
8,4033,incomparable
8,4034,incomparable
8,4035,incomparable
8,4036,incomparable
8,4037,incomparable
8,4038,incomparable
8,4039,incomparable
8,4040,incomparable
8,4041,incomparable
8,4042,incomparable
8,4043,incomparable
8,4044,incomparable
8,4045,incomparable
8,4046,incomparable
8,4047,incomparable
8,4048,incomparable
8,4049,incomparable
8,4050,incomparable
8,4051,incomparable
8,4052,incomparable
8,4053,incomparable
8,4054,incomparable
8,4055,incomparable
8,4056,incomparable
8,4057,incomparable
8,4058,incomparable
8,4059,incomparable
8,4060,incomparable
8,4061,incomparable
8,4062,incomparable
8,4063,incomparable
8,4064,incomparable
8,4065,incomparable
8,4066,incomparable
8,4067,incomparable
8,4068,incomparable
8,4069,incomparable
8,4070,incomparable
8,4071,incomparable
8,4072,incomparable
8,4073,incomparable
8,4074,incomparable
8,4075,incomparable
8,4076,incomparable
8,4077,incomparable
8,4078,incomparable
8,4079,incomparable
8,4080,incomparable
8,4081,incomparable
8,4082,incomparable
8,4083,incomparable
8,4084,incomparable
8,4085,incomparable
8,4086,incomparable
8,4087,incomparable
8,4088,incomparable
8,4089,incomparable
8,4090,incomparable
8,4091,incomparable
8,4092,incomparable
8,4093,incomparable
8,4094,incomparable
8,4095,incomparable
8,4096,incomparable
8,4097,incomparable
8,4098,incomparable
8,4099,incomparable
8,4100,incomparable
8,4101,incomparable
8,4102,incomparable
8,4103,incomparable
8,4104,incomparable
8,4105,incomparable
8,4106,incomparable
8,4107,incomparable
8,4108,incomparable
8,4109,incomparable
8,4110,incomparable
8,4111,incomparable
8,4112,incomparable
8,4113,incomparable
8,4114,incomparable
8,4115,incomparable
8,4116,incomparable
8,4117,incomparable
8,4118,incomparable
8,4119,incomparable
8,4120,incomparable
8,4121,incomparable
8,4122,incomparable
8,4123,incomparable
8,4124,incomparable
8,4125,incomparable
8,4126,incomparable
8,4127,incomparable
8,4128,incomparable
8,4129,incomparable
8,4130,incomparable
8,4131,incomparable
8,4132,incomparable
8,4133,incomparable
8,4134,incomparable
8,4135,incomparable
8,4136,incomparable
8,4137,incomparable
8,4138,incomparable
8,4139,incomparable
8,4140,incomparable
8,4141,incomparable
8,4142,incomparable
8,4143,incomparable
8,4144,incomparable
8,4145,incomparable
8,4146,incomparable
8,4147,incomparable
8,4148,incomparable
8,4149,incomparable
8,4150,incomparable
8,4151,incomparable
8,4152,incomparable
8,4153,incomparable
8,4154,incomparable
8,4155,incomparable
8,4156,incomparable
8,4157,incomparable
8,4158,incomparable
8,4159,incomparable
8,4160,incomparable
8,4161,incomparable
8,4162,incomparable
8,4163,incomparable
8,4164,incomparable
8,4165,incomparable
8,4166,incomparable
8,4167,incomparable
8,4168,incomparable
8,4169,incomparable
8,4170,incomparable
8,4171,incomparable
8,4172,incomparable
8,4173,incomparable
8,4174,incomparable
8,4175,incomparable
8,4176,incomparable
8,4177,incomparable
8,4178,incomparable
8,4179,incomparable
8,4180,incomparable
8,4181,incomparable
8,4182,incomparable
8,4183,incomparable
8,4184,incomparable
8,4185,incomparable
8,4186,incomparable
8,4187,incomparable
8,4188,incomparable
8,4189,incomparable
8,4190,incomparable
8,4191,incomparable
8,4192,incomparable
8,4193,incomparable
8,4194,incomparable
8,4195,incomparable
8,4196,incomparable
8,4197,incomparable
8,4198,incomparable
8,4199,incomparable
8,4200,incomparable
8,4201,incomparable
8,4202,incomparable
8,4203,incomparable
8,4204,incomparable
8,4205,incomparable
8,4206,incomparable
8,4207,incomparable
8,4208,incomparable
8,4209,incomparable
8,4210,incomparable
8,4211,incomparable
8,4212,incomparable
8,4213,incomparable
8,4214,incomparable
8,4215,incomparable
8,4216,incomparable
8,4217,incomparable
8,4218,incomparable
8,4219,incomparable
8,4220,incomparable
8,4221,incomparable
8,4222,incomparable
8,4223,incomparable
8,4224,incomparable
8,4225,incomparable
8,4226,incomparable
8,4227,incomparable
8,4228,incomparable
8,4229,incomparable
8,4230,incomparable
8,4231,incomparable
8,4232,incomparable
8,4233,incomparable
8,4234,incomparable
8,4235,incomparable
8,4236,incomparable
8,4237,incomparable
8,4238,incomparable
8,4239,incomparable
8,4240,incomparable
8,4241,incomparable
8,4242,incomparable
8,4243,incomparable
8,4244,incomparable
8,4245,incomparable
8,4246,incomparable
8,4247,incomparable
8,4248,incomparable
8,4249,incomparable
8,4250,incomparable
8,4251,incomparable
8,4252,incomparable
8,4253,incomparable
8,4254,incomparable
8,4255,incomparable
8,4256,incomparable
8,4257,incomparable
8,4258,incomparable
8,4259,incomparable
8,4260,incomparable
8,4261,incomparable
8,4262,incomparable
8,4263,incomparable
8,4264,incomparable
8,4265,incomparable
8,4266,incomparable
8,4267,incomparable
8,4268,incomparable
8,4269,incomparable
8,4270,incomparable
8,4271,incomparable
8,4272,incomparable
8,4273,incomparable
8,4274,incomparable
8,4275,incomparable
8,4276,incomparable
8,4277,incomparable
8,4278,incomparable
8,4279,incomparable
8,4280,incomparable
8,4281,incomparable
8,4282,incomparable
8,4283,incomparable
8,4284,incomparable
8,4285,incomparable
8,4286,incomparable
8,4287,incomparable
8,4288,incomparable
8,4289,incomparable
8,4290,incomparable
8,4291,incomparable
8,4292,incomparable
8,4293,incomparable
8,4294,incomparable
8,4295,incomparable
8,4296,incomparable
8,4297,incomparable
8,4298,incomparable
8,4299,incomparable
8,4300,incomparable
8,4301,incomparable
8,4302,incomparable
8,4303,incomparable
8,4304,incomparable
8,4305,incomparable
8,4306,incomparable
8,4307,incomparable
8,4308,incomparable
8,4309,incomparable
8,4310,incomparable
8,4311,incomparable
8,4312,incomparable
8,4313,incomparable
8,4314,incomparable
8,4315,incomparable
8,4316,incomparable
8,4317,incomparable
8,4318,incomparable
8,4319,incomparable
8,4320,incomparable
8,4321,incomparable
8,4322,incomparable
8,4323,incomparable
8,4324,incomparable
8,4325,incomparable
8,4326,incomparable
8,4327,incomparable
8,4328,incomparable
8,4329,incomparable
8,4330,incomparable
8,4331,incomparable
8,4332,incomparable
8,4333,incomparable
8,4334,incomparable
8,4335,incomparable
8,4336,incomparable
8,4337,incomparable
8,4338,incomparable
8,4339,incomparable
8,4340,incomparable
8,4341,incomparable
8,4342,incomparable
8,4343,incomparable
8,4344,incomparable
8,4345,incomparable
8,4346,incomparable
8,4347,incomparable
8,4348,incomparable
8,4349,incomparable
8,4350,incomparable
8,4351,incomparable
8,4352,incomparable
8,4353,incomparable
8,4354,incomparable
8,4355,incomparable
8,4356,incomparable
8,4357,incomparable
8,4358,incomparable
8,4359,incomparable
8,4360,incomparable
8,4361,incomparable
8,4362,incomparable
8,4363,incomparable
8,4364,incomparable
8,4365,incomparable
8,4366,incomparable
8,4367,incomparable
8,4368,incomparable
8,4369,incomparable
8,4370,incomparable
8,4371,incomparable
8,4372,incomparable
8,4373,incomparable
8,4374,incomparable
8,4375,incomparable
8,4376,incomparable
8,4377,incomparable
8,4378,incomparable
8,4379,incomparable
8,4380,incomparable
8,4381,incomparable
8,4382,incomparable
8,4383,incomparable
8,4384,incomparable
8,4385,incomparable
8,4386,incomparable
8,4387,incomparable
8,4388,incomparable
8,4389,incomparable
8,4390,incomparable
8,4391,incomparable
8,4392,incomparable
8,4393,incomparable
8,4394,incomparable
8,4395,incomparable
8,4396,incomparable
8,4397,incomparable
8,4398,incomparable
8,4399,incomparable
8,4400,incomparable
8,4401,incomparable
8,4402,incomparable
8,4403,incomparable
8,4404,incomparable
8,4405,incomparable
8,4406,incomparable
8,4407,incomparable
8,4408,incomparable
8,4409,incomparable
8,4410,incomparable
8,4411,incomparable
8,4412,incomparable
8,4413,incomparable
8,4414,incomparable
8,4415,incomparable
8,4416,incomparable
8,4417,incomparable
8,4418,incomparable
8,4419,incomparable
8,4420,incomparable
8,4421,incomparable
8,4422,incomparable
8,4423,incomparable
8,4424,incomparable
8,4425,incomparable
8,4426,incomparable
8,4427,incomparable
8,4428,incomparable
8,4429,incomparable
8,4430,incomparable
8,4431,incomparable
8,4432,incomparable
8,4433,incomparable
8,4434,incomparable
8,4435,incomparable
8,4436,incomparable
8,4437,incomparable
8,4438,incomparable
8,4439,incomparable
8,4440,incomparable
8,4441,incomparable
8,4442,incomparable
8,4443,incomparable
8,4444,incomparable
8,4445,incomparable
8,4446,incomparable
8,4447,incomparable
8,4448,incomparable
8,4449,incomparable
8,4450,incomparable
8,4451,incomparable
8,4452,incomparable
8,4453,incomparable
8,4454,incomparable
8,4455,incomparable
8,4456,incomparable
8,4457,incomparable
8,4458,incomparable
8,4459,incomparable
8,4460,incomparable
8,4461,incomparable
8,4462,incomparable
8,4463,incomparable
8,4464,incomparable
8,4465,incomparable
8,4466,incomparable
8,4467,incomparable
8,4468,incomparable
8,4469,incomparable
8,4470,incomparable
8,4471,incomparable
8,4472,incomparable
8,4473,incomparable
8,4474,incomparable
8,4475,incomparable
8,4476,incomparable
8,4477,incomparable
8,4478,incomparable
8,4479,incomparable
8,4480,incomparable
8,4481,incomparable
8,4482,incomparable
8,4483,incomparable
8,4484,incomparable
8,4485,incomparable
8,4486,incomparable
8,4487,incomparable
8,4488,incomparable
8,4489,incomparable
8,4490,incomparable
8,4491,incomparable
8,4492,incomparable
8,4493,incomparable
8,4494,incomparable
8,4495,incomparable
8,4496,incomparable
8,4497,incomparable
8,4498,incomparable
8,4499,incomparable
8,4500,incomparable
8,4501,incomparable
8,4502,incomparable
8,4503,incomparable
8,4504,incomparable
8,4505,incomparable
8,4506,incomparable
8,4507,incomparable
8,4508,incomparable
8,4509,incomparable
8,4510,incomparable
8,4511,incomparable
8,4512,incomparable
8,4513,incomparable
8,4514,incomparable
8,4515,incomparable
8,4516,incomparable
8,4517,incomparable
8,4518,incomparable
8,4519,incomparable
8,4520,incomparable
8,4521,incomparable
8,4522,incomparable
8,4523,incomparable
8,4524,incomparable
8,4525,incomparable
8,4526,incomparable
8,4527,incomparable
8,4528,incomparable
8,4529,incomparable
8,4530,incomparable
8,4531,incomparable
8,4532,incomparable
8,4533,incomparable
8,4534,incomparable
8,4535,incomparable
8,4536,incomparable
8,4537,incomparable
8,4538,incomparable
8,4539,incomparable
8,4540,incomparable
8,4541,incomparable
8,4542,incomparable
8,4543,incomparable
8,4544,incomparable
8,4545,incomparable
8,4546,incomparable
8,4547,incomparable
8,4548,incomparable
8,4549,incomparable
8,4550,incomparable
8,4551,incomparable
8,4552,incomparable
8,4553,incomparable
8,4554,incomparable
8,4555,incomparable
8,4556,incomparable
8,4557,incomparable
8,4558,incomparable
8,4559,incomparable
8,4560,incomparable
8,4561,incomparable
8,4562,incomparable
8,4563,incomparable
8,4564,incomparable
8,4565,incomparable
8,4566,incomparable
8,4567,incomparable
8,4568,incomparable
8,4569,incomparable
8,4570,incomparable
8,4571,incomparable
8,4572,incomparable
8,4573,incomparable
8,4574,incomparable
8,4575,incomparable
8,4576,incomparable
8,4577,incomparable
8,4578,incomparable
8,4579,incomparable
8,4580,incomparable
8,4581,incomparable
8,4582,incomparable
8,4583,incomparable
8,4584,incomparable
8,4585,incomparable
8,4586,incomparable
8,4587,incomparable
8,4588,incomparable
8,4589,incomparable
8,4590,incomparable
8,4591,incomparable
8,4592,incomparable
8,4593,incomparable
8,4594,incomparable
8,4595,incomparable
8,4596,incomparable
8,4597,incomparable
8,4598,incomparable
8,4599,incomparable
8,4600,incomparable
8,4601,incomparable
8,4602,incomparable
8,4603,incomparable
8,4604,incomparable
8,4605,incomparable
8,4606,incomparable
8,4607,incomparable
8,4608,incomparable
8,4609,incomparable
8,4610,incomparable
8,4611,incomparable
8,4612,incomparable
8,4613,incomparable
8,4614,incomparable
8,4615,incomparable
8,4616,incomparable
8,4617,incomparable
8,4618,incomparable
8,4619,incomparable
8,4620,incomparable
8,4621,incomparable
8,4622,incomparable
8,4623,incomparable
8,4624,incomparable
8,4625,incomparable
8,4626,incomparable
8,4627,incomparable
8,4628,incomparable
8,4629,incomparable
8,4630,incomparable
8,4631,incomparable
8,4632,incomparable
8,4633,incomparable
8,4634,incomparable
8,4635,incomparable
8,4636,incomparable
8,4637,incomparable
8,4638,incomparable
8,4639,incomparable
8,4640,incomparable
8,4641,incomparable
8,4642,incomparable
8,4643,incomparable
8,4644,incomparable
8,4645,incomparable
8,4646,incomparable
8,4647,incomparable
8,4648,incomparable
8,4649,incomparable
8,4650,incomparable
8,4651,incomparable
8,4652,incomparable
8,4653,incomparable
8,4654,incomparable
8,4655,incomparable
8,4656,incomparable
8,4657,incomparable
8,4658,incomparable
8,4659,incomparable
8,4660,incomparable
8,4661,incomparable
8,4662,incomparable
8,4663,incomparable
8,4664,incomparable
8,4665,incomparable
8,4666,incomparable
8,4667,incomparable
8,4668,incomparable
8,4669,incomparable
8,4670,incomparable
8,4671,incomparable
8,4672,incomparable
8,4673,incomparable
8,4674,incomparable
8,4675,incomparable
8,4676,incomparable
8,4677,incomparable
8,4678,incomparable
8,4679,incomparable
8,4680,incomparable
8,4681,incomparable
8,4682,incomparable
8,4683,incomparable
8,4684,incomparable
8,4685,incomparable
8,4686,incomparable
8,4687,incomparable
8,4688,incomparable
8,4689,incomparable
8,4690,incomparable
8,4691,incomparable
8,4692,incomparable
8,4693,incomparable
8,4694,incomparable
9,1,weaker
9,2,stronger
9,3,weaker
9,4,stronger
9,5,incomparable
9,6,stronger
9,7,stronger
9,8,weaker
9,9,equivalent
9,10,incomparable
9,11,incomparable
9,12,stronger
9,13,incomparable
9,14,incomparable
9,15,stronger
9,16,incomparable
9,17,stronger
9,18,stronger
9,19,incomparable
9,20,stronger
9,21,stronger
9,22,stronger
9,23,weaker
9,24,incomparable
9,25,incomparable
9,26,incomparable
9,27,incomparable
9,28,incomparable
9,29,incomparable
9,30,stronger
9,31,incomparable
9,32,stronger
9,33,stronger
9,34,incomparable
9,35,stronger
9,36,stronger
9,37,stronger
9,38,incomparable
9,39,incomparable
9,40,incomparable
9,41,incomparable
9,42,incomparable
9,43,incomparable
9,44,incomparable
9,45,incomparable
9,46,incomparable
9,47,weaker
9,48,weaker
9,49,weaker
9,50,weaker
9,51,equivalent
9,52,incomparable
9,53,incomparable
9,54,stronger
9,55,incomparable
9,56,incomparable
9,57,stronger
9,58,incomparable
9,59,stronger
9,60,stronger
9,61,stronger
9,62,incomparable
9,63,incomparable
9,64,stronger
9,65,incomparable
9,66,incomparable
9,67,stronger
9,68,incomparable
9,69,stronger
9,70,stronger
9,71,stronger
9,72,incomparable
9,73,incomparable
9,74,stronger
9,75,incomparable
9,76,stronger
9,77,stronger
9,78,incomparable
9,79,stronger
9,80,stronger
9,81,stronger
9,82,incomparable
9,83,stronger
9,84,stronger
9,85,stronger
9,86,incomparable
9,87,stronger
9,88,stronger
9,89,stronger
9,90,incomparable
9,91,stronger
9,92,stronger
9,93,stronger
9,94,incomparable
9,95,stronger
9,96,stronger
9,97,stronger
9,98,stronger
9,99,weaker
9,100,weaker
9,101,incomparable
9,102,incomparable
9,103,stronger
9,104,incomparable
9,105,incomparable
9,106,incomparable
9,107,incomparable
9,108,incomparable
9,109,incomparable
9,110,incomparable
9,111,incomparable
9,112,stronger
9,113,stronger
9,114,incomparable
9,115,incomparable
9,116,stronger
9,117,incomparable
9,118,incomparable
9,119,stronger
9,120,incomparable
9,121,stronger
9,122,stronger
9,123,stronger
9,124,incomparable
9,125,incomparable
9,126,stronger
9,127,incomparable
9,128,stronger
9,129,stronger
9,130,incomparable
9,131,stronger
9,132,stronger
9,133,stronger
9,134,incomparable
9,135,stronger
9,136,stronger
9,137,stronger
9,138,incomparable
9,139,stronger
9,140,stronger
9,141,stronger
9,142,incomparable
9,143,stronger
9,144,stronger
9,145,stronger
9,146,incomparable
9,147,stronger
9,148,stronger
9,149,stronger
9,150,stronger
9,151,weaker
9,152,weaker
9,153,incomparable
9,154,incomparable
9,155,incomparable
9,156,incomparable
9,157,incomparable
9,158,incomparable
9,159,incomparable
9,160,incomparable
9,161,incomparable
9,162,incomparable
9,163,incomparable
9,164,incomparable
9,165,incomparable
9,166,incomparable
9,167,incomparable
9,168,incomparable
9,169,incomparable
9,170,incomparable
9,171,stronger
9,172,incomparable
9,173,stronger
9,174,stronger
9,175,stronger
9,176,incomparable
9,177,incomparable
9,178,stronger
9,179,incomparable
9,180,stronger
9,181,stronger
9,182,incomparable
9,183,stronger
9,184,stronger
9,185,stronger
9,186,incomparable
9,187,stronger
9,188,stronger
9,189,stronger
9,190,incomparable
9,191,stronger
9,192,stronger
9,193,stronger
9,194,incomparable
9,195,stronger
9,196,stronger
9,197,stronger
9,198,incomparable
9,199,stronger
9,200,stronger
9,201,stronger
9,202,stronger
9,203,weaker
9,204,incomparable
9,205,weaker
9,206,incomparable
9,207,incomparable
9,208,incomparable
9,209,incomparable
9,210,incomparable
9,211,incomparable
9,212,incomparable
9,213,incomparable
9,214,incomparable
9,215,incomparable
9,216,incomparable
9,217,incomparable
9,218,incomparable
9,219,incomparable
9,220,stronger
9,221,incomparable
9,222,incomparable
9,223,stronger
9,224,incomparable
9,225,stronger
9,226,stronger
9,227,stronger
9,228,incomparable
9,229,incomparable
9,230,stronger
9,231,incomparable
9,232,stronger
9,233,stronger
9,234,incomparable
9,235,stronger
9,236,stronger
9,237,stronger
9,238,incomparable
9,239,stronger
9,240,stronger
9,241,stronger
9,242,incomparable
9,243,stronger
9,244,stronger
9,245,stronger
9,246,incomparable
9,247,stronger
9,248,stronger
9,249,stronger
9,250,incomparable
9,251,stronger
9,252,stronger
9,253,stronger
9,254,stronger
9,255,weaker
9,256,incomparable
9,257,incomparable
9,258,incomparable
9,259,incomparable
9,260,incomparable
9,261,incomparable
9,262,incomparable
9,263,incomparable
9,264,incomparable
9,265,incomparable
9,266,incomparable
9,267,incomparable
9,268,incomparable
9,269,incomparable
9,270,incomparable
9,271,incomparable
9,272,stronger
9,273,incomparable
9,274,incomparable
9,275,stronger
9,276,incomparable
9,277,stronger
9,278,stronger
9,279,stronger
9,280,incomparable
9,281,incomparable
9,282,stronger
9,283,incomparable
9,284,stronger
9,285,stronger
9,286,incomparable
9,287,stronger
9,288,stronger
9,289,stronger
9,290,incomparable
9,291,stronger
9,292,stronger
9,293,stronger
9,294,incomparable
9,295,stronger
9,296,stronger
9,297,stronger
9,298,incomparable
9,299,stronger
9,300,stronger
9,301,stronger
9,302,incomparable
9,303,stronger
9,304,stronger
9,305,stronger
9,306,stronger
9,307,weaker
9,308,weaker
9,309,incomparable
9,310,incomparable
9,311,incomparable
9,312,incomparable
9,313,incomparable
9,314,incomparable
9,315,incomparable
9,316,incomparable
9,317,incomparable
9,318,incomparable
9,319,incomparable
9,320,incomparable
9,321,incomparable
9,322,incomparable
9,323,incomparable
9,324,incomparable
9,325,incomparable
9,326,weaker
9,327,incomparable
9,328,incomparable
9,329,incomparable
9,330,incomparable
9,331,incomparable
9,332,incomparable
9,333,incomparable
9,334,incomparable
9,335,incomparable
9,336,incomparable
9,337,incomparable
9,338,incomparable
9,339,incomparable
9,340,incomparable
9,341,incomparable
9,342,incomparable
9,343,incomparable
9,344,incomparable
9,345,incomparable
9,346,incomparable
9,347,incomparable
9,348,incomparable
9,349,incomparable
9,350,incomparable
9,351,incomparable
9,352,incomparable
9,353,incomparable
9,354,incomparable
9,355,incomparable
9,356,incomparable
9,357,incomparable
9,358,incomparable
9,359,weaker
9,360,incomparable
9,361,incomparable
9,362,incomparable
9,363,incomparable
9,364,incomparable
9,365,incomparable
9,366,incomparable
9,367,incomparable
9,368,incomparable
9,369,incomparable
9,370,incomparable
9,371,incomparable
9,372,incomparable
9,373,incomparable
9,374,incomparable
9,375,weaker
9,376,incomparable
9,377,incomparable
9,378,incomparable
9,379,incomparable
9,380,incomparable
9,381,incomparable
9,382,incomparable
9,383,incomparable
9,384,incomparable
9,385,incomparable
9,386,incomparable
9,387,incomparable
9,388,incomparable
9,389,incomparable
9,390,incomparable
9,391,incomparable
9,392,incomparable
9,393,incomparable
9,394,incomparable
9,395,incomparable
9,396,incomparable
9,397,incomparable
9,398,incomparable
9,399,incomparable
9,400,incomparable
9,401,incomparable
9,402,incomparable
9,403,incomparable
9,404,incomparable
9,405,incomparable
9,406,incomparable
9,407,incomparable
9,408,incomparable
9,409,incomparable
9,410,incomparable
9,411,weaker
9,412,weaker
9,413,weaker
9,414,weaker
9,415,weaker
9,416,weaker
9,417,weaker
9,418,weaker
9,419,weaker
9,420,weaker
9,421,equivalent
9,422,weaker
9,423,equivalent
9,424,equivalent
9,425,equivalent
9,426,incomparable
9,427,incomparable
9,428,stronger
9,429,incomparable
9,430,incomparable
9,431,stronger
9,432,incomparable
9,433,incomparable
9,434,incomparable
9,435,stronger
9,436,incomparable
9,437,incomparable
9,438,stronger
9,439,incomparable
9,440,incomparable
9,441,stronger
9,442,incomparable
9,443,incomparable
9,444,incomparable
9,445,stronger
9,446,incomparable
9,447,stronger
9,448,stronger
9,449,stronger
9,450,incomparable
9,451,stronger
9,452,incomparable
9,453,stronger
9,454,incomparable
9,455,incomparable
9,456,stronger
9,457,stronger
9,458,incomparable
9,459,stronger
9,460,stronger
9,461,stronger
9,462,stronger
9,463,incomparable
9,464,incomparable
9,465,stronger
9,466,incomparable
9,467,incomparable
9,468,stronger
9,469,incomparable
9,470,stronger
9,471,stronger
9,472,stronger
9,473,incomparable
9,474,incomparable
9,475,stronger
9,476,incomparable
9,477,incomparable
9,478,stronger
9,479,incomparable
9,480,stronger
9,481,incomparable
9,482,stronger
9,483,incomparable
9,484,stronger
9,485,stronger
9,486,stronger
9,487,incomparable
9,488,stronger
9,489,incomparable
9,490,stronger
9,491,incomparable
9,492,incomparable
9,493,stronger
9,494,stronger
9,495,incomparable
9,496,stronger
9,497,stronger
9,498,stronger
9,499,stronger
9,500,incomparable
9,501,incomparable
9,502,stronger
9,503,incomparable
9,504,incomparable
9,505,stronger
9,506,incomparable
9,507,stronger
9,508,incomparable
9,509,stronger
9,510,incomparable
9,511,incomparable
9,512,stronger
9,513,incomparable
9,514,stronger
9,515,stronger
9,516,incomparable
9,517,stronger
9,518,stronger
9,519,stronger
9,520,incomparable
9,521,stronger
9,522,incomparable
9,523,stronger
9,524,incomparable
9,525,stronger
9,526,stronger
9,527,stronger
9,528,incomparable
9,529,stronger
9,530,stronger
9,531,stronger
9,532,incomparable
9,533,stronger
9,534,stronger
9,535,stronger
9,536,stronger
9,537,incomparable
9,538,stronger
9,539,stronger
9,540,stronger
9,541,incomparable
9,542,stronger
9,543,incomparable
9,544,stronger
9,545,incomparable
9,546,incomparable
9,547,stronger
9,548,stronger
9,549,incomparable
9,550,stronger
9,551,stronger
9,552,stronger
9,553,stronger
9,554,incomparable
9,555,stronger
9,556,incomparable
9,557,stronger
9,558,incomparable
9,559,stronger
9,560,stronger
9,561,stronger
9,562,incomparable
9,563,stronger
9,564,stronger
9,565,stronger
9,566,incomparable
9,567,stronger
9,568,stronger
9,569,stronger
9,570,stronger
9,571,incomparable
9,572,incomparable
9,573,stronger
9,574,stronger
9,575,incomparable
9,576,stronger
9,577,stronger
9,578,stronger
9,579,incomparable
9,580,stronger
9,581,stronger
9,582,stronger
9,583,incomparable
9,584,stronger
9,585,stronger
9,586,stronger
9,587,stronger
9,588,incomparable
9,589,stronger
9,590,stronger
9,591,stronger
9,592,stronger
9,593,incomparable
9,594,stronger
9,595,stronger
9,596,stronger
9,597,stronger
9,598,incomparable
9,599,stronger
9,600,stronger
9,601,stronger
9,602,stronger
9,603,incomparable
9,604,stronger
9,605,stronger
9,606,stronger
9,607,stronger
9,608,incomparable
9,609,stronger
9,610,stronger
9,611,stronger
9,612,stronger
9,613,stronger
9,614,weaker
9,615,weaker
9,616,weaker
9,617,weaker
9,618,weaker
9,619,weaker
9,620,weaker
9,621,weaker
9,622,weaker
9,623,weaker
9,624,weaker
9,625,weaker
9,626,weaker
9,627,equivalent
9,628,equivalent
9,629,incomparable
9,630,incomparable
9,631,stronger
9,632,incomparable
9,633,incomparable
9,634,stronger
9,635,incomparable
9,636,stronger
9,637,stronger
9,638,stronger
9,639,incomparable
9,640,incomparable
9,641,stronger
9,642,incomparable
9,643,incomparable
9,644,stronger
9,645,incomparable
9,646,incomparable
9,647,incomparable
9,648,stronger
9,649,incomparable
9,650,stronger
9,651,stronger
9,652,stronger
9,653,incomparable
9,654,stronger
9,655,incomparable
9,656,stronger
9,657,incomparable
9,658,incomparable
9,659,stronger
9,660,stronger
9,661,incomparable
9,662,stronger
9,663,stronger
9,664,stronger
9,665,stronger
9,666,incomparable
9,667,incomparable
9,668,stronger
9,669,incomparable
9,670,incomparable
9,671,stronger
9,672,incomparable
9,673,stronger
9,674,stronger
9,675,stronger
9,676,incomparable
9,677,incomparable
9,678,stronger
9,679,incomparable
9,680,incomparable
9,681,stronger
9,682,incomparable
9,683,stronger
9,684,incomparable
9,685,stronger
9,686,incomparable
9,687,stronger
9,688,stronger
9,689,stronger
9,690,incomparable
9,691,stronger
9,692,incomparable
9,693,stronger
9,694,incomparable
9,695,incomparable
9,696,stronger
9,697,stronger
9,698,incomparable
9,699,stronger
9,700,stronger
9,701,stronger
9,702,stronger
9,703,incomparable
9,704,incomparable
9,705,stronger
9,706,incomparable
9,707,incomparable
9,708,stronger
9,709,incomparable
9,710,stronger
9,711,incomparable
9,712,stronger
9,713,incomparable
9,714,incomparable
9,715,stronger
9,716,incomparable
9,717,stronger
9,718,stronger
9,719,incomparable
9,720,stronger
9,721,stronger
9,722,stronger
9,723,incomparable
9,724,stronger
9,725,incomparable
9,726,stronger
9,727,incomparable
9,728,stronger
9,729,stronger
9,730,stronger
9,731,incomparable
9,732,stronger
9,733,stronger
9,734,stronger
9,735,incomparable
9,736,stronger
9,737,stronger
9,738,stronger
9,739,stronger
9,740,incomparable
9,741,stronger
9,742,stronger
9,743,stronger
9,744,incomparable
9,745,stronger
9,746,incomparable
9,747,stronger
9,748,incomparable
9,749,incomparable
9,750,stronger
9,751,stronger
9,752,incomparable
9,753,stronger
9,754,stronger
9,755,stronger
9,756,stronger
9,757,incomparable
9,758,stronger
9,759,incomparable
9,760,stronger
9,761,incomparable
9,762,stronger
9,763,stronger
9,764,stronger
9,765,incomparable
9,766,stronger
9,767,stronger
9,768,stronger
9,769,incomparable
9,770,stronger
9,771,stronger
9,772,stronger
9,773,stronger
9,774,incomparable
9,775,incomparable
9,776,stronger
9,777,stronger
9,778,incomparable
9,779,stronger
9,780,stronger
9,781,stronger
9,782,incomparable
9,783,stronger
9,784,stronger
9,785,stronger
9,786,incomparable
9,787,stronger
9,788,stronger
9,789,stronger
9,790,stronger
9,791,incomparable
9,792,stronger
9,793,stronger
9,794,stronger
9,795,stronger
9,796,incomparable
9,797,stronger
9,798,stronger
9,799,stronger
9,800,stronger
9,801,incomparable
9,802,stronger
9,803,stronger
9,804,stronger
9,805,stronger
9,806,incomparable
9,807,stronger
9,808,stronger
9,809,stronger
9,810,stronger
9,811,incomparable
9,812,stronger
9,813,stronger
9,814,stronger
9,815,stronger
9,816,stronger
9,817,weaker
9,818,weaker
9,819,weaker
9,820,weaker
9,821,weaker
9,822,incomparable
9,823,weaker
9,824,stronger
9,825,incomparable
9,826,incomparable
9,827,incomparable
9,828,incomparable
9,829,stronger
9,830,stronger
9,831,stronger
9,832,incomparable
9,833,incomparable
9,834,incomparable
9,835,incomparable
9,836,incomparable
9,837,incomparable
9,838,incomparable
9,839,incomparable
9,840,incomparable
9,841,incomparable
9,842,incomparable
9,843,incomparable
9,844,incomparable
9,845,incomparable
9,846,incomparable
9,847,incomparable
9,848,incomparable
9,849,incomparable
9,850,incomparable
9,851,incomparable
9,852,incomparable
9,853,stronger
9,854,incomparable
9,855,stronger
9,856,incomparable
9,857,stronger
9,858,incomparable
9,859,stronger
9,860,incomparable
9,861,incomparable
9,862,stronger
9,863,stronger
9,864,incomparable
9,865,stronger
9,866,stronger
9,867,stronger
9,868,stronger
9,869,incomparable
9,870,incomparable
9,871,stronger
9,872,incomparable
9,873,incomparable
9,874,stronger
9,875,incomparable
9,876,stronger
9,877,stronger
9,878,stronger
9,879,incomparable
9,880,incomparable
9,881,stronger
9,882,incomparable
9,883,incomparable
9,884,stronger
9,885,incomparable
9,886,stronger
9,887,incomparable
9,888,stronger
9,889,incomparable
9,890,stronger
9,891,stronger
9,892,stronger
9,893,incomparable
9,894,stronger
9,895,incomparable
9,896,stronger
9,897,incomparable
9,898,incomparable
9,899,stronger
9,900,stronger
9,901,incomparable
9,902,stronger
9,903,stronger
9,904,stronger
9,905,stronger
9,906,incomparable
9,907,incomparable
9,908,stronger
9,909,incomparable
9,910,incomparable
9,911,stronger
9,912,incomparable
9,913,stronger
9,914,incomparable
9,915,stronger
9,916,incomparable
9,917,incomparable
9,918,stronger
9,919,incomparable
9,920,stronger
9,921,stronger
9,922,incomparable
9,923,stronger
9,924,stronger
9,925,stronger
9,926,incomparable
9,927,stronger
9,928,incomparable
9,929,stronger
9,930,incomparable
9,931,stronger
9,932,stronger
9,933,stronger
9,934,incomparable
9,935,stronger
9,936,stronger
9,937,stronger
9,938,incomparable
9,939,stronger
9,940,stronger
9,941,stronger
9,942,stronger
9,943,incomparable
9,944,stronger
9,945,stronger
9,946,stronger
9,947,incomparable
9,948,stronger
9,949,incomparable
9,950,stronger
9,951,incomparable
9,952,incomparable
9,953,stronger
9,954,stronger
9,955,incomparable
9,956,stronger
9,957,stronger
9,958,stronger
9,959,stronger
9,960,incomparable
9,961,stronger
9,962,incomparable
9,963,stronger
9,964,incomparable
9,965,stronger
9,966,stronger
9,967,stronger
9,968,incomparable
9,969,stronger
9,970,stronger
9,971,stronger
9,972,incomparable
9,973,stronger
9,974,stronger
9,975,stronger
9,976,stronger
9,977,incomparable
9,978,incomparable
9,979,stronger
9,980,stronger
9,981,incomparable
9,982,stronger
9,983,stronger
9,984,stronger
9,985,incomparable
9,986,stronger
9,987,stronger
9,988,stronger
9,989,incomparable
9,990,stronger
9,991,stronger
9,992,stronger
9,993,stronger
9,994,incomparable
9,995,stronger
9,996,stronger
9,997,stronger
9,998,stronger
9,999,incomparable
9,1000,stronger
9,1001,stronger
9,1002,stronger
9,1003,stronger
9,1004,incomparable
9,1005,stronger
9,1006,stronger
9,1007,stronger
9,1008,stronger
9,1009,incomparable
9,1010,stronger
9,1011,stronger
9,1012,stronger
9,1013,stronger
9,1014,incomparable
9,1015,stronger
9,1016,stronger
9,1017,stronger
9,1018,stronger
9,1019,stronger
9,1020,weaker
9,1021,weaker
9,1022,weaker
9,1023,weaker
9,1024,equivalent
9,1025,incomparable
9,1026,incomparable
9,1027,stronger
9,1028,incomparable
9,1029,incomparable
9,1030,stronger
9,1031,incomparable
9,1032,incomparable
9,1033,stronger
9,1034,stronger
9,1035,incomparable
9,1036,incomparable
9,1037,stronger
9,1038,incomparable
9,1039,incomparable
9,1040,stronger
9,1041,incomparable
9,1042,incomparable
9,1043,incomparable
9,1044,stronger
9,1045,incomparable
9,1046,incomparable
9,1047,stronger
9,1048,incomparable
9,1049,incomparable
9,1050,incomparable
9,1051,incomparable
9,1052,incomparable
9,1053,incomparable
9,1054,stronger
9,1055,incomparable
9,1056,incomparable
9,1057,stronger
9,1058,stronger
9,1059,incomparable
9,1060,incomparable
9,1061,incomparable
9,1062,stronger
9,1063,incomparable
9,1064,incomparable
9,1065,stronger
9,1066,stronger
9,1067,incomparable
9,1068,incomparable
9,1069,stronger
9,1070,stronger
9,1071,stronger
9,1072,incomparable
9,1073,incomparable
9,1074,stronger
9,1075,incomparable
9,1076,incomparable
9,1077,stronger
9,1078,incomparable
9,1079,stronger
9,1080,stronger
9,1081,stronger
9,1082,incomparable
9,1083,incomparable
9,1084,stronger
9,1085,incomparable
9,1086,incomparable
9,1087,stronger
9,1088,incomparable
9,1089,stronger
9,1090,incomparable
9,1091,stronger
9,1092,incomparable
9,1093,stronger
9,1094,stronger
9,1095,stronger
9,1096,incomparable
9,1097,stronger
9,1098,incomparable
9,1099,stronger
9,1100,incomparable
9,1101,incomparable
9,1102,stronger
9,1103,stronger
9,1104,incomparable
9,1105,stronger
9,1106,stronger
9,1107,stronger
9,1108,stronger
9,1109,incomparable
9,1110,incomparable
9,1111,stronger
9,1112,incomparable
9,1113,incomparable
9,1114,stronger
9,1115,incomparable
9,1116,stronger
9,1117,incomparable
9,1118,stronger
9,1119,incomparable
9,1120,incomparable
9,1121,stronger
9,1122,incomparable
9,1123,stronger
9,1124,stronger
9,1125,incomparable
9,1126,stronger
9,1127,stronger
9,1128,stronger
9,1129,incomparable
9,1130,stronger
9,1131,incomparable
9,1132,stronger
9,1133,incomparable
9,1134,stronger
9,1135,stronger
9,1136,stronger
9,1137,incomparable
9,1138,stronger
9,1139,stronger
9,1140,stronger
9,1141,incomparable
9,1142,stronger
9,1143,stronger
9,1144,stronger
9,1145,stronger
9,1146,incomparable
9,1147,stronger
9,1148,stronger
9,1149,stronger
9,1150,incomparable
9,1151,stronger
9,1152,incomparable
9,1153,stronger
9,1154,incomparable
9,1155,incomparable
9,1156,stronger
9,1157,stronger
9,1158,incomparable
9,1159,stronger
9,1160,stronger
9,1161,stronger
9,1162,stronger
9,1163,incomparable
9,1164,stronger
9,1165,incomparable
9,1166,stronger
9,1167,incomparable
9,1168,stronger
9,1169,stronger
9,1170,stronger
9,1171,incomparable
9,1172,stronger
9,1173,stronger
9,1174,stronger
9,1175,incomparable
9,1176,stronger
9,1177,stronger
9,1178,stronger
9,1179,stronger
9,1180,incomparable
9,1181,incomparable
9,1182,stronger
9,1183,stronger
9,1184,incomparable
9,1185,stronger
9,1186,stronger
9,1187,stronger
9,1188,incomparable
9,1189,stronger
9,1190,stronger
9,1191,stronger
9,1192,incomparable
9,1193,stronger
9,1194,stronger
9,1195,stronger
9,1196,stronger
9,1197,incomparable
9,1198,stronger
9,1199,stronger
9,1200,stronger
9,1201,stronger
9,1202,incomparable
9,1203,stronger
9,1204,stronger
9,1205,stronger
9,1206,stronger
9,1207,incomparable
9,1208,stronger
9,1209,stronger
9,1210,stronger
9,1211,stronger
9,1212,incomparable
9,1213,stronger
9,1214,stronger
9,1215,stronger
9,1216,stronger
9,1217,incomparable
9,1218,stronger
9,1219,stronger
9,1220,stronger
9,1221,stronger
9,1222,stronger
9,1223,weaker
9,1224,weaker
9,1225,incomparable
9,1226,incomparable
9,1227,incomparable
9,1228,incomparable
9,1229,incomparable
9,1230,incomparable
9,1231,incomparable
9,1232,incomparable
9,1233,stronger
9,1234,incomparable
9,1235,stronger
9,1236,stronger
9,1237,stronger
9,1238,incomparable
9,1239,incomparable
9,1240,incomparable
9,1241,incomparable
9,1242,incomparable
9,1243,incomparable
9,1244,incomparable
9,1245,incomparable
9,1246,incomparable
9,1247,incomparable
9,1248,incomparable
9,1249,incomparable
9,1250,incomparable
9,1251,incomparable
9,1252,incomparable
9,1253,incomparable
9,1254,incomparable
9,1255,incomparable
9,1256,incomparable
9,1257,incomparable
9,1258,incomparable
9,1259,incomparable
9,1260,incomparable
9,1261,incomparable
9,1262,incomparable
9,1263,incomparable
9,1264,incomparable
9,1265,incomparable
9,1266,incomparable
9,1267,incomparable
9,1268,stronger
9,1269,stronger
9,1270,incomparable
9,1271,incomparable
9,1272,stronger
9,1273,stronger
9,1274,stronger
9,1275,incomparable
9,1276,incomparable
9,1277,stronger
9,1278,incomparable
9,1279,incomparable
9,1280,stronger
9,1281,incomparable
9,1282,stronger
9,1283,stronger
9,1284,stronger
9,1285,incomparable
9,1286,incomparable
9,1287,stronger
9,1288,incomparable
9,1289,incomparable
9,1290,stronger
9,1291,incomparable
9,1292,stronger
9,1293,incomparable
9,1294,stronger
9,1295,incomparable
9,1296,stronger
9,1297,stronger
9,1298,stronger
9,1299,incomparable
9,1300,stronger
9,1301,incomparable
9,1302,stronger
9,1303,incomparable
9,1304,incomparable
9,1305,stronger
9,1306,stronger
9,1307,incomparable
9,1308,stronger
9,1309,stronger
9,1310,stronger
9,1311,stronger
9,1312,incomparable
9,1313,incomparable
9,1314,stronger
9,1315,incomparable
9,1316,incomparable
9,1317,stronger
9,1318,incomparable
9,1319,stronger
9,1320,incomparable
9,1321,stronger
9,1322,incomparable
9,1323,incomparable
9,1324,stronger
9,1325,incomparable
9,1326,stronger
9,1327,stronger
9,1328,incomparable
9,1329,stronger
9,1330,stronger
9,1331,stronger
9,1332,incomparable
9,1333,stronger
9,1334,incomparable
9,1335,stronger
9,1336,incomparable
9,1337,stronger
9,1338,stronger
9,1339,stronger
9,1340,incomparable
9,1341,stronger
9,1342,stronger
9,1343,stronger
9,1344,incomparable
9,1345,stronger
9,1346,stronger
9,1347,stronger
9,1348,stronger
9,1349,incomparable
9,1350,stronger
9,1351,stronger
9,1352,stronger
9,1353,incomparable
9,1354,stronger
9,1355,incomparable
9,1356,stronger
9,1357,incomparable
9,1358,incomparable
9,1359,stronger
9,1360,stronger
9,1361,incomparable
9,1362,stronger
9,1363,stronger
9,1364,stronger
9,1365,stronger
9,1366,incomparable
9,1367,stronger
9,1368,incomparable
9,1369,stronger
9,1370,incomparable
9,1371,stronger
9,1372,stronger
9,1373,stronger
9,1374,incomparable
9,1375,stronger
9,1376,stronger
9,1377,stronger
9,1378,incomparable
9,1379,stronger
9,1380,stronger
9,1381,stronger
9,1382,stronger
9,1383,incomparable
9,1384,incomparable
9,1385,stronger
9,1386,stronger
9,1387,incomparable
9,1388,stronger
9,1389,stronger
9,1390,stronger
9,1391,incomparable
9,1392,stronger
9,1393,stronger
9,1394,stronger
9,1395,incomparable
9,1396,stronger
9,1397,stronger
9,1398,stronger
9,1399,stronger
9,1400,incomparable
9,1401,stronger
9,1402,stronger
9,1403,stronger
9,1404,stronger
9,1405,incomparable
9,1406,stronger
9,1407,stronger
9,1408,stronger
9,1409,stronger
9,1410,incomparable
9,1411,stronger
9,1412,stronger
9,1413,stronger
9,1414,stronger
9,1415,incomparable
9,1416,stronger
9,1417,stronger
9,1418,stronger
9,1419,stronger
9,1420,incomparable
9,1421,stronger
9,1422,stronger
9,1423,stronger
9,1424,stronger
9,1425,stronger
9,1426,weaker
9,1427,weaker
9,1428,weaker
9,1429,weaker
9,1430,weaker
9,1431,incomparable
9,1432,incomparable
9,1433,incomparable
9,1434,incomparable
9,1435,incomparable
9,1436,incomparable
9,1437,incomparable
9,1438,incomparable
9,1439,incomparable
9,1440,incomparable
9,1441,incomparable
9,1442,incomparable
9,1443,incomparable
9,1444,incomparable
9,1445,incomparable
9,1446,incomparable
9,1447,incomparable
9,1448,incomparable
9,1449,incomparable
9,1450,incomparable
9,1451,incomparable
9,1452,incomparable
9,1453,incomparable
9,1454,incomparable
9,1455,incomparable
9,1456,incomparable
9,1457,incomparable
9,1458,incomparable
9,1459,incomparable
9,1460,incomparable
9,1461,incomparable
9,1462,incomparable
9,1463,incomparable
9,1464,incomparable
9,1465,incomparable
9,1466,incomparable
9,1467,incomparable
9,1468,incomparable
9,1469,incomparable
9,1470,incomparable
9,1471,incomparable
9,1472,incomparable
9,1473,incomparable
9,1474,incomparable
9,1475,incomparable
9,1476,incomparable
9,1477,incomparable
9,1478,incomparable
9,1479,incomparable
9,1480,incomparable
9,1481,incomparable
9,1482,incomparable
9,1483,incomparable
9,1484,incomparable
9,1485,incomparable
9,1486,incomparable
9,1487,incomparable
9,1488,incomparable
9,1489,incomparable
9,1490,stronger
9,1491,incomparable
9,1492,incomparable
9,1493,stronger
9,1494,incomparable
9,1495,stronger
9,1496,incomparable
9,1497,stronger
9,1498,incomparable
9,1499,stronger
9,1500,stronger
9,1501,stronger
9,1502,incomparable
9,1503,stronger
9,1504,incomparable
9,1505,stronger
9,1506,incomparable
9,1507,incomparable
9,1508,stronger
9,1509,stronger
9,1510,incomparable
9,1511,stronger
9,1512,stronger
9,1513,stronger
9,1514,stronger
9,1515,incomparable
9,1516,incomparable
9,1517,stronger
9,1518,incomparable
9,1519,incomparable
9,1520,stronger
9,1521,incomparable
9,1522,stronger
9,1523,incomparable
9,1524,stronger
9,1525,incomparable
9,1526,incomparable
9,1527,stronger
9,1528,incomparable
9,1529,stronger
9,1530,stronger
9,1531,incomparable
9,1532,stronger
9,1533,stronger
9,1534,stronger
9,1535,incomparable
9,1536,stronger
9,1537,incomparable
9,1538,stronger
9,1539,incomparable
9,1540,stronger
9,1541,stronger
9,1542,stronger
9,1543,incomparable
9,1544,stronger
9,1545,stronger
9,1546,stronger
9,1547,incomparable
9,1548,stronger
9,1549,stronger
9,1550,stronger
9,1551,stronger
9,1552,incomparable
9,1553,stronger
9,1554,stronger
9,1555,stronger
9,1556,incomparable
9,1557,stronger
9,1558,incomparable
9,1559,stronger
9,1560,incomparable
9,1561,incomparable
9,1562,stronger
9,1563,stronger
9,1564,incomparable
9,1565,stronger
9,1566,stronger
9,1567,stronger
9,1568,stronger
9,1569,incomparable
9,1570,stronger
9,1571,incomparable
9,1572,stronger
9,1573,incomparable
9,1574,stronger
9,1575,stronger
9,1576,stronger
9,1577,incomparable
9,1578,stronger
9,1579,stronger
9,1580,stronger
9,1581,incomparable
9,1582,stronger
9,1583,stronger
9,1584,stronger
9,1585,stronger
9,1586,incomparable
9,1587,incomparable
9,1588,stronger
9,1589,stronger
9,1590,incomparable
9,1591,stronger
9,1592,stronger
9,1593,stronger
9,1594,incomparable
9,1595,stronger
9,1596,stronger
9,1597,stronger
9,1598,incomparable
9,1599,stronger
9,1600,stronger
9,1601,stronger
9,1602,stronger
9,1603,incomparable
9,1604,stronger
9,1605,stronger
9,1606,stronger
9,1607,stronger
9,1608,incomparable
9,1609,stronger
9,1610,stronger
9,1611,stronger
9,1612,stronger
9,1613,incomparable
9,1614,stronger
9,1615,stronger
9,1616,stronger
9,1617,stronger
9,1618,incomparable
9,1619,stronger
9,1620,stronger
9,1621,stronger
9,1622,stronger
9,1623,incomparable
9,1624,stronger
9,1625,stronger
9,1626,stronger
9,1627,stronger
9,1628,stronger
9,1629,weaker
9,1630,weaker
9,1631,incomparable
9,1632,incomparable
9,1633,incomparable
9,1634,incomparable
9,1635,incomparable
9,1636,incomparable
9,1637,incomparable
9,1638,incomparable
9,1639,incomparable
9,1640,incomparable
9,1641,incomparable
9,1642,incomparable
9,1643,incomparable
9,1644,incomparable
9,1645,incomparable
9,1646,incomparable
9,1647,incomparable
9,1648,incomparable
9,1649,incomparable
9,1650,incomparable
9,1651,incomparable
9,1652,incomparable
9,1653,incomparable
9,1654,incomparable
9,1655,incomparable
9,1656,incomparable
9,1657,incomparable
9,1658,incomparable
9,1659,incomparable
9,1660,incomparable
9,1661,incomparable
9,1662,incomparable
9,1663,incomparable
9,1664,incomparable
9,1665,incomparable
9,1666,incomparable
9,1667,incomparable
9,1668,incomparable
9,1669,incomparable
9,1670,incomparable
9,1671,incomparable
9,1672,incomparable
9,1673,incomparable
9,1674,incomparable
9,1675,incomparable
9,1676,incomparable
9,1677,incomparable
9,1678,incomparable
9,1679,incomparable
9,1680,incomparable
9,1681,incomparable
9,1682,incomparable
9,1683,stronger
9,1684,incomparable
9,1685,incomparable
9,1686,stronger
9,1687,incomparable
9,1688,stronger
9,1689,stronger
9,1690,stronger
9,1691,incomparable
9,1692,incomparable
9,1693,stronger
9,1694,incomparable
9,1695,incomparable
9,1696,stronger
9,1697,incomparable
9,1698,stronger
9,1699,incomparable
9,1700,stronger
9,1701,incomparable
9,1702,stronger
9,1703,stronger
9,1704,stronger
9,1705,incomparable
9,1706,stronger
9,1707,incomparable
9,1708,stronger
9,1709,incomparable
9,1710,incomparable
9,1711,stronger
9,1712,stronger
9,1713,incomparable
9,1714,stronger
9,1715,stronger
9,1716,stronger
9,1717,stronger
9,1718,incomparable
9,1719,incomparable
9,1720,stronger
9,1721,incomparable
9,1722,incomparable
9,1723,stronger
9,1724,incomparable
9,1725,stronger
9,1726,incomparable
9,1727,stronger
9,1728,incomparable
9,1729,incomparable
9,1730,stronger
9,1731,incomparable
9,1732,stronger
9,1733,stronger
9,1734,incomparable
9,1735,stronger
9,1736,stronger
9,1737,stronger
9,1738,incomparable
9,1739,stronger
9,1740,incomparable
9,1741,stronger
9,1742,incomparable
9,1743,stronger
9,1744,stronger
9,1745,stronger
9,1746,incomparable
9,1747,stronger
9,1748,stronger
9,1749,stronger
9,1750,incomparable
9,1751,stronger
9,1752,stronger
9,1753,stronger
9,1754,stronger
9,1755,incomparable
9,1756,stronger
9,1757,stronger
9,1758,stronger
9,1759,incomparable
9,1760,stronger
9,1761,incomparable
9,1762,stronger
9,1763,incomparable
9,1764,incomparable
9,1765,stronger
9,1766,stronger
9,1767,incomparable
9,1768,stronger
9,1769,stronger
9,1770,stronger
9,1771,stronger
9,1772,incomparable
9,1773,stronger
9,1774,incomparable
9,1775,stronger
9,1776,incomparable
9,1777,stronger
9,1778,stronger
9,1779,stronger
9,1780,incomparable
9,1781,stronger
9,1782,stronger
9,1783,stronger
9,1784,incomparable
9,1785,stronger
9,1786,stronger
9,1787,stronger
9,1788,stronger
9,1789,incomparable
9,1790,incomparable
9,1791,stronger
9,1792,stronger
9,1793,incomparable
9,1794,stronger
9,1795,stronger
9,1796,stronger
9,1797,incomparable
9,1798,stronger
9,1799,stronger
9,1800,stronger
9,1801,incomparable
9,1802,stronger
9,1803,stronger
9,1804,stronger
9,1805,stronger
9,1806,incomparable
9,1807,stronger
9,1808,stronger
9,1809,stronger
9,1810,stronger
9,1811,incomparable
9,1812,stronger
9,1813,stronger
9,1814,stronger
9,1815,stronger
9,1816,incomparable
9,1817,stronger
9,1818,stronger
9,1819,stronger
9,1820,stronger
9,1821,incomparable
9,1822,stronger
9,1823,stronger
9,1824,stronger
9,1825,stronger
9,1826,incomparable
9,1827,stronger
9,1828,stronger
9,1829,stronger
9,1830,stronger
9,1831,stronger
9,1832,weaker
9,1833,weaker
9,1834,incomparable
9,1835,incomparable
9,1836,incomparable
9,1837,weaker
9,1838,weaker
9,1839,weaker
9,1840,incomparable
9,1841,incomparable
9,1842,incomparable
9,1843,incomparable
9,1844,incomparable
9,1845,incomparable
9,1846,incomparable
9,1847,incomparable
9,1848,incomparable
9,1849,incomparable
9,1850,incomparable
9,1851,incomparable
9,1852,incomparable
9,1853,incomparable
9,1854,incomparable
9,1855,incomparable
9,1856,incomparable
9,1857,incomparable
9,1858,incomparable
9,1859,incomparable
9,1860,incomparable
9,1861,incomparable
9,1862,incomparable
9,1863,incomparable
9,1864,incomparable
9,1865,incomparable
9,1866,incomparable
9,1867,incomparable
9,1868,incomparable
9,1869,incomparable
9,1870,incomparable
9,1871,incomparable
9,1872,incomparable
9,1873,incomparable
9,1874,incomparable
9,1875,incomparable
9,1876,incomparable
9,1877,incomparable
9,1878,incomparable
9,1879,incomparable
9,1880,incomparable
9,1881,incomparable
9,1882,incomparable
9,1883,incomparable
9,1884,incomparable
9,1885,incomparable
9,1886,stronger
9,1887,incomparable
9,1888,incomparable
9,1889,stronger
9,1890,incomparable
9,1891,stronger
9,1892,stronger
9,1893,stronger
9,1894,incomparable
9,1895,incomparable
9,1896,stronger
9,1897,incomparable
9,1898,incomparable
9,1899,stronger
9,1900,incomparable
9,1901,stronger
9,1902,incomparable
9,1903,stronger
9,1904,incomparable
9,1905,stronger
9,1906,stronger
9,1907,stronger
9,1908,incomparable
9,1909,stronger
9,1910,incomparable
9,1911,stronger
9,1912,incomparable
9,1913,incomparable
9,1914,stronger
9,1915,stronger
9,1916,incomparable
9,1917,stronger
9,1918,stronger
9,1919,stronger
9,1920,stronger
9,1921,incomparable
9,1922,incomparable
9,1923,stronger
9,1924,incomparable
9,1925,incomparable
9,1926,stronger
9,1927,incomparable
9,1928,stronger
9,1929,incomparable
9,1930,stronger
9,1931,incomparable
9,1932,incomparable
9,1933,stronger
9,1934,incomparable
9,1935,stronger
9,1936,stronger
9,1937,incomparable
9,1938,stronger
9,1939,stronger
9,1940,stronger
9,1941,incomparable
9,1942,stronger
9,1943,incomparable
9,1944,stronger
9,1945,incomparable
9,1946,stronger
9,1947,stronger
9,1948,stronger
9,1949,incomparable
9,1950,stronger
9,1951,stronger
9,1952,stronger
9,1953,incomparable
9,1954,stronger
9,1955,stronger
9,1956,stronger
9,1957,stronger
9,1958,incomparable
9,1959,stronger
9,1960,stronger
9,1961,stronger
9,1962,incomparable
9,1963,stronger
9,1964,incomparable
9,1965,stronger
9,1966,incomparable
9,1967,incomparable
9,1968,stronger
9,1969,stronger
9,1970,incomparable
9,1971,stronger
9,1972,stronger
9,1973,stronger
9,1974,stronger
9,1975,incomparable
9,1976,stronger
9,1977,incomparable
9,1978,stronger
9,1979,incomparable
9,1980,stronger
9,1981,stronger
9,1982,stronger
9,1983,incomparable
9,1984,stronger
9,1985,stronger
9,1986,stronger
9,1987,incomparable
9,1988,stronger
9,1989,stronger
9,1990,stronger
9,1991,stronger
9,1992,incomparable
9,1993,incomparable
9,1994,stronger
9,1995,stronger
9,1996,incomparable
9,1997,stronger
9,1998,stronger
9,1999,stronger
9,2000,incomparable
9,2001,stronger
9,2002,stronger
9,2003,stronger
9,2004,incomparable
9,2005,stronger
9,2006,stronger
9,2007,stronger
9,2008,stronger
9,2009,incomparable
9,2010,stronger
9,2011,stronger
9,2012,stronger
9,2013,stronger
9,2014,incomparable
9,2015,stronger
9,2016,stronger
9,2017,stronger
9,2018,stronger
9,2019,incomparable
9,2020,stronger
9,2021,stronger
9,2022,stronger
9,2023,stronger
9,2024,incomparable
9,2025,stronger
9,2026,stronger
9,2027,stronger
9,2028,stronger
9,2029,incomparable
9,2030,stronger
9,2031,stronger
9,2032,stronger
9,2033,stronger
9,2034,stronger
9,2035,weaker
9,2036,weaker
9,2037,incomparable
9,2038,incomparable
9,2039,incomparable
9,2040,incomparable
9,2041,incomparable
9,2042,incomparable
9,2043,incomparable
9,2044,incomparable
9,2045,incomparable
9,2046,incomparable
9,2047,incomparable
9,2048,incomparable
9,2049,incomparable
9,2050,incomparable
9,2051,incomparable
9,2052,incomparable
9,2053,incomparable
9,2054,incomparable
9,2055,incomparable
9,2056,incomparable
9,2057,incomparable
9,2058,incomparable
9,2059,incomparable
9,2060,incomparable
9,2061,incomparable
9,2062,incomparable
9,2063,incomparable
9,2064,incomparable
9,2065,incomparable
9,2066,incomparable
9,2067,incomparable
9,2068,incomparable
9,2069,incomparable
9,2070,incomparable
9,2071,incomparable
9,2072,incomparable
9,2073,incomparable
9,2074,incomparable
9,2075,incomparable
9,2076,incomparable
9,2077,incomparable
9,2078,incomparable
9,2079,incomparable
9,2080,incomparable
9,2081,incomparable
9,2082,incomparable
9,2083,incomparable
9,2084,incomparable
9,2085,incomparable
9,2086,incomparable
9,2087,incomparable
9,2088,incomparable
9,2089,incomparable
9,2090,incomparable
9,2091,incomparable
9,2092,stronger
9,2093,incomparable
9,2094,stronger
9,2095,stronger
9,2096,stronger
9,2097,incomparable
9,2098,incomparable
9,2099,stronger
9,2100,incomparable
9,2101,incomparable
9,2102,stronger
9,2103,incomparable
9,2104,stronger
9,2105,incomparable
9,2106,stronger
9,2107,incomparable
9,2108,stronger
9,2109,stronger
9,2110,stronger
9,2111,incomparable
9,2112,stronger
9,2113,incomparable
9,2114,stronger
9,2115,incomparable
9,2116,incomparable
9,2117,stronger
9,2118,stronger
9,2119,incomparable
9,2120,stronger
9,2121,stronger
9,2122,stronger
9,2123,stronger
9,2124,incomparable
9,2125,incomparable
9,2126,incomparable
9,2127,incomparable
9,2128,incomparable
9,2129,stronger
9,2130,incomparable
9,2131,stronger
9,2132,incomparable
9,2133,stronger
9,2134,incomparable
9,2135,incomparable
9,2136,stronger
9,2137,incomparable
9,2138,stronger
9,2139,stronger
9,2140,incomparable
9,2141,stronger
9,2142,stronger
9,2143,stronger
9,2144,incomparable
9,2145,stronger
9,2146,incomparable
9,2147,stronger
9,2148,incomparable
9,2149,stronger
9,2150,stronger
9,2151,stronger
9,2152,incomparable
9,2153,stronger
9,2154,stronger
9,2155,stronger
9,2156,incomparable
9,2157,stronger
9,2158,stronger
9,2159,stronger
9,2160,stronger
9,2161,incomparable
9,2162,incomparable
9,2163,incomparable
9,2164,incomparable
9,2165,incomparable
9,2166,stronger
9,2167,incomparable
9,2168,stronger
9,2169,incomparable
9,2170,incomparable
9,2171,stronger
9,2172,stronger
9,2173,incomparable
9,2174,stronger
9,2175,stronger
9,2176,stronger
9,2177,stronger
9,2178,incomparable
9,2179,stronger
9,2180,incomparable
9,2181,stronger
9,2182,incomparable
9,2183,stronger
9,2184,stronger
9,2185,stronger
9,2186,incomparable
9,2187,stronger
9,2188,stronger
9,2189,stronger
9,2190,incomparable
9,2191,stronger
9,2192,stronger
9,2193,stronger
9,2194,stronger
9,2195,incomparable
9,2196,incomparable
9,2197,stronger
9,2198,stronger
9,2199,incomparable
9,2200,stronger
9,2201,stronger
9,2202,stronger
9,2203,incomparable
9,2204,stronger
9,2205,stronger
9,2206,stronger
9,2207,incomparable
9,2208,stronger
9,2209,stronger
9,2210,stronger
9,2211,stronger
9,2212,incomparable
9,2213,stronger
9,2214,stronger
9,2215,stronger
9,2216,stronger
9,2217,incomparable
9,2218,stronger
9,2219,stronger
9,2220,stronger
9,2221,stronger
9,2222,incomparable
9,2223,stronger
9,2224,stronger
9,2225,stronger
9,2226,stronger
9,2227,incomparable
9,2228,stronger
9,2229,stronger
9,2230,stronger
9,2231,stronger
9,2232,incomparable
9,2233,stronger
9,2234,stronger
9,2235,stronger
9,2236,stronger
9,2237,stronger
9,2238,weaker
9,2239,incomparable
9,2240,weaker
9,2241,incomparable
9,2242,incomparable
9,2243,weaker
9,2244,incomparable
9,2245,incomparable
9,2246,weaker
9,2247,incomparable
9,2248,incomparable
9,2249,weaker
9,2250,incomparable
9,2251,incomparable
9,2252,incomparable
9,2253,incomparable
9,2254,incomparable
9,2255,incomparable
9,2256,incomparable
9,2257,incomparable
9,2258,incomparable
9,2259,incomparable
9,2260,incomparable
9,2261,incomparable
9,2262,incomparable
9,2263,incomparable
9,2264,incomparable
9,2265,incomparable
9,2266,incomparable
9,2267,incomparable
9,2268,incomparable
9,2269,incomparable
9,2270,incomparable
9,2271,incomparable
9,2272,incomparable
9,2273,incomparable
9,2274,incomparable
9,2275,incomparable
9,2276,incomparable
9,2277,incomparable
9,2278,incomparable
9,2279,incomparable
9,2280,incomparable
9,2281,incomparable
9,2282,incomparable
9,2283,incomparable
9,2284,incomparable
9,2285,incomparable
9,2286,incomparable
9,2287,incomparable
9,2288,incomparable
9,2289,incomparable
9,2290,incomparable
9,2291,incomparable
9,2292,stronger
9,2293,incomparable
9,2294,incomparable
9,2295,stronger
9,2296,incomparable
9,2297,stronger
9,2298,stronger
9,2299,stronger
9,2300,incomparable
9,2301,incomparable
9,2302,stronger
9,2303,incomparable
9,2304,incomparable
9,2305,stronger
9,2306,incomparable
9,2307,stronger
9,2308,incomparable
9,2309,stronger
9,2310,incomparable
9,2311,stronger
9,2312,stronger
9,2313,stronger
9,2314,incomparable
9,2315,stronger
9,2316,incomparable
9,2317,stronger
9,2318,incomparable
9,2319,incomparable
9,2320,stronger
9,2321,stronger
9,2322,incomparable
9,2323,stronger
9,2324,stronger
9,2325,stronger
9,2326,stronger
9,2327,incomparable
9,2328,incomparable
9,2329,stronger
9,2330,incomparable
9,2331,incomparable
9,2332,stronger
9,2333,incomparable
9,2334,stronger
9,2335,incomparable
9,2336,stronger
9,2337,incomparable
9,2338,incomparable
9,2339,stronger
9,2340,incomparable
9,2341,stronger
9,2342,stronger
9,2343,incomparable
9,2344,stronger
9,2345,stronger
9,2346,stronger
9,2347,incomparable
9,2348,stronger
9,2349,incomparable
9,2350,stronger
9,2351,incomparable
9,2352,stronger
9,2353,stronger
9,2354,stronger
9,2355,incomparable
9,2356,stronger
9,2357,stronger
9,2358,stronger
9,2359,incomparable
9,2360,stronger
9,2361,stronger
9,2362,stronger
9,2363,stronger
9,2364,incomparable
9,2365,stronger
9,2366,stronger
9,2367,stronger
9,2368,incomparable
9,2369,stronger
9,2370,incomparable
9,2371,stronger
9,2372,incomparable
9,2373,incomparable
9,2374,stronger
9,2375,stronger
9,2376,incomparable
9,2377,stronger
9,2378,stronger
9,2379,stronger
9,2380,stronger
9,2381,incomparable
9,2382,stronger
9,2383,incomparable
9,2384,stronger
9,2385,incomparable
9,2386,stronger
9,2387,stronger
9,2388,stronger
9,2389,incomparable
9,2390,stronger
9,2391,stronger
9,2392,stronger
9,2393,incomparable
9,2394,stronger
9,2395,stronger
9,2396,stronger
9,2397,stronger
9,2398,incomparable
9,2399,incomparable
9,2400,stronger
9,2401,stronger
9,2402,incomparable
9,2403,stronger
9,2404,stronger
9,2405,stronger
9,2406,incomparable
9,2407,stronger
9,2408,stronger
9,2409,stronger
9,2410,incomparable
9,2411,stronger
9,2412,stronger
9,2413,stronger
9,2414,stronger
9,2415,incomparable
9,2416,stronger
9,2417,stronger
9,2418,stronger
9,2419,stronger
9,2420,incomparable
9,2421,stronger
9,2422,stronger
9,2423,stronger
9,2424,stronger
9,2425,incomparable
9,2426,stronger
9,2427,stronger
9,2428,stronger
9,2429,stronger
9,2430,incomparable
9,2431,stronger
9,2432,stronger
9,2433,stronger
9,2434,stronger
9,2435,incomparable
9,2436,stronger
9,2437,stronger
9,2438,stronger
9,2439,stronger
9,2440,stronger
9,2441,weaker
9,2442,incomparable
9,2443,weaker
9,2444,incomparable
9,2445,incomparable
9,2446,incomparable
9,2447,incomparable
9,2448,incomparable
9,2449,incomparable
9,2450,incomparable
9,2451,incomparable
9,2452,incomparable
9,2453,incomparable
9,2454,incomparable
9,2455,incomparable
9,2456,incomparable
9,2457,incomparable
9,2458,incomparable
9,2459,incomparable
9,2460,incomparable
9,2461,incomparable
9,2462,incomparable
9,2463,incomparable
9,2464,incomparable
9,2465,incomparable
9,2466,incomparable
9,2467,incomparable
9,2468,incomparable
9,2469,incomparable
9,2470,incomparable
9,2471,incomparable
9,2472,incomparable
9,2473,incomparable
9,2474,incomparable
9,2475,incomparable
9,2476,incomparable
9,2477,incomparable
9,2478,incomparable
9,2479,incomparable
9,2480,incomparable
9,2481,incomparable
9,2482,incomparable
9,2483,incomparable
9,2484,incomparable
9,2485,incomparable
9,2486,incomparable
9,2487,incomparable
9,2488,incomparable
9,2489,incomparable
9,2490,incomparable
9,2491,incomparable
9,2492,incomparable
9,2493,incomparable
9,2494,incomparable
9,2495,stronger
9,2496,incomparable
9,2497,incomparable
9,2498,stronger
9,2499,incomparable
9,2500,stronger
9,2501,stronger
9,2502,stronger
9,2503,incomparable
9,2504,incomparable
9,2505,stronger
9,2506,incomparable
9,2507,incomparable
9,2508,stronger
9,2509,incomparable
9,2510,stronger
9,2511,incomparable
9,2512,stronger
9,2513,incomparable
9,2514,stronger
9,2515,stronger
9,2516,stronger
9,2517,incomparable
9,2518,stronger
9,2519,incomparable
9,2520,stronger
9,2521,incomparable
9,2522,incomparable
9,2523,stronger
9,2524,stronger
9,2525,incomparable
9,2526,stronger
9,2527,stronger
9,2528,stronger
9,2529,stronger
9,2530,incomparable
9,2531,incomparable
9,2532,stronger
9,2533,incomparable
9,2534,incomparable
9,2535,stronger
9,2536,incomparable
9,2537,stronger
9,2538,incomparable
9,2539,stronger
9,2540,incomparable
9,2541,incomparable
9,2542,stronger
9,2543,incomparable
9,2544,stronger
9,2545,stronger
9,2546,incomparable
9,2547,stronger
9,2548,stronger
9,2549,stronger
9,2550,incomparable
9,2551,stronger
9,2552,incomparable
9,2553,stronger
9,2554,incomparable
9,2555,stronger
9,2556,stronger
9,2557,stronger
9,2558,incomparable
9,2559,stronger
9,2560,stronger
9,2561,stronger
9,2562,incomparable
9,2563,stronger
9,2564,stronger
9,2565,stronger
9,2566,stronger
9,2567,incomparable
9,2568,stronger
9,2569,stronger
9,2570,stronger
9,2571,incomparable
9,2572,stronger
9,2573,incomparable
9,2574,stronger
9,2575,incomparable
9,2576,incomparable
9,2577,stronger
9,2578,stronger
9,2579,incomparable
9,2580,stronger
9,2581,stronger
9,2582,stronger
9,2583,stronger
9,2584,incomparable
9,2585,stronger
9,2586,incomparable
9,2587,stronger
9,2588,incomparable
9,2589,stronger
9,2590,stronger
9,2591,stronger
9,2592,incomparable
9,2593,stronger
9,2594,stronger
9,2595,stronger
9,2596,incomparable
9,2597,stronger
9,2598,stronger
9,2599,stronger
9,2600,stronger
9,2601,incomparable
9,2602,incomparable
9,2603,stronger
9,2604,stronger
9,2605,incomparable
9,2606,stronger
9,2607,stronger
9,2608,stronger
9,2609,incomparable
9,2610,stronger
9,2611,stronger
9,2612,stronger
9,2613,incomparable
9,2614,stronger
9,2615,stronger
9,2616,stronger
9,2617,stronger
9,2618,incomparable
9,2619,stronger
9,2620,stronger
9,2621,stronger
9,2622,stronger
9,2623,incomparable
9,2624,stronger
9,2625,stronger
9,2626,stronger
9,2627,stronger
9,2628,incomparable
9,2629,stronger
9,2630,stronger
9,2631,stronger
9,2632,stronger
9,2633,incomparable
9,2634,stronger
9,2635,stronger
9,2636,stronger
9,2637,stronger
9,2638,incomparable
9,2639,stronger
9,2640,stronger
9,2641,stronger
9,2642,stronger
9,2643,stronger
9,2644,weaker
9,2645,incomparable
9,2646,weaker
9,2647,incomparable
9,2648,incomparable
9,2649,incomparable
9,2650,incomparable
9,2651,incomparable
9,2652,incomparable
9,2653,incomparable
9,2654,incomparable
9,2655,incomparable
9,2656,incomparable
9,2657,incomparable
9,2658,incomparable
9,2659,incomparable
9,2660,incomparable
9,2661,incomparable
9,2662,incomparable
9,2663,incomparable
9,2664,incomparable
9,2665,incomparable
9,2666,incomparable
9,2667,incomparable
9,2668,incomparable
9,2669,incomparable
9,2670,incomparable
9,2671,incomparable
9,2672,incomparable
9,2673,incomparable
9,2674,incomparable
9,2675,incomparable
9,2676,incomparable
9,2677,incomparable
9,2678,incomparable
9,2679,incomparable
9,2680,incomparable
9,2681,incomparable
9,2682,incomparable
9,2683,incomparable
9,2684,incomparable
9,2685,incomparable
9,2686,incomparable
9,2687,incomparable
9,2688,incomparable
9,2689,incomparable
9,2690,incomparable
9,2691,incomparable
9,2692,incomparable
9,2693,incomparable
9,2694,incomparable
9,2695,incomparable
9,2696,incomparable
9,2697,incomparable
9,2698,stronger
9,2699,incomparable
9,2700,incomparable
9,2701,stronger
9,2702,incomparable
9,2703,stronger
9,2704,stronger
9,2705,stronger
9,2706,incomparable
9,2707,incomparable
9,2708,stronger
9,2709,incomparable
9,2710,incomparable
9,2711,stronger
9,2712,incomparable
9,2713,stronger
9,2714,incomparable
9,2715,stronger
9,2716,incomparable
9,2717,stronger
9,2718,stronger
9,2719,stronger
9,2720,incomparable
9,2721,stronger
9,2722,incomparable
9,2723,stronger
9,2724,incomparable
9,2725,incomparable
9,2726,stronger
9,2727,stronger
9,2728,incomparable
9,2729,stronger
9,2730,stronger
9,2731,stronger
9,2732,stronger
9,2733,incomparable
9,2734,incomparable
9,2735,stronger
9,2736,incomparable
9,2737,incomparable
9,2738,stronger
9,2739,incomparable
9,2740,stronger
9,2741,incomparable
9,2742,stronger
9,2743,incomparable
9,2744,incomparable
9,2745,stronger
9,2746,incomparable
9,2747,stronger
9,2748,stronger
9,2749,incomparable
9,2750,stronger
9,2751,stronger
9,2752,stronger
9,2753,incomparable
9,2754,stronger
9,2755,incomparable
9,2756,stronger
9,2757,incomparable
9,2758,stronger
9,2759,stronger
9,2760,stronger
9,2761,incomparable
9,2762,stronger
9,2763,stronger
9,2764,stronger
9,2765,incomparable
9,2766,stronger
9,2767,stronger
9,2768,stronger
9,2769,stronger
9,2770,incomparable
9,2771,stronger
9,2772,stronger
9,2773,stronger
9,2774,incomparable
9,2775,stronger
9,2776,incomparable
9,2777,stronger
9,2778,incomparable
9,2779,incomparable
9,2780,stronger
9,2781,stronger
9,2782,incomparable
9,2783,stronger
9,2784,stronger
9,2785,stronger
9,2786,stronger
9,2787,incomparable
9,2788,stronger
9,2789,incomparable
9,2790,stronger
9,2791,incomparable
9,2792,stronger
9,2793,stronger
9,2794,stronger
9,2795,incomparable
9,2796,stronger
9,2797,stronger
9,2798,stronger
9,2799,incomparable
9,2800,stronger
9,2801,stronger
9,2802,stronger
9,2803,stronger
9,2804,incomparable
9,2805,incomparable
9,2806,stronger
9,2807,stronger
9,2808,incomparable
9,2809,stronger
9,2810,stronger
9,2811,stronger
9,2812,incomparable
9,2813,stronger
9,2814,stronger
9,2815,stronger
9,2816,incomparable
9,2817,stronger
9,2818,stronger
9,2819,stronger
9,2820,stronger
9,2821,incomparable
9,2822,stronger
9,2823,stronger
9,2824,stronger
9,2825,stronger
9,2826,incomparable
9,2827,stronger
9,2828,stronger
9,2829,stronger
9,2830,stronger
9,2831,incomparable
9,2832,stronger
9,2833,stronger
9,2834,stronger
9,2835,stronger
9,2836,incomparable
9,2837,stronger
9,2838,stronger
9,2839,stronger
9,2840,stronger
9,2841,incomparable
9,2842,stronger
9,2843,stronger
9,2844,stronger
9,2845,stronger
9,2846,stronger
9,2847,weaker
9,2848,incomparable
9,2849,incomparable
9,2850,incomparable
9,2851,incomparable
9,2852,weaker
9,2853,incomparable
9,2854,incomparable
9,2855,incomparable
9,2856,incomparable
9,2857,incomparable
9,2858,incomparable
9,2859,incomparable
9,2860,incomparable
9,2861,incomparable
9,2862,incomparable
9,2863,incomparable
9,2864,incomparable
9,2865,incomparable
9,2866,incomparable
9,2867,incomparable
9,2868,incomparable
9,2869,incomparable
9,2870,incomparable
9,2871,incomparable
9,2872,incomparable
9,2873,incomparable
9,2874,incomparable
9,2875,incomparable
9,2876,incomparable
9,2877,incomparable
9,2878,incomparable
9,2879,incomparable
9,2880,incomparable
9,2881,incomparable
9,2882,incomparable
9,2883,incomparable
9,2884,incomparable
9,2885,incomparable
9,2886,incomparable
9,2887,incomparable
9,2888,incomparable
9,2889,incomparable
9,2890,incomparable
9,2891,incomparable
9,2892,incomparable
9,2893,incomparable
9,2894,incomparable
9,2895,incomparable
9,2896,incomparable
9,2897,incomparable
9,2898,incomparable
9,2899,incomparable
9,2900,incomparable
9,2901,stronger
9,2902,incomparable
9,2903,incomparable
9,2904,stronger
9,2905,incomparable
9,2906,stronger
9,2907,stronger
9,2908,stronger
9,2909,incomparable
9,2910,incomparable
9,2911,stronger
9,2912,incomparable
9,2913,incomparable
9,2914,stronger
9,2915,incomparable
9,2916,stronger
9,2917,incomparable
9,2918,stronger
9,2919,incomparable
9,2920,stronger
9,2921,stronger
9,2922,stronger
9,2923,incomparable
9,2924,stronger
9,2925,incomparable
9,2926,stronger
9,2927,incomparable
9,2928,incomparable
9,2929,stronger
9,2930,stronger
9,2931,incomparable
9,2932,stronger
9,2933,stronger
9,2934,stronger
9,2935,stronger
9,2936,incomparable
9,2937,incomparable
9,2938,stronger
9,2939,incomparable
9,2940,incomparable
9,2941,stronger
9,2942,incomparable
9,2943,stronger
9,2944,incomparable
9,2945,stronger
9,2946,incomparable
9,2947,incomparable
9,2948,stronger
9,2949,incomparable
9,2950,stronger
9,2951,stronger
9,2952,incomparable
9,2953,stronger
9,2954,stronger
9,2955,stronger
9,2956,incomparable
9,2957,stronger
9,2958,incomparable
9,2959,stronger
9,2960,incomparable
9,2961,stronger
9,2962,stronger
9,2963,stronger
9,2964,incomparable
9,2965,stronger
9,2966,stronger
9,2967,stronger
9,2968,incomparable
9,2969,stronger
9,2970,stronger
9,2971,stronger
9,2972,stronger
9,2973,incomparable
9,2974,stronger
9,2975,stronger
9,2976,stronger
9,2977,incomparable
9,2978,stronger
9,2979,incomparable
9,2980,stronger
9,2981,incomparable
9,2982,incomparable
9,2983,stronger
9,2984,stronger
9,2985,incomparable
9,2986,stronger
9,2987,stronger
9,2988,stronger
9,2989,stronger
9,2990,incomparable
9,2991,stronger
9,2992,incomparable
9,2993,stronger
9,2994,incomparable
9,2995,stronger
9,2996,stronger
9,2997,stronger
9,2998,incomparable
9,2999,stronger
9,3000,stronger
9,3001,stronger
9,3002,incomparable
9,3003,stronger
9,3004,stronger
9,3005,stronger
9,3006,stronger
9,3007,incomparable
9,3008,incomparable
9,3009,stronger
9,3010,stronger
9,3011,incomparable
9,3012,stronger
9,3013,stronger
9,3014,stronger
9,3015,incomparable
9,3016,stronger
9,3017,stronger
9,3018,stronger
9,3019,incomparable
9,3020,stronger
9,3021,stronger
9,3022,stronger
9,3023,stronger
9,3024,incomparable
9,3025,stronger
9,3026,stronger
9,3027,stronger
9,3028,stronger
9,3029,incomparable
9,3030,stronger
9,3031,stronger
9,3032,stronger
9,3033,stronger
9,3034,incomparable
9,3035,stronger
9,3036,stronger
9,3037,stronger
9,3038,stronger
9,3039,incomparable
9,3040,stronger
9,3041,stronger
9,3042,stronger
9,3043,stronger
9,3044,incomparable
9,3045,stronger
9,3046,stronger
9,3047,stronger
9,3048,stronger
9,3049,stronger
9,3050,weaker
9,3051,incomparable
9,3052,incomparable
9,3053,incomparable
9,3054,incomparable
9,3055,incomparable
9,3056,incomparable
9,3057,incomparable
9,3058,incomparable
9,3059,incomparable
9,3060,incomparable
9,3061,incomparable
9,3062,incomparable
9,3063,incomparable
9,3064,incomparable
9,3065,incomparable
9,3066,incomparable
9,3067,incomparable
9,3068,incomparable
9,3069,incomparable
9,3070,incomparable
9,3071,incomparable
9,3072,incomparable
9,3073,incomparable
9,3074,incomparable
9,3075,incomparable
9,3076,incomparable
9,3077,incomparable
9,3078,incomparable
9,3079,incomparable
9,3080,incomparable
9,3081,incomparable
9,3082,incomparable
9,3083,incomparable
9,3084,incomparable
9,3085,incomparable
9,3086,incomparable
9,3087,incomparable
9,3088,incomparable
9,3089,incomparable
9,3090,incomparable
9,3091,incomparable
9,3092,incomparable
9,3093,incomparable
9,3094,incomparable
9,3095,incomparable
9,3096,incomparable
9,3097,incomparable
9,3098,incomparable
9,3099,incomparable
9,3100,incomparable
9,3101,incomparable
9,3102,incomparable
9,3103,incomparable
9,3104,stronger
9,3105,incomparable
9,3106,incomparable
9,3107,stronger
9,3108,incomparable
9,3109,stronger
9,3110,stronger
9,3111,stronger
9,3112,incomparable
9,3113,incomparable
9,3114,stronger
9,3115,incomparable
9,3116,incomparable
9,3117,stronger
9,3118,incomparable
9,3119,stronger
9,3120,incomparable
9,3121,stronger
9,3122,incomparable
9,3123,stronger
9,3124,stronger
9,3125,stronger
9,3126,incomparable
9,3127,stronger
9,3128,incomparable
9,3129,stronger
9,3130,incomparable
9,3131,incomparable
9,3132,stronger
9,3133,stronger
9,3134,incomparable
9,3135,stronger
9,3136,stronger
9,3137,stronger
9,3138,stronger
9,3139,incomparable
9,3140,incomparable
9,3141,stronger
9,3142,incomparable
9,3143,incomparable
9,3144,stronger
9,3145,incomparable
9,3146,stronger
9,3147,incomparable
9,3148,stronger
9,3149,incomparable
9,3150,incomparable
9,3151,stronger
9,3152,incomparable
9,3153,stronger
9,3154,stronger
9,3155,incomparable
9,3156,stronger
9,3157,stronger
9,3158,stronger
9,3159,incomparable
9,3160,stronger
9,3161,incomparable
9,3162,stronger
9,3163,incomparable
9,3164,stronger
9,3165,stronger
9,3166,stronger
9,3167,incomparable
9,3168,stronger
9,3169,stronger
9,3170,stronger
9,3171,incomparable
9,3172,stronger
9,3173,stronger
9,3174,stronger
9,3175,stronger
9,3176,incomparable
9,3177,stronger
9,3178,stronger
9,3179,stronger
9,3180,incomparable
9,3181,stronger
9,3182,incomparable
9,3183,stronger
9,3184,incomparable
9,3185,incomparable
9,3186,stronger
9,3187,stronger
9,3188,incomparable
9,3189,stronger
9,3190,stronger
9,3191,stronger
9,3192,stronger
9,3193,incomparable
9,3194,stronger
9,3195,incomparable
9,3196,stronger
9,3197,incomparable
9,3198,stronger
9,3199,stronger
9,3200,stronger
9,3201,incomparable
9,3202,stronger
9,3203,stronger
9,3204,stronger
9,3205,incomparable
9,3206,stronger
9,3207,stronger
9,3208,stronger
9,3209,stronger
9,3210,incomparable
9,3211,incomparable
9,3212,stronger
9,3213,stronger
9,3214,incomparable
9,3215,stronger
9,3216,stronger
9,3217,stronger
9,3218,incomparable
9,3219,stronger
9,3220,stronger
9,3221,stronger
9,3222,incomparable
9,3223,stronger
9,3224,stronger
9,3225,stronger
9,3226,stronger
9,3227,incomparable
9,3228,stronger
9,3229,stronger
9,3230,stronger
9,3231,stronger
9,3232,incomparable
9,3233,stronger
9,3234,stronger
9,3235,stronger
9,3236,stronger
9,3237,incomparable
9,3238,stronger
9,3239,stronger
9,3240,stronger
9,3241,stronger
9,3242,incomparable
9,3243,stronger
9,3244,stronger
9,3245,stronger
9,3246,stronger
9,3247,incomparable
9,3248,stronger
9,3249,stronger
9,3250,stronger
9,3251,stronger
9,3252,stronger
9,3253,weaker
9,3254,weaker
9,3255,weaker
9,3256,weaker
9,3257,weaker
9,3258,incomparable
9,3259,incomparable
9,3260,incomparable
9,3261,incomparable
9,3262,incomparable
9,3263,incomparable
9,3264,incomparable
9,3265,incomparable
9,3266,incomparable
9,3267,incomparable
9,3268,incomparable
9,3269,incomparable
9,3270,incomparable
9,3271,incomparable
9,3272,incomparable
9,3273,incomparable
9,3274,incomparable
9,3275,incomparable
9,3276,incomparable
9,3277,incomparable
9,3278,incomparable
9,3279,incomparable
9,3280,incomparable
9,3281,incomparable
9,3282,incomparable
9,3283,incomparable
9,3284,incomparable
9,3285,incomparable
9,3286,incomparable
9,3287,incomparable
9,3288,incomparable
9,3289,incomparable
9,3290,incomparable
9,3291,incomparable
9,3292,incomparable
9,3293,incomparable
9,3294,incomparable
9,3295,incomparable
9,3296,incomparable
9,3297,incomparable
9,3298,incomparable
9,3299,incomparable
9,3300,incomparable
9,3301,incomparable
9,3302,incomparable
9,3303,incomparable
9,3304,incomparable
9,3305,incomparable
9,3306,incomparable
9,3307,incomparable
9,3308,incomparable
9,3309,incomparable
9,3310,incomparable
9,3311,incomparable
9,3312,incomparable
9,3313,incomparable
9,3314,incomparable
9,3315,incomparable
9,3316,incomparable
9,3317,incomparable
9,3318,weaker
9,3319,weaker
9,3320,weaker
9,3321,incomparable
9,3322,incomparable
9,3323,incomparable
9,3324,incomparable
9,3325,incomparable
9,3326,incomparable
9,3327,incomparable
9,3328,incomparable
9,3329,incomparable
9,3330,incomparable
9,3331,incomparable
9,3332,incomparable
9,3333,incomparable
9,3334,incomparable
9,3335,incomparable
9,3336,incomparable
9,3337,incomparable
9,3338,incomparable
9,3339,incomparable
9,3340,incomparable
9,3341,incomparable
9,3342,incomparable
9,3343,incomparable
9,3344,incomparable
9,3345,incomparable
9,3346,incomparable
9,3347,incomparable
9,3348,incomparable
9,3349,incomparable
9,3350,incomparable
9,3351,incomparable
9,3352,incomparable
9,3353,incomparable
9,3354,incomparable
9,3355,incomparable
9,3356,incomparable
9,3357,incomparable
9,3358,incomparable
9,3359,incomparable
9,3360,incomparable
9,3361,incomparable
9,3362,incomparable
9,3363,incomparable
9,3364,incomparable
9,3365,incomparable
9,3366,incomparable
9,3367,incomparable
9,3368,incomparable
9,3369,incomparable
9,3370,incomparable
9,3371,incomparable
9,3372,incomparable
9,3373,incomparable
9,3374,incomparable
9,3375,incomparable
9,3376,incomparable
9,3377,incomparable
9,3378,incomparable
9,3379,incomparable
9,3380,incomparable
9,3381,incomparable
9,3382,incomparable
9,3383,incomparable
9,3384,incomparable
9,3385,incomparable
9,3386,incomparable
9,3387,incomparable
9,3388,incomparable
9,3389,incomparable
9,3390,incomparable
9,3391,incomparable
9,3392,incomparable
9,3393,incomparable
9,3394,incomparable
9,3395,incomparable
9,3396,incomparable
9,3397,incomparable
9,3398,incomparable
9,3399,incomparable
9,3400,incomparable
9,3401,incomparable
9,3402,incomparable
9,3403,incomparable
9,3404,incomparable
9,3405,incomparable
9,3406,incomparable
9,3407,incomparable
9,3408,incomparable
9,3409,incomparable
9,3410,incomparable
9,3411,incomparable
9,3412,incomparable
9,3413,incomparable
9,3414,incomparable
9,3415,incomparable
9,3416,incomparable
9,3417,incomparable
9,3418,incomparable
9,3419,incomparable
9,3420,incomparable
9,3421,incomparable
9,3422,incomparable
9,3423,incomparable
9,3424,incomparable
9,3425,incomparable
9,3426,incomparable
9,3427,incomparable
9,3428,incomparable
9,3429,incomparable
9,3430,incomparable
9,3431,incomparable
9,3432,incomparable
9,3433,incomparable
9,3434,incomparable
9,3435,incomparable
9,3436,incomparable
9,3437,incomparable
9,3438,incomparable
9,3439,incomparable
9,3440,incomparable
9,3441,incomparable
9,3442,incomparable
9,3443,incomparable
9,3444,incomparable
9,3445,incomparable
9,3446,incomparable
9,3447,incomparable
9,3448,incomparable
9,3449,incomparable
9,3450,incomparable
9,3451,incomparable
9,3452,incomparable
9,3453,incomparable
9,3454,incomparable
9,3455,incomparable
9,3456,weaker
9,3457,weaker
9,3458,incomparable
9,3459,incomparable
9,3460,incomparable
9,3461,incomparable
9,3462,incomparable
9,3463,incomparable
9,3464,incomparable
9,3465,incomparable
9,3466,incomparable
9,3467,incomparable
9,3468,incomparable
9,3469,incomparable
9,3470,incomparable
9,3471,incomparable
9,3472,incomparable
9,3473,incomparable
9,3474,incomparable
9,3475,incomparable
9,3476,incomparable
9,3477,incomparable
9,3478,incomparable
9,3479,incomparable
9,3480,incomparable
9,3481,incomparable
9,3482,incomparable
9,3483,incomparable
9,3484,incomparable
9,3485,incomparable
9,3486,incomparable
9,3487,incomparable
9,3488,incomparable
9,3489,incomparable
9,3490,incomparable
9,3491,incomparable
9,3492,incomparable
9,3493,incomparable
9,3494,incomparable
9,3495,incomparable
9,3496,incomparable
9,3497,incomparable
9,3498,incomparable
9,3499,incomparable
9,3500,incomparable
9,3501,incomparable
9,3502,incomparable
9,3503,incomparable
9,3504,incomparable
9,3505,incomparable
9,3506,incomparable
9,3507,incomparable
9,3508,incomparable
9,3509,incomparable
9,3510,incomparable
9,3511,incomparable
9,3512,incomparable
9,3513,incomparable
9,3514,incomparable
9,3515,incomparable
9,3516,incomparable
9,3517,incomparable
9,3518,incomparable
9,3519,incomparable
9,3520,incomparable
9,3521,incomparable
9,3522,weaker
9,3523,incomparable
9,3524,incomparable
9,3525,incomparable
9,3526,incomparable
9,3527,incomparable
9,3528,incomparable
9,3529,incomparable
9,3530,incomparable
9,3531,incomparable
9,3532,incomparable
9,3533,incomparable
9,3534,incomparable
9,3535,incomparable
9,3536,incomparable
9,3537,incomparable
9,3538,incomparable
9,3539,incomparable
9,3540,incomparable
9,3541,incomparable
9,3542,incomparable
9,3543,incomparable
9,3544,incomparable
9,3545,incomparable
9,3546,incomparable
9,3547,incomparable
9,3548,incomparable
9,3549,incomparable
9,3550,incomparable
9,3551,incomparable
9,3552,incomparable
9,3553,incomparable
9,3554,incomparable
9,3555,incomparable
9,3556,incomparable
9,3557,incomparable
9,3558,incomparable
9,3559,incomparable
9,3560,incomparable
9,3561,incomparable
9,3562,incomparable
9,3563,incomparable
9,3564,incomparable
9,3565,incomparable
9,3566,incomparable
9,3567,incomparable
9,3568,incomparable
9,3569,incomparable
9,3570,incomparable
9,3571,incomparable
9,3572,incomparable
9,3573,incomparable
9,3574,incomparable
9,3575,incomparable
9,3576,incomparable
9,3577,incomparable
9,3578,incomparable
9,3579,incomparable
9,3580,incomparable
9,3581,incomparable
9,3582,incomparable
9,3583,incomparable
9,3584,incomparable
9,3585,incomparable
9,3586,incomparable
9,3587,incomparable
9,3588,incomparable
9,3589,incomparable
9,3590,incomparable
9,3591,incomparable
9,3592,incomparable
9,3593,incomparable
9,3594,incomparable
9,3595,incomparable
9,3596,incomparable
9,3597,incomparable
9,3598,incomparable
9,3599,incomparable
9,3600,incomparable
9,3601,incomparable
9,3602,incomparable
9,3603,incomparable
9,3604,incomparable
9,3605,incomparable
9,3606,incomparable
9,3607,incomparable
9,3608,incomparable
9,3609,incomparable
9,3610,incomparable
9,3611,incomparable
9,3612,incomparable
9,3613,incomparable
9,3614,incomparable
9,3615,incomparable
9,3616,incomparable
9,3617,incomparable
9,3618,incomparable
9,3619,incomparable
9,3620,incomparable
9,3621,incomparable
9,3622,incomparable
9,3623,incomparable
9,3624,incomparable
9,3625,incomparable
9,3626,incomparable
9,3627,incomparable
9,3628,incomparable
9,3629,incomparable
9,3630,incomparable
9,3631,incomparable
9,3632,incomparable
9,3633,incomparable
9,3634,incomparable
9,3635,incomparable
9,3636,incomparable
9,3637,incomparable
9,3638,incomparable
9,3639,incomparable
9,3640,incomparable
9,3641,incomparable
9,3642,incomparable
9,3643,incomparable
9,3644,incomparable
9,3645,incomparable
9,3646,incomparable
9,3647,incomparable
9,3648,incomparable
9,3649,incomparable
9,3650,incomparable
9,3651,incomparable
9,3652,incomparable
9,3653,incomparable
9,3654,incomparable
9,3655,incomparable
9,3656,incomparable
9,3657,incomparable
9,3658,incomparable
9,3659,weaker
9,3660,weaker
9,3661,incomparable
9,3662,incomparable
9,3663,incomparable
9,3664,incomparable
9,3665,incomparable
9,3666,incomparable
9,3667,incomparable
9,3668,incomparable
9,3669,incomparable
9,3670,incomparable
9,3671,incomparable
9,3672,incomparable
9,3673,incomparable
9,3674,incomparable
9,3675,incomparable
9,3676,incomparable
9,3677,incomparable
9,3678,incomparable
9,3679,incomparable
9,3680,incomparable
9,3681,incomparable
9,3682,incomparable
9,3683,incomparable
9,3684,incomparable
9,3685,incomparable
9,3686,incomparable
9,3687,incomparable
9,3688,incomparable
9,3689,incomparable
9,3690,incomparable
9,3691,incomparable
9,3692,incomparable
9,3693,incomparable
9,3694,incomparable
9,3695,incomparable
9,3696,incomparable
9,3697,incomparable
9,3698,incomparable
9,3699,incomparable
9,3700,incomparable
9,3701,incomparable
9,3702,incomparable
9,3703,incomparable
9,3704,incomparable
9,3705,incomparable
9,3706,incomparable
9,3707,incomparable
9,3708,incomparable
9,3709,incomparable
9,3710,incomparable
9,3711,incomparable
9,3712,incomparable
9,3713,incomparable
9,3714,incomparable
9,3715,weaker
9,3716,incomparable
9,3717,incomparable
9,3718,incomparable
9,3719,incomparable
9,3720,incomparable
9,3721,incomparable
9,3722,weaker
9,3723,incomparable
9,3724,incomparable
9,3725,incomparable
9,3726,incomparable
9,3727,incomparable
9,3728,incomparable
9,3729,incomparable
9,3730,incomparable
9,3731,incomparable
9,3732,incomparable
9,3733,incomparable
9,3734,incomparable
9,3735,incomparable
9,3736,incomparable
9,3737,incomparable
9,3738,incomparable
9,3739,incomparable
9,3740,incomparable
9,3741,incomparable
9,3742,incomparable
9,3743,incomparable
9,3744,incomparable
9,3745,incomparable
9,3746,incomparable
9,3747,incomparable
9,3748,incomparable
9,3749,incomparable
9,3750,incomparable
9,3751,incomparable
9,3752,incomparable
9,3753,incomparable
9,3754,incomparable
9,3755,incomparable
9,3756,incomparable
9,3757,incomparable
9,3758,incomparable
9,3759,incomparable
9,3760,incomparable
9,3761,incomparable
9,3762,incomparable
9,3763,incomparable
9,3764,incomparable
9,3765,incomparable
9,3766,incomparable
9,3767,incomparable
9,3768,incomparable
9,3769,incomparable
9,3770,incomparable
9,3771,incomparable
9,3772,incomparable
9,3773,incomparable
9,3774,incomparable
9,3775,incomparable
9,3776,incomparable
9,3777,incomparable
9,3778,incomparable
9,3779,incomparable
9,3780,incomparable
9,3781,incomparable
9,3782,incomparable
9,3783,incomparable
9,3784,incomparable
9,3785,incomparable
9,3786,incomparable
9,3787,incomparable
9,3788,incomparable
9,3789,incomparable
9,3790,incomparable
9,3791,incomparable
9,3792,incomparable
9,3793,incomparable
9,3794,incomparable
9,3795,incomparable
9,3796,incomparable
9,3797,incomparable
9,3798,incomparable
9,3799,incomparable
9,3800,incomparable
9,3801,incomparable
9,3802,incomparable
9,3803,incomparable
9,3804,incomparable
9,3805,incomparable
9,3806,incomparable
9,3807,incomparable
9,3808,incomparable
9,3809,incomparable
9,3810,incomparable
9,3811,incomparable
9,3812,incomparable
9,3813,incomparable
9,3814,incomparable
9,3815,incomparable
9,3816,incomparable
9,3817,incomparable
9,3818,incomparable
9,3819,incomparable
9,3820,incomparable
9,3821,incomparable
9,3822,incomparable
9,3823,incomparable
9,3824,incomparable
9,3825,incomparable
9,3826,incomparable
9,3827,incomparable
9,3828,incomparable
9,3829,incomparable
9,3830,incomparable
9,3831,incomparable
9,3832,incomparable
9,3833,incomparable
9,3834,incomparable
9,3835,incomparable
9,3836,incomparable
9,3837,incomparable
9,3838,incomparable
9,3839,incomparable
9,3840,incomparable
9,3841,incomparable
9,3842,incomparable
9,3843,incomparable
9,3844,incomparable
9,3845,incomparable
9,3846,incomparable
9,3847,incomparable
9,3848,incomparable
9,3849,incomparable
9,3850,incomparable
9,3851,incomparable
9,3852,incomparable
9,3853,incomparable
9,3854,incomparable
9,3855,incomparable
9,3856,incomparable
9,3857,incomparable
9,3858,incomparable
9,3859,incomparable
9,3860,incomparable
9,3861,incomparable
9,3862,weaker
9,3863,incomparable
9,3864,weaker
9,3865,incomparable
9,3866,incomparable
9,3867,incomparable
9,3868,incomparable
9,3869,incomparable
9,3870,incomparable
9,3871,incomparable
9,3872,incomparable
9,3873,incomparable
9,3874,incomparable
9,3875,incomparable
9,3876,incomparable
9,3877,incomparable
9,3878,incomparable
9,3879,incomparable
9,3880,incomparable
9,3881,incomparable
9,3882,incomparable
9,3883,incomparable
9,3884,incomparable
9,3885,incomparable
9,3886,incomparable
9,3887,incomparable
9,3888,incomparable
9,3889,incomparable
9,3890,incomparable
9,3891,incomparable
9,3892,incomparable
9,3893,incomparable
9,3894,incomparable
9,3895,incomparable
9,3896,incomparable
9,3897,incomparable
9,3898,incomparable
9,3899,incomparable
9,3900,incomparable
9,3901,incomparable
9,3902,incomparable
9,3903,incomparable
9,3904,incomparable
9,3905,incomparable
9,3906,incomparable
9,3907,incomparable
9,3908,incomparable
9,3909,incomparable
9,3910,incomparable
9,3911,incomparable
9,3912,incomparable
9,3913,incomparable
9,3914,incomparable
9,3915,weaker
9,3916,incomparable
9,3917,incomparable
9,3918,weaker
9,3919,incomparable
9,3920,incomparable
9,3921,weaker
9,3922,incomparable
9,3923,incomparable
9,3924,incomparable
9,3925,incomparable
9,3926,incomparable
9,3927,incomparable
9,3928,incomparable
9,3929,incomparable
9,3930,incomparable
9,3931,incomparable
9,3932,incomparable
9,3933,incomparable
9,3934,incomparable
9,3935,incomparable
9,3936,incomparable
9,3937,incomparable
9,3938,incomparable
9,3939,incomparable
9,3940,incomparable
9,3941,incomparable
9,3942,incomparable
9,3943,incomparable
9,3944,incomparable
9,3945,incomparable
9,3946,incomparable
9,3947,incomparable
9,3948,incomparable
9,3949,incomparable
9,3950,incomparable
9,3951,incomparable
9,3952,incomparable
9,3953,incomparable
9,3954,incomparable
9,3955,incomparable
9,3956,incomparable
9,3957,incomparable
9,3958,incomparable
9,3959,incomparable
9,3960,incomparable
9,3961,incomparable
9,3962,incomparable
9,3963,incomparable
9,3964,incomparable
9,3965,incomparable
9,3966,incomparable
9,3967,incomparable
9,3968,incomparable
9,3969,incomparable
9,3970,incomparable
9,3971,incomparable
9,3972,incomparable
9,3973,incomparable
9,3974,incomparable
9,3975,incomparable
9,3976,incomparable
9,3977,incomparable
9,3978,incomparable
9,3979,incomparable
9,3980,incomparable
9,3981,incomparable
9,3982,incomparable
9,3983,incomparable
9,3984,incomparable
9,3985,incomparable
9,3986,incomparable
9,3987,incomparable
9,3988,incomparable
9,3989,incomparable
9,3990,incomparable
9,3991,incomparable
9,3992,incomparable
9,3993,incomparable
9,3994,incomparable
9,3995,incomparable
9,3996,incomparable
9,3997,incomparable
9,3998,incomparable
9,3999,incomparable
9,4000,incomparable
9,4001,incomparable
9,4002,incomparable
9,4003,incomparable
9,4004,incomparable
9,4005,incomparable
9,4006,incomparable
9,4007,incomparable
9,4008,incomparable
9,4009,incomparable
9,4010,incomparable
9,4011,incomparable
9,4012,incomparable
9,4013,incomparable
9,4014,incomparable
9,4015,incomparable
9,4016,incomparable
9,4017,incomparable
9,4018,incomparable
9,4019,incomparable
9,4020,incomparable
9,4021,incomparable
9,4022,incomparable
9,4023,incomparable
9,4024,incomparable
9,4025,incomparable
9,4026,incomparable
9,4027,incomparable
9,4028,incomparable
9,4029,incomparable
9,4030,incomparable
9,4031,incomparable
9,4032,incomparable
9,4033,incomparable
9,4034,incomparable
9,4035,incomparable
9,4036,incomparable
9,4037,incomparable
9,4038,incomparable
9,4039,incomparable
9,4040,incomparable
9,4041,incomparable
9,4042,incomparable
9,4043,incomparable
9,4044,incomparable
9,4045,incomparable
9,4046,incomparable
9,4047,incomparable
9,4048,incomparable
9,4049,incomparable
9,4050,incomparable
9,4051,incomparable
9,4052,incomparable
9,4053,incomparable
9,4054,incomparable
9,4055,incomparable
9,4056,incomparable
9,4057,incomparable
9,4058,incomparable
9,4059,incomparable
9,4060,incomparable
9,4061,incomparable
9,4062,incomparable
9,4063,incomparable
9,4064,incomparable
9,4065,weaker
9,4066,incomparable
9,4067,incomparable
9,4068,incomparable
9,4069,incomparable
9,4070,incomparable
9,4071,incomparable
9,4072,incomparable
9,4073,incomparable
9,4074,incomparable
9,4075,incomparable
9,4076,incomparable
9,4077,incomparable
9,4078,incomparable
9,4079,incomparable
9,4080,incomparable
9,4081,incomparable
9,4082,incomparable
9,4083,incomparable
9,4084,incomparable
9,4085,incomparable
9,4086,incomparable
9,4087,incomparable
9,4088,incomparable
9,4089,incomparable
9,4090,incomparable
9,4091,incomparable
9,4092,incomparable
9,4093,incomparable
9,4094,incomparable
9,4095,incomparable
9,4096,incomparable
9,4097,incomparable
9,4098,incomparable
9,4099,incomparable
9,4100,incomparable
9,4101,incomparable
9,4102,incomparable
9,4103,incomparable
9,4104,incomparable
9,4105,incomparable
9,4106,incomparable
9,4107,incomparable
9,4108,incomparable
9,4109,incomparable
9,4110,incomparable
9,4111,incomparable
9,4112,incomparable
9,4113,incomparable
9,4114,incomparable
9,4115,incomparable
9,4116,incomparable
9,4117,incomparable
9,4118,weaker
9,4119,incomparable
9,4120,incomparable
9,4121,incomparable
9,4122,incomparable
9,4123,incomparable
9,4124,incomparable
9,4125,incomparable
9,4126,incomparable
9,4127,incomparable
9,4128,incomparable
9,4129,incomparable
9,4130,incomparable
9,4131,incomparable
9,4132,incomparable
9,4133,incomparable
9,4134,incomparable
9,4135,incomparable
9,4136,incomparable
9,4137,incomparable
9,4138,incomparable
9,4139,incomparable
9,4140,incomparable
9,4141,incomparable
9,4142,incomparable
9,4143,incomparable
9,4144,incomparable
9,4145,incomparable
9,4146,incomparable
9,4147,incomparable
9,4148,incomparable
9,4149,incomparable
9,4150,incomparable
9,4151,incomparable
9,4152,incomparable
9,4153,incomparable
9,4154,incomparable
9,4155,incomparable
9,4156,incomparable
9,4157,incomparable
9,4158,incomparable
9,4159,incomparable
9,4160,incomparable
9,4161,incomparable
9,4162,incomparable
9,4163,incomparable
9,4164,incomparable
9,4165,incomparable
9,4166,incomparable
9,4167,incomparable
9,4168,incomparable
9,4169,incomparable
9,4170,incomparable
9,4171,incomparable
9,4172,incomparable
9,4173,incomparable
9,4174,incomparable
9,4175,incomparable
9,4176,incomparable
9,4177,incomparable
9,4178,incomparable
9,4179,incomparable
9,4180,incomparable
9,4181,incomparable
9,4182,incomparable
9,4183,incomparable
9,4184,incomparable
9,4185,incomparable
9,4186,incomparable
9,4187,incomparable
9,4188,incomparable
9,4189,incomparable
9,4190,incomparable
9,4191,incomparable
9,4192,incomparable
9,4193,incomparable
9,4194,incomparable
9,4195,incomparable
9,4196,incomparable
9,4197,incomparable
9,4198,incomparable
9,4199,incomparable
9,4200,incomparable
9,4201,incomparable
9,4202,incomparable
9,4203,incomparable
9,4204,incomparable
9,4205,incomparable
9,4206,incomparable
9,4207,incomparable
9,4208,incomparable
9,4209,incomparable
9,4210,incomparable
9,4211,incomparable
9,4212,incomparable
9,4213,incomparable
9,4214,incomparable
9,4215,incomparable
9,4216,incomparable
9,4217,incomparable
9,4218,incomparable
9,4219,incomparable
9,4220,incomparable
9,4221,incomparable
9,4222,incomparable
9,4223,incomparable
9,4224,incomparable
9,4225,incomparable
9,4226,incomparable
9,4227,incomparable
9,4228,incomparable
9,4229,incomparable
9,4230,incomparable
9,4231,incomparable
9,4232,incomparable
9,4233,incomparable
9,4234,incomparable
9,4235,incomparable
9,4236,incomparable
9,4237,incomparable
9,4238,incomparable
9,4239,incomparable
9,4240,incomparable
9,4241,incomparable
9,4242,incomparable
9,4243,incomparable
9,4244,incomparable
9,4245,incomparable
9,4246,incomparable
9,4247,incomparable
9,4248,incomparable
9,4249,incomparable
9,4250,incomparable
9,4251,incomparable
9,4252,incomparable
9,4253,incomparable
9,4254,incomparable
9,4255,incomparable
9,4256,incomparable
9,4257,incomparable
9,4258,incomparable
9,4259,incomparable
9,4260,incomparable
9,4261,incomparable
9,4262,incomparable
9,4263,incomparable
9,4264,incomparable
9,4265,incomparable
9,4266,incomparable
9,4267,incomparable
9,4268,weaker
9,4269,incomparable
9,4270,incomparable
9,4271,incomparable
9,4272,incomparable
9,4273,incomparable
9,4274,incomparable
9,4275,incomparable
9,4276,incomparable
9,4277,incomparable
9,4278,incomparable
9,4279,incomparable
9,4280,incomparable
9,4281,incomparable
9,4282,weaker
9,4283,incomparable
9,4284,incomparable
9,4285,incomparable
9,4286,incomparable
9,4287,incomparable
9,4288,incomparable
9,4289,incomparable
9,4290,incomparable
9,4291,incomparable
9,4292,incomparable
9,4293,incomparable
9,4294,incomparable
9,4295,incomparable
9,4296,incomparable
9,4297,incomparable
9,4298,incomparable
9,4299,incomparable
9,4300,incomparable
9,4301,incomparable
9,4302,incomparable
9,4303,incomparable
9,4304,incomparable
9,4305,incomparable
9,4306,incomparable
9,4307,incomparable
9,4308,incomparable
9,4309,incomparable
9,4310,incomparable
9,4311,incomparable
9,4312,incomparable
9,4313,incomparable
9,4314,incomparable
9,4315,incomparable
9,4316,incomparable
9,4317,incomparable
9,4318,incomparable
9,4319,incomparable
9,4320,incomparable
9,4321,incomparable
9,4322,incomparable
9,4323,incomparable
9,4324,incomparable
9,4325,incomparable
9,4326,incomparable
9,4327,incomparable
9,4328,incomparable
9,4329,incomparable
9,4330,incomparable
9,4331,incomparable
9,4332,incomparable
9,4333,incomparable
9,4334,incomparable
9,4335,incomparable
9,4336,incomparable
9,4337,incomparable
9,4338,incomparable
9,4339,incomparable
9,4340,incomparable
9,4341,incomparable
9,4342,incomparable
9,4343,incomparable
9,4344,incomparable
9,4345,incomparable
9,4346,incomparable
9,4347,incomparable
9,4348,incomparable
9,4349,incomparable
9,4350,incomparable
9,4351,incomparable
9,4352,incomparable
9,4353,incomparable
9,4354,incomparable
9,4355,incomparable
9,4356,incomparable
9,4357,incomparable
9,4358,incomparable
9,4359,incomparable
9,4360,incomparable
9,4361,incomparable
9,4362,incomparable
9,4363,incomparable
9,4364,incomparable
9,4365,incomparable
9,4366,incomparable
9,4367,incomparable
9,4368,incomparable
9,4369,incomparable
9,4370,incomparable
9,4371,incomparable
9,4372,incomparable
9,4373,incomparable
9,4374,incomparable
9,4375,incomparable
9,4376,incomparable
9,4377,incomparable
9,4378,incomparable
9,4379,incomparable
9,4380,weaker
9,4381,incomparable
9,4382,incomparable
9,4383,incomparable
9,4384,incomparable
9,4385,incomparable
9,4386,incomparable
9,4387,incomparable
9,4388,incomparable
9,4389,incomparable
9,4390,incomparable
9,4391,incomparable
9,4392,incomparable
9,4393,incomparable
9,4394,incomparable
9,4395,weaker
9,4396,incomparable
9,4397,incomparable
9,4398,incomparable
9,4399,incomparable
9,4400,incomparable
9,4401,incomparable
9,4402,incomparable
9,4403,incomparable
9,4404,incomparable
9,4405,incomparable
9,4406,incomparable
9,4407,incomparable
9,4408,incomparable
9,4409,incomparable
9,4410,incomparable
9,4411,incomparable
9,4412,incomparable
9,4413,incomparable
9,4414,incomparable
9,4415,incomparable
9,4416,incomparable
9,4417,incomparable
9,4418,incomparable
9,4419,incomparable
9,4420,incomparable
9,4421,incomparable
9,4422,incomparable
9,4423,incomparable
9,4424,incomparable
9,4425,incomparable
9,4426,incomparable
9,4427,incomparable
9,4428,incomparable
9,4429,incomparable
9,4430,incomparable
9,4431,incomparable
9,4432,incomparable
9,4433,incomparable
9,4434,incomparable
9,4435,incomparable
9,4436,incomparable
9,4437,incomparable
9,4438,incomparable
9,4439,incomparable
9,4440,incomparable
9,4441,incomparable
9,4442,incomparable
9,4443,incomparable
9,4444,incomparable
9,4445,incomparable
9,4446,incomparable
9,4447,incomparable
9,4448,incomparable
9,4449,incomparable
9,4450,incomparable
9,4451,incomparable
9,4452,incomparable
9,4453,incomparable
9,4454,incomparable
9,4455,incomparable
9,4456,incomparable
9,4457,incomparable
9,4458,incomparable
9,4459,incomparable
9,4460,incomparable
9,4461,incomparable
9,4462,incomparable
9,4463,incomparable
9,4464,incomparable
9,4465,incomparable
9,4466,incomparable
9,4467,incomparable
9,4468,incomparable
9,4469,incomparable
9,4470,weaker
9,4471,incomparable
9,4472,incomparable
9,4473,incomparable
9,4474,incomparable
9,4475,incomparable
9,4476,incomparable
9,4477,incomparable
9,4478,incomparable
9,4479,incomparable
9,4480,incomparable
9,4481,incomparable
9,4482,incomparable
9,4483,incomparable
9,4484,incomparable
9,4485,incomparable
9,4486,incomparable
9,4487,incomparable
9,4488,incomparable
9,4489,incomparable
9,4490,incomparable
9,4491,incomparable
9,4492,incomparable
9,4493,incomparable
9,4494,incomparable
9,4495,incomparable
9,4496,incomparable
9,4497,incomparable
9,4498,incomparable
9,4499,incomparable
9,4500,incomparable
9,4501,incomparable
9,4502,incomparable
9,4503,incomparable
9,4504,incomparable
9,4505,incomparable
9,4506,incomparable
9,4507,incomparable
9,4508,incomparable
9,4509,incomparable
9,4510,incomparable
9,4511,incomparable
9,4512,incomparable
9,4513,incomparable
9,4514,incomparable
9,4515,incomparable
9,4516,incomparable
9,4517,incomparable
9,4518,incomparable
9,4519,incomparable
9,4520,incomparable
9,4521,incomparable
9,4522,incomparable
9,4523,incomparable
9,4524,incomparable
9,4525,incomparable
9,4526,incomparable
9,4527,incomparable
9,4528,incomparable
9,4529,incomparable
9,4530,incomparable
9,4531,incomparable
9,4532,incomparable
9,4533,incomparable
9,4534,incomparable
9,4535,incomparable
9,4536,incomparable
9,4537,incomparable
9,4538,incomparable
9,4539,incomparable
9,4540,incomparable
9,4541,incomparable
9,4542,incomparable
9,4543,incomparable
9,4544,incomparable
9,4545,incomparable
9,4546,incomparable
9,4547,incomparable
9,4548,incomparable
9,4549,incomparable
9,4550,incomparable
9,4551,incomparable
9,4552,incomparable
9,4553,incomparable
9,4554,incomparable
9,4555,incomparable
9,4556,incomparable
9,4557,incomparable
9,4558,incomparable
9,4559,incomparable
9,4560,incomparable
9,4561,incomparable
9,4562,incomparable
9,4563,incomparable
9,4564,incomparable
9,4565,incomparable
9,4566,incomparable
9,4567,incomparable
9,4568,incomparable
9,4569,incomparable
9,4570,incomparable
9,4571,incomparable
9,4572,incomparable
9,4573,incomparable
9,4574,incomparable
9,4575,incomparable
9,4576,incomparable
9,4577,incomparable
9,4578,incomparable
9,4579,incomparable
9,4580,incomparable
9,4581,incomparable
9,4582,incomparable
9,4583,incomparable
9,4584,incomparable
9,4585,incomparable
9,4586,incomparable
9,4587,incomparable
9,4588,incomparable
9,4589,incomparable
9,4590,incomparable
9,4591,incomparable
9,4592,incomparable
9,4593,incomparable
9,4594,incomparable
9,4595,incomparable
9,4596,incomparable
9,4597,incomparable
9,4598,incomparable
9,4599,incomparable
9,4600,incomparable
9,4601,incomparable
9,4602,incomparable
9,4603,incomparable
9,4604,incomparable
9,4605,incomparable
9,4606,incomparable
9,4607,incomparable
9,4608,incomparable
9,4609,incomparable
9,4610,incomparable
9,4611,incomparable
9,4612,incomparable
9,4613,incomparable
9,4614,incomparable
9,4615,incomparable
9,4616,incomparable
9,4617,incomparable
9,4618,incomparable
9,4619,incomparable
9,4620,incomparable
9,4621,incomparable
9,4622,incomparable
9,4623,incomparable
9,4624,incomparable
9,4625,incomparable
9,4626,incomparable
9,4627,incomparable
9,4628,incomparable
9,4629,incomparable
9,4630,incomparable
9,4631,incomparable
9,4632,incomparable
9,4633,incomparable
9,4634,incomparable
9,4635,incomparable
9,4636,incomparable
9,4637,incomparable
9,4638,incomparable
9,4639,incomparable
9,4640,incomparable
9,4641,incomparable
9,4642,incomparable
9,4643,incomparable
9,4644,incomparable
9,4645,incomparable
9,4646,incomparable
9,4647,incomparable
9,4648,incomparable
9,4649,incomparable
9,4650,incomparable
9,4651,incomparable
9,4652,incomparable
9,4653,incomparable
9,4654,incomparable
9,4655,incomparable
9,4656,incomparable
9,4657,incomparable
9,4658,incomparable
9,4659,incomparable
9,4660,incomparable
9,4661,incomparable
9,4662,incomparable
9,4663,incomparable
9,4664,incomparable
9,4665,incomparable
9,4666,incomparable
9,4667,incomparable
9,4668,incomparable
9,4669,incomparable
9,4670,incomparable
9,4671,incomparable
9,4672,incomparable
9,4673,incomparable
9,4674,incomparable
9,4675,incomparable
9,4676,incomparable
9,4677,incomparable
9,4678,incomparable
9,4679,incomparable
9,4680,incomparable
9,4681,incomparable
9,4682,incomparable
9,4683,incomparable
9,4684,incomparable
9,4685,incomparable
9,4686,incomparable
9,4687,incomparable
9,4688,incomparable
9,4689,incomparable
9,4690,incomparable
9,4691,incomparable
9,4692,incomparable
9,4693,incomparable
9,4694,incomparable
10,1,weaker
10,2,stronger
10,3,incomparable
10,4,stronger
10,5,stronger
10,6,stronger
10,7,stronger
10,8,weaker
10,9,incomparable
10,10,equivalent
10,11,incomparable
10,12,stronger
10,13,stronger
10,14,incomparable
10,15,stronger
10,16,incomparable
10,17,stronger
10,18,stronger
10,19,stronger
10,20,stronger
10,21,stronger
10,22,stronger
10,23,incomparable
10,24,incomparable
10,25,incomparable
10,26,incomparable
10,27,incomparable
10,28,incomparable
10,29,incomparable
10,30,stronger
10,31,incomparable
10,32,stronger
10,33,stronger
10,34,stronger
10,35,stronger
10,36,stronger
10,37,stronger
10,38,incomparable
10,39,incomparable
10,40,incomparable
10,41,incomparable
10,42,incomparable
10,43,incomparable
10,44,incomparable
10,45,incomparable
10,46,incomparable
10,47,incomparable
10,48,incomparable
10,49,incomparable
10,50,incomparable
10,51,incomparable
10,52,incomparable
10,53,incomparable
10,54,stronger
10,55,incomparable
10,56,incomparable
10,57,stronger
10,58,incomparable
10,59,stronger
10,60,stronger
10,61,stronger
10,62,incomparable
10,63,incomparable
10,64,stronger
10,65,incomparable
10,66,incomparable
10,67,stronger
10,68,incomparable
10,69,stronger
10,70,stronger
10,71,stronger
10,72,incomparable
10,73,incomparable
10,74,stronger
10,75,incomparable
10,76,stronger
10,77,stronger
10,78,incomparable
10,79,stronger
10,80,stronger
10,81,stronger
10,82,incomparable
10,83,stronger
10,84,stronger
10,85,stronger
10,86,incomparable
10,87,stronger
10,88,stronger
10,89,stronger
10,90,incomparable
10,91,stronger
10,92,stronger
10,93,stronger
10,94,incomparable
10,95,stronger
10,96,stronger
10,97,stronger
10,98,stronger
10,99,weaker
10,100,incomparable
10,101,weaker
10,102,incomparable
10,103,incomparable
10,104,weaker
10,105,incomparable
10,106,stronger
10,107,weaker
10,108,incomparable
10,109,incomparable
10,110,equivalent
10,111,incomparable
10,112,stronger
10,113,stronger
10,114,stronger
10,115,incomparable
10,116,stronger
10,117,incomparable
10,118,incomparable
10,119,stronger
10,120,stronger
10,121,stronger
10,122,stronger
10,123,stronger
10,124,incomparable
10,125,incomparable
10,126,stronger
10,127,incomparable
10,128,stronger
10,129,stronger
10,130,stronger
10,131,stronger
10,132,stronger
10,133,stronger
10,134,stronger
10,135,stronger
10,136,stronger
10,137,stronger
10,138,incomparable
10,139,stronger
10,140,stronger
10,141,stronger
10,142,stronger
10,143,stronger
10,144,stronger
10,145,stronger
10,146,stronger
10,147,stronger
10,148,stronger
10,149,stronger
10,150,stronger
10,151,incomparable
10,152,incomparable
10,153,incomparable
10,154,incomparable
10,155,incomparable
10,156,incomparable
10,157,incomparable
10,158,incomparable
10,159,incomparable
10,160,incomparable
10,161,incomparable
10,162,incomparable
10,163,incomparable
10,164,incomparable
10,165,incomparable
10,166,incomparable
10,167,incomparable
10,168,incomparable
10,169,stronger
10,170,incomparable
10,171,stronger
10,172,stronger
10,173,stronger
10,174,stronger
10,175,stronger
10,176,stronger
10,177,incomparable
10,178,stronger
10,179,incomparable
10,180,stronger
10,181,stronger
10,182,stronger
10,183,stronger
10,184,stronger
10,185,stronger
10,186,stronger
10,187,stronger
10,188,stronger
10,189,stronger
10,190,stronger
10,191,stronger
10,192,stronger
10,193,stronger
10,194,incomparable
10,195,stronger
10,196,stronger
10,197,stronger
10,198,stronger
10,199,stronger
10,200,stronger
10,201,stronger
10,202,stronger
10,203,incomparable
10,204,incomparable
10,205,incomparable
10,206,incomparable
10,207,incomparable
10,208,incomparable
10,209,incomparable
10,210,incomparable
10,211,incomparable
10,212,incomparable
10,213,incomparable
10,214,incomparable
10,215,incomparable
10,216,incomparable
10,217,incomparable
10,218,incomparable
10,219,incomparable
10,220,stronger
10,221,incomparable
10,222,incomparable
10,223,stronger
10,224,incomparable
10,225,stronger
10,226,stronger
10,227,stronger
10,228,incomparable
10,229,incomparable
10,230,stronger
10,231,incomparable
10,232,stronger
10,233,stronger
10,234,stronger
10,235,stronger
10,236,stronger
10,237,stronger
10,238,incomparable
10,239,stronger
10,240,stronger
10,241,stronger
10,242,incomparable
10,243,stronger
10,244,stronger
10,245,stronger
10,246,incomparable
10,247,stronger
10,248,stronger
10,249,stronger
10,250,stronger
10,251,stronger
10,252,stronger
10,253,stronger
10,254,stronger
10,255,incomparable
10,256,incomparable
10,257,incomparable
10,258,incomparable
10,259,incomparable
10,260,incomparable
10,261,incomparable
10,262,incomparable
10,263,incomparable
10,264,incomparable
10,265,incomparable
10,266,incomparable
10,267,incomparable
10,268,incomparable
10,269,incomparable
10,270,incomparable
10,271,incomparable
10,272,stronger
10,273,incomparable
10,274,incomparable
10,275,stronger
10,276,stronger
10,277,stronger
10,278,stronger
10,279,stronger
10,280,incomparable
10,281,incomparable
10,282,stronger
10,283,incomparable
10,284,stronger
10,285,stronger
10,286,stronger
10,287,stronger
10,288,stronger
10,289,stronger
10,290,incomparable
10,291,stronger
10,292,stronger
10,293,stronger
10,294,stronger
10,295,stronger
10,296,stronger
10,297,stronger
10,298,stronger
10,299,stronger
10,300,stronger
10,301,stronger
10,302,stronger
10,303,stronger
10,304,stronger
10,305,stronger
10,306,stronger
10,307,incomparable
10,308,incomparable
10,309,incomparable
10,310,incomparable
10,311,incomparable
10,312,incomparable
10,313,incomparable
10,314,incomparable
10,315,incomparable
10,316,incomparable
10,317,incomparable
10,318,incomparable
10,319,incomparable
10,320,incomparable
10,321,incomparable
10,322,incomparable
10,323,incomparable
10,324,incomparable
10,325,incomparable
10,326,incomparable
10,327,incomparable
10,328,incomparable
10,329,incomparable
10,330,incomparable
10,331,incomparable
10,332,incomparable
10,333,incomparable
10,334,incomparable
10,335,incomparable
10,336,incomparable
10,337,incomparable
10,338,incomparable
10,339,incomparable
10,340,incomparable
10,341,incomparable
10,342,incomparable
10,343,incomparable
10,344,incomparable
10,345,incomparable
10,346,incomparable
10,347,incomparable
10,348,incomparable
10,349,incomparable
10,350,incomparable
10,351,incomparable
10,352,incomparable
10,353,incomparable
10,354,incomparable
10,355,incomparable
10,356,incomparable
10,357,incomparable
10,358,incomparable
10,359,weaker
10,360,incomparable
10,361,incomparable
10,362,incomparable
10,363,incomparable
10,364,incomparable
10,365,incomparable
10,366,incomparable
10,367,incomparable
10,368,incomparable
10,369,incomparable
10,370,incomparable
10,371,incomparable
10,372,incomparable
10,373,incomparable
10,374,incomparable
10,375,incomparable
10,376,incomparable
10,377,incomparable
10,378,weaker
10,379,incomparable
10,380,incomparable
10,381,incomparable
10,382,incomparable
10,383,incomparable
10,384,incomparable
10,385,incomparable
10,386,incomparable
10,387,incomparable
10,388,incomparable
10,389,incomparable
10,390,incomparable
10,391,incomparable
10,392,incomparable
10,393,incomparable
10,394,incomparable
10,395,incomparable
10,396,incomparable
10,397,incomparable
10,398,incomparable
10,399,incomparable
10,400,incomparable
10,401,incomparable
10,402,incomparable
10,403,incomparable
10,404,incomparable
10,405,incomparable
10,406,incomparable
10,407,incomparable
10,408,incomparable
10,409,incomparable
10,410,incomparable
10,411,weaker
10,412,incomparable
10,413,weaker
10,414,incomparable
10,415,incomparable
10,416,incomparable
10,417,incomparable
10,418,incomparable
10,419,incomparable
10,420,incomparable
10,421,incomparable
10,422,incomparable
10,423,incomparable
10,424,incomparable
10,425,incomparable
10,426,weaker
10,427,incomparable
10,428,stronger
10,429,weaker
10,430,incomparable
10,431,stronger
10,432,weaker
10,433,stronger
10,434,stronger
10,435,stronger
10,436,incomparable
10,437,incomparable
10,438,stronger
10,439,incomparable
10,440,incomparable
10,441,stronger
10,442,incomparable
10,443,incomparable
10,444,incomparable
10,445,stronger
10,446,incomparable
10,447,stronger
10,448,stronger
10,449,stronger
10,450,incomparable
10,451,stronger
10,452,incomparable
10,453,stronger
10,454,incomparable
10,455,incomparable
10,456,stronger
10,457,stronger
10,458,incomparable
10,459,stronger
10,460,stronger
10,461,stronger
10,462,stronger
10,463,incomparable
10,464,incomparable
10,465,stronger
10,466,incomparable
10,467,incomparable
10,468,stronger
10,469,incomparable
10,470,stronger
10,471,stronger
10,472,stronger
10,473,incomparable
10,474,incomparable
10,475,stronger
10,476,incomparable
10,477,incomparable
10,478,stronger
10,479,incomparable
10,480,stronger
10,481,incomparable
10,482,stronger
10,483,incomparable
10,484,stronger
10,485,stronger
10,486,stronger
10,487,incomparable
10,488,stronger
10,489,incomparable
10,490,stronger
10,491,incomparable
10,492,incomparable
10,493,stronger
10,494,stronger
10,495,incomparable
10,496,stronger
10,497,stronger
10,498,stronger
10,499,stronger
10,500,incomparable
10,501,incomparable
10,502,stronger
10,503,incomparable
10,504,incomparable
10,505,stronger
10,506,incomparable
10,507,stronger
10,508,incomparable
10,509,stronger
10,510,incomparable
10,511,incomparable
10,512,stronger
10,513,incomparable
10,514,stronger
10,515,stronger
10,516,incomparable
10,517,stronger
10,518,stronger
10,519,stronger
10,520,incomparable
10,521,stronger
10,522,incomparable
10,523,stronger
10,524,incomparable
10,525,stronger
10,526,stronger
10,527,stronger
10,528,incomparable
10,529,stronger
10,530,stronger
10,531,stronger
10,532,incomparable
10,533,stronger
10,534,stronger
10,535,stronger
10,536,stronger
10,537,incomparable
10,538,stronger
10,539,stronger
10,540,stronger
10,541,incomparable
10,542,stronger
10,543,incomparable
10,544,stronger
10,545,incomparable
10,546,incomparable
10,547,stronger
10,548,stronger
10,549,incomparable
10,550,stronger
10,551,stronger
10,552,stronger
10,553,stronger
10,554,incomparable
10,555,stronger
10,556,incomparable
10,557,stronger
10,558,incomparable
10,559,stronger
10,560,stronger
10,561,stronger
10,562,incomparable
10,563,stronger
10,564,stronger
10,565,stronger
10,566,incomparable
10,567,stronger
10,568,stronger
10,569,stronger
10,570,stronger
10,571,incomparable
10,572,incomparable
10,573,stronger
10,574,stronger
10,575,incomparable
10,576,stronger
10,577,stronger
10,578,stronger
10,579,incomparable
10,580,stronger
10,581,stronger
10,582,stronger
10,583,incomparable
10,584,stronger
10,585,stronger
10,586,stronger
10,587,stronger
10,588,incomparable
10,589,stronger
10,590,stronger
10,591,stronger
10,592,stronger
10,593,incomparable
10,594,stronger
10,595,stronger
10,596,stronger
10,597,stronger
10,598,incomparable
10,599,stronger
10,600,stronger
10,601,stronger
10,602,stronger
10,603,incomparable
10,604,stronger
10,605,stronger
10,606,stronger
10,607,stronger
10,608,incomparable
10,609,stronger
10,610,stronger
10,611,stronger
10,612,stronger
10,613,stronger
10,614,incomparable
10,615,incomparable
10,616,incomparable
10,617,incomparable
10,618,incomparable
10,619,incomparable
10,620,incomparable
10,621,incomparable
10,622,incomparable
10,623,incomparable
10,624,incomparable
10,625,incomparable
10,626,incomparable
10,627,incomparable
10,628,incomparable
10,629,incomparable
10,630,incomparable
10,631,stronger
10,632,incomparable
10,633,incomparable
10,634,stronger
10,635,incomparable
10,636,stronger
10,637,stronger
10,638,stronger
10,639,incomparable
10,640,incomparable
10,641,stronger
10,642,incomparable
10,643,incomparable
10,644,stronger
10,645,incomparable
10,646,incomparable
10,647,incomparable
10,648,stronger
10,649,incomparable
10,650,stronger
10,651,stronger
10,652,stronger
10,653,incomparable
10,654,stronger
10,655,incomparable
10,656,stronger
10,657,incomparable
10,658,incomparable
10,659,stronger
10,660,stronger
10,661,incomparable
10,662,stronger
10,663,stronger
10,664,stronger
10,665,stronger
10,666,incomparable
10,667,incomparable
10,668,stronger
10,669,incomparable
10,670,incomparable
10,671,stronger
10,672,incomparable
10,673,stronger
10,674,stronger
10,675,stronger
10,676,incomparable
10,677,incomparable
10,678,stronger
10,679,incomparable
10,680,incomparable
10,681,stronger
10,682,incomparable
10,683,stronger
10,684,incomparable
10,685,stronger
10,686,incomparable
10,687,stronger
10,688,stronger
10,689,stronger
10,690,incomparable
10,691,stronger
10,692,incomparable
10,693,stronger
10,694,incomparable
10,695,incomparable
10,696,stronger
10,697,stronger
10,698,incomparable
10,699,stronger
10,700,stronger
10,701,stronger
10,702,stronger
10,703,incomparable
10,704,incomparable
10,705,stronger
10,706,incomparable
10,707,incomparable
10,708,stronger
10,709,incomparable
10,710,stronger
10,711,incomparable
10,712,stronger
10,713,incomparable
10,714,incomparable
10,715,stronger
10,716,incomparable
10,717,stronger
10,718,stronger
10,719,incomparable
10,720,stronger
10,721,stronger
10,722,stronger
10,723,incomparable
10,724,stronger
10,725,incomparable
10,726,stronger
10,727,incomparable
10,728,stronger
10,729,stronger
10,730,stronger
10,731,incomparable
10,732,stronger
10,733,stronger
10,734,stronger
10,735,incomparable
10,736,stronger
10,737,stronger
10,738,stronger
10,739,stronger
10,740,incomparable
10,741,stronger
10,742,stronger
10,743,stronger
10,744,incomparable
10,745,stronger
10,746,incomparable
10,747,stronger
10,748,incomparable
10,749,incomparable
10,750,stronger
10,751,stronger
10,752,incomparable
10,753,stronger
10,754,stronger
10,755,stronger
10,756,stronger
10,757,incomparable
10,758,stronger
10,759,incomparable
10,760,stronger
10,761,incomparable
10,762,stronger
10,763,stronger
10,764,stronger
10,765,incomparable
10,766,stronger
10,767,stronger
10,768,stronger
10,769,incomparable
10,770,stronger
10,771,stronger
10,772,stronger
10,773,stronger
10,774,incomparable
10,775,incomparable
10,776,stronger
10,777,stronger
10,778,incomparable
10,779,stronger
10,780,stronger
10,781,stronger
10,782,incomparable
10,783,stronger
10,784,stronger
10,785,stronger
10,786,incomparable
10,787,stronger
10,788,stronger
10,789,stronger
10,790,stronger
10,791,incomparable
10,792,stronger
10,793,stronger
10,794,stronger
10,795,stronger
10,796,incomparable
10,797,stronger
10,798,stronger
10,799,stronger
10,800,stronger
10,801,incomparable
10,802,stronger
10,803,stronger
10,804,stronger
10,805,stronger
10,806,incomparable
10,807,stronger
10,808,stronger
10,809,stronger
10,810,stronger
10,811,incomparable
10,812,stronger
10,813,stronger
10,814,stronger
10,815,stronger
10,816,stronger
10,817,incomparable
10,818,incomparable
10,819,incomparable
10,820,incomparable
10,821,incomparable
10,822,incomparable
10,823,incomparable
10,824,incomparable
10,825,incomparable
10,826,incomparable
10,827,incomparable
10,828,incomparable
10,829,incomparable
10,830,incomparable
10,831,incomparable
10,832,incomparable
10,833,incomparable
10,834,incomparable
10,835,incomparable
10,836,incomparable
10,837,incomparable
10,838,incomparable
10,839,stronger
10,840,stronger
10,841,stronger
10,842,incomparable
10,843,incomparable
10,844,incomparable
10,845,incomparable
10,846,incomparable
10,847,incomparable
10,848,incomparable
10,849,incomparable
10,850,incomparable
10,851,incomparable
10,852,incomparable
10,853,stronger
10,854,incomparable
10,855,stronger
10,856,incomparable
10,857,stronger
10,858,incomparable
10,859,stronger
10,860,incomparable
10,861,incomparable
10,862,stronger
10,863,stronger
10,864,incomparable
10,865,stronger
10,866,stronger
10,867,stronger
10,868,stronger
10,869,incomparable
10,870,incomparable
10,871,stronger
10,872,incomparable
10,873,incomparable
10,874,stronger
10,875,incomparable
10,876,stronger
10,877,stronger
10,878,stronger
10,879,incomparable
10,880,incomparable
10,881,stronger
10,882,incomparable
10,883,incomparable
10,884,stronger
10,885,incomparable
10,886,stronger
10,887,incomparable
10,888,stronger
10,889,incomparable
10,890,stronger
10,891,stronger
10,892,stronger
10,893,incomparable
10,894,stronger
10,895,incomparable
10,896,stronger
10,897,incomparable
10,898,incomparable
10,899,stronger
10,900,stronger
10,901,incomparable
10,902,stronger
10,903,stronger
10,904,stronger
10,905,stronger
10,906,incomparable
10,907,incomparable
10,908,stronger
10,909,incomparable
10,910,incomparable
10,911,stronger
10,912,incomparable
10,913,stronger
10,914,incomparable
10,915,stronger
10,916,incomparable
10,917,incomparable
10,918,stronger
10,919,incomparable
10,920,stronger
10,921,stronger
10,922,incomparable
10,923,stronger
10,924,stronger
10,925,stronger
10,926,incomparable
10,927,stronger
10,928,incomparable
10,929,stronger
10,930,incomparable
10,931,stronger
10,932,stronger
10,933,stronger
10,934,incomparable
10,935,stronger
10,936,stronger
10,937,stronger
10,938,incomparable
10,939,stronger
10,940,stronger
10,941,stronger
10,942,stronger
10,943,incomparable
10,944,stronger
10,945,stronger
10,946,stronger
10,947,incomparable
10,948,stronger
10,949,incomparable
10,950,stronger
10,951,incomparable
10,952,incomparable
10,953,stronger
10,954,stronger
10,955,incomparable
10,956,stronger
10,957,stronger
10,958,stronger
10,959,stronger
10,960,incomparable
10,961,stronger
10,962,incomparable
10,963,stronger
10,964,incomparable
10,965,stronger
10,966,stronger
10,967,stronger
10,968,incomparable
10,969,stronger
10,970,stronger
10,971,stronger
10,972,incomparable
10,973,stronger
10,974,stronger
10,975,stronger
10,976,stronger
10,977,incomparable
10,978,incomparable
10,979,stronger
10,980,stronger
10,981,incomparable
10,982,stronger
10,983,stronger
10,984,stronger
10,985,incomparable
10,986,stronger
10,987,stronger
10,988,stronger
10,989,incomparable
10,990,stronger
10,991,stronger
10,992,stronger
10,993,stronger
10,994,incomparable
10,995,stronger
10,996,stronger
10,997,stronger
10,998,stronger
10,999,incomparable
10,1000,stronger
10,1001,stronger
10,1002,stronger
10,1003,stronger
10,1004,incomparable
10,1005,stronger
10,1006,stronger
10,1007,stronger
10,1008,stronger
10,1009,incomparable
10,1010,stronger
10,1011,stronger
10,1012,stronger
10,1013,stronger
10,1014,incomparable
10,1015,stronger
10,1016,stronger
10,1017,stronger
10,1018,stronger
10,1019,stronger
10,1020,weaker
10,1021,incomparable
10,1022,weaker
10,1023,incomparable
10,1024,incomparable
10,1025,weaker
10,1026,incomparable
10,1027,incomparable
10,1028,weaker
10,1029,incomparable
10,1030,incomparable
10,1031,weaker
10,1032,incomparable
10,1033,incomparable
10,1034,incomparable
10,1035,weaker
10,1036,incomparable
10,1037,stronger
10,1038,weaker
10,1039,incomparable
10,1040,stronger
10,1041,weaker
10,1042,incomparable
10,1043,stronger
10,1044,stronger
10,1045,weaker
10,1046,incomparable
10,1047,stronger
10,1048,weaker
10,1049,incomparable
10,1050,incomparable
10,1051,weaker
10,1052,incomparable
10,1053,incomparable
10,1054,stronger
10,1055,weaker
10,1056,incomparable
10,1057,stronger
10,1058,stronger
10,1059,equivalent
10,1060,incomparable
10,1061,incomparable
10,1062,stronger
10,1063,weaker
10,1064,incomparable
10,1065,stronger
10,1066,stronger
10,1067,equivalent
10,1068,incomparable
10,1069,stronger
10,1070,stronger
10,1071,stronger
10,1072,stronger
10,1073,incomparable
10,1074,stronger
10,1075,incomparable
10,1076,incomparable
10,1077,stronger
10,1078,stronger
10,1079,stronger
10,1080,stronger
10,1081,stronger
10,1082,incomparable
10,1083,incomparable
10,1084,stronger
10,1085,incomparable
10,1086,incomparable
10,1087,stronger
10,1088,stronger
10,1089,stronger
10,1090,incomparable
10,1091,stronger
10,1092,stronger
10,1093,stronger
10,1094,stronger
10,1095,stronger
10,1096,incomparable
10,1097,stronger
10,1098,incomparable
10,1099,stronger
10,1100,stronger
10,1101,incomparable
10,1102,stronger
10,1103,stronger
10,1104,stronger
10,1105,stronger
10,1106,stronger
10,1107,stronger
10,1108,stronger
10,1109,incomparable
10,1110,incomparable
10,1111,stronger
10,1112,incomparable
10,1113,incomparable
10,1114,stronger
10,1115,stronger
10,1116,stronger
10,1117,incomparable
10,1118,stronger
10,1119,incomparable
10,1120,incomparable
10,1121,stronger
10,1122,incomparable
10,1123,stronger
10,1124,stronger
10,1125,stronger
10,1126,stronger
10,1127,stronger
10,1128,stronger
10,1129,stronger
10,1130,stronger
10,1131,incomparable
10,1132,stronger
10,1133,incomparable
10,1134,stronger
10,1135,stronger
10,1136,stronger
10,1137,incomparable
10,1138,stronger
10,1139,stronger
10,1140,stronger
10,1141,stronger
10,1142,stronger
10,1143,stronger
10,1144,stronger
10,1145,stronger
10,1146,stronger
10,1147,stronger
10,1148,stronger
10,1149,stronger
10,1150,incomparable
10,1151,stronger
10,1152,incomparable
10,1153,stronger
10,1154,stronger
10,1155,incomparable
10,1156,stronger
10,1157,stronger
10,1158,stronger
10,1159,stronger
10,1160,stronger
10,1161,stronger
10,1162,stronger
10,1163,stronger
10,1164,stronger
10,1165,incomparable
10,1166,stronger
10,1167,incomparable
10,1168,stronger
10,1169,stronger
10,1170,stronger
10,1171,incomparable
10,1172,stronger
10,1173,stronger
10,1174,stronger
10,1175,stronger
10,1176,stronger
10,1177,stronger
10,1178,stronger
10,1179,stronger
10,1180,stronger
10,1181,incomparable
10,1182,stronger
10,1183,stronger
10,1184,incomparable
10,1185,stronger
10,1186,stronger
10,1187,stronger
10,1188,stronger
10,1189,stronger
10,1190,stronger
10,1191,stronger
10,1192,stronger
10,1193,stronger
10,1194,stronger
10,1195,stronger
10,1196,stronger
10,1197,stronger
10,1198,stronger
10,1199,stronger
10,1200,stronger
10,1201,stronger
10,1202,incomparable
10,1203,stronger
10,1204,stronger
10,1205,stronger
10,1206,stronger
10,1207,stronger
10,1208,stronger
10,1209,stronger
10,1210,stronger
10,1211,stronger
10,1212,stronger
10,1213,stronger
10,1214,stronger
10,1215,stronger
10,1216,stronger
10,1217,stronger
10,1218,stronger
10,1219,stronger
10,1220,stronger
10,1221,stronger
10,1222,stronger
10,1223,weaker
10,1224,incomparable
10,1225,weaker
10,1226,incomparable
10,1227,incomparable
10,1228,weaker
10,1229,incomparable
10,1230,incomparable
10,1231,weaker
10,1232,incomparable
10,1233,incomparable
10,1234,weaker
10,1235,incomparable
10,1236,incomparable
10,1237,incomparable
10,1238,weaker
10,1239,incomparable
10,1240,incomparable
10,1241,weaker
10,1242,incomparable
10,1243,incomparable
10,1244,weaker
10,1245,incomparable
10,1246,stronger
10,1247,stronger
10,1248,weaker
10,1249,incomparable
10,1250,incomparable
10,1251,weaker
10,1252,incomparable
10,1253,incomparable
10,1254,weaker
10,1255,incomparable
10,1256,incomparable
10,1257,incomparable
10,1258,weaker
10,1259,incomparable
10,1260,stronger
10,1261,stronger
10,1262,weaker
10,1263,incomparable
10,1264,incomparable
10,1265,incomparable
10,1266,equivalent
10,1267,incomparable
10,1268,stronger
10,1269,stronger
10,1270,equivalent
10,1271,incomparable
10,1272,stronger
10,1273,stronger
10,1274,stronger
10,1275,stronger
10,1276,incomparable
10,1277,stronger
10,1278,incomparable
10,1279,incomparable
10,1280,stronger
10,1281,stronger
10,1282,stronger
10,1283,stronger
10,1284,stronger
10,1285,incomparable
10,1286,incomparable
10,1287,stronger
10,1288,incomparable
10,1289,incomparable
10,1290,stronger
10,1291,stronger
10,1292,stronger
10,1293,incomparable
10,1294,stronger
10,1295,stronger
10,1296,stronger
10,1297,stronger
10,1298,stronger
10,1299,incomparable
10,1300,stronger
10,1301,incomparable
10,1302,stronger
10,1303,stronger
10,1304,incomparable
10,1305,stronger
10,1306,stronger
10,1307,stronger
10,1308,stronger
10,1309,stronger
10,1310,stronger
10,1311,stronger
10,1312,incomparable
10,1313,incomparable
10,1314,stronger
10,1315,incomparable
10,1316,incomparable
10,1317,stronger
10,1318,stronger
10,1319,stronger
10,1320,incomparable
10,1321,stronger
10,1322,incomparable
10,1323,incomparable
10,1324,stronger
10,1325,incomparable
10,1326,stronger
10,1327,stronger
10,1328,stronger
10,1329,stronger
10,1330,stronger
10,1331,stronger
10,1332,stronger
10,1333,stronger
10,1334,incomparable
10,1335,stronger
10,1336,incomparable
10,1337,stronger
10,1338,stronger
10,1339,stronger
10,1340,incomparable
10,1341,stronger
10,1342,stronger
10,1343,stronger
10,1344,stronger
10,1345,stronger
10,1346,stronger
10,1347,stronger
10,1348,stronger
10,1349,stronger
10,1350,stronger
10,1351,stronger
10,1352,stronger
10,1353,incomparable
10,1354,stronger
10,1355,incomparable
10,1356,stronger
10,1357,stronger
10,1358,incomparable
10,1359,stronger
10,1360,stronger
10,1361,stronger
10,1362,stronger
10,1363,stronger
10,1364,stronger
10,1365,stronger
10,1366,stronger
10,1367,stronger
10,1368,incomparable
10,1369,stronger
10,1370,incomparable
10,1371,stronger
10,1372,stronger
10,1373,stronger
10,1374,incomparable
10,1375,stronger
10,1376,stronger
10,1377,stronger
10,1378,stronger
10,1379,stronger
10,1380,stronger
10,1381,stronger
10,1382,stronger
10,1383,stronger
10,1384,incomparable
10,1385,stronger
10,1386,stronger
10,1387,incomparable
10,1388,stronger
10,1389,stronger
10,1390,stronger
10,1391,stronger
10,1392,stronger
10,1393,stronger
10,1394,stronger
10,1395,stronger
10,1396,stronger
10,1397,stronger
10,1398,stronger
10,1399,stronger
10,1400,stronger
10,1401,stronger
10,1402,stronger
10,1403,stronger
10,1404,stronger
10,1405,incomparable
10,1406,stronger
10,1407,stronger
10,1408,stronger
10,1409,stronger
10,1410,stronger
10,1411,stronger
10,1412,stronger
10,1413,stronger
10,1414,stronger
10,1415,stronger
10,1416,stronger
10,1417,stronger
10,1418,stronger
10,1419,stronger
10,1420,stronger
10,1421,stronger
10,1422,stronger
10,1423,stronger
10,1424,stronger
10,1425,stronger
10,1426,incomparable
10,1427,incomparable
10,1428,incomparable
10,1429,incomparable
10,1430,incomparable
10,1431,incomparable
10,1432,incomparable
10,1433,incomparable
10,1434,incomparable
10,1435,incomparable
10,1436,incomparable
10,1437,incomparable
10,1438,incomparable
10,1439,incomparable
10,1440,incomparable
10,1441,incomparable
10,1442,incomparable
10,1443,incomparable
10,1444,incomparable
10,1445,incomparable
10,1446,incomparable
10,1447,incomparable
10,1448,incomparable
10,1449,incomparable
10,1450,incomparable
10,1451,incomparable
10,1452,incomparable
10,1453,incomparable
10,1454,incomparable
10,1455,incomparable
10,1456,incomparable
10,1457,incomparable
10,1458,incomparable
10,1459,incomparable
10,1460,incomparable
10,1461,incomparable
10,1462,incomparable
10,1463,incomparable
10,1464,incomparable
10,1465,incomparable
10,1466,incomparable
10,1467,incomparable
10,1468,incomparable
10,1469,incomparable
10,1470,incomparable
10,1471,incomparable
10,1472,incomparable
10,1473,incomparable
10,1474,incomparable
10,1475,incomparable
10,1476,incomparable
10,1477,incomparable
10,1478,incomparable
10,1479,incomparable
10,1480,incomparable
10,1481,incomparable
10,1482,incomparable
10,1483,incomparable
10,1484,incomparable
10,1485,incomparable
10,1486,incomparable
10,1487,incomparable
10,1488,incomparable
10,1489,incomparable
10,1490,stronger
10,1491,incomparable
10,1492,incomparable
10,1493,stronger
10,1494,incomparable
10,1495,stronger
10,1496,incomparable
10,1497,stronger
10,1498,incomparable
10,1499,stronger
10,1500,stronger
10,1501,stronger
10,1502,incomparable
10,1503,stronger
10,1504,incomparable
10,1505,stronger
10,1506,incomparable
10,1507,incomparable
10,1508,stronger
10,1509,stronger
10,1510,incomparable
10,1511,stronger
10,1512,stronger
10,1513,stronger
10,1514,stronger
10,1515,incomparable
10,1516,incomparable
10,1517,stronger
10,1518,incomparable
10,1519,incomparable
10,1520,stronger
10,1521,incomparable
10,1522,stronger
10,1523,incomparable
10,1524,stronger
10,1525,incomparable
10,1526,incomparable
10,1527,stronger
10,1528,incomparable
10,1529,stronger
10,1530,stronger
10,1531,incomparable
10,1532,stronger
10,1533,stronger
10,1534,stronger
10,1535,incomparable
10,1536,stronger
10,1537,incomparable
10,1538,stronger
10,1539,incomparable
10,1540,stronger
10,1541,stronger
10,1542,stronger
10,1543,incomparable
10,1544,stronger
10,1545,stronger
10,1546,stronger
10,1547,incomparable
10,1548,stronger
10,1549,stronger
10,1550,stronger
10,1551,stronger
10,1552,incomparable
10,1553,stronger
10,1554,stronger
10,1555,stronger
10,1556,incomparable
10,1557,stronger
10,1558,incomparable
10,1559,stronger
10,1560,incomparable
10,1561,incomparable
10,1562,stronger
10,1563,stronger
10,1564,incomparable
10,1565,stronger
10,1566,stronger
10,1567,stronger
10,1568,stronger
10,1569,incomparable
10,1570,stronger
10,1571,incomparable
10,1572,stronger
10,1573,incomparable
10,1574,stronger
10,1575,stronger
10,1576,stronger
10,1577,incomparable
10,1578,stronger
10,1579,stronger
10,1580,stronger
10,1581,incomparable
10,1582,stronger
10,1583,stronger
10,1584,stronger
10,1585,stronger
10,1586,incomparable
10,1587,incomparable
10,1588,stronger
10,1589,stronger
10,1590,incomparable
10,1591,stronger
10,1592,stronger
10,1593,stronger
10,1594,incomparable
10,1595,stronger
10,1596,stronger
10,1597,stronger
10,1598,incomparable
10,1599,stronger
10,1600,stronger
10,1601,stronger
10,1602,stronger
10,1603,incomparable
10,1604,stronger
10,1605,stronger
10,1606,stronger
10,1607,stronger
10,1608,incomparable
10,1609,stronger
10,1610,stronger
10,1611,stronger
10,1612,stronger
10,1613,incomparable
10,1614,stronger
10,1615,stronger
10,1616,stronger
10,1617,stronger
10,1618,incomparable
10,1619,stronger
10,1620,stronger
10,1621,stronger
10,1622,stronger
10,1623,incomparable
10,1624,stronger
10,1625,stronger
10,1626,stronger
10,1627,stronger
10,1628,stronger
10,1629,incomparable
10,1630,incomparable
10,1631,incomparable
10,1632,incomparable
10,1633,incomparable
10,1634,incomparable
10,1635,incomparable
10,1636,incomparable
10,1637,incomparable
10,1638,incomparable
10,1639,incomparable
10,1640,incomparable
10,1641,incomparable
10,1642,incomparable
10,1643,incomparable
10,1644,incomparable
10,1645,incomparable
10,1646,incomparable
10,1647,incomparable
10,1648,incomparable
10,1649,incomparable
10,1650,incomparable
10,1651,incomparable
10,1652,incomparable
10,1653,incomparable
10,1654,incomparable
10,1655,incomparable
10,1656,incomparable
10,1657,incomparable
10,1658,incomparable
10,1659,incomparable
10,1660,incomparable
10,1661,incomparable
10,1662,incomparable
10,1663,incomparable
10,1664,incomparable
10,1665,incomparable
10,1666,incomparable
10,1667,incomparable
10,1668,incomparable
10,1669,incomparable
10,1670,incomparable
10,1671,incomparable
10,1672,incomparable
10,1673,incomparable
10,1674,incomparable
10,1675,incomparable
10,1676,incomparable
10,1677,incomparable
10,1678,incomparable
10,1679,incomparable
10,1680,incomparable
10,1681,incomparable
10,1682,incomparable
10,1683,stronger
10,1684,incomparable
10,1685,incomparable
10,1686,stronger
10,1687,incomparable
10,1688,stronger
10,1689,stronger
10,1690,stronger
10,1691,incomparable
10,1692,incomparable
10,1693,stronger
10,1694,incomparable
10,1695,incomparable
10,1696,stronger
10,1697,incomparable
10,1698,stronger
10,1699,incomparable
10,1700,stronger
10,1701,incomparable
10,1702,stronger
10,1703,stronger
10,1704,stronger
10,1705,incomparable
10,1706,stronger
10,1707,incomparable
10,1708,stronger
10,1709,stronger
10,1710,incomparable
10,1711,stronger
10,1712,stronger
10,1713,stronger
10,1714,stronger
10,1715,stronger
10,1716,stronger
10,1717,stronger
10,1718,incomparable
10,1719,incomparable
10,1720,stronger
10,1721,incomparable
10,1722,incomparable
10,1723,stronger
10,1724,incomparable
10,1725,stronger
10,1726,incomparable
10,1727,stronger
10,1728,incomparable
10,1729,incomparable
10,1730,stronger
10,1731,incomparable
10,1732,stronger
10,1733,stronger
10,1734,stronger
10,1735,stronger
10,1736,stronger
10,1737,stronger
10,1738,incomparable
10,1739,stronger
10,1740,incomparable
10,1741,stronger
10,1742,incomparable
10,1743,stronger
10,1744,stronger
10,1745,stronger
10,1746,incomparable
10,1747,stronger
10,1748,stronger
10,1749,stronger
10,1750,stronger
10,1751,stronger
10,1752,stronger
10,1753,stronger
10,1754,stronger
10,1755,stronger
10,1756,stronger
10,1757,stronger
10,1758,stronger
10,1759,stronger
10,1760,stronger
10,1761,incomparable
10,1762,stronger
10,1763,incomparable
10,1764,incomparable
10,1765,stronger
10,1766,stronger
10,1767,stronger
10,1768,stronger
10,1769,stronger
10,1770,stronger
10,1771,stronger
10,1772,stronger
10,1773,stronger
10,1774,incomparable
10,1775,stronger
10,1776,stronger
10,1777,stronger
10,1778,stronger
10,1779,stronger
10,1780,incomparable
10,1781,stronger
10,1782,stronger
10,1783,stronger
10,1784,stronger
10,1785,stronger
10,1786,stronger
10,1787,stronger
10,1788,stronger
10,1789,stronger
10,1790,incomparable
10,1791,stronger
10,1792,stronger
10,1793,incomparable
10,1794,stronger
10,1795,stronger
10,1796,stronger
10,1797,incomparable
10,1798,stronger
10,1799,stronger
10,1800,stronger
10,1801,stronger
10,1802,stronger
10,1803,stronger
10,1804,stronger
10,1805,stronger
10,1806,stronger
10,1807,stronger
10,1808,stronger
10,1809,stronger
10,1810,stronger
10,1811,stronger
10,1812,stronger
10,1813,stronger
10,1814,stronger
10,1815,stronger
10,1816,incomparable
10,1817,stronger
10,1818,stronger
10,1819,stronger
10,1820,stronger
10,1821,stronger
10,1822,stronger
10,1823,stronger
10,1824,stronger
10,1825,stronger
10,1826,stronger
10,1827,stronger
10,1828,stronger
10,1829,stronger
10,1830,stronger
10,1831,stronger
10,1832,weaker
10,1833,incomparable
10,1834,weaker
10,1835,incomparable
10,1836,incomparable
10,1837,incomparable
10,1838,incomparable
10,1839,incomparable
10,1840,incomparable
10,1841,incomparable
10,1842,incomparable
10,1843,incomparable
10,1844,incomparable
10,1845,incomparable
10,1846,incomparable
10,1847,weaker
10,1848,incomparable
10,1849,incomparable
10,1850,weaker
10,1851,incomparable
10,1852,incomparable
10,1853,weaker
10,1854,incomparable
10,1855,incomparable
10,1856,incomparable
10,1857,incomparable
10,1858,incomparable
10,1859,incomparable
10,1860,incomparable
10,1861,incomparable
10,1862,incomparable
10,1863,incomparable
10,1864,incomparable
10,1865,incomparable
10,1866,incomparable
10,1867,incomparable
10,1868,incomparable
10,1869,incomparable
10,1870,incomparable
10,1871,incomparable
10,1872,incomparable
10,1873,incomparable
10,1874,incomparable
10,1875,incomparable
10,1876,incomparable
10,1877,incomparable
10,1878,incomparable
10,1879,incomparable
10,1880,incomparable
10,1881,incomparable
10,1882,incomparable
10,1883,incomparable
10,1884,incomparable
10,1885,incomparable
10,1886,stronger
10,1887,incomparable
10,1888,incomparable
10,1889,stronger
10,1890,stronger
10,1891,stronger
10,1892,stronger
10,1893,stronger
10,1894,incomparable
10,1895,incomparable
10,1896,stronger
10,1897,incomparable
10,1898,incomparable
10,1899,stronger
10,1900,stronger
10,1901,stronger
10,1902,incomparable
10,1903,stronger
10,1904,incomparable
10,1905,stronger
10,1906,stronger
10,1907,stronger
10,1908,stronger
10,1909,stronger
10,1910,incomparable
10,1911,stronger
10,1912,incomparable
10,1913,incomparable
10,1914,stronger
10,1915,stronger
10,1916,stronger
10,1917,stronger
10,1918,stronger
10,1919,stronger
10,1920,stronger
10,1921,incomparable
10,1922,incomparable
10,1923,stronger
10,1924,incomparable
10,1925,incomparable
10,1926,stronger
10,1927,stronger
10,1928,stronger
10,1929,incomparable
10,1930,stronger
10,1931,incomparable
10,1932,incomparable
10,1933,stronger
10,1934,incomparable
10,1935,stronger
10,1936,stronger
10,1937,stronger
10,1938,stronger
10,1939,stronger
10,1940,stronger
10,1941,stronger
10,1942,stronger
10,1943,incomparable
10,1944,stronger
10,1945,stronger
10,1946,stronger
10,1947,stronger
10,1948,stronger
10,1949,incomparable
10,1950,stronger
10,1951,stronger
10,1952,stronger
10,1953,stronger
10,1954,stronger
10,1955,stronger
10,1956,stronger
10,1957,stronger
10,1958,incomparable
10,1959,stronger
10,1960,stronger
10,1961,stronger
10,1962,stronger
10,1963,stronger
10,1964,incomparable
10,1965,stronger
10,1966,stronger
10,1967,incomparable
10,1968,stronger
10,1969,stronger
10,1970,stronger
10,1971,stronger
10,1972,stronger
10,1973,stronger
10,1974,stronger
10,1975,incomparable
10,1976,stronger
10,1977,incomparable
10,1978,stronger
10,1979,incomparable
10,1980,stronger
10,1981,stronger
10,1982,stronger
10,1983,incomparable
10,1984,stronger
10,1985,stronger
10,1986,stronger
10,1987,stronger
10,1988,stronger
10,1989,stronger
10,1990,stronger
10,1991,stronger
10,1992,stronger
10,1993,incomparable
10,1994,stronger
10,1995,stronger
10,1996,incomparable
10,1997,stronger
10,1998,stronger
10,1999,stronger
10,2000,incomparable
10,2001,stronger
10,2002,stronger
10,2003,stronger
10,2004,stronger
10,2005,stronger
10,2006,stronger
10,2007,stronger
10,2008,stronger
10,2009,stronger
10,2010,stronger
10,2011,stronger
10,2012,stronger
10,2013,stronger
10,2014,stronger
10,2015,stronger
10,2016,stronger
10,2017,stronger
10,2018,stronger
10,2019,stronger
10,2020,stronger
10,2021,stronger
10,2022,stronger
10,2023,stronger
10,2024,incomparable
10,2025,stronger
10,2026,stronger
10,2027,stronger
10,2028,stronger
10,2029,stronger
10,2030,stronger
10,2031,stronger
10,2032,stronger
10,2033,stronger
10,2034,stronger
10,2035,incomparable
10,2036,incomparable
10,2037,incomparable
10,2038,incomparable
10,2039,incomparable
10,2040,incomparable
10,2041,incomparable
10,2042,incomparable
10,2043,incomparable
10,2044,incomparable
10,2045,incomparable
10,2046,incomparable
10,2047,incomparable
10,2048,incomparable
10,2049,incomparable
10,2050,incomparable
10,2051,incomparable
10,2052,incomparable
10,2053,incomparable
10,2054,incomparable
10,2055,incomparable
10,2056,incomparable
10,2057,incomparable
10,2058,incomparable
10,2059,incomparable
10,2060,incomparable
10,2061,incomparable
10,2062,incomparable
10,2063,incomparable
10,2064,incomparable
10,2065,incomparable
10,2066,incomparable
10,2067,incomparable
10,2068,incomparable
10,2069,incomparable
10,2070,incomparable
10,2071,incomparable
10,2072,incomparable
10,2073,incomparable
10,2074,incomparable
10,2075,incomparable
10,2076,incomparable
10,2077,incomparable
10,2078,incomparable
10,2079,incomparable
10,2080,incomparable
10,2081,incomparable
10,2082,incomparable
10,2083,incomparable
10,2084,incomparable
10,2085,incomparable
10,2086,incomparable
10,2087,incomparable
10,2088,incomparable
10,2089,incomparable
10,2090,incomparable
10,2091,incomparable
10,2092,stronger
10,2093,incomparable
10,2094,stronger
10,2095,stronger
10,2096,stronger
10,2097,incomparable
10,2098,incomparable
10,2099,stronger
10,2100,incomparable
10,2101,incomparable
10,2102,stronger
10,2103,stronger
10,2104,stronger
10,2105,incomparable
10,2106,stronger
10,2107,stronger
10,2108,stronger
10,2109,stronger
10,2110,stronger
10,2111,stronger
10,2112,stronger
10,2113,incomparable
10,2114,stronger
10,2115,incomparable
10,2116,incomparable
10,2117,stronger
10,2118,stronger
10,2119,stronger
10,2120,stronger
10,2121,stronger
10,2122,stronger
10,2123,stronger
10,2124,incomparable
10,2125,incomparable
10,2126,incomparable
10,2127,incomparable
10,2128,incomparable
10,2129,stronger
10,2130,stronger
10,2131,stronger
10,2132,incomparable
10,2133,stronger
10,2134,incomparable
10,2135,incomparable
10,2136,stronger
10,2137,incomparable
10,2138,stronger
10,2139,stronger
10,2140,stronger
10,2141,stronger
10,2142,stronger
10,2143,stronger
10,2144,stronger
10,2145,stronger
10,2146,incomparable
10,2147,stronger
10,2148,stronger
10,2149,stronger
10,2150,stronger
10,2151,stronger
10,2152,incomparable
10,2153,stronger
10,2154,stronger
10,2155,stronger
10,2156,stronger
10,2157,stronger
10,2158,stronger
10,2159,stronger
10,2160,stronger
10,2161,incomparable
10,2162,incomparable
10,2163,incomparable
10,2164,incomparable
10,2165,incomparable
10,2166,stronger
10,2167,incomparable
10,2168,stronger
10,2169,incomparable
10,2170,incomparable
10,2171,stronger
10,2172,stronger
10,2173,stronger
10,2174,stronger
10,2175,stronger
10,2176,stronger
10,2177,stronger
10,2178,stronger
10,2179,stronger
10,2180,incomparable
10,2181,stronger
10,2182,incomparable
10,2183,stronger
10,2184,stronger
10,2185,stronger
10,2186,incomparable
10,2187,stronger
10,2188,stronger
10,2189,stronger
10,2190,stronger
10,2191,stronger
10,2192,stronger
10,2193,stronger
10,2194,stronger
10,2195,stronger
10,2196,incomparable
10,2197,stronger
10,2198,stronger
10,2199,incomparable
10,2200,stronger
10,2201,stronger
10,2202,stronger
10,2203,incomparable
10,2204,stronger
10,2205,stronger
10,2206,stronger
10,2207,stronger
10,2208,stronger
10,2209,stronger
10,2210,stronger
10,2211,stronger
10,2212,stronger
10,2213,stronger
10,2214,stronger
10,2215,stronger
10,2216,stronger
10,2217,stronger
10,2218,stronger
10,2219,stronger
10,2220,stronger
10,2221,stronger
10,2222,stronger
10,2223,stronger
10,2224,stronger
10,2225,stronger
10,2226,stronger
10,2227,incomparable
10,2228,stronger
10,2229,stronger
10,2230,stronger
10,2231,stronger
10,2232,stronger
10,2233,stronger
10,2234,stronger
10,2235,stronger
10,2236,stronger
10,2237,stronger
10,2238,incomparable
10,2239,incomparable
10,2240,incomparable
10,2241,incomparable
10,2242,incomparable
10,2243,incomparable
10,2244,incomparable
10,2245,incomparable
10,2246,incomparable
10,2247,incomparable
10,2248,incomparable
10,2249,incomparable
10,2250,incomparable
10,2251,incomparable
10,2252,incomparable
10,2253,incomparable
10,2254,incomparable
10,2255,incomparable
10,2256,incomparable
10,2257,incomparable
10,2258,incomparable
10,2259,incomparable
10,2260,incomparable
10,2261,incomparable
10,2262,incomparable
10,2263,incomparable
10,2264,incomparable
10,2265,incomparable
10,2266,incomparable
10,2267,incomparable
10,2268,incomparable
10,2269,incomparable
10,2270,incomparable
10,2271,incomparable
10,2272,incomparable
10,2273,incomparable
10,2274,incomparable
10,2275,incomparable
10,2276,incomparable
10,2277,incomparable
10,2278,incomparable
10,2279,incomparable
10,2280,incomparable
10,2281,incomparable
10,2282,incomparable
10,2283,incomparable
10,2284,incomparable
10,2285,incomparable
10,2286,incomparable
10,2287,incomparable
10,2288,incomparable
10,2289,incomparable
10,2290,incomparable
10,2291,incomparable
10,2292,stronger
10,2293,incomparable
10,2294,incomparable
10,2295,stronger
10,2296,incomparable
10,2297,stronger
10,2298,stronger
10,2299,stronger
10,2300,incomparable
10,2301,incomparable
10,2302,stronger
10,2303,incomparable
10,2304,incomparable
10,2305,stronger
10,2306,incomparable
10,2307,stronger
10,2308,incomparable
10,2309,stronger
10,2310,incomparable
10,2311,stronger
10,2312,stronger
10,2313,stronger
10,2314,incomparable
10,2315,stronger
10,2316,incomparable
10,2317,stronger
10,2318,incomparable
10,2319,incomparable
10,2320,stronger
10,2321,stronger
10,2322,incomparable
10,2323,stronger
10,2324,stronger
10,2325,stronger
10,2326,stronger
10,2327,incomparable
10,2328,incomparable
10,2329,stronger
10,2330,incomparable
10,2331,incomparable
10,2332,stronger
10,2333,incomparable
10,2334,stronger
10,2335,incomparable
10,2336,stronger
10,2337,incomparable
10,2338,incomparable
10,2339,stronger
10,2340,incomparable
10,2341,stronger
10,2342,stronger
10,2343,stronger
10,2344,stronger
10,2345,stronger
10,2346,stronger
10,2347,incomparable
10,2348,stronger
10,2349,incomparable
10,2350,stronger
10,2351,incomparable
10,2352,stronger
10,2353,stronger
10,2354,stronger
10,2355,incomparable
10,2356,stronger
10,2357,stronger
10,2358,stronger
10,2359,stronger
10,2360,stronger
10,2361,stronger
10,2362,stronger
10,2363,stronger
10,2364,incomparable
10,2365,stronger
10,2366,stronger
10,2367,stronger
10,2368,incomparable
10,2369,stronger
10,2370,incomparable
10,2371,stronger
10,2372,incomparable
10,2373,incomparable
10,2374,stronger
10,2375,stronger
10,2376,incomparable
10,2377,stronger
10,2378,stronger
10,2379,stronger
10,2380,stronger
10,2381,incomparable
10,2382,stronger
10,2383,incomparable
10,2384,stronger
10,2385,incomparable
10,2386,stronger
10,2387,stronger
10,2388,stronger
10,2389,incomparable
10,2390,stronger
10,2391,stronger
10,2392,stronger
10,2393,stronger
10,2394,stronger
10,2395,stronger
10,2396,stronger
10,2397,stronger
10,2398,incomparable
10,2399,incomparable
10,2400,stronger
10,2401,stronger
10,2402,incomparable
10,2403,stronger
10,2404,stronger
10,2405,stronger
10,2406,incomparable
10,2407,stronger
10,2408,stronger
10,2409,stronger
10,2410,stronger
10,2411,stronger
10,2412,stronger
10,2413,stronger
10,2414,stronger
10,2415,incomparable
10,2416,stronger
10,2417,stronger
10,2418,stronger
10,2419,stronger
10,2420,incomparable
10,2421,stronger
10,2422,stronger
10,2423,stronger
10,2424,stronger
10,2425,incomparable
10,2426,stronger
10,2427,stronger
10,2428,stronger
10,2429,stronger
10,2430,incomparable
10,2431,stronger
10,2432,stronger
10,2433,stronger
10,2434,stronger
10,2435,stronger
10,2436,stronger
10,2437,stronger
10,2438,stronger
10,2439,stronger
10,2440,stronger
10,2441,incomparable
10,2442,incomparable
10,2443,incomparable
10,2444,incomparable
10,2445,incomparable
10,2446,incomparable
10,2447,incomparable
10,2448,incomparable
10,2449,incomparable
10,2450,incomparable
10,2451,incomparable
10,2452,incomparable
10,2453,incomparable
10,2454,incomparable
10,2455,incomparable
10,2456,incomparable
10,2457,incomparable
10,2458,incomparable
10,2459,incomparable
10,2460,incomparable
10,2461,incomparable
10,2462,incomparable
10,2463,incomparable
10,2464,incomparable
10,2465,incomparable
10,2466,incomparable
10,2467,incomparable
10,2468,incomparable
10,2469,incomparable
10,2470,incomparable
10,2471,incomparable
10,2472,incomparable
10,2473,incomparable
10,2474,incomparable
10,2475,incomparable
10,2476,incomparable
10,2477,incomparable
10,2478,incomparable
10,2479,incomparable
10,2480,incomparable
10,2481,incomparable
10,2482,incomparable
10,2483,incomparable
10,2484,incomparable
10,2485,incomparable
10,2486,incomparable
10,2487,incomparable
10,2488,incomparable
10,2489,incomparable
10,2490,incomparable
10,2491,incomparable
10,2492,incomparable
10,2493,incomparable
10,2494,incomparable
10,2495,stronger
10,2496,incomparable
10,2497,incomparable
10,2498,stronger
10,2499,incomparable
10,2500,stronger
10,2501,stronger
10,2502,stronger
10,2503,incomparable
10,2504,incomparable
10,2505,stronger
10,2506,incomparable
10,2507,incomparable
10,2508,stronger
10,2509,stronger
10,2510,stronger
10,2511,incomparable
10,2512,stronger
10,2513,incomparable
10,2514,stronger
10,2515,stronger
10,2516,stronger
10,2517,incomparable
10,2518,stronger
10,2519,incomparable
10,2520,stronger
10,2521,stronger
10,2522,incomparable
10,2523,stronger
10,2524,stronger
10,2525,stronger
10,2526,stronger
10,2527,stronger
10,2528,stronger
10,2529,stronger
10,2530,incomparable
10,2531,incomparable
10,2532,stronger
10,2533,incomparable
10,2534,incomparable
10,2535,stronger
10,2536,incomparable
10,2537,stronger
10,2538,incomparable
10,2539,stronger
10,2540,incomparable
10,2541,incomparable
10,2542,stronger
10,2543,incomparable
10,2544,stronger
10,2545,stronger
10,2546,stronger
10,2547,stronger
10,2548,stronger
10,2549,stronger
10,2550,incomparable
10,2551,stronger
10,2552,incomparable
10,2553,stronger
10,2554,incomparable
10,2555,stronger
10,2556,stronger
10,2557,stronger
10,2558,incomparable
10,2559,stronger
10,2560,stronger
10,2561,stronger
10,2562,stronger
10,2563,stronger
10,2564,stronger
10,2565,stronger
10,2566,stronger
10,2567,incomparable
10,2568,stronger
10,2569,stronger
10,2570,stronger
10,2571,incomparable
10,2572,stronger
10,2573,incomparable
10,2574,stronger
10,2575,stronger
10,2576,incomparable
10,2577,stronger
10,2578,stronger
10,2579,stronger
10,2580,stronger
10,2581,stronger
10,2582,stronger
10,2583,stronger
10,2584,incomparable
10,2585,stronger
10,2586,incomparable
10,2587,stronger
10,2588,incomparable
10,2589,stronger
10,2590,stronger
10,2591,stronger
10,2592,incomparable
10,2593,stronger
10,2594,stronger
10,2595,stronger
10,2596,stronger
10,2597,stronger
10,2598,stronger
10,2599,stronger
10,2600,stronger
10,2601,incomparable
10,2602,incomparable
10,2603,stronger
10,2604,stronger
10,2605,incomparable
10,2606,stronger
10,2607,stronger
10,2608,stronger
10,2609,incomparable
10,2610,stronger
10,2611,stronger
10,2612,stronger
10,2613,stronger
10,2614,stronger
10,2615,stronger
10,2616,stronger
10,2617,stronger
10,2618,incomparable
10,2619,stronger
10,2620,stronger
10,2621,stronger
10,2622,stronger
10,2623,incomparable
10,2624,stronger
10,2625,stronger
10,2626,stronger
10,2627,stronger
10,2628,stronger
10,2629,stronger
10,2630,stronger
10,2631,stronger
10,2632,stronger
10,2633,stronger
10,2634,stronger
10,2635,stronger
10,2636,stronger
10,2637,stronger
10,2638,stronger
10,2639,stronger
10,2640,stronger
10,2641,stronger
10,2642,stronger
10,2643,stronger
10,2644,incomparable
10,2645,incomparable
10,2646,incomparable
10,2647,incomparable
10,2648,incomparable
10,2649,incomparable
10,2650,incomparable
10,2651,incomparable
10,2652,incomparable
10,2653,incomparable
10,2654,incomparable
10,2655,incomparable
10,2656,incomparable
10,2657,incomparable
10,2658,incomparable
10,2659,incomparable
10,2660,incomparable
10,2661,incomparable
10,2662,incomparable
10,2663,incomparable
10,2664,incomparable
10,2665,incomparable
10,2666,incomparable
10,2667,incomparable
10,2668,incomparable
10,2669,incomparable
10,2670,incomparable
10,2671,incomparable
10,2672,incomparable
10,2673,incomparable
10,2674,incomparable
10,2675,incomparable
10,2676,incomparable
10,2677,incomparable
10,2678,incomparable
10,2679,incomparable
10,2680,incomparable
10,2681,incomparable
10,2682,incomparable
10,2683,incomparable
10,2684,incomparable
10,2685,incomparable
10,2686,incomparable
10,2687,incomparable
10,2688,incomparable
10,2689,incomparable
10,2690,incomparable
10,2691,incomparable
10,2692,incomparable
10,2693,incomparable
10,2694,incomparable
10,2695,incomparable
10,2696,incomparable
10,2697,incomparable
10,2698,stronger
10,2699,incomparable
10,2700,incomparable
10,2701,stronger
10,2702,incomparable
10,2703,stronger
10,2704,stronger
10,2705,stronger
10,2706,incomparable
10,2707,incomparable
10,2708,stronger
10,2709,incomparable
10,2710,incomparable
10,2711,stronger
10,2712,incomparable
10,2713,stronger
10,2714,incomparable
10,2715,stronger
10,2716,incomparable
10,2717,stronger
10,2718,stronger
10,2719,stronger
10,2720,stronger
10,2721,stronger
10,2722,incomparable
10,2723,stronger
10,2724,incomparable
10,2725,incomparable
10,2726,stronger
10,2727,stronger
10,2728,stronger
10,2729,stronger
10,2730,stronger
10,2731,stronger
10,2732,stronger
10,2733,incomparable
10,2734,incomparable
10,2735,stronger
10,2736,incomparable
10,2737,incomparable
10,2738,stronger
10,2739,incomparable
10,2740,stronger
10,2741,incomparable
10,2742,stronger
10,2743,incomparable
10,2744,incomparable
10,2745,stronger
10,2746,incomparable
10,2747,stronger
10,2748,stronger
10,2749,stronger
10,2750,stronger
