1. [1, 1]
2. [1, 2]
3. [1, [1, 1]]
4. [1, [1, 2]]
5. [1, [2, 1]]
6. [1, [2, 2]]
7. [1, [2, 3]]
8. [1, [1, [1, 1]]]
9. [1, [1, [1, 2]]]
10. [1, [1, [2, 1]]]
11. [1, [1, [2, 2]]]
12. [1, [1, [2, 3]]]
13. [1, [2, [1, 1]]]
14. [1, [2, [1, 2]]]
15. [1, [2, [1, 3]]]
16. [1, [2, [2, 1]]]
17. [1, [2, [2, 2]]]
18. [1, [2, [2, 3]]]
19. [1, [2, [3, 1]]]
20. [1, [2, [3, 2]]]
21. [1, [2, [3, 3]]]
22. [1, [2, [3, 4]]]
23. [1, [[1, 1], 1]]
24. [1, [[1, 1], 2]]
25. [1, [[1, 2], 1]]
26. [1, [[1, 2], 2]]
27. [1, [[1, 2], 3]]
28. [1, [[2, 1], 1]]
29. [1, [[2, 1], 2]]
30. [1, [[2, 1], 3]]
31. [1, [[2, 2], 1]]
32. [1, [[2, 2], 2]]
33. [1, [[2, 2], 3]]
34. [1, [[2, 3], 1]]
35. [1, [[2, 3], 2]]
36. [1, [[2, 3], 3]]
37. [1, [[2, 3], 4]]
38. [[1, 1], [1, 2]]
39. [[1, 1], [2, 1]]
40. [[1, 1], [2, 2]]
41. [[1, 1], [2, 3]]
42. [[1, 2], [1, 3]]
43. [[1, 2], [2, 1]]
44. [[1, 2], [2, 3]]
45. [[1, 2], [3, 2]]
46. [[1, 2], [3, 4]]
47. [1, [1, [1, [1, 1]]]]
48. [1, [1, [1, [1, 2]]]]
49. [1, [1, [1, [2, 1]]]]
50. [1, [1, [1, [2, 2]]]]
51. [1, [1, [1, [2, 3]]]]
52. [1, [1, [2, [1, 1]]]]
53. [1, [1, [2, [1, 2]]]]
54. [1, [1, [2, [1, 3]]]]
55. [1, [1, [2, [2, 1]]]]
56. [1, [1, [2, [2, 2]]]]
57. [1, [1, [2, [2, 3]]]]
58. [1, [1, [2, [3, 1]]]]
59. [1, [1, [2, [3, 2]]]]
60. [1, [1, [2, [3, 3]]]]
61. [1, [1, [2, [3, 4]]]]
62. [1, [2, [1, [1, 1]]]]
63. [1, [2, [1, [1, 2]]]]
64. [1, [2, [1, [1, 3]]]]
65. [1, [2, [1, [2, 1]]]]
66. [1, [2, [1, [2, 2]]]]
67. [1, [2, [1, [2, 3]]]]
68. [1, [2, [1, [3, 1]]]]
69. [1, [2, [1, [3, 2]]]]
70. [1, [2, [1, [3, 3]]]]
71. [1, [2, [1, [3, 4]]]]
72. [1, [2, [2, [1, 1]]]]
73. [1, [2, [2, [1, 2]]]]
74. [1, [2, [2, [1, 3]]]]
75. [1, [2, [2, [2, 1]]]]
76. [1, [2, [2, [2, 2]]]]
77. [1, [2, [2, [2, 3]]]]
78. [1, [2, [2, [3, 1]]]]
79. [1, [2, [2, [3, 2]]]]
80. [1, [2, [2, [3, 3]]]]
81. [1, [2, [2, [3, 4]]]]
82. [1, [2, [3, [1, 1]]]]
83. [1, [2, [3, [1, 2]]]]
84. [1, [2, [3, [1, 3]]]]
85. [1, [2, [3, [1, 4]]]]
86. [1, [2, [3, [2, 1]]]]
87. [1, [2, [3, [2, 2]]]]
88. [1, [2, [3, [2, 3]]]]
89. [1, [2, [3, [2, 4]]]]
90. [1, [2, [3, [3, 1]]]]
91. [1, [2, [3, [3, 2]]]]
92. [1, [2, [3, [3, 3]]]]
93. [1, [2, [3, [3, 4]]]]
94. [1, [2, [3, [4, 1]]]]
95. [1, [2, [3, [4, 2]]]]
96. [1, [2, [3, [4, 3]]]]
97. [1, [2, [3, [4, 4]]]]
98. [1, [2, [3, [4, 5]]]]
99. [1, [1, [[1, 1], 1]]]
100. [1, [1, [[1, 1], 2]]]
101. [1, [1, [[1, 2], 1]]]
102. [1, [1, [[1, 2], 2]]]
103. [1, [1, [[1, 2], 3]]]
104. [1, [1, [[2, 1], 1]]]
105. [1, [1, [[2, 1], 2]]]
106. [1, [1, [[2, 1], 3]]]
107. [1, [1, [[2, 2], 1]]]
108. [1, [1, [[2, 2], 2]]]
109. [1, [1, [[2, 2], 3]]]
110. [1, [1, [[2, 3], 1]]]
111. [1, [1, [[2, 3], 2]]]
112. [1, [1, [[2, 3], 3]]]
113. [1, [1, [[2, 3], 4]]]
114. [1, [2, [[1, 1], 1]]]
115. [1, [2, [[1, 1], 2]]]
116. [1, [2, [[1, 1], 3]]]
117. [1, [2, [[1, 2], 1]]]
118. [1, [2, [[1, 2], 2]]]
119. [1, [2, [[1, 2], 3]]]
120. [1, [2, [[1, 3], 1]]]
121. [1, [2, [[1, 3], 2]]]
122. [1, [2, [[1, 3], 3]]]
123. [1, [2, [[1, 3], 4]]]
124. [1, [2, [[2, 1], 1]]]
125. [1, [2, [[2, 1], 2]]]
126. [1, [2, [[2, 1], 3]]]
127. [1, [2, [[2, 2], 1]]]
128. [1, [2, [[2, 2], 2]]]
129. [1, [2, [[2, 2], 3]]]
130. [1, [2, [[2, 3], 1]]]
131. [1, [2, [[2, 3], 2]]]
132. [1, [2, [[2, 3], 3]]]
133. [1, [2, [[2, 3], 4]]]
134. [1, [2, [[3, 1], 1]]]
135. [1, [2, [[3, 1], 2]]]
136. [1, [2, [[3, 1], 3]]]
137. [1, [2, [[3, 1], 4]]]
138. [1, [2, [[3, 2], 1]]]
139. [1, [2, [[3, 2], 2]]]
140. [1, [2, [[3, 2], 3]]]
141. [1, [2, [[3, 2], 4]]]
142. [1, [2, [[3, 3], 1]]]
143. [1, [2, [[3, 3], 2]]]
144. [1, [2, [[3, 3], 3]]]
145. [1, [2, [[3, 3], 4]]]
146. [1, [2, [[3, 4], 1]]]
147. [1, [2, [[3, 4], 2]]]
148. [1, [2, [[3, 4], 3]]]
149. [1, [2, [[3, 4], 4]]]
150. [1, [2, [[3, 4], 5]]]
151. [1, [[1, 1], [1, 1]]]
152. [1, [[1, 1], [1, 2]]]
153. [1, [[1, 1], [2, 1]]]
154. [1, [[1, 1], [2, 2]]]
155. [1, [[1, 1], [2, 3]]]
156. [1, [[1, 2], [1, 1]]]
157. [1, [[1, 2], [1, 2]]]
158. [1, [[1, 2], [1, 3]]]
159. [1, [[1, 2], [2, 1]]]
160. [1, [[1, 2], [2, 2]]]
161. [1, [[1, 2], [2, 3]]]
162. [1, [[1, 2], [3, 1]]]
163. [1, [[1, 2], [3, 2]]]
164. [1, [[1, 2], [3, 3]]]
165. [1, [[1, 2], [3, 4]]]
166. [1, [[2, 1], [1, 1]]]
167. [1, [[2, 1], [1, 2]]]
168. [1, [[2, 1], [1, 3]]]
169. [1, [[2, 1], [2, 1]]]
170. [1, [[2, 1], [2, 2]]]
171. [1, [[2, 1], [2, 3]]]
172. [1, [[2, 1], [3, 1]]]
173. [1, [[2, 1], [3, 2]]]
174. [1, [[2, 1], [3, 3]]]
175. [1, [[2, 1], [3, 4]]]
176. [1, [[2, 2], [1, 1]]]
177. [1, [[2, 2], [1, 2]]]
178. [1, [[2, 2], [1, 3]]]
179. [1, [[2, 2], [2, 1]]]
180. [1, [[2, 2], [2, 2]]]
181. [1, [[2, 2], [2, 3]]]
182. [1, [[2, 2], [3, 1]]]
183. [1, [[2, 2], [3, 2]]]
184. [1, [[2, 2], [3, 3]]]
185. [1, [[2, 2], [3, 4]]]
186. [1, [[2, 3], [1, 1]]]
187. [1, [[2, 3], [1, 2]]]
188. [1, [[2, 3], [1, 3]]]
189. [1, [[2, 3], [1, 4]]]
190. [1, [[2, 3], [2, 1]]]
191. [1, [[2, 3], [2, 2]]]
192. [1, [[2, 3], [2, 3]]]
193. [1, [[2, 3], [2, 4]]]
194. [1, [[2, 3], [3, 1]]]
195. [1, [[2, 3], [3, 2]]]
196. [1, [[2, 3], [3, 3]]]
197. [1, [[2, 3], [3, 4]]]
198. [1, [[2, 3], [4, 1]]]
199. [1, [[2, 3], [4, 2]]]
200. [1, [[2, 3], [4, 3]]]
201. [1, [[2, 3], [4, 4]]]
202. [1, [[2, 3], [4, 5]]]
203. [1, [[1, [1, 1]], 1]]
204. [1, [[1, [1, 1]], 2]]
205. [1, [[1, [1, 2]], 1]]
206. [1, [[1, [1, 2]], 2]]
207. [1, [[1, [1, 2]], 3]]
208. [1, [[1, [2, 1]], 1]]
209. [1, [[1, [2, 1]], 2]]
210. [1, [[1, [2, 1]], 3]]
211. [1, [[1, [2, 2]], 1]]
212. [1, [[1, [2, 2]], 2]]
213. [1, [[1, [2, 2]], 3]]
214. [1, [[1, [2, 3]], 1]]
215. [1, [[1, [2, 3]], 2]]
216. [1, [[1, [2, 3]], 3]]
217. [1, [[1, [2, 3]], 4]]
218. [1, [[2, [1, 1]], 1]]
219. [1, [[2, [1, 1]], 2]]
220. [1, [[2, [1, 1]], 3]]
221. [1, [[2, [1, 2]], 1]]
222. [1, [[2, [1, 2]], 2]]
223. [1, [[2, [1, 2]], 3]]
224. [1, [[2, [1, 3]], 1]]
225. [1, [[2, [1, 3]], 2]]
226. [1, [[2, [1, 3]], 3]]
227. [1, [[2, [1, 3]], 4]]
228. [1, [[2, [2, 1]], 1]]
229. [1, [[2, [2, 1]], 2]]
230. [1, [[2, [2, 1]], 3]]
231. [1, [[2, [2, 2]], 1]]
232. [1, [[2, [2, 2]], 2]]
233. [1, [[2, [2, 2]], 3]]
234. [1, [[2, [2, 3]], 1]]
235. [1, [[2, [2, 3]], 2]]
236. [1, [[2, [2, 3]], 3]]
237. [1, [[2, [2, 3]], 4]]
238. [1, [[2, [3, 1]], 1]]
239. [1, [[2, [3, 1]], 2]]
240. [1, [[2, [3, 1]], 3]]
241. [1, [[2, [3, 1]], 4]]
242. [1, [[2, [3, 2]], 1]]
243. [1, [[2, [3, 2]], 2]]
244. [1, [[2, [3, 2]], 3]]
245. [1, [[2, [3, 2]], 4]]
246. [1, [[2, [3, 3]], 1]]
247. [1, [[2, [3, 3]], 2]]
248. [1, [[2, [3, 3]], 3]]
249. [1, [[2, [3, 3]], 4]]
250. [1, [[2, [3, 4]], 1]]
251. [1, [[2, [3, 4]], 2]]
252. [1, [[2, [3, 4]], 3]]
253. [1, [[2, [3, 4]], 4]]
254. [1, [[2, [3, 4]], 5]]
255. [1, [[[1, 1], 1], 1]]
256. [1, [[[1, 1], 1], 2]]
257. [1, [[[1, 1], 2], 1]]
258. [1, [[[1, 1], 2], 2]]
259. [1, [[[1, 1], 2], 3]]
260. [1, [[[1, 2], 1], 1]]
261. [1, [[[1, 2], 1], 2]]
262. [1, [[[1, 2], 1], 3]]
263. [1, [[[1, 2], 2], 1]]
264. [1, [[[1, 2], 2], 2]]
265. [1, [[[1, 2], 2], 3]]
266. [1, [[[1, 2], 3], 1]]
267. [1, [[[1, 2], 3], 2]]
268. [1, [[[1, 2], 3], 3]]
269. [1, [[[1, 2], 3], 4]]
270. [1, [[[2, 1], 1], 1]]
271. [1, [[[2, 1], 1], 2]]
272. [1, [[[2, 1], 1], 3]]
273. [1, [[[2, 1], 2], 1]]
274. [1, [[[2, 1], 2], 2]]
275. [1, [[[2, 1], 2], 3]]
276. [1, [[[2, 1], 3], 1]]
277. [1, [[[2, 1], 3], 2]]
278. [1, [[[2, 1], 3], 3]]
279. [1, [[[2, 1], 3], 4]]
280. [1, [[[2, 2], 1], 1]]
281. [1, [[[2, 2], 1], 2]]
282. [1, [[[2, 2], 1], 3]]
283. [1, [[[2, 2], 2], 1]]
284. [1, [[[2, 2], 2], 2]]
285. [1, [[[2, 2], 2], 3]]
286. [1, [[[2, 2], 3], 1]]
287. [1, [[[2, 2], 3], 2]]
288. [1, [[[2, 2], 3], 3]]
289. [1, [[[2, 2], 3], 4]]
290. [1, [[[2, 3], 1], 1]]
291. [1, [[[2, 3], 1], 2]]
292. [1, [[[2, 3], 1], 3]]
293. [1, [[[2, 3], 1], 4]]
294. [1, [[[2, 3], 2], 1]]
295. [1, [[[2, 3], 2], 2]]
296. [1, [[[2, 3], 2], 3]]
297. [1, [[[2, 3], 2], 4]]
298. [1, [[[2, 3], 3], 1]]
299. [1, [[[2, 3], 3], 2]]
300. [1, [[[2, 3], 3], 3]]
301. [1, [[[2, 3], 3], 4]]
302. [1, [[[2, 3], 4], 1]]
303. [1, [[[2, 3], 4], 2]]
304. [1, [[[2, 3], 4], 3]]
305. [1, [[[2, 3], 4], 4]]
306. [1, [[[2, 3], 4], 5]]
307. [[1, 1], [1, [1, 1]]]
308. [[1, 1], [1, [1, 2]]]
309. [[1, 1], [1, [2, 1]]]
310. [[1, 1], [1, [2, 2]]]
311. [[1, 1], [1, [2, 3]]]
312. [[1, 1], [2, [1, 1]]]
313. [[1, 1], [2, [1, 2]]]
314. [[1, 1], [2, [1, 3]]]
315. [[1, 1], [2, [2, 1]]]
316. [[1, 1], [2, [2, 2]]]
317. [[1, 1], [2, [2, 3]]]
318. [[1, 1], [2, [3, 1]]]
319. [[1, 1], [2, [3, 2]]]
320. [[1, 1], [2, [3, 3]]]
321. [[1, 1], [2, [3, 4]]]
322. [[1, 2], [1, [1, 1]]]
323. [[1, 2], [1, [1, 2]]]
324. [[1, 2], [1, [1, 3]]]
325. [[1, 2], [1, [2, 1]]]
326. [[1, 2], [1, [2, 2]]]
327. [[1, 2], [1, [2, 3]]]
328. [[1, 2], [1, [3, 1]]]
329. [[1, 2], [1, [3, 2]]]
330. [[1, 2], [1, [3, 3]]]
331. [[1, 2], [1, [3, 4]]]
332. [[1, 2], [2, [1, 1]]]
333. [[1, 2], [2, [1, 2]]]
334. [[1, 2], [2, [1, 3]]]
335. [[1, 2], [2, [2, 1]]]
336. [[1, 2], [2, [2, 2]]]
337. [[1, 2], [2, [2, 3]]]
338. [[1, 2], [2, [3, 1]]]
339. [[1, 2], [2, [3, 2]]]
340. [[1, 2], [2, [3, 3]]]
341. [[1, 2], [2, [3, 4]]]
342. [[1, 2], [3, [1, 1]]]
343. [[1, 2], [3, [1, 2]]]
344. [[1, 2], [3, [1, 3]]]
345. [[1, 2], [3, [1, 4]]]
346. [[1, 2], [3, [2, 1]]]
347. [[1, 2], [3, [2, 2]]]
348. [[1, 2], [3, [2, 3]]]
349. [[1, 2], [3, [2, 4]]]
350. [[1, 2], [3, [3, 1]]]
351. [[1, 2], [3, [3, 2]]]
352. [[1, 2], [3, [3, 3]]]
353. [[1, 2], [3, [3, 4]]]
354. [[1, 2], [3, [4, 1]]]
355. [[1, 2], [3, [4, 2]]]
356. [[1, 2], [3, [4, 3]]]
357. [[1, 2], [3, [4, 4]]]
358. [[1, 2], [3, [4, 5]]]
359. [[1, 1], [[1, 1], 1]]
360. [[1, 1], [[1, 1], 2]]
361. [[1, 1], [[1, 2], 1]]
362. [[1, 1], [[1, 2], 2]]
363. [[1, 1], [[1, 2], 3]]
364. [[1, 1], [[2, 1], 1]]
365. [[1, 1], [[2, 1], 2]]
366. [[1, 1], [[2, 1], 3]]
367. [[1, 1], [[2, 2], 1]]
368. [[1, 1], [[2, 2], 2]]
369. [[1, 1], [[2, 2], 3]]
370. [[1, 1], [[2, 3], 1]]
371. [[1, 1], [[2, 3], 2]]
372. [[1, 1], [[2, 3], 3]]
373. [[1, 1], [[2, 3], 4]]
374. [[1, 2], [[1, 1], 1]]
375. [[1, 2], [[1, 1], 2]]
376. [[1, 2], [[1, 1], 3]]
377. [[1, 2], [[1, 2], 1]]
378. [[1, 2], [[1, 2], 2]]
379. [[1, 2], [[1, 2], 3]]
380. [[1, 2], [[1, 3], 1]]
381. [[1, 2], [[1, 3], 2]]
382. [[1, 2], [[1, 3], 3]]
383. [[1, 2], [[1, 3], 4]]
384. [[1, 2], [[2, 1], 1]]
385. [[1, 2], [[2, 1], 2]]
386. [[1, 2], [[2, 1], 3]]
387. [[1, 2], [[2, 2], 1]]
388. [[1, 2], [[2, 2], 2]]
389. [[1, 2], [[2, 2], 3]]
390. [[1, 2], [[2, 3], 1]]
391. [[1, 2], [[2, 3], 2]]
392. [[1, 2], [[2, 3], 3]]
393. [[1, 2], [[2, 3], 4]]
394. [[1, 2], [[3, 1], 1]]
395. [[1, 2], [[3, 1], 2]]
396. [[1, 2], [[3, 1], 3]]
397. [[1, 2], [[3, 1], 4]]
398. [[1, 2], [[3, 2], 1]]
399. [[1, 2], [[3, 2], 2]]
400. [[1, 2], [[3, 2], 3]]
401. [[1, 2], [[3, 2], 4]]
402. [[1, 2], [[3, 3], 1]]
403. [[1, 2], [[3, 3], 2]]
404. [[1, 2], [[3, 3], 3]]
405. [[1, 2], [[3, 3], 4]]
406. [[1, 2], [[3, 4], 1]]
407. [[1, 2], [[3, 4], 2]]
408. [[1, 2], [[3, 4], 3]]
409. [[1, 2], [[3, 4], 4]]
410. [[1, 2], [[3, 4], 5]]
411. [1, [1, [1, [1, [1, 1]]]]]
412. [1, [1, [1, [1, [1, 2]]]]]
413. [1, [1, [1, [1, [2, 1]]]]]
414. [1, [1, [1, [1, [2, 2]]]]]
415. [1, [1, [1, [1, [2, 3]]]]]
416. [1, [1, [1, [2, [1, 1]]]]]
417. [1, [1, [1, [2, [1, 2]]]]]
418. [1, [1, [1, [2, [1, 3]]]]]
419. [1, [1, [1, [2, [2, 1]]]]]
420. [1, [1, [1, [2, [2, 2]]]]]
421. [1, [1, [1, [2, [2, 3]]]]]
422. [1, [1, [1, [2, [3, 1]]]]]
423. [1, [1, [1, [2, [3, 2]]]]]
424. [1, [1, [1, [2, [3, 3]]]]]
425. [1, [1, [1, [2, [3, 4]]]]]
426. [1, [1, [2, [1, [1, 1]]]]]
427. [1, [1, [2, [1, [1, 2]]]]]
428. [1, [1, [2, [1, [1, 3]]]]]
429. [1, [1, [2, [1, [2, 1]]]]]
430. [1, [1, [2, [1, [2, 2]]]]]
431. [1, [1, [2, [1, [2, 3]]]]]
432. [1, [1, [2, [1, [3, 1]]]]]
433. [1, [1, [2, [1, [3, 2]]]]]
434. [1, [1, [2, [1, [3, 3]]]]]
435. [1, [1, [2, [1, [3, 4]]]]]
436. [1, [1, [2, [2, [1, 1]]]]]
437. [1, [1, [2, [2, [1, 2]]]]]
438. [1, [1, [2, [2, [1, 3]]]]]
439. [1, [1, [2, [2, [2, 1]]]]]
440. [1, [1, [2, [2, [2, 2]]]]]
441. [1, [1, [2, [2, [2, 3]]]]]
442. [1, [1, [2, [2, [3, 1]]]]]
443. [1, [1, [2, [2, [3, 2]]]]]
444. [1, [1, [2, [2, [3, 3]]]]]
445. [1, [1, [2, [2, [3, 4]]]]]
446. [1, [1, [2, [3, [1, 1]]]]]
447. [1, [1, [2, [3, [1, 2]]]]]
448. [1, [1, [2, [3, [1, 3]]]]]
449. [1, [1, [2, [3, [1, 4]]]]]
450. [1, [1, [2, [3, [2, 1]]]]]
451. [1, [1, [2, [3, [2, 2]]]]]
452. [1, [1, [2, [3, [2, 3]]]]]
453. [1, [1, [2, [3, [2, 4]]]]]
454. [1, [1, [2, [3, [3, 1]]]]]
455. [1, [1, [2, [3, [3, 2]]]]]
456. [1, [1, [2, [3, [3, 3]]]]]
457. [1, [1, [2, [3, [3, 4]]]]]
458. [1, [1, [2, [3, [4, 1]]]]]
459. [1, [1, [2, [3, [4, 2]]]]]
460. [1, [1, [2, [3, [4, 3]]]]]
461. [1, [1, [2, [3, [4, 4]]]]]
462. [1, [1, [2, [3, [4, 5]]]]]
463. [1, [2, [1, [1, [1, 1]]]]]
464. [1, [2, [1, [1, [1, 2]]]]]
465. [1, [2, [1, [1, [1, 3]]]]]
466. [1, [2, [1, [1, [2, 1]]]]]
467. [1, [2, [1, [1, [2, 2]]]]]
468. [1, [2, [1, [1, [2, 3]]]]]
469. [1, [2, [1, [1, [3, 1]]]]]
470. [1, [2, [1, [1, [3, 2]]]]]
471. [1, [2, [1, [1, [3, 3]]]]]
472. [1, [2, [1, [1, [3, 4]]]]]
473. [1, [2, [1, [2, [1, 1]]]]]
474. [1, [2, [1, [2, [1, 2]]]]]
475. [1, [2, [1, [2, [1, 3]]]]]
476. [1, [2, [1, [2, [2, 1]]]]]
477. [1, [2, [1, [2, [2, 2]]]]]
478. [1, [2, [1, [2, [2, 3]]]]]
479. [1, [2, [1, [2, [3, 1]]]]]
480. [1, [2, [1, [2, [3, 2]]]]]
481. [1, [2, [1, [2, [3, 3]]]]]
482. [1, [2, [1, [2, [3, 4]]]]]
483. [1, [2, [1, [3, [1, 1]]]]]
484. [1, [2, [1, [3, [1, 2]]]]]
485. [1, [2, [1, [3, [1, 3]]]]]
486. [1, [2, [1, [3, [1, 4]]]]]
487. [1, [2, [1, [3, [2, 1]]]]]
488. [1, [2, [1, [3, [2, 2]]]]]
489. [1, [2, [1, [3, [2, 3]]]]]
490. [1, [2, [1, [3, [2, 4]]]]]
491. [1, [2, [1, [3, [3, 1]]]]]
492. [1, [2, [1, [3, [3, 2]]]]]
493. [1, [2, [1, [3, [3, 3]]]]]
494. [1, [2, [1, [3, [3, 4]]]]]
495. [1, [2, [1, [3, [4, 1]]]]]
496. [1, [2, [1, [3, [4, 2]]]]]
497. [1, [2, [1, [3, [4, 3]]]]]
498. [1, [2, [1, [3, [4, 4]]]]]
499. [1, [2, [1, [3, [4, 5]]]]]
500. [1, [2, [2, [1, [1, 1]]]]]
501. [1, [2, [2, [1, [1, 2]]]]]
502. [1, [2, [2, [1, [1, 3]]]]]
503. [1, [2, [2, [1, [2, 1]]]]]
504. [1, [2, [2, [1, [2, 2]]]]]
505. [1, [2, [2, [1, [2, 3]]]]]
506. [1, [2, [2, [1, [3, 1]]]]]
507. [1, [2, [2, [1, [3, 2]]]]]
508. [1, [2, [2, [1, [3, 3]]]]]
509. [1, [2, [2, [1, [3, 4]]]]]
510. [1, [2, [2, [2, [1, 1]]]]]
511. [1, [2, [2, [2, [1, 2]]]]]
512. [1, [2, [2, [2, [1, 3]]]]]
513. [1, [2, [2, [2, [2, 1]]]]]
514. [1, [2, [2, [2, [2, 2]]]]]
515. [1, [2, [2, [2, [2, 3]]]]]
516. [1, [2, [2, [2, [3, 1]]]]]
517. [1, [2, [2, [2, [3, 2]]]]]
518. [1, [2, [2, [2, [3, 3]]]]]
519. [1, [2, [2, [2, [3, 4]]]]]
520. [1, [2, [2, [3, [1, 1]]]]]
521. [1, [2, [2, [3, [1, 2]]]]]
522. [1, [2, [2, [3, [1, 3]]]]]
523. [1, [2, [2, [3, [1, 4]]]]]
524. [1, [2, [2, [3, [2, 1]]]]]
525. [1, [2, [2, [3, [2, 2]]]]]
526. [1, [2, [2, [3, [2, 3]]]]]
527. [1, [2, [2, [3, [2, 4]]]]]
528. [1, [2, [2, [3, [3, 1]]]]]
529. [1, [2, [2, [3, [3, 2]]]]]
530. [1, [2, [2, [3, [3, 3]]]]]
531. [1, [2, [2, [3, [3, 4]]]]]
532. [1, [2, [2, [3, [4, 1]]]]]
533. [1, [2, [2, [3, [4, 2]]]]]
534. [1, [2, [2, [3, [4, 3]]]]]
535. [1, [2, [2, [3, [4, 4]]]]]
536. [1, [2, [2, [3, [4, 5]]]]]
537. [1, [2, [3, [1, [1, 1]]]]]
538. [1, [2, [3, [1, [1, 2]]]]]
539. [1, [2, [3, [1, [1, 3]]]]]
540. [1, [2, [3, [1, [1, 4]]]]]
541. [1, [2, [3, [1, [2, 1]]]]]
542. [1, [2, [3, [1, [2, 2]]]]]
543. [1, [2, [3, [1, [2, 3]]]]]
544. [1, [2, [3, [1, [2, 4]]]]]
545. [1, [2, [3, [1, [3, 1]]]]]
546. [1, [2, [3, [1, [3, 2]]]]]
547. [1, [2, [3, [1, [3, 3]]]]]
548. [1, [2, [3, [1, [3, 4]]]]]
549. [1, [2, [3, [1, [4, 1]]]]]
550. [1, [2, [3, [1, [4, 2]]]]]
551. [1, [2, [3, [1, [4, 3]]]]]
552. [1, [2, [3, [1, [4, 4]]]]]
553. [1, [2, [3, [1, [4, 5]]]]]
554. [1, [2, [3, [2, [1, 1]]]]]
555. [1, [2, [3, [2, [1, 2]]]]]
556. [1, [2, [3, [2, [1, 3]]]]]
557. [1, [2, [3, [2, [1, 4]]]]]
558. [1, [2, [3, [2, [2, 1]]]]]
559. [1, [2, [3, [2, [2, 2]]]]]
560. [1, [2, [3, [2, [2, 3]]]]]
561. [1, [2, [3, [2, [2, 4]]]]]
562. [1, [2, [3, [2, [3, 1]]]]]
563. [1, [2, [3, [2, [3, 2]]]]]
564. [1, [2, [3, [2, [3, 3]]]]]
565. [1, [2, [3, [2, [3, 4]]]]]
566. [1, [2, [3, [2, [4, 1]]]]]
567. [1, [2, [3, [2, [4, 2]]]]]
568. [1, [2, [3, [2, [4, 3]]]]]
569. [1, [2, [3, [2, [4, 4]]]]]
570. [1, [2, [3, [2, [4, 5]]]]]
571. [1, [2, [3, [3, [1, 1]]]]]
572. [1, [2, [3, [3, [1, 2]]]]]
573. [1, [2, [3, [3, [1, 3]]]]]
574. [1, [2, [3, [3, [1, 4]]]]]
575. [1, [2, [3, [3, [2, 1]]]]]
576. [1, [2, [3, [3, [2, 2]]]]]
577. [1, [2, [3, [3, [2, 3]]]]]
578. [1, [2, [3, [3, [2, 4]]]]]
579. [1, [2, [3, [3, [3, 1]]]]]
580. [1, [2, [3, [3, [3, 2]]]]]
581. [1, [2, [3, [3, [3, 3]]]]]
582. [1, [2, [3, [3, [3, 4]]]]]
583. [1, [2, [3, [3, [4, 1]]]]]
584. [1, [2, [3, [3, [4, 2]]]]]
585. [1, [2, [3, [3, [4, 3]]]]]
586. [1, [2, [3, [3, [4, 4]]]]]
587. [1, [2, [3, [3, [4, 5]]]]]
588. [1, [2, [3, [4, [1, 1]]]]]
589. [1, [2, [3, [4, [1, 2]]]]]
590. [1, [2, [3, [4, [1, 3]]]]]
591. [1, [2, [3, [4, [1, 4]]]]]
592. [1, [2, [3, [4, [1, 5]]]]]
593. [1, [2, [3, [4, [2, 1]]]]]
594. [1, [2, [3, [4, [2, 2]]]]]
595. [1, [2, [3, [4, [2, 3]]]]]
596. [1, [2, [3, [4, [2, 4]]]]]
597. [1, [2, [3, [4, [2, 5]]]]]
598. [1, [2, [3, [4, [3, 1]]]]]
599. [1, [2, [3, [4, [3, 2]]]]]
600. [1, [2, [3, [4, [3, 3]]]]]
601. [1, [2, [3, [4, [3, 4]]]]]
602. [1, [2, [3, [4, [3, 5]]]]]
603. [1, [2, [3, [4, [4, 1]]]]]
604. [1, [2, [3, [4, [4, 2]]]]]
605. [1, [2, [3, [4, [4, 3]]]]]
606. [1, [2, [3, [4, [4, 4]]]]]
607. [1, [2, [3, [4, [4, 5]]]]]
608. [1, [2, [3, [4, [5, 1]]]]]
609. [1, [2, [3, [4, [5, 2]]]]]
610. [1, [2, [3, [4, [5, 3]]]]]
611. [1, [2, [3, [4, [5, 4]]]]]
612. [1, [2, [3, [4, [5, 5]]]]]
613. [1, [2, [3, [4, [5, 6]]]]]
614. [1, [1, [1, [[1, 1], 1]]]]
615. [1, [1, [1, [[1, 1], 2]]]]
616. [1, [1, [1, [[1, 2], 1]]]]
617. [1, [1, [1, [[1, 2], 2]]]]
618. [1, [1, [1, [[1, 2], 3]]]]
619. [1, [1, [1, [[2, 1], 1]]]]
620. [1, [1, [1, [[2, 1], 2]]]]
621. [1, [1, [1, [[2, 1], 3]]]]
622. [1, [1, [1, [[2, 2], 1]]]]
623. [1, [1, [1, [[2, 2], 2]]]]
624. [1, [1, [1, [[2, 2], 3]]]]
625. [1, [1, [1, [[2, 3], 1]]]]
626. [1, [1, [1, [[2, 3], 2]]]]
627. [1, [1, [1, [[2, 3], 3]]]]
628. [1, [1, [1, [[2, 3], 4]]]]
629. [1, [1, [2, [[1, 1], 1]]]]
630. [1, [1, [2, [[1, 1], 2]]]]
631. [1, [1, [2, [[1, 1], 3]]]]
632. [1, [1, [2, [[1, 2], 1]]]]
633. [1, [1, [2, [[1, 2], 2]]]]
634. [1, [1, [2, [[1, 2], 3]]]]
635. [1, [1, [2, [[1, 3], 1]]]]
636. [1, [1, [2, [[1, 3], 2]]]]
637. [1, [1, [2, [[1, 3], 3]]]]
638. [1, [1, [2, [[1, 3], 4]]]]
639. [1, [1, [2, [[2, 1], 1]]]]
640. [1, [1, [2, [[2, 1], 2]]]]
641. [1, [1, [2, [[2, 1], 3]]]]
642. [1, [1, [2, [[2, 2], 1]]]]
643. [1, [1, [2, [[2, 2], 2]]]]
644. [1, [1, [2, [[2, 2], 3]]]]
645. [1, [1, [2, [[2, 3], 1]]]]
646. [1, [1, [2, [[2, 3], 2]]]]
647. [1, [1, [2, [[2, 3], 3]]]]
648. [1, [1, [2, [[2, 3], 4]]]]
649. [1, [1, [2, [[3, 1], 1]]]]
650. [1, [1, [2, [[3, 1], 2]]]]
651. [1, [1, [2, [[3, 1], 3]]]]
652. [1, [1, [2, [[3, 1], 4]]]]
653. [1, [1, [2, [[3, 2], 1]]]]
654. [1, [1, [2, [[3, 2], 2]]]]
655. [1, [1, [2, [[3, 2], 3]]]]
656. [1, [1, [2, [[3, 2], 4]]]]
657. [1, [1, [2, [[3, 3], 1]]]]
658. [1, [1, [2, [[3, 3], 2]]]]
659. [1, [1, [2, [[3, 3], 3]]]]
660. [1, [1, [2, [[3, 3], 4]]]]
661. [1, [1, [2, [[3, 4], 1]]]]
662. [1, [1, [2, [[3, 4], 2]]]]
663. [1, [1, [2, [[3, 4], 3]]]]
664. [1, [1, [2, [[3, 4], 4]]]]
665. [1, [1, [2, [[3, 4], 5]]]]
666. [1, [2, [1, [[1, 1], 1]]]]
667. [1, [2, [1, [[1, 1], 2]]]]
668. [1, [2, [1, [[1, 1], 3]]]]
669. [1, [2, [1, [[1, 2], 1]]]]
670. [1, [2, [1, [[1, 2], 2]]]]
671. [1, [2, [1, [[1, 2], 3]]]]
672. [1, [2, [1, [[1, 3], 1]]]]
673. [1, [2, [1, [[1, 3], 2]]]]
674. [1, [2, [1, [[1, 3], 3]]]]
675. [1, [2, [1, [[1, 3], 4]]]]
676. [1, [2, [1, [[2, 1], 1]]]]
677. [1, [2, [1, [[2, 1], 2]]]]
678. [1, [2, [1, [[2, 1], 3]]]]
679. [1, [2, [1, [[2, 2], 1]]]]
680. [1, [2, [1, [[2, 2], 2]]]]
681. [1, [2, [1, [[2, 2], 3]]]]
682. [1, [2, [1, [[2, 3], 1]]]]
683. [1, [2, [1, [[2, 3], 2]]]]
684. [1, [2, [1, [[2, 3], 3]]]]
685. [1, [2, [1, [[2, 3], 4]]]]
686. [1, [2, [1, [[3, 1], 1]]]]
687. [1, [2, [1, [[3, 1], 2]]]]
688. [1, [2, [1, [[3, 1], 3]]]]
689. [1, [2, [1, [[3, 1], 4]]]]
690. [1, [2, [1, [[3, 2], 1]]]]
691. [1, [2, [1, [[3, 2], 2]]]]
692. [1, [2, [1, [[3, 2], 3]]]]
693. [1, [2, [1, [[3, 2], 4]]]]
694. [1, [2, [1, [[3, 3], 1]]]]
695. [1, [2, [1, [[3, 3], 2]]]]
696. [1, [2, [1, [[3, 3], 3]]]]
697. [1, [2, [1, [[3, 3], 4]]]]
698. [1, [2, [1, [[3, 4], 1]]]]
699. [1, [2, [1, [[3, 4], 2]]]]
700. [1, [2, [1, [[3, 4], 3]]]]
701. [1, [2, [1, [[3, 4], 4]]]]
702. [1, [2, [1, [[3, 4], 5]]]]
703. [1, [2, [2, [[1, 1], 1]]]]
704. [1, [2, [2, [[1, 1], 2]]]]
705. [1, [2, [2, [[1, 1], 3]]]]
706. [1, [2, [2, [[1, 2], 1]]]]
707. [1, [2, [2, [[1, 2], 2]]]]
708. [1, [2, [2, [[1, 2], 3]]]]
709. [1, [2, [2, [[1, 3], 1]]]]
710. [1, [2, [2, [[1, 3], 2]]]]
711. [1, [2, [2, [[1, 3], 3]]]]
712. [1, [2, [2, [[1, 3], 4]]]]
713. [1, [2, [2, [[2, 1], 1]]]]
714. [1, [2, [2, [[2, 1], 2]]]]
715. [1, [2, [2, [[2, 1], 3]]]]
716. [1, [2, [2, [[2, 2], 1]]]]
717. [1, [2, [2, [[2, 2], 2]]]]
718. [1, [2, [2, [[2, 2], 3]]]]
719. [1, [2, [2, [[2, 3], 1]]]]
720. [1, [2, [2, [[2, 3], 2]]]]
721. [1, [2, [2, [[2, 3], 3]]]]
722. [1, [2, [2, [[2, 3], 4]]]]
723. [1, [2, [2, [[3, 1], 1]]]]
724. [1, [2, [2, [[3, 1], 2]]]]
725. [1, [2, [2, [[3, 1], 3]]]]
726. [1, [2, [2, [[3, 1], 4]]]]
727. [1, [2, [2, [[3, 2], 1]]]]
728. [1, [2, [2, [[3, 2], 2]]]]
729. [1, [2, [2, [[3, 2], 3]]]]
730. [1, [2, [2, [[3, 2], 4]]]]
731. [1, [2, [2, [[3, 3], 1]]]]
732. [1, [2, [2, [[3, 3], 2]]]]
733. [1, [2, [2, [[3, 3], 3]]]]
734. [1, [2, [2, [[3, 3], 4]]]]
735. [1, [2, [2, [[3, 4], 1]]]]
736. [1, [2, [2, [[3, 4], 2]]]]
737. [1, [2, [2, [[3, 4], 3]]]]
738. [1, [2, [2, [[3, 4], 4]]]]
739. [1, [2, [2, [[3, 4], 5]]]]
740. [1, [2, [3, [[1, 1], 1]]]]
741. [1, [2, [3, [[1, 1], 2]]]]
742. [1, [2, [3, [[1, 1], 3]]]]
743. [1, [2, [3, [[1, 1], 4]]]]
744. [1, [2, [3, [[1, 2], 1]]]]
745. [1, [2, [3, [[1, 2], 2]]]]
746. [1, [2, [3, [[1, 2], 3]]]]
747. [1, [2, [3, [[1, 2], 4]]]]
748. [1, [2, [3, [[1, 3], 1]]]]
749. [1, [2, [3, [[1, 3], 2]]]]
750. [1, [2, [3, [[1, 3], 3]]]]
751. [1, [2, [3, [[1, 3], 4]]]]
752. [1, [2, [3, [[1, 4], 1]]]]
753. [1, [2, [3, [[1, 4], 2]]]]
754. [1, [2, [3, [[1, 4], 3]]]]
755. [1, [2, [3, [[1, 4], 4]]]]
756. [1, [2, [3, [[1, 4], 5]]]]
757. [1, [2, [3, [[2, 1], 1]]]]
758. [1, [2, [3, [[2, 1], 2]]]]
759. [1, [2, [3, [[2, 1], 3]]]]
760. [1, [2, [3, [[2, 1], 4]]]]
761. [1, [2, [3, [[2, 2], 1]]]]
762. [1, [2, [3, [[2, 2], 2]]]]
763. [1, [2, [3, [[2, 2], 3]]]]
764. [1, [2, [3, [[2, 2], 4]]]]
765. [1, [2, [3, [[2, 3], 1]]]]
766. [1, [2, [3, [[2, 3], 2]]]]
767. [1, [2, [3, [[2, 3], 3]]]]
768. [1, [2, [3, [[2, 3], 4]]]]
769. [1, [2, [3, [[2, 4], 1]]]]
770. [1, [2, [3, [[2, 4], 2]]]]
771. [1, [2, [3, [[2, 4], 3]]]]
772. [1, [2, [3, [[2, 4], 4]]]]
773. [1, [2, [3, [[2, 4], 5]]]]
774. [1, [2, [3, [[3, 1], 1]]]]
775. [1, [2, [3, [[3, 1], 2]]]]
776. [1, [2, [3, [[3, 1], 3]]]]
777. [1, [2, [3, [[3, 1], 4]]]]
778. [1, [2, [3, [[3, 2], 1]]]]
779. [1, [2, [3, [[3, 2], 2]]]]
780. [1, [2, [3, [[3, 2], 3]]]]
781. [1, [2, [3, [[3, 2], 4]]]]
782. [1, [2, [3, [[3, 3], 1]]]]
783. [1, [2, [3, [[3, 3], 2]]]]
784. [1, [2, [3, [[3, 3], 3]]]]
785. [1, [2, [3, [[3, 3], 4]]]]
786. [1, [2, [3, [[3, 4], 1]]]]
787. [1, [2, [3, [[3, 4], 2]]]]
788. [1, [2, [3, [[3, 4], 3]]]]
789. [1, [2, [3, [[3, 4], 4]]]]
790. [1, [2, [3, [[3, 4], 5]]]]
791. [1, [2, [3, [[4, 1], 1]]]]
792. [1, [2, [3, [[4, 1], 2]]]]
793. [1, [2, [3, [[4, 1], 3]]]]
794. [1, [2, [3, [[4, 1], 4]]]]
795. [1, [2, [3, [[4, 1], 5]]]]
796. [1, [2, [3, [[4, 2], 1]]]]
797. [1, [2, [3, [[4, 2], 2]]]]
798. [1, [2, [3, [[4, 2], 3]]]]
799. [1, [2, [3, [[4, 2], 4]]]]
800. [1, [2, [3, [[4, 2], 5]]]]
801. [1, [2, [3, [[4, 3], 1]]]]
802. [1, [2, [3, [[4, 3], 2]]]]
803. [1, [2, [3, [[4, 3], 3]]]]
804. [1, [2, [3, [[4, 3], 4]]]]
805. [1, [2, [3, [[4, 3], 5]]]]
806. [1, [2, [3, [[4, 4], 1]]]]
807. [1, [2, [3, [[4, 4], 2]]]]
808. [1, [2, [3, [[4, 4], 3]]]]
809. [1, [2, [3, [[4, 4], 4]]]]
810. [1, [2, [3, [[4, 4], 5]]]]
811. [1, [2, [3, [[4, 5], 1]]]]
812. [1, [2, [3, [[4, 5], 2]]]]
813. [1, [2, [3, [[4, 5], 3]]]]
814. [1, [2, [3, [[4, 5], 4]]]]
815. [1, [2, [3, [[4, 5], 5]]]]
816. [1, [2, [3, [[4, 5], 6]]]]
817. [1, [1, [[1, 1], [1, 1]]]]
818. [1, [1, [[1, 1], [1, 2]]]]
819. [1, [1, [[1, 1], [2, 1]]]]
820. [1, [1, [[1, 1], [2, 2]]]]
821. [1, [1, [[1, 1], [2, 3]]]]
822. [1, [1, [[1, 2], [1, 1]]]]
823. [1, [1, [[1, 2], [1, 2]]]]
824. [1, [1, [[1, 2], [1, 3]]]]
825. [1, [1, [[1, 2], [2, 1]]]]
826. [1, [1, [[1, 2], [2, 2]]]]
827. [1, [1, [[1, 2], [2, 3]]]]
828. [1, [1, [[1, 2], [3, 1]]]]
829. [1, [1, [[1, 2], [3, 2]]]]
830. [1, [1, [[1, 2], [3, 3]]]]
831. [1, [1, [[1, 2], [3, 4]]]]
832. [1, [1, [[2, 1], [1, 1]]]]
833. [1, [1, [[2, 1], [1, 2]]]]
834. [1, [1, [[2, 1], [1, 3]]]]
835. [1, [1, [[2, 1], [2, 1]]]]
836. [1, [1, [[2, 1], [2, 2]]]]
837. [1, [1, [[2, 1], [2, 3]]]]
838. [1, [1, [[2, 1], [3, 1]]]]
839. [1, [1, [[2, 1], [3, 2]]]]
840. [1, [1, [[2, 1], [3, 3]]]]
841. [1, [1, [[2, 1], [3, 4]]]]
842. [1, [1, [[2, 2], [1, 1]]]]
843. [1, [1, [[2, 2], [1, 2]]]]
844. [1, [1, [[2, 2], [1, 3]]]]
845. [1, [1, [[2, 2], [2, 1]]]]
846. [1, [1, [[2, 2], [2, 2]]]]
847. [1, [1, [[2, 2], [2, 3]]]]
848. [1, [1, [[2, 2], [3, 1]]]]
849. [1, [1, [[2, 2], [3, 2]]]]
850. [1, [1, [[2, 2], [3, 3]]]]
851. [1, [1, [[2, 2], [3, 4]]]]
852. [1, [1, [[2, 3], [1, 1]]]]
853. [1, [1, [[2, 3], [1, 2]]]]
854. [1, [1, [[2, 3], [1, 3]]]]
855. [1, [1, [[2, 3], [1, 4]]]]
856. [1, [1, [[2, 3], [2, 1]]]]
857. [1, [1, [[2, 3], [2, 2]]]]
858. [1, [1, [[2, 3], [2, 3]]]]
859. [1, [1, [[2, 3], [2, 4]]]]
860. [1, [1, [[2, 3], [3, 1]]]]
861. [1, [1, [[2, 3], [3, 2]]]]
862. [1, [1, [[2, 3], [3, 3]]]]
863. [1, [1, [[2, 3], [3, 4]]]]
864. [1, [1, [[2, 3], [4, 1]]]]
865. [1, [1, [[2, 3], [4, 2]]]]
866. [1, [1, [[2, 3], [4, 3]]]]
867. [1, [1, [[2, 3], [4, 4]]]]
868. [1, [1, [[2, 3], [4, 5]]]]
869. [1, [2, [[1, 1], [1, 1]]]]
870. [1, [2, [[1, 1], [1, 2]]]]
871. [1, [2, [[1, 1], [1, 3]]]]
872. [1, [2, [[1, 1], [2, 1]]]]
873. [1, [2, [[1, 1], [2, 2]]]]
874. [1, [2, [[1, 1], [2, 3]]]]
875. [1, [2, [[1, 1], [3, 1]]]]
876. [1, [2, [[1, 1], [3, 2]]]]
877. [1, [2, [[1, 1], [3, 3]]]]
878. [1, [2, [[1, 1], [3, 4]]]]
879. [1, [2, [[1, 2], [1, 1]]]]
880. [1, [2, [[1, 2], [1, 2]]]]
881. [1, [2, [[1, 2], [1, 3]]]]
882. [1, [2, [[1, 2], [2, 1]]]]
883. [1, [2, [[1, 2], [2, 2]]]]
884. [1, [2, [[1, 2], [2, 3]]]]
885. [1, [2, [[1, 2], [3, 1]]]]
886. [1, [2, [[1, 2], [3, 2]]]]
887. [1, [2, [[1, 2], [3, 3]]]]
888. [1, [2, [[1, 2], [3, 4]]]]
889. [1, [2, [[1, 3], [1, 1]]]]
890. [1, [2, [[1, 3], [1, 2]]]]
891. [1, [2, [[1, 3], [1, 3]]]]
892. [1, [2, [[1, 3], [1, 4]]]]
893. [1, [2, [[1, 3], [2, 1]]]]
894. [1, [2, [[1, 3], [2, 2]]]]
895. [1, [2, [[1, 3], [2, 3]]]]
896. [1, [2, [[1, 3], [2, 4]]]]
897. [1, [2, [[1, 3], [3, 1]]]]
898. [1, [2, [[1, 3], [3, 2]]]]
899. [1, [2, [[1, 3], [3, 3]]]]
900. [1, [2, [[1, 3], [3, 4]]]]
901. [1, [2, [[1, 3], [4, 1]]]]
902. [1, [2, [[1, 3], [4, 2]]]]
903. [1, [2, [[1, 3], [4, 3]]]]
904. [1, [2, [[1, 3], [4, 4]]]]
905. [1, [2, [[1, 3], [4, 5]]]]
906. [1, [2, [[2, 1], [1, 1]]]]
907. [1, [2, [[2, 1], [1, 2]]]]
908. [1, [2, [[2, 1], [1, 3]]]]
909. [1, [2, [[2, 1], [2, 1]]]]
910. [1, [2, [[2, 1], [2, 2]]]]
911. [1, [2, [[2, 1], [2, 3]]]]
912. [1, [2, [[2, 1], [3, 1]]]]
913. [1, [2, [[2, 1], [3, 2]]]]
914. [1, [2, [[2, 1], [3, 3]]]]
915. [1, [2, [[2, 1], [3, 4]]]]
916. [1, [2, [[2, 2], [1, 1]]]]
917. [1, [2, [[2, 2], [1, 2]]]]
918. [1, [2, [[2, 2], [1, 3]]]]
919. [1, [2, [[2, 2], [2, 1]]]]
920. [1, [2, [[2, 2], [2, 2]]]]
921. [1, [2, [[2, 2], [2, 3]]]]
922. [1, [2, [[2, 2], [3, 1]]]]
923. [1, [2, [[2, 2], [3, 2]]]]
924. [1, [2, [[2, 2], [3, 3]]]]
925. [1, [2, [[2, 2], [3, 4]]]]
926. [1, [2, [[2, 3], [1, 1]]]]
927. [1, [2, [[2, 3], [1, 2]]]]
928. [1, [2, [[2, 3], [1, 3]]]]
929. [1, [2, [[2, 3], [1, 4]]]]
930. [1, [2, [[2, 3], [2, 1]]]]
931. [1, [2, [[2, 3], [2, 2]]]]
932. [1, [2, [[2, 3], [2, 3]]]]
933. [1, [2, [[2, 3], [2, 4]]]]
934. [1, [2, [[2, 3], [3, 1]]]]
935. [1, [2, [[2, 3], [3, 2]]]]
936. [1, [2, [[2, 3], [3, 3]]]]
937. [1, [2, [[2, 3], [3, 4]]]]
938. [1, [2, [[2, 3], [4, 1]]]]
939. [1, [2, [[2, 3], [4, 2]]]]
940. [1, [2, [[2, 3], [4, 3]]]]
941. [1, [2, [[2, 3], [4, 4]]]]
942. [1, [2, [[2, 3], [4, 5]]]]
943. [1, [2, [[3, 1], [1, 1]]]]
944. [1, [2, [[3, 1], [1, 2]]]]
945. [1, [2, [[3, 1], [1, 3]]]]
946. [1, [2, [[3, 1], [1, 4]]]]
947. [1, [2, [[3, 1], [2, 1]]]]
948. [1, [2, [[3, 1], [2, 2]]]]
949. [1, [2, [[3, 1], [2, 3]]]]
950. [1, [2, [[3, 1], [2, 4]]]]
951. [1, [2, [[3, 1], [3, 1]]]]
952. [1, [2, [[3, 1], [3, 2]]]]
953. [1, [2, [[3, 1], [3, 3]]]]
954. [1, [2, [[3, 1], [3, 4]]]]
955. [1, [2, [[3, 1], [4, 1]]]]
956. [1, [2, [[3, 1], [4, 2]]]]
957. [1, [2, [[3, 1], [4, 3]]]]
958. [1, [2, [[3, 1], [4, 4]]]]
959. [1, [2, [[3, 1], [4, 5]]]]
960. [1, [2, [[3, 2], [1, 1]]]]
961. [1, [2, [[3, 2], [1, 2]]]]
962. [1, [2, [[3, 2], [1, 3]]]]
963. [1, [2, [[3, 2], [1, 4]]]]
964. [1, [2, [[3, 2], [2, 1]]]]
965. [1, [2, [[3, 2], [2, 2]]]]
966. [1, [2, [[3, 2], [2, 3]]]]
967. [1, [2, [[3, 2], [2, 4]]]]
968. [1, [2, [[3, 2], [3, 1]]]]
969. [1, [2, [[3, 2], [3, 2]]]]
970. [1, [2, [[3, 2], [3, 3]]]]
971. [1, [2, [[3, 2], [3, 4]]]]
972. [1, [2, [[3, 2], [4, 1]]]]
973. [1, [2, [[3, 2], [4, 2]]]]
974. [1, [2, [[3, 2], [4, 3]]]]
975. [1, [2, [[3, 2], [4, 4]]]]
976. [1, [2, [[3, 2], [4, 5]]]]
977. [1, [2, [[3, 3], [1, 1]]]]
978. [1, [2, [[3, 3], [1, 2]]]]
979. [1, [2, [[3, 3], [1, 3]]]]
980. [1, [2, [[3, 3], [1, 4]]]]
981. [1, [2, [[3, 3], [2, 1]]]]
982. [1, [2, [[3, 3], [2, 2]]]]
983. [1, [2, [[3, 3], [2, 3]]]]
984. [1, [2, [[3, 3], [2, 4]]]]
985. [1, [2, [[3, 3], [3, 1]]]]
986. [1, [2, [[3, 3], [3, 2]]]]
987. [1, [2, [[3, 3], [3, 3]]]]
988. [1, [2, [[3, 3], [3, 4]]]]
989. [1, [2, [[3, 3], [4, 1]]]]
990. [1, [2, [[3, 3], [4, 2]]]]
991. [1, [2, [[3, 3], [4, 3]]]]
992. [1, [2, [[3, 3], [4, 4]]]]
993. [1, [2, [[3, 3], [4, 5]]]]
994. [1, [2, [[3, 4], [1, 1]]]]
995. [1, [2, [[3, 4], [1, 2]]]]
996. [1, [2, [[3, 4], [1, 3]]]]
997. [1, [2, [[3, 4], [1, 4]]]]
998. [1, [2, [[3, 4], [1, 5]]]]
999. [1, [2, [[3, 4], [2, 1]]]]
1000. [1, [2, [[3, 4], [2, 2]]]]
1001. [1, [2, [[3, 4], [2, 3]]]]
1002. [1, [2, [[3, 4], [2, 4]]]]
1003. [1, [2, [[3, 4], [2, 5]]]]
1004. [1, [2, [[3, 4], [3, 1]]]]
1005. [1, [2, [[3, 4], [3, 2]]]]
1006. [1, [2, [[3, 4], [3, 3]]]]
1007. [1, [2, [[3, 4], [3, 4]]]]
1008. [1, [2, [[3, 4], [3, 5]]]]
1009. [1, [2, [[3, 4], [4, 1]]]]
1010. [1, [2, [[3, 4], [4, 2]]]]
1011. [1, [2, [[3, 4], [4, 3]]]]
1012. [1, [2, [[3, 4], [4, 4]]]]
1013. [1, [2, [[3, 4], [4, 5]]]]
1014. [1, [2, [[3, 4], [5, 1]]]]
1015. [1, [2, [[3, 4], [5, 2]]]]
1016. [1, [2, [[3, 4], [5, 3]]]]
1017. [1, [2, [[3, 4], [5, 4]]]]
1018. [1, [2, [[3, 4], [5, 5]]]]
1019. [1, [2, [[3, 4], [5, 6]]]]
1020. [1, [1, [[1, [1, 1]], 1]]]
1021. [1, [1, [[1, [1, 1]], 2]]]
1022. [1, [1, [[1, [1, 2]], 1]]]
1023. [1, [1, [[1, [1, 2]], 2]]]
1024. [1, [1, [[1, [1, 2]], 3]]]
1025. [1, [1, [[1, [2, 1]], 1]]]
1026. [1, [1, [[1, [2, 1]], 2]]]
1027. [1, [1, [[1, [2, 1]], 3]]]
1028. [1, [1, [[1, [2, 2]], 1]]]
1029. [1, [1, [[1, [2, 2]], 2]]]
1030. [1, [1, [[1, [2, 2]], 3]]]
1031. [1, [1, [[1, [2, 3]], 1]]]
1032. [1, [1, [[1, [2, 3]], 2]]]
1033. [1, [1, [[1, [2, 3]], 3]]]
1034. [1, [1, [[1, [2, 3]], 4]]]
1035. [1, [1, [[2, [1, 1]], 1]]]
1036. [1, [1, [[2, [1, 1]], 2]]]
1037. [1, [1, [[2, [1, 1]], 3]]]
1038. [1, [1, [[2, [1, 2]], 1]]]
1039. [1, [1, [[2, [1, 2]], 2]]]
1040. [1, [1, [[2, [1, 2]], 3]]]
1041. [1, [1, [[2, [1, 3]], 1]]]
1042. [1, [1, [[2, [1, 3]], 2]]]
1043. [1, [1, [[2, [1, 3]], 3]]]
1044. [1, [1, [[2, [1, 3]], 4]]]
1045. [1, [1, [[2, [2, 1]], 1]]]
1046. [1, [1, [[2, [2, 1]], 2]]]
1047. [1, [1, [[2, [2, 1]], 3]]]
1048. [1, [1, [[2, [2, 2]], 1]]]
1049. [1, [1, [[2, [2, 2]], 2]]]
1050. [1, [1, [[2, [2, 2]], 3]]]
1051. [1, [1, [[2, [2, 3]], 1]]]
1052. [1, [1, [[2, [2, 3]], 2]]]
1053. [1, [1, [[2, [2, 3]], 3]]]
1054. [1, [1, [[2, [2, 3]], 4]]]
1055. [1, [1, [[2, [3, 1]], 1]]]
1056. [1, [1, [[2, [3, 1]], 2]]]
1057. [1, [1, [[2, [3, 1]], 3]]]
1058. [1, [1, [[2, [3, 1]], 4]]]
1059. [1, [1, [[2, [3, 2]], 1]]]
1060. [1, [1, [[2, [3, 2]], 2]]]
1061. [1, [1, [[2, [3, 2]], 3]]]
1062. [1, [1, [[2, [3, 2]], 4]]]
1063. [1, [1, [[2, [3, 3]], 1]]]
1064. [1, [1, [[2, [3, 3]], 2]]]
1065. [1, [1, [[2, [3, 3]], 3]]]
1066. [1, [1, [[2, [3, 3]], 4]]]
1067. [1, [1, [[2, [3, 4]], 1]]]
1068. [1, [1, [[2, [3, 4]], 2]]]
1069. [1, [1, [[2, [3, 4]], 3]]]
1070. [1, [1, [[2, [3, 4]], 4]]]
1071. [1, [1, [[2, [3, 4]], 5]]]
1072. [1, [2, [[1, [1, 1]], 1]]]
1073. [1, [2, [[1, [1, 1]], 2]]]
1074. [1, [2, [[1, [1, 1]], 3]]]
1075. [1, [2, [[1, [1, 2]], 1]]]
1076. [1, [2, [[1, [1, 2]], 2]]]
1077. [1, [2, [[1, [1, 2]], 3]]]
1078. [1, [2, [[1, [1, 3]], 1]]]
1079. [1, [2, [[1, [1, 3]], 2]]]
1080. [1, [2, [[1, [1, 3]], 3]]]
1081. [1, [2, [[1, [1, 3]], 4]]]
1082. [1, [2, [[1, [2, 1]], 1]]]
1083. [1, [2, [[1, [2, 1]], 2]]]
1084. [1, [2, [[1, [2, 1]], 3]]]
1085. [1, [2, [[1, [2, 2]], 1]]]
1086. [1, [2, [[1, [2, 2]], 2]]]
1087. [1, [2, [[1, [2, 2]], 3]]]
1088. [1, [2, [[1, [2, 3]], 1]]]
1089. [1, [2, [[1, [2, 3]], 2]]]
1090. [1, [2, [[1, [2, 3]], 3]]]
1091. [1, [2, [[1, [2, 3]], 4]]]
1092. [1, [2, [[1, [3, 1]], 1]]]
1093. [1, [2, [[1, [3, 1]], 2]]]
1094. [1, [2, [[1, [3, 1]], 3]]]
1095. [1, [2, [[1, [3, 1]], 4]]]
1096. [1, [2, [[1, [3, 2]], 1]]]
1097. [1, [2, [[1, [3, 2]], 2]]]
1098. [1, [2, [[1, [3, 2]], 3]]]
1099. [1, [2, [[1, [3, 2]], 4]]]
1100. [1, [2, [[1, [3, 3]], 1]]]
1101. [1, [2, [[1, [3, 3]], 2]]]
1102. [1, [2, [[1, [3, 3]], 3]]]
1103. [1, [2, [[1, [3, 3]], 4]]]
1104. [1, [2, [[1, [3, 4]], 1]]]
1105. [1, [2, [[1, [3, 4]], 2]]]
1106. [1, [2, [[1, [3, 4]], 3]]]
1107. [1, [2, [[1, [3, 4]], 4]]]
1108. [1, [2, [[1, [3, 4]], 5]]]
1109. [1, [2, [[2, [1, 1]], 1]]]
1110. [1, [2, [[2, [1, 1]], 2]]]
1111. [1, [2, [[2, [1, 1]], 3]]]
1112. [1, [2, [[2, [1, 2]], 1]]]
1113. [1, [2, [[2, [1, 2]], 2]]]
1114. [1, [2, [[2, [1, 2]], 3]]]
1115. [1, [2, [[2, [1, 3]], 1]]]
1116. [1, [2, [[2, [1, 3]], 2]]]
1117. [1, [2, [[2, [1, 3]], 3]]]
1118. [1, [2, [[2, [1, 3]], 4]]]
1119. [1, [2, [[2, [2, 1]], 1]]]
1120. [1, [2, [[2, [2, 1]], 2]]]
1121. [1, [2, [[2, [2, 1]], 3]]]
1122. [1, [2, [[2, [2, 2]], 1]]]
1123. [1, [2, [[2, [2, 2]], 2]]]
1124. [1, [2, [[2, [2, 2]], 3]]]
1125. [1, [2, [[2, [2, 3]], 1]]]
1126. [1, [2, [[2, [2, 3]], 2]]]
1127. [1, [2, [[2, [2, 3]], 3]]]
1128. [1, [2, [[2, [2, 3]], 4]]]
1129. [1, [2, [[2, [3, 1]], 1]]]
1130. [1, [2, [[2, [3, 1]], 2]]]
1131. [1, [2, [[2, [3, 1]], 3]]]
1132. [1, [2, [[2, [3, 1]], 4]]]
1133. [1, [2, [[2, [3, 2]], 1]]]
1134. [1, [2, [[2, [3, 2]], 2]]]
1135. [1, [2, [[2, [3, 2]], 3]]]
1136. [1, [2, [[2, [3, 2]], 4]]]
1137. [1, [2, [[2, [3, 3]], 1]]]
1138. [1, [2, [[2, [3, 3]], 2]]]
1139. [1, [2, [[2, [3, 3]], 3]]]
1140. [1, [2, [[2, [3, 3]], 4]]]
1141. [1, [2, [[2, [3, 4]], 1]]]
1142. [1, [2, [[2, [3, 4]], 2]]]
1143. [1, [2, [[2, [3, 4]], 3]]]
1144. [1, [2, [[2, [3, 4]], 4]]]
1145. [1, [2, [[2, [3, 4]], 5]]]
1146. [1, [2, [[3, [1, 1]], 1]]]
1147. [1, [2, [[3, [1, 1]], 2]]]
1148. [1, [2, [[3, [1, 1]], 3]]]
1149. [1, [2, [[3, [1, 1]], 4]]]
1150. [1, [2, [[3, [1, 2]], 1]]]
1151. [1, [2, [[3, [1, 2]], 2]]]
1152. [1, [2, [[3, [1, 2]], 3]]]
1153. [1, [2, [[3, [1, 2]], 4]]]
1154. [1, [2, [[3, [1, 3]], 1]]]
1155. [1, [2, [[3, [1, 3]], 2]]]
1156. [1, [2, [[3, [1, 3]], 3]]]
1157. [1, [2, [[3, [1, 3]], 4]]]
1158. [1, [2, [[3, [1, 4]], 1]]]
1159. [1, [2, [[3, [1, 4]], 2]]]
1160. [1, [2, [[3, [1, 4]], 3]]]
1161. [1, [2, [[3, [1, 4]], 4]]]
1162. [1, [2, [[3, [1, 4]], 5]]]
1163. [1, [2, [[3, [2, 1]], 1]]]
1164. [1, [2, [[3, [2, 1]], 2]]]
1165. [1, [2, [[3, [2, 1]], 3]]]
1166. [1, [2, [[3, [2, 1]], 4]]]
1167. [1, [2, [[3, [2, 2]], 1]]]
1168. [1, [2, [[3, [2, 2]], 2]]]
1169. [1, [2, [[3, [2, 2]], 3]]]
1170. [1, [2, [[3, [2, 2]], 4]]]
1171. [1, [2, [[3, [2, 3]], 1]]]
1172. [1, [2, [[3, [2, 3]], 2]]]
1173. [1, [2, [[3, [2, 3]], 3]]]
1174. [1, [2, [[3, [2, 3]], 4]]]
1175. [1, [2, [[3, [2, 4]], 1]]]
1176. [1, [2, [[3, [2, 4]], 2]]]
1177. [1, [2, [[3, [2, 4]], 3]]]
1178. [1, [2, [[3, [2, 4]], 4]]]
1179. [1, [2, [[3, [2, 4]], 5]]]
1180. [1, [2, [[3, [3, 1]], 1]]]
1181. [1, [2, [[3, [3, 1]], 2]]]
1182. [1, [2, [[3, [3, 1]], 3]]]
1183. [1, [2, [[3, [3, 1]], 4]]]
1184. [1, [2, [[3, [3, 2]], 1]]]
1185. [1, [2, [[3, [3, 2]], 2]]]
1186. [1, [2, [[3, [3, 2]], 3]]]
1187. [1, [2, [[3, [3, 2]], 4]]]
1188. [1, [2, [[3, [3, 3]], 1]]]
1189. [1, [2, [[3, [3, 3]], 2]]]
1190. [1, [2, [[3, [3, 3]], 3]]]
1191. [1, [2, [[3, [3, 3]], 4]]]
1192. [1, [2, [[3, [3, 4]], 1]]]
1193. [1, [2, [[3, [3, 4]], 2]]]
1194. [1, [2, [[3, [3, 4]], 3]]]
1195. [1, [2, [[3, [3, 4]], 4]]]
1196. [1, [2, [[3, [3, 4]], 5]]]
1197. [1, [2, [[3, [4, 1]], 1]]]
1198. [1, [2, [[3, [4, 1]], 2]]]
1199. [1, [2, [[3, [4, 1]], 3]]]
1200. [1, [2, [[3, [4, 1]], 4]]]
1201. [1, [2, [[3, [4, 1]], 5]]]
1202. [1, [2, [[3, [4, 2]], 1]]]
1203. [1, [2, [[3, [4, 2]], 2]]]
1204. [1, [2, [[3, [4, 2]], 3]]]
1205. [1, [2, [[3, [4, 2]], 4]]]
1206. [1, [2, [[3, [4, 2]], 5]]]
1207. [1, [2, [[3, [4, 3]], 1]]]
1208. [1, [2, [[3, [4, 3]], 2]]]
1209. [1, [2, [[3, [4, 3]], 3]]]
1210. [1, [2, [[3, [4, 3]], 4]]]
1211. [1, [2, [[3, [4, 3]], 5]]]
1212. [1, [2, [[3, [4, 4]], 1]]]
1213. [1, [2, [[3, [4, 4]], 2]]]
1214. [1, [2, [[3, [4, 4]], 3]]]
1215. [1, [2, [[3, [4, 4]], 4]]]
1216. [1, [2, [[3, [4, 4]], 5]]]
1217. [1, [2, [[3, [4, 5]], 1]]]
1218. [1, [2, [[3, [4, 5]], 2]]]
1219. [1, [2, [[3, [4, 5]], 3]]]
1220. [1, [2, [[3, [4, 5]], 4]]]
1221. [1, [2, [[3, [4, 5]], 5]]]
1222. [1, [2, [[3, [4, 5]], 6]]]
1223. [1, [1, [[[1, 1], 1], 1]]]
1224. [1, [1, [[[1, 1], 1], 2]]]
1225. [1, [1, [[[1, 1], 2], 1]]]
1226. [1, [1, [[[1, 1], 2], 2]]]
1227. [1, [1, [[[1, 1], 2], 3]]]
1228. [1, [1, [[[1, 2], 1], 1]]]
1229. [1, [1, [[[1, 2], 1], 2]]]
1230. [1, [1, [[[1, 2], 1], 3]]]
1231. [1, [1, [[[1, 2], 2], 1]]]
1232. [1, [1, [[[1, 2], 2], 2]]]
1233. [1, [1, [[[1, 2], 2], 3]]]
1234. [1, [1, [[[1, 2], 3], 1]]]
1235. [1, [1, [[[1, 2], 3], 2]]]
1236. [1, [1, [[[1, 2], 3], 3]]]
1237. [1, [1, [[[1, 2], 3], 4]]]
1238. [1, [1, [[[2, 1], 1], 1]]]
1239. [1, [1, [[[2, 1], 1], 2]]]
1240. [1, [1, [[[2, 1], 1], 3]]]
1241. [1, [1, [[[2, 1], 2], 1]]]
1242. [1, [1, [[[2, 1], 2], 2]]]
1243. [1, [1, [[[2, 1], 2], 3]]]
1244. [1, [1, [[[2, 1], 3], 1]]]
1245. [1, [1, [[[2, 1], 3], 2]]]
1246. [1, [1, [[[2, 1], 3], 3]]]
1247. [1, [1, [[[2, 1], 3], 4]]]
1248. [1, [1, [[[2, 2], 1], 1]]]
1249. [1, [1, [[[2, 2], 1], 2]]]
1250. [1, [1, [[[2, 2], 1], 3]]]
1251. [1, [1, [[[2, 2], 2], 1]]]
1252. [1, [1, [[[2, 2], 2], 2]]]
1253. [1, [1, [[[2, 2], 2], 3]]]
1254. [1, [1, [[[2, 2], 3], 1]]]
1255. [1, [1, [[[2, 2], 3], 2]]]
1256. [1, [1, [[[2, 2], 3], 3]]]
1257. [1, [1, [[[2, 2], 3], 4]]]
1258. [1, [1, [[[2, 3], 1], 1]]]
1259. [1, [1, [[[2, 3], 1], 2]]]
1260. [1, [1, [[[2, 3], 1], 3]]]
1261. [1, [1, [[[2, 3], 1], 4]]]
1262. [1, [1, [[[2, 3], 2], 1]]]
1263. [1, [1, [[[2, 3], 2], 2]]]
1264. [1, [1, [[[2, 3], 2], 3]]]
1265. [1, [1, [[[2, 3], 2], 4]]]
1266. [1, [1, [[[2, 3], 3], 1]]]
1267. [1, [1, [[[2, 3], 3], 2]]]
1268. [1, [1, [[[2, 3], 3], 3]]]
1269. [1, [1, [[[2, 3], 3], 4]]]
1270. [1, [1, [[[2, 3], 4], 1]]]
1271. [1, [1, [[[2, 3], 4], 2]]]
1272. [1, [1, [[[2, 3], 4], 3]]]
1273. [1, [1, [[[2, 3], 4], 4]]]
1274. [1, [1, [[[2, 3], 4], 5]]]
1275. [1, [2, [[[1, 1], 1], 1]]]
1276. [1, [2, [[[1, 1], 1], 2]]]
1277. [1, [2, [[[1, 1], 1], 3]]]
1278. [1, [2, [[[1, 1], 2], 1]]]
1279. [1, [2, [[[1, 1], 2], 2]]]
1280. [1, [2, [[[1, 1], 2], 3]]]
1281. [1, [2, [[[1, 1], 3], 1]]]
1282. [1, [2, [[[1, 1], 3], 2]]]
1283. [1, [2, [[[1, 1], 3], 3]]]
1284. [1, [2, [[[1, 1], 3], 4]]]
1285. [1, [2, [[[1, 2], 1], 1]]]
1286. [1, [2, [[[1, 2], 1], 2]]]
1287. [1, [2, [[[1, 2], 1], 3]]]
1288. [1, [2, [[[1, 2], 2], 1]]]
1289. [1, [2, [[[1, 2], 2], 2]]]
1290. [1, [2, [[[1, 2], 2], 3]]]
1291. [1, [2, [[[1, 2], 3], 1]]]
1292. [1, [2, [[[1, 2], 3], 2]]]
1293. [1, [2, [[[1, 2], 3], 3]]]
1294. [1, [2, [[[1, 2], 3], 4]]]
1295. [1, [2, [[[1, 3], 1], 1]]]
1296. [1, [2, [[[1, 3], 1], 2]]]
1297. [1, [2, [[[1, 3], 1], 3]]]
1298. [1, [2, [[[1, 3], 1], 4]]]
1299. [1, [2, [[[1, 3], 2], 1]]]
1300. [1, [2, [[[1, 3], 2], 2]]]
1301. [1, [2, [[[1, 3], 2], 3]]]
1302. [1, [2, [[[1, 3], 2], 4]]]
1303. [1, [2, [[[1, 3], 3], 1]]]
1304. [1, [2, [[[1, 3], 3], 2]]]
1305. [1, [2, [[[1, 3], 3], 3]]]
1306. [1, [2, [[[1, 3], 3], 4]]]
1307. [1, [2, [[[1, 3], 4], 1]]]
1308. [1, [2, [[[1, 3], 4], 2]]]
1309. [1, [2, [[[1, 3], 4], 3]]]
1310. [1, [2, [[[1, 3], 4], 4]]]
1311. [1, [2, [[[1, 3], 4], 5]]]
1312. [1, [2, [[[2, 1], 1], 1]]]
1313. [1, [2, [[[2, 1], 1], 2]]]
1314. [1, [2, [[[2, 1], 1], 3]]]
1315. [1, [2, [[[2, 1], 2], 1]]]
1316. [1, [2, [[[2, 1], 2], 2]]]
1317. [1, [2, [[[2, 1], 2], 3]]]
1318. [1, [2, [[[2, 1], 3], 1]]]
1319. [1, [2, [[[2, 1], 3], 2]]]
1320. [1, [2, [[[2, 1], 3], 3]]]
1321. [1, [2, [[[2, 1], 3], 4]]]
1322. [1, [2, [[[2, 2], 1], 1]]]
1323. [1, [2, [[[2, 2], 1], 2]]]
1324. [1, [2, [[[2, 2], 1], 3]]]
1325. [1, [2, [[[2, 2], 2], 1]]]
1326. [1, [2, [[[2, 2], 2], 2]]]
1327. [1, [2, [[[2, 2], 2], 3]]]
1328. [1, [2, [[[2, 2], 3], 1]]]
1329. [1, [2, [[[2, 2], 3], 2]]]
1330. [1, [2, [[[2, 2], 3], 3]]]
1331. [1, [2, [[[2, 2], 3], 4]]]
1332. [1, [2, [[[2, 3], 1], 1]]]
1333. [1, [2, [[[2, 3], 1], 2]]]
1334. [1, [2, [[[2, 3], 1], 3]]]
1335. [1, [2, [[[2, 3], 1], 4]]]
1336. [1, [2, [[[2, 3], 2], 1]]]
1337. [1, [2, [[[2, 3], 2], 2]]]
1338. [1, [2, [[[2, 3], 2], 3]]]
1339. [1, [2, [[[2, 3], 2], 4]]]
1340. [1, [2, [[[2, 3], 3], 1]]]
1341. [1, [2, [[[2, 3], 3], 2]]]
1342. [1, [2, [[[2, 3], 3], 3]]]
1343. [1, [2, [[[2, 3], 3], 4]]]
1344. [1, [2, [[[2, 3], 4], 1]]]
1345. [1, [2, [[[2, 3], 4], 2]]]
1346. [1, [2, [[[2, 3], 4], 3]]]
1347. [1, [2, [[[2, 3], 4], 4]]]
1348. [1, [2, [[[2, 3], 4], 5]]]
1349. [1, [2, [[[3, 1], 1], 1]]]
1350. [1, [2, [[[3, 1], 1], 2]]]
1351. [1, [2, [[[3, 1], 1], 3]]]
1352. [1, [2, [[[3, 1], 1], 4]]]
1353. [1, [2, [[[3, 1], 2], 1]]]
1354. [1, [2, [[[3, 1], 2], 2]]]
1355. [1, [2, [[[3, 1], 2], 3]]]
1356. [1, [2, [[[3, 1], 2], 4]]]
1357. [1, [2, [[[3, 1], 3], 1]]]
1358. [1, [2, [[[3, 1], 3], 2]]]
1359. [1, [2, [[[3, 1], 3], 3]]]
1360. [1, [2, [[[3, 1], 3], 4]]]
1361. [1, [2, [[[3, 1], 4], 1]]]
1362. [1, [2, [[[3, 1], 4], 2]]]
1363. [1, [2, [[[3, 1], 4], 3]]]
1364. [1, [2, [[[3, 1], 4], 4]]]
1365. [1, [2, [[[3, 1], 4], 5]]]
1366. [1, [2, [[[3, 2], 1], 1]]]
1367. [1, [2, [[[3, 2], 1], 2]]]
1368. [1, [2, [[[3, 2], 1], 3]]]
1369. [1, [2, [[[3, 2], 1], 4]]]
1370. [1, [2, [[[3, 2], 2], 1]]]
1371. [1, [2, [[[3, 2], 2], 2]]]
1372. [1, [2, [[[3, 2], 2], 3]]]
1373. [1, [2, [[[3, 2], 2], 4]]]
1374. [1, [2, [[[3, 2], 3], 1]]]
1375. [1, [2, [[[3, 2], 3], 2]]]
1376. [1, [2, [[[3, 2], 3], 3]]]
1377. [1, [2, [[[3, 2], 3], 4]]]
1378. [1, [2, [[[3, 2], 4], 1]]]
1379. [1, [2, [[[3, 2], 4], 2]]]
1380. [1, [2, [[[3, 2], 4], 3]]]
1381. [1, [2, [[[3, 2], 4], 4]]]
1382. [1, [2, [[[3, 2], 4], 5]]]
1383. [1, [2, [[[3, 3], 1], 1]]]
1384. [1, [2, [[[3, 3], 1], 2]]]
1385. [1, [2, [[[3, 3], 1], 3]]]
1386. [1, [2, [[[3, 3], 1], 4]]]
1387. [1, [2, [[[3, 3], 2], 1]]]
1388. [1, [2, [[[3, 3], 2], 2]]]
1389. [1, [2, [[[3, 3], 2], 3]]]
1390. [1, [2, [[[3, 3], 2], 4]]]
1391. [1, [2, [[[3, 3], 3], 1]]]
1392. [1, [2, [[[3, 3], 3], 2]]]
1393. [1, [2, [[[3, 3], 3], 3]]]
1394. [1, [2, [[[3, 3], 3], 4]]]
1395. [1, [2, [[[3, 3], 4], 1]]]
1396. [1, [2, [[[3, 3], 4], 2]]]
1397. [1, [2, [[[3, 3], 4], 3]]]
1398. [1, [2, [[[3, 3], 4], 4]]]
1399. [1, [2, [[[3, 3], 4], 5]]]
1400. [1, [2, [[[3, 4], 1], 1]]]
1401. [1, [2, [[[3, 4], 1], 2]]]
1402. [1, [2, [[[3, 4], 1], 3]]]
1403. [1, [2, [[[3, 4], 1], 4]]]
1404. [1, [2, [[[3, 4], 1], 5]]]
1405. [1, [2, [[[3, 4], 2], 1]]]
1406. [1, [2, [[[3, 4], 2], 2]]]
1407. [1, [2, [[[3, 4], 2], 3]]]
1408. [1, [2, [[[3, 4], 2], 4]]]
1409. [1, [2, [[[3, 4], 2], 5]]]
1410. [1, [2, [[[3, 4], 3], 1]]]
1411. [1, [2, [[[3, 4], 3], 2]]]
1412. [1, [2, [[[3, 4], 3], 3]]]
1413. [1, [2, [[[3, 4], 3], 4]]]
1414. [1, [2, [[[3, 4], 3], 5]]]
1415. [1, [2, [[[3, 4], 4], 1]]]
1416. [1, [2, [[[3, 4], 4], 2]]]
1417. [1, [2, [[[3, 4], 4], 3]]]
1418. [1, [2, [[[3, 4], 4], 4]]]
1419. [1, [2, [[[3, 4], 4], 5]]]
1420. [1, [2, [[[3, 4], 5], 1]]]
1421. [1, [2, [[[3, 4], 5], 2]]]
1422. [1, [2, [[[3, 4], 5], 3]]]
1423. [1, [2, [[[3, 4], 5], 4]]]
1424. [1, [2, [[[3, 4], 5], 5]]]
1425. [1, [2, [[[3, 4], 5], 6]]]
1426. [1, [[1, 1], [1, [1, 1]]]]
1427. [1, [[1, 1], [1, [1, 2]]]]
1428. [1, [[1, 1], [1, [2, 1]]]]
1429. [1, [[1, 1], [1, [2, 2]]]]
1430. [1, [[1, 1], [1, [2, 3]]]]
1431. [1, [[1, 1], [2, [1, 1]]]]
1432. [1, [[1, 1], [2, [1, 2]]]]
1433. [1, [[1, 1], [2, [1, 3]]]]
1434. [1, [[1, 1], [2, [2, 1]]]]
1435. [1, [[1, 1], [2, [2, 2]]]]
1436. [1, [[1, 1], [2, [2, 3]]]]
1437. [1, [[1, 1], [2, [3, 1]]]]
1438. [1, [[1, 1], [2, [3, 2]]]]
1439. [1, [[1, 1], [2, [3, 3]]]]
1440. [1, [[1, 1], [2, [3, 4]]]]
1441. [1, [[1, 2], [1, [1, 1]]]]
1442. [1, [[1, 2], [1, [1, 2]]]]
1443. [1, [[1, 2], [1, [1, 3]]]]
1444. [1, [[1, 2], [1, [2, 1]]]]
1445. [1, [[1, 2], [1, [2, 2]]]]
1446. [1, [[1, 2], [1, [2, 3]]]]
1447. [1, [[1, 2], [1, [3, 1]]]]
1448. [1, [[1, 2], [1, [3, 2]]]]
1449. [1, [[1, 2], [1, [3, 3]]]]
1450. [1, [[1, 2], [1, [3, 4]]]]
1451. [1, [[1, 2], [2, [1, 1]]]]
1452. [1, [[1, 2], [2, [1, 2]]]]
1453. [1, [[1, 2], [2, [1, 3]]]]
1454. [1, [[1, 2], [2, [2, 1]]]]
1455. [1, [[1, 2], [2, [2, 2]]]]
1456. [1, [[1, 2], [2, [2, 3]]]]
1457. [1, [[1, 2], [2, [3, 1]]]]
1458. [1, [[1, 2], [2, [3, 2]]]]
1459. [1, [[1, 2], [2, [3, 3]]]]
1460. [1, [[1, 2], [2, [3, 4]]]]
1461. [1, [[1, 2], [3, [1, 1]]]]
1462. [1, [[1, 2], [3, [1, 2]]]]
1463. [1, [[1, 2], [3, [1, 3]]]]
1464. [1, [[1, 2], [3, [1, 4]]]]
1465. [1, [[1, 2], [3, [2, 1]]]]
1466. [1, [[1, 2], [3, [2, 2]]]]
1467. [1, [[1, 2], [3, [2, 3]]]]
1468. [1, [[1, 2], [3, [2, 4]]]]
1469. [1, [[1, 2], [3, [3, 1]]]]
1470. [1, [[1, 2], [3, [3, 2]]]]
1471. [1, [[1, 2], [3, [3, 3]]]]
1472. [1, [[1, 2], [3, [3, 4]]]]
1473. [1, [[1, 2], [3, [4, 1]]]]
1474. [1, [[1, 2], [3, [4, 2]]]]
1475. [1, [[1, 2], [3, [4, 3]]]]
1476. [1, [[1, 2], [3, [4, 4]]]]
1477. [1, [[1, 2], [3, [4, 5]]]]
1478. [1, [[2, 1], [1, [1, 1]]]]
1479. [1, [[2, 1], [1, [1, 2]]]]
1480. [1, [[2, 1], [1, [1, 3]]]]
1481. [1, [[2, 1], [1, [2, 1]]]]
1482. [1, [[2, 1], [1, [2, 2]]]]
1483. [1, [[2, 1], [1, [2, 3]]]]
1484. [1, [[2, 1], [1, [3, 1]]]]
1485. [1, [[2, 1], [1, [3, 2]]]]
1486. [1, [[2, 1], [1, [3, 3]]]]
1487. [1, [[2, 1], [1, [3, 4]]]]
1488. [1, [[2, 1], [2, [1, 1]]]]
1489. [1, [[2, 1], [2, [1, 2]]]]
1490. [1, [[2, 1], [2, [1, 3]]]]
1491. [1, [[2, 1], [2, [2, 1]]]]
1492. [1, [[2, 1], [2, [2, 2]]]]
1493. [1, [[2, 1], [2, [2, 3]]]]
1494. [1, [[2, 1], [2, [3, 1]]]]
1495. [1, [[2, 1], [2, [3, 2]]]]
1496. [1, [[2, 1], [2, [3, 3]]]]
1497. [1, [[2, 1], [2, [3, 4]]]]
1498. [1, [[2, 1], [3, [1, 1]]]]
1499. [1, [[2, 1], [3, [1, 2]]]]
1500. [1, [[2, 1], [3, [1, 3]]]]
1501. [1, [[2, 1], [3, [1, 4]]]]
1502. [1, [[2, 1], [3, [2, 1]]]]
1503. [1, [[2, 1], [3, [2, 2]]]]
1504. [1, [[2, 1], [3, [2, 3]]]]
1505. [1, [[2, 1], [3, [2, 4]]]]
1506. [1, [[2, 1], [3, [3, 1]]]]
1507. [1, [[2, 1], [3, [3, 2]]]]
1508. [1, [[2, 1], [3, [3, 3]]]]
1509. [1, [[2, 1], [3, [3, 4]]]]
1510. [1, [[2, 1], [3, [4, 1]]]]
1511. [1, [[2, 1], [3, [4, 2]]]]
1512. [1, [[2, 1], [3, [4, 3]]]]
1513. [1, [[2, 1], [3, [4, 4]]]]
1514. [1, [[2, 1], [3, [4, 5]]]]
1515. [1, [[2, 2], [1, [1, 1]]]]
1516. [1, [[2, 2], [1, [1, 2]]]]
1517. [1, [[2, 2], [1, [1, 3]]]]
1518. [1, [[2, 2], [1, [2, 1]]]]
1519. [1, [[2, 2], [1, [2, 2]]]]
1520. [1, [[2, 2], [1, [2, 3]]]]
1521. [1, [[2, 2], [1, [3, 1]]]]
1522. [1, [[2, 2], [1, [3, 2]]]]
1523. [1, [[2, 2], [1, [3, 3]]]]
1524. [1, [[2, 2], [1, [3, 4]]]]
1525. [1, [[2, 2], [2, [1, 1]]]]
1526. [1, [[2, 2], [2, [1, 2]]]]
1527. [1, [[2, 2], [2, [1, 3]]]]
1528. [1, [[2, 2], [2, [2, 1]]]]
1529. [1, [[2, 2], [2, [2, 2]]]]
1530. [1, [[2, 2], [2, [2, 3]]]]
1531. [1, [[2, 2], [2, [3, 1]]]]
1532. [1, [[2, 2], [2, [3, 2]]]]
1533. [1, [[2, 2], [2, [3, 3]]]]
1534. [1, [[2, 2], [2, [3, 4]]]]
1535. [1, [[2, 2], [3, [1, 1]]]]
1536. [1, [[2, 2], [3, [1, 2]]]]
1537. [1, [[2, 2], [3, [1, 3]]]]
1538. [1, [[2, 2], [3, [1, 4]]]]
1539. [1, [[2, 2], [3, [2, 1]]]]
1540. [1, [[2, 2], [3, [2, 2]]]]
1541. [1, [[2, 2], [3, [2, 3]]]]
1542. [1, [[2, 2], [3, [2, 4]]]]
1543. [1, [[2, 2], [3, [3, 1]]]]
1544. [1, [[2, 2], [3, [3, 2]]]]
1545. [1, [[2, 2], [3, [3, 3]]]]
1546. [1, [[2, 2], [3, [3, 4]]]]
1547. [1, [[2, 2], [3, [4, 1]]]]
1548. [1, [[2, 2], [3, [4, 2]]]]
1549. [1, [[2, 2], [3, [4, 3]]]]
1550. [1, [[2, 2], [3, [4, 4]]]]
1551. [1, [[2, 2], [3, [4, 5]]]]
1552. [1, [[2, 3], [1, [1, 1]]]]
1553. [1, [[2, 3], [1, [1, 2]]]]
1554. [1, [[2, 3], [1, [1, 3]]]]
1555. [1, [[2, 3], [1, [1, 4]]]]
1556. [1, [[2, 3], [1, [2, 1]]]]
1557. [1, [[2, 3], [1, [2, 2]]]]
1558. [1, [[2, 3], [1, [2, 3]]]]
1559. [1, [[2, 3], [1, [2, 4]]]]
1560. [1, [[2, 3], [1, [3, 1]]]]
1561. [1, [[2, 3], [1, [3, 2]]]]
1562. [1, [[2, 3], [1, [3, 3]]]]
1563. [1, [[2, 3], [1, [3, 4]]]]
1564. [1, [[2, 3], [1, [4, 1]]]]
1565. [1, [[2, 3], [1, [4, 2]]]]
1566. [1, [[2, 3], [1, [4, 3]]]]
1567. [1, [[2, 3], [1, [4, 4]]]]
1568. [1, [[2, 3], [1, [4, 5]]]]
1569. [1, [[2, 3], [2, [1, 1]]]]
1570. [1, [[2, 3], [2, [1, 2]]]]
1571. [1, [[2, 3], [2, [1, 3]]]]
1572. [1, [[2, 3], [2, [1, 4]]]]
1573. [1, [[2, 3], [2, [2, 1]]]]
1574. [1, [[2, 3], [2, [2, 2]]]]
1575. [1, [[2, 3], [2, [2, 3]]]]
1576. [1, [[2, 3], [2, [2, 4]]]]
1577. [1, [[2, 3], [2, [3, 1]]]]
1578. [1, [[2, 3], [2, [3, 2]]]]
1579. [1, [[2, 3], [2, [3, 3]]]]
1580. [1, [[2, 3], [2, [3, 4]]]]
1581. [1, [[2, 3], [2, [4, 1]]]]
1582. [1, [[2, 3], [2, [4, 2]]]]
1583. [1, [[2, 3], [2, [4, 3]]]]
1584. [1, [[2, 3], [2, [4, 4]]]]
1585. [1, [[2, 3], [2, [4, 5]]]]
1586. [1, [[2, 3], [3, [1, 1]]]]
1587. [1, [[2, 3], [3, [1, 2]]]]
1588. [1, [[2, 3], [3, [1, 3]]]]
1589. [1, [[2, 3], [3, [1, 4]]]]
1590. [1, [[2, 3], [3, [2, 1]]]]
1591. [1, [[2, 3], [3, [2, 2]]]]
1592. [1, [[2, 3], [3, [2, 3]]]]
1593. [1, [[2, 3], [3, [2, 4]]]]
1594. [1, [[2, 3], [3, [3, 1]]]]
1595. [1, [[2, 3], [3, [3, 2]]]]
1596. [1, [[2, 3], [3, [3, 3]]]]
1597. [1, [[2, 3], [3, [3, 4]]]]
1598. [1, [[2, 3], [3, [4, 1]]]]
1599. [1, [[2, 3], [3, [4, 2]]]]
1600. [1, [[2, 3], [3, [4, 3]]]]
1601. [1, [[2, 3], [3, [4, 4]]]]
1602. [1, [[2, 3], [3, [4, 5]]]]
1603. [1, [[2, 3], [4, [1, 1]]]]
1604. [1, [[2, 3], [4, [1, 2]]]]
1605. [1, [[2, 3], [4, [1, 3]]]]
1606. [1, [[2, 3], [4, [1, 4]]]]
1607. [1, [[2, 3], [4, [1, 5]]]]
1608. [1, [[2, 3], [4, [2, 1]]]]
1609. [1, [[2, 3], [4, [2, 2]]]]
1610. [1, [[2, 3], [4, [2, 3]]]]
1611. [1, [[2, 3], [4, [2, 4]]]]
1612. [1, [[2, 3], [4, [2, 5]]]]
1613. [1, [[2, 3], [4, [3, 1]]]]
1614. [1, [[2, 3], [4, [3, 2]]]]
1615. [1, [[2, 3], [4, [3, 3]]]]
1616. [1, [[2, 3], [4, [3, 4]]]]
1617. [1, [[2, 3], [4, [3, 5]]]]
1618. [1, [[2, 3], [4, [4, 1]]]]
1619. [1, [[2, 3], [4, [4, 2]]]]
1620. [1, [[2, 3], [4, [4, 3]]]]
1621. [1, [[2, 3], [4, [4, 4]]]]
1622. [1, [[2, 3], [4, [4, 5]]]]
1623. [1, [[2, 3], [4, [5, 1]]]]
1624. [1, [[2, 3], [4, [5, 2]]]]
1625. [1, [[2, 3], [4, [5, 3]]]]
1626. [1, [[2, 3], [4, [5, 4]]]]
1627. [1, [[2, 3], [4, [5, 5]]]]
1628. [1, [[2, 3], [4, [5, 6]]]]
1629. [1, [[1, 1], [[1, 1], 1]]]
1630. [1, [[1, 1], [[1, 1], 2]]]
1631. [1, [[1, 1], [[1, 2], 1]]]
1632. [1, [[1, 1], [[1, 2], 2]]]
1633. [1, [[1, 1], [[1, 2], 3]]]
1634. [1, [[1, 1], [[2, 1], 1]]]
1635. [1, [[1, 1], [[2, 1], 2]]]
1636. [1, [[1, 1], [[2, 1], 3]]]
1637. [1, [[1, 1], [[2, 2], 1]]]
1638. [1, [[1, 1], [[2, 2], 2]]]
1639. [1, [[1, 1], [[2, 2], 3]]]
1640. [1, [[1, 1], [[2, 3], 1]]]
1641. [1, [[1, 1], [[2, 3], 2]]]
1642. [1, [[1, 1], [[2, 3], 3]]]
1643. [1, [[1, 1], [[2, 3], 4]]]
1644. [1, [[1, 2], [[1, 1], 1]]]
1645. [1, [[1, 2], [[1, 1], 2]]]
1646. [1, [[1, 2], [[1, 1], 3]]]
1647. [1, [[1, 2], [[1, 2], 1]]]
1648. [1, [[1, 2], [[1, 2], 2]]]
1649. [1, [[1, 2], [[1, 2], 3]]]
1650. [1, [[1, 2], [[1, 3], 1]]]
1651. [1, [[1, 2], [[1, 3], 2]]]
1652. [1, [[1, 2], [[1, 3], 3]]]
1653. [1, [[1, 2], [[1, 3], 4]]]
1654. [1, [[1, 2], [[2, 1], 1]]]
1655. [1, [[1, 2], [[2, 1], 2]]]
1656. [1, [[1, 2], [[2, 1], 3]]]
1657. [1, [[1, 2], [[2, 2], 1]]]
1658. [1, [[1, 2], [[2, 2], 2]]]
1659. [1, [[1, 2], [[2, 2], 3]]]
1660. [1, [[1, 2], [[2, 3], 1]]]
1661. [1, [[1, 2], [[2, 3], 2]]]
1662. [1, [[1, 2], [[2, 3], 3]]]
1663. [1, [[1, 2], [[2, 3], 4]]]
1664. [1, [[1, 2], [[3, 1], 1]]]
1665. [1, [[1, 2], [[3, 1], 2]]]
1666. [1, [[1, 2], [[3, 1], 3]]]
1667. [1, [[1, 2], [[3, 1], 4]]]
1668. [1, [[1, 2], [[3, 2], 1]]]
1669. [1, [[1, 2], [[3, 2], 2]]]
1670. [1, [[1, 2], [[3, 2], 3]]]
1671. [1, [[1, 2], [[3, 2], 4]]]
1672. [1, [[1, 2], [[3, 3], 1]]]
1673. [1, [[1, 2], [[3, 3], 2]]]
1674. [1, [[1, 2], [[3, 3], 3]]]
1675. [1, [[1, 2], [[3, 3], 4]]]
1676. [1, [[1, 2], [[3, 4], 1]]]
1677. [1, [[1, 2], [[3, 4], 2]]]
1678. [1, [[1, 2], [[3, 4], 3]]]
1679. [1, [[1, 2], [[3, 4], 4]]]
1680. [1, [[1, 2], [[3, 4], 5]]]
1681. [1, [[2, 1], [[1, 1], 1]]]
1682. [1, [[2, 1], [[1, 1], 2]]]
1683. [1, [[2, 1], [[1, 1], 3]]]
1684. [1, [[2, 1], [[1, 2], 1]]]
1685. [1, [[2, 1], [[1, 2], 2]]]
1686. [1, [[2, 1], [[1, 2], 3]]]
1687. [1, [[2, 1], [[1, 3], 1]]]
1688. [1, [[2, 1], [[1, 3], 2]]]
1689. [1, [[2, 1], [[1, 3], 3]]]
1690. [1, [[2, 1], [[1, 3], 4]]]
1691. [1, [[2, 1], [[2, 1], 1]]]
1692. [1, [[2, 1], [[2, 1], 2]]]
1693. [1, [[2, 1], [[2, 1], 3]]]
1694. [1, [[2, 1], [[2, 2], 1]]]
1695. [1, [[2, 1], [[2, 2], 2]]]
1696. [1, [[2, 1], [[2, 2], 3]]]
1697. [1, [[2, 1], [[2, 3], 1]]]
1698. [1, [[2, 1], [[2, 3], 2]]]
1699. [1, [[2, 1], [[2, 3], 3]]]
1700. [1, [[2, 1], [[2, 3], 4]]]
1701. [1, [[2, 1], [[3, 1], 1]]]
1702. [1, [[2, 1], [[3, 1], 2]]]
1703. [1, [[2, 1], [[3, 1], 3]]]
1704. [1, [[2, 1], [[3, 1], 4]]]
1705. [1, [[2, 1], [[3, 2], 1]]]
1706. [1, [[2, 1], [[3, 2], 2]]]
1707. [1, [[2, 1], [[3, 2], 3]]]
1708. [1, [[2, 1], [[3, 2], 4]]]
1709. [1, [[2, 1], [[3, 3], 1]]]
1710. [1, [[2, 1], [[3, 3], 2]]]
1711. [1, [[2, 1], [[3, 3], 3]]]
1712. [1, [[2, 1], [[3, 3], 4]]]
1713. [1, [[2, 1], [[3, 4], 1]]]
1714. [1, [[2, 1], [[3, 4], 2]]]
1715. [1, [[2, 1], [[3, 4], 3]]]
1716. [1, [[2, 1], [[3, 4], 4]]]
1717. [1, [[2, 1], [[3, 4], 5]]]
1718. [1, [[2, 2], [[1, 1], 1]]]
1719. [1, [[2, 2], [[1, 1], 2]]]
1720. [1, [[2, 2], [[1, 1], 3]]]
1721. [1, [[2, 2], [[1, 2], 1]]]
1722. [1, [[2, 2], [[1, 2], 2]]]
1723. [1, [[2, 2], [[1, 2], 3]]]
1724. [1, [[2, 2], [[1, 3], 1]]]
1725. [1, [[2, 2], [[1, 3], 2]]]
1726. [1, [[2, 2], [[1, 3], 3]]]
1727. [1, [[2, 2], [[1, 3], 4]]]
1728. [1, [[2, 2], [[2, 1], 1]]]
1729. [1, [[2, 2], [[2, 1], 2]]]
1730. [1, [[2, 2], [[2, 1], 3]]]
1731. [1, [[2, 2], [[2, 2], 1]]]
1732. [1, [[2, 2], [[2, 2], 2]]]
1733. [1, [[2, 2], [[2, 2], 3]]]
1734. [1, [[2, 2], [[2, 3], 1]]]
1735. [1, [[2, 2], [[2, 3], 2]]]
1736. [1, [[2, 2], [[2, 3], 3]]]
1737. [1, [[2, 2], [[2, 3], 4]]]
1738. [1, [[2, 2], [[3, 1], 1]]]
1739. [1, [[2, 2], [[3, 1], 2]]]
1740. [1, [[2, 2], [[3, 1], 3]]]
1741. [1, [[2, 2], [[3, 1], 4]]]
1742. [1, [[2, 2], [[3, 2], 1]]]
1743. [1, [[2, 2], [[3, 2], 2]]]
1744. [1, [[2, 2], [[3, 2], 3]]]
1745. [1, [[2, 2], [[3, 2], 4]]]
1746. [1, [[2, 2], [[3, 3], 1]]]
1747. [1, [[2, 2], [[3, 3], 2]]]
1748. [1, [[2, 2], [[3, 3], 3]]]
1749. [1, [[2, 2], [[3, 3], 4]]]
1750. [1, [[2, 2], [[3, 4], 1]]]
1751. [1, [[2, 2], [[3, 4], 2]]]
1752. [1, [[2, 2], [[3, 4], 3]]]
1753. [1, [[2, 2], [[3, 4], 4]]]
1754. [1, [[2, 2], [[3, 4], 5]]]
1755. [1, [[2, 3], [[1, 1], 1]]]
1756. [1, [[2, 3], [[1, 1], 2]]]
1757. [1, [[2, 3], [[1, 1], 3]]]
1758. [1, [[2, 3], [[1, 1], 4]]]
1759. [1, [[2, 3], [[1, 2], 1]]]
1760. [1, [[2, 3], [[1, 2], 2]]]
1761. [1, [[2, 3], [[1, 2], 3]]]
1762. [1, [[2, 3], [[1, 2], 4]]]
1763. [1, [[2, 3], [[1, 3], 1]]]
1764. [1, [[2, 3], [[1, 3], 2]]]
1765. [1, [[2, 3], [[1, 3], 3]]]
1766. [1, [[2, 3], [[1, 3], 4]]]
1767. [1, [[2, 3], [[1, 4], 1]]]
1768. [1, [[2, 3], [[1, 4], 2]]]
1769. [1, [[2, 3], [[1, 4], 3]]]
1770. [1, [[2, 3], [[1, 4], 4]]]
1771. [1, [[2, 3], [[1, 4], 5]]]
1772. [1, [[2, 3], [[2, 1], 1]]]
1773. [1, [[2, 3], [[2, 1], 2]]]
1774. [1, [[2, 3], [[2, 1], 3]]]
1775. [1, [[2, 3], [[2, 1], 4]]]
1776. [1, [[2, 3], [[2, 2], 1]]]
1777. [1, [[2, 3], [[2, 2], 2]]]
1778. [1, [[2, 3], [[2, 2], 3]]]
1779. [1, [[2, 3], [[2, 2], 4]]]
1780. [1, [[2, 3], [[2, 3], 1]]]
1781. [1, [[2, 3], [[2, 3], 2]]]
1782. [1, [[2, 3], [[2, 3], 3]]]
1783. [1, [[2, 3], [[2, 3], 4]]]
1784. [1, [[2, 3], [[2, 4], 1]]]
1785. [1, [[2, 3], [[2, 4], 2]]]
1786. [1, [[2, 3], [[2, 4], 3]]]
1787. [1, [[2, 3], [[2, 4], 4]]]
1788. [1, [[2, 3], [[2, 4], 5]]]
1789. [1, [[2, 3], [[3, 1], 1]]]
1790. [1, [[2, 3], [[3, 1], 2]]]
1791. [1, [[2, 3], [[3, 1], 3]]]
1792. [1, [[2, 3], [[3, 1], 4]]]
1793. [1, [[2, 3], [[3, 2], 1]]]
1794. [1, [[2, 3], [[3, 2], 2]]]
1795. [1, [[2, 3], [[3, 2], 3]]]
1796. [1, [[2, 3], [[3, 2], 4]]]
1797. [1, [[2, 3], [[3, 3], 1]]]
1798. [1, [[2, 3], [[3, 3], 2]]]
1799. [1, [[2, 3], [[3, 3], 3]]]
1800. [1, [[2, 3], [[3, 3], 4]]]
1801. [1, [[2, 3], [[3, 4], 1]]]
1802. [1, [[2, 3], [[3, 4], 2]]]
1803. [1, [[2, 3], [[3, 4], 3]]]
1804. [1, [[2, 3], [[3, 4], 4]]]
1805. [1, [[2, 3], [[3, 4], 5]]]
1806. [1, [[2, 3], [[4, 1], 1]]]
1807. [1, [[2, 3], [[4, 1], 2]]]
1808. [1, [[2, 3], [[4, 1], 3]]]
1809. [1, [[2, 3], [[4, 1], 4]]]
1810. [1, [[2, 3], [[4, 1], 5]]]
1811. [1, [[2, 3], [[4, 2], 1]]]
1812. [1, [[2, 3], [[4, 2], 2]]]
1813. [1, [[2, 3], [[4, 2], 3]]]
1814. [1, [[2, 3], [[4, 2], 4]]]
1815. [1, [[2, 3], [[4, 2], 5]]]
1816. [1, [[2, 3], [[4, 3], 1]]]
1817. [1, [[2, 3], [[4, 3], 2]]]
1818. [1, [[2, 3], [[4, 3], 3]]]
1819. [1, [[2, 3], [[4, 3], 4]]]
1820. [1, [[2, 3], [[4, 3], 5]]]
1821. [1, [[2, 3], [[4, 4], 1]]]
1822. [1, [[2, 3], [[4, 4], 2]]]
1823. [1, [[2, 3], [[4, 4], 3]]]
1824. [1, [[2, 3], [[4, 4], 4]]]
1825. [1, [[2, 3], [[4, 4], 5]]]
1826. [1, [[2, 3], [[4, 5], 1]]]
1827. [1, [[2, 3], [[4, 5], 2]]]
1828. [1, [[2, 3], [[4, 5], 3]]]
1829. [1, [[2, 3], [[4, 5], 4]]]
1830. [1, [[2, 3], [[4, 5], 5]]]
1831. [1, [[2, 3], [[4, 5], 6]]]
1832. [1, [[1, [1, 1]], [1, 1]]]
1833. [1, [[1, [1, 1]], [1, 2]]]
1834. [1, [[1, [1, 1]], [2, 1]]]
1835. [1, [[1, [1, 1]], [2, 2]]]
1836. [1, [[1, [1, 1]], [2, 3]]]
1837. [1, [[1, [1, 2]], [1, 1]]]
1838. [1, [[1, [1, 2]], [1, 2]]]
1839. [1, [[1, [1, 2]], [1, 3]]]
1840. [1, [[1, [1, 2]], [2, 1]]]
1841. [1, [[1, [1, 2]], [2, 2]]]
1842. [1, [[1, [1, 2]], [2, 3]]]
1843. [1, [[1, [1, 2]], [3, 1]]]
1844. [1, [[1, [1, 2]], [3, 2]]]
1845. [1, [[1, [1, 2]], [3, 3]]]
1846. [1, [[1, [1, 2]], [3, 4]]]
1847. [1, [[1, [2, 1]], [1, 1]]]
1848. [1, [[1, [2, 1]], [1, 2]]]
1849. [1, [[1, [2, 1]], [1, 3]]]
1850. [1, [[1, [2, 1]], [2, 1]]]
1851. [1, [[1, [2, 1]], [2, 2]]]
1852. [1, [[1, [2, 1]], [2, 3]]]
1853. [1, [[1, [2, 1]], [3, 1]]]
1854. [1, [[1, [2, 1]], [3, 2]]]
1855. [1, [[1, [2, 1]], [3, 3]]]
1856. [1, [[1, [2, 1]], [3, 4]]]
1857. [1, [[1, [2, 2]], [1, 1]]]
1858. [1, [[1, [2, 2]], [1, 2]]]
1859. [1, [[1, [2, 2]], [1, 3]]]
1860. [1, [[1, [2, 2]], [2, 1]]]
1861. [1, [[1, [2, 2]], [2, 2]]]
1862. [1, [[1, [2, 2]], [2, 3]]]
1863. [1, [[1, [2, 2]], [3, 1]]]
1864. [1, [[1, [2, 2]], [3, 2]]]
1865. [1, [[1, [2, 2]], [3, 3]]]
1866. [1, [[1, [2, 2]], [3, 4]]]
1867. [1, [[1, [2, 3]], [1, 1]]]
1868. [1, [[1, [2, 3]], [1, 2]]]
1869. [1, [[1, [2, 3]], [1, 3]]]
1870. [1, [[1, [2, 3]], [1, 4]]]
1871. [1, [[1, [2, 3]], [2, 1]]]
1872. [1, [[1, [2, 3]], [2, 2]]]
1873. [1, [[1, [2, 3]], [2, 3]]]
1874. [1, [[1, [2, 3]], [2, 4]]]
1875. [1, [[1, [2, 3]], [3, 1]]]
1876. [1, [[1, [2, 3]], [3, 2]]]
1877. [1, [[1, [2, 3]], [3, 3]]]
1878. [1, [[1, [2, 3]], [3, 4]]]
1879. [1, [[1, [2, 3]], [4, 1]]]
1880. [1, [[1, [2, 3]], [4, 2]]]
1881. [1, [[1, [2, 3]], [4, 3]]]
1882. [1, [[1, [2, 3]], [4, 4]]]
1883. [1, [[1, [2, 3]], [4, 5]]]
1884. [1, [[2, [1, 1]], [1, 1]]]
1885. [1, [[2, [1, 1]], [1, 2]]]
1886. [1, [[2, [1, 1]], [1, 3]]]
1887. [1, [[2, [1, 1]], [2, 1]]]
1888. [1, [[2, [1, 1]], [2, 2]]]
1889. [1, [[2, [1, 1]], [2, 3]]]
1890. [1, [[2, [1, 1]], [3, 1]]]
1891. [1, [[2, [1, 1]], [3, 2]]]
1892. [1, [[2, [1, 1]], [3, 3]]]
1893. [1, [[2, [1, 1]], [3, 4]]]
1894. [1, [[2, [1, 2]], [1, 1]]]
1895. [1, [[2, [1, 2]], [1, 2]]]
1896. [1, [[2, [1, 2]], [1, 3]]]
1897. [1, [[2, [1, 2]], [2, 1]]]
1898. [1, [[2, [1, 2]], [2, 2]]]
1899. [1, [[2, [1, 2]], [2, 3]]]
1900. [1, [[2, [1, 2]], [3, 1]]]
1901. [1, [[2, [1, 2]], [3, 2]]]
1902. [1, [[2, [1, 2]], [3, 3]]]
1903. [1, [[2, [1, 2]], [3, 4]]]
1904. [1, [[2, [1, 3]], [1, 1]]]
1905. [1, [[2, [1, 3]], [1, 2]]]
1906. [1, [[2, [1, 3]], [1, 3]]]
1907. [1, [[2, [1, 3]], [1, 4]]]
1908. [1, [[2, [1, 3]], [2, 1]]]
1909. [1, [[2, [1, 3]], [2, 2]]]
1910. [1, [[2, [1, 3]], [2, 3]]]
1911. [1, [[2, [1, 3]], [2, 4]]]
1912. [1, [[2, [1, 3]], [3, 1]]]
1913. [1, [[2, [1, 3]], [3, 2]]]
1914. [1, [[2, [1, 3]], [3, 3]]]
1915. [1, [[2, [1, 3]], [3, 4]]]
1916. [1, [[2, [1, 3]], [4, 1]]]
1917. [1, [[2, [1, 3]], [4, 2]]]
1918. [1, [[2, [1, 3]], [4, 3]]]
1919. [1, [[2, [1, 3]], [4, 4]]]
1920. [1, [[2, [1, 3]], [4, 5]]]
1921. [1, [[2, [2, 1]], [1, 1]]]
1922. [1, [[2, [2, 1]], [1, 2]]]
1923. [1, [[2, [2, 1]], [1, 3]]]
1924. [1, [[2, [2, 1]], [2, 1]]]
1925. [1, [[2, [2, 1]], [2, 2]]]
1926. [1, [[2, [2, 1]], [2, 3]]]
1927. [1, [[2, [2, 1]], [3, 1]]]
1928. [1, [[2, [2, 1]], [3, 2]]]
1929. [1, [[2, [2, 1]], [3, 3]]]
1930. [1, [[2, [2, 1]], [3, 4]]]
1931. [1, [[2, [2, 2]], [1, 1]]]
1932. [1, [[2, [2, 2]], [1, 2]]]
1933. [1, [[2, [2, 2]], [1, 3]]]
1934. [1, [[2, [2, 2]], [2, 1]]]
1935. [1, [[2, [2, 2]], [2, 2]]]
1936. [1, [[2, [2, 2]], [2, 3]]]
1937. [1, [[2, [2, 2]], [3, 1]]]
1938. [1, [[2, [2, 2]], [3, 2]]]
1939. [1, [[2, [2, 2]], [3, 3]]]
1940. [1, [[2, [2, 2]], [3, 4]]]
1941. [1, [[2, [2, 3]], [1, 1]]]
1942. [1, [[2, [2, 3]], [1, 2]]]
1943. [1, [[2, [2, 3]], [1, 3]]]
1944. [1, [[2, [2, 3]], [1, 4]]]
1945. [1, [[2, [2, 3]], [2, 1]]]
1946. [1, [[2, [2, 3]], [2, 2]]]
1947. [1, [[2, [2, 3]], [2, 3]]]
1948. [1, [[2, [2, 3]], [2, 4]]]
1949. [1, [[2, [2, 3]], [3, 1]]]
1950. [1, [[2, [2, 3]], [3, 2]]]
1951. [1, [[2, [2, 3]], [3, 3]]]
1952. [1, [[2, [2, 3]], [3, 4]]]
1953. [1, [[2, [2, 3]], [4, 1]]]
1954. [1, [[2, [2, 3]], [4, 2]]]
1955. [1, [[2, [2, 3]], [4, 3]]]
1956. [1, [[2, [2, 3]], [4, 4]]]
1957. [1, [[2, [2, 3]], [4, 5]]]
1958. [1, [[2, [3, 1]], [1, 1]]]
1959. [1, [[2, [3, 1]], [1, 2]]]
1960. [1, [[2, [3, 1]], [1, 3]]]
1961. [1, [[2, [3, 1]], [1, 4]]]
1962. [1, [[2, [3, 1]], [2, 1]]]
1963. [1, [[2, [3, 1]], [2, 2]]]
1964. [1, [[2, [3, 1]], [2, 3]]]
1965. [1, [[2, [3, 1]], [2, 4]]]
1966. [1, [[2, [3, 1]], [3, 1]]]
1967. [1, [[2, [3, 1]], [3, 2]]]
1968. [1, [[2, [3, 1]], [3, 3]]]
1969. [1, [[2, [3, 1]], [3, 4]]]
1970. [1, [[2, [3, 1]], [4, 1]]]
1971. [1, [[2, [3, 1]], [4, 2]]]
1972. [1, [[2, [3, 1]], [4, 3]]]
1973. [1, [[2, [3, 1]], [4, 4]]]
1974. [1, [[2, [3, 1]], [4, 5]]]
1975. [1, [[2, [3, 2]], [1, 1]]]
1976. [1, [[2, [3, 2]], [1, 2]]]
1977. [1, [[2, [3, 2]], [1, 3]]]
1978. [1, [[2, [3, 2]], [1, 4]]]
1979. [1, [[2, [3, 2]], [2, 1]]]
1980. [1, [[2, [3, 2]], [2, 2]]]
1981. [1, [[2, [3, 2]], [2, 3]]]
1982. [1, [[2, [3, 2]], [2, 4]]]
1983. [1, [[2, [3, 2]], [3, 1]]]
1984. [1, [[2, [3, 2]], [3, 2]]]
1985. [1, [[2, [3, 2]], [3, 3]]]
1986. [1, [[2, [3, 2]], [3, 4]]]
1987. [1, [[2, [3, 2]], [4, 1]]]
1988. [1, [[2, [3, 2]], [4, 2]]]
1989. [1, [[2, [3, 2]], [4, 3]]]
1990. [1, [[2, [3, 2]], [4, 4]]]
1991. [1, [[2, [3, 2]], [4, 5]]]
1992. [1, [[2, [3, 3]], [1, 1]]]
1993. [1, [[2, [3, 3]], [1, 2]]]
1994. [1, [[2, [3, 3]], [1, 3]]]
1995. [1, [[2, [3, 3]], [1, 4]]]
1996. [1, [[2, [3, 3]], [2, 1]]]
1997. [1, [[2, [3, 3]], [2, 2]]]
1998. [1, [[2, [3, 3]], [2, 3]]]
1999. [1, [[2, [3, 3]], [2, 4]]]
2000. [1, [[2, [3, 3]], [3, 1]]]
2001. [1, [[2, [3, 3]], [3, 2]]]
2002. [1, [[2, [3, 3]], [3, 3]]]
2003. [1, [[2, [3, 3]], [3, 4]]]
2004. [1, [[2, [3, 3]], [4, 1]]]
2005. [1, [[2, [3, 3]], [4, 2]]]
2006. [1, [[2, [3, 3]], [4, 3]]]
2007. [1, [[2, [3, 3]], [4, 4]]]
2008. [1, [[2, [3, 3]], [4, 5]]]
2009. [1, [[2, [3, 4]], [1, 1]]]
2010. [1, [[2, [3, 4]], [1, 2]]]
2011. [1, [[2, [3, 4]], [1, 3]]]
2012. [1, [[2, [3, 4]], [1, 4]]]
2013. [1, [[2, [3, 4]], [1, 5]]]
2014. [1, [[2, [3, 4]], [2, 1]]]
2015. [1, [[2, [3, 4]], [2, 2]]]
2016. [1, [[2, [3, 4]], [2, 3]]]
2017. [1, [[2, [3, 4]], [2, 4]]]
2018. [1, [[2, [3, 4]], [2, 5]]]
2019. [1, [[2, [3, 4]], [3, 1]]]
2020. [1, [[2, [3, 4]], [3, 2]]]
2021. [1, [[2, [3, 4]], [3, 3]]]
2022. [1, [[2, [3, 4]], [3, 4]]]
2023. [1, [[2, [3, 4]], [3, 5]]]
2024. [1, [[2, [3, 4]], [4, 1]]]
2025. [1, [[2, [3, 4]], [4, 2]]]
2026. [1, [[2, [3, 4]], [4, 3]]]
2027. [1, [[2, [3, 4]], [4, 4]]]
2028. [1, [[2, [3, 4]], [4, 5]]]
2029. [1, [[2, [3, 4]], [5, 1]]]
2030. [1, [[2, [3, 4]], [5, 2]]]
2031. [1, [[2, [3, 4]], [5, 3]]]
2032. [1, [[2, [3, 4]], [5, 4]]]
2033. [1, [[2, [3, 4]], [5, 5]]]
2034. [1, [[2, [3, 4]], [5, 6]]]
2035. [1, [[[1, 1], 1], [1, 1]]]
2036. [1, [[[1, 1], 1], [1, 2]]]
2037. [1, [[[1, 1], 1], [2, 1]]]
2038. [1, [[[1, 1], 1], [2, 2]]]
2039. [1, [[[1, 1], 1], [2, 3]]]
2040. [1, [[[1, 1], 2], [1, 1]]]
2041. [1, [[[1, 1], 2], [1, 2]]]
2042. [1, [[[1, 1], 2], [1, 3]]]
2043. [1, [[[1, 1], 2], [2, 1]]]
2044. [1, [[[1, 1], 2], [2, 2]]]
2045. [1, [[[1, 1], 2], [2, 3]]]
2046. [1, [[[1, 1], 2], [3, 1]]]
2047. [1, [[[1, 1], 2], [3, 2]]]
2048. [1, [[[1, 1], 2], [3, 3]]]
2049. [1, [[[1, 1], 2], [3, 4]]]
2050. [1, [[[1, 2], 1], [1, 1]]]
2051. [1, [[[1, 2], 1], [1, 2]]]
2052. [1, [[[1, 2], 1], [1, 3]]]
2053. [1, [[[1, 2], 1], [2, 1]]]
2054. [1, [[[1, 2], 1], [2, 2]]]
2055. [1, [[[1, 2], 1], [2, 3]]]
2056. [1, [[[1, 2], 1], [3, 1]]]
2057. [1, [[[1, 2], 1], [3, 2]]]
2058. [1, [[[1, 2], 1], [3, 3]]]
2059. [1, [[[1, 2], 1], [3, 4]]]
2060. [1, [[[1, 2], 2], [1, 1]]]
2061. [1, [[[1, 2], 2], [1, 2]]]
2062. [1, [[[1, 2], 2], [1, 3]]]
2063. [1, [[[1, 2], 2], [2, 1]]]
2064. [1, [[[1, 2], 2], [2, 2]]]
2065. [1, [[[1, 2], 2], [2, 3]]]
2066. [1, [[[1, 2], 2], [3, 1]]]
2067. [1, [[[1, 2], 2], [3, 2]]]
2068. [1, [[[1, 2], 2], [3, 3]]]
2069. [1, [[[1, 2], 2], [3, 4]]]
2070. [1, [[[1, 2], 3], [1, 1]]]
2071. [1, [[[1, 2], 3], [1, 2]]]
2072. [1, [[[1, 2], 3], [1, 3]]]
2073. [1, [[[1, 2], 3], [1, 4]]]
2074. [1, [[[1, 2], 3], [2, 1]]]
2075. [1, [[[1, 2], 3], [2, 2]]]
2076. [1, [[[1, 2], 3], [2, 3]]]
2077. [1, [[[1, 2], 3], [2, 4]]]
2078. [1, [[[1, 2], 3], [3, 1]]]
2079. [1, [[[1, 2], 3], [3, 2]]]
2080. [1, [[[1, 2], 3], [3, 3]]]
2081. [1, [[[1, 2], 3], [3, 4]]]
2082. [1, [[[1, 2], 3], [4, 1]]]
2083. [1, [[[1, 2], 3], [4, 2]]]
2084. [1, [[[1, 2], 3], [4, 3]]]
2085. [1, [[[1, 2], 3], [4, 4]]]
2086. [1, [[[1, 2], 3], [4, 5]]]
2087. [1, [[[2, 1], 1], [1, 1]]]
2088. [1, [[[2, 1], 1], [1, 2]]]
2089. [1, [[[2, 1], 1], [1, 3]]]
2090. [1, [[[2, 1], 1], [2, 1]]]
2091. [1, [[[2, 1], 1], [2, 2]]]
2092. [1, [[[2, 1], 1], [2, 3]]]
2093. [1, [[[2, 1], 1], [3, 1]]]
2094. [1, [[[2, 1], 1], [3, 2]]]
2095. [1, [[[2, 1], 1], [3, 3]]]
2096. [1, [[[2, 1], 1], [3, 4]]]
2097. [1, [[[2, 1], 2], [1, 1]]]
2098. [1, [[[2, 1], 2], [1, 2]]]
2099. [1, [[[2, 1], 2], [1, 3]]]
2100. [1, [[[2, 1], 2], [2, 1]]]
2101. [1, [[[2, 1], 2], [2, 2]]]
2102. [1, [[[2, 1], 2], [2, 3]]]
2103. [1, [[[2, 1], 2], [3, 1]]]
2104. [1, [[[2, 1], 2], [3, 2]]]
2105. [1, [[[2, 1], 2], [3, 3]]]
2106. [1, [[[2, 1], 2], [3, 4]]]
2107. [1, [[[2, 1], 3], [1, 1]]]
2108. [1, [[[2, 1], 3], [1, 2]]]
2109. [1, [[[2, 1], 3], [1, 3]]]
2110. [1, [[[2, 1], 3], [1, 4]]]
2111. [1, [[[2, 1], 3], [2, 1]]]
2112. [1, [[[2, 1], 3], [2, 2]]]
2113. [1, [[[2, 1], 3], [2, 3]]]
2114. [1, [[[2, 1], 3], [2, 4]]]
2115. [1, [[[2, 1], 3], [3, 1]]]
2116. [1, [[[2, 1], 3], [3, 2]]]
2117. [1, [[[2, 1], 3], [3, 3]]]
2118. [1, [[[2, 1], 3], [3, 4]]]
2119. [1, [[[2, 1], 3], [4, 1]]]
2120. [1, [[[2, 1], 3], [4, 2]]]
2121. [1, [[[2, 1], 3], [4, 3]]]
2122. [1, [[[2, 1], 3], [4, 4]]]
2123. [1, [[[2, 1], 3], [4, 5]]]
2124. [1, [[[2, 2], 1], [1, 1]]]
2125. [1, [[[2, 2], 1], [1, 2]]]
2126. [1, [[[2, 2], 1], [1, 3]]]
2127. [1, [[[2, 2], 1], [2, 1]]]
2128. [1, [[[2, 2], 1], [2, 2]]]
2129. [1, [[[2, 2], 1], [2, 3]]]
2130. [1, [[[2, 2], 1], [3, 1]]]
2131. [1, [[[2, 2], 1], [3, 2]]]
2132. [1, [[[2, 2], 1], [3, 3]]]
2133. [1, [[[2, 2], 1], [3, 4]]]
2134. [1, [[[2, 2], 2], [1, 1]]]
2135. [1, [[[2, 2], 2], [1, 2]]]
2136. [1, [[[2, 2], 2], [1, 3]]]
2137. [1, [[[2, 2], 2], [2, 1]]]
2138. [1, [[[2, 2], 2], [2, 2]]]
2139. [1, [[[2, 2], 2], [2, 3]]]
2140. [1, [[[2, 2], 2], [3, 1]]]
2141. [1, [[[2, 2], 2], [3, 2]]]
2142. [1, [[[2, 2], 2], [3, 3]]]
2143. [1, [[[2, 2], 2], [3, 4]]]
2144. [1, [[[2, 2], 3], [1, 1]]]
2145. [1, [[[2, 2], 3], [1, 2]]]
2146. [1, [[[2, 2], 3], [1, 3]]]
2147. [1, [[[2, 2], 3], [1, 4]]]
2148. [1, [[[2, 2], 3], [2, 1]]]
2149. [1, [[[2, 2], 3], [2, 2]]]
2150. [1, [[[2, 2], 3], [2, 3]]]
2151. [1, [[[2, 2], 3], [2, 4]]]
2152. [1, [[[2, 2], 3], [3, 1]]]
2153. [1, [[[2, 2], 3], [3, 2]]]
2154. [1, [[[2, 2], 3], [3, 3]]]
2155. [1, [[[2, 2], 3], [3, 4]]]
2156. [1, [[[2, 2], 3], [4, 1]]]
2157. [1, [[[2, 2], 3], [4, 2]]]
2158. [1, [[[2, 2], 3], [4, 3]]]
2159. [1, [[[2, 2], 3], [4, 4]]]
2160. [1, [[[2, 2], 3], [4, 5]]]
2161. [1, [[[2, 3], 1], [1, 1]]]
2162. [1, [[[2, 3], 1], [1, 2]]]
2163. [1, [[[2, 3], 1], [1, 3]]]
2164. [1, [[[2, 3], 1], [1, 4]]]
2165. [1, [[[2, 3], 1], [2, 1]]]
2166. [1, [[[2, 3], 1], [2, 2]]]
2167. [1, [[[2, 3], 1], [2, 3]]]
2168. [1, [[[2, 3], 1], [2, 4]]]
2169. [1, [[[2, 3], 1], [3, 1]]]
2170. [1, [[[2, 3], 1], [3, 2]]]
2171. [1, [[[2, 3], 1], [3, 3]]]
2172. [1, [[[2, 3], 1], [3, 4]]]
2173. [1, [[[2, 3], 1], [4, 1]]]
2174. [1, [[[2, 3], 1], [4, 2]]]
2175. [1, [[[2, 3], 1], [4, 3]]]
2176. [1, [[[2, 3], 1], [4, 4]]]
2177. [1, [[[2, 3], 1], [4, 5]]]
2178. [1, [[[2, 3], 2], [1, 1]]]
2179. [1, [[[2, 3], 2], [1, 2]]]
2180. [1, [[[2, 3], 2], [1, 3]]]
2181. [1, [[[2, 3], 2], [1, 4]]]
2182. [1, [[[2, 3], 2], [2, 1]]]
2183. [1, [[[2, 3], 2], [2, 2]]]
2184. [1, [[[2, 3], 2], [2, 3]]]
2185. [1, [[[2, 3], 2], [2, 4]]]
2186. [1, [[[2, 3], 2], [3, 1]]]
2187. [1, [[[2, 3], 2], [3, 2]]]
2188. [1, [[[2, 3], 2], [3, 3]]]
2189. [1, [[[2, 3], 2], [3, 4]]]
2190. [1, [[[2, 3], 2], [4, 1]]]
2191. [1, [[[2, 3], 2], [4, 2]]]
2192. [1, [[[2, 3], 2], [4, 3]]]
2193. [1, [[[2, 3], 2], [4, 4]]]
2194. [1, [[[2, 3], 2], [4, 5]]]
2195. [1, [[[2, 3], 3], [1, 1]]]
2196. [1, [[[2, 3], 3], [1, 2]]]
2197. [1, [[[2, 3], 3], [1, 3]]]
2198. [1, [[[2, 3], 3], [1, 4]]]
2199. [1, [[[2, 3], 3], [2, 1]]]
2200. [1, [[[2, 3], 3], [2, 2]]]
2201. [1, [[[2, 3], 3], [2, 3]]]
2202. [1, [[[2, 3], 3], [2, 4]]]
2203. [1, [[[2, 3], 3], [3, 1]]]
2204. [1, [[[2, 3], 3], [3, 2]]]
2205. [1, [[[2, 3], 3], [3, 3]]]
2206. [1, [[[2, 3], 3], [3, 4]]]
2207. [1, [[[2, 3], 3], [4, 1]]]
2208. [1, [[[2, 3], 3], [4, 2]]]
2209. [1, [[[2, 3], 3], [4, 3]]]
2210. [1, [[[2, 3], 3], [4, 4]]]
2211. [1, [[[2, 3], 3], [4, 5]]]
2212. [1, [[[2, 3], 4], [1, 1]]]
2213. [1, [[[2, 3], 4], [1, 2]]]
2214. [1, [[[2, 3], 4], [1, 3]]]
2215. [1, [[[2, 3], 4], [1, 4]]]
2216. [1, [[[2, 3], 4], [1, 5]]]
2217. [1, [[[2, 3], 4], [2, 1]]]
2218. [1, [[[2, 3], 4], [2, 2]]]
2219. [1, [[[2, 3], 4], [2, 3]]]
2220. [1, [[[2, 3], 4], [2, 4]]]
2221. [1, [[[2, 3], 4], [2, 5]]]
2222. [1, [[[2, 3], 4], [3, 1]]]
2223. [1, [[[2, 3], 4], [3, 2]]]
2224. [1, [[[2, 3], 4], [3, 3]]]
2225. [1, [[[2, 3], 4], [3, 4]]]
2226. [1, [[[2, 3], 4], [3, 5]]]
2227. [1, [[[2, 3], 4], [4, 1]]]
2228. [1, [[[2, 3], 4], [4, 2]]]
2229. [1, [[[2, 3], 4], [4, 3]]]
2230. [1, [[[2, 3], 4], [4, 4]]]
2231. [1, [[[2, 3], 4], [4, 5]]]
2232. [1, [[[2, 3], 4], [5, 1]]]
2233. [1, [[[2, 3], 4], [5, 2]]]
2234. [1, [[[2, 3], 4], [5, 3]]]
2235. [1, [[[2, 3], 4], [5, 4]]]
2236. [1, [[[2, 3], 4], [5, 5]]]
2237. [1, [[[2, 3], 4], [5, 6]]]
2238. [1, [[1, [1, [1, 1]]], 1]]
2239. [1, [[1, [1, [1, 1]]], 2]]
2240. [1, [[1, [1, [1, 2]]], 1]]
2241. [1, [[1, [1, [1, 2]]], 2]]
2242. [1, [[1, [1, [1, 2]]], 3]]
2243. [1, [[1, [1, [2, 1]]], 1]]
2244. [1, [[1, [1, [2, 1]]], 2]]
2245. [1, [[1, [1, [2, 1]]], 3]]
2246. [1, [[1, [1, [2, 2]]], 1]]
2247. [1, [[1, [1, [2, 2]]], 2]]
2248. [1, [[1, [1, [2, 2]]], 3]]
2249. [1, [[1, [1, [2, 3]]], 1]]
2250. [1, [[1, [1, [2, 3]]], 2]]
2251. [1, [[1, [1, [2, 3]]], 3]]
2252. [1, [[1, [1, [2, 3]]], 4]]
2253. [1, [[1, [2, [1, 1]]], 1]]
2254. [1, [[1, [2, [1, 1]]], 2]]
2255. [1, [[1, [2, [1, 1]]], 3]]
2256. [1, [[1, [2, [1, 2]]], 1]]
2257. [1, [[1, [2, [1, 2]]], 2]]
2258. [1, [[1, [2, [1, 2]]], 3]]
2259. [1, [[1, [2, [1, 3]]], 1]]
2260. [1, [[1, [2, [1, 3]]], 2]]
2261. [1, [[1, [2, [1, 3]]], 3]]
2262. [1, [[1, [2, [1, 3]]], 4]]
2263. [1, [[1, [2, [2, 1]]], 1]]
2264. [1, [[1, [2, [2, 1]]], 2]]
2265. [1, [[1, [2, [2, 1]]], 3]]
2266. [1, [[1, [2, [2, 2]]], 1]]
2267. [1, [[1, [2, [2, 2]]], 2]]
2268. [1, [[1, [2, [2, 2]]], 3]]
2269. [1, [[1, [2, [2, 3]]], 1]]
2270. [1, [[1, [2, [2, 3]]], 2]]
2271. [1, [[1, [2, [2, 3]]], 3]]
2272. [1, [[1, [2, [2, 3]]], 4]]
2273. [1, [[1, [2, [3, 1]]], 1]]
2274. [1, [[1, [2, [3, 1]]], 2]]
2275. [1, [[1, [2, [3, 1]]], 3]]
2276. [1, [[1, [2, [3, 1]]], 4]]
2277. [1, [[1, [2, [3, 2]]], 1]]
2278. [1, [[1, [2, [3, 2]]], 2]]
2279. [1, [[1, [2, [3, 2]]], 3]]
2280. [1, [[1, [2, [3, 2]]], 4]]
2281. [1, [[1, [2, [3, 3]]], 1]]
2282. [1, [[1, [2, [3, 3]]], 2]]
2283. [1, [[1, [2, [3, 3]]], 3]]
2284. [1, [[1, [2, [3, 3]]], 4]]
2285. [1, [[1, [2, [3, 4]]], 1]]
2286. [1, [[1, [2, [3, 4]]], 2]]
2287. [1, [[1, [2, [3, 4]]], 3]]
2288. [1, [[1, [2, [3, 4]]], 4]]
2289. [1, [[1, [2, [3, 4]]], 5]]
2290. [1, [[2, [1, [1, 1]]], 1]]
2291. [1, [[2, [1, [1, 1]]], 2]]
2292. [1, [[2, [1, [1, 1]]], 3]]
2293. [1, [[2, [1, [1, 2]]], 1]]
2294. [1, [[2, [1, [1, 2]]], 2]]
2295. [1, [[2, [1, [1, 2]]], 3]]
2296. [1, [[2, [1, [1, 3]]], 1]]
2297. [1, [[2, [1, [1, 3]]], 2]]
2298. [1, [[2, [1, [1, 3]]], 3]]
2299. [1, [[2, [1, [1, 3]]], 4]]
2300. [1, [[2, [1, [2, 1]]], 1]]
2301. [1, [[2, [1, [2, 1]]], 2]]
2302. [1, [[2, [1, [2, 1]]], 3]]
2303. [1, [[2, [1, [2, 2]]], 1]]
2304. [1, [[2, [1, [2, 2]]], 2]]
2305. [1, [[2, [1, [2, 2]]], 3]]
2306. [1, [[2, [1, [2, 3]]], 1]]
2307. [1, [[2, [1, [2, 3]]], 2]]
2308. [1, [[2, [1, [2, 3]]], 3]]
2309. [1, [[2, [1, [2, 3]]], 4]]
2310. [1, [[2, [1, [3, 1]]], 1]]
2311. [1, [[2, [1, [3, 1]]], 2]]
2312. [1, [[2, [1, [3, 1]]], 3]]
2313. [1, [[2, [1, [3, 1]]], 4]]
2314. [1, [[2, [1, [3, 2]]], 1]]
2315. [1, [[2, [1, [3, 2]]], 2]]
2316. [1, [[2, [1, [3, 2]]], 3]]
2317. [1, [[2, [1, [3, 2]]], 4]]
2318. [1, [[2, [1, [3, 3]]], 1]]
2319. [1, [[2, [1, [3, 3]]], 2]]
2320. [1, [[2, [1, [3, 3]]], 3]]
2321. [1, [[2, [1, [3, 3]]], 4]]
2322. [1, [[2, [1, [3, 4]]], 1]]
2323. [1, [[2, [1, [3, 4]]], 2]]
2324. [1, [[2, [1, [3, 4]]], 3]]
2325. [1, [[2, [1, [3, 4]]], 4]]
2326. [1, [[2, [1, [3, 4]]], 5]]
2327. [1, [[2, [2, [1, 1]]], 1]]
2328. [1, [[2, [2, [1, 1]]], 2]]
2329. [1, [[2, [2, [1, 1]]], 3]]
2330. [1, [[2, [2, [1, 2]]], 1]]
2331. [1, [[2, [2, [1, 2]]], 2]]
2332. [1, [[2, [2, [1, 2]]], 3]]
2333. [1, [[2, [2, [1, 3]]], 1]]
2334. [1, [[2, [2, [1, 3]]], 2]]
2335. [1, [[2, [2, [1, 3]]], 3]]
2336. [1, [[2, [2, [1, 3]]], 4]]
2337. [1, [[2, [2, [2, 1]]], 1]]
2338. [1, [[2, [2, [2, 1]]], 2]]
2339. [1, [[2, [2, [2, 1]]], 3]]
2340. [1, [[2, [2, [2, 2]]], 1]]
2341. [1, [[2, [2, [2, 2]]], 2]]
2342. [1, [[2, [2, [2, 2]]], 3]]
2343. [1, [[2, [2, [2, 3]]], 1]]
2344. [1, [[2, [2, [2, 3]]], 2]]
2345. [1, [[2, [2, [2, 3]]], 3]]
2346. [1, [[2, [2, [2, 3]]], 4]]
2347. [1, [[2, [2, [3, 1]]], 1]]
2348. [1, [[2, [2, [3, 1]]], 2]]
2349. [1, [[2, [2, [3, 1]]], 3]]
2350. [1, [[2, [2, [3, 1]]], 4]]
2351. [1, [[2, [2, [3, 2]]], 1]]
2352. [1, [[2, [2, [3, 2]]], 2]]
2353. [1, [[2, [2, [3, 2]]], 3]]
2354. [1, [[2, [2, [3, 2]]], 4]]
2355. [1, [[2, [2, [3, 3]]], 1]]
2356. [1, [[2, [2, [3, 3]]], 2]]
2357. [1, [[2, [2, [3, 3]]], 3]]
2358. [1, [[2, [2, [3, 3]]], 4]]
2359. [1, [[2, [2, [3, 4]]], 1]]
2360. [1, [[2, [2, [3, 4]]], 2]]
2361. [1, [[2, [2, [3, 4]]], 3]]
2362. [1, [[2, [2, [3, 4]]], 4]]
2363. [1, [[2, [2, [3, 4]]], 5]]
2364. [1, [[2, [3, [1, 1]]], 1]]
2365. [1, [[2, [3, [1, 1]]], 2]]
2366. [1, [[2, [3, [1, 1]]], 3]]
2367. [1, [[2, [3, [1, 1]]], 4]]
2368. [1, [[2, [3, [1, 2]]], 1]]
2369. [1, [[2, [3, [1, 2]]], 2]]
2370. [1, [[2, [3, [1, 2]]], 3]]
2371. [1, [[2, [3, [1, 2]]], 4]]
2372. [1, [[2, [3, [1, 3]]], 1]]
2373. [1, [[2, [3, [1, 3]]], 2]]
2374. [1, [[2, [3, [1, 3]]], 3]]
2375. [1, [[2, [3, [1, 3]]], 4]]
2376. [1, [[2, [3, [1, 4]]], 1]]
2377. [1, [[2, [3, [1, 4]]], 2]]
2378. [1, [[2, [3, [1, 4]]], 3]]
2379. [1, [[2, [3, [1, 4]]], 4]]
2380. [1, [[2, [3, [1, 4]]], 5]]
2381. [1, [[2, [3, [2, 1]]], 1]]
2382. [1, [[2, [3, [2, 1]]], 2]]
2383. [1, [[2, [3, [2, 1]]], 3]]
2384. [1, [[2, [3, [2, 1]]], 4]]
2385. [1, [[2, [3, [2, 2]]], 1]]
2386. [1, [[2, [3, [2, 2]]], 2]]
2387. [1, [[2, [3, [2, 2]]], 3]]
2388. [1, [[2, [3, [2, 2]]], 4]]
2389. [1, [[2, [3, [2, 3]]], 1]]
2390. [1, [[2, [3, [2, 3]]], 2]]
2391. [1, [[2, [3, [2, 3]]], 3]]
2392. [1, [[2, [3, [2, 3]]], 4]]
2393. [1, [[2, [3, [2, 4]]], 1]]
2394. [1, [[2, [3, [2, 4]]], 2]]
2395. [1, [[2, [3, [2, 4]]], 3]]
2396. [1, [[2, [3, [2, 4]]], 4]]
2397. [1, [[2, [3, [2, 4]]], 5]]
2398. [1, [[2, [3, [3, 1]]], 1]]
2399. [1, [[2, [3, [3, 1]]], 2]]
2400. [1, [[2, [3, [3, 1]]], 3]]
2401. [1, [[2, [3, [3, 1]]], 4]]
2402. [1, [[2, [3, [3, 2]]], 1]]
2403. [1, [[2, [3, [3, 2]]], 2]]
2404. [1, [[2, [3, [3, 2]]], 3]]
2405. [1, [[2, [3, [3, 2]]], 4]]
2406. [1, [[2, [3, [3, 3]]], 1]]
2407. [1, [[2, [3, [3, 3]]], 2]]
2408. [1, [[2, [3, [3, 3]]], 3]]
2409. [1, [[2, [3, [3, 3]]], 4]]
2410. [1, [[2, [3, [3, 4]]], 1]]
2411. [1, [[2, [3, [3, 4]]], 2]]
2412. [1, [[2, [3, [3, 4]]], 3]]
2413. [1, [[2, [3, [3, 4]]], 4]]
2414. [1, [[2, [3, [3, 4]]], 5]]
2415. [1, [[2, [3, [4, 1]]], 1]]
2416. [1, [[2, [3, [4, 1]]], 2]]
2417. [1, [[2, [3, [4, 1]]], 3]]
2418. [1, [[2, [3, [4, 1]]], 4]]
2419. [1, [[2, [3, [4, 1]]], 5]]
2420. [1, [[2, [3, [4, 2]]], 1]]
2421. [1, [[2, [3, [4, 2]]], 2]]
2422. [1, [[2, [3, [4, 2]]], 3]]
2423. [1, [[2, [3, [4, 2]]], 4]]
2424. [1, [[2, [3, [4, 2]]], 5]]
2425. [1, [[2, [3, [4, 3]]], 1]]
2426. [1, [[2, [3, [4, 3]]], 2]]
2427. [1, [[2, [3, [4, 3]]], 3]]
2428. [1, [[2, [3, [4, 3]]], 4]]
2429. [1, [[2, [3, [4, 3]]], 5]]
2430. [1, [[2, [3, [4, 4]]], 1]]
2431. [1, [[2, [3, [4, 4]]], 2]]
2432. [1, [[2, [3, [4, 4]]], 3]]
2433. [1, [[2, [3, [4, 4]]], 4]]
2434. [1, [[2, [3, [4, 4]]], 5]]
2435. [1, [[2, [3, [4, 5]]], 1]]
2436. [1, [[2, [3, [4, 5]]], 2]]
2437. [1, [[2, [3, [4, 5]]], 3]]
2438. [1, [[2, [3, [4, 5]]], 4]]
2439. [1, [[2, [3, [4, 5]]], 5]]
2440. [1, [[2, [3, [4, 5]]], 6]]
2441. [1, [[1, [[1, 1], 1]], 1]]
2442. [1, [[1, [[1, 1], 1]], 2]]
2443. [1, [[1, [[1, 1], 2]], 1]]
2444. [1, [[1, [[1, 1], 2]], 2]]
2445. [1, [[1, [[1, 1], 2]], 3]]
2446. [1, [[1, [[1, 2], 1]], 1]]
2447. [1, [[1, [[1, 2], 1]], 2]]
2448. [1, [[1, [[1, 2], 1]], 3]]
2449. [1, [[1, [[1, 2], 2]], 1]]
2450. [1, [[1, [[1, 2], 2]], 2]]
2451. [1, [[1, [[1, 2], 2]], 3]]
2452. [1, [[1, [[1, 2], 3]], 1]]
2453. [1, [[1, [[1, 2], 3]], 2]]
2454. [1, [[1, [[1, 2], 3]], 3]]
2455. [1, [[1, [[1, 2], 3]], 4]]
2456. [1, [[1, [[2, 1], 1]], 1]]
2457. [1, [[1, [[2, 1], 1]], 2]]
2458. [1, [[1, [[2, 1], 1]], 3]]
2459. [1, [[1, [[2, 1], 2]], 1]]
2460. [1, [[1, [[2, 1], 2]], 2]]
2461. [1, [[1, [[2, 1], 2]], 3]]
2462. [1, [[1, [[2, 1], 3]], 1]]
2463. [1, [[1, [[2, 1], 3]], 2]]
2464. [1, [[1, [[2, 1], 3]], 3]]
2465. [1, [[1, [[2, 1], 3]], 4]]
2466. [1, [[1, [[2, 2], 1]], 1]]
2467. [1, [[1, [[2, 2], 1]], 2]]
2468. [1, [[1, [[2, 2], 1]], 3]]
2469. [1, [[1, [[2, 2], 2]], 1]]
2470. [1, [[1, [[2, 2], 2]], 2]]
2471. [1, [[1, [[2, 2], 2]], 3]]
2472. [1, [[1, [[2, 2], 3]], 1]]
2473. [1, [[1, [[2, 2], 3]], 2]]
2474. [1, [[1, [[2, 2], 3]], 3]]
2475. [1, [[1, [[2, 2], 3]], 4]]
2476. [1, [[1, [[2, 3], 1]], 1]]
2477. [1, [[1, [[2, 3], 1]], 2]]
2478. [1, [[1, [[2, 3], 1]], 3]]
2479. [1, [[1, [[2, 3], 1]], 4]]
2480. [1, [[1, [[2, 3], 2]], 1]]
2481. [1, [[1, [[2, 3], 2]], 2]]
2482. [1, [[1, [[2, 3], 2]], 3]]
2483. [1, [[1, [[2, 3], 2]], 4]]
2484. [1, [[1, [[2, 3], 3]], 1]]
2485. [1, [[1, [[2, 3], 3]], 2]]
2486. [1, [[1, [[2, 3], 3]], 3]]
2487. [1, [[1, [[2, 3], 3]], 4]]
2488. [1, [[1, [[2, 3], 4]], 1]]
2489. [1, [[1, [[2, 3], 4]], 2]]
2490. [1, [[1, [[2, 3], 4]], 3]]
2491. [1, [[1, [[2, 3], 4]], 4]]
2492. [1, [[1, [[2, 3], 4]], 5]]
2493. [1, [[2, [[1, 1], 1]], 1]]
2494. [1, [[2, [[1, 1], 1]], 2]]
2495. [1, [[2, [[1, 1], 1]], 3]]
2496. [1, [[2, [[1, 1], 2]], 1]]
2497. [1, [[2, [[1, 1], 2]], 2]]
2498. [1, [[2, [[1, 1], 2]], 3]]
2499. [1, [[2, [[1, 1], 3]], 1]]
2500. [1, [[2, [[1, 1], 3]], 2]]
2501. [1, [[2, [[1, 1], 3]], 3]]
2502. [1, [[2, [[1, 1], 3]], 4]]
2503. [1, [[2, [[1, 2], 1]], 1]]
2504. [1, [[2, [[1, 2], 1]], 2]]
2505. [1, [[2, [[1, 2], 1]], 3]]
2506. [1, [[2, [[1, 2], 2]], 1]]
2507. [1, [[2, [[1, 2], 2]], 2]]
2508. [1, [[2, [[1, 2], 2]], 3]]
2509. [1, [[2, [[1, 2], 3]], 1]]
2510. [1, [[2, [[1, 2], 3]], 2]]
2511. [1, [[2, [[1, 2], 3]], 3]]
2512. [1, [[2, [[1, 2], 3]], 4]]
2513. [1, [[2, [[1, 3], 1]], 1]]
2514. [1, [[2, [[1, 3], 1]], 2]]
2515. [1, [[2, [[1, 3], 1]], 3]]
2516. [1, [[2, [[1, 3], 1]], 4]]
2517. [1, [[2, [[1, 3], 2]], 1]]
2518. [1, [[2, [[1, 3], 2]], 2]]
2519. [1, [[2, [[1, 3], 2]], 3]]
2520. [1, [[2, [[1, 3], 2]], 4]]
2521. [1, [[2, [[1, 3], 3]], 1]]
2522. [1, [[2, [[1, 3], 3]], 2]]
2523. [1, [[2, [[1, 3], 3]], 3]]
2524. [1, [[2, [[1, 3], 3]], 4]]
2525. [1, [[2, [[1, 3], 4]], 1]]
2526. [1, [[2, [[1, 3], 4]], 2]]
2527. [1, [[2, [[1, 3], 4]], 3]]
2528. [1, [[2, [[1, 3], 4]], 4]]
2529. [1, [[2, [[1, 3], 4]], 5]]
2530. [1, [[2, [[2, 1], 1]], 1]]
2531. [1, [[2, [[2, 1], 1]], 2]]
2532. [1, [[2, [[2, 1], 1]], 3]]
2533. [1, [[2, [[2, 1], 2]], 1]]
2534. [1, [[2, [[2, 1], 2]], 2]]
2535. [1, [[2, [[2, 1], 2]], 3]]
2536. [1, [[2, [[2, 1], 3]], 1]]
2537. [1, [[2, [[2, 1], 3]], 2]]
2538. [1, [[2, [[2, 1], 3]], 3]]
2539. [1, [[2, [[2, 1], 3]], 4]]
2540. [1, [[2, [[2, 2], 1]], 1]]
2541. [1, [[2, [[2, 2], 1]], 2]]
2542. [1, [[2, [[2, 2], 1]], 3]]
2543. [1, [[2, [[2, 2], 2]], 1]]
2544. [1, [[2, [[2, 2], 2]], 2]]
2545. [1, [[2, [[2, 2], 2]], 3]]
2546. [1, [[2, [[2, 2], 3]], 1]]
2547. [1, [[2, [[2, 2], 3]], 2]]
2548. [1, [[2, [[2, 2], 3]], 3]]
2549. [1, [[2, [[2, 2], 3]], 4]]
2550. [1, [[2, [[2, 3], 1]], 1]]
2551. [1, [[2, [[2, 3], 1]], 2]]
2552. [1, [[2, [[2, 3], 1]], 3]]
2553. [1, [[2, [[2, 3], 1]], 4]]
2554. [1, [[2, [[2, 3], 2]], 1]]
2555. [1, [[2, [[2, 3], 2]], 2]]
2556. [1, [[2, [[2, 3], 2]], 3]]
2557. [1, [[2, [[2, 3], 2]], 4]]
2558. [1, [[2, [[2, 3], 3]], 1]]
2559. [1, [[2, [[2, 3], 3]], 2]]
2560. [1, [[2, [[2, 3], 3]], 3]]
2561. [1, [[2, [[2, 3], 3]], 4]]
2562. [1, [[2, [[2, 3], 4]], 1]]
2563. [1, [[2, [[2, 3], 4]], 2]]
2564. [1, [[2, [[2, 3], 4]], 3]]
2565. [1, [[2, [[2, 3], 4]], 4]]
2566. [1, [[2, [[2, 3], 4]], 5]]
2567. [1, [[2, [[3, 1], 1]], 1]]
2568. [1, [[2, [[3, 1], 1]], 2]]
2569. [1, [[2, [[3, 1], 1]], 3]]
2570. [1, [[2, [[3, 1], 1]], 4]]
2571. [1, [[2, [[3, 1], 2]], 1]]
2572. [1, [[2, [[3, 1], 2]], 2]]
2573. [1, [[2, [[3, 1], 2]], 3]]
2574. [1, [[2, [[3, 1], 2]], 4]]
2575. [1, [[2, [[3, 1], 3]], 1]]
2576. [1, [[2, [[3, 1], 3]], 2]]
2577. [1, [[2, [[3, 1], 3]], 3]]
2578. [1, [[2, [[3, 1], 3]], 4]]
2579. [1, [[2, [[3, 1], 4]], 1]]
2580. [1, [[2, [[3, 1], 4]], 2]]
2581. [1, [[2, [[3, 1], 4]], 3]]
2582. [1, [[2, [[3, 1], 4]], 4]]
2583. [1, [[2, [[3, 1], 4]], 5]]
2584. [1, [[2, [[3, 2], 1]], 1]]
2585. [1, [[2, [[3, 2], 1]], 2]]
2586. [1, [[2, [[3, 2], 1]], 3]]
2587. [1, [[2, [[3, 2], 1]], 4]]
2588. [1, [[2, [[3, 2], 2]], 1]]
2589. [1, [[2, [[3, 2], 2]], 2]]
2590. [1, [[2, [[3, 2], 2]], 3]]
2591. [1, [[2, [[3, 2], 2]], 4]]
2592. [1, [[2, [[3, 2], 3]], 1]]
2593. [1, [[2, [[3, 2], 3]], 2]]
2594. [1, [[2, [[3, 2], 3]], 3]]
2595. [1, [[2, [[3, 2], 3]], 4]]
2596. [1, [[2, [[3, 2], 4]], 1]]
2597. [1, [[2, [[3, 2], 4]], 2]]
2598. [1, [[2, [[3, 2], 4]], 3]]
2599. [1, [[2, [[3, 2], 4]], 4]]
2600. [1, [[2, [[3, 2], 4]], 5]]
2601. [1, [[2, [[3, 3], 1]], 1]]
2602. [1, [[2, [[3, 3], 1]], 2]]
2603. [1, [[2, [[3, 3], 1]], 3]]
2604. [1, [[2, [[3, 3], 1]], 4]]
2605. [1, [[2, [[3, 3], 2]], 1]]
2606. [1, [[2, [[3, 3], 2]], 2]]
2607. [1, [[2, [[3, 3], 2]], 3]]
2608. [1, [[2, [[3, 3], 2]], 4]]
2609. [1, [[2, [[3, 3], 3]], 1]]
2610. [1, [[2, [[3, 3], 3]], 2]]
2611. [1, [[2, [[3, 3], 3]], 3]]
2612. [1, [[2, [[3, 3], 3]], 4]]
2613. [1, [[2, [[3, 3], 4]], 1]]
2614. [1, [[2, [[3, 3], 4]], 2]]
2615. [1, [[2, [[3, 3], 4]], 3]]
2616. [1, [[2, [[3, 3], 4]], 4]]
2617. [1, [[2, [[3, 3], 4]], 5]]
2618. [1, [[2, [[3, 4], 1]], 1]]
2619. [1, [[2, [[3, 4], 1]], 2]]
2620. [1, [[2, [[3, 4], 1]], 3]]
2621. [1, [[2, [[3, 4], 1]], 4]]
2622. [1, [[2, [[3, 4], 1]], 5]]
2623. [1, [[2, [[3, 4], 2]], 1]]
2624. [1, [[2, [[3, 4], 2]], 2]]
2625. [1, [[2, [[3, 4], 2]], 3]]
2626. [1, [[2, [[3, 4], 2]], 4]]
2627. [1, [[2, [[3, 4], 2]], 5]]
2628. [1, [[2, [[3, 4], 3]], 1]]
2629. [1, [[2, [[3, 4], 3]], 2]]
2630. [1, [[2, [[3, 4], 3]], 3]]
2631. [1, [[2, [[3, 4], 3]], 4]]
2632. [1, [[2, [[3, 4], 3]], 5]]
2633. [1, [[2, [[3, 4], 4]], 1]]
2634. [1, [[2, [[3, 4], 4]], 2]]
2635. [1, [[2, [[3, 4], 4]], 3]]
2636. [1, [[2, [[3, 4], 4]], 4]]
2637. [1, [[2, [[3, 4], 4]], 5]]
2638. [1, [[2, [[3, 4], 5]], 1]]
2639. [1, [[2, [[3, 4], 5]], 2]]
2640. [1, [[2, [[3, 4], 5]], 3]]
2641. [1, [[2, [[3, 4], 5]], 4]]
2642. [1, [[2, [[3, 4], 5]], 5]]
2643. [1, [[2, [[3, 4], 5]], 6]]
2644. [1, [[[1, 1], [1, 1]], 1]]
2645. [1, [[[1, 1], [1, 1]], 2]]
2646. [1, [[[1, 1], [1, 2]], 1]]
2647. [1, [[[1, 1], [1, 2]], 2]]
2648. [1, [[[1, 1], [1, 2]], 3]]
2649. [1, [[[1, 1], [2, 1]], 1]]
2650. [1, [[[1, 1], [2, 1]], 2]]
2651. [1, [[[1, 1], [2, 1]], 3]]
2652. [1, [[[1, 1], [2, 2]], 1]]
2653. [1, [[[1, 1], [2, 2]], 2]]
2654. [1, [[[1, 1], [2, 2]], 3]]
2655. [1, [[[1, 1], [2, 3]], 1]]
2656. [1, [[[1, 1], [2, 3]], 2]]
2657. [1, [[[1, 1], [2, 3]], 3]]
2658. [1, [[[1, 1], [2, 3]], 4]]
2659. [1, [[[1, 2], [1, 1]], 1]]
2660. [1, [[[1, 2], [1, 1]], 2]]
2661. [1, [[[1, 2], [1, 1]], 3]]
2662. [1, [[[1, 2], [1, 2]], 1]]
2663. [1, [[[1, 2], [1, 2]], 2]]
2664. [1, [[[1, 2], [1, 2]], 3]]
2665. [1, [[[1, 2], [1, 3]], 1]]
2666. [1, [[[1, 2], [1, 3]], 2]]
2667. [1, [[[1, 2], [1, 3]], 3]]
2668. [1, [[[1, 2], [1, 3]], 4]]
2669. [1, [[[1, 2], [2, 1]], 1]]
2670. [1, [[[1, 2], [2, 1]], 2]]
2671. [1, [[[1, 2], [2, 1]], 3]]
2672. [1, [[[1, 2], [2, 2]], 1]]
2673. [1, [[[1, 2], [2, 2]], 2]]
2674. [1, [[[1, 2], [2, 2]], 3]]
2675. [1, [[[1, 2], [2, 3]], 1]]
2676. [1, [[[1, 2], [2, 3]], 2]]
2677. [1, [[[1, 2], [2, 3]], 3]]
2678. [1, [[[1, 2], [2, 3]], 4]]
2679. [1, [[[1, 2], [3, 1]], 1]]
2680. [1, [[[1, 2], [3, 1]], 2]]
2681. [1, [[[1, 2], [3, 1]], 3]]
2682. [1, [[[1, 2], [3, 1]], 4]]
2683. [1, [[[1, 2], [3, 2]], 1]]
2684. [1, [[[1, 2], [3, 2]], 2]]
2685. [1, [[[1, 2], [3, 2]], 3]]
2686. [1, [[[1, 2], [3, 2]], 4]]
2687. [1, [[[1, 2], [3, 3]], 1]]
2688. [1, [[[1, 2], [3, 3]], 2]]
2689. [1, [[[1, 2], [3, 3]], 3]]
2690. [1, [[[1, 2], [3, 3]], 4]]
2691. [1, [[[1, 2], [3, 4]], 1]]
2692. [1, [[[1, 2], [3, 4]], 2]]
2693. [1, [[[1, 2], [3, 4]], 3]]
2694. [1, [[[1, 2], [3, 4]], 4]]
2695. [1, [[[1, 2], [3, 4]], 5]]
2696. [1, [[[2, 1], [1, 1]], 1]]
2697. [1, [[[2, 1], [1, 1]], 2]]
2698. [1, [[[2, 1], [1, 1]], 3]]
2699. [1, [[[2, 1], [1, 2]], 1]]
2700. [1, [[[2, 1], [1, 2]], 2]]
2701. [1, [[[2, 1], [1, 2]], 3]]
2702. [1, [[[2, 1], [1, 3]], 1]]
2703. [1, [[[2, 1], [1, 3]], 2]]
2704. [1, [[[2, 1], [1, 3]], 3]]
2705. [1, [[[2, 1], [1, 3]], 4]]
2706. [1, [[[2, 1], [2, 1]], 1]]
2707. [1, [[[2, 1], [2, 1]], 2]]
2708. [1, [[[2, 1], [2, 1]], 3]]
2709. [1, [[[2, 1], [2, 2]], 1]]
2710. [1, [[[2, 1], [2, 2]], 2]]
2711. [1, [[[2, 1], [2, 2]], 3]]
2712. [1, [[[2, 1], [2, 3]], 1]]
2713. [1, [[[2, 1], [2, 3]], 2]]
2714. [1, [[[2, 1], [2, 3]], 3]]
2715. [1, [[[2, 1], [2, 3]], 4]]
2716. [1, [[[2, 1], [3, 1]], 1]]
2717. [1, [[[2, 1], [3, 1]], 2]]
2718. [1, [[[2, 1], [3, 1]], 3]]
2719. [1, [[[2, 1], [3, 1]], 4]]
2720. [1, [[[2, 1], [3, 2]], 1]]
2721. [1, [[[2, 1], [3, 2]], 2]]
2722. [1, [[[2, 1], [3, 2]], 3]]
2723. [1, [[[2, 1], [3, 2]], 4]]
2724. [1, [[[2, 1], [3, 3]], 1]]
2725. [1, [[[2, 1], [3, 3]], 2]]
2726. [1, [[[2, 1], [3, 3]], 3]]
2727. [1, [[[2, 1], [3, 3]], 4]]
2728. [1, [[[2, 1], [3, 4]], 1]]
2729. [1, [[[2, 1], [3, 4]], 2]]
2730. [1, [[[2, 1], [3, 4]], 3]]
2731. [1, [[[2, 1], [3, 4]], 4]]
2732. [1, [[[2, 1], [3, 4]], 5]]
2733. [1, [[[2, 2], [1, 1]], 1]]
2734. [1, [[[2, 2], [1, 1]], 2]]
2735. [1, [[[2, 2], [1, 1]], 3]]
2736. [1, [[[2, 2], [1, 2]], 1]]
2737. [1, [[[2, 2], [1, 2]], 2]]
2738. [1, [[[2, 2], [1, 2]], 3]]
2739. [1, [[[2, 2], [1, 3]], 1]]
2740. [1, [[[2, 2], [1, 3]], 2]]
2741. [1, [[[2, 2], [1, 3]], 3]]
2742. [1, [[[2, 2], [1, 3]], 4]]
2743. [1, [[[2, 2], [2, 1]], 1]]
2744. [1, [[[2, 2], [2, 1]], 2]]
2745. [1, [[[2, 2], [2, 1]], 3]]
2746. [1, [[[2, 2], [2, 2]], 1]]
2747. [1, [[[2, 2], [2, 2]], 2]]
2748. [1, [[[2, 2], [2, 2]], 3]]
2749. [1, [[[2, 2], [2, 3]], 1]]
2750. [1, [[[2, 2], [2, 3]], 2]]
2751. [1, [[[2, 2], [2, 3]], 3]]
2752. [1, [[[2, 2], [2, 3]], 4]]
2753. [1, [[[2, 2], [3, 1]], 1]]
2754. [1, [[[2, 2], [3, 1]], 2]]
2755. [1, [[[2, 2], [3, 1]], 3]]
2756. [1, [[[2, 2], [3, 1]], 4]]
2757. [1, [[[2, 2], [3, 2]], 1]]
2758. [1, [[[2, 2], [3, 2]], 2]]
2759. [1, [[[2, 2], [3, 2]], 3]]
2760. [1, [[[2, 2], [3, 2]], 4]]
2761. [1, [[[2, 2], [3, 3]], 1]]
2762. [1, [[[2, 2], [3, 3]], 2]]
2763. [1, [[[2, 2], [3, 3]], 3]]
2764. [1, [[[2, 2], [3, 3]], 4]]
2765. [1, [[[2, 2], [3, 4]], 1]]
2766. [1, [[[2, 2], [3, 4]], 2]]
2767. [1, [[[2, 2], [3, 4]], 3]]
2768. [1, [[[2, 2], [3, 4]], 4]]
2769. [1, [[[2, 2], [3, 4]], 5]]
2770. [1, [[[2, 3], [1, 1]], 1]]
2771. [1, [[[2, 3], [1, 1]], 2]]
2772. [1, [[[2, 3], [1, 1]], 3]]
2773. [1, [[[2, 3], [1, 1]], 4]]
2774. [1, [[[2, 3], [1, 2]], 1]]
2775. [1, [[[2, 3], [1, 2]], 2]]
2776. [1, [[[2, 3], [1, 2]], 3]]
2777. [1, [[[2, 3], [1, 2]], 4]]
2778. [1, [[[2, 3], [1, 3]], 1]]
2779. [1, [[[2, 3], [1, 3]], 2]]
2780. [1, [[[2, 3], [1, 3]], 3]]
2781. [1, [[[2, 3], [1, 3]], 4]]
2782. [1, [[[2, 3], [1, 4]], 1]]
2783. [1, [[[2, 3], [1, 4]], 2]]
2784. [1, [[[2, 3], [1, 4]], 3]]
2785. [1, [[[2, 3], [1, 4]], 4]]
2786. [1, [[[2, 3], [1, 4]], 5]]
2787. [1, [[[2, 3], [2, 1]], 1]]
2788. [1, [[[2, 3], [2, 1]], 2]]
2789. [1, [[[2, 3], [2, 1]], 3]]
2790. [1, [[[2, 3], [2, 1]], 4]]
2791. [1, [[[2, 3], [2, 2]], 1]]
2792. [1, [[[2, 3], [2, 2]], 2]]
2793. [1, [[[2, 3], [2, 2]], 3]]
2794. [1, [[[2, 3], [2, 2]], 4]]
2795. [1, [[[2, 3], [2, 3]], 1]]
2796. [1, [[[2, 3], [2, 3]], 2]]
2797. [1, [[[2, 3], [2, 3]], 3]]
2798. [1, [[[2, 3], [2, 3]], 4]]
2799. [1, [[[2, 3], [2, 4]], 1]]
2800. [1, [[[2, 3], [2, 4]], 2]]
2801. [1, [[[2, 3], [2, 4]], 3]]
2802. [1, [[[2, 3], [2, 4]], 4]]
2803. [1, [[[2, 3], [2, 4]], 5]]
2804. [1, [[[2, 3], [3, 1]], 1]]
2805. [1, [[[2, 3], [3, 1]], 2]]
2806. [1, [[[2, 3], [3, 1]], 3]]
2807. [1, [[[2, 3], [3, 1]], 4]]
2808. [1, [[[2, 3], [3, 2]], 1]]
2809. [1, [[[2, 3], [3, 2]], 2]]
2810. [1, [[[2, 3], [3, 2]], 3]]
2811. [1, [[[2, 3], [3, 2]], 4]]
2812. [1, [[[2, 3], [3, 3]], 1]]
2813. [1, [[[2, 3], [3, 3]], 2]]
2814. [1, [[[2, 3], [3, 3]], 3]]
2815. [1, [[[2, 3], [3, 3]], 4]]
2816. [1, [[[2, 3], [3, 4]], 1]]
2817. [1, [[[2, 3], [3, 4]], 2]]
2818. [1, [[[2, 3], [3, 4]], 3]]
2819. [1, [[[2, 3], [3, 4]], 4]]
2820. [1, [[[2, 3], [3, 4]], 5]]
2821. [1, [[[2, 3], [4, 1]], 1]]
2822. [1, [[[2, 3], [4, 1]], 2]]
2823. [1, [[[2, 3], [4, 1]], 3]]
2824. [1, [[[2, 3], [4, 1]], 4]]
2825. [1, [[[2, 3], [4, 1]], 5]]
2826. [1, [[[2, 3], [4, 2]], 1]]
2827. [1, [[[2, 3], [4, 2]], 2]]
2828. [1, [[[2, 3], [4, 2]], 3]]
2829. [1, [[[2, 3], [4, 2]], 4]]
2830. [1, [[[2, 3], [4, 2]], 5]]
2831. [1, [[[2, 3], [4, 3]], 1]]
2832. [1, [[[2, 3], [4, 3]], 2]]
2833. [1, [[[2, 3], [4, 3]], 3]]
2834. [1, [[[2, 3], [4, 3]], 4]]
2835. [1, [[[2, 3], [4, 3]], 5]]
2836. [1, [[[2, 3], [4, 4]], 1]]
2837. [1, [[[2, 3], [4, 4]], 2]]
2838. [1, [[[2, 3], [4, 4]], 3]]
2839. [1, [[[2, 3], [4, 4]], 4]]
2840. [1, [[[2, 3], [4, 4]], 5]]
2841. [1, [[[2, 3], [4, 5]], 1]]
2842. [1, [[[2, 3], [4, 5]], 2]]
2843. [1, [[[2, 3], [4, 5]], 3]]
2844. [1, [[[2, 3], [4, 5]], 4]]
2845. [1, [[[2, 3], [4, 5]], 5]]
2846. [1, [[[2, 3], [4, 5]], 6]]
2847. [1, [[[1, [1, 1]], 1], 1]]
2848. [1, [[[1, [1, 1]], 1], 2]]
2849. [1, [[[1, [1, 1]], 2], 1]]
2850. [1, [[[1, [1, 1]], 2], 2]]
2851. [1, [[[1, [1, 1]], 2], 3]]
2852. [1, [[[1, [1, 2]], 1], 1]]
2853. [1, [[[1, [1, 2]], 1], 2]]
2854. [1, [[[1, [1, 2]], 1], 3]]
2855. [1, [[[1, [1, 2]], 2], 1]]
2856. [1, [[[1, [1, 2]], 2], 2]]
2857. [1, [[[1, [1, 2]], 2], 3]]
2858. [1, [[[1, [1, 2]], 3], 1]]
2859. [1, [[[1, [1, 2]], 3], 2]]
2860. [1, [[[1, [1, 2]], 3], 3]]
2861. [1, [[[1, [1, 2]], 3], 4]]
2862. [1, [[[1, [2, 1]], 1], 1]]
2863. [1, [[[1, [2, 1]], 1], 2]]
2864. [1, [[[1, [2, 1]], 1], 3]]
2865. [1, [[[1, [2, 1]], 2], 1]]
2866. [1, [[[1, [2, 1]], 2], 2]]
2867. [1, [[[1, [2, 1]], 2], 3]]
2868. [1, [[[1, [2, 1]], 3], 1]]
2869. [1, [[[1, [2, 1]], 3], 2]]
2870. [1, [[[1, [2, 1]], 3], 3]]
2871. [1, [[[1, [2, 1]], 3], 4]]
2872. [1, [[[1, [2, 2]], 1], 1]]
2873. [1, [[[1, [2, 2]], 1], 2]]
2874. [1, [[[1, [2, 2]], 1], 3]]
2875. [1, [[[1, [2, 2]], 2], 1]]
2876. [1, [[[1, [2, 2]], 2], 2]]
2877. [1, [[[1, [2, 2]], 2], 3]]
2878. [1, [[[1, [2, 2]], 3], 1]]
2879. [1, [[[1, [2, 2]], 3], 2]]
2880. [1, [[[1, [2, 2]], 3], 3]]
2881. [1, [[[1, [2, 2]], 3], 4]]
2882. [1, [[[1, [2, 3]], 1], 1]]
2883. [1, [[[1, [2, 3]], 1], 2]]
2884. [1, [[[1, [2, 3]], 1], 3]]
2885. [1, [[[1, [2, 3]], 1], 4]]
2886. [1, [[[1, [2, 3]], 2], 1]]
2887. [1, [[[1, [2, 3]], 2], 2]]
2888. [1, [[[1, [2, 3]], 2], 3]]
2889. [1, [[[1, [2, 3]], 2], 4]]
2890. [1, [[[1, [2, 3]], 3], 1]]
2891. [1, [[[1, [2, 3]], 3], 2]]
2892. [1, [[[1, [2, 3]], 3], 3]]
2893. [1, [[[1, [2, 3]], 3], 4]]
2894. [1, [[[1, [2, 3]], 4], 1]]
2895. [1, [[[1, [2, 3]], 4], 2]]
2896. [1, [[[1, [2, 3]], 4], 3]]
2897. [1, [[[1, [2, 3]], 4], 4]]
2898. [1, [[[1, [2, 3]], 4], 5]]
2899. [1, [[[2, [1, 1]], 1], 1]]
2900. [1, [[[2, [1, 1]], 1], 2]]
2901. [1, [[[2, [1, 1]], 1], 3]]
2902. [1, [[[2, [1, 1]], 2], 1]]
2903. [1, [[[2, [1, 1]], 2], 2]]
2904. [1, [[[2, [1, 1]], 2], 3]]
2905. [1, [[[2, [1, 1]], 3], 1]]
2906. [1, [[[2, [1, 1]], 3], 2]]
2907. [1, [[[2, [1, 1]], 3], 3]]
2908. [1, [[[2, [1, 1]], 3], 4]]
2909. [1, [[[2, [1, 2]], 1], 1]]
2910. [1, [[[2, [1, 2]], 1], 2]]
2911. [1, [[[2, [1, 2]], 1], 3]]
2912. [1, [[[2, [1, 2]], 2], 1]]
2913. [1, [[[2, [1, 2]], 2], 2]]
2914. [1, [[[2, [1, 2]], 2], 3]]
2915. [1, [[[2, [1, 2]], 3], 1]]
2916. [1, [[[2, [1, 2]], 3], 2]]
2917. [1, [[[2, [1, 2]], 3], 3]]
2918. [1, [[[2, [1, 2]], 3], 4]]
2919. [1, [[[2, [1, 3]], 1], 1]]
2920. [1, [[[2, [1, 3]], 1], 2]]
2921. [1, [[[2, [1, 3]], 1], 3]]
2922. [1, [[[2, [1, 3]], 1], 4]]
2923. [1, [[[2, [1, 3]], 2], 1]]
2924. [1, [[[2, [1, 3]], 2], 2]]
2925. [1, [[[2, [1, 3]], 2], 3]]
2926. [1, [[[2, [1, 3]], 2], 4]]
2927. [1, [[[2, [1, 3]], 3], 1]]
2928. [1, [[[2, [1, 3]], 3], 2]]
2929. [1, [[[2, [1, 3]], 3], 3]]
2930. [1, [[[2, [1, 3]], 3], 4]]
2931. [1, [[[2, [1, 3]], 4], 1]]
2932. [1, [[[2, [1, 3]], 4], 2]]
2933. [1, [[[2, [1, 3]], 4], 3]]
2934. [1, [[[2, [1, 3]], 4], 4]]
2935. [1, [[[2, [1, 3]], 4], 5]]
2936. [1, [[[2, [2, 1]], 1], 1]]
2937. [1, [[[2, [2, 1]], 1], 2]]
2938. [1, [[[2, [2, 1]], 1], 3]]
2939. [1, [[[2, [2, 1]], 2], 1]]
2940. [1, [[[2, [2, 1]], 2], 2]]
2941. [1, [[[2, [2, 1]], 2], 3]]
2942. [1, [[[2, [2, 1]], 3], 1]]
2943. [1, [[[2, [2, 1]], 3], 2]]
2944. [1, [[[2, [2, 1]], 3], 3]]
2945. [1, [[[2, [2, 1]], 3], 4]]
2946. [1, [[[2, [2, 2]], 1], 1]]
2947. [1, [[[2, [2, 2]], 1], 2]]
2948. [1, [[[2, [2, 2]], 1], 3]]
2949. [1, [[[2, [2, 2]], 2], 1]]
2950. [1, [[[2, [2, 2]], 2], 2]]
2951. [1, [[[2, [2, 2]], 2], 3]]
2952. [1, [[[2, [2, 2]], 3], 1]]
2953. [1, [[[2, [2, 2]], 3], 2]]
2954. [1, [[[2, [2, 2]], 3], 3]]
2955. [1, [[[2, [2, 2]], 3], 4]]
2956. [1, [[[2, [2, 3]], 1], 1]]
2957. [1, [[[2, [2, 3]], 1], 2]]
2958. [1, [[[2, [2, 3]], 1], 3]]
2959. [1, [[[2, [2, 3]], 1], 4]]
2960. [1, [[[2, [2, 3]], 2], 1]]
2961. [1, [[[2, [2, 3]], 2], 2]]
2962. [1, [[[2, [2, 3]], 2], 3]]
2963. [1, [[[2, [2, 3]], 2], 4]]
2964. [1, [[[2, [2, 3]], 3], 1]]
2965. [1, [[[2, [2, 3]], 3], 2]]
2966. [1, [[[2, [2, 3]], 3], 3]]
2967. [1, [[[2, [2, 3]], 3], 4]]
2968. [1, [[[2, [2, 3]], 4], 1]]
2969. [1, [[[2, [2, 3]], 4], 2]]
2970. [1, [[[2, [2, 3]], 4], 3]]
2971. [1, [[[2, [2, 3]], 4], 4]]
2972. [1, [[[2, [2, 3]], 4], 5]]
2973. [1, [[[2, [3, 1]], 1], 1]]
2974. [1, [[[2, [3, 1]], 1], 2]]
2975. [1, [[[2, [3, 1]], 1], 3]]
2976. [1, [[[2, [3, 1]], 1], 4]]
2977. [1, [[[2, [3, 1]], 2], 1]]
2978. [1, [[[2, [3, 1]], 2], 2]]
2979. [1, [[[2, [3, 1]], 2], 3]]
2980. [1, [[[2, [3, 1]], 2], 4]]
2981. [1, [[[2, [3, 1]], 3], 1]]
2982. [1, [[[2, [3, 1]], 3], 2]]
2983. [1, [[[2, [3, 1]], 3], 3]]
2984. [1, [[[2, [3, 1]], 3], 4]]
2985. [1, [[[2, [3, 1]], 4], 1]]
2986. [1, [[[2, [3, 1]], 4], 2]]
2987. [1, [[[2, [3, 1]], 4], 3]]
2988. [1, [[[2, [3, 1]], 4], 4]]
2989. [1, [[[2, [3, 1]], 4], 5]]
2990. [1, [[[2, [3, 2]], 1], 1]]
2991. [1, [[[2, [3, 2]], 1], 2]]
2992. [1, [[[2, [3, 2]], 1], 3]]
2993. [1, [[[2, [3, 2]], 1], 4]]
2994. [1, [[[2, [3, 2]], 2], 1]]
2995. [1, [[[2, [3, 2]], 2], 2]]
2996. [1, [[[2, [3, 2]], 2], 3]]
2997. [1, [[[2, [3, 2]], 2], 4]]
2998. [1, [[[2, [3, 2]], 3], 1]]
2999. [1, [[[2, [3, 2]], 3], 2]]
3000. [1, [[[2, [3, 2]], 3], 3]]
3001. [1, [[[2, [3, 2]], 3], 4]]
3002. [1, [[[2, [3, 2]], 4], 1]]
3003. [1, [[[2, [3, 2]], 4], 2]]
3004. [1, [[[2, [3, 2]], 4], 3]]
3005. [1, [[[2, [3, 2]], 4], 4]]
3006. [1, [[[2, [3, 2]], 4], 5]]
3007. [1, [[[2, [3, 3]], 1], 1]]
3008. [1, [[[2, [3, 3]], 1], 2]]
3009. [1, [[[2, [3, 3]], 1], 3]]
3010. [1, [[[2, [3, 3]], 1], 4]]
3011. [1, [[[2, [3, 3]], 2], 1]]
3012. [1, [[[2, [3, 3]], 2], 2]]
3013. [1, [[[2, [3, 3]], 2], 3]]
3014. [1, [[[2, [3, 3]], 2], 4]]
3015. [1, [[[2, [3, 3]], 3], 1]]
3016. [1, [[[2, [3, 3]], 3], 2]]
3017. [1, [[[2, [3, 3]], 3], 3]]
3018. [1, [[[2, [3, 3]], 3], 4]]
3019. [1, [[[2, [3, 3]], 4], 1]]
3020. [1, [[[2, [3, 3]], 4], 2]]
3021. [1, [[[2, [3, 3]], 4], 3]]
3022. [1, [[[2, [3, 3]], 4], 4]]
3023. [1, [[[2, [3, 3]], 4], 5]]
3024. [1, [[[2, [3, 4]], 1], 1]]
3025. [1, [[[2, [3, 4]], 1], 2]]
3026. [1, [[[2, [3, 4]], 1], 3]]
3027. [1, [[[2, [3, 4]], 1], 4]]
3028. [1, [[[2, [3, 4]], 1], 5]]
3029. [1, [[[2, [3, 4]], 2], 1]]
3030. [1, [[[2, [3, 4]], 2], 2]]
3031. [1, [[[2, [3, 4]], 2], 3]]
3032. [1, [[[2, [3, 4]], 2], 4]]
3033. [1, [[[2, [3, 4]], 2], 5]]
3034. [1, [[[2, [3, 4]], 3], 1]]
3035. [1, [[[2, [3, 4]], 3], 2]]
3036. [1, [[[2, [3, 4]], 3], 3]]
3037. [1, [[[2, [3, 4]], 3], 4]]
3038. [1, [[[2, [3, 4]], 3], 5]]
3039. [1, [[[2, [3, 4]], 4], 1]]
3040. [1, [[[2, [3, 4]], 4], 2]]
3041. [1, [[[2, [3, 4]], 4], 3]]
3042. [1, [[[2, [3, 4]], 4], 4]]
3043. [1, [[[2, [3, 4]], 4], 5]]
3044. [1, [[[2, [3, 4]], 5], 1]]
3045. [1, [[[2, [3, 4]], 5], 2]]
3046. [1, [[[2, [3, 4]], 5], 3]]
3047. [1, [[[2, [3, 4]], 5], 4]]
3048. [1, [[[2, [3, 4]], 5], 5]]
3049. [1, [[[2, [3, 4]], 5], 6]]
3050. [1, [[[[1, 1], 1], 1], 1]]
3051. [1, [[[[1, 1], 1], 1], 2]]
3052. [1, [[[[1, 1], 1], 2], 1]]
3053. [1, [[[[1, 1], 1], 2], 2]]
3054. [1, [[[[1, 1], 1], 2], 3]]
3055. [1, [[[[1, 1], 2], 1], 1]]
3056. [1, [[[[1, 1], 2], 1], 2]]
3057. [1, [[[[1, 1], 2], 1], 3]]
3058. [1, [[[[1, 1], 2], 2], 1]]
3059. [1, [[[[1, 1], 2], 2], 2]]
3060. [1, [[[[1, 1], 2], 2], 3]]
3061. [1, [[[[1, 1], 2], 3], 1]]
3062. [1, [[[[1, 1], 2], 3], 2]]
3063. [1, [[[[1, 1], 2], 3], 3]]
3064. [1, [[[[1, 1], 2], 3], 4]]
3065. [1, [[[[1, 2], 1], 1], 1]]
3066. [1, [[[[1, 2], 1], 1], 2]]
3067. [1, [[[[1, 2], 1], 1], 3]]
3068. [1, [[[[1, 2], 1], 2], 1]]
3069. [1, [[[[1, 2], 1], 2], 2]]
3070. [1, [[[[1, 2], 1], 2], 3]]
3071. [1, [[[[1, 2], 1], 3], 1]]
3072. [1, [[[[1, 2], 1], 3], 2]]
3073. [1, [[[[1, 2], 1], 3], 3]]
3074. [1, [[[[1, 2], 1], 3], 4]]
3075. [1, [[[[1, 2], 2], 1], 1]]
3076. [1, [[[[1, 2], 2], 1], 2]]
3077. [1, [[[[1, 2], 2], 1], 3]]
3078. [1, [[[[1, 2], 2], 2], 1]]
3079. [1, [[[[1, 2], 2], 2], 2]]
3080. [1, [[[[1, 2], 2], 2], 3]]
3081. [1, [[[[1, 2], 2], 3], 1]]
3082. [1, [[[[1, 2], 2], 3], 2]]
3083. [1, [[[[1, 2], 2], 3], 3]]
3084. [1, [[[[1, 2], 2], 3], 4]]
3085. [1, [[[[1, 2], 3], 1], 1]]
3086. [1, [[[[1, 2], 3], 1], 2]]
3087. [1, [[[[1, 2], 3], 1], 3]]
3088. [1, [[[[1, 2], 3], 1], 4]]
3089. [1, [[[[1, 2], 3], 2], 1]]
3090. [1, [[[[1, 2], 3], 2], 2]]
3091. [1, [[[[1, 2], 3], 2], 3]]
3092. [1, [[[[1, 2], 3], 2], 4]]
3093. [1, [[[[1, 2], 3], 3], 1]]
3094. [1, [[[[1, 2], 3], 3], 2]]
3095. [1, [[[[1, 2], 3], 3], 3]]
3096. [1, [[[[1, 2], 3], 3], 4]]
3097. [1, [[[[1, 2], 3], 4], 1]]
3098. [1, [[[[1, 2], 3], 4], 2]]
3099. [1, [[[[1, 2], 3], 4], 3]]
3100. [1, [[[[1, 2], 3], 4], 4]]
3101. [1, [[[[1, 2], 3], 4], 5]]
3102. [1, [[[[2, 1], 1], 1], 1]]
3103. [1, [[[[2, 1], 1], 1], 2]]
3104. [1, [[[[2, 1], 1], 1], 3]]
3105. [1, [[[[2, 1], 1], 2], 1]]
3106. [1, [[[[2, 1], 1], 2], 2]]
3107. [1, [[[[2, 1], 1], 2], 3]]
3108. [1, [[[[2, 1], 1], 3], 1]]
3109. [1, [[[[2, 1], 1], 3], 2]]
3110. [1, [[[[2, 1], 1], 3], 3]]
3111. [1, [[[[2, 1], 1], 3], 4]]
3112. [1, [[[[2, 1], 2], 1], 1]]
3113. [1, [[[[2, 1], 2], 1], 2]]
3114. [1, [[[[2, 1], 2], 1], 3]]
3115. [1, [[[[2, 1], 2], 2], 1]]
3116. [1, [[[[2, 1], 2], 2], 2]]
3117. [1, [[[[2, 1], 2], 2], 3]]
3118. [1, [[[[2, 1], 2], 3], 1]]
3119. [1, [[[[2, 1], 2], 3], 2]]
3120. [1, [[[[2, 1], 2], 3], 3]]
3121. [1, [[[[2, 1], 2], 3], 4]]
3122. [1, [[[[2, 1], 3], 1], 1]]
3123. [1, [[[[2, 1], 3], 1], 2]]
3124. [1, [[[[2, 1], 3], 1], 3]]
3125. [1, [[[[2, 1], 3], 1], 4]]
3126. [1, [[[[2, 1], 3], 2], 1]]
3127. [1, [[[[2, 1], 3], 2], 2]]
3128. [1, [[[[2, 1], 3], 2], 3]]
3129. [1, [[[[2, 1], 3], 2], 4]]
3130. [1, [[[[2, 1], 3], 3], 1]]
3131. [1, [[[[2, 1], 3], 3], 2]]
3132. [1, [[[[2, 1], 3], 3], 3]]
3133. [1, [[[[2, 1], 3], 3], 4]]
3134. [1, [[[[2, 1], 3], 4], 1]]
3135. [1, [[[[2, 1], 3], 4], 2]]
3136. [1, [[[[2, 1], 3], 4], 3]]
3137. [1, [[[[2, 1], 3], 4], 4]]
3138. [1, [[[[2, 1], 3], 4], 5]]
3139. [1, [[[[2, 2], 1], 1], 1]]
3140. [1, [[[[2, 2], 1], 1], 2]]
3141. [1, [[[[2, 2], 1], 1], 3]]
3142. [1, [[[[2, 2], 1], 2], 1]]
3143. [1, [[[[2, 2], 1], 2], 2]]
3144. [1, [[[[2, 2], 1], 2], 3]]
3145. [1, [[[[2, 2], 1], 3], 1]]
3146. [1, [[[[2, 2], 1], 3], 2]]
3147. [1, [[[[2, 2], 1], 3], 3]]
3148. [1, [[[[2, 2], 1], 3], 4]]
3149. [1, [[[[2, 2], 2], 1], 1]]
3150. [1, [[[[2, 2], 2], 1], 2]]
3151. [1, [[[[2, 2], 2], 1], 3]]
3152. [1, [[[[2, 2], 2], 2], 1]]
3153. [1, [[[[2, 2], 2], 2], 2]]
3154. [1, [[[[2, 2], 2], 2], 3]]
3155. [1, [[[[2, 2], 2], 3], 1]]
3156. [1, [[[[2, 2], 2], 3], 2]]
3157. [1, [[[[2, 2], 2], 3], 3]]
3158. [1, [[[[2, 2], 2], 3], 4]]
3159. [1, [[[[2, 2], 3], 1], 1]]
3160. [1, [[[[2, 2], 3], 1], 2]]
3161. [1, [[[[2, 2], 3], 1], 3]]
3162. [1, [[[[2, 2], 3], 1], 4]]
3163. [1, [[[[2, 2], 3], 2], 1]]
3164. [1, [[[[2, 2], 3], 2], 2]]
3165. [1, [[[[2, 2], 3], 2], 3]]
3166. [1, [[[[2, 2], 3], 2], 4]]
3167. [1, [[[[2, 2], 3], 3], 1]]
3168. [1, [[[[2, 2], 3], 3], 2]]
3169. [1, [[[[2, 2], 3], 3], 3]]
3170. [1, [[[[2, 2], 3], 3], 4]]
3171. [1, [[[[2, 2], 3], 4], 1]]
3172. [1, [[[[2, 2], 3], 4], 2]]
3173. [1, [[[[2, 2], 3], 4], 3]]
3174. [1, [[[[2, 2], 3], 4], 4]]
3175. [1, [[[[2, 2], 3], 4], 5]]
3176. [1, [[[[2, 3], 1], 1], 1]]
3177. [1, [[[[2, 3], 1], 1], 2]]
3178. [1, [[[[2, 3], 1], 1], 3]]
3179. [1, [[[[2, 3], 1], 1], 4]]
3180. [1, [[[[2, 3], 1], 2], 1]]
3181. [1, [[[[2, 3], 1], 2], 2]]
3182. [1, [[[[2, 3], 1], 2], 3]]
3183. [1, [[[[2, 3], 1], 2], 4]]
3184. [1, [[[[2, 3], 1], 3], 1]]
3185. [1, [[[[2, 3], 1], 3], 2]]
3186. [1, [[[[2, 3], 1], 3], 3]]
3187. [1, [[[[2, 3], 1], 3], 4]]
3188. [1, [[[[2, 3], 1], 4], 1]]
3189. [1, [[[[2, 3], 1], 4], 2]]
3190. [1, [[[[2, 3], 1], 4], 3]]
3191. [1, [[[[2, 3], 1], 4], 4]]
3192. [1, [[[[2, 3], 1], 4], 5]]
3193. [1, [[[[2, 3], 2], 1], 1]]
3194. [1, [[[[2, 3], 2], 1], 2]]
3195. [1, [[[[2, 3], 2], 1], 3]]
3196. [1, [[[[2, 3], 2], 1], 4]]
3197. [1, [[[[2, 3], 2], 2], 1]]
3198. [1, [[[[2, 3], 2], 2], 2]]
3199. [1, [[[[2, 3], 2], 2], 3]]
3200. [1, [[[[2, 3], 2], 2], 4]]
3201. [1, [[[[2, 3], 2], 3], 1]]
3202. [1, [[[[2, 3], 2], 3], 2]]
3203. [1, [[[[2, 3], 2], 3], 3]]
3204. [1, [[[[2, 3], 2], 3], 4]]
3205. [1, [[[[2, 3], 2], 4], 1]]
3206. [1, [[[[2, 3], 2], 4], 2]]
3207. [1, [[[[2, 3], 2], 4], 3]]
3208. [1, [[[[2, 3], 2], 4], 4]]
3209. [1, [[[[2, 3], 2], 4], 5]]
3210. [1, [[[[2, 3], 3], 1], 1]]
3211. [1, [[[[2, 3], 3], 1], 2]]
3212. [1, [[[[2, 3], 3], 1], 3]]
3213. [1, [[[[2, 3], 3], 1], 4]]
3214. [1, [[[[2, 3], 3], 2], 1]]
3215. [1, [[[[2, 3], 3], 2], 2]]
3216. [1, [[[[2, 3], 3], 2], 3]]
3217. [1, [[[[2, 3], 3], 2], 4]]
3218. [1, [[[[2, 3], 3], 3], 1]]
3219. [1, [[[[2, 3], 3], 3], 2]]
3220. [1, [[[[2, 3], 3], 3], 3]]
3221. [1, [[[[2, 3], 3], 3], 4]]
3222. [1, [[[[2, 3], 3], 4], 1]]
3223. [1, [[[[2, 3], 3], 4], 2]]
3224. [1, [[[[2, 3], 3], 4], 3]]
3225. [1, [[[[2, 3], 3], 4], 4]]
3226. [1, [[[[2, 3], 3], 4], 5]]
3227. [1, [[[[2, 3], 4], 1], 1]]
3228. [1, [[[[2, 3], 4], 1], 2]]
3229. [1, [[[[2, 3], 4], 1], 3]]
3230. [1, [[[[2, 3], 4], 1], 4]]
3231. [1, [[[[2, 3], 4], 1], 5]]
3232. [1, [[[[2, 3], 4], 2], 1]]
3233. [1, [[[[2, 3], 4], 2], 2]]
3234. [1, [[[[2, 3], 4], 2], 3]]
3235. [1, [[[[2, 3], 4], 2], 4]]
3236. [1, [[[[2, 3], 4], 2], 5]]
3237. [1, [[[[2, 3], 4], 3], 1]]
3238. [1, [[[[2, 3], 4], 3], 2]]
3239. [1, [[[[2, 3], 4], 3], 3]]
3240. [1, [[[[2, 3], 4], 3], 4]]
3241. [1, [[[[2, 3], 4], 3], 5]]
3242. [1, [[[[2, 3], 4], 4], 1]]
3243. [1, [[[[2, 3], 4], 4], 2]]
3244. [1, [[[[2, 3], 4], 4], 3]]
3245. [1, [[[[2, 3], 4], 4], 4]]
3246. [1, [[[[2, 3], 4], 4], 5]]
3247. [1, [[[[2, 3], 4], 5], 1]]
3248. [1, [[[[2, 3], 4], 5], 2]]
3249. [1, [[[[2, 3], 4], 5], 3]]
3250. [1, [[[[2, 3], 4], 5], 4]]
3251. [1, [[[[2, 3], 4], 5], 5]]
3252. [1, [[[[2, 3], 4], 5], 6]]
3253. [[1, 1], [1, [1, [1, 1]]]]
3254. [[1, 1], [1, [1, [1, 2]]]]
3255. [[1, 1], [1, [1, [2, 1]]]]
3256. [[1, 1], [1, [1, [2, 2]]]]
3257. [[1, 1], [1, [1, [2, 3]]]]
3258. [[1, 1], [1, [2, [1, 1]]]]
3259. [[1, 1], [1, [2, [1, 2]]]]
3260. [[1, 1], [1, [2, [1, 3]]]]
3261. [[1, 1], [1, [2, [2, 1]]]]
3262. [[1, 1], [1, [2, [2, 2]]]]
3263. [[1, 1], [1, [2, [2, 3]]]]
3264. [[1, 1], [1, [2, [3, 1]]]]
3265. [[1, 1], [1, [2, [3, 2]]]]
3266. [[1, 1], [1, [2, [3, 3]]]]
3267. [[1, 1], [1, [2, [3, 4]]]]
3268. [[1, 1], [2, [1, [1, 1]]]]
3269. [[1, 1], [2, [1, [1, 2]]]]
3270. [[1, 1], [2, [1, [1, 3]]]]
3271. [[1, 1], [2, [1, [2, 1]]]]
3272. [[1, 1], [2, [1, [2, 2]]]]
3273. [[1, 1], [2, [1, [2, 3]]]]
3274. [[1, 1], [2, [1, [3, 1]]]]
3275. [[1, 1], [2, [1, [3, 2]]]]
3276. [[1, 1], [2, [1, [3, 3]]]]
3277. [[1, 1], [2, [1, [3, 4]]]]
3278. [[1, 1], [2, [2, [1, 1]]]]
3279. [[1, 1], [2, [2, [1, 2]]]]
3280. [[1, 1], [2, [2, [1, 3]]]]
3281. [[1, 1], [2, [2, [2, 1]]]]
3282. [[1, 1], [2, [2, [2, 2]]]]
3283. [[1, 1], [2, [2, [2, 3]]]]
3284. [[1, 1], [2, [2, [3, 1]]]]
3285. [[1, 1], [2, [2, [3, 2]]]]
3286. [[1, 1], [2, [2, [3, 3]]]]
3287. [[1, 1], [2, [2, [3, 4]]]]
3288. [[1, 1], [2, [3, [1, 1]]]]
3289. [[1, 1], [2, [3, [1, 2]]]]
3290. [[1, 1], [2, [3, [1, 3]]]]
3291. [[1, 1], [2, [3, [1, 4]]]]
3292. [[1, 1], [2, [3, [2, 1]]]]
3293. [[1, 1], [2, [3, [2, 2]]]]
3294. [[1, 1], [2, [3, [2, 3]]]]
3295. [[1, 1], [2, [3, [2, 4]]]]
3296. [[1, 1], [2, [3, [3, 1]]]]
3297. [[1, 1], [2, [3, [3, 2]]]]
3298. [[1, 1], [2, [3, [3, 3]]]]
3299. [[1, 1], [2, [3, [3, 4]]]]
3300. [[1, 1], [2, [3, [4, 1]]]]
3301. [[1, 1], [2, [3, [4, 2]]]]
3302. [[1, 1], [2, [3, [4, 3]]]]
3303. [[1, 1], [2, [3, [4, 4]]]]
3304. [[1, 1], [2, [3, [4, 5]]]]
3305. [[1, 2], [1, [1, [1, 1]]]]
3306. [[1, 2], [1, [1, [1, 2]]]]
3307. [[1, 2], [1, [1, [1, 3]]]]
3308. [[1, 2], [1, [1, [2, 1]]]]
3309. [[1, 2], [1, [1, [2, 2]]]]
3310. [[1, 2], [1, [1, [2, 3]]]]
3311. [[1, 2], [1, [1, [3, 1]]]]
3312. [[1, 2], [1, [1, [3, 2]]]]
3313. [[1, 2], [1, [1, [3, 3]]]]
3314. [[1, 2], [1, [1, [3, 4]]]]
3315. [[1, 2], [1, [2, [1, 1]]]]
3316. [[1, 2], [1, [2, [1, 2]]]]
3317. [[1, 2], [1, [2, [1, 3]]]]
3318. [[1, 2], [1, [2, [2, 1]]]]
3319. [[1, 2], [1, [2, [2, 2]]]]
3320. [[1, 2], [1, [2, [2, 3]]]]
3321. [[1, 2], [1, [2, [3, 1]]]]
3322. [[1, 2], [1, [2, [3, 2]]]]
3323. [[1, 2], [1, [2, [3, 3]]]]
3324. [[1, 2], [1, [2, [3, 4]]]]
3325. [[1, 2], [1, [3, [1, 1]]]]
3326. [[1, 2], [1, [3, [1, 2]]]]
3327. [[1, 2], [1, [3, [1, 3]]]]
3328. [[1, 2], [1, [3, [1, 4]]]]
3329. [[1, 2], [1, [3, [2, 1]]]]
3330. [[1, 2], [1, [3, [2, 2]]]]
3331. [[1, 2], [1, [3, [2, 3]]]]
3332. [[1, 2], [1, [3, [2, 4]]]]
3333. [[1, 2], [1, [3, [3, 1]]]]
3334. [[1, 2], [1, [3, [3, 2]]]]
3335. [[1, 2], [1, [3, [3, 3]]]]
3336. [[1, 2], [1, [3, [3, 4]]]]
3337. [[1, 2], [1, [3, [4, 1]]]]
3338. [[1, 2], [1, [3, [4, 2]]]]
3339. [[1, 2], [1, [3, [4, 3]]]]
3340. [[1, 2], [1, [3, [4, 4]]]]
3341. [[1, 2], [1, [3, [4, 5]]]]
3342. [[1, 2], [2, [1, [1, 1]]]]
3343. [[1, 2], [2, [1, [1, 2]]]]
3344. [[1, 2], [2, [1, [1, 3]]]]
3345. [[1, 2], [2, [1, [2, 1]]]]
3346. [[1, 2], [2, [1, [2, 2]]]]
3347. [[1, 2], [2, [1, [2, 3]]]]
3348. [[1, 2], [2, [1, [3, 1]]]]
3349. [[1, 2], [2, [1, [3, 2]]]]
3350. [[1, 2], [2, [1, [3, 3]]]]
3351. [[1, 2], [2, [1, [3, 4]]]]
3352. [[1, 2], [2, [2, [1, 1]]]]
3353. [[1, 2], [2, [2, [1, 2]]]]
3354. [[1, 2], [2, [2, [1, 3]]]]
3355. [[1, 2], [2, [2, [2, 1]]]]
3356. [[1, 2], [2, [2, [2, 2]]]]
3357. [[1, 2], [2, [2, [2, 3]]]]
3358. [[1, 2], [2, [2, [3, 1]]]]
3359. [[1, 2], [2, [2, [3, 2]]]]
3360. [[1, 2], [2, [2, [3, 3]]]]
3361. [[1, 2], [2, [2, [3, 4]]]]
3362. [[1, 2], [2, [3, [1, 1]]]]
3363. [[1, 2], [2, [3, [1, 2]]]]
3364. [[1, 2], [2, [3, [1, 3]]]]
3365. [[1, 2], [2, [3, [1, 4]]]]
3366. [[1, 2], [2, [3, [2, 1]]]]
3367. [[1, 2], [2, [3, [2, 2]]]]
3368. [[1, 2], [2, [3, [2, 3]]]]
3369. [[1, 2], [2, [3, [2, 4]]]]
3370. [[1, 2], [2, [3, [3, 1]]]]
3371. [[1, 2], [2, [3, [3, 2]]]]
3372. [[1, 2], [2, [3, [3, 3]]]]
3373. [[1, 2], [2, [3, [3, 4]]]]
3374. [[1, 2], [2, [3, [4, 1]]]]
3375. [[1, 2], [2, [3, [4, 2]]]]
3376. [[1, 2], [2, [3, [4, 3]]]]
3377. [[1, 2], [2, [3, [4, 4]]]]
3378. [[1, 2], [2, [3, [4, 5]]]]
3379. [[1, 2], [3, [1, [1, 1]]]]
3380. [[1, 2], [3, [1, [1, 2]]]]
3381. [[1, 2], [3, [1, [1, 3]]]]
3382. [[1, 2], [3, [1, [1, 4]]]]
3383. [[1, 2], [3, [1, [2, 1]]]]
3384. [[1, 2], [3, [1, [2, 2]]]]
3385. [[1, 2], [3, [1, [2, 3]]]]
3386. [[1, 2], [3, [1, [2, 4]]]]
3387. [[1, 2], [3, [1, [3, 1]]]]
3388. [[1, 2], [3, [1, [3, 2]]]]
3389. [[1, 2], [3, [1, [3, 3]]]]
3390. [[1, 2], [3, [1, [3, 4]]]]
3391. [[1, 2], [3, [1, [4, 1]]]]
3392. [[1, 2], [3, [1, [4, 2]]]]
3393. [[1, 2], [3, [1, [4, 3]]]]
3394. [[1, 2], [3, [1, [4, 4]]]]
3395. [[1, 2], [3, [1, [4, 5]]]]
3396. [[1, 2], [3, [2, [1, 1]]]]
3397. [[1, 2], [3, [2, [1, 2]]]]
3398. [[1, 2], [3, [2, [1, 3]]]]
3399. [[1, 2], [3, [2, [1, 4]]]]
3400. [[1, 2], [3, [2, [2, 1]]]]
3401. [[1, 2], [3, [2, [2, 2]]]]
3402. [[1, 2], [3, [2, [2, 3]]]]
3403. [[1, 2], [3, [2, [2, 4]]]]
3404. [[1, 2], [3, [2, [3, 1]]]]
3405. [[1, 2], [3, [2, [3, 2]]]]
3406. [[1, 2], [3, [2, [3, 3]]]]
3407. [[1, 2], [3, [2, [3, 4]]]]
3408. [[1, 2], [3, [2, [4, 1]]]]
3409. [[1, 2], [3, [2, [4, 2]]]]
3410. [[1, 2], [3, [2, [4, 3]]]]
3411. [[1, 2], [3, [2, [4, 4]]]]
3412. [[1, 2], [3, [2, [4, 5]]]]
3413. [[1, 2], [3, [3, [1, 1]]]]
3414. [[1, 2], [3, [3, [1, 2]]]]
3415. [[1, 2], [3, [3, [1, 3]]]]
3416. [[1, 2], [3, [3, [1, 4]]]]
3417. [[1, 2], [3, [3, [2, 1]]]]
3418. [[1, 2], [3, [3, [2, 2]]]]
3419. [[1, 2], [3, [3, [2, 3]]]]
3420. [[1, 2], [3, [3, [2, 4]]]]
3421. [[1, 2], [3, [3, [3, 1]]]]
3422. [[1, 2], [3, [3, [3, 2]]]]
3423. [[1, 2], [3, [3, [3, 3]]]]
3424. [[1, 2], [3, [3, [3, 4]]]]
3425. [[1, 2], [3, [3, [4, 1]]]]
3426. [[1, 2], [3, [3, [4, 2]]]]
3427. [[1, 2], [3, [3, [4, 3]]]]
3428. [[1, 2], [3, [3, [4, 4]]]]
3429. [[1, 2], [3, [3, [4, 5]]]]
3430. [[1, 2], [3, [4, [1, 1]]]]
3431. [[1, 2], [3, [4, [1, 2]]]]
3432. [[1, 2], [3, [4, [1, 3]]]]
3433. [[1, 2], [3, [4, [1, 4]]]]
3434. [[1, 2], [3, [4, [1, 5]]]]
3435. [[1, 2], [3, [4, [2, 1]]]]
3436. [[1, 2], [3, [4, [2, 2]]]]
3437. [[1, 2], [3, [4, [2, 3]]]]
3438. [[1, 2], [3, [4, [2, 4]]]]
3439. [[1, 2], [3, [4, [2, 5]]]]
3440. [[1, 2], [3, [4, [3, 1]]]]
3441. [[1, 2], [3, [4, [3, 2]]]]
3442. [[1, 2], [3, [4, [3, 3]]]]
3443. [[1, 2], [3, [4, [3, 4]]]]
3444. [[1, 2], [3, [4, [3, 5]]]]
3445. [[1, 2], [3, [4, [4, 1]]]]
3446. [[1, 2], [3, [4, [4, 2]]]]
3447. [[1, 2], [3, [4, [4, 3]]]]
3448. [[1, 2], [3, [4, [4, 4]]]]
3449. [[1, 2], [3, [4, [4, 5]]]]
3450. [[1, 2], [3, [4, [5, 1]]]]
3451. [[1, 2], [3, [4, [5, 2]]]]
3452. [[1, 2], [3, [4, [5, 3]]]]
3453. [[1, 2], [3, [4, [5, 4]]]]
3454. [[1, 2], [3, [4, [5, 5]]]]
3455. [[1, 2], [3, [4, [5, 6]]]]
3456. [[1, 1], [1, [[1, 1], 1]]]
3457. [[1, 1], [1, [[1, 1], 2]]]
3458. [[1, 1], [1, [[1, 2], 1]]]
3459. [[1, 1], [1, [[1, 2], 2]]]
3460. [[1, 1], [1, [[1, 2], 3]]]
3461. [[1, 1], [1, [[2, 1], 1]]]
3462. [[1, 1], [1, [[2, 1], 2]]]
3463. [[1, 1], [1, [[2, 1], 3]]]
3464. [[1, 1], [1, [[2, 2], 1]]]
3465. [[1, 1], [1, [[2, 2], 2]]]
3466. [[1, 1], [1, [[2, 2], 3]]]
3467. [[1, 1], [1, [[2, 3], 1]]]
3468. [[1, 1], [1, [[2, 3], 2]]]
3469. [[1, 1], [1, [[2, 3], 3]]]
3470. [[1, 1], [1, [[2, 3], 4]]]
3471. [[1, 1], [2, [[1, 1], 1]]]
3472. [[1, 1], [2, [[1, 1], 2]]]
3473. [[1, 1], [2, [[1, 1], 3]]]
3474. [[1, 1], [2, [[1, 2], 1]]]
3475. [[1, 1], [2, [[1, 2], 2]]]
3476. [[1, 1], [2, [[1, 2], 3]]]
3477. [[1, 1], [2, [[1, 3], 1]]]
3478. [[1, 1], [2, [[1, 3], 2]]]
3479. [[1, 1], [2, [[1, 3], 3]]]
3480. [[1, 1], [2, [[1, 3], 4]]]
3481. [[1, 1], [2, [[2, 1], 1]]]
3482. [[1, 1], [2, [[2, 1], 2]]]
3483. [[1, 1], [2, [[2, 1], 3]]]
3484. [[1, 1], [2, [[2, 2], 1]]]
3485. [[1, 1], [2, [[2, 2], 2]]]
3486. [[1, 1], [2, [[2, 2], 3]]]
3487. [[1, 1], [2, [[2, 3], 1]]]
3488. [[1, 1], [2, [[2, 3], 2]]]
3489. [[1, 1], [2, [[2, 3], 3]]]
3490. [[1, 1], [2, [[2, 3], 4]]]
3491. [[1, 1], [2, [[3, 1], 1]]]
3492. [[1, 1], [2, [[3, 1], 2]]]
3493. [[1, 1], [2, [[3, 1], 3]]]
3494. [[1, 1], [2, [[3, 1], 4]]]
3495. [[1, 1], [2, [[3, 2], 1]]]
3496. [[1, 1], [2, [[3, 2], 2]]]
3497. [[1, 1], [2, [[3, 2], 3]]]
3498. [[1, 1], [2, [[3, 2], 4]]]
3499. [[1, 1], [2, [[3, 3], 1]]]
3500. [[1, 1], [2, [[3, 3], 2]]]
3501. [[1, 1], [2, [[3, 3], 3]]]
3502. [[1, 1], [2, [[3, 3], 4]]]
3503. [[1, 1], [2, [[3, 4], 1]]]
3504. [[1, 1], [2, [[3, 4], 2]]]
3505. [[1, 1], [2, [[3, 4], 3]]]
3506. [[1, 1], [2, [[3, 4], 4]]]
3507. [[1, 1], [2, [[3, 4], 5]]]
3508. [[1, 2], [1, [[1, 1], 1]]]
3509. [[1, 2], [1, [[1, 1], 2]]]
3510. [[1, 2], [1, [[1, 1], 3]]]
3511. [[1, 2], [1, [[1, 2], 1]]]
3512. [[1, 2], [1, [[1, 2], 2]]]
3513. [[1, 2], [1, [[1, 2], 3]]]
3514. [[1, 2], [1, [[1, 3], 1]]]
3515. [[1, 2], [1, [[1, 3], 2]]]
3516. [[1, 2], [1, [[1, 3], 3]]]
3517. [[1, 2], [1, [[1, 3], 4]]]
3518. [[1, 2], [1, [[2, 1], 1]]]
3519. [[1, 2], [1, [[2, 1], 2]]]
3520. [[1, 2], [1, [[2, 1], 3]]]
3521. [[1, 2], [1, [[2, 2], 1]]]
3522. [[1, 2], [1, [[2, 2], 2]]]
3523. [[1, 2], [1, [[2, 2], 3]]]
3524. [[1, 2], [1, [[2, 3], 1]]]
3525. [[1, 2], [1, [[2, 3], 2]]]
3526. [[1, 2], [1, [[2, 3], 3]]]
3527. [[1, 2], [1, [[2, 3], 4]]]
3528. [[1, 2], [1, [[3, 1], 1]]]
3529. [[1, 2], [1, [[3, 1], 2]]]
3530. [[1, 2], [1, [[3, 1], 3]]]
3531. [[1, 2], [1, [[3, 1], 4]]]
3532. [[1, 2], [1, [[3, 2], 1]]]
3533. [[1, 2], [1, [[3, 2], 2]]]
3534. [[1, 2], [1, [[3, 2], 3]]]
3535. [[1, 2], [1, [[3, 2], 4]]]
3536. [[1, 2], [1, [[3, 3], 1]]]
3537. [[1, 2], [1, [[3, 3], 2]]]
3538. [[1, 2], [1, [[3, 3], 3]]]
3539. [[1, 2], [1, [[3, 3], 4]]]
3540. [[1, 2], [1, [[3, 4], 1]]]
3541. [[1, 2], [1, [[3, 4], 2]]]
3542. [[1, 2], [1, [[3, 4], 3]]]
3543. [[1, 2], [1, [[3, 4], 4]]]
3544. [[1, 2], [1, [[3, 4], 5]]]
3545. [[1, 2], [2, [[1, 1], 1]]]
3546. [[1, 2], [2, [[1, 1], 2]]]
3547. [[1, 2], [2, [[1, 1], 3]]]
3548. [[1, 2], [2, [[1, 2], 1]]]
3549. [[1, 2], [2, [[1, 2], 2]]]
3550. [[1, 2], [2, [[1, 2], 3]]]
3551. [[1, 2], [2, [[1, 3], 1]]]
3552. [[1, 2], [2, [[1, 3], 2]]]
3553. [[1, 2], [2, [[1, 3], 3]]]
3554. [[1, 2], [2, [[1, 3], 4]]]
3555. [[1, 2], [2, [[2, 1], 1]]]
3556. [[1, 2], [2, [[2, 1], 2]]]
3557. [[1, 2], [2, [[2, 1], 3]]]
3558. [[1, 2], [2, [[2, 2], 1]]]
3559. [[1, 2], [2, [[2, 2], 2]]]
3560. [[1, 2], [2, [[2, 2], 3]]]
3561. [[1, 2], [2, [[2, 3], 1]]]
3562. [[1, 2], [2, [[2, 3], 2]]]
3563. [[1, 2], [2, [[2, 3], 3]]]
3564. [[1, 2], [2, [[2, 3], 4]]]
3565. [[1, 2], [2, [[3, 1], 1]]]
3566. [[1, 2], [2, [[3, 1], 2]]]
3567. [[1, 2], [2, [[3, 1], 3]]]
3568. [[1, 2], [2, [[3, 1], 4]]]
3569. [[1, 2], [2, [[3, 2], 1]]]
3570. [[1, 2], [2, [[3, 2], 2]]]
3571. [[1, 2], [2, [[3, 2], 3]]]
3572. [[1, 2], [2, [[3, 2], 4]]]
3573. [[1, 2], [2, [[3, 3], 1]]]
3574. [[1, 2], [2, [[3, 3], 2]]]
3575. [[1, 2], [2, [[3, 3], 3]]]
3576. [[1, 2], [2, [[3, 3], 4]]]
3577. [[1, 2], [2, [[3, 4], 1]]]
3578. [[1, 2], [2, [[3, 4], 2]]]
3579. [[1, 2], [2, [[3, 4], 3]]]
3580. [[1, 2], [2, [[3, 4], 4]]]
3581. [[1, 2], [2, [[3, 4], 5]]]
3582. [[1, 2], [3, [[1, 1], 1]]]
3583. [[1, 2], [3, [[1, 1], 2]]]
3584. [[1, 2], [3, [[1, 1], 3]]]
3585. [[1, 2], [3, [[1, 1], 4]]]
3586. [[1, 2], [3, [[1, 2], 1]]]
3587. [[1, 2], [3, [[1, 2], 2]]]
3588. [[1, 2], [3, [[1, 2], 3]]]
3589. [[1, 2], [3, [[1, 2], 4]]]
3590. [[1, 2], [3, [[1, 3], 1]]]
3591. [[1, 2], [3, [[1, 3], 2]]]
3592. [[1, 2], [3, [[1, 3], 3]]]
3593. [[1, 2], [3, [[1, 3], 4]]]
3594. [[1, 2], [3, [[1, 4], 1]]]
3595. [[1, 2], [3, [[1, 4], 2]]]
3596. [[1, 2], [3, [[1, 4], 3]]]
3597. [[1, 2], [3, [[1, 4], 4]]]
3598. [[1, 2], [3, [[1, 4], 5]]]
3599. [[1, 2], [3, [[2, 1], 1]]]
3600. [[1, 2], [3, [[2, 1], 2]]]
3601. [[1, 2], [3, [[2, 1], 3]]]
3602. [[1, 2], [3, [[2, 1], 4]]]
3603. [[1, 2], [3, [[2, 2], 1]]]
3604. [[1, 2], [3, [[2, 2], 2]]]
3605. [[1, 2], [3, [[2, 2], 3]]]
3606. [[1, 2], [3, [[2, 2], 4]]]
3607. [[1, 2], [3, [[2, 3], 1]]]
3608. [[1, 2], [3, [[2, 3], 2]]]
3609. [[1, 2], [3, [[2, 3], 3]]]
3610. [[1, 2], [3, [[2, 3], 4]]]
3611. [[1, 2], [3, [[2, 4], 1]]]
3612. [[1, 2], [3, [[2, 4], 2]]]
3613. [[1, 2], [3, [[2, 4], 3]]]
3614. [[1, 2], [3, [[2, 4], 4]]]
3615. [[1, 2], [3, [[2, 4], 5]]]
3616. [[1, 2], [3, [[3, 1], 1]]]
3617. [[1, 2], [3, [[3, 1], 2]]]
3618. [[1, 2], [3, [[3, 1], 3]]]
3619. [[1, 2], [3, [[3, 1], 4]]]
3620. [[1, 2], [3, [[3, 2], 1]]]
3621. [[1, 2], [3, [[3, 2], 2]]]
3622. [[1, 2], [3, [[3, 2], 3]]]
3623. [[1, 2], [3, [[3, 2], 4]]]
3624. [[1, 2], [3, [[3, 3], 1]]]
3625. [[1, 2], [3, [[3, 3], 2]]]
3626. [[1, 2], [3, [[3, 3], 3]]]
3627. [[1, 2], [3, [[3, 3], 4]]]
3628. [[1, 2], [3, [[3, 4], 1]]]
3629. [[1, 2], [3, [[3, 4], 2]]]
3630. [[1, 2], [3, [[3, 4], 3]]]
3631. [[1, 2], [3, [[3, 4], 4]]]
3632. [[1, 2], [3, [[3, 4], 5]]]
3633. [[1, 2], [3, [[4, 1], 1]]]
3634. [[1, 2], [3, [[4, 1], 2]]]
3635. [[1, 2], [3, [[4, 1], 3]]]
3636. [[1, 2], [3, [[4, 1], 4]]]
3637. [[1, 2], [3, [[4, 1], 5]]]
3638. [[1, 2], [3, [[4, 2], 1]]]
3639. [[1, 2], [3, [[4, 2], 2]]]
3640. [[1, 2], [3, [[4, 2], 3]]]
3641. [[1, 2], [3, [[4, 2], 4]]]
3642. [[1, 2], [3, [[4, 2], 5]]]
3643. [[1, 2], [3, [[4, 3], 1]]]
3644. [[1, 2], [3, [[4, 3], 2]]]
3645. [[1, 2], [3, [[4, 3], 3]]]
3646. [[1, 2], [3, [[4, 3], 4]]]
3647. [[1, 2], [3, [[4, 3], 5]]]
3648. [[1, 2], [3, [[4, 4], 1]]]
3649. [[1, 2], [3, [[4, 4], 2]]]
3650. [[1, 2], [3, [[4, 4], 3]]]
3651. [[1, 2], [3, [[4, 4], 4]]]
3652. [[1, 2], [3, [[4, 4], 5]]]
3653. [[1, 2], [3, [[4, 5], 1]]]
3654. [[1, 2], [3, [[4, 5], 2]]]
3655. [[1, 2], [3, [[4, 5], 3]]]
3656. [[1, 2], [3, [[4, 5], 4]]]
3657. [[1, 2], [3, [[4, 5], 5]]]
3658. [[1, 2], [3, [[4, 5], 6]]]
3659. [[1, 1], [[1, 1], [1, 1]]]
3660. [[1, 1], [[1, 1], [1, 2]]]
3661. [[1, 1], [[1, 1], [2, 1]]]
3662. [[1, 1], [[1, 1], [2, 2]]]
3663. [[1, 1], [[1, 1], [2, 3]]]
3664. [[1, 1], [[1, 2], [1, 1]]]
3665. [[1, 1], [[1, 2], [1, 2]]]
3666. [[1, 1], [[1, 2], [1, 3]]]
3667. [[1, 1], [[1, 2], [2, 1]]]
3668. [[1, 1], [[1, 2], [2, 2]]]
3669. [[1, 1], [[1, 2], [2, 3]]]
3670. [[1, 1], [[1, 2], [3, 1]]]
3671. [[1, 1], [[1, 2], [3, 2]]]
3672. [[1, 1], [[1, 2], [3, 3]]]
3673. [[1, 1], [[1, 2], [3, 4]]]
3674. [[1, 1], [[2, 1], [1, 1]]]
3675. [[1, 1], [[2, 1], [1, 2]]]
3676. [[1, 1], [[2, 1], [1, 3]]]
3677. [[1, 1], [[2, 1], [2, 1]]]
3678. [[1, 1], [[2, 1], [2, 2]]]
3679. [[1, 1], [[2, 1], [2, 3]]]
3680. [[1, 1], [[2, 1], [3, 1]]]
3681. [[1, 1], [[2, 1], [3, 2]]]
3682. [[1, 1], [[2, 1], [3, 3]]]
3683. [[1, 1], [[2, 1], [3, 4]]]
3684. [[1, 1], [[2, 2], [1, 1]]]
3685. [[1, 1], [[2, 2], [1, 2]]]
3686. [[1, 1], [[2, 2], [1, 3]]]
3687. [[1, 1], [[2, 2], [2, 1]]]
3688. [[1, 1], [[2, 2], [2, 2]]]
3689. [[1, 1], [[2, 2], [2, 3]]]
3690. [[1, 1], [[2, 2], [3, 1]]]
3691. [[1, 1], [[2, 2], [3, 2]]]
3692. [[1, 1], [[2, 2], [3, 3]]]
3693. [[1, 1], [[2, 2], [3, 4]]]
3694. [[1, 1], [[2, 3], [1, 1]]]
3695. [[1, 1], [[2, 3], [1, 2]]]
3696. [[1, 1], [[2, 3], [1, 3]]]
3697. [[1, 1], [[2, 3], [1, 4]]]
3698. [[1, 1], [[2, 3], [2, 1]]]
3699. [[1, 1], [[2, 3], [2, 2]]]
3700. [[1, 1], [[2, 3], [2, 3]]]
3701. [[1, 1], [[2, 3], [2, 4]]]
3702. [[1, 1], [[2, 3], [3, 1]]]
3703. [[1, 1], [[2, 3], [3, 2]]]
3704. [[1, 1], [[2, 3], [3, 3]]]
3705. [[1, 1], [[2, 3], [3, 4]]]
3706. [[1, 1], [[2, 3], [4, 1]]]
3707. [[1, 1], [[2, 3], [4, 2]]]
3708. [[1, 1], [[2, 3], [4, 3]]]
3709. [[1, 1], [[2, 3], [4, 4]]]
3710. [[1, 1], [[2, 3], [4, 5]]]
3711. [[1, 2], [[1, 1], [1, 1]]]
3712. [[1, 2], [[1, 1], [1, 2]]]
3713. [[1, 2], [[1, 1], [1, 3]]]
3714. [[1, 2], [[1, 1], [2, 1]]]
3715. [[1, 2], [[1, 1], [2, 2]]]
3716. [[1, 2], [[1, 1], [2, 3]]]
3717. [[1, 2], [[1, 1], [3, 1]]]
3718. [[1, 2], [[1, 1], [3, 2]]]
3719. [[1, 2], [[1, 1], [3, 3]]]
3720. [[1, 2], [[1, 1], [3, 4]]]
3721. [[1, 2], [[1, 2], [1, 1]]]
3722. [[1, 2], [[1, 2], [1, 2]]]
3723. [[1, 2], [[1, 2], [1, 3]]]
3724. [[1, 2], [[1, 2], [2, 1]]]
3725. [[1, 2], [[1, 2], [2, 2]]]
3726. [[1, 2], [[1, 2], [2, 3]]]
3727. [[1, 2], [[1, 2], [3, 1]]]
3728. [[1, 2], [[1, 2], [3, 2]]]
3729. [[1, 2], [[1, 2], [3, 3]]]
3730. [[1, 2], [[1, 2], [3, 4]]]
3731. [[1, 2], [[1, 3], [1, 1]]]
3732. [[1, 2], [[1, 3], [1, 2]]]
3733. [[1, 2], [[1, 3], [1, 3]]]
3734. [[1, 2], [[1, 3], [1, 4]]]
3735. [[1, 2], [[1, 3], [2, 1]]]
3736. [[1, 2], [[1, 3], [2, 2]]]
3737. [[1, 2], [[1, 3], [2, 3]]]
3738. [[1, 2], [[1, 3], [2, 4]]]
3739. [[1, 2], [[1, 3], [3, 1]]]
3740. [[1, 2], [[1, 3], [3, 2]]]
3741. [[1, 2], [[1, 3], [3, 3]]]
3742. [[1, 2], [[1, 3], [3, 4]]]
3743. [[1, 2], [[1, 3], [4, 1]]]
3744. [[1, 2], [[1, 3], [4, 2]]]
3745. [[1, 2], [[1, 3], [4, 3]]]
3746. [[1, 2], [[1, 3], [4, 4]]]
3747. [[1, 2], [[1, 3], [4, 5]]]
3748. [[1, 2], [[2, 1], [1, 1]]]
3749. [[1, 2], [[2, 1], [1, 2]]]
3750. [[1, 2], [[2, 1], [1, 3]]]
3751. [[1, 2], [[2, 1], [2, 1]]]
3752. [[1, 2], [[2, 1], [2, 2]]]
3753. [[1, 2], [[2, 1], [2, 3]]]
3754. [[1, 2], [[2, 1], [3, 1]]]
3755. [[1, 2], [[2, 1], [3, 2]]]
3756. [[1, 2], [[2, 1], [3, 3]]]
3757. [[1, 2], [[2, 1], [3, 4]]]
3758. [[1, 2], [[2, 2], [1, 1]]]
3759. [[1, 2], [[2, 2], [1, 2]]]
3760. [[1, 2], [[2, 2], [1, 3]]]
3761. [[1, 2], [[2, 2], [2, 1]]]
3762. [[1, 2], [[2, 2], [2, 2]]]
3763. [[1, 2], [[2, 2], [2, 3]]]
3764. [[1, 2], [[2, 2], [3, 1]]]
3765. [[1, 2], [[2, 2], [3, 2]]]
3766. [[1, 2], [[2, 2], [3, 3]]]
3767. [[1, 2], [[2, 2], [3, 4]]]
3768. [[1, 2], [[2, 3], [1, 1]]]
3769. [[1, 2], [[2, 3], [1, 2]]]
3770. [[1, 2], [[2, 3], [1, 3]]]
3771. [[1, 2], [[2, 3], [1, 4]]]
3772. [[1, 2], [[2, 3], [2, 1]]]
3773. [[1, 2], [[2, 3], [2, 2]]]
3774. [[1, 2], [[2, 3], [2, 3]]]
3775. [[1, 2], [[2, 3], [2, 4]]]
3776. [[1, 2], [[2, 3], [3, 1]]]
3777. [[1, 2], [[2, 3], [3, 2]]]
3778. [[1, 2], [[2, 3], [3, 3]]]
3779. [[1, 2], [[2, 3], [3, 4]]]
3780. [[1, 2], [[2, 3], [4, 1]]]
3781. [[1, 2], [[2, 3], [4, 2]]]
3782. [[1, 2], [[2, 3], [4, 3]]]
3783. [[1, 2], [[2, 3], [4, 4]]]
3784. [[1, 2], [[2, 3], [4, 5]]]
3785. [[1, 2], [[3, 1], [1, 1]]]
3786. [[1, 2], [[3, 1], [1, 2]]]
3787. [[1, 2], [[3, 1], [1, 3]]]
3788. [[1, 2], [[3, 1], [1, 4]]]
3789. [[1, 2], [[3, 1], [2, 1]]]
3790. [[1, 2], [[3, 1], [2, 2]]]
3791. [[1, 2], [[3, 1], [2, 3]]]
3792. [[1, 2], [[3, 1], [2, 4]]]
3793. [[1, 2], [[3, 1], [3, 1]]]
3794. [[1, 2], [[3, 1], [3, 2]]]
3795. [[1, 2], [[3, 1], [3, 3]]]
3796. [[1, 2], [[3, 1], [3, 4]]]
3797. [[1, 2], [[3, 1], [4, 1]]]
3798. [[1, 2], [[3, 1], [4, 2]]]
3799. [[1, 2], [[3, 1], [4, 3]]]
3800. [[1, 2], [[3, 1], [4, 4]]]
3801. [[1, 2], [[3, 1], [4, 5]]]
3802. [[1, 2], [[3, 2], [1, 1]]]
3803. [[1, 2], [[3, 2], [1, 2]]]
3804. [[1, 2], [[3, 2], [1, 3]]]
3805. [[1, 2], [[3, 2], [1, 4]]]
3806. [[1, 2], [[3, 2], [2, 1]]]
3807. [[1, 2], [[3, 2], [2, 2]]]
3808. [[1, 2], [[3, 2], [2, 3]]]
3809. [[1, 2], [[3, 2], [2, 4]]]
3810. [[1, 2], [[3, 2], [3, 1]]]
3811. [[1, 2], [[3, 2], [3, 2]]]
3812. [[1, 2], [[3, 2], [3, 3]]]
3813. [[1, 2], [[3, 2], [3, 4]]]
3814. [[1, 2], [[3, 2], [4, 1]]]
3815. [[1, 2], [[3, 2], [4, 2]]]
3816. [[1, 2], [[3, 2], [4, 3]]]
3817. [[1, 2], [[3, 2], [4, 4]]]
3818. [[1, 2], [[3, 2], [4, 5]]]
3819. [[1, 2], [[3, 3], [1, 1]]]
3820. [[1, 2], [[3, 3], [1, 2]]]
3821. [[1, 2], [[3, 3], [1, 3]]]
3822. [[1, 2], [[3, 3], [1, 4]]]
3823. [[1, 2], [[3, 3], [2, 1]]]
3824. [[1, 2], [[3, 3], [2, 2]]]
3825. [[1, 2], [[3, 3], [2, 3]]]
3826. [[1, 2], [[3, 3], [2, 4]]]
3827. [[1, 2], [[3, 3], [3, 1]]]
3828. [[1, 2], [[3, 3], [3, 2]]]
3829. [[1, 2], [[3, 3], [3, 3]]]
3830. [[1, 2], [[3, 3], [3, 4]]]
3831. [[1, 2], [[3, 3], [4, 1]]]
3832. [[1, 2], [[3, 3], [4, 2]]]
3833. [[1, 2], [[3, 3], [4, 3]]]
3834. [[1, 2], [[3, 3], [4, 4]]]
3835. [[1, 2], [[3, 3], [4, 5]]]
3836. [[1, 2], [[3, 4], [1, 1]]]
3837. [[1, 2], [[3, 4], [1, 2]]]
3838. [[1, 2], [[3, 4], [1, 3]]]
3839. [[1, 2], [[3, 4], [1, 4]]]
3840. [[1, 2], [[3, 4], [1, 5]]]
3841. [[1, 2], [[3, 4], [2, 1]]]
3842. [[1, 2], [[3, 4], [2, 2]]]
3843. [[1, 2], [[3, 4], [2, 3]]]
3844. [[1, 2], [[3, 4], [2, 4]]]
3845. [[1, 2], [[3, 4], [2, 5]]]
3846. [[1, 2], [[3, 4], [3, 1]]]
3847. [[1, 2], [[3, 4], [3, 2]]]
3848. [[1, 2], [[3, 4], [3, 3]]]
3849. [[1, 2], [[3, 4], [3, 4]]]
3850. [[1, 2], [[3, 4], [3, 5]]]
3851. [[1, 2], [[3, 4], [4, 1]]]
3852. [[1, 2], [[3, 4], [4, 2]]]
3853. [[1, 2], [[3, 4], [4, 3]]]
3854. [[1, 2], [[3, 4], [4, 4]]]
3855. [[1, 2], [[3, 4], [4, 5]]]
3856. [[1, 2], [[3, 4], [5, 1]]]
3857. [[1, 2], [[3, 4], [5, 2]]]
3858. [[1, 2], [[3, 4], [5, 3]]]
3859. [[1, 2], [[3, 4], [5, 4]]]
3860. [[1, 2], [[3, 4], [5, 5]]]
3861. [[1, 2], [[3, 4], [5, 6]]]
3862. [[1, 1], [[1, [1, 1]], 1]]
3863. [[1, 1], [[1, [1, 1]], 2]]
3864. [[1, 1], [[1, [1, 2]], 1]]
3865. [[1, 1], [[1, [1, 2]], 2]]
3866. [[1, 1], [[1, [1, 2]], 3]]
3867. [[1, 1], [[1, [2, 1]], 1]]
3868. [[1, 1], [[1, [2, 1]], 2]]
3869. [[1, 1], [[1, [2, 1]], 3]]
3870. [[1, 1], [[1, [2, 2]], 1]]
3871. [[1, 1], [[1, [2, 2]], 2]]
3872. [[1, 1], [[1, [2, 2]], 3]]
3873. [[1, 1], [[1, [2, 3]], 1]]
3874. [[1, 1], [[1, [2, 3]], 2]]
3875. [[1, 1], [[1, [2, 3]], 3]]
3876. [[1, 1], [[1, [2, 3]], 4]]
3877. [[1, 1], [[2, [1, 1]], 1]]
3878. [[1, 1], [[2, [1, 1]], 2]]
3879. [[1, 1], [[2, [1, 1]], 3]]
3880. [[1, 1], [[2, [1, 2]], 1]]
3881. [[1, 1], [[2, [1, 2]], 2]]
3882. [[1, 1], [[2, [1, 2]], 3]]
3883. [[1, 1], [[2, [1, 3]], 1]]
3884. [[1, 1], [[2, [1, 3]], 2]]
3885. [[1, 1], [[2, [1, 3]], 3]]
3886. [[1, 1], [[2, [1, 3]], 4]]
3887. [[1, 1], [[2, [2, 1]], 1]]
3888. [[1, 1], [[2, [2, 1]], 2]]
3889. [[1, 1], [[2, [2, 1]], 3]]
3890. [[1, 1], [[2, [2, 2]], 1]]
3891. [[1, 1], [[2, [2, 2]], 2]]
3892. [[1, 1], [[2, [2, 2]], 3]]
3893. [[1, 1], [[2, [2, 3]], 1]]
3894. [[1, 1], [[2, [2, 3]], 2]]
3895. [[1, 1], [[2, [2, 3]], 3]]
3896. [[1, 1], [[2, [2, 3]], 4]]
3897. [[1, 1], [[2, [3, 1]], 1]]
3898. [[1, 1], [[2, [3, 1]], 2]]
3899. [[1, 1], [[2, [3, 1]], 3]]
3900. [[1, 1], [[2, [3, 1]], 4]]
3901. [[1, 1], [[2, [3, 2]], 1]]
3902. [[1, 1], [[2, [3, 2]], 2]]
3903. [[1, 1], [[2, [3, 2]], 3]]
3904. [[1, 1], [[2, [3, 2]], 4]]
3905. [[1, 1], [[2, [3, 3]], 1]]
3906. [[1, 1], [[2, [3, 3]], 2]]
3907. [[1, 1], [[2, [3, 3]], 3]]
3908. [[1, 1], [[2, [3, 3]], 4]]
3909. [[1, 1], [[2, [3, 4]], 1]]
3910. [[1, 1], [[2, [3, 4]], 2]]
3911. [[1, 1], [[2, [3, 4]], 3]]
3912. [[1, 1], [[2, [3, 4]], 4]]
3913. [[1, 1], [[2, [3, 4]], 5]]
3914. [[1, 2], [[1, [1, 1]], 1]]
3915. [[1, 2], [[1, [1, 1]], 2]]
3916. [[1, 2], [[1, [1, 1]], 3]]
3917. [[1, 2], [[1, [1, 2]], 1]]
3918. [[1, 2], [[1, [1, 2]], 2]]
3919. [[1, 2], [[1, [1, 2]], 3]]
3920. [[1, 2], [[1, [1, 3]], 1]]
3921. [[1, 2], [[1, [1, 3]], 2]]
3922. [[1, 2], [[1, [1, 3]], 3]]
3923. [[1, 2], [[1, [1, 3]], 4]]
3924. [[1, 2], [[1, [2, 1]], 1]]
3925. [[1, 2], [[1, [2, 1]], 2]]
3926. [[1, 2], [[1, [2, 1]], 3]]
3927. [[1, 2], [[1, [2, 2]], 1]]
3928. [[1, 2], [[1, [2, 2]], 2]]
3929. [[1, 2], [[1, [2, 2]], 3]]
3930. [[1, 2], [[1, [2, 3]], 1]]
3931. [[1, 2], [[1, [2, 3]], 2]]
3932. [[1, 2], [[1, [2, 3]], 3]]
3933. [[1, 2], [[1, [2, 3]], 4]]
3934. [[1, 2], [[1, [3, 1]], 1]]
3935. [[1, 2], [[1, [3, 1]], 2]]
3936. [[1, 2], [[1, [3, 1]], 3]]
3937. [[1, 2], [[1, [3, 1]], 4]]
3938. [[1, 2], [[1, [3, 2]], 1]]
3939. [[1, 2], [[1, [3, 2]], 2]]
3940. [[1, 2], [[1, [3, 2]], 3]]
3941. [[1, 2], [[1, [3, 2]], 4]]
3942. [[1, 2], [[1, [3, 3]], 1]]
3943. [[1, 2], [[1, [3, 3]], 2]]
3944. [[1, 2], [[1, [3, 3]], 3]]
3945. [[1, 2], [[1, [3, 3]], 4]]
3946. [[1, 2], [[1, [3, 4]], 1]]
3947. [[1, 2], [[1, [3, 4]], 2]]
3948. [[1, 2], [[1, [3, 4]], 3]]
3949. [[1, 2], [[1, [3, 4]], 4]]
3950. [[1, 2], [[1, [3, 4]], 5]]
3951. [[1, 2], [[2, [1, 1]], 1]]
3952. [[1, 2], [[2, [1, 1]], 2]]
3953. [[1, 2], [[2, [1, 1]], 3]]
3954. [[1, 2], [[2, [1, 2]], 1]]
3955. [[1, 2], [[2, [1, 2]], 2]]
3956. [[1, 2], [[2, [1, 2]], 3]]
3957. [[1, 2], [[2, [1, 3]], 1]]
3958. [[1, 2], [[2, [1, 3]], 2]]
3959. [[1, 2], [[2, [1, 3]], 3]]
3960. [[1, 2], [[2, [1, 3]], 4]]
3961. [[1, 2], [[2, [2, 1]], 1]]
3962. [[1, 2], [[2, [2, 1]], 2]]
3963. [[1, 2], [[2, [2, 1]], 3]]
3964. [[1, 2], [[2, [2, 2]], 1]]
3965. [[1, 2], [[2, [2, 2]], 2]]
3966. [[1, 2], [[2, [2, 2]], 3]]
3967. [[1, 2], [[2, [2, 3]], 1]]
3968. [[1, 2], [[2, [2, 3]], 2]]
3969. [[1, 2], [[2, [2, 3]], 3]]
3970. [[1, 2], [[2, [2, 3]], 4]]
3971. [[1, 2], [[2, [3, 1]], 1]]
3972. [[1, 2], [[2, [3, 1]], 2]]
3973. [[1, 2], [[2, [3, 1]], 3]]
3974. [[1, 2], [[2, [3, 1]], 4]]
3975. [[1, 2], [[2, [3, 2]], 1]]
3976. [[1, 2], [[2, [3, 2]], 2]]
3977. [[1, 2], [[2, [3, 2]], 3]]
3978. [[1, 2], [[2, [3, 2]], 4]]
3979. [[1, 2], [[2, [3, 3]], 1]]
3980. [[1, 2], [[2, [3, 3]], 2]]
3981. [[1, 2], [[2, [3, 3]], 3]]
3982. [[1, 2], [[2, [3, 3]], 4]]
3983. [[1, 2], [[2, [3, 4]], 1]]
3984. [[1, 2], [[2, [3, 4]], 2]]
3985. [[1, 2], [[2, [3, 4]], 3]]
3986. [[1, 2], [[2, [3, 4]], 4]]
3987. [[1, 2], [[2, [3, 4]], 5]]
3988. [[1, 2], [[3, [1, 1]], 1]]
3989. [[1, 2], [[3, [1, 1]], 2]]
3990. [[1, 2], [[3, [1, 1]], 3]]
3991. [[1, 2], [[3, [1, 1]], 4]]
3992. [[1, 2], [[3, [1, 2]], 1]]
3993. [[1, 2], [[3, [1, 2]], 2]]
3994. [[1, 2], [[3, [1, 2]], 3]]
3995. [[1, 2], [[3, [1, 2]], 4]]
3996. [[1, 2], [[3, [1, 3]], 1]]
3997. [[1, 2], [[3, [1, 3]], 2]]
3998. [[1, 2], [[3, [1, 3]], 3]]
3999. [[1, 2], [[3, [1, 3]], 4]]
4000. [[1, 2], [[3, [1, 4]], 1]]
4001. [[1, 2], [[3, [1, 4]], 2]]
4002. [[1, 2], [[3, [1, 4]], 3]]
4003. [[1, 2], [[3, [1, 4]], 4]]
4004. [[1, 2], [[3, [1, 4]], 5]]
4005. [[1, 2], [[3, [2, 1]], 1]]
4006. [[1, 2], [[3, [2, 1]], 2]]
4007. [[1, 2], [[3, [2, 1]], 3]]
4008. [[1, 2], [[3, [2, 1]], 4]]
4009. [[1, 2], [[3, [2, 2]], 1]]
4010. [[1, 2], [[3, [2, 2]], 2]]
4011. [[1, 2], [[3, [2, 2]], 3]]
4012. [[1, 2], [[3, [2, 2]], 4]]
4013. [[1, 2], [[3, [2, 3]], 1]]
4014. [[1, 2], [[3, [2, 3]], 2]]
4015. [[1, 2], [[3, [2, 3]], 3]]
4016. [[1, 2], [[3, [2, 3]], 4]]
4017. [[1, 2], [[3, [2, 4]], 1]]
4018. [[1, 2], [[3, [2, 4]], 2]]
4019. [[1, 2], [[3, [2, 4]], 3]]
4020. [[1, 2], [[3, [2, 4]], 4]]
4021. [[1, 2], [[3, [2, 4]], 5]]
4022. [[1, 2], [[3, [3, 1]], 1]]
4023. [[1, 2], [[3, [3, 1]], 2]]
4024. [[1, 2], [[3, [3, 1]], 3]]
4025. [[1, 2], [[3, [3, 1]], 4]]
4026. [[1, 2], [[3, [3, 2]], 1]]
4027. [[1, 2], [[3, [3, 2]], 2]]
4028. [[1, 2], [[3, [3, 2]], 3]]
4029. [[1, 2], [[3, [3, 2]], 4]]
4030. [[1, 2], [[3, [3, 3]], 1]]
4031. [[1, 2], [[3, [3, 3]], 2]]
4032. [[1, 2], [[3, [3, 3]], 3]]
4033. [[1, 2], [[3, [3, 3]], 4]]
4034. [[1, 2], [[3, [3, 4]], 1]]
4035. [[1, 2], [[3, [3, 4]], 2]]
4036. [[1, 2], [[3, [3, 4]], 3]]
4037. [[1, 2], [[3, [3, 4]], 4]]
4038. [[1, 2], [[3, [3, 4]], 5]]
4039. [[1, 2], [[3, [4, 1]], 1]]
4040. [[1, 2], [[3, [4, 1]], 2]]
4041. [[1, 2], [[3, [4, 1]], 3]]
4042. [[1, 2], [[3, [4, 1]], 4]]
4043. [[1, 2], [[3, [4, 1]], 5]]
4044. [[1, 2], [[3, [4, 2]], 1]]
4045. [[1, 2], [[3, [4, 2]], 2]]
4046. [[1, 2], [[3, [4, 2]], 3]]
4047. [[1, 2], [[3, [4, 2]], 4]]
4048. [[1, 2], [[3, [4, 2]], 5]]
4049. [[1, 2], [[3, [4, 3]], 1]]
4050. [[1, 2], [[3, [4, 3]], 2]]
4051. [[1, 2], [[3, [4, 3]], 3]]
4052. [[1, 2], [[3, [4, 3]], 4]]
4053. [[1, 2], [[3, [4, 3]], 5]]
4054. [[1, 2], [[3, [4, 4]], 1]]
4055. [[1, 2], [[3, [4, 4]], 2]]
4056. [[1, 2], [[3, [4, 4]], 3]]
4057. [[1, 2], [[3, [4, 4]], 4]]
4058. [[1, 2], [[3, [4, 4]], 5]]
4059. [[1, 2], [[3, [4, 5]], 1]]
4060. [[1, 2], [[3, [4, 5]], 2]]
4061. [[1, 2], [[3, [4, 5]], 3]]
4062. [[1, 2], [[3, [4, 5]], 4]]
4063. [[1, 2], [[3, [4, 5]], 5]]
4064. [[1, 2], [[3, [4, 5]], 6]]
4065. [[1, 1], [[[1, 1], 1], 1]]
4066. [[1, 1], [[[1, 1], 1], 2]]
4067. [[1, 1], [[[1, 1], 2], 1]]
4068. [[1, 1], [[[1, 1], 2], 2]]
4069. [[1, 1], [[[1, 1], 2], 3]]
4070. [[1, 1], [[[1, 2], 1], 1]]
4071. [[1, 1], [[[1, 2], 1], 2]]
4072. [[1, 1], [[[1, 2], 1], 3]]
4073. [[1, 1], [[[1, 2], 2], 1]]
4074. [[1, 1], [[[1, 2], 2], 2]]
4075. [[1, 1], [[[1, 2], 2], 3]]
4076. [[1, 1], [[[1, 2], 3], 1]]
4077. [[1, 1], [[[1, 2], 3], 2]]
4078. [[1, 1], [[[1, 2], 3], 3]]
4079. [[1, 1], [[[1, 2], 3], 4]]
4080. [[1, 1], [[[2, 1], 1], 1]]
4081. [[1, 1], [[[2, 1], 1], 2]]
4082. [[1, 1], [[[2, 1], 1], 3]]
4083. [[1, 1], [[[2, 1], 2], 1]]
4084. [[1, 1], [[[2, 1], 2], 2]]
4085. [[1, 1], [[[2, 1], 2], 3]]
4086. [[1, 1], [[[2, 1], 3], 1]]
4087. [[1, 1], [[[2, 1], 3], 2]]
4088. [[1, 1], [[[2, 1], 3], 3]]
4089. [[1, 1], [[[2, 1], 3], 4]]
4090. [[1, 1], [[[2, 2], 1], 1]]
4091. [[1, 1], [[[2, 2], 1], 2]]
4092. [[1, 1], [[[2, 2], 1], 3]]
4093. [[1, 1], [[[2, 2], 2], 1]]
4094. [[1, 1], [[[2, 2], 2], 2]]
4095. [[1, 1], [[[2, 2], 2], 3]]
4096. [[1, 1], [[[2, 2], 3], 1]]
4097. [[1, 1], [[[2, 2], 3], 2]]
4098. [[1, 1], [[[2, 2], 3], 3]]
4099. [[1, 1], [[[2, 2], 3], 4]]
4100. [[1, 1], [[[2, 3], 1], 1]]
4101. [[1, 1], [[[2, 3], 1], 2]]
4102. [[1, 1], [[[2, 3], 1], 3]]
4103. [[1, 1], [[[2, 3], 1], 4]]
4104. [[1, 1], [[[2, 3], 2], 1]]
4105. [[1, 1], [[[2, 3], 2], 2]]
4106. [[1, 1], [[[2, 3], 2], 3]]
4107. [[1, 1], [[[2, 3], 2], 4]]
4108. [[1, 1], [[[2, 3], 3], 1]]
4109. [[1, 1], [[[2, 3], 3], 2]]
4110. [[1, 1], [[[2, 3], 3], 3]]
4111. [[1, 1], [[[2, 3], 3], 4]]
4112. [[1, 1], [[[2, 3], 4], 1]]
4113. [[1, 1], [[[2, 3], 4], 2]]
4114. [[1, 1], [[[2, 3], 4], 3]]
4115. [[1, 1], [[[2, 3], 4], 4]]
4116. [[1, 1], [[[2, 3], 4], 5]]
4117. [[1, 2], [[[1, 1], 1], 1]]
4118. [[1, 2], [[[1, 1], 1], 2]]
4119. [[1, 2], [[[1, 1], 1], 3]]
4120. [[1, 2], [[[1, 1], 2], 1]]
4121. [[1, 2], [[[1, 1], 2], 2]]
4122. [[1, 2], [[[1, 1], 2], 3]]
4123. [[1, 2], [[[1, 1], 3], 1]]
4124. [[1, 2], [[[1, 1], 3], 2]]
4125. [[1, 2], [[[1, 1], 3], 3]]
4126. [[1, 2], [[[1, 1], 3], 4]]
4127. [[1, 2], [[[1, 2], 1], 1]]
4128. [[1, 2], [[[1, 2], 1], 2]]
4129. [[1, 2], [[[1, 2], 1], 3]]
4130. [[1, 2], [[[1, 2], 2], 1]]
4131. [[1, 2], [[[1, 2], 2], 2]]
4132. [[1, 2], [[[1, 2], 2], 3]]
4133. [[1, 2], [[[1, 2], 3], 1]]
4134. [[1, 2], [[[1, 2], 3], 2]]
4135. [[1, 2], [[[1, 2], 3], 3]]
4136. [[1, 2], [[[1, 2], 3], 4]]
4137. [[1, 2], [[[1, 3], 1], 1]]
4138. [[1, 2], [[[1, 3], 1], 2]]
4139. [[1, 2], [[[1, 3], 1], 3]]
4140. [[1, 2], [[[1, 3], 1], 4]]
4141. [[1, 2], [[[1, 3], 2], 1]]
4142. [[1, 2], [[[1, 3], 2], 2]]
4143. [[1, 2], [[[1, 3], 2], 3]]
4144. [[1, 2], [[[1, 3], 2], 4]]
4145. [[1, 2], [[[1, 3], 3], 1]]
4146. [[1, 2], [[[1, 3], 3], 2]]
4147. [[1, 2], [[[1, 3], 3], 3]]
4148. [[1, 2], [[[1, 3], 3], 4]]
4149. [[1, 2], [[[1, 3], 4], 1]]
4150. [[1, 2], [[[1, 3], 4], 2]]
4151. [[1, 2], [[[1, 3], 4], 3]]
4152. [[1, 2], [[[1, 3], 4], 4]]
4153. [[1, 2], [[[1, 3], 4], 5]]
4154. [[1, 2], [[[2, 1], 1], 1]]
4155. [[1, 2], [[[2, 1], 1], 2]]
4156. [[1, 2], [[[2, 1], 1], 3]]
4157. [[1, 2], [[[2, 1], 2], 1]]
4158. [[1, 2], [[[2, 1], 2], 2]]
4159. [[1, 2], [[[2, 1], 2], 3]]
4160. [[1, 2], [[[2, 1], 3], 1]]
4161. [[1, 2], [[[2, 1], 3], 2]]
4162. [[1, 2], [[[2, 1], 3], 3]]
4163. [[1, 2], [[[2, 1], 3], 4]]
4164. [[1, 2], [[[2, 2], 1], 1]]
4165. [[1, 2], [[[2, 2], 1], 2]]
4166. [[1, 2], [[[2, 2], 1], 3]]
4167. [[1, 2], [[[2, 2], 2], 1]]
4168. [[1, 2], [[[2, 2], 2], 2]]
4169. [[1, 2], [[[2, 2], 2], 3]]
4170. [[1, 2], [[[2, 2], 3], 1]]
4171. [[1, 2], [[[2, 2], 3], 2]]
4172. [[1, 2], [[[2, 2], 3], 3]]
4173. [[1, 2], [[[2, 2], 3], 4]]
4174. [[1, 2], [[[2, 3], 1], 1]]
4175. [[1, 2], [[[2, 3], 1], 2]]
4176. [[1, 2], [[[2, 3], 1], 3]]
4177. [[1, 2], [[[2, 3], 1], 4]]
4178. [[1, 2], [[[2, 3], 2], 1]]
4179. [[1, 2], [[[2, 3], 2], 2]]
4180. [[1, 2], [[[2, 3], 2], 3]]
4181. [[1, 2], [[[2, 3], 2], 4]]
4182. [[1, 2], [[[2, 3], 3], 1]]
4183. [[1, 2], [[[2, 3], 3], 2]]
4184. [[1, 2], [[[2, 3], 3], 3]]
4185. [[1, 2], [[[2, 3], 3], 4]]
4186. [[1, 2], [[[2, 3], 4], 1]]
4187. [[1, 2], [[[2, 3], 4], 2]]
4188. [[1, 2], [[[2, 3], 4], 3]]
4189. [[1, 2], [[[2, 3], 4], 4]]
4190. [[1, 2], [[[2, 3], 4], 5]]
4191. [[1, 2], [[[3, 1], 1], 1]]
4192. [[1, 2], [[[3, 1], 1], 2]]
4193. [[1, 2], [[[3, 1], 1], 3]]
4194. [[1, 2], [[[3, 1], 1], 4]]
4195. [[1, 2], [[[3, 1], 2], 1]]
4196. [[1, 2], [[[3, 1], 2], 2]]
4197. [[1, 2], [[[3, 1], 2], 3]]
4198. [[1, 2], [[[3, 1], 2], 4]]
4199. [[1, 2], [[[3, 1], 3], 1]]
4200. [[1, 2], [[[3, 1], 3], 2]]
4201. [[1, 2], [[[3, 1], 3], 3]]
4202. [[1, 2], [[[3, 1], 3], 4]]
4203. [[1, 2], [[[3, 1], 4], 1]]
4204. [[1, 2], [[[3, 1], 4], 2]]
4205. [[1, 2], [[[3, 1], 4], 3]]
4206. [[1, 2], [[[3, 1], 4], 4]]
4207. [[1, 2], [[[3, 1], 4], 5]]
4208. [[1, 2], [[[3, 2], 1], 1]]
4209. [[1, 2], [[[3, 2], 1], 2]]
4210. [[1, 2], [[[3, 2], 1], 3]]
4211. [[1, 2], [[[3, 2], 1], 4]]
4212. [[1, 2], [[[3, 2], 2], 1]]
4213. [[1, 2], [[[3, 2], 2], 2]]
4214. [[1, 2], [[[3, 2], 2], 3]]
4215. [[1, 2], [[[3, 2], 2], 4]]
4216. [[1, 2], [[[3, 2], 3], 1]]
4217. [[1, 2], [[[3, 2], 3], 2]]
4218. [[1, 2], [[[3, 2], 3], 3]]
4219. [[1, 2], [[[3, 2], 3], 4]]
4220. [[1, 2], [[[3, 2], 4], 1]]
4221. [[1, 2], [[[3, 2], 4], 2]]
4222. [[1, 2], [[[3, 2], 4], 3]]
4223. [[1, 2], [[[3, 2], 4], 4]]
4224. [[1, 2], [[[3, 2], 4], 5]]
4225. [[1, 2], [[[3, 3], 1], 1]]
4226. [[1, 2], [[[3, 3], 1], 2]]
4227. [[1, 2], [[[3, 3], 1], 3]]
4228. [[1, 2], [[[3, 3], 1], 4]]
4229. [[1, 2], [[[3, 3], 2], 1]]
4230. [[1, 2], [[[3, 3], 2], 2]]
4231. [[1, 2], [[[3, 3], 2], 3]]
4232. [[1, 2], [[[3, 3], 2], 4]]
4233. [[1, 2], [[[3, 3], 3], 1]]
4234. [[1, 2], [[[3, 3], 3], 2]]
4235. [[1, 2], [[[3, 3], 3], 3]]
4236. [[1, 2], [[[3, 3], 3], 4]]
4237. [[1, 2], [[[3, 3], 4], 1]]
4238. [[1, 2], [[[3, 3], 4], 2]]
4239. [[1, 2], [[[3, 3], 4], 3]]
4240. [[1, 2], [[[3, 3], 4], 4]]
4241. [[1, 2], [[[3, 3], 4], 5]]
4242. [[1, 2], [[[3, 4], 1], 1]]
4243. [[1, 2], [[[3, 4], 1], 2]]
4244. [[1, 2], [[[3, 4], 1], 3]]
4245. [[1, 2], [[[3, 4], 1], 4]]
4246. [[1, 2], [[[3, 4], 1], 5]]
4247. [[1, 2], [[[3, 4], 2], 1]]
4248. [[1, 2], [[[3, 4], 2], 2]]
4249. [[1, 2], [[[3, 4], 2], 3]]
4250. [[1, 2], [[[3, 4], 2], 4]]
4251. [[1, 2], [[[3, 4], 2], 5]]
4252. [[1, 2], [[[3, 4], 3], 1]]
4253. [[1, 2], [[[3, 4], 3], 2]]
4254. [[1, 2], [[[3, 4], 3], 3]]
4255. [[1, 2], [[[3, 4], 3], 4]]
4256. [[1, 2], [[[3, 4], 3], 5]]
4257. [[1, 2], [[[3, 4], 4], 1]]
4258. [[1, 2], [[[3, 4], 4], 2]]
4259. [[1, 2], [[[3, 4], 4], 3]]
4260. [[1, 2], [[[3, 4], 4], 4]]
4261. [[1, 2], [[[3, 4], 4], 5]]
4262. [[1, 2], [[[3, 4], 5], 1]]
4263. [[1, 2], [[[3, 4], 5], 2]]
4264. [[1, 2], [[[3, 4], 5], 3]]
4265. [[1, 2], [[[3, 4], 5], 4]]
4266. [[1, 2], [[[3, 4], 5], 5]]
4267. [[1, 2], [[[3, 4], 5], 6]]
4268. [[1, [1, 1]], [1, [1, 2]]]
4269. [[1, [1, 1]], [1, [2, 1]]]
4270. [[1, [1, 1]], [1, [2, 2]]]
4271. [[1, [1, 1]], [1, [2, 3]]]
4272. [[1, [1, 1]], [2, [1, 1]]]
4273. [[1, [1, 1]], [2, [1, 2]]]
4274. [[1, [1, 1]], [2, [1, 3]]]
4275. [[1, [1, 1]], [2, [2, 1]]]
4276. [[1, [1, 1]], [2, [2, 2]]]
4277. [[1, [1, 1]], [2, [2, 3]]]
4278. [[1, [1, 1]], [2, [3, 1]]]
4279. [[1, [1, 1]], [2, [3, 2]]]
4280. [[1, [1, 1]], [2, [3, 3]]]
4281. [[1, [1, 1]], [2, [3, 4]]]
4282. [[1, [1, 2]], [1, [1, 3]]]
4283. [[1, [1, 2]], [1, [2, 1]]]
4284. [[1, [1, 2]], [1, [2, 2]]]
4285. [[1, [1, 2]], [1, [2, 3]]]
4286. [[1, [1, 2]], [1, [3, 1]]]
4287. [[1, [1, 2]], [1, [3, 2]]]
4288. [[1, [1, 2]], [1, [3, 3]]]
4289. [[1, [1, 2]], [1, [3, 4]]]
4290. [[1, [1, 2]], [2, [1, 1]]]
4291. [[1, [1, 2]], [2, [1, 2]]]
4292. [[1, [1, 2]], [2, [1, 3]]]
4293. [[1, [1, 2]], [2, [2, 1]]]
4294. [[1, [1, 2]], [2, [2, 3]]]
4295. [[1, [1, 2]], [2, [3, 1]]]
4296. [[1, [1, 2]], [2, [3, 2]]]
4297. [[1, [1, 2]], [2, [3, 3]]]
4298. [[1, [1, 2]], [2, [3, 4]]]
4299. [[1, [1, 2]], [3, [1, 1]]]
4300. [[1, [1, 2]], [3, [1, 2]]]
4301. [[1, [1, 2]], [3, [1, 3]]]
4302. [[1, [1, 2]], [3, [1, 4]]]
4303. [[1, [1, 2]], [3, [2, 1]]]
4304. [[1, [1, 2]], [3, [2, 2]]]
4305. [[1, [1, 2]], [3, [2, 3]]]
4306. [[1, [1, 2]], [3, [2, 4]]]
4307. [[1, [1, 2]], [3, [3, 2]]]
4308. [[1, [1, 2]], [3, [3, 4]]]
4309. [[1, [1, 2]], [3, [4, 1]]]
4310. [[1, [1, 2]], [3, [4, 2]]]
4311. [[1, [1, 2]], [3, [4, 3]]]
4312. [[1, [1, 2]], [3, [4, 4]]]
4313. [[1, [1, 2]], [3, [4, 5]]]
4314. [[1, [2, 1]], [1, [2, 2]]]
4315. [[1, [2, 1]], [1, [2, 3]]]
4316. [[1, [2, 1]], [1, [3, 1]]]
4317. [[1, [2, 1]], [1, [3, 2]]]
4318. [[1, [2, 1]], [1, [3, 3]]]
4319. [[1, [2, 1]], [1, [3, 4]]]
4320. [[1, [2, 1]], [2, [1, 1]]]
4321. [[1, [2, 1]], [2, [1, 2]]]
4322. [[1, [2, 1]], [2, [1, 3]]]
4323. [[1, [2, 1]], [2, [3, 1]]]
4324. [[1, [2, 1]], [2, [3, 2]]]
4325. [[1, [2, 1]], [2, [3, 3]]]
4326. [[1, [2, 1]], [2, [3, 4]]]
4327. [[1, [2, 1]], [3, [1, 1]]]
4328. [[1, [2, 1]], [3, [1, 2]]]
4329. [[1, [2, 1]], [3, [1, 4]]]
4330. [[1, [2, 1]], [3, [2, 1]]]
4331. [[1, [2, 1]], [3, [2, 2]]]
4332. [[1, [2, 1]], [3, [2, 3]]]
4333. [[1, [2, 1]], [3, [2, 4]]]
4334. [[1, [2, 1]], [3, [4, 1]]]
4335. [[1, [2, 1]], [3, [4, 2]]]
4336. [[1, [2, 1]], [3, [4, 3]]]
4337. [[1, [2, 1]], [3, [4, 4]]]
4338. [[1, [2, 1]], [3, [4, 5]]]
4339. [[1, [2, 2]], [1, [2, 3]]]
4340. [[1, [2, 2]], [1, [3, 2]]]
4341. [[1, [2, 2]], [1, [3, 3]]]
4342. [[1, [2, 2]], [1, [3, 4]]]
4343. [[1, [2, 2]], [2, [1, 1]]]
4344. [[1, [2, 2]], [2, [1, 3]]]
4345. [[1, [2, 2]], [2, [3, 1]]]
4346. [[1, [2, 2]], [2, [3, 3]]]
4347. [[1, [2, 2]], [2, [3, 4]]]
4348. [[1, [2, 2]], [3, [1, 2]]]
4349. [[1, [2, 2]], [3, [1, 4]]]
4350. [[1, [2, 2]], [3, [2, 1]]]
4351. [[1, [2, 2]], [3, [2, 2]]]
4352. [[1, [2, 2]], [3, [2, 4]]]
4353. [[1, [2, 2]], [3, [4, 1]]]
4354. [[1, [2, 2]], [3, [4, 2]]]
4355. [[1, [2, 2]], [3, [4, 4]]]
4356. [[1, [2, 2]], [3, [4, 5]]]
4357. [[1, [2, 3]], [1, [2, 4]]]
4358. [[1, [2, 3]], [1, [3, 2]]]
4359. [[1, [2, 3]], [1, [3, 4]]]
4360. [[1, [2, 3]], [1, [4, 3]]]
4361. [[1, [2, 3]], [1, [4, 5]]]
4362. [[1, [2, 3]], [2, [1, 3]]]
4363. [[1, [2, 3]], [2, [1, 4]]]
4364. [[1, [2, 3]], [2, [3, 1]]]
4365. [[1, [2, 3]], [2, [3, 4]]]
4366. [[1, [2, 3]], [2, [4, 1]]]
4367. [[1, [2, 3]], [2, [4, 3]]]
4368. [[1, [2, 3]], [2, [4, 5]]]
4369. [[1, [2, 3]], [3, [2, 1]]]
4370. [[1, [2, 3]], [3, [2, 4]]]
4371. [[1, [2, 3]], [3, [4, 1]]]
4372. [[1, [2, 3]], [3, [4, 2]]]
4373. [[1, [2, 3]], [3, [4, 5]]]
4374. [[1, [2, 3]], [4, [2, 3]]]
4375. [[1, [2, 3]], [4, [2, 5]]]
4376. [[1, [2, 3]], [4, [3, 2]]]
4377. [[1, [2, 3]], [4, [3, 5]]]
4378. [[1, [2, 3]], [4, [5, 3]]]
4379. [[1, [2, 3]], [4, [5, 6]]]
4380. [[1, [1, 1]], [[1, 1], 1]]
4381. [[1, [1, 1]], [[1, 1], 2]]
4382. [[1, [1, 1]], [[1, 2], 1]]
4383. [[1, [1, 1]], [[1, 2], 2]]
4384. [[1, [1, 1]], [[1, 2], 3]]
4385. [[1, [1, 1]], [[2, 1], 1]]
4386. [[1, [1, 1]], [[2, 1], 2]]
4387. [[1, [1, 1]], [[2, 1], 3]]
4388. [[1, [1, 1]], [[2, 2], 1]]
4389. [[1, [1, 1]], [[2, 2], 2]]
4390. [[1, [1, 1]], [[2, 2], 3]]
4391. [[1, [1, 1]], [[2, 3], 1]]
4392. [[1, [1, 1]], [[2, 3], 2]]
4393. [[1, [1, 1]], [[2, 3], 3]]
4394. [[1, [1, 1]], [[2, 3], 4]]
4395. [[1, [1, 2]], [[1, 1], 1]]
4396. [[1, [1, 2]], [[1, 1], 2]]
4397. [[1, [1, 2]], [[1, 1], 3]]
4398. [[1, [1, 2]], [[1, 2], 1]]
4399. [[1, [1, 2]], [[1, 2], 2]]
4400. [[1, [1, 2]], [[1, 2], 3]]
4401. [[1, [1, 2]], [[1, 3], 1]]
4402. [[1, [1, 2]], [[1, 3], 2]]
4403. [[1, [1, 2]], [[1, 3], 3]]
4404. [[1, [1, 2]], [[1, 3], 4]]
4405. [[1, [1, 2]], [[2, 1], 1]]
4406. [[1, [1, 2]], [[2, 1], 2]]
4407. [[1, [1, 2]], [[2, 1], 3]]
4408. [[1, [1, 2]], [[2, 2], 1]]
4409. [[1, [1, 2]], [[2, 2], 2]]
4410. [[1, [1, 2]], [[2, 2], 3]]
4411. [[1, [1, 2]], [[2, 3], 1]]
4412. [[1, [1, 2]], [[2, 3], 2]]
4413. [[1, [1, 2]], [[2, 3], 3]]
4414. [[1, [1, 2]], [[2, 3], 4]]
4415. [[1, [1, 2]], [[3, 1], 1]]
4416. [[1, [1, 2]], [[3, 1], 2]]
4417. [[1, [1, 2]], [[3, 1], 3]]
4418. [[1, [1, 2]], [[3, 1], 4]]
4419. [[1, [1, 2]], [[3, 2], 1]]
4420. [[1, [1, 2]], [[3, 2], 2]]
4421. [[1, [1, 2]], [[3, 2], 3]]
4422. [[1, [1, 2]], [[3, 2], 4]]
4423. [[1, [1, 2]], [[3, 3], 1]]
4424. [[1, [1, 2]], [[3, 3], 2]]
4425. [[1, [1, 2]], [[3, 3], 3]]
4426. [[1, [1, 2]], [[3, 3], 4]]
4427. [[1, [1, 2]], [[3, 4], 1]]
4428. [[1, [1, 2]], [[3, 4], 2]]
4429. [[1, [1, 2]], [[3, 4], 3]]
4430. [[1, [1, 2]], [[3, 4], 4]]
4431. [[1, [1, 2]], [[3, 4], 5]]
4432. [[1, [2, 1]], [[1, 1], 1]]
4433. [[1, [2, 1]], [[1, 1], 2]]
4434. [[1, [2, 1]], [[1, 1], 3]]
4435. [[1, [2, 1]], [[1, 2], 1]]
4436. [[1, [2, 1]], [[1, 2], 2]]
4437. [[1, [2, 1]], [[1, 2], 3]]
4438. [[1, [2, 1]], [[1, 3], 1]]
4439. [[1, [2, 1]], [[1, 3], 2]]
4440. [[1, [2, 1]], [[1, 3], 3]]
4441. [[1, [2, 1]], [[1, 3], 4]]
4442. [[1, [2, 1]], [[2, 1], 1]]
4443. [[1, [2, 1]], [[2, 1], 2]]
4444. [[1, [2, 1]], [[2, 1], 3]]
4445. [[1, [2, 1]], [[2, 2], 1]]
4446. [[1, [2, 1]], [[2, 2], 2]]
4447. [[1, [2, 1]], [[2, 2], 3]]
4448. [[1, [2, 1]], [[2, 3], 1]]
4449. [[1, [2, 1]], [[2, 3], 2]]
4450. [[1, [2, 1]], [[2, 3], 3]]
4451. [[1, [2, 1]], [[2, 3], 4]]
4452. [[1, [2, 1]], [[3, 1], 1]]
4453. [[1, [2, 1]], [[3, 1], 2]]
4454. [[1, [2, 1]], [[3, 1], 3]]
4455. [[1, [2, 1]], [[3, 1], 4]]
4456. [[1, [2, 1]], [[3, 2], 1]]
4457. [[1, [2, 1]], [[3, 2], 2]]
4458. [[1, [2, 1]], [[3, 2], 3]]
4459. [[1, [2, 1]], [[3, 2], 4]]
4460. [[1, [2, 1]], [[3, 3], 1]]
4461. [[1, [2, 1]], [[3, 3], 2]]
4462. [[1, [2, 1]], [[3, 3], 3]]
4463. [[1, [2, 1]], [[3, 3], 4]]
4464. [[1, [2, 1]], [[3, 4], 1]]
4465. [[1, [2, 1]], [[3, 4], 2]]
4466. [[1, [2, 1]], [[3, 4], 3]]
4467. [[1, [2, 1]], [[3, 4], 4]]
4468. [[1, [2, 1]], [[3, 4], 5]]
4469. [[1, [2, 2]], [[1, 1], 1]]
4470. [[1, [2, 2]], [[1, 1], 2]]
4471. [[1, [2, 2]], [[1, 1], 3]]
4472. [[1, [2, 2]], [[1, 2], 1]]
4473. [[1, [2, 2]], [[1, 2], 2]]
4474. [[1, [2, 2]], [[1, 2], 3]]
4475. [[1, [2, 2]], [[1, 3], 1]]
4476. [[1, [2, 2]], [[1, 3], 2]]
4477. [[1, [2, 2]], [[1, 3], 3]]
4478. [[1, [2, 2]], [[1, 3], 4]]
4479. [[1, [2, 2]], [[2, 1], 1]]
4480. [[1, [2, 2]], [[2, 1], 2]]
4481. [[1, [2, 2]], [[2, 1], 3]]
4482. [[1, [2, 2]], [[2, 2], 1]]
4483. [[1, [2, 2]], [[2, 2], 2]]
4484. [[1, [2, 2]], [[2, 2], 3]]
4485. [[1, [2, 2]], [[2, 3], 1]]
4486. [[1, [2, 2]], [[2, 3], 2]]
4487. [[1, [2, 2]], [[2, 3], 3]]
4488. [[1, [2, 2]], [[2, 3], 4]]
4489. [[1, [2, 2]], [[3, 1], 1]]
4490. [[1, [2, 2]], [[3, 1], 2]]
4491. [[1, [2, 2]], [[3, 1], 3]]
4492. [[1, [2, 2]], [[3, 1], 4]]
4493. [[1, [2, 2]], [[3, 2], 1]]
4494. [[1, [2, 2]], [[3, 2], 2]]
4495. [[1, [2, 2]], [[3, 2], 3]]
4496. [[1, [2, 2]], [[3, 2], 4]]
4497. [[1, [2, 2]], [[3, 3], 1]]
4498. [[1, [2, 2]], [[3, 3], 2]]
4499. [[1, [2, 2]], [[3, 3], 3]]
4500. [[1, [2, 2]], [[3, 3], 4]]
4501. [[1, [2, 2]], [[3, 4], 1]]
4502. [[1, [2, 2]], [[3, 4], 2]]
4503. [[1, [2, 2]], [[3, 4], 3]]
4504. [[1, [2, 2]], [[3, 4], 4]]
4505. [[1, [2, 2]], [[3, 4], 5]]
4506. [[1, [2, 3]], [[1, 1], 1]]
4507. [[1, [2, 3]], [[1, 1], 2]]
4508. [[1, [2, 3]], [[1, 1], 3]]
4509. [[1, [2, 3]], [[1, 1], 4]]
4510. [[1, [2, 3]], [[1, 2], 1]]
4511. [[1, [2, 3]], [[1, 2], 2]]
4512. [[1, [2, 3]], [[1, 2], 3]]
4513. [[1, [2, 3]], [[1, 2], 4]]
4514. [[1, [2, 3]], [[1, 3], 1]]
4515. [[1, [2, 3]], [[1, 3], 2]]
4516. [[1, [2, 3]], [[1, 3], 3]]
4517. [[1, [2, 3]], [[1, 3], 4]]
4518. [[1, [2, 3]], [[1, 4], 1]]
4519. [[1, [2, 3]], [[1, 4], 2]]
4520. [[1, [2, 3]], [[1, 4], 3]]
4521. [[1, [2, 3]], [[1, 4], 4]]
4522. [[1, [2, 3]], [[1, 4], 5]]
4523. [[1, [2, 3]], [[2, 1], 1]]
4524. [[1, [2, 3]], [[2, 1], 2]]
4525. [[1, [2, 3]], [[2, 1], 3]]
4526. [[1, [2, 3]], [[2, 1], 4]]
4527. [[1, [2, 3]], [[2, 2], 1]]
4528. [[1, [2, 3]], [[2, 2], 2]]
4529. [[1, [2, 3]], [[2, 2], 3]]
4530. [[1, [2, 3]], [[2, 2], 4]]
4531. [[1, [2, 3]], [[2, 3], 1]]
4532. [[1, [2, 3]], [[2, 3], 2]]
4533. [[1, [2, 3]], [[2, 3], 3]]
4534. [[1, [2, 3]], [[2, 3], 4]]
4535. [[1, [2, 3]], [[2, 4], 1]]
4536. [[1, [2, 3]], [[2, 4], 2]]
4537. [[1, [2, 3]], [[2, 4], 3]]
4538. [[1, [2, 3]], [[2, 4], 4]]
4539. [[1, [2, 3]], [[2, 4], 5]]
4540. [[1, [2, 3]], [[3, 1], 1]]
4541. [[1, [2, 3]], [[3, 1], 2]]
4542. [[1, [2, 3]], [[3, 1], 3]]
4543. [[1, [2, 3]], [[3, 1], 4]]
4544. [[1, [2, 3]], [[3, 2], 1]]
4545. [[1, [2, 3]], [[3, 2], 2]]
4546. [[1, [2, 3]], [[3, 2], 3]]
4547. [[1, [2, 3]], [[3, 2], 4]]
4548. [[1, [2, 3]], [[3, 3], 1]]
4549. [[1, [2, 3]], [[3, 3], 2]]
4550. [[1, [2, 3]], [[3, 3], 3]]
4551. [[1, [2, 3]], [[3, 3], 4]]
4552. [[1, [2, 3]], [[3, 4], 1]]
4553. [[1, [2, 3]], [[3, 4], 2]]
4554. [[1, [2, 3]], [[3, 4], 3]]
4555. [[1, [2, 3]], [[3, 4], 4]]
4556. [[1, [2, 3]], [[3, 4], 5]]
4557. [[1, [2, 3]], [[4, 1], 1]]
4558. [[1, [2, 3]], [[4, 1], 2]]
4559. [[1, [2, 3]], [[4, 1], 3]]
4560. [[1, [2, 3]], [[4, 1], 4]]
4561. [[1, [2, 3]], [[4, 1], 5]]
4562. [[1, [2, 3]], [[4, 2], 1]]
4563. [[1, [2, 3]], [[4, 2], 2]]
4564. [[1, [2, 3]], [[4, 2], 3]]
4565. [[1, [2, 3]], [[4, 2], 4]]
4566. [[1, [2, 3]], [[4, 2], 5]]
4567. [[1, [2, 3]], [[4, 3], 1]]
4568. [[1, [2, 3]], [[4, 3], 2]]
4569. [[1, [2, 3]], [[4, 3], 3]]
4570. [[1, [2, 3]], [[4, 3], 4]]
4571. [[1, [2, 3]], [[4, 3], 5]]
4572. [[1, [2, 3]], [[4, 4], 1]]
4573. [[1, [2, 3]], [[4, 4], 2]]
4574. [[1, [2, 3]], [[4, 4], 3]]
4575. [[1, [2, 3]], [[4, 4], 4]]
4576. [[1, [2, 3]], [[4, 4], 5]]
4577. [[1, [2, 3]], [[4, 5], 1]]
4578. [[1, [2, 3]], [[4, 5], 2]]
4579. [[1, [2, 3]], [[4, 5], 3]]
4580. [[1, [2, 3]], [[4, 5], 4]]
4581. [[1, [2, 3]], [[4, 5], 5]]
4582. [[1, [2, 3]], [[4, 5], 6]]
4583. [[[1, 1], 1], [[1, 1], 2]]
4584. [[[1, 1], 1], [[1, 2], 1]]
4585. [[[1, 1], 1], [[1, 2], 2]]
4586. [[[1, 1], 1], [[1, 2], 3]]
4587. [[[1, 1], 1], [[2, 1], 1]]
4588. [[[1, 1], 1], [[2, 1], 2]]
4589. [[[1, 1], 1], [[2, 1], 3]]
4590. [[[1, 1], 1], [[2, 2], 1]]
4591. [[[1, 1], 1], [[2, 2], 2]]
4592. [[[1, 1], 1], [[2, 2], 3]]
4593. [[[1, 1], 1], [[2, 3], 1]]
4594. [[[1, 1], 1], [[2, 3], 2]]
4595. [[[1, 1], 1], [[2, 3], 3]]
4596. [[[1, 1], 1], [[2, 3], 4]]
4597. [[[1, 1], 2], [[1, 1], 3]]
4598. [[[1, 1], 2], [[1, 2], 1]]
4599. [[[1, 1], 2], [[1, 2], 2]]
4600. [[[1, 1], 2], [[1, 2], 3]]
4601. [[[1, 1], 2], [[1, 3], 1]]
4602. [[[1, 1], 2], [[1, 3], 2]]
4603. [[[1, 1], 2], [[1, 3], 3]]
4604. [[[1, 1], 2], [[1, 3], 4]]
4605. [[[1, 1], 2], [[2, 1], 1]]
4606. [[[1, 1], 2], [[2, 1], 2]]
4607. [[[1, 1], 2], [[2, 1], 3]]
4608. [[[1, 1], 2], [[2, 2], 1]]
4609. [[[1, 1], 2], [[2, 2], 3]]
4610. [[[1, 1], 2], [[2, 3], 1]]
4611. [[[1, 1], 2], [[2, 3], 2]]
4612. [[[1, 1], 2], [[2, 3], 3]]
4613. [[[1, 1], 2], [[2, 3], 4]]
4614. [[[1, 1], 2], [[3, 1], 1]]
4615. [[[1, 1], 2], [[3, 1], 2]]
4616. [[[1, 1], 2], [[3, 1], 3]]
4617. [[[1, 1], 2], [[3, 1], 4]]
4618. [[[1, 1], 2], [[3, 2], 1]]
4619. [[[1, 1], 2], [[3, 2], 2]]
4620. [[[1, 1], 2], [[3, 2], 3]]
4621. [[[1, 1], 2], [[3, 2], 4]]
4622. [[[1, 1], 2], [[3, 3], 2]]
4623. [[[1, 1], 2], [[3, 3], 4]]
4624. [[[1, 1], 2], [[3, 4], 1]]
4625. [[[1, 1], 2], [[3, 4], 2]]
4626. [[[1, 1], 2], [[3, 4], 3]]
4627. [[[1, 1], 2], [[3, 4], 4]]
4628. [[[1, 1], 2], [[3, 4], 5]]
4629. [[[1, 2], 1], [[1, 2], 2]]
4630. [[[1, 2], 1], [[1, 2], 3]]
4631. [[[1, 2], 1], [[1, 3], 1]]
4632. [[[1, 2], 1], [[1, 3], 2]]
4633. [[[1, 2], 1], [[1, 3], 3]]
4634. [[[1, 2], 1], [[1, 3], 4]]
4635. [[[1, 2], 1], [[2, 1], 1]]
4636. [[[1, 2], 1], [[2, 1], 2]]
4637. [[[1, 2], 1], [[2, 1], 3]]
4638. [[[1, 2], 1], [[2, 3], 1]]
4639. [[[1, 2], 1], [[2, 3], 2]]
4640. [[[1, 2], 1], [[2, 3], 3]]
4641. [[[1, 2], 1], [[2, 3], 4]]
4642. [[[1, 2], 1], [[3, 1], 1]]
4643. [[[1, 2], 1], [[3, 1], 2]]
4644. [[[1, 2], 1], [[3, 1], 4]]
4645. [[[1, 2], 1], [[3, 2], 1]]
4646. [[[1, 2], 1], [[3, 2], 2]]
4647. [[[1, 2], 1], [[3, 2], 3]]
4648. [[[1, 2], 1], [[3, 2], 4]]
4649. [[[1, 2], 1], [[3, 4], 1]]
4650. [[[1, 2], 1], [[3, 4], 2]]
4651. [[[1, 2], 1], [[3, 4], 3]]
4652. [[[1, 2], 1], [[3, 4], 4]]
4653. [[[1, 2], 1], [[3, 4], 5]]
4654. [[[1, 2], 2], [[1, 2], 3]]
4655. [[[1, 2], 2], [[1, 3], 2]]
4656. [[[1, 2], 2], [[1, 3], 3]]
4657. [[[1, 2], 2], [[1, 3], 4]]
4658. [[[1, 2], 2], [[2, 1], 1]]
4659. [[[1, 2], 2], [[2, 1], 3]]
4660. [[[1, 2], 2], [[2, 3], 1]]
4661. [[[1, 2], 2], [[2, 3], 3]]
4662. [[[1, 2], 2], [[2, 3], 4]]
4663. [[[1, 2], 2], [[3, 1], 2]]
4664. [[[1, 2], 2], [[3, 1], 4]]
4665. [[[1, 2], 2], [[3, 2], 1]]
4666. [[[1, 2], 2], [[3, 2], 2]]
4667. [[[1, 2], 2], [[3, 2], 4]]
4668. [[[1, 2], 2], [[3, 4], 1]]
4669. [[[1, 2], 2], [[3, 4], 2]]
4670. [[[1, 2], 2], [[3, 4], 4]]
4671. [[[1, 2], 2], [[3, 4], 5]]
4672. [[[1, 2], 3], [[1, 2], 4]]
4673. [[[1, 2], 3], [[1, 3], 2]]
4674. [[[1, 2], 3], [[1, 3], 4]]
4675. [[[1, 2], 3], [[1, 4], 3]]
4676. [[[1, 2], 3], [[1, 4], 5]]
4677. [[[1, 2], 3], [[2, 1], 3]]
4678. [[[1, 2], 3], [[2, 1], 4]]
4679. [[[1, 2], 3], [[2, 3], 1]]
4680. [[[1, 2], 3], [[2, 3], 4]]
4681. [[[1, 2], 3], [[2, 4], 1]]
4682. [[[1, 2], 3], [[2, 4], 3]]
4683. [[[1, 2], 3], [[2, 4], 5]]
4684. [[[1, 2], 3], [[3, 2], 1]]
4685. [[[1, 2], 3], [[3, 2], 4]]
4686. [[[1, 2], 3], [[3, 4], 1]]
4687. [[[1, 2], 3], [[3, 4], 2]]
4688. [[[1, 2], 3], [[3, 4], 5]]
4689. [[[1, 2], 3], [[4, 2], 3]]
4690. [[[1, 2], 3], [[4, 2], 5]]
4691. [[[1, 2], 3], [[4, 3], 2]]
4692. [[[1, 2], 3], [[4, 3], 5]]
4693. [[[1, 2], 3], [[4, 5], 3]]
4694. [[[1, 2], 3], [[4, 5], 6]]
